Record,Location,X,Y,lon,lat,Date,Time,Environment,Road_Surface,Traffic_Control,Collision_Location,Light,Collision_Classification,Impact_type,Neighborhood
201,CARLING AVE @ FAIRLAWN AVE/WOODROFFE AVE E,361934.6841,5025830.528,-75.77058762,45.37008852,2014-01-31,13:05,01 - Clear,02 - Wet,01 - Traffic signal,03 - At intersection,01 - Daylight,02 - Non-fatal injury,05 - Turning movement,Carlingwood West - Glabar Park - McKellar Heights
202,CARP RD btwn THOMAS A. DOLAN PKWY & NORMA LANE,336693.7586,5025918.056,-76.0928099,45.37247941,2014-01-27,16:09,05 - Drifting Snow,03 - Loose snow,10 - No control,01 - Non intersection,01 - Daylight,02 - Non-fatal injury,01 - Approaching,Carp - Hardwood Plains
203,WALKLEY RD @ DON REID DR/RYDER ST,372603.3111,5027284.537,-75.63420091,45.38222018,2014-01-22,8:24,01 - Clear,01 - Dry,01 - Traffic signal,02 - Intersection related,01 - Daylight,02 - Non-fatal injury,03 - Rear end,Playfair Park - Lynda Park - Guildwood Estates
204,BANK ST btwn BLAIS RD & RIDEAU RD,376166.7467,5019703.973,-75.58979794,45.31365982,2014-01-15,7:52,03 - Snow,01 - Dry,10 - No control,04 - At/near private drive,03 - Dawn,02 - Non-fatal injury,03 - Rear end,Greenbelt
205,LEITRIM RD btwn LIMEBANK RD & HIGH RD,370647.9112,5018649.904,-75.66031658,45.30471476,2014-01-09,10:28,01 - Clear,06 - Ice,10 - No control,01 - Non intersection,01 - Daylight,02 - Non-fatal injury,07 - SMV other,Gloucester
206,MCCORDICK RD @ POLLOCK RD,362553.1441,5000715.158,-75.76561164,45.14404782,2014-01-27,14:24,05 - Drifting Snow,05 - Packed snow,02 - Stop sign,03 - At intersection,01 - Daylight,02 - Non-fatal injury,02 - Angle,Munster Hamlet - Richmond
207,DALHOUSIE ST @ RIDEAU ST,368206.7091,5032228.342,-75.68970077,45.42711472,2014-01-29,16:10,01 - Clear,02 - Wet,01 - Traffic signal,03 - At intersection,01 - Daylight,02 - Non-fatal injury,07 - SMV other,Byward Market - Parliament Hill
208,CARLING AVE WB btwn HOLLY ACRES RD & MAPLEHURST AVE,358481.5757,5023670.978,-75.81490317,45.35092988,2014-01-29,16:30,01 - Clear,02 - Wet,10 - No control,01 - Non intersection,05 - Dusk,02 - Non-fatal injury,03 - Rear end,Bayshore
209,WOODROFFE AVE btwn GRENFELL CRES & 260 N OF FALLOWFIELD RD/TRANSITWAY ,364970.6909,5018203.447,-75.73275907,45.30120683,2014-01-31,14:51,01 - Clear,02 - Wet,08 - Traffic gate,05 - At railway crossing,01 - Daylight,02 - Non-fatal injury,03 - Rear end,Greenbelt
210,WOODROFFE AVE btwn KNOXDALE RD/MEDHURST DR & NORICE ST,363272.6684,5022197.843,-75.75393725,45.33729162,2014-01-24,19:05,01 - Clear,01 - Dry,10 - No control,01 - Non intersection,07 - Dark,02 - Non-fatal injury,03 - Rear end,Tanglewood
211,STRANDHERD DR @ LONGFIELDS DR,364548.3366,5015172.377,-75.73850909,45.27396939,2014-01-28,22:00,01 - Clear,01 - Dry,01 - Traffic signal,03 - At intersection,07 - Dark,02 - Non-fatal injury,02 - Angle,New Barrhaven
212,HAZELDEAN RD btwn EDGEWATER ST & YOUNG RD,352406.3755,5017425.027,-75.89303209,45.29516623,2014-01-31,14:40,01 - Clear,02 - Wet,10 - No control,01 - Non intersection,01 - Daylight,02 - Non-fatal injury,03 - Rear end,Glen Cairn - Kanata South Business Park
213,MAITLAND AVE btwn HWY417 IC126 RAMP63 & HWY417 IC126 RAMP52,363186.0437,5025880.55,-75.75460752,45.37043548,2014-02-10,17:54,01 - Clear,02 - Wet,10 - No control,07 - Overpass or bridge,07 - Dark,02 - Non-fatal injury,03 - Rear end,Carlingwood West - Glabar Park - McKellar Heights
214,BASELINE RD btwn PENDER ST & HENRY FARM DR,363990.9737,5024658.115,-75.74447861,45.35936866,2014-02-10,18:20,01 - Clear,06 - Ice,10 - No control,01 - Non intersection,07 - Dark,02 - Non-fatal injury,07 - SMV other,Crestview - Meadowlands
215,INNES RD EB btwn INNES RD & INNES RD W,377162.8016,5032160.655,-75.57527136,45.4256365,2014-01-19,16:59,03 - Snow,03 - Loose snow,10 - No control,01 - Non intersection,05 - Dusk,02 - Non-fatal injury,07 - SMV other,Greenbelt
216,FALLOWFIELD RD btwn EAGLESON RD & RICHMOND RD,356335.2716,5012729.006,-75.8434304,45.25263332,2014-01-30,5:02,01 - Clear,06 - Ice,10 - No control,01 - Non intersection,07 - Dark,02 - Non-fatal injury,07 - SMV other,Munster Hamlet - Richmond
217,REGIONAL ROAD 174 btwn OR174 IC109 RAMP54 & OR174 IC109 RAMP55,376391.3832,5034810.736,-75.58474267,45.44955968,2014-01-24,3:09,01 - Clear,01 - Dry,10 - No control,01 - Non intersection,07 - Dark,02 - Non-fatal injury,07 - SMV other,Greenbelt
218,GILMOUR ST @ O'CONNOR ST,367944.1853,5030870.466,-75.69322936,45.41492076,2014-02-05,17:23,01 - Clear,04 - Slush,01 - Traffic signal,03 - At intersection,07 - Dark,02 - Non-fatal injury,04 - Sideswipe,Centretown
219,MARIER AVE @ MONTREAL RD,370419.2344,5033260.643,-75.66129146,45.43619886,2014-02-01,21:00,03 - Snow,03 - Loose snow,01 - Traffic signal,02 - Intersection related,07 - Dark,02 - Non-fatal injury,02 - Angle,Vanier South
220,LABELLE ST/RAMP @ LEMIEUX ST/HWY417 IC115 RAMP,372541.1986,5031689.633,-75.63438887,45.42186132,2014-02-08,12:44,01 - Clear,01 - Dry,02 - Stop sign,03 - At intersection,01 - Daylight,02 - Non-fatal injury,02 - Angle,Cummings
221,MACLAREN ST btwn LYON ST N & KENT ST,367517.5147,5030707.045,-75.69870104,45.41348872,2014-02-11,7:54,01 - Clear,05 - Packed snow,10 - No control,04 - At/near private drive,01 - Daylight,02 - Non-fatal injury,02 - Angle,Centretown
222,FLOWER AVE @ WOODROFFE AVE,361811.2062,5026114.583,-75.7721311,45.37265448,2014-02-11,12:30,01 - Clear,01 - Dry,02 - Stop sign,03 - At intersection,01 - Daylight,02 - Non-fatal injury,07 - SMV other,Carlingwood - McKellar Park - Laurentien View
223,GREENBANK RD btwn WEST HUNT CLUB RD & FALLOWFIELD RD,362880.726,5017197.141,-75.75952395,45.29232799,2014-02-01,21:35,03 - Snow,03 - Loose snow,10 - No control,01 - Non intersection,07 - Dark,02 - Non-fatal injury,01 - Approaching,Greenbelt
224,HWY 417 NICHOLAS IC118R54 @ LEES AVE,369354.71,5030768.936,-75.67522275,45.41387852,2014-01-17,9:50,03 - Snow,02 - Wet,02 - Stop sign,03 - At intersection,01 - Daylight,02 - Non-fatal injury,02 - Angle,Old Ottawa East
225,BLAIR RD btwn SEGUIN ST & MOWAT ST,374129.2848,5034166.718,-75.61374959,45.44399322,2014-02-02,7:13,01 - Clear,03 - Loose snow,10 - No control,04 - At/near private drive,01 - Daylight,02 - Non-fatal injury,99 - Other,Beacon Hill South - Cardinal Heights
226,BANK ST btwn SIEVERIGHT AVE & ATHANS AVE,372334.1247,5024079.427,-75.63807595,45.35340781,2014-02-05,17:17,01 - Clear,03 - Loose snow,10 - No control,01 - Non intersection,05 - Dusk,02 - Non-fatal injury,99 - Other,Blossom Park - Blossom Park West - Sawmill Creek/ Timbermill
227,EAGLESON RD @ COPE DR/CADENCE GT,354619.2005,5016027.427,-75.86496125,45.28243692,2014-02-07,20:45,01 - Clear,01 - Dry,01 - Traffic signal,03 - At intersection,07 - Dark,02 - Non-fatal injury,05 - Turning movement,Bridlewood - Emerald Meadows
228,DONALD B. MUNRO DR btwn VAUGHAN SIDE RD & DIAMONDVIEW RD,337440.7519,5021544.774,-76.08356194,45.33309234,2014-01-25,12:20,03 - Snow,03 - Loose snow,10 - No control,01 - Non intersection,01 - Daylight,02 - Non-fatal injury,03 - Rear end,Carp - Hardwood Plains
229,WEST HUNT CLUB RD @ ANTARES DR/LASER ST,367108.1852,5022081.502,-75.70501848,45.33591468,2014-02-01,10:51,01 - Clear,01 - Dry,01 - Traffic signal,02 - Intersection related,01 - Daylight,02 - Non-fatal injury,03 - Rear end,Industrial Park
230,WEST HUNT CLUB RD @ WOODROFFE AVE,363669.2692,5021243.645,-75.74899089,45.32867266,2014-02-04,16:21,02 - Rain,02 - Wet,01 - Traffic signal,02 - Intersection related,01 - Daylight,02 - Non-fatal injury,03 - Rear end,Woodvale - Craig Henry - Manordale - Estates of Arlington Wo
231,KING EDWARD AVE @ SOMERSET ST/MARIE CURIE PRIV,368957.2033,5031673.831,-75.68018311,45.422057,2014-01-23,18:56,01 - Clear,01 - Dry,01 - Traffic signal,03 - At intersection,07 - Dark,02 - Non-fatal injury,07 - SMV other,Sandy Hill
232,WOODROFFE AVE btwn ADIRONDACK DR & FIRESTATION,362485.4619,5023937.699,-75.76377761,45.3530119,2014-02-06,14:05,01 - Clear,02 - Wet,10 - No control,01 - Non intersection,01 - Daylight,02 - Non-fatal injury,03 - Rear end,Iris
233,OTTAWA RIVER PKWY OFFR-EB @ PARKDALE AVE,364683.9571,5030331.689,-75.73494575,45.41035957,2014-01-31,7:25,01 - Clear,02 - Wet,03 - Yield sign,03 - At intersection,03 - Dawn,02 - Non-fatal injury,04 - Sideswipe,Tunney's Pasture
234,FALLOWFIELD RD @ 482 E OF HOLITMAN DR/BARRHAVE,364166.5163,5017377.089,-75.74311118,45.29383971,2014-01-27,11:27,03 - Snow,03 - Loose snow,01 - Traffic signal,03 - At intersection,01 - Daylight,02 - Non-fatal injury,02 - Angle,New Barrhaven
235,RIOCAN AVE @ STRANDHERD DR,364172.6827,5014942.677,-75.74332383,45.27193437,2014-02-03,11:50,01 - Clear,01 - Dry,01 - Traffic signal,03 - At intersection,01 - Daylight,02 - Non-fatal injury,05 - Turning movement,New Barrhaven
236,PLEASANT PARK RD @ ALTA VISTA DR,370365.7231,5028467.802,-75.66261297,45.39307978,2014-02-10,8:03,01 - Clear,02 - Wet,01 - Traffic signal,03 - At intersection,01 - Daylight,02 - Non-fatal injury,05 - Turning movement,Alta Vista
237,VANIER PKWY/CRICHTON ST @ BEECHWOOD AVE/ST. PA,369127.162,5033487.004,-75.67777471,45.43835563,2014-02-03,8:49,01 - Clear,03 - Loose snow,01 - Traffic signal,02 - Intersection related,01 - Daylight,02 - Non-fatal injury,03 - Rear end,Vanier North
238,CONROY RD @ WALKLEY RD,372904.1965,5027465.427,-75.63033431,45.38381857,2014-02-01,13:45,03 - Snow,02 - Wet,01 - Traffic signal,02 - Intersection related,01 - Daylight,02 - Non-fatal injury,04 - Sideswipe,Elmvale - Eastway - Riverview - Riverview Park West
239,RIVERSIDE DR SB btwn BILLINGS BRIDGE SC RAMP SB & BANK ST,369208.1804,5027969.328,-75.6774603,45.3887021,2014-02-03,13:03,01 - Clear,02 - Wet,10 - No control,01 - Non intersection,01 - Daylight,02 - Non-fatal injury,03 - Rear end,Alta Vista
240,WILKIE DR btwn CARRIGAN DR & SIMONEAU WAY,384286.083,5037252.178,-75.48343367,45.47067228,2014-01-24,15:10,01 - Clear,05 - Packed snow,10 - No control,01 - Non intersection,01 - Daylight,02 - Non-fatal injury,06 - SMV unattended vehicle,Fallingbrook
241,MCCARTHY RD @ WALKLEY RD,369247.3476,5025300.522,-75.67730846,45.36468538,2014-02-08,20:45,01 - Clear,02 - Wet,01 - Traffic signal,03 - At intersection,07 - Dark,02 - Non-fatal injury,05 - Turning movement,Riverside Park
242,HIGHWAY 417 btwn HWY417 IC126 RAMP61 & HWY417 IC124 RAMP76,364082.2438,5027088.159,-75.7430221,45.38122612,2014-03-17,15:15,01 - Clear,01 - Dry,10 - No control,01 - Non intersection,01 - Daylight,02 - Non-fatal injury,03 - Rear end,Carlingwood West - Glabar Park - McKellar Heights
243,CEDARWOOD DR btwn WALKLEY RD & BAYCREST DR,371123.1758,5026575.045,-75.65319437,45.37597812,2014-02-05,6:33,01 - Clear,01 - Dry,10 - No control,01 - Non intersection,03 - Dawn,02 - Non-fatal injury,99 - Other,Ledbury - Heron Gate - Ridgemont - Elmwood
244,EMPRESS AVE btwn ALBERT ST & END,366583.9316,5030710.605,-75.7106272,45.4136038,2014-02-06,15:42,01 - Clear,04 - Slush,10 - No control,04 - At/near private drive,01 - Daylight,02 - Non-fatal injury,06 - SMV unattended vehicle,Centretown West
245,8TH LINE RD btwn MITCH OWENS RD & RODNEY FARM DR,382443.9112,5018588.668,-75.50992607,45.30295898,2014-02-01,18:42,03 - Snow,05 - Packed snow,10 - No control,04 - At/near private drive,07 - Dark,02 - Non-fatal injury,02 - Angle,Metcalfe
246,HAZELDEAN RD @ CARBROOKE ST/IRWIN GATE,353417.6215,5018265.717,-75.88005731,45.30266171,2014-02-04,17:55,01 - Clear,01 - Dry,01 - Traffic signal,03 - At intersection,07 - Dark,02 - Non-fatal injury,07 - SMV other,Katimavik - Hazeldean
247,HIGHWAY 417 btwn HWY417 IC134 RAMP35 & HWY417 IC134 RAMP25,356868.0852,5022474.795,-75.83561942,45.34028819,2014-04-15,8:00,02 - Rain,02 - Wet,10 - No control,01 - Non intersection,01 - Daylight,02 - Non-fatal injury,03 - Rear end,Greenbelt
248,HUNT CLUB RD @ DOWNPATRICK RD/MCCARTHY RD,370508.2083,5023397.665,-75.66146779,45.34744699,2014-01-02,19:44,01 - Clear,06 - Ice,01 - Traffic signal,03 - At intersection,07 - Dark,02 - Non-fatal injury,05 - Turning movement,Hunt Club East - Western Community
249,BRONSON AVE @ SUNNYSIDE AVE/UNIVERSITY RD - CA,367923.184,5028092.495,-75.69385324,45.38992731,2014-02-03,16:02,01 - Clear,02 - Wet,01 - Traffic signal,02 - Intersection related,01 - Daylight,02 - Non-fatal injury,03 - Rear end,Carleto
250,TERRY FOX DR btwn KANATA AVE & Continuation of TERRY FOX DR,349481.1658,5019114.658,-75.93017349,45.31056215,2014-01-24,7:28,01 - Clear,01 - Dry,10 - No control,01 - Non intersection,03 - Dawn,02 - Non-fatal injury,03 - Rear end,Kanata Lakes - Marchwood Lakeside - Morgan's Grant - Kanata
251,BASELINE RD btwn FARLANE BLVD & ZENA ST,365478.0171,5025594.463,-75.72538454,45.36766663,2014-02-05,15:35,03 - Snow,04 - Slush,10 - No control,01 - Non intersection,01 - Daylight,02 - Non-fatal injury,03 - Rear end,Civic Hospital - Experimental Farm - Central Park
252,DATA CENTRE RD @ HERON RD,368942.1989,5026732.541,-75.68101743,45.37759827,2014-02-04,7:33,01 - Clear,02 - Wet,02 - Stop sign,02 - Intersection related,01 - Daylight,02 - Non-fatal injury,03 - Rear end,Alta Vista
253,RIVERSTONE DR btwn FIELDBERRY PRIV & HEATHERCREST PRIV,365390.5718,5013739.889,-75.72795055,45.26100782,2014-01-23,3:23,01 - Clear,01 - Dry,10 - No control,01 - Non intersection,07 - Dark,02 - Non-fatal injury,07 - SMV other,New Barrhaven
254,STITTSVILLE MAIN ST/HUNTLEY RD @ FLEWELLYN RD,351416.8812,5010741.443,-75.90627445,45.23509154,2014-02-10,11:06,01 - Clear,01 - Dry,02 - Stop sign,03 - At intersection,01 - Daylight,02 - Non-fatal injury,02 - Angle,Healey's Heath
255,BOUNDARY RD btwn DEVINE RD & PARKWAY RD,388763.3324,5020403.091,-75.42905034,45.31855675,2014-02-01,16:18,03 - Snow,05 - Packed snow,10 - No control,01 - Non intersection,01 - Daylight,02 - Non-fatal injury,07 - SMV other,Navan - Vars
256,MARCH RD @ MORGAN'S GRANT WAY/SHIRLEY'S BROOK ,349661.1353,5023616.562,-75.92747042,45.35105994,2014-01-21,18:07,01 - Clear,01 - Dry,01 - Traffic signal,03 - At intersection,07 - Dark,02 - Non-fatal injury,05 - Turning movement,Morgan's Grant
257,RIVERSIDE DR SB btwn TERMINAL AVE & Continuation of RIVERSIDE DR,370692.7755,5030668.383,-75.65814236,45.41284907,2014-02-05,9:12,01 - Clear,02 - Wet,10 - No control,01 - Non intersection,01 - Daylight,02 - Non-fatal injury,03 - Rear end,Industrial Park
258,RIVERSIDE DR NB btwn INDUSTRIAL AVE & TREMBLAY RD,370790.9247,5030925.414,-75.65685411,45.41515248,2014-02-07,18:30,01 - Clear,01 - Dry,10 - No control,01 - Non intersection,07 - Dark,02 - Non-fatal injury,03 - Rear end,Industrial Park
259,RIVERSIDE DR @ HERON RD,368121.1049,5026647.475,-75.6915112,45.37690756,2014-02-04,8:33,01 - Clear,02 - Wet,01 - Traffic signal,02 - Intersection related,01 - Daylight,02 - Non-fatal injury,03 - Rear end,Riverside Park
260,ROCKCLIFFE PKWY btwn GL/OT BOUNDARY & ST. JOSEPH BLVD,376863.4885,5037058.877,-75.57837834,45.46973844,2014-06-19,20:30,01 - Clear,01 - Dry,10 - No control,01 - Non intersection,05 - Dusk,02 - Non-fatal injury,07 - SMV other,Greenbelt
261,RICHMOND RD @ EDGEWORTH AVE/MCEWEN AVE,361075.6826,5025883.782,-75.78154716,45.3706372,2014-02-11,17:49,01 - Clear,01 - Dry,01 - Traffic signal,02 - Intersection related,05 - Dusk,02 - Non-fatal injury,07 - SMV other,Woodroffe - Lincoln Heights
262,INDUSTRIAL AVE/INNES RD @ ST. LAURENT BLVD,373100.316,5030007.077,-75.62747835,45.40666811,2014-01-28,13:09,01 - Clear,02 - Wet,01 - Traffic signal,02 - Intersection related,01 - Daylight,02 - Non-fatal injury,03 - Rear end,Industrial Park
263,RAMSAYVILLE RD @ RIDGE RD,376683.2388,5028864.804,-75.58187955,45.3960318,2014-02-10,8:15,01 - Clear,01 - Dry,02 - Stop sign,02 - Intersection related,01 - Daylight,02 - Non-fatal injury,03 - Rear end,Greenbelt
264,HARNETT RD btwn GALLAGHER RD & MULHOLLAND RD,362680.9625,4990518.516,-75.76516429,45.05228462,2014-01-27,9:11,03 - Snow,03 - Loose snow,10 - No control,01 - Non intersection,01 - Daylight,02 - Non-fatal injury,01 - Approaching,Munster Hamlet - Richmond
265,MERIVALE RD @ BONGARD AVE,365870.2789,5021314.54,-75.7209059,45.32912249,2014-02-04,5:30,01 - Clear,03 - Loose snow,02 - Stop sign,03 - At intersection,07 - Dark,02 - Non-fatal injury,02 - Angle,Merivale Gardens - Grenfell Glen - Pineglen - Country Place
266,ALBION RD @ LESTER RD,372694.2693,5022330.6,-75.63372008,45.3376377,2014-02-05,12:26,03 - Snow,03 - Loose snow,01 - Traffic signal,03 - At intersection,01 - Daylight,02 - Non-fatal injury,02 - Angle,Greenbelt
267,ALBERT ST @ BOOTH ST,366428.1862,5030626.82,-75.71262734,45.41286366,2014-02-07,16:05,01 - Clear,01 - Dry,01 - Traffic signal,02 - Intersection related,01 - Daylight,02 - Non-fatal injury,03 - Rear end,Centretown West
268,SOMERSET ST    W btwn BECKINGTON PRIV & BANK ST,367676.2195,5030906.086,-75.69664818,45.41526538,2014-02-10,17:54,01 - Clear,02 - Wet,10 - No control,04 - At/near private drive,07 - Dark,02 - Non-fatal injury,07 - SMV other,Centretown
269,BANTREE ST @ INNES RD,373707.145,5030406.555,-75.61967132,45.41020295,2014-02-11,7:56,01 - Clear,99 - Other,01 - Traffic signal,02 - Intersection related,01 - Daylight,02 - Non-fatal injury,03 - Rear end,Industrial Park
270,PRETORIA AVE @ QUEEN ELIZABETH DRWY,368665.3867,5030430.211,-75.68407281,45.41089404,2014-01-25,18:51,03 - Snow,05 - Packed snow,10 - No control,02 - Intersection related,07 - Dark,02 - Non-fatal injury,02 - Angle,The Glebe
271,BANK ST @ SUNNYSIDE AVE,368737.0784,5028579.653,-75.68339692,45.39423678,2014-02-24,9:17,01 - Clear,01 - Dry,01 - Traffic signal,02 - Intersection related,01 - Daylight,02 - Non-fatal injury,04 - Sideswipe,Old Ottawa South
272,FALLOWFIELD RD @ GREENBANK RD,363081.1827,5016733.216,-75.75702303,45.28813699,2014-02-21,18:10,01 - Clear,02 - Wet,01 - Traffic signal,03 - At intersection,07 - Dark,02 - Non-fatal injury,05 - Turning movement,Greenbelt
273,AGINCOURT RD @ MAITLAND AVE,363445.2648,5025447.683,-75.75134981,45.36651896,2014-02-23,1:41,01 - Clear,01 - Dry,02 - Stop sign,02 - Intersection related,07 - Dark,02 - Non-fatal injury,07 - SMV other,Braemar Park - Bel Air Heights - Copeland Park
274,HAWTHORNE RD/RUSSELL RD @ WALKLEY RD,374674.2155,5028499.957,-75.60758806,45.39295245,2014-02-17,19:29,01 - Clear,01 - Dry,01 - Traffic signal,03 - At intersection,07 - Dark,02 - Non-fatal injury,05 - Turning movement,Sheffield Glen
275,AGINCOURT RD @ MAITLAND AVE,363447.7005,5025451.287,-75.75131829,45.36655118,2014-02-14,15:07,01 - Clear,02 - Wet,02 - Stop sign,03 - At intersection,01 - Daylight,02 - Non-fatal injury,02 - Angle,Braemar Park - Bel Air Heights - Copeland Park
276,CONROY RD @ HUNT CLUB RD,373763.74,5025405.283,-75.61964722,45.36519819,2014-02-13,9:27,01 - Clear,01 - Dry,01 - Traffic signal,02 - Intersection related,01 - Daylight,02 - Non-fatal injury,03 - Rear end,Greenboro East
277,LAURIER AVE @ WALLER ST/TRANSITWAY,368454.8082,5031859.729,-75.68657817,45.42377554,2014-02-11,7:50,01 - Clear,01 - Dry,01 - Traffic signal,02 - Intersection related,01 - Daylight,02 - Non-fatal injury,04 - Sideswipe,Sandy Hill
278,WEST HUNT CLUB RD @ WOODROFFE AVE,363670.2171,5021243.645,-75.74897879,45.32867258,2014-02-21,19:34,01 - Clear,06 - Ice,01 - Traffic signal,03 - At intersection,07 - Dark,02 - Non-fatal injury,02 - Angle,Woodvale - Craig Henry - Manordale - Estates of Arlington Wo
279,BAYSWATER AVE @ SOMERSET ST,365813.2075,5029911.821,-75.72057218,45.40648417,2014-02-14,15:15,03 - Snow,02 - Wet,01 - Traffic signal,03 - At intersection,01 - Daylight,02 - Non-fatal injury,07 - SMV other,Centretow
280,BANTON ST @ WALKLEY RD,374248.2106,5028251.433,-75.61306319,45.39075873,2014-01-31,14:30,01 - Clear,04 - Slush,01 - Traffic signal,02 - Intersection related,01 - Daylight,02 - Non-fatal injury,03 - Rear end,Hawthorne Meadows
281,HOPEWELL AVE btwn GROSVENOR AVE & BANK ST,368726.6297,5028479.471,-75.68354333,45.39333633,2014-01-28,11:05,01 - Clear,04 - Slush,10 - No control,01 - Non intersection,01 - Daylight,02 - Non-fatal injury,03 - Rear end,Old Ottawa South
282,BANK ST @ MITCH OWENS RD,377758.2587,5015948.22,-75.57005522,45.27970362,2014-02-18,11:58,01 - Clear,02 - Wet,01 - Traffic signal,03 - At intersection,01 - Daylight,02 - Non-fatal injury,02 - Angle,Osgoode
283,ST. JOSEPH BLVD/OLD MONTREAL RD @ TRIM RD,384683.261,5039285.835,-75.47802412,45.48892385,2014-02-03,16:44,01 - Clear,05 - Packed snow,01 - Traffic signal,02 - Intersection related,05 - Dusk,02 - Non-fatal injury,03 - Rear end,Cardinal Creek
284,HIGHWAY 417 btwn HWY417 IC138 RAMP51 & HWY417 IC138 RAMP35,352621.7594,5019986.318,-75.89003904,45.31819869,2014-03-26,13:05,01 - Clear,01 - Dry,10 - No control,01 - Non intersection,01 - Daylight,02 - Non-fatal injury,03 - Rear end,Katimavik - Hazeldean
285,RIVERSIDE DR btwn 175 S OF HUNT CLUB  RD & GL/OT BOUNDARY,367975.8002,5021463.445,-75.69402868,45.33027594,2014-02-18,12:31,01 - Clear,02 - Wet,10 - No control,01 - Non intersection,01 - Daylight,02 - Non-fatal injury,03 - Rear end,Hunt Club Woods - Quintarra - Revelstoke - Riverside South P
286,FITZGERALD RD @ ROBERTSON RD,356790.0922,5020289.501,-75.83684405,45.32063048,2014-02-22,8:50,01 - Clear,01 - Dry,01 - Traffic signal,03 - At intersection,01 - Daylight,02 - Non-fatal injury,07 - SMV other,Bells Corners West
287,EAGLESON RD/MCCORDICK RD @ BROPHY DR,359087.428,5004726.052,-75.80924233,45.18041397,2014-02-16,10:18,01 - Clear,05 - Packed snow,02 - Stop sign,02 - Intersection related,01 - Daylight,02 - Non-fatal injury,07 - SMV other,Munster Hamlet - Richmond
288,RUSSELL RD btwn LEITRIM RD & HALL RD,383930.4001,5026923.054,-75.48964113,45.37777998,2014-02-19,11:20,01 - Clear,02 - Wet,10 - No control,01 - Non intersection,01 - Daylight,02 - Non-fatal injury,07 - SMV other,Greenbelt
289,ARGYLE AVE @ O'CONNOR ST,368184.8578,5030486.275,-75.69020409,45.41144217,2014-02-13,10:50,01 - Clear,01 - Dry,01 - Traffic signal,02 - Intersection related,01 - Daylight,02 - Non-fatal injury,03 - Rear end,Centretown
290,BRONSON AVE @ SOMERSET ST,366966.7322,5030475.126,-75.70576658,45.41145113,2014-04-23,22:31,01 - Clear,01 - Dry,01 - Traffic signal,03 - At intersection,07 - Dark,02 - Non-fatal injury,02 - Angle,Centretown West
291,BANTREE ST @ BLACKWELL ST,374450.7278,5029962.313,-75.61023553,45.40613227,2014-02-20,9:50,01 - Clear,02 - Wet,02 - Stop sign,03 - At intersection,01 - Daylight,02 - Non-fatal injury,02 - Angle,Industrial Park
292,RUSSELL RD @ TUPPER AVE,374254.9909,5028749.327,-75.61290652,45.39523787,2014-01-28,8:22,01 - Clear,01 - Dry,01 - Traffic signal,02 - Intersection related,01 - Daylight,02 - Non-fatal injury,03 - Rear end,Hawthorne Meadows
293,ALBION RD @ HUNT CLUB RD,371867.7483,5024320.839,-75.6439948,45.35562471,2014-02-18,8:50,03 - Snow,05 - Packed snow,01 - Traffic signal,02 - Intersection related,01 - Daylight,02 - Non-fatal injury,03 - Rear end,South Keys - Heron Gate - Greenboro West
294,PRINCE OF WALES DR @ FAIRPARK DR,367267.521,5015414.811,-75.70382594,45.27591449,2014-02-23,13:05,01 - Clear,01 - Dry,02 - Stop sign,03 - At intersection,01 - Daylight,02 - Non-fatal injury,03 - Rear end,Greenbelt
295,BANK ST @ SOMERSET ST,367694.1959,5030916.325,-75.69641722,45.4153559,2014-02-14,22:24,02 - Rain,06 - Ice,01 - Traffic signal,02 - Intersection related,07 - Dark,02 - Non-fatal injury,03 - Rear end,Centretown
296,INNES RD btwn 260 E OF BELCOURT BLVD/WALMART SC & JEANNE D'ARC BLVD/ME,382569.0332,5035531.535,-75.50566226,45.45538473,2014-02-16,17:01,01 - Clear,01 - Dry,10 - No control,01 - Non intersection,01 - Daylight,02 - Non-fatal injury,03 - Rear end,Orleans Village - Chateauneuf
297,TENTH LINE RD @ CHARLEMAGNE BLVD S/DES EPINETT,383640.9751,5036900.456,-75.49173924,45.46758093,2014-02-19,15:27,01 - Clear,01 - Dry,01 - Traffic signal,02 - Intersection related,01 - Daylight,02 - Non-fatal injury,03 - Rear end,Orlans
298,CONCORD ST @ GREENFIELD AVE,369033.5987,5031064.989,-75.67928639,45.41657185,2014-02-11,13:15,01 - Clear,01 - Dry,02 - Stop sign,03 - At intersection,01 - Daylight,02 - Non-fatal injury,04 - Sideswipe,Old Ottawa East
299,AVENUE K @ TREMBLAY RD,371425.2991,5031305.614,-75.64869839,45.41851324,2014-02-20,10:54,01 - Clear,01 - Dry,02 - Stop sign,03 - At intersection,01 - Daylight,02 - Non-fatal injury,05 - Turning movement,Industrial Park
300,RUSSELL RD btwn RUISSELLET RD & LANGLADE RD,399144.154,5029076.152,-75.29501586,45.39526731,2014-02-21,6:52,02 - Rain,03 - Loose snow,10 - No control,01 - Non intersection,07 - Dark,02 - Non-fatal injury,07 - SMV other,Navan - Vars