Record,Location,X,Y,lon,lat,Date,Time,Environment,Road_Surface,Traffic_Control,Collision_Location,Light,Collision_Classification,Impact_type,Neighborhood
301,NICHOLAS ST NB btwn HWY417 IC118 RAMP52 & WALLER ST,368534.9922,5031680.043,-75.68557688,45.42215149,2014-02-16,19:01,01 - Clear,01 - Dry,10 - No control,01 - Non intersection,07 - Dark,02 - Non-fatal injury,03 - Rear end,Sandy Hill
302,BYRON AVE @ TWEEDSMUIR AVE,363592.6901,5028304.299,-75.74912783,45.39221001,2014-02-16,20:58,01 - Clear,05 - Packed snow,02 - Stop sign,03 - At intersection,07 - Dark,02 - Non-fatal injury,02 - Angle,Westboro
303,RIVERSIDE DR SB btwn HINCKS LANE & TO BE DETERMINED,370155.7188,5030227.087,-75.66506166,45.40892882,2014-01-14,20:05,01 - Clear,06 - Ice,10 - No control,01 - Non intersection,07 - Dark,02 - Non-fatal injury,99 - Other,Industrial Park
304,RUSSELL AVE @ TEMPLETON ST,369360.7852,5031686.535,-75.67502491,45.42213418,2014-02-17,2:51,01 - Clear,01 - Dry,02 - Stop sign,03 - At intersection,07 - Dark,02 - Non-fatal injury,02 - Angle,Sandy Hill
305,GEORGE ST @ SUSSEX DR,367869.6898,5032130.693,-75.69401974,45.42626658,2014-02-18,8:54,03 - Snow,03 - Loose snow,01 - Traffic signal,02 - Intersection related,01 - Daylight,02 - Non-fatal injury,03 - Rear end,Byward Market
306,REGIONAL ROAD 174 btwn QUIGLEY HILL RD & CAMERON ST,388473.6399,5042406.5,-75.42900847,45.51655592,2014-01-27,5:19,03 - Snow,03 - Loose snow,10 - No control,01 - Non intersection,07 - Dark,02 - Non-fatal injury,04 - Sideswipe,Cumberland - Estates
307,BANTREE ST @ INNES RD,373707.145,5030405.608,-75.61967145,45.41019443,2014-02-19,6:49,01 - Clear,06 - Ice,01 - Traffic signal,03 - At intersection,07 - Dark,02 - Non-fatal injury,05 - Turning movement,Industrial Park
308,ABETTI RIDGE btwn ESPIN HTS & JOCKVALE RD,365071.556,5013498.548,-75.73204438,45.25886363,2014-02-28,7:04,03 - Snow,06 - Ice,10 - No control,01 - Non intersection,03 - Dawn,03 - P.D. only,01 - Approaching,New Barrhaven
309,CLARENCE ST @ DALHOUSIE ST,368043.1734,5032503.598,-75.6917551,45.42960619,2014-02-16,9:30,01 - Clear,02 - Wet,01 - Traffic signal,03 - At intersection,01 - Daylight,02 - Non-fatal injury,07 - SMV other,Byward Market
310,MONTREAL RD btwn HOCHELAGA ST & BURMA RD,373186.3338,5034523.227,-75.62575255,45.44729378,2014-02-25,13:57,01 - Clear,01 - Dry,10 - No control,04 - At/near private drive,01 - Daylight,02 - Non-fatal injury,02 - Angle,Carson Grove - Carson Meadows
311,RIVERSIDE DR @ TREMBLAY RD/HWY417 IC117 RAMP52,370802.552,5031016.856,-75.65669332,45.41597414,2014-02-23,19:42,01 - Clear,01 - Dry,01 - Traffic signal,02 - Intersection related,07 - Dark,02 - Non-fatal injury,03 - Rear end,Industrial Park
312,RUSSELL RD btwn CLAYTON RD & RUISSELLET RD,398881.9152,5028937.351,-75.29839096,45.39405385,2014-02-18,9:01,03 - Snow,03 - Loose snow,10 - No control,01 - Non intersection,01 - Daylight,02 - Non-fatal injury,01 - Approaching,Navan - Vars
313,GARFIELD AVE @ MAITLAND AVE,363343.162,5025563.378,-75.75263941,45.3675685,2014-02-20,15:08,01 - Clear,02 - Wet,01 - Traffic signal,02 - Intersection related,01 - Daylight,02 - Non-fatal injury,03 - Rear end,Braemar Park - Bel Air Heights - Copeland Park
314,DAVIDSON RD @ HAWTHORNE RD,376281.3319,5024510.464,-75.58764249,45.35689483,2014-02-18,7:52,03 - Snow,03 - Loose snow,02 - Stop sign,02 - Intersection related,01 - Daylight,02 - Non-fatal injury,03 - Rear end,Greenbelt
315,MARCH RD @ 280 S OF CARLING AVE/GATEWAY MALL S,351107.0053,5022027.222,-75.90916761,45.33666476,2014-02-25,16:20,02 - Rain,02 - Wet,01 - Traffic signal,03 - At intersection,01 - Daylight,02 - Non-fatal injury,05 - Turning movement,South March
316,RUSSELL RD S @ ST. LAURENT BLVD,373568.7475,5029260.976,-75.62159899,45.39990918,2014-02-21,13:12,02 - Rain,02 - Wet,01 - Traffic signal,02 - Intersection related,01 - Daylight,02 - Non-fatal injury,03 - Rear end,Hawthorne Meadows - Sheffield Glen
317,BLAIR RD @ REGIONAL RD 174 N/OR174 IC112 RAMP61,374634.3066,5032991.653,-75.60746129,45.43337038,2014-02-14,12:47,03 - Snow,03 - Loose snow,01 - Traffic signal,02 - Intersection related,01 - Daylight,02 - Non-fatal injury,03 - Rear end,Industrial Park
318,TRIM RD @ DAIRY DR/TAYLOR CREEK DR,384535.558,5039595.138,-75.4798632,45.49172354,2014-02-20,16:32,01 - Clear,02 - Wet,02 - Stop sign,03 - At intersection,01 - Daylight,02 - Non-fatal injury,02 - Angle,Industrial Park
319,ELGIN ST @ QUEEN ST,367804.7025,5031780.338,-75.69489496,45.42312006,2014-02-14,8:42,03 - Snow,03 - Loose snow,01 - Traffic signal,02 - Intersection related,01 - Daylight,02 - Non-fatal injury,07 - SMV other,Downtown
320,MACKENZIE KING BRIDGE @ MACKENZIE KING BRIDGE,368165.6828,5031866.895,-75.6902715,45.42386627,2014-02-11,0:57,01 - Clear,01 - Dry,01 - Traffic signal,02 - Intersection related,07 - Dark,02 - Non-fatal injury,07 - SMV other,Sandy Hill
321,WOODROFFE AVE @ KNOXDALE RD/MEDHURST DR,363419.216,5021824.591,-75.7521118,45.3339209,2014-02-19,10:07,01 - Clear,01 - Dry,01 - Traffic signal,03 - At intersection,01 - Daylight,02 - Non-fatal injury,02 - Angle,Woodvale - Craig Henry - Manordale - Estates of Arlington Wo
322,BEAVERBROOK RD @ LEACOCK DR W/VARLEY DR E,351440.7565,5020990.23,-75.90500721,45.32731157,2014-02-18,8:05,03 - Snow,05 - Packed snow,02 - Stop sign,02 - Intersection related,01 - Daylight,02 - Non-fatal injury,07 - SMV other,Beaverbrook
323,RIVERSIDE DR EB @ BILLINGS BRIDGE SC SE,369250.5039,5027836.398,-75.67693721,45.38750214,2014-02-20,12:20,01 - Clear,01 - Dry,03 - Yield sign,02 - Intersection related,01 - Daylight,02 - Non-fatal injury,03 - Rear end,Alta Vista
324,ALTA VISTA DR @ KILBORN AVE,370366.737,5027751.793,-75.66269515,45.38663729,2014-02-09,15:30,01 - Clear,01 - Dry,01 - Traffic signal,02 - Intersection related,01 - Daylight,02 - Non-fatal injury,03 - Rear end,Alta Vista
325,JINKINSON RD btwn FERNBANK RD & HAZELDEAN RD,346926.3151,5012296.818,-75.96333314,45.24937048,2014-02-21,18:35,06 - Strong wind,06 - Ice,10 - No control,01 - Non intersection,07 - Dark,02 - Non-fatal injury,07 - SMV other,Stittsville - Basswood
326,BELFAST RD @ ST. LAURENT BLVD,372863.0938,5030579.51,-75.63042943,45.41184171,2014-02-12,10:20,01 - Clear,01 - Dry,01 - Traffic signal,03 - At intersection,01 - Daylight,02 - Non-fatal injury,02 - Angle,Industrial Park
327,BANK ST @ LISGAR ST,367605.3062,5031064.569,-75.69753393,45.41669773,2014-03-09,12:52,01 - Clear,01 - Dry,01 - Traffic signal,03 - At intersection,01 - Daylight,02 - Non-fatal injury,07 - SMV other,Centretown
328,HUNT CLUB RD @ UPLANDS DR,370156.8625,5023121.253,-75.66598752,45.34499274,2014-03-05,9:37,01 - Clear,01 - Dry,01 - Traffic signal,03 - At intersection,01 - Daylight,02 - Non-fatal injury,05 - Turning movement,Hunt Club East - Western Community
329,QUEEN MARY ST @ VANIER PKWY,370363.7167,5031958.35,-75.66217438,45.42448658,2014-03-06,14:17,01 - Clear,01 - Dry,01 - Traffic signal,03 - At intersection,01 - Daylight,02 - Non-fatal injury,07 - SMV other,Overbrook
330,LAURIER AVE   E btwn LAURIER AVE W & NICHOLAS ST,368317.2389,5031765.095,-75.68834814,45.42293656,2014-02-27,15:35,01 - Clear,02 - Wet,10 - No control,07 - Overpass or bridge,01 - Daylight,02 - Non-fatal injury,03 - Rear end,Sandy Hill
331,BRONSON AVE btwn BRONSON AVE SB ON RAMP 43 & SUNNYSIDE AVE/UNIVERSITY ,367849.2504,5028224.249,-75.69478052,45.39111946,2014-03-03,15:18,01 - Clear,01 - Dry,10 - No control,01 - Non intersection,01 - Daylight,02 - Non-fatal injury,03 - Rear end,Carleton University
332,CARLING AVE @ RICHMOND RD,360245.2051,5024781.512,-75.79227246,45.36078522,2014-03-13,8:00,01 - Clear,05 - Packed snow,01 - Traffic signal,02 - Intersection related,01 - Daylight,02 - Non-fatal injury,03 - Rear end,Whitehaven - Queensway Terrace North
333,ALTA VISTA DR btwn BANK ST & EDGE HILL PL,370324.2339,5026249.634,-75.66343722,45.37312535,2014-03-13,13:40,01 - Clear,01 - Dry,10 - No control,04 - At/near private drive,01 - Daylight,02 - Non-fatal injury,05 - Turning movement,Ledbury - Heron Gate - Ridgemont - Elmwood
334,BASELINE RD @ CENTREPOINTE DR W/COBDEN RD,361635.1032,5023205.615,-75.77471375,45.34649408,2014-03-05,15:51,01 - Clear,02 - Wet,01 - Traffic signal,02 - Intersection related,01 - Daylight,02 - Non-fatal injury,03 - Rear end,Iris
335,MORRISON DR @ GREENBANK RD,360553.2997,5023128.274,-75.78852653,45.34588499,2014-02-27,16:07,01 - Clear,02 - Wet,02 - Stop sign,03 - At intersection,01 - Daylight,02 - Non-fatal injury,07 - SMV other,Iris
336,RIDEAU ST @ WILLIAM ST,368095.5394,5032156.268,-75.69113057,45.4264763,2014-01-14,15:15,01 - Clear,02 - Wet,01 - Traffic signal,02 - Intersection related,01 - Daylight,02 - Non-fatal injury,07 - SMV other,Byward Market - Parliament Hill
337,BRONSON AVE @ HOLMWOOD AVE,367700.2338,5028727.648,-75.69661929,45.3956623,2014-02-18,15:50,01 - Clear,04 - Slush,01 - Traffic signal,03 - At intersection,01 - Daylight,02 - Non-fatal injury,07 - SMV other,The Glebe
338,WEST HUNT CLUB RD @ CLEOPATRA DR/LANCELOT DR,365235.8654,5021732.494,-75.72894756,45.33293811,2014-03-03,8:13,01 - Clear,06 - Ice,01 - Traffic signal,02 - Intersection related,01 - Daylight,02 - Non-fatal injury,03 - Rear end,Tanglewood
339,ANDERSON RD btwn DOLMAN RIDGE RD & RIDGE RD,379017.9091,5028543.603,-75.55211259,45.39289827,2014-03-12,16:44,03 - Snow,03 - Loose snow,10 - No control,01 - Non intersection,01 - Daylight,02 - Non-fatal injury,01 - Approaching,Greenbelt
340,REGIONAL ROAD 174 btwn EAST SHORE RD & MORIN RD,391942.8175,5042796.353,-75.38454329,45.5196384,2014-03-12,17:05,03 - Snow,05 - Packed snow,10 - No control,01 - Non intersection,01 - Daylight,02 - Non-fatal injury,07 - SMV other,Cumberland - Estates
341,EAGLESON RD btwn EAGLESON BUSINESS CENTRE & MICHAEL COWPLAND DR/STONEH,354373.6213,5016649.984,-75.86802923,45.28805619,2014-02-25,13:50,01 - Clear,02 - Wet,10 - No control,04 - At/near private drive,01 - Daylight,02 - Non-fatal injury,02 - Angle,Glen Cairn - Kanata South Business Park
342,PRESLAND RD @ LOLA ST,371174.7182,5031861.816,-75.65182489,45.42354153,2014-02-27,20:43,03 - Snow,03 - Loose snow,02 - Stop sign,02 - Intersection related,07 - Dark,02 - Non-fatal injury,03 - Rear end,Overbrook
343,HWY 417 MAITLAND IC126R26/62 @ MAITLAND AVE,363145.5709,5025983.29,-75.75511204,45.37136329,2014-02-28,18:40,01 - Clear,01 - Dry,01 - Traffic signal,03 - At intersection,07 - Dark,02 - Non-fatal injury,05 - Turning movement,Carlingwood West - Glabar Park - McKellar Heights
344,HELMSDALE DR @ TERRY FOX DR,350583.2712,5023784.838,-75.91568691,45.35251453,2014-03-10,9:16,01 - Clear,02 - Wet,02 - Stop sign,03 - At intersection,01 - Daylight,02 - Non-fatal injury,05 - Turning movement,South March
345,FALLOWFIELD RD @ GREENBANK RD,363080.2018,5016730.56,-75.75703585,45.28811317,2014-03-10,8:20,01 - Clear,02 - Wet,01 - Traffic signal,02 - Intersection related,01 - Daylight,02 - Non-fatal injury,03 - Rear end,Barrhaven West - Old Barrhaven
346,MONTREAL RD @ BATHGATE DR/BURMA RD,373224.2154,5034517.353,-75.62526915,45.44723722,2014-03-05,14:20,01 - Clear,02 - Wet,01 - Traffic signal,03 - At intersection,01 - Daylight,02 - Non-fatal injury,03 - Rear end,Carson Grove - Carson Meadows
347,ALERT RD/AIRPORT PKWY/UPLANDS DR RAMP 62 @ LES,371309.1478,5021355.234,-75.65152229,45.32899431,2014-03-13,21:40,01 - Clear,01 - Dry,01 - Traffic signal,03 - At intersection,07 - Dark,02 - Non-fatal injury,02 - Angle,Greenbelt
348,CARP RD btwn MCGEE SIDE RD & ARBOURBROOK BLVD,344324.213,5019294.855,-75.99592389,45.3124928,2014-02-27,21:00,05 - Drifting Snow,06 - Ice,10 - No control,01 - Non intersection,07 - Dark,02 - Non-fatal injury,07 - SMV other,Stittsville - Basswood
349,BANK ST @ WELLINGTON ST,367256.6931,5031629.841,-75.70191609,45.42181508,2014-02-28,7:20,01 - Clear,02 - Wet,01 - Traffic signal,02 - Intersection related,01 - Daylight,02 - Non-fatal injury,04 - Sideswipe,Downtown
350,ST. JOSEPH BLVD/OLD MONTREAL RD @ TRIM RD,384678.4213,5039288.462,-75.4780856,45.48894804,2014-03-04,8:13,01 - Clear,05 - Packed snow,01 - Traffic signal,02 - Intersection related,01 - Daylight,02 - Non-fatal injury,03 - Rear end,Cardinal Creek
351,ECHO DR btwn GRAHAM AVE & HAZEL ST,368922.8188,5030171.079,-75.68081797,45.40853892,2014-03-05,16:03,01 - Clear,05 - Packed snow,10 - No control,01 - Non intersection,01 - Daylight,02 - Non-fatal injury,01 - Approaching,Old Ottawa East
352,ST. JOSEPH BLVD btwn GABRIEL ST & PLACE D'ORLEANS DR,381575.5913,5037665.58,-75.51802898,45.47469495,2014-02-26,11:55,01 - Clear,00 - Unknown,10 - No control,04 - At/near private drive,01 - Daylight,02 - Non-fatal injury,02 - Angle,Industrial Park
353,REGIONAL ROAD 174 EB btwn HWY417 IC113 RAMP65 & OR174 BLAIR IC112 RAMP51,374148.8019,5032327.341,-75.61375924,45.42744157,2014-03-08,2:20,01 - Clear,01 - Dry,10 - No control,01 - Non intersection,07 - Dark,02 - Non-fatal injury,07 - SMV other,Pineview
354,COLONEL BY DR/SUSSEX DR @ RIDEAU ST,367921.6076,5032044.664,-75.69336737,45.42548784,2014-03-11,6:45,01 - Clear,02 - Wet,01 - Traffic signal,03 - At intersection,01 - Daylight,02 - Non-fatal injury,07 - SMV other,Byward Market - Parliament Hill
355,STITTSVILLE MAIN ST @ HAZELDEAN RD,349558.872,5014877.769,-75.92956486,45.27243232,2014-03-04,18:45,01 - Clear,03 - Loose snow,01 - Traffic signal,02 - Intersection related,07 - Dark,02 - Non-fatal injury,07 - SMV other,Stittsville
356,LESTER RD btwn ALBION RD & UPLANDS DR,371482.3701,5021425.68,-75.64930319,45.32961172,2014-03-08,9:24,01 - Clear,01 - Dry,10 - No control,01 - Non intersection,01 - Daylight,02 - Non-fatal injury,07 - SMV other,Greenbelt
357,BANK ST @ WALKLEY RD,370340.2217,5025948.683,-75.66327306,45.37041599,2014-03-10,13:36,01 - Clear,02 - Wet,01 - Traffic signal,02 - Intersection related,01 - Daylight,02 - Non-fatal injury,03 - Rear end,Ledbury - Heron Gate - Ridgemont - Elmwood
358,BRONSON/HERON RAMP 42/BRONSON/HERON RAMP 52 @ ,368752.2991,5026894.811,-75.68342085,45.37907569,2014-03-07,10:00,01 - Clear,01 - Dry,02 - Stop sign,02 - Intersection related,01 - Daylight,02 - Non-fatal injury,03 - Rear end,Alta Vista
359,GREENBANK RD @ STRANDHERD DR,363932.2621,5014784.417,-75.74640646,45.2705306,2014-03-12,19:20,05 - Drifting Snow,03 - Loose snow,01 - Traffic signal,03 - At intersection,07 - Dark,02 - Non-fatal injury,05 - Turning movement,New Barrhaven
360,REGIONAL ROAD 174 btwn OLD MONTREAL RD & OLD MONTREAL RD,393658.7538,5042850.351,-75.36257327,45.51990762,2014-03-12,19:22,03 - Snow,03 - Loose snow,10 - No control,01 - Non intersection,07 - Dark,02 - Non-fatal injury,01 - Approaching,Cumberland - Estates
361,DALHOUSIE ST @ RIDEAU ST,368206.9651,5032227.729,-75.68969758,45.42710918,2014-03-05,18:04,01 - Clear,01 - Dry,01 - Traffic signal,03 - At intersection,05 - Dusk,02 - Non-fatal injury,07 - SMV other,Byward Market - Parliament Hill
362,FISHER AVE @ MEADOWLANDS DR,366576.0788,5025045.699,-75.71143662,45.36263304,2014-03-06,19:28,"07 - Fog, mist, smoke, dust",01 - Dry,01 - Traffic signal,03 - At intersection,07 - Dark,02 - Non-fatal injury,05 - Turning movement,Carleton Heights - Rideauview
363,PRINCE OF WALES DR btwn NORMANDY CRES & FALAISE RD (2),367448.8581,5025015.415,-75.70030063,45.3622831,2014-02-06,18:35,03 - Snow,02 - Wet,10 - No control,04 - At/near private drive,07 - Dark,02 - Non-fatal injury,03 - Rear end,Carleton Heights - Rideauview
364,BANK ST @ CATHERINE ST,368038.2836,5030267.572,-75.69210457,45.40948761,2014-02-26,15:30,01 - Clear,01 - Dry,01 - Traffic signal,03 - At intersection,01 - Daylight,02 - Non-fatal injury,07 - SMV other,Centretown
365,LOLA ST @ QUEEN MARY ST,371129.7236,5032044.33,-75.65237522,45.42518798,2014-02-28,9:16,01 - Clear,01 - Dry,02 - Stop sign,03 - At intersection,01 - Daylight,02 - Non-fatal injury,02 - Angle,Overbrook
366,CONROY RD @ WALKLEY RD,372904.1965,5027464.479,-75.63033444,45.38381004,2014-02-11,13:47,01 - Clear,01 - Dry,01 - Traffic signal,03 - At intersection,01 - Daylight,02 - Non-fatal injury,03 - Rear end,Elmvale - Eastway - Riverview - Riverview Park West
367,BRONSON AVE @ SUNNYSIDE AVE/UNIVERSITY RD - CA,367923.2171,5028090.787,-75.69385304,45.38991194,2014-03-10,17:44,01 - Clear,01 - Dry,01 - Traffic signal,02 - Intersection related,01 - Daylight,02 - Non-fatal injury,07 - SMV other,Carleto
368,PERTH ST btwn EVELYN DR & GAMBLE DR,357423.7177,5006876.713,-75.83018308,45.19989236,2014-03-11,15:25,01 - Clear,01 - Dry,10 - No control,04 - At/near private drive,01 - Daylight,02 - Non-fatal injury,05 - Turning movement,Richmond
369,REGIONAL ROAD 174 EB btwn HWY417 IC113 RAMP65 & OR174 BLAIR IC112 RAMP51,374030.9855,5032196.36,-75.6152831,45.42627474,2014-03-12,20:30,03 - Snow,03 - Loose snow,10 - No control,01 - Non intersection,07 - Dark,02 - Non-fatal injury,07 - SMV other,Pineview
370,KING EDWARD AVE btwn THOMAS MORE PRIV & MARIE CURIE PRIV,368912.74,5031746.414,-75.68074177,45.42271415,2014-02-27,18:00,03 - Snow,02 - Wet,10 - No control,01 - Non intersection,05 - Dusk,02 - Non-fatal injury,03 - Rear end,Sandy Hill
371,WOODRIDGE CRES btwn 220 W OF BAYSHORE DR/BAYSHORE SC & TRANSITWAY LINK,358986.9403,5023344.693,-75.80848981,45.34795509,2014-03-01,21:01,03 - Snow,04 - Slush,10 - No control,04 - At/near private drive,07 - Dark,02 - Non-fatal injury,03 - Rear end,Bayshore
372,PRINCESS AVE @ ROCKCLIFFE PKWY,368228.1749,5034331.542,-75.68915548,45.4460366,2014-02-10,15:20,01 - Clear,01 - Dry,03 - Yield sign,02 - Intersection related,01 - Daylight,02 - Non-fatal injury,03 - Rear end,Rockcliffe - Manor Park
373,BANK ST @ SUNNYSIDE AVE,368734.2017,5028582.31,-75.68343331,45.39426095,2014-02-28,9:32,01 - Clear,01 - Dry,01 - Traffic signal,03 - At intersection,01 - Daylight,02 - Non-fatal injury,07 - SMV other,Old Ottawa South
374,WALKLEY RD @ HEATHERINGTON RD,371766.4579,5026794.021,-75.64495224,45.3778872,2014-02-11,15:42,01 - Clear,01 - Dry,01 - Traffic signal,03 - At intersection,01 - Daylight,02 - Non-fatal injury,07 - SMV other,Ledbury - Heron Gate - Ridgemont - Elmwood
375,LYON ST @ SOMERSET ST,367366.2264,5030717.513,-75.70063243,45.41359645,2014-03-10,20:24,03 - Snow,02 - Wet,01 - Traffic signal,03 - At intersection,07 - Dark,02 - Non-fatal injury,07 - SMV other,Centretown
376,VIMY PLACE PRIV btwn BOOTH ST & END,366045.5092,5031018.306,-75.71746738,45.41641974,2014-02-09,14:04,01 - Clear,01 - Dry,10 - No control,01 - Non intersection,01 - Daylight,02 - Non-fatal injury,06 - SMV unattended vehicle,LeBreton Flats
377,PRINCE OF WALES DR btwn VILLA CRES & MARYLAND AVE,366956.9212,5026005.612,-75.70645492,45.37123646,2014-03-08,13:31,01 - Clear,01 - Dry,10 - No control,04 - At/near private drive,01 - Daylight,02 - Non-fatal injury,05 - Turning movement,Carleton Heights - Rideauview
378,INNES RD btwn PAGE RD & 473 E OF PAGE RD/BUILDERS' WAREHOUSE SC,380911.9196,5034551.929,-75.52699822,45.44675347,2014-03-06,7:58,01 - Clear,01 - Dry,10 - No control,04 - At/near private drive,01 - Daylight,02 - Non-fatal injury,02 - Angle,Chapel Hill South
379,ST. JOSEPH BLVD btwn ORLEANS BLVD & COUSINEAU ST,380693.9714,5037021.993,-75.52940279,45.46900085,2014-02-26,19:00,01 - Clear,01 - Dry,10 - No control,04 - At/near private drive,07 - Dark,02 - Non-fatal injury,03 - Rear end,Industrial Park
380,ST. LAURENT BLVD btwn SHORE ST & BELFAST RD,372818.7488,5030687.204,-75.63098105,45.412815,2014-03-03,12:22,01 - Clear,01 - Dry,10 - No control,04 - At/near private drive,01 - Daylight,02 - Non-fatal injury,03 - Rear end,Industrial Park
381,MERIVALE RD @ BASIL MACDONALD WAY/MERIVALE MAL,365097.7564,5023173.133,-75.73053386,45.34591269,2014-02-24,13:30,01 - Clear,01 - Dry,01 - Traffic signal,03 - At intersection,01 - Daylight,02 - Non-fatal injury,07 - SMV other,Crestview - Meadowlands
382,CLAYMOR AVE @ DYNES RD,366744.3054,5025671.239,-75.70921101,45.36824667,2014-03-04,14:55,01 - Clear,02 - Wet,01 - Traffic signal,03 - At intersection,01 - Daylight,02 - Non-fatal injury,02 - Angle,Carleton Heights - Rideauview
383,MONTREAL RD @ OLMSTEAD ST,370332.2394,5033213.586,-75.66240953,45.43578362,2014-03-04,15:26,01 - Clear,01 - Dry,01 - Traffic signal,02 - Intersection related,01 - Daylight,02 - Non-fatal injury,03 - Rear end,Vanier South
384,WALKLEY RD @ DON REID DR/RYDER ST,372603.1487,5027282.648,-75.63420324,45.3822032,2014-02-16,13:00,01 - Clear,01 - Dry,01 - Traffic signal,03 - At intersection,01 - Daylight,02 - Non-fatal injury,02 - Angle,South Keys - Heron Gate - Greenboro West
385,"OLD MONTREAL RD btwn GRAND-CH-NE, COUR DU CRT & TED KELLY LANE",386003.3445,5040711.983,-75.4609026,45.50160251,2014-02-27,7:01,03 - Snow,03 - Loose snow,10 - No control,01 - Non intersection,03 - Dawn,02 - Non-fatal injury,07 - SMV other,Cumberland - Estates
386,KIRKWOOD AVE @ MERIVALE RD,364853.7014,5026646.289,-75.73322595,45.37718455,2014-02-28,10:56,01 - Clear,01 - Dry,01 - Traffic signal,03 - At intersection,01 - Daylight,02 - Non-fatal injury,02 - Angle,Carlington
387,MARCH RD @ RICHARDSON SIDE RD,351414.9436,5021779.999,-75.90526211,45.3344198,2014-03-04,16:05,02 - Rain,02 - Wet,01 - Traffic signal,03 - At intersection,01 - Daylight,02 - Non-fatal injury,05 - Turning movement,South March
388,REVELSTOKE DR @ RIVERSIDE DR,368217.2053,5024424.785,-75.6905696,45.35689966,2014-03-06,9:10,01 - Clear,01 - Dry,01 - Traffic signal,03 - At intersection,01 - Daylight,02 - Non-fatal injury,07 - SMV other,Hunt Club Woods - Quintarra - Revelstoke - Riverside South P
389,HAZELDEAN RD btwn HARTIN ST & JOHNWOODS ST,350179.481,5015388.863,-75.92160911,45.27699154,2014-02-21,12:44,02 - Rain,02 - Wet,10 - No control,01 - Non intersection,01 - Daylight,02 - Non-fatal injury,03 - Rear end,Stittsville
390,RIVERSIDE DR NB btwn BANK ST & RIVERSIDE DR NB RAMP FROM EB TO WB,369365.8545,5028007.349,-75.67544192,45.38902968,2014-03-08,18:25,01 - Clear,01 - Dry,10 - No control,01 - Non intersection,07 - Dark,02 - Non-fatal injury,04 - Sideswipe,Alta Vista
391,RIVER RD btwn EARL ARMSTRONG RD & NICOLLS ISLAND RD,367654.7011,5013350.693,-75.69915287,45.25730721,2014-03-13,8:25,01 - Clear,05 - Packed snow,10 - No control,01 - Non intersection,01 - Daylight,02 - Non-fatal injury,01 - Approaching,Greenbelt
392,OGILVIE RD @ ELMRIDGE DR/JASMINE CRES N,375420.7301,5034060.832,-75.59725802,45.44291125,2014-03-06,10:16,01 - Clear,01 - Dry,01 - Traffic signal,03 - At intersection,01 - Daylight,02 - Non-fatal injury,02 - Angle,Beacon Hill South - Cardinal Heights
393,FRANKTOWN RD btwn GREEN'S RD & CONLEY RD,352916.8972,5002716.177,-75.88794563,45.1627761,2014-02-27,19:16,05 - Drifting Snow,05 - Packed snow,10 - No control,01 - Non intersection,07 - Dark,02 - Non-fatal injury,07 - SMV other,Munster Hamlet - Richmond
394,ST. LAURENT BLVD btwn BOURASSA ST & SMYTH RD,373241.9453,5029676.495,-75.62571516,45.40367986,2014-02-28,7:25,01 - Clear,01 - Dry,10 - No control,01 - Non intersection,01 - Daylight,02 - Non-fatal injury,03 - Rear end,Industrial Park
395,RICHMOND RD @ HOLLY ACRES RD/NANAIMO DR,359057.2498,5022748.496,-75.80765801,45.34258506,2014-02-06,8:06,01 - Clear,01 - Dry,01 - Traffic signal,03 - At intersection,01 - Daylight,02 - Non-fatal injury,05 - Turning movement,Greenbelt
396,FRANK KENNY RD/TED KELLY LANE @ OLD MONTREAL R,386381.751,5040875.08,-75.45603411,45.50302574,2014-02-06,11:38,01 - Clear,01 - Dry,02 - Stop sign,03 - At intersection,01 - Daylight,02 - Non-fatal injury,02 - Angle,Cumberland - Estates
397,MEADOWLANDS DR btwn ROWLEY AVE & PERRY ST,364428.6103,5023487.043,-75.73903429,45.34879442,2014-03-05,2:39,01 - Clear,02 - Wet,10 - No control,01 - Non intersection,07 - Dark,02 - Non-fatal injury,07 - SMV other,Crestview - Meadowlands
398,HUNT CLUB RD @ UPLANDS DR,370156.7272,5023121.746,-75.66598918,45.34499718,2014-03-07,22:44,01 - Clear,01 - Dry,01 - Traffic signal,03 - At intersection,07 - Dark,02 - Non-fatal injury,05 - Turning movement,Hunt Club East - Western Community
399,FINDLAY CREEK DR btwn DEVONWOOD CIRC & BANK ST,375678.3376,5020355.027,-75.59593311,45.31956721,2014-03-07,22:45,01 - Clear,01 - Dry,10 - No control,01 - Non intersection,07 - Dark,02 - Non-fatal injury,07 - SMV other,Greenbelt
400,ALERT RD/AIRPORT PKWY/UPLANDS DR RAMP 62 @ LES,371304.5985,5021354.416,-75.65158043,45.32898738,2014-02-27,7:10,03 - Snow,02 - Wet,01 - Traffic signal,02 - Intersection related,03 - Dawn,02 - Non-fatal injury,03 - Rear end,Greenbelt
401,REGIONAL ROAD 174 btwn OR174 IC112 RAMP36 & OR174 IC112 RAMP26,374615.3678,5032703.365,-75.60774419,45.43077841,2014-02-28,8:45,01 - Clear,01 - Dry,10 - No control,01 - Non intersection,01 - Daylight,02 - Non-fatal injury,03 - Rear end,Pineview