Record,Location,X,Y,lon,lat,Date,Time,Environment,Road_Surface,Traffic_Control,Collision_Location,Light,Collision_Classification,Impact_type,Neighborhood
402,ARGYLE AVE @ O'CONNOR ST,368185.2178,5030486.333,-75.69019949,45.41144266,2014-02-11,20:37,01 - Clear,02 - Wet,01 - Traffic signal,03 - At intersection,07 - Dark,02 - Non-fatal injury,07 - SMV other,Centretown
403,RIVER RD btwn LOWEN DR & BALMORAL DR,368015.0776,5019454.433,-75.69378408,45.31219567,2014-03-12,15:37,03 - Snow,06 - Ice,10 - No control,01 - Non intersection,01 - Daylight,02 - Non-fatal injury,07 - SMV other,Nepean
404,SLATER ST btwn O'CONNOR ST & METCALFE ST,367601.9824,5031465.18,-75.69752534,45.4203026,2014-02-28,12:52,01 - Clear,01 - Dry,10 - No control,01 - Non intersection,01 - Daylight,02 - Non-fatal injury,07 - SMV other,Downtown
405,SAFFRON CRT btwn BOULDER WAY & END,364249.4297,5016787.663,-75.74212482,45.28852906,2014-02-28,12:55,01 - Clear,05 - Packed snow,10 - No control,01 - Non intersection,01 - Daylight,02 - Non-fatal injury,01 - Approaching,New Barrhaven
406,KATIMAVIK RD @ MCGIBBON DR/SEWELL WAY,351726.1178,5018738.205,-75.90158042,45.30702831,2014-03-08,16:38,01 - Clear,01 - Dry,02 - Stop sign,03 - At intersection,01 - Daylight,02 - Non-fatal injury,02 - Angle,Katimavik - Hazeldean
407,BRIDGESTONE DR/STEEPLE CHASE DR @ STONEHAVEN D,355105.3264,5016982.551,-75.85866822,45.2909967,2014-02-22,14:36,01 - Clear,01 - Dry,03 - Yield sign,02 - Intersection related,01 - Daylight,02 - Non-fatal injury,03 - Rear end,Bridlewood - Emerald Meadows
408,FALLOWFIELD RD @ GREENBANK RD,363083.0454,5016732.455,-75.75699938,45.28812999,2014-03-17,20:11,01 - Clear,01 - Dry,01 - Traffic signal,02 - Intersection related,07 - Dark,02 - Non-fatal injury,03 - Rear end,Greenbelt
409,COBOURG ST @ ST. PATRICK ST,368801.9899,5033236.217,-75.68196321,45.43612899,2014-03-06,8:18,01 - Clear,01 - Dry,01 - Traffic signal,02 - Intersection related,01 - Daylight,02 - Non-fatal injury,03 - Rear end,Lower Town
410,WEST HUNT CLUB RD @ ANTARES DR/LASER ST,367107.2374,5022081.502,-75.70503057,45.33591476,2014-02-11,10:42,01 - Clear,01 - Dry,01 - Traffic signal,02 - Intersection related,01 - Daylight,02 - Non-fatal injury,03 - Rear end,Industrial Park
411,RIVERSIDE DR @ HERON RD,368121.5788,5026648.169,-75.69150506,45.37691376,2014-03-28,9:50,01 - Clear,02 - Wet,01 - Traffic signal,03 - At intersection,01 - Daylight,02 - Non-fatal injury,05 - Turning movement,Riverside Park
412,BANK ST @ LAURIER AVE,367482.1221,5031263.693,-75.69908238,45.41850043,2014-03-18,11:30,01 - Clear,01 - Dry,01 - Traffic signal,03 - At intersection,01 - Daylight,02 - Non-fatal injury,05 - Turning movement,Downtown
413,PRINCE OF WALES DR btwn COLONNADE RD & STEPHANIE AVE,367413.9765,5023220.635,-75.70097314,45.34613716,2014-03-06,16:30,01 - Clear,01 - Dry,10 - No control,01 - Non intersection,01 - Daylight,02 - Non-fatal injury,03 - Rear end,Industrial Park
414,RIDEAU ST @ 88 W OF WILLIAM ST/FREIMAN MALL,368023.2173,5032110.357,-75.69206059,45.42606975,2014-03-07,5:34,01 - Clear,01 - Dry,01 - Traffic signal,03 - At intersection,07 - Dark,02 - Non-fatal injury,07 - SMV other,Byward Market - Parliament Hill
415,ST. LAURENT BLVD btwn DONALD ST & 125 N OF QUEEN MARY ST,372101.7698,5032452.68,-75.63989908,45.42876927,2014-02-14,17:50,01 - Clear,03 - Loose snow,10 - No control,01 - Non intersection,07 - Dark,02 - Non-fatal injury,03 - Rear end,Overbrook
416,CUMBERLAND ST @ GEORGE ST,368327.1294,5032417.537,-75.68813762,45.42880611,2014-03-12,15:45,03 - Snow,03 - Loose snow,01 - Traffic signal,02 - Intersection related,01 - Daylight,02 - Non-fatal injury,03 - Rear end,Byward Market
417,STRANDHERD @ KENNEVALE DR,361491.3861,5014100.497,-75.77758901,45.26457763,2014-03-17,18:08,01 - Clear,01 - Dry,01 - Traffic signal,02 - Intersection related,05 - Dusk,02 - Non-fatal injury,03 - Rear end,Munster Hamlet - Richmond
418,FALLOWFIELD RD btwn HWY416 IC66 RAMP63 & HWY416 IC66 RAMP52,360052.3986,5014791.628,-75.79584754,45.27091102,2014-02-27,19:04,05 - Drifting Snow,05 - Packed snow,10 - No control,07 - Overpass or bridge,07 - Dark,02 - Non-fatal injury,07 - SMV other,Munster Hamlet - Richmond
419,FISHER AVE @ MEADOWLANDS DR,366573.6431,5025043.55,-75.71146797,45.36261392,2014-03-27,12:58,01 - Clear,01 - Dry,01 - Traffic signal,03 - At intersection,01 - Daylight,02 - Non-fatal injury,02 - Angle,Carleton Heights - Rideauview
420,PARKDALE AVE @ GLADSTONE AVE,365216.1947,5029118.308,-75.72829538,45.39939611,2014-03-17,11:54,01 - Clear,01 - Dry,01 - Traffic signal,03 - At intersection,01 - Daylight,02 - Non-fatal injury,02 - Angle,Civi
421,CAMPEAU DR btwn CONACHER GT & KNUDSON DR,351758.1711,5019823.212,-75.90106886,45.31678932,2014-03-06,17:06,01 - Clear,06 - Ice,10 - No control,04 - At/near private drive,01 - Daylight,02 - Non-fatal injury,03 - Rear end,Kanata
422,MEADOWLANDS DR @ MERIVALE RD,364860.1217,5023724.563,-75.7334991,45.35089477,2014-02-28,20:37,01 - Clear,01 - Dry,01 - Traffic signal,03 - At intersection,07 - Dark,02 - Non-fatal injury,05 - Turning movement,Cityview - Skyline - Fisher Heights
423,MITCH OWENS RD/BRIDGE ST @ RIVER RD,369499.2334,5010772.295,-75.67598914,45.23393983,2014-03-25,15:49,01 - Clear,01 - Dry,01 - Traffic signal,02 - Intersection related,01 - Daylight,02 - Non-fatal injury,03 - Rear end,Manotick
424,ALTA VISTA DR @ SMYTH RD,370430.3462,5029083.453,-75.66170581,45.39861313,2014-03-25,18:11,01 - Clear,01 - Dry,01 - Traffic signal,02 - Intersection related,05 - Dusk,02 - Non-fatal injury,03 - Rear end,Alta Vista
425,KIRKWOOD AVE N @ CARLING AVE,364276.3451,5027494.895,-75.74049483,45.38486941,2014-03-27,14:57,01 - Clear,01 - Dry,01 - Traffic signal,03 - At intersection,01 - Daylight,02 - Non-fatal injury,04 - Sideswipe,Westboro
426,BRONSON AVE btwn SECOND AVE & THIRD AVE,367543.603,5029105.568,-75.69857155,45.39907677,2014-03-27,16:19,01 - Clear,02 - Wet,10 - No control,01 - Non intersection,01 - Daylight,02 - Non-fatal injury,04 - Sideswipe,The Glebe
427,JOCKVALE RD @ LONGFIELDS DR,364829.2929,5014001.028,-75.73507021,45.26340567,2014-03-04,17:30,03 - Snow,02 - Wet,02 - Stop sign,02 - Intersection related,05 - Dusk,02 - Non-fatal injury,03 - Rear end,New Barrhaven
428,JOCKVALE RD btwn GREENBANK RD & BREN-MAUR RD,364589.3792,5014084.955,-75.73811696,45.26418127,2014-03-20,22:52,04 - Freezing Rain,06 - Ice,10 - No control,01 - Non intersection,07 - Dark,02 - Non-fatal injury,07 - SMV other,New Barrhaven
429,PRINCE OF WALES DR btwn RIDEAU SHORE CRT & COLONNADE RD,367313.3881,5023446.47,-75.7022281,45.34817815,2014-03-15,16:58,01 - Clear,01 - Dry,10 - No control,01 - Non intersection,01 - Daylight,02 - Non-fatal injury,03 - Rear end,Industrial Park
430,DONALD ST @ ST. LAURENT BLVD,372095.1347,5032472.585,-75.63998114,45.42894901,2014-03-25,20:16,01 - Clear,01 - Dry,01 - Traffic signal,03 - At intersection,07 - Dark,02 - Non-fatal injury,05 - Turning movement,Overbrook
431,ST. PATRICK ST WB btwn ISLAND LODGE RD & CRICHTON ST,369042.7437,5033377.056,-75.67886797,45.43737412,2014-03-06,17:35,01 - Clear,01 - Dry,10 - No control,07 - Overpass or bridge,01 - Daylight,02 - Non-fatal injury,03 - Rear end,Lowe
432,WOODROFFE AVE @ CLARIDGE DR/STONEWAY DR N,365577.1735,5016705.547,-75.72521003,45.28767662,2014-03-21,8:15,01 - Clear,06 - Ice,01 - Traffic signal,03 - At intersection,01 - Daylight,02 - Non-fatal injury,05 - Turning movement,Chapman Mills - Rideau Crest - Davidson Heights
433,INDUSTRIAL AVE @ RIVERSIDE DR,370685.2256,5030593.314,-75.65824884,45.41217434,2014-03-18,9:27,01 - Clear,01 - Dry,01 - Traffic signal,02 - Intersection related,01 - Daylight,02 - Non-fatal injury,03 - Rear end,Industrial Park
434,ELLIOT AVE @ MAIN ST,369451.6197,5029493.038,-75.67415204,45.4023895,2014-03-11,8:05,01 - Clear,01 - Dry,02 - Stop sign,02 - Intersection related,01 - Daylight,02 - Non-fatal injury,03 - Rear end,Old Ottawa East
435,RIDGECREST PL @ RANDALL AVE,370316.8747,5027354.55,-75.66338457,45.3830677,2014-03-17,15:49,01 - Clear,01 - Dry,02 - Stop sign,03 - At intersection,01 - Daylight,02 - Non-fatal injury,05 - Turning movement,Alta Vista
436,SOMERSET ST    W btwn BREEZEHILL AVE N & PRESTON ST,366295.7912,5030122.365,-75.71438162,45.40833636,2014-03-06,17:38,01 - Clear,01 - Dry,10 - No control,01 - Non intersection,05 - Dusk,02 - Non-fatal injury,03 - Rear end,Little Italy
437,TENTH LINE RD btwn ST. JOSEPH BLVD & OLD TENTH LINE RD,382955.7327,5038536.279,-75.50024091,45.48237561,2014-03-26,9:25,01 - Clear,01 - Dry,10 - No control,01 - Non intersection,01 - Daylight,02 - Non-fatal injury,03 - Rear end,Queenswood Heights
438,BANK ST @ HERON RD,369995.2461,5026851.542,-75.66755758,45.37857181,2014-08-20,12:49,01 - Clear,01 - Dry,01 - Traffic signal,03 - At intersection,01 - Daylight,02 - Non-fatal injury,07 - SMV other,Alta Vista
439,WOODROFFE AVE @ KNOXDALE RD/MEDHURST DR,363419.2343,5021826.369,-75.75211136,45.3339369,2014-08-30,2:47,01 - Clear,01 - Dry,01 - Traffic signal,03 - At intersection,07 - Dark,02 - Non-fatal injury,02 - Angle,Woodvale - Craig Henry - Manordale - Estates of Arlington Wo
440,ALBERT ST @ LYON ST,367065.0699,5031217.688,-75.70441653,45.41812373,2014-03-21,22:18,01 - Clear,01 - Dry,01 - Traffic signal,03 - At intersection,07 - Dark,02 - Non-fatal injury,07 - SMV other,Downtown
441,HWY 417 MAITLAND IC126R26/62 @ MAITLAND AVE,363146.0753,5025984.01,-75.75510552,45.37136973,2014-03-13,21:50,01 - Clear,01 - Dry,01 - Traffic signal,03 - At intersection,07 - Dark,02 - Non-fatal injury,05 - Turning movement,Carlingwood West - Glabar Park - McKellar Heights
442,WOODROFFE AVE btwn TURN LANE & GRENFELL CRES,364271.0058,5019898.412,-75.74147661,45.31651762,2014-03-26,9:24,01 - Clear,01 - Dry,10 - No control,01 - Non intersection,01 - Daylight,02 - Non-fatal injury,03 - Rear end,Merivale Gardens - Grenfell Glen - Pineglen - Country Place
443,STRANDHERD @ KENNEVALE DR,361491.3861,5014101.445,-75.7775889,45.26458616,2014-03-17,22:03,01 - Clear,01 - Dry,01 - Traffic signal,02 - Intersection related,07 - Dark,02 - Non-fatal injury,03 - Rear end,Munster Hamlet - Richmond
444,REGIONAL ROAD 174 btwn REGIONAL ROAD 174 & OR174 IC102 RAMP61,381663.2058,5038305.473,-75.51680841,45.48044252,2014-01-08,7:55,01 - Clear,06 - Ice,10 - No control,01 - Non intersection,01 - Daylight,02 - Non-fatal injury,03 - Rear end,Chatelaine Village
445,HUNT CLUB RD @ DOWNPATRICK RD/MCCARTHY RD,370507.2605,5023399.561,-75.66147964,45.34746414,2014-03-23,8:15,01 - Clear,01 - Dry,01 - Traffic signal,03 - At intersection,01 - Daylight,02 - Non-fatal injury,02 - Angle,Hunt Club East - Western Community
446,CARLING AVE @ CIVIC HOSPITAL,365793.0313,5028278.056,-75.72103193,45.3917857,2014-03-25,16:52,01 - Clear,01 - Dry,01 - Traffic signal,03 - At intersection,01 - Daylight,02 - Non-fatal injury,05 - Turning movement,Civic Hospital - Experimental Farm - Central Park
447,HOLLAND AVE @ RUSKIN ST,365281.1241,5028348.661,-75.72756046,45.39246539,2014-04-12,19:10,01 - Clear,01 - Dry,02 - Stop sign,03 - At intersection,01 - Daylight,02 - Non-fatal injury,02 - Angle,Civic Hospital - Experimental Farm - Central Park
448,HOG'S BACK RD btwn COLONEL BY DR & RIVERSIDE DR,367756.314,5025983.559,-75.69625305,45.37096668,2014-03-18,16:40,01 - Clear,01 - Dry,10 - No control,01 - Non intersection,01 - Daylight,02 - Non-fatal injury,03 - Rear end,Riverside Park
449,ARLINGTON AVE @ BRONSON AVE,367222.3104,5029867.395,-75.70257862,45.40596019,2014-02-11,16:49,01 - Clear,01 - Dry,01 - Traffic signal,02 - Intersection related,01 - Daylight,02 - Non-fatal injury,03 - Rear end,Centretown West
450,ARLINGTON AVE @ BRONSON AVE,367221.2876,5029866.616,-75.70259178,45.40595327,2014-03-29,11:58,01 - Clear,01 - Dry,01 - Traffic signal,02 - Intersection related,01 - Daylight,02 - Non-fatal injury,07 - SMV other,Centretown West
451,ST. LAURENT BLVD btwn DONALD ST & 125 N OF QUEEN MARY ST,372098.9262,5032460.263,-75.63993438,45.42883778,2014-03-14,13:07,01 - Clear,02 - Wet,10 - No control,01 - Non intersection,01 - Daylight,02 - Non-fatal injury,03 - Rear end,Overbrook
452,CARLING AVE @ KEMPSTER AVE/FAMOUS PLAYERS THEA,359210.1978,5024121.404,-75.80555544,45.35492666,2014-02-11,16:25,01 - Clear,01 - Dry,01 - Traffic signal,02 - Intersection related,01 - Daylight,02 - Non-fatal injury,03 - Rear end,Bayshore
453,FALLOWFIELD RD @ STRANDHERD DR,360753.6466,5014962.154,-75.78689211,45.27238998,2014-03-26,17:53,01 - Clear,01 - Dry,01 - Traffic signal,02 - Intersection related,05 - Dusk,02 - Non-fatal injury,03 - Rear end,Munster Hamlet - Richmond
454,CARLING AVE @ RIFLE RD,353890.164,5023315.449,-75.87353145,45.34806721,2014-03-11,18:23,01 - Clear,01 - Dry,02 - Stop sign,02 - Intersection related,07 - Dark,02 - Non-fatal injury,07 - SMV other,Greenbelt
455,ALTA VISTA DR @ SMYTH RD,370433.1898,5029081.558,-75.66166974,45.39859582,2014-03-14,12:00,01 - Clear,02 - Wet,01 - Traffic signal,02 - Intersection related,01 - Daylight,02 - Non-fatal injury,03 - Rear end,Alta Vista
456,MONTREAL RD btwn DEN HAAG DR & CODD'S RD,372756.0265,5034390.05,-75.63127134,45.44613749,2014-03-02,17:25,01 - Clear,01 - Dry,10 - No control,01 - Non intersection,01 - Daylight,02 - Non-fatal injury,03 - Rear end,Carson Grove - Carson Meadows
457,BASELINE RD @ WOODROFFE AVE,362549.2163,5023772.4,-75.76298331,45.35151931,2014-03-12,11:35,01 - Clear,01 - Dry,01 - Traffic signal,02 - Intersection related,01 - Daylight,02 - Non-fatal injury,03 - Rear end,Iris
458,ANDERSON RD btwn EIGHTH LINE RD & NINTH LINE RD,381949.3951,5021284.048,-75.5158112,45.32726487,2014-03-27,5:50,01 - Clear,01 - Dry,10 - No control,01 - Non intersection,07 - Dark,02 - Non-fatal injury,03 - Rear end,Greenbelt
459,CAMBRIAN RD btwn BORRISOKANE RD & GRAND CANAL ST,363820.9884,5012309.701,-75.74811839,45.24827235,2014-03-15,16:05,01 - Clear,01 - Dry,10 - No control,01 - Non intersection,01 - Daylight,02 - Non-fatal injury,01 - Approaching,New Barrhaven
460,IMPERIAL AVE btwn BRONSON AVE & CHAMBERLAIN AVE,367336.2389,5029656.822,-75.70115007,45.40405535,2014-04-04,12:45,01 - Clear,01 - Dry,10 - No control,04 - At/near private drive,01 - Daylight,02 - Non-fatal injury,04 - Sideswipe,The Glebe
461,INNES RD @ STONEHENGE CRES W,375200.2151,5031215.616,-75.60048326,45.41733384,2014-04-04,17:15,02 - Rain,02 - Wet,01 - Traffic signal,02 - Intersection related,01 - Daylight,02 - Non-fatal injury,03 - Rear end,Industrial Park
462,KING EDWARD AVE @ LAURIER AVE,368740.1811,5032034.583,-75.68290917,45.42532279,2014-03-25,17:07,01 - Clear,02 - Wet,01 - Traffic signal,02 - Intersection related,01 - Daylight,02 - Non-fatal injury,03 - Rear end,Sandy Hill
463,ALTA VISTA DR @ SMYTH RD,370432.7159,5029081.811,-75.66167576,45.39859814,2014-04-08,16:24,02 - Rain,02 - Wet,01 - Traffic signal,02 - Intersection related,01 - Daylight,02 - Non-fatal injury,03 - Rear end,Alta Vista
464,KERWIN RD btwn MOWBRAY ST & FIFTH LINE RD,347364.5587,5029963.613,-75.9562314,45.40831526,2014-04-12,22:01,01 - Clear,01 - Dry,10 - No control,01 - Non intersection,07 - Dark,02 - Non-fatal injury,07 - SMV other,Carp - Hardwood Plains
465,CYRVILLE RD btwn STAR TOP RD & MEADOWBROOK RD,374594.1879,5031254.878,-75.60822008,45.41774782,2014-04-03,18:23,01 - Clear,01 - Dry,10 - No control,04 - At/near private drive,01 - Daylight,02 - Non-fatal injury,07 - SMV other,Industrial Park
466,RICHMOND RD @ HOLLY ACRES RD/NANAIMO DR,359059.1455,5022747.548,-75.80763393,45.34257639,2014-04-03,20:05,01 - Clear,01 - Dry,01 - Traffic signal,03 - At intersection,07 - Dark,02 - Non-fatal injury,05 - Turning movement,Greenbelt
467,HOLLAND AVE/TUNNEY'S PASTURE @ SCOTT ST,364738.5601,5029596.41,-75.73433762,45.40373902,2014-04-10,7:24,01 - Clear,01 - Dry,01 - Traffic signal,03 - At intersection,01 - Daylight,02 - Non-fatal injury,02 - Angle,Island Park
468,REGIONAL ROAD 174 EB btwn OR174 IC109 RAMP55 & TRANSIT,376484.7149,5035005.158,-75.58352129,45.4512994,2014-04-02,15:06,01 - Clear,01 - Dry,10 - No control,01 - Non intersection,01 - Daylight,02 - Non-fatal injury,03 - Rear end,Greenbelt
469,ST. JOSEPH BLVD @ TENTH LINE RD,382891.2777,5038665.505,-75.50104473,45.48354548,2014-03-09,15:14,01 - Clear,01 - Dry,01 - Traffic signal,03 - At intersection,01 - Daylight,02 - Non-fatal injury,02 - Angle,Industrial Park
470,INNES RD btwn JEANNE D'ARC BLVD S & WILDFLOWER DR,382780.4076,5035629.165,-75.5029446,45.45623957,2014-04-06,14:07,01 - Clear,01 - Dry,10 - No control,01 - Non intersection,01 - Daylight,02 - Non-fatal injury,03 - Rear end,Queenswood Heights
471,ALTA VISTA DR @ SMYTH RD,370434.1377,5029078.714,-75.66165801,45.39857014,2014-06-06,9:35,01 - Clear,01 - Dry,01 - Traffic signal,03 - At intersection,01 - Daylight,02 - Non-fatal injury,05 - Turning movement,Alta Vista
472,ALTA VISTA DR btwn BILLINGS AVE & PLEASANT PARK RD,370354.0369,5028589.751,-75.662746,45.39417813,2014-03-27,12:51,01 - Clear,01 - Dry,10 - No control,01 - Non intersection,01 - Daylight,02 - Non-fatal injury,01 - Approaching,Alta Vista
473,BASELINE RD @ CEDARVIEW RD,358967.191,5021672.594,-75.80892489,45.33291102,2014-03-30,4:00,03 - Snow,03 - Loose snow,01 - Traffic signal,02 - Intersection related,07 - Dark,02 - Non-fatal injury,07 - SMV other,Briar Green - Leslie Park
474,BELFAST RD @ ST. LAURENT BLVD,372861.198,5030577.614,-75.63045391,45.41182483,2014-03-18,14:08,01 - Clear,01 - Dry,01 - Traffic signal,02 - Intersection related,01 - Daylight,02 - Non-fatal injury,03 - Rear end,Industrial Park
475,PINECREST RD @ RICHMOND RD,360072.1966,5024470.565,-75.79451542,45.35800099,2014-04-07,7:15,01 - Clear,01 - Dry,01 - Traffic signal,03 - At intersection,01 - Daylight,02 - Non-fatal injury,03 - Rear end,Whitehaven - Queensway Terrace North
476,DU GRAND BOIS AVE @ INNES RD,383109.8933,5035763.742,-75.49871102,45.45741353,2014-03-28,15:31,02 - Rain,02 - Wet,02 - Stop sign,02 - Intersection related,01 - Daylight,02 - Non-fatal injury,07 - SMV other,Avalon
477,INNES RD @ ORCHARDVIEW AVE/ESPRIT DR,384844.7646,5036561.32,-75.47640222,45.46439279,2014-04-05,9:48,01 - Clear,02 - Wet,01 - Traffic signal,03 - At intersection,01 - Daylight,02 - Non-fatal injury,03 - Rear end,Fallingbrook
478,GREENBANK RD @ MALVERN DR/FOXFIELD DR,363310.2646,5016194.433,-75.75416644,45.28326998,2014-03-25,19:03,01 - Clear,06 - Ice,01 - Traffic signal,03 - At intersection,07 - Dark,02 - Non-fatal injury,03 - Rear end,Barrhaven West - Old Barrhaven
479,WESTERN AVE @ WELLINGTON ST,364336.273,5028969.504,-75.7395517,45.39813258,2014-04-09,16:20,01 - Clear,01 - Dry,01 - Traffic signal,02 - Intersection related,01 - Daylight,02 - Non-fatal injury,03 - Rear end,Island Park
480,SHEFFIELD RD @ WALKLEY RD,375257.7351,5028784.285,-75.60009585,45.39545222,2014-03-06,11:44,01 - Clear,01 - Dry,01 - Traffic signal,02 - Intersection related,01 - Daylight,02 - Non-fatal injury,03 - Rear end,Industrial Park
481,ST. JOSEPH BLVD @ DUFORD DR/PLACE D'ORLEANS DR,381996.8359,5037994.871,-75.51259025,45.47761119,2014-01-23,19:16,01 - Clear,02 - Wet,01 - Traffic signal,03 - At intersection,07 - Dark,02 - Non-fatal injury,05 - Turning movement,Queenswood Heights
482,CALDERWOOD WAY btwn CRAIGFLOWER LANE & BLACKSHIRE CIRC,365832.3079,5013188.019,-75.72239022,45.25600391,2014-07-08,11:04,01 - Clear,01 - Dry,10 - No control,01 - Non intersection,01 - Daylight,02 - Non-fatal injury,06 - SMV unattended vehicle,New Barrhaven
483,CALDWELL AVE @ MERIVALE RD,364906.9241,5026230.412,-75.73259707,45.373438,2014-01-03,9:11,01 - Clear,06 - Ice,01 - Traffic signal,02 - Intersection related,01 - Daylight,02 - Non-fatal injury,03 - Rear end,Civic Hospital - Experimental Farm - Central Park
484,CUMMINGS AVE @ MONTREAL RD,372006.2859,5034039.638,-75.64090255,45.44305715,2014-02-18,15:40,03 - Snow,03 - Loose snow,01 - Traffic signal,03 - At intersection,01 - Daylight,02 - Non-fatal injury,05 - Turning movement,Cummings
485,HERON RD @ KALADAR AVE,369684.3016,5026805.485,-75.67153349,45.37818627,2014-04-01,9:24,01 - Clear,01 - Dry,01 - Traffic signal,03 - At intersection,01 - Daylight,02 - Non-fatal injury,02 - Angle,Alta Vista
486,O'TOOLE RD btwn WILHAVEN DR & INNES RD,388883.6278,5038841.274,-75.42437271,45.48443082,2014-04-10,15:53,01 - Clear,01 - Dry,10 - No control,01 - Non intersection,01 - Daylight,02 - Non-fatal injury,06 - SMV unattended vehicle,Cumberland - Estates
487,ST. LAURENT BLVD @ COVENTRY RD/OGILVIE RD,372307.1413,5031952.522,-75.63734333,45.42424929,2014-01-28,14:29,01 - Clear,02 - Wet,01 - Traffic signal,02 - Intersection related,01 - Daylight,02 - Non-fatal injury,03 - Rear end,Overbrook
488,BANK ST @ ST. BERNARD ST,373007.1095,5023710.394,-75.62953868,45.35002225,2014-04-09,18:27,01 - Clear,01 - Dry,01 - Traffic signal,02 - Intersection related,01 - Daylight,02 - Non-fatal injury,03 - Rear end,Blossom Park - Blossom Park West - Sawmill Creek/ Timbermill
489,ST. JOSEPH BLVD @ JEANNE D'ARC BLVD,379863.1122,5036472.529,-75.54011094,45.46414699,2014-04-01,17:21,01 - Clear,01 - Dry,11 - Roundabout,03 - At intersection,01 - Daylight,02 - Non-fatal injury,02 - Angle,Chapel Hill
490,COVENTRY RD @ LOLA ST,371264.1915,5031615.52,-75.65071491,45.42131697,2014-04-01,12:05,01 - Clear,01 - Dry,01 - Traffic signal,03 - At intersection,01 - Daylight,02 - Non-fatal injury,07 - SMV other,Overbrook
491,BEVERLY ST @ STITTSVILLE MAIN ST,349843.5836,5013826.659,-75.92603183,45.26295589,2014-04-01,13:30,01 - Clear,01 - Dry,01 - Traffic signal,02 - Intersection related,01 - Daylight,02 - Non-fatal injury,03 - Rear end,Stittsville
492,RIVERSIDE DR @ HERON RD,368121.5788,5026648.169,-75.69150506,45.37691376,2014-01-16,15:50,01 - Clear,01 - Dry,01 - Traffic signal,02 - Intersection related,01 - Daylight,02 - Non-fatal injury,03 - Rear end,Riverside Park
493,INDUSTRIAL AVE @ RIVERSIDE DR,370687.0883,5030592.553,-75.65822515,45.41216732,2014-03-31,12:24,01 - Clear,01 - Dry,01 - Traffic signal,02 - Intersection related,01 - Daylight,02 - Non-fatal injury,03 - Rear end,Industrial Park
494,ST. LAURENT BLVD @ MCARTHUR AVE,371921.3295,5032888.428,-75.64214541,45.43270727,2014-04-08,21:15,01 - Clear,01 - Dry,01 - Traffic signal,03 - At intersection,07 - Dark,02 - Non-fatal injury,05 - Turning movement,Cummings
495,CARP RD btwn THOMAS A. DOLAN PKWY & NORMA LANE,336562.3817,5025990.431,-76.0944825,45.37313664,2014-03-30,6:01,03 - Snow,03 - Loose snow,10 - No control,01 - Non intersection,07 - Dark,02 - Non-fatal injury,07 - SMV other,Carp - Hardwood Plains
496,MAITLAND AVE btwn TARA DR & ERINDALE DR,363661.1292,5025234.462,-75.74861978,45.36458233,2014-04-02,8:34,01 - Clear,01 - Dry,10 - No control,04 - At/near private drive,01 - Daylight,02 - Non-fatal injury,05 - Turning movement,Braemar Park - Bel Air Heights - Copeland Park
497,WALKLEY RD @ DON REID DR/RYDER ST,372602.2008,5027281.7,-75.63421548,45.38219476,2014-04-02,16:21,01 - Clear,01 - Dry,01 - Traffic signal,02 - Intersection related,01 - Daylight,02 - Non-fatal injury,03 - Rear end,South Keys - Heron Gate - Greenboro West
498,HERON RD EB btwn DATA CENTRE RD & JUNCTION AVE,368950.9927,5026729.62,-75.68090554,45.37757118,2014-04-09,7:42,01 - Clear,01 - Dry,10 - No control,01 - Non intersection,01 - Daylight,02 - Non-fatal injury,04 - Sideswipe,Alta Vista
499,PRINCE OF WALES DR @ MERIVALE RD,367449.2043,5017616.714,-75.70123252,45.29571082,2014-04-11,6:39,01 - Clear,02 - Wet,01 - Traffic signal,02 - Intersection related,01 - Daylight,02 - Non-fatal injury,03 - Rear end,Greenbelt
500,ALTA VISTA DR @ SMYTH RD,370431.2941,5029081.558,-75.66169395,45.39859599,2014-03-30,14:11,01 - Clear,02 - Wet,01 - Traffic signal,02 - Intersection related,01 - Daylight,02 - Non-fatal injury,03 - Rear end,Alta Vista
501,REGIONAL ROAD 174 btwn REGIONAL ROAD 174 & OR174 IC102 RAMP61,381591.1679,5038258.08,-75.51773716,45.48002405,2014-03-31,6:39,01 - Clear,02 - Wet,10 - No control,01 - Non intersection,01 - Daylight,02 - Non-fatal injury,07 - SMV other,Industrial Park
502,JOHN SUTHERLAND DR @ RICHMOND RD,358780.2501,5022156.162,-75.811257,45.33727659,2014-03-16,14:30,01 - Clear,01 - Dry,01 - Traffic signal,02 - Intersection related,01 - Daylight,02 - Non-fatal injury,03 - Rear end,Greenbelt
503,GRANT CARMAN DR @ VIEWMOUNT DR,365435.1786,5023082.456,-75.72623948,45.3450677,2014-03-04,17:32,03 - Snow,03 - Loose snow,02 - Stop sign,03 - At intersection,01 - Daylight,02 - Non-fatal injury,02 - Angle,Borden Farm - Stewart Farm - Parkwood Hills - Fisher Glen