Record,Location,X,Y,lon,lat,Date,Time,Environment,Road_Surface,Traffic_Control,Collision_Location,Light,Collision_Classification,Impact_type,Neighborhood
504,CARLING AVE @ PINECREST  RD/GREENVIEW AVE,360004.5707,5024633.933,-75.79536028,45.3594763,2014-03-30,17:52,01 - Clear,02 - Wet,01 - Traffic signal,03 - At intersection,01 - Daylight,02 - Non-fatal injury,07 - SMV other,Whitehaven - Queensway Terrace North
505,GREENBANK RD @ BERRIGAN DR/WESSEX RD,363724.1556,5015276.425,-75.74899999,45.27497516,2014-04-05,12:26,01 - Clear,01 - Dry,01 - Traffic signal,02 - Intersection related,01 - Daylight,02 - Non-fatal injury,03 - Rear end,New Barrhaven
506,MARCH RD btwn SOLANDT RD & STATION RD,350837.811,5022320.113,-75.91257483,45.33931797,2014-03-31,9:01,01 - Clear,01 - Dry,10 - No control,01 - Non intersection,01 - Daylight,02 - Non-fatal injury,03 - Rear end,South March
507,RIDEAU ST @ 88 W OF WILLIAM ST/FREIMAN MALL,368024.0798,5032111.763,-75.69204939,45.42608232,2014-03-08,11:30,01 - Clear,01 - Dry,01 - Traffic signal,02 - Intersection related,01 - Daylight,02 - Non-fatal injury,03 - Rear end,Byward Market - Parliament Hill
508,BASELINE RD @ CLYDE AVE,364359.1772,5024889.565,-75.73975134,45.36142003,2014-04-03,21:25,01 - Clear,01 - Dry,01 - Traffic signal,02 - Intersection related,07 - Dark,02 - Non-fatal injury,07 - SMV other,Braemar Park - Bel Air Heights - Copeland Park
509,SMYTH RD E/LANCASTER RD @ ST. LAURENT BLVD N/R,373364.1141,5029425.068,-75.62418971,45.40140568,2014-03-30,17:20,01 - Clear,01 - Dry,01 - Traffic signal,02 - Intersection related,01 - Daylight,02 - Non-fatal injury,03 - Rear end,Sheffield Glen
510,CARLING AVE btwn BURKE RD & DEFENSE  RESEARCH COMPLEX,353114.8085,5022834.88,-75.88347258,45.34379681,2014-04-07,17:45,01 - Clear,01 - Dry,10 - No control,01 - Non intersection,01 - Daylight,02 - Non-fatal injury,03 - Rear end,Greenbelt
511,VALIN ST @ JERSEY ST,385546.1392,5037628.288,-75.46725932,45.47391161,2014-02-13,8:16,01 - Clear,01 - Dry,02 - Stop sign,03 - At intersection,01 - Daylight,02 - Non-fatal injury,02 - Angle,Cardinal Creek
512,REGIONAL ROAD 174 btwn QUIGLEY HILL RD & CAMERON ST,389712.4324,5042594.815,-75.41312262,45.5181004,2014-03-24,18:26,01 - Clear,01 - Dry,10 - No control,01 - Non intersection,05 - Dusk,02 - Non-fatal injury,03 - Rear end,Cumberland - Estates
513,CEDARVIEW RD @ FALLOWFIELD RD,361295.1742,5015665.203,-75.77991108,45.27867277,2014-04-04,7:39,01 - Clear,01 - Dry,01 - Traffic signal,03 - At intersection,01 - Daylight,02 - Non-fatal injury,02 - Angle,Munster Hamlet - Richmond
514,WEST HUNT CLUB RD @ ROYDON PL/SUNDERLAND ST,365973.7076,5022170.251,-75.71948079,45.33681306,2014-04-11,13:59,01 - Clear,01 - Dry,01 - Traffic signal,03 - At intersection,01 - Daylight,02 - Non-fatal injury,05 - Turning movement,Industrial Park
515,CRESTWAY DR @ LEIKIN DR,366938.9304,5016512.668,-75.7078761,45.28582203,2014-04-01,8:00,01 - Clear,01 - Dry,02 - Stop sign,03 - At intersection,01 - Daylight,02 - Non-fatal injury,02 - Angle,Chapman Mills - Rideau Crest - Davidson Heights
516,FOWLER ST @ HAMILTON ST,356657.1368,5005897.349,-75.84004167,45.19113653,2014-03-28,19:06,02 - Rain,02 - Wet,02 - Stop sign,03 - At intersection,07 - Dark,02 - Non-fatal injury,02 - Angle,Richmond
517,DEAN MARTIN CRES @ GIBFORD DR,370030.1455,5022883.114,-75.66763578,45.34286182,2014-04-09,13:29,01 - Clear,01 - Dry,10 - No control,03 - At intersection,01 - Daylight,02 - Non-fatal injury,04 - Sideswipe,Hunt Club - Ottawa Airport
518,HUNT CLUB RD @ RIVERSIDE DR,368037.1769,5021947.394,-75.69318391,45.33462489,2014-03-31,19:55,01 - Clear,01 - Dry,01 - Traffic signal,02 - Intersection related,07 - Dark,02 - Non-fatal injury,03 - Rear end,Hunt Club Woods - Quintarra - Revelstoke - Riverside South P
519,REGIONAL ROAD 174 EB btwn OR174 IC109 RAMP55 & TRANSIT,376509.8334,5035070.561,-75.58319066,45.45188528,2014-01-04,5:29,03 - Snow,06 - Ice,10 - No control,01 - Non intersection,07 - Dark,02 - Non-fatal injury,99 - Other,Greenbelt
520,MAJESTIC DR @ WOODROFFE AVE,363527.2195,5021571.492,-75.750764,45.3316345,2014-01-04,15:39,01 - Clear,01 - Dry,01 - Traffic signal,02 - Intersection related,01 - Daylight,02 - Non-fatal injury,03 - Rear end,Woodvale - Craig Henry - Manordale - Estates of Arlington Wo
521,ST. LAURENT BLVD/DUNBARTON CRT @ BRITTANY DR,371330.2949,5034335.647,-75.64950276,45.44578516,2014-02-18,9:00,03 - Snow,04 - Slush,01 - Traffic signal,02 - Intersection related,01 - Daylight,02 - Non-fatal injury,07 - SMV other,Cemetery
522,DALHOUSIE ST @ RIDEAU ST,368209.0788,5032227.581,-75.68967059,45.42710766,2014-02-02,1:59,03 - Snow,02 - Wet,01 - Traffic signal,03 - At intersection,07 - Dark,02 - Non-fatal injury,07 - SMV other,Byward Market - Parliament Hill
523,BLAIR RD @ INNES RD,375579.8013,5031440.503,-75.59560152,45.41931896,2014-03-31,9:30,01 - Clear,01 - Dry,01 - Traffic signal,02 - Intersection related,01 - Daylight,02 - Non-fatal injury,03 - Rear end,Greenbelt
524,BASELINE RD/HWY 416 RICHMOND IC75R53 @ RICHMON,358637.0867,5021820.539,-75.81312002,45.33426764,2014-04-09,14:17,01 - Clear,01 - Dry,01 - Traffic signal,02 - Intersection related,01 - Daylight,02 - Non-fatal injury,03 - Rear end,Briar Green - Leslie Park
525,GUIGUES AVE @ KING EDWARD AVE,368202.1664,5032903.448,-75.68967189,45.4331895,2014-04-09,14:44,01 - Clear,02 - Wet,02 - Stop sign,02 - Intersection related,01 - Daylight,02 - Non-fatal injury,03 - Rear end,Lower Town
526,RIVERSIDE DR RAMP 34 @ RIVERSIDE DR,368338.2039,5027183.505,-75.68867056,45.38171095,2014-04-03,14:00,01 - Clear,01 - Dry,03 - Yield sign,02 - Intersection related,01 - Daylight,02 - Non-fatal injury,03 - Rear end,Riverside Park
527,OGILVIE RD @ ELMLEA GT/SHOPPERS CITY EAST SC,374988.2588,5033485.635,-75.60286763,45.43777951,2014-04-06,17:12,01 - Clear,01 - Dry,01 - Traffic signal,02 - Intersection related,01 - Daylight,02 - Non-fatal injury,03 - Rear end,Beacon Hill South - Cardinal Heights
528,RIVERSIDE DR @ WALKLEY RD,368420.1457,5024852.581,-75.68792455,45.36073048,2014-01-11,6:30,02 - Rain,06 - Ice,01 - Traffic signal,02 - Intersection related,07 - Dark,02 - Non-fatal injury,07 - SMV other,Riverside Park
529,WEST HUNT CLUB RD @ WOODROFFE AVE,363669.2692,5021246.489,-75.74899055,45.32869825,2014-04-01,12:06,01 - Clear,01 - Dry,01 - Traffic signal,02 - Intersection related,01 - Daylight,02 - Non-fatal injury,03 - Rear end,Woodvale - Craig Henry - Manordale - Estates of Arlington Wo
530,WEST HUNT CLUB RD @ WOODROFFE AVE,363670.184,5021247.249,-75.74897879,45.32870501,2014-04-01,12:10,01 - Clear,01 - Dry,01 - Traffic signal,02 - Intersection related,01 - Daylight,02 - Non-fatal injury,03 - Rear end,Woodvale - Craig Henry - Manordale - Estates of Arlington Wo
531,RIVERSIDE DR NB btwn RIVERSIDE DR SPLIT & DATA CENTRE RD,368772.9019,5027553.992,-75.68307239,45.38500492,2014-03-22,13:32,03 - Snow,02 - Wet,10 - No control,01 - Non intersection,01 - Daylight,02 - Non-fatal injury,07 - SMV other,Alta Vista
532,WEST HUNT CLUB RD btwn HWY416 IC72 RAMP63 & CEDARVIEW RD,359616.9054,5019506.569,-75.8008761,45.31337058,2014-04-07,5:53,01 - Clear,01 - Dry,10 - No control,01 - Non intersection,03 - Dawn,02 - Non-fatal injury,07 - SMV other,Greenbelt
533,LOLA ST @ KING GEORGE ST,371122.2469,5032116.476,-75.65246104,45.42583783,2014-02-24,12:09,01 - Clear,01 - Dry,03 - Yield sign,03 - At intersection,01 - Daylight,02 - Non-fatal injury,02 - Angle,Overbrook
534,ST. JOSEPH BLVD btwn ST. JEAN ST & BELCOURT BLVD,381096.281,5037283.255,-75.5242179,45.47130764,2014-04-11,7:00,01 - Clear,01 - Dry,10 - No control,04 - At/near private drive,01 - Daylight,02 - Non-fatal injury,07 - SMV other,Orleans Village - Chateauneuf
535,PRINCE OF WALES DR @ FALLOWFIELD RD,367399.2361,5019166.47,-75.70167385,45.30965978,2014-03-11,15:41,01 - Clear,01 - Dry,01 - Traffic signal,02 - Intersection related,01 - Daylight,02 - Non-fatal injury,03 - Rear end,Greenbelt
536,ALTA VISTA DR @ KILBORN AVE,370366.197,5027751.539,-75.66270208,45.38663506,2014-02-26,12:33,01 - Clear,01 - Dry,01 - Traffic signal,03 - At intersection,01 - Daylight,02 - Non-fatal injury,02 - Angle,Alta Vista
537,BAYSHORE DR btwn WOODRIDGE CRES S & BAYSHORE CS,359224.6643,5023527.515,-75.80543618,45.34958172,2014-03-26,18:50,01 - Clear,01 - Dry,10 - No control,04 - At/near private drive,05 - Dusk,02 - Non-fatal injury,07 - SMV other,Bayshore
538,JASMINE CRES btwn OGILVIE RD & ARROWSMITH DR,375509.2825,5033648.141,-75.59618549,45.43918915,2014-04-14,19:39,01 - Clear,02 - Wet,10 - No control,04 - At/near private drive,07 - Dark,02 - Non-fatal injury,02 - Angle,Beacon Hill South - Cardinal Heights
539,IBER RD btwn HUNTMAR DR & HARRY DOUGLAS DR,351451.6865,5015462.251,-75.905388,45.27756865,2014-03-02,16:07,01 - Clear,01 - Dry,10 - No control,01 - Non intersection,01 - Daylight,02 - Non-fatal injury,07 - SMV other,Stittsville
540,PRINCE OF WALES DR btwn WELLSMERE CRT & RIDEAU HEIGHTS LANE,367464.0205,5022660.211,-75.70040558,45.34109011,2014-04-28,10:10,01 - Clear,01 - Dry,10 - No control,01 - Non intersection,01 - Daylight,02 - Non-fatal injury,05 - Turning movement,Industrial Park
541,CARLING AVE @ IROQUOIS RD,362212.2642,5026023.634,-75.76702173,45.37180339,2014-04-15,12:30,03 - Snow,02 - Wet,01 - Traffic signal,03 - At intersection,01 - Daylight,02 - Non-fatal injury,02 - Angle,Carlingwood - McKellar Park - Laurentien View
542,BANK ST btwn RIDEAU RD & TURN LANE,377042.7516,5017623.879,-75.57893008,45.29485443,2014-04-14,12:10,01 - Clear,01 - Dry,10 - No control,04 - At/near private drive,01 - Daylight,02 - Non-fatal injury,03 - Rear end,Greenbelt
543,BASELINE RD @ NAVAHO DR,363086.1646,5024097.506,-75.75609283,45.35440016,2014-04-10,16:57,01 - Clear,01 - Dry,01 - Traffic signal,02 - Intersection related,01 - Daylight,02 - Non-fatal injury,07 - SMV other,Braemar Park - Bel Air Heights - Copeland Park
544,PORTOBELLO BLVD @ AQUAVIEW DR/NANTES ST,385733.1708,5036025.748,-75.46513146,45.45947188,2014-04-10,20:50,02 - Rain,02 - Wet,02 - Stop sign,03 - At intersection,07 - Dark,02 - Non-fatal injury,07 - SMV other,Notting Hill
545,BANK ST btwn RIDEAU RD & TURN LANE,377136.5468,5017372.443,-75.57777105,45.29258246,2014-04-23,7:40,01 - Clear,01 - Dry,10 - No control,01 - Non intersection,01 - Daylight,02 - Non-fatal injury,03 - Rear end,Greenbelt
546,BANK ST btwn SPRINGHILL RD & DALMENY RD,385170.9021,5006175.012,-75.47716504,45.19096169,2014-03-02,9:02,01 - Clear,02 - Wet,10 - No control,01 - Non intersection,01 - Daylight,02 - Non-fatal injury,01 - Approaching,Metcalfe
547,CAMPBELL AVE @ DOHENY ST,363511.1675,5026669.535,-75.75036335,45.3775075,2014-04-17,17:11,01 - Clear,01 - Dry,02 - Stop sign,03 - At intersection,01 - Daylight,02 - Non-fatal injury,02 - Angle,Carlingwood West - Glabar Park - McKellar Heights
548,KENT ST @ QUEEN ST,367179.2205,5031384.684,-75.70293699,45.41961615,2014-04-02,16:11,01 - Clear,01 - Dry,01 - Traffic signal,02 - Intersection related,01 - Daylight,02 - Non-fatal injury,03 - Rear end,Downtown
549,SHEFFIELD RD btwn TO BE DETERMINED & WALKLEY RD,375245.8868,5028804.444,-75.60024428,45.3956348,2014-04-03,6:47,01 - Clear,03 - Loose snow,10 - No control,01 - Non intersection,01 - Daylight,02 - Non-fatal injury,04 - Sideswipe,Industrial Park
550,BANK ST @ RIVERSIDE DR N,369225.242,5027983.546,-75.67724057,45.38882846,2014-04-19,12:23,01 - Clear,01 - Dry,01 - Traffic signal,03 - At intersection,01 - Daylight,02 - Non-fatal injury,02 - Angle,Alta Vista
551,ANALDEA DR @ BANK ST,375695.3802,5020813.489,-75.59565013,45.32369055,2014-04-23,7:44,01 - Clear,01 - Dry,02 - Stop sign,02 - Intersection related,01 - Daylight,02 - Non-fatal injury,03 - Rear end,Greenbelt
552,ROGER STEVENS DR btwn DWYER HILL RD & MALAKOFF RD,357371.4955,4992028.354,-75.83240845,45.06628474,2014-04-14,17:39,02 - Rain,02 - Wet,10 - No control,01 - Non intersection,01 - Daylight,02 - Non-fatal injury,03 - Rear end,Munster Hamlet - Richmond
553,REGIONAL ROAD 174 EB btwn OR174 IC109 RAMP55 & TRANSIT,376490.5206,5035019.376,-75.583445,45.45142673,2014-04-14,17:57,02 - Rain,02 - Wet,10 - No control,07 - Overpass or bridge,01 - Daylight,02 - Non-fatal injury,03 - Rear end,Greenbelt
554,CASTLEFRANK RD @ MCCURDY DR N,352077.714,5018772.355,-75.89709372,45.30731202,2014-04-17,8:15,01 - Clear,01 - Dry,02 - Stop sign,03 - At intersection,01 - Daylight,02 - Non-fatal injury,02 - Angle,Katimavik - Hazeldean
555,DUNNING RD btwn FRENCH HILL RD & INNES RD,392003.77,5038529.23,-75.38452165,45.48124064,2014-04-07,16:01,01 - Clear,01 - Dry,10 - No control,04 - At/near private drive,01 - Daylight,02 - Non-fatal injury,03 - Rear end,Cumberland - Estates
556,FALLOWFIELD RD @ GREENBANK RD,363082.0975,5016732.455,-75.75701146,45.28813007,2014-04-23,12:30,01 - Clear,01 - Dry,01 - Traffic signal,02 - Intersection related,01 - Daylight,02 - Non-fatal injury,03 - Rear end,Greenbelt
557,AIRPORT PKWY btwn RAMP & TO BE DETERMINED,370070.9288,5025542.572,-75.66676431,45.36678706,2014-04-24,16:32,01 - Clear,01 - Dry,10 - No control,01 - Non intersection,01 - Daylight,02 - Non-fatal injury,03 - Rear end,Hunt Club Woods - Quintarra - Revelstoke - Riverside South P
558,BANK ST @ RIVERSIDE DR S,369307.1862,5027893.318,-75.67620599,45.38800907,2014-02-12,7:50,01 - Clear,01 - Dry,01 - Traffic signal,02 - Intersection related,01 - Daylight,02 - Non-fatal injury,03 - Rear end,Alta Vista
559,LESTER RD btwn ALBION RD & UPLANDS DR,372372.9562,5022121.451,-75.63784788,45.33578687,2014-01-27,7:27,03 - Snow,05 - Packed snow,10 - No control,01 - Non intersection,03 - Dawn,02 - Non-fatal injury,01 - Approaching,Greenbelt
560,BANK ST @ GLOUCESTER ST,367525.1288,5031199.53,-75.69854108,45.41791926,2014-02-26,16:59,01 - Clear,01 - Dry,01 - Traffic signal,02 - Intersection related,01 - Daylight,02 - Non-fatal injury,07 - SMV other,Centretown
561,CYRVILLE RD @ INNES RD,375050.0944,5031119.564,-75.60241484,45.41648471,2014-04-17,10:15,01 - Clear,01 - Dry,01 - Traffic signal,03 - At intersection,01 - Daylight,02 - Non-fatal injury,02 - Angle,Industrial Park
562,VIEWMOUNT DR @ MERIVALE RD,365194.0526,5022948.969,-75.72933249,45.3438874,2014-04-17,11:27,01 - Clear,01 - Dry,01 - Traffic signal,02 - Intersection related,01 - Daylight,02 - Non-fatal injury,03 - Rear end,Tanglewood
563,ANDERSON ST @ BOOTH ST,366652.1185,5030124.568,-75.70982964,45.40832478,2014-02-25,18:40,01 - Clear,01 - Dry,02 - Stop sign,02 - Intersection related,07 - Dark,02 - Non-fatal injury,07 - SMV other,Centretown West
564,ISABELLA ST/HWY417 IC119AR75 @ METCALFE ST,368448.5605,5030400.361,-75.6868465,45.41064521,2014-04-26,16:00,02 - Rain,02 - Wet,01 - Traffic signal,02 - Intersection related,01 - Daylight,02 - Non-fatal injury,03 - Rear end,The Glebe
565,MAIN ST @ OBLATE AVE,369108.1799,5030310.618,-75.67843199,45.40977744,2014-02-10,14:44,01 - Clear,01 - Dry,01 - Traffic signal,02 - Intersection related,01 - Daylight,02 - Non-fatal injury,07 - SMV other,Old Ottawa East
566,ST. JOSEPH BLVD @ FOREST VALLEY DR/YOUVILLE DR,379164.7411,5036157.351,-75.54908797,45.46138595,2014-04-11,17:30,01 - Clear,01 - Dry,01 - Traffic signal,02 - Intersection related,01 - Daylight,02 - Non-fatal injury,03 - Rear end,Chapel Hill
567,HUNT CLUB RD btwn DAZE ST & TURN LANE,371545.7033,5024010.25,-75.64814663,45.35286087,2014-04-11,15:38,01 - Clear,01 - Dry,10 - No control,04 - At/near private drive,01 - Daylight,02 - Non-fatal injury,05 - Turning movement,South Keys - Heron Gate - Greenboro West
568,CARLING AVE @ KIRKWOOD AVE S,364350.0998,5027339.98,-75.73957176,45.38346925,2014-03-04,12:20,00 - Unknown,00 - Unknown,01 - Traffic signal,02 - Intersection related,01 - Daylight,02 - Non-fatal injury,03 - Rear end,Carlington
569,QUEENSDALE AVE btwn ALBION RD & FIRST (1ST) ST,372457.8944,5022926.39,-75.63665423,45.34302125,2014-03-09,11:35,01 - Clear,01 - Dry,10 - No control,01 - Non intersection,01 - Daylight,02 - Non-fatal injury,07 - SMV other,Blossom Park - Blossom Park West - Sawmill Creek/ Timbermill
570,ST. LAURENT BLVD btwn BELFAST RD & INDUSTRIAL AVE,373087.4051,5030033.055,-75.62763967,45.40690311,2014-04-11,18:56,01 - Clear,01 - Dry,10 - No control,01 - Non intersection,01 - Daylight,02 - Non-fatal injury,07 - SMV other,Industrial Park
571,BANTREE ST btwn OLD INNES RD & EDINBURGH PL,373772.2511,5030243.605,-75.61886245,45.40873039,2014-04-22,13:53,01 - Clear,01 - Dry,10 - No control,01 - Non intersection,01 - Daylight,02 - Non-fatal injury,03 - Rear end,Industrial Park
572,BOUNDARY RD btwn PANA RD & CARTWRIGHT RD,390542.3477,5015531.574,-75.40720544,45.27451214,2014-04-26,1:00,02 - Rain,02 - Wet,10 - No control,01 - Non intersection,07 - Dark,02 - Non-fatal injury,07 - SMV other,Metcalfe
573,HAWTHORNE RD btwn STEVENAGE DR & HUNT CLUB RD,375158.0675,5027260.456,-75.60158592,45.38175159,2014-04-28,6:26,01 - Clear,01 - Dry,10 - No control,04 - At/near private drive,01 - Daylight,02 - Non-fatal injury,05 - Turning movement,Industrial Park
574,ALTA VISTA DR @ SMYTH RD,370432.242,5029079.662,-75.6616821,45.39857885,2014-03-03,14:16,01 - Clear,01 - Dry,01 - Traffic signal,02 - Intersection related,01 - Daylight,02 - Non-fatal injury,03 - Rear end,Alta Vista
575,MCCOOEY LANE @ FISHER AVE,365998.1759,5026425.531,-75.71864185,45.37509919,2014-04-25,12:38,01 - Clear,01 - Dry,01 - Traffic signal,02 - Intersection related,01 - Daylight,02 - Non-fatal injury,03 - Rear end,Civic Hospital - Experimental Farm - Central Park
576,OTTAWA ROAD 29 btwn KEATLEY RD & MADAWASKA BLVD,318845.193,5031578.565,-76.32052091,45.42400084,2014-03-12,17:44,05 - Drifting Snow,03 - Loose snow,10 - No control,01 - Non intersection,01 - Daylight,02 - Non-fatal injury,07 - SMV other,Arnprior
577,PRESTON ST @ SOMERSET ST,366307.2247,5030129.464,-75.71423468,45.40839923,2014-04-12,14:24,01 - Clear,01 - Dry,01 - Traffic signal,03 - At intersection,01 - Daylight,02 - Non-fatal injury,05 - Turning movement,Little Italy
578,SAUNDERSON DR @ SMYTH RD,372796.101,5029322.603,-75.63145856,45.40053914,2014-04-02,13:07,01 - Clear,01 - Dry,01 - Traffic signal,03 - At intersection,01 - Daylight,02 - Non-fatal injury,02 - Angle,Elmvale - Eastway - Riverview - Riverview Park West
579,BASELINE RD @ CENTREPOINTE DR E/HIGHGATE RD,362063.7008,5023465.742,-75.76921464,45.34879983,2014-04-22,15:33,02 - Rain,02 - Wet,01 - Traffic signal,03 - At intersection,01 - Daylight,02 - Non-fatal injury,05 - Turning movement,Iris
580,OTTAWA RIVER PKWY @ PORTAGE BRIDGE,366514.9405,5031314.959,-75.71143288,45.41904769,2014-04-12,15:50,01 - Clear,01 - Dry,01 - Traffic signal,02 - Intersection related,01 - Daylight,02 - Non-fatal injury,07 - SMV other,LeBreton Flats
581,MONTREAL RD @ SHEFFORD RD,376127.1523,5034852.627,-75.58811421,45.44996361,2014-04-03,7:12,01 - Clear,01 - Dry,01 - Traffic signal,03 - At intersection,01 - Daylight,02 - Non-fatal injury,05 - Turning movement,Beacon Hill South - Cardinal Heights
582,REGIONAL ROAD 174 btwn OR174 IC109 RAMP64 & OR174 IC105 RAMP16,376714.994,5035458.449,-75.58051131,45.45535416,2014-04-25,16:04,01 - Clear,01 - Dry,10 - No control,01 - Non intersection,01 - Daylight,02 - Non-fatal injury,03 - Rear end,Greenbelt
583,CAMBRIDGE ST @ SOMERSET ST,366898.225,5030431.672,-75.70664721,45.41106622,2014-04-15,17:44,01 - Clear,01 - Dry,02 - Stop sign,03 - At intersection,01 - Daylight,02 - Non-fatal injury,02 - Angle,Chinatown
584,CARP RD btwn RICHARDSON SIDE RD & HWY417 IC144 RAMP62,346673.1044,5016628.524,-75.96619352,45.28836406,2014-04-16,7:44,01 - Clear,01 - Dry,10 - No control,04 - At/near private drive,01 - Daylight,02 - Non-fatal injury,03 - Rear end,Stittsville - Basswood
585,OLD PRESCOTT RD @ PARKWAY RD,377891.179,5013683.441,-75.56869454,45.25931222,2014-04-05,12:45,01 - Clear,01 - Dry,01 - Traffic signal,03 - At intersection,01 - Daylight,02 - Non-fatal injury,05 - Turning movement,Greely
586,TERRY FOX DR @ HALKIRK AVE/WINCHESTER DR,352512.0532,5016870.243,-75.89173818,45.29016698,2014-04-17,16:24,01 - Clear,01 - Dry,01 - Traffic signal,03 - At intersection,01 - Daylight,02 - Non-fatal injury,05 - Turning movement,Glen Cairn - Kanata South Business Park
587,GOULBOURN FORCED RD @ KANATA AVE,349778.5467,5020353.56,-75.92626865,45.32169114,2014-04-28,17:18,01 - Clear,01 - Dry,01 - Traffic signal,03 - At intersection,01 - Daylight,02 - Non-fatal injury,02 - Angle,Kanata Lakes - Marchwood Lakeside - Morgan's Grant - Kanata
588,INNES RD btwn VISENEAU DR & BELCOURT BLVD,382059.4936,5035230.591,-75.51222342,45.45273361,2014-04-04,20:35,02 - Rain,02 - Wet,10 - No control,01 - Non intersection,07 - Dark,02 - Non-fatal injury,03 - Rear end,Orleans Village - Chateauneuf
589,RIOCAN AVE btwn STRANDHERD DR & MARKETPLACE AVE,364235.2794,5014845.972,-75.74253771,45.27105893,2014-04-15,18:27,01 - Clear,02 - Wet,10 - No control,04 - At/near private drive,01 - Daylight,02 - Non-fatal injury,02 - Angle,New Barrhaven
590,CARLING AVE @ BROADVIEW AVE,363180.2127,5026636.646,-75.75459258,45.37723922,2014-04-06,16:09,01 - Clear,01 - Dry,01 - Traffic signal,02 - Intersection related,01 - Daylight,02 - Non-fatal injury,03 - Rear end,Carlingwood - McKellar Park - Laurentien View
591,KING EDWARD AVE @ ST. PATRICK ST,368250.1231,5032825.485,-75.68906908,45.43248367,2014-04-25,12:23,01 - Clear,01 - Dry,01 - Traffic signal,03 - At intersection,01 - Daylight,02 - Non-fatal injury,07 - SMV other,Lower Town
592,SMYTH RD/OTHELLO AVE @ RUSSELL RD W,373255.2622,5029373.546,-75.62558712,45.40095276,2014-04-16,0:04,01 - Clear,01 - Dry,01 - Traffic signal,03 - At intersection,07 - Dark,02 - Non-fatal injury,07 - SMV other,Elmvale - Eastway - Riverview - Riverview Park West
593,BOOTH ST @ OTTAWA RIVER PKWY/WELLINGTON ST,366265.7359,5031007.325,-75.71465518,45.41630163,2014-04-08,16:00,02 - Rain,02 - Wet,01 - Traffic signal,02 - Intersection related,01 - Daylight,02 - Non-fatal injury,03 - Rear end,LeBreton Flats
594,PAUL ANKA DR btwn UPLANDS DR & MCCARTHY RD,369474.3111,5023593.525,-75.67463482,45.34930538,2014-04-26,11:54,02 - Rain,02 - Wet,10 - No control,04 - At/near private drive,01 - Daylight,02 - Non-fatal injury,02 - Angle,Hunt Club East - Western Community
595,KENT ST btwn GLOUCESTER ST & NEPEAN ST,367366.7318,5031084.275,-75.70057941,45.41689642,2014-04-27,9:18,01 - Clear,01 - Dry,10 - No control,01 - Non intersection,01 - Daylight,02 - Non-fatal injury,07 - SMV other,Centretown
596,HUNT CLUB RD btwn GIBFORD DR & UPLANDS DR,370133.5045,5023106.326,-75.66628753,45.3448606,2014-04-12,12:26,01 - Clear,01 - Dry,10 - No control,04 - At/near private drive,01 - Daylight,02 - Non-fatal injury,02 - Angle,Hunt Club East - Western Community
597,GLADSTONE AVE @ LEBRETON ST,366855.2265,5029922.569,-75.70726058,45.40648927,2014-04-04,23:45,02 - Rain,02 - Wet,02 - Stop sign,03 - At intersection,07 - Dark,02 - Non-fatal injury,07 - SMV other,Centretown West
598,MANOTICK MAIN ST btwn CURRIER ST & EASTMAN AVE,369238.1242,5009431.141,-75.67948793,45.22189614,2014-04-13,20:34,02 - Rain,02 - Wet,10 - No control,01 - Non intersection,07 - Dark,02 - Non-fatal injury,05 - Turning movement,Manotick
599,QUEEN MARY ST @ VANIER PKWY,370364.1844,5031955.689,-75.66216875,45.4244626,2014-04-20,0:47,01 - Clear,01 - Dry,01 - Traffic signal,02 - Intersection related,07 - Dark,02 - Non-fatal injury,03 - Rear end,Overbrook
600,BERNARD ST @ QUEEN MARY ST,371919.0902,5032131.582,-75.64227718,45.42589774,2014-04-11,23:15,01 - Clear,01 - Dry,02 - Stop sign,02 - Intersection related,07 - Dark,02 - Non-fatal injury,03 - Rear end,Overbrook
601,HAZELDEAN RD @ JOHNWOODS ST/VICTOR ST,350187.0421,5015397.587,-75.92151195,45.27706955,2014-04-22,19:11,02 - Rain,02 - Wet,01 - Traffic signal,03 - At intersection,01 - Daylight,02 - Non-fatal injury,02 - Angle,Stittsville
602,MAITLAND AVE/HWY 417 MAITLAND IC126R53 @ HWY 4,363229.2154,5025774.932,-75.7540689,45.36948155,2014-04-18,22:55,01 - Clear,01 - Dry,01 - Traffic signal,03 - At intersection,07 - Dark,02 - Non-fatal injury,05 - Turning movement,Braemar Park - Bel Air Heights - Copeland Park
603,GEORGE ST @ DALHOUSIE ST,368157.2237,5032316.538,-75.69032175,45.42791276,2014-04-21,9:38,01 - Clear,01 - Dry,01 - Traffic signal,03 - At intersection,01 - Daylight,02 - Non-fatal injury,07 - SMV other,Byward Market
604,PLEASANT PARK RD @ VALLEY DR,373293.6799,5028683.134,-75.62519232,45.39473699,2014-02-15,11:04,01 - Clear,02 - Wet,02 - Stop sign,03 - At intersection,01 - Daylight,02 - Non-fatal injury,05 - Turning movement,Elmvale - Eastway - Riverview - Riverview Park West