Record,Location,X,Y,lon,lat,Date,Time,Environment,Road_Surface,Traffic_Control,Collision_Location,Light,Collision_Classification,Impact_type,Neighborhood
605,REGIONAL ROAD 174 btwn HWY417 IC113 RAMP67 & Continuation of REGIONAL ,373618.0014,5031976.106,-75.62059085,45.42433376,2014-04-09,9:26,01 - Clear,01 - Dry,10 - No control,01 - Non intersection,01 - Daylight,02 - Non-fatal injury,03 - Rear end,Industrial Park
606,TERRY FOX DR @ PALLADIUM DR/KATIMAVIK RD,351271.1398,5018181.775,-75.90743432,45.30205166,2014-04-12,14:00,01 - Clear,01 - Dry,01 - Traffic signal,02 - Intersection related,01 - Daylight,02 - Non-fatal injury,03 - Rear end,Katimavik - Hazeldean
607,DECARIE DR @ TERRANOVA DR/GRENOBLE CRES E,381125.3222,5038851.653,-75.52360282,45.4854156,2014-04-21,14:27,01 - Clear,01 - Dry,02 - Stop sign,03 - At intersection,01 - Daylight,02 - Non-fatal injury,05 - Turning movement,Orleans South West
608,RIVERSIDE DR NB btwn BANK ST & RIVERSIDE DR NB RAMP FROM EB TO WB,369333.6271,5027926.78,-75.67586398,45.38830772,2014-03-05,18:22,01 - Clear,02 - Wet,10 - No control,04 - At/near private drive,05 - Dusk,02 - Non-fatal injury,03 - Rear end,Alta Vista
609,MARCH RD @ MORGAN'S GRANT WAY/SHIRLEY'S BROOK ,349662.0831,5023618.458,-75.92745816,45.35107694,2014-03-28,16:45,02 - Rain,02 - Wet,01 - Traffic signal,03 - At intersection,01 - Daylight,02 - Non-fatal injury,07 - SMV other,Morgan's Grant
610,BASELINE RD btwn CLYDE AVE & 207 E OF CLYDE AVE,364380.0303,5024903.783,-75.73948346,45.36154619,2014-04-09,15:20,01 - Clear,01 - Dry,10 - No control,01 - Non intersection,01 - Daylight,02 - Non-fatal injury,03 - Rear end,Civic Hospital - Experimental Farm - Central Park
611,CHAPMAN MILLS DR btwn LEAMINGTON WAY & TEMAGAMI DR,365193.6912,5014768.311,-75.73033395,45.27027848,2014-03-28,20:13,01 - Clear,01 - Dry,10 - No control,01 - Non intersection,07 - Dark,02 - Non-fatal injury,06 - SMV unattended vehicle,New Barrhaven
612,MONTREAL RD btwn PALACE ST & VANIER PKWY,370035.269,5033040,-75.66622781,45.43424954,2014-04-09,17:16,01 - Clear,01 - Dry,10 - No control,04 - At/near private drive,01 - Daylight,02 - Non-fatal injury,05 - Turning movement,Vanier South
613,BANK ST btwn NOTTING HILL AVE & VANCOUVER AVE,370434.1274,5025696.082,-75.66210789,45.36813438,2014-03-26,10:29,01 - Clear,01 - Dry,10 - No control,04 - At/near private drive,01 - Daylight,02 - Non-fatal injury,03 - Rear end,Ledbury - Heron Gate - Ridgemont - Elmwood
614,LEMIEUX ST @ ST. LAURENT BLVD,372391.2508,5031744.46,-75.63629719,45.42236913,2014-06-11,8:27,01 - Clear,01 - Dry,01 - Traffic signal,03 - At intersection,01 - Daylight,02 - Non-fatal injury,03 - Rear end,Overbrook
615,MURRAY ST @ NELSON ST,368435.8676,5032843.828,-75.68669302,45.43263183,2014-04-30,13:46,02 - Rain,02 - Wet,02 - Stop sign,02 - Intersection related,01 - Daylight,02 - Non-fatal injury,07 - SMV other,Lower Town
616,RIVER RD btwn RIDEAU RD & KNOTT CRES,368236.094,5012012.925,-75.69191666,45.24521788,2014-04-25,16:40,01 - Clear,01 - Dry,10 - No control,04 - At/near private drive,01 - Daylight,02 - Non-fatal injury,02 - Angle,Manotick
617,INNES RD EB btwn INNES RD & INNES RD W,377021.8589,5032184.268,-75.57706878,45.42586353,2014-04-30,9:56,02 - Rain,02 - Wet,10 - No control,01 - Non intersection,01 - Daylight,02 - Non-fatal injury,07 - SMV other,Greenbelt
618,BANK ST @ QUEEN ST,367343.2301,5031487.684,-75.70082846,45.42052826,2014-05-07,18:24,01 - Clear,01 - Dry,01 - Traffic signal,02 - Intersection related,01 - Daylight,02 - Non-fatal injury,03 - Rear end,Downtown
619,LORRY GREENBERG DR @ PIKE ST,373113.9779,5025401.337,-75.6279413,45.36522631,2014-05-09,11:27,01 - Clear,01 - Dry,02 - Stop sign,02 - Intersection related,01 - Daylight,02 - Non-fatal injury,03 - Rear end,Greenboro East
620,BANK ST @ WALKLEY RD,370338.3259,5025946.787,-75.66329751,45.37039911,2014-01-27,10:46,03 - Snow,03 - Loose snow,01 - Traffic signal,02 - Intersection related,01 - Daylight,02 - Non-fatal injury,03 - Rear end,Ledbury - Heron Gate - Ridgemont - Elmwood
621,ABBEYHILL DR @ EAGLESON RD,353827.151,5018034.456,-75.87485842,45.30055231,2014-03-24,14:40,01 - Clear,01 - Dry,01 - Traffic signal,03 - At intersection,01 - Daylight,02 - Non-fatal injury,05 - Turning movement,Glen Cairn - Kanata South Business Park
622,"MCARTHUR AVE btwn EGLISE, RUE DE L & MAY ST",371556.2017,5032834.143,-75.64681882,45.43225379,2014-04-27,16:31,01 - Clear,01 - Dry,10 - No control,04 - At/near private drive,01 - Daylight,02 - Non-fatal injury,03 - Rear end,Castle Heights
623,LEMIEUX ST @ ST. LAURENT BLVD,372391.2508,5031742.564,-75.63629745,45.42235207,2014-06-17,17:23,01 - Clear,01 - Dry,01 - Traffic signal,03 - At intersection,01 - Daylight,02 - Non-fatal injury,05 - Turning movement,Overbrook
624,WEST HUNT CLUB RD @ WOODROFFE AVE,363672.1128,5021245.541,-75.74895439,45.32868948,2014-04-24,13:38,01 - Clear,01 - Dry,01 - Traffic signal,02 - Intersection related,01 - Daylight,02 - Non-fatal injury,03 - Rear end,Merivale Gardens - Grenfell Glen - Pineglen - Country Place
625,RIDEAU ST btwn KING EDWARD AVE & NELSON ST,368642.9242,5032492.316,-75.68409255,45.42945019,2014-05-07,19:05,01 - Clear,01 - Dry,10 - No control,04 - At/near private drive,01 - Daylight,02 - Non-fatal injury,99 - Other,Lowe
626,JEANNE D'ARC BLVD @ OR174 IC105 RAMP52,379455.6554,5036917.995,-75.54525301,45.46819862,2014-05-06,8:59,01 - Clear,01 - Dry,01 - Traffic signal,02 - Intersection related,01 - Daylight,02 - Non-fatal injury,03 - Rear end,Greenbelt
627,MONTREAL RD btwn SAVARD AVE & EMOND ST,370178.3495,5033124.44,-75.66438808,45.43499593,2014-05-08,14:10,01 - Clear,01 - Dry,10 - No control,04 - At/near private drive,01 - Daylight,02 - Non-fatal injury,02 - Angle,Vanier
628,RICHMOND RD @ BELLFIELD ST/RIDGEVALLEY DR,359493.1473,5023529.459,-75.80200986,45.34957833,2014-05-11,10:05,01 - Clear,01 - Dry,02 - Stop sign,03 - At intersection,01 - Daylight,02 - Non-fatal injury,02 - Angle,Bayshore
629,OTTAWA RIVER PKWY @ PORTAGE BRIDGE,366515.8884,5031316.854,-75.71142053,45.41906466,2014-05-11,10:20,01 - Clear,01 - Dry,01 - Traffic signal,03 - At intersection,01 - Daylight,02 - Non-fatal injury,02 - Angle,LeBreton Flats
630,SUSSEX DR btwn 262 N OF KING EDWARD AVE & STANLEY AVE,367816.6945,5033834.239,-75.69447887,45.44159927,2014-04-30,15:26,02 - Rain,02 - Wet,10 - No control,01 - Non intersection,01 - Daylight,02 - Non-fatal injury,04 - Sideswipe,New Edinburgh
631,HOLLY ACRES RD @ CARLING AVE,358236.0781,5023497.518,-75.81805479,45.34938783,2014-04-28,11:28,01 - Clear,01 - Dry,01 - Traffic signal,03 - At intersection,01 - Daylight,02 - Non-fatal injury,05 - Turning movement,Bayshore
632,ANDRE AUDET AVE btwn PONDHAWK WAY/SWITCH GRASS CRES & SOLDATS-RIENDEAU ST,364987.8135,5011939.253,-75.73330011,45.24484023,2014-06-03,9:50,02 - Rain,02 - Wet,10 - No control,04 - At/near private drive,01 - Daylight,03 - P.D. only,02 - Angle,New Barrhaven
633,BATHGATE DR @ MATHESON RD,373642.1901,5033371.634,-75.62008669,45.43688762,2014-05-05,12:45,01 - Clear,01 - Dry,02 - Stop sign,02 - Intersection related,01 - Daylight,02 - Non-fatal injury,03 - Rear end,Carson Grove - Carson Meadows
634,JEANNE D'ARC BLVD  S btwn WOODCLIFFE PRIV & HENRI LAUZON ST,380544.7825,5036177.27,-75.53144064,45.4614169,2014-02-05,7:22,01 - Clear,01 - Dry,10 - No control,01 - Non intersection,01 - Daylight,02 - Non-fatal injury,03 - Rear end,Chapel Hill
635,RIDEAU RD btwn POWER RD & HAWTHORNE RD,378496.2534,5018797.909,-75.56022641,45.30526687,2014-03-05,15:53,01 - Clear,02 - Wet,10 - No control,01 - Non intersection,01 - Daylight,02 - Non-fatal injury,01 - Approaching,Greenbelt
636,JOSEPH CYR ST @ LEMIEUX ST,372495.2285,5031752.819,-75.63496753,45.42243428,2014-07-28,16:49,01 - Clear,01 - Dry,02 - Stop sign,02 - Intersection related,01 - Daylight,02 - Non-fatal injury,03 - Rear end,Cummings
637,PINECREST RD @ RICHMOND RD,360072.1966,5024472.46,-75.79451521,45.35801804,2014-04-30,14:00,02 - Rain,02 - Wet,01 - Traffic signal,03 - At intersection,01 - Daylight,02 - Non-fatal injury,03 - Rear end,Whitehaven - Queensway Terrace North
638,REGIONAL ROAD 174 btwn QUIGLEY HILL RD & REGIONAL ROAD 174 DIVIDED,388104.6601,5042383.787,-75.43373431,45.51639576,2014-04-28,22:08,01 - Clear,01 - Dry,10 - No control,01 - Non intersection,07 - Dark,02 - Non-fatal injury,07 - SMV other,Cumberland - Estates
639,ASPENVIEW WAY/THORNECREST ST @ MEADOWGLEN DR,380861.717,5034868.449,-75.52759097,45.44960674,2014-05-10,2:05,02 - Rain,02 - Wet,02 - Stop sign,03 - At intersection,07 - Dark,02 - Non-fatal injury,02 - Angle,Orleans Village - Chateauneuf
640,CREEK CROSSING ST @ ROLLING BROOK DR,381183.882,5033597.743,-75.5236701,45.43813879,2014-04-29,8:14,01 - Clear,01 - Dry,02 - Stop sign,03 - At intersection,01 - Daylight,02 - Non-fatal injury,05 - Turning movement,Chapel Hill South
641,ALBION RD btwn COLLISTON CRES & LILIBET CRES,371041.701,5026334.375,-75.65426679,45.37382036,2014-04-29,12:45,01 - Clear,01 - Dry,10 - No control,04 - At/near private drive,01 - Daylight,02 - Non-fatal injury,02 - Angle,Ledbury - Heron Gate - Ridgemont - Elmwood
642,RUSSELL RD btwn RUSSELL RD & WALKLEY RD,374802.115,5028234.536,-75.60599243,45.39055155,2014-04-30,15:37,02 - Rain,02 - Wet,10 - No control,01 - Non intersection,01 - Daylight,02 - Non-fatal injury,03 - Rear end,Industrial Park
643,FIFTH LINE RD btwn GREENLAND RD & BERRY SIDE RD,345684.9577,5031792.509,-75.9775359,45.42487215,2014-05-10,0:01,01 - Clear,02 - Wet,10 - No control,01 - Non intersection,07 - Dark,02 - Non-fatal injury,07 - SMV other,Carp - Hardwood Plains
644,TERRY FOX DR @ EDGEWATER ST/WALTER BAKER PL,351778.0821,5017614.398,-75.90102428,45.29691253,2014-05-09,14:05,01 - Clear,01 - Dry,01 - Traffic signal,03 - At intersection,01 - Daylight,02 - Non-fatal injury,02 - Angle,Katimavik - Hazeldean
645,BAYVIEW RD @ SCOTT ST/ALBERT ST,365519.5109,5030071.564,-75.72430406,45.40794704,2014-04-15,8:32,02 - Rain,02 - Wet,01 - Traffic signal,02 - Intersection related,01 - Daylight,02 - Non-fatal injury,03 - Rear end,Mechanicsville
646,AIRPORT PKWY btwn RAMP & AIRPORT PKWY (2),371008.3475,5023734.839,-75.65504085,45.35043374,2014-02-01,12:19,01 - Clear,02 - Wet,10 - No control,01 - Non intersection,01 - Daylight,02 - Non-fatal injury,05 - Turning movement,Hunt Club East - Western Community
647,CHURCHILL AVE @ RICHMOND RD,363228.1677,5028290.656,-75.75378455,45.39211776,2014-05-01,19:54,01 - Clear,01 - Dry,01 - Traffic signal,02 - Intersection related,01 - Daylight,02 - Non-fatal injury,07 - SMV other,Carlingwood - McKellar Park - Laurentien View
648,BRONSON AVE @ IMPERIAL AVE/PLYMOUTH ST,367319.1772,5029645.447,-75.70136944,45.40395452,2014-05-10,17:14,01 - Clear,01 - Dry,10 - No control,03 - At intersection,01 - Daylight,02 - Non-fatal injury,05 - Turning movement,Centretown West
649,GEORGE ST btwn 26 W OF BYWARD MARKET/FREIMAN MALL & BY WARD MARKET SQ,368010.8775,5032204.681,-75.69220616,45.42691956,2014-04-18,10:51,01 - Clear,01 - Dry,10 - No control,01 - Non intersection,01 - Daylight,02 - Non-fatal injury,06 - SMV unattended vehicle,Byward Market
650,DEAKIN ST @ PRINCE OF WALES DR,367388.3414,5021523.488,-75.70151492,45.33086883,2014-04-30,17:30,02 - Rain,02 - Wet,01 - Traffic signal,02 - Intersection related,01 - Daylight,02 - Non-fatal injury,03 - Rear end,Industrial Park
651,BASELINE RD @ MERIVALE RD,365055.1703,5025326.463,-75.73081479,45.36529169,2014-04-25,17:43,01 - Clear,01 - Dry,01 - Traffic signal,02 - Intersection related,01 - Daylight,02 - Non-fatal injury,03 - Rear end,Civic Hospital - Experimental Farm - Central Park
652,LAFONTAINE AVE @ MCARTHUR AVE,370951.1341,5032772.522,-75.65455934,45.43175685,2014-04-26,16:13,02 - Rain,02 - Wet,01 - Traffic signal,03 - At intersection,01 - Daylight,02 - Non-fatal injury,07 - SMV other,Vanier South
653,BLOHM DR @ HUNT CLUB RD,375128.3242,5026189.518,-75.60211819,45.37211879,2014-02-28,17:47,01 - Clear,06 - Ice,01 - Traffic signal,03 - At intersection,07 - Dark,02 - Non-fatal injury,05 - Turning movement,Hunt Club
654,BLAIR RD btwn MEADOWBROOK RD & LAURA PRIV,375291.8909,5032144.745,-75.5991791,45.4256844,2014-05-06,7:55,01 - Clear,01 - Dry,10 - No control,01 - Non intersection,01 - Daylight,02 - Non-fatal injury,03 - Rear end,Greenbelt
655,RICHMOND RD btwn PERTH ST & CAMBRIAN RD,358831.1559,5008022.426,-75.81214566,45.21009531,2014-05-02,3:04,01 - Clear,01 - Dry,10 - No control,01 - Non intersection,07 - Dark,02 - Non-fatal injury,07 - SMV other,Munster Hamlet - Richmond
656,ALTA VISTA DR @ SMYTH RD,370433.1898,5029082.505,-75.66166961,45.39860434,2014-05-07,15:31,01 - Clear,01 - Dry,01 - Traffic signal,03 - At intersection,01 - Daylight,02 - Non-fatal injury,05 - Turning movement,Alta Vista
657,ROBERTSON RD btwn MOODIE DR & VANIER RD,357291.917,5020585.632,-75.8304121,45.32325775,2014-04-08,17:30,01 - Clear,01 - Dry,10 - No control,04 - At/near private drive,01 - Daylight,02 - Non-fatal injury,07 - SMV other,Bells Corners East
658,PRINCE OF WALES DR btwn NATIONAL CAPITAL COMM DRWY & SIR JOHN A CARLIN,366849.1145,5028186.835,-75.707557,45.39087214,2014-04-17,8:31,01 - Clear,01 - Dry,10 - No control,01 - Non intersection,01 - Daylight,02 - Non-fatal injury,03 - Rear end,Civic Hospital - Experimental Farm - Central Park
659,OGILVIE RD btwn LASSITER TER & LASSITER TER,375506.9454,5034879.069,-75.59603848,45.45026454,2014-01-20,15:35,01 - Clear,06 - Ice,10 - No control,04 - At/near private drive,01 - Daylight,02 - Non-fatal injury,03 - Rear end,Beacon Hill North
660,BANK ST @ 80 S OF HUNT CLUB RD/TOWNGATE PLAZA ,371688.541,5024096.092,-75.64631223,45.35361963,2014-05-07,10:45,01 - Clear,01 - Dry,01 - Traffic signal,02 - Intersection related,01 - Daylight,02 - Non-fatal injury,03 - Rear end,South Keys - Heron Gate - Greenboro West
661,CARLING AVE WB btwn HAMILTON AVE S & PARKDALE AVE,365613.1838,5028166.235,-75.72334241,45.3907952,2014-02-23,7:16,01 - Clear,01 - Dry,10 - No control,01 - Non intersection,01 - Daylight,02 - Non-fatal injury,07 - SMV other,Civic Hospital - Experimental Farm - Central Park
662,KING EDWARD AVE @ RIDEAU ST,368511.2333,5032414.537,-75.68578544,45.42876237,2014-04-21,15:07,01 - Clear,01 - Dry,01 - Traffic signal,03 - At intersection,01 - Daylight,02 - Non-fatal injury,07 - SMV other,Lowe
663,KING EDWARD AVE @ STEWART ST,368633.2926,5032204.631,-75.68425292,45.42686258,2014-02-24,7:26,01 - Clear,01 - Dry,01 - Traffic signal,02 - Intersection related,01 - Daylight,02 - Non-fatal injury,03 - Rear end,Sandy Hill
664,ALTA VISTA DR @ KILBORN AVE,370367.1449,5027750.591,-75.66269011,45.38662644,2014-05-08,12:05,01 - Clear,01 - Dry,01 - Traffic signal,03 - At intersection,01 - Daylight,02 - Non-fatal injury,02 - Angle,Alta Vista
665,WOODROFFE AVE btwn GRENFELL CRES & 260 N OF FALLOWFIELD RD/TRANSITWAY ,364799.4382,5018617.004,-75.73489247,45.30494264,2014-04-25,11:01,01 - Clear,01 - Dry,08 - Traffic gate,05 - At railway crossing,01 - Daylight,02 - Non-fatal injury,99 - Other,Merivale Gardens - Grenfell Glen - Pineglen - Country Place
666,COLONNADE RD    S btwn CONCOURSE GT & COLONNADE RD N,366909.3179,5022850.128,-75.70745907,45.34284828,2014-05-13,8:37,01 - Clear,02 - Wet,10 - No control,04 - At/near private drive,01 - Daylight,02 - Non-fatal injury,03 - Rear end,Industrial Park
667,SLATER ST btwn KENT ST & BANK ST,367323.1163,5031290.647,-75.70111045,45.41875719,2014-03-26,9:34,01 - Clear,01 - Dry,10 - No control,04 - At/near private drive,01 - Daylight,02 - Non-fatal injury,99 - Other,Downtown
668,FISHER AVE @ VIEWMOUNT DR,366921.079,5024211.403,-75.70713801,45.35509573,2014-04-29,20:02,02 - Rain,02 - Wet,01 - Traffic signal,03 - At intersection,07 - Dark,02 - Non-fatal injury,05 - Turning movement,Borden Farm - Stewart Farm - Parkwood Hills - Fisher Glen
669,HAWTHORNE RD @ HUNT CLUB RD,375509.1717,5026408.425,-75.59722517,45.37405008,2014-09-03,7:41,01 - Clear,01 - Dry,01 - Traffic signal,03 - At intersection,01 - Daylight,02 - Non-fatal injury,05 - Turning movement,Industrial Park
670,FIFTH AVE btwn BANK ST & HOWICK PL,368487.3351,5029452.052,-75.68647367,45.40210911,2014-04-23,14:52,01 - Clear,01 - Dry,10 - No control,04 - At/near private drive,01 - Daylight,02 - Non-fatal injury,05 - Turning movement,The Glebe
671,PINHEY ST @ SCOTT ST,365275.0618,5029923.486,-75.72744479,45.40663583,2014-04-15,21:53,01 - Clear,01 - Dry,10 - No control,03 - At intersection,07 - Dark,02 - Non-fatal injury,05 - Turning movement,Mechanicsville
672,PARKWAY RD @ TERRY ST,378355.8653,5013966.47,-75.56273254,45.26181038,2014-05-02,14:17,01 - Clear,01 - Dry,02 - Stop sign,03 - At intersection,01 - Daylight,02 - Non-fatal injury,02 - Angle,Greely
673,HAZELDEAN RD @ TERRY FOX DR,352209.9807,5017243.399,-75.8955533,45.29354518,2014-03-17,19:00,01 - Clear,01 - Dry,01 - Traffic signal,02 - Intersection related,07 - Dark,02 - Non-fatal injury,03 - Rear end,Glen Cairn - Kanata South Business Park
674,WAVERLEY ST @ O'CONNOR ST,368009.1821,5030765.57,-75.69241246,45.41397107,2014-04-15,17:27,01 - Clear,02 - Wet,02 - Stop sign,03 - At intersection,01 - Daylight,02 - Non-fatal injury,02 - Angle,Centretown
675,AVIATION PKWY @ OGILVIE RD,373110.2403,5032376.586,-75.62702311,45.42798685,2014-05-07,11:39,01 - Clear,01 - Dry,01 - Traffic signal,03 - At intersection,01 - Daylight,02 - Non-fatal injury,05 - Turning movement,Industrial Park
676,LABELLE ST/RAMP @ LEMIEUX ST/HWY417 IC115 RAMP,372542.1943,5031688.569,-75.63437629,45.42185165,2014-04-30,8:19,02 - Rain,02 - Wet,02 - Stop sign,03 - At intersection,01 - Daylight,02 - Non-fatal injury,02 - Angle,Cummings
677,CRAIGHURST DR @ ROGER STEVENS DR,366040.043,4999144.12,-75.72146866,45.12961763,2014-05-01,14:26,01 - Clear,01 - Dry,02 - Stop sign,03 - At intersection,01 - Daylight,02 - Non-fatal injury,02 - Angle,Manotick - North Gower
678,AMBLESIDE DR btwn MCEWEN AVE & NEW ORCHARD AVE,361050.3333,5026063.405,-75.78185031,45.37225547,2014-05-05,8:21,01 - Clear,01 - Dry,10 - No control,04 - At/near private drive,01 - Daylight,02 - Non-fatal injury,07 - SMV other,Woodroffe - Lincoln Heights
679,LEMIEUX ST @ ST. LAURENT BLVD,372390.3029,5031742.564,-75.63630956,45.42235216,2014-04-29,21:07,01 - Clear,01 - Dry,01 - Traffic signal,02 - Intersection related,07 - Dark,02 - Non-fatal injury,03 - Rear end,Overbrook
680,RIVER RD btwn KNOTT CRES & KNOTT CRES,368539.9132,5011407.055,-75.68812449,45.23973885,2014-04-06,16:25,01 - Clear,01 - Dry,10 - No control,01 - Non intersection,01 - Daylight,02 - Non-fatal injury,07 - SMV other,Manotick
681,DEERMEADOW DR btwn REINDEER WAY & ELKWOOD DR,375290.8708,5010800.472,-75.60223144,45.23363739,2014-04-18,3:26,01 - Clear,01 - Dry,10 - No control,01 - Non intersection,07 - Dark,02 - Non-fatal injury,07 - SMV other,Kars - Osgoode
682,BANK ST @ HUNT CLUB RD,371610.1583,5024095.558,-75.64731257,45.3536223,2014-05-09,23:04,02 - Rain,02 - Wet,01 - Traffic signal,02 - Intersection related,07 - Dark,02 - Non-fatal injury,07 - SMV other,South Keys - Heron Gate - Greenboro West
683,HAWTHORNE RD/RUSSELL RD @ WALKLEY RD,374675.2178,5028501.437,-75.60757505,45.39296567,2014-05-02,2:34,01 - Clear,01 - Dry,01 - Traffic signal,03 - At intersection,07 - Dark,02 - Non-fatal injury,02 - Angle,Sheffield Glen
684,BLACKBURN AVE @ MANN AVE,369622.4906,5031597.243,-75.67169287,45.42130656,2014-05-14,9:55,01 - Clear,01 - Dry,02 - Stop sign,03 - At intersection,01 - Daylight,02 - Non-fatal injury,05 - Turning movement,Sandy Hill
685,RIVERSIDE DR NB btwn RIVERSIDE DR SPLIT & DATA CENTRE RD,368697.9147,5027484.559,-75.68403886,45.38438703,2014-04-28,16:29,01 - Clear,01 - Dry,10 - No control,04 - At/near private drive,01 - Daylight,02 - Non-fatal injury,02 - Angle,Alta Vista
686,DALHOUSIE ST @ MURRAY ST,367998.3294,5032574.542,-75.69231904,45.43024857,2014-04-15,12:13,02 - Rain,02 - Wet,01 - Traffic signal,03 - At intersection,01 - Daylight,02 - Non-fatal injury,07 - SMV other,Byward Market
687,WEST HUNT CLUB RD @ CLEOPATRA DR/LANCELOT DR,365234.2782,5021732.494,-75.72896781,45.33293825,2014-05-03,9:12,01 - Clear,02 - Wet,01 - Traffic signal,02 - Intersection related,01 - Daylight,02 - Non-fatal injury,03 - Rear end,Tanglewood
688,BANK ST @ RIDGEMONT AVE,370080.1948,5026629.426,-75.66650239,45.37656537,2014-05-07,16:00,01 - Clear,01 - Dry,02 - Stop sign,02 - Intersection related,01 - Daylight,02 - Non-fatal injury,03 - Rear end,Ledbury - Heron Gate - Ridgemont - Elmwood
689,BRITTANY DR @ MONTREAL RD,371912.7641,5033994.881,-75.64210401,45.44266343,2014-05-06,15:30,01 - Clear,01 - Dry,01 - Traffic signal,03 - At intersection,01 - Daylight,02 - Non-fatal injury,07 - SMV other,Cummings
690,WALKLEY RD @ HEATHERINGTON RD,371769.0945,5026794.527,-75.64491851,45.3778915,2014-05-09,8:49,01 - Clear,01 - Dry,01 - Traffic signal,03 - At intersection,01 - Daylight,02 - Non-fatal injury,07 - SMV other,Ledbury - Heron Gate - Ridgemont - Elmwood
691,ST. LAURENT BLVD btwn MCARTHUR AVE & DONALD ST,371956.3162,5032798.475,-75.64171057,45.43189456,2014-05-10,9:59,01 - Clear,01 - Dry,10 - No control,01 - Non intersection,01 - Daylight,02 - Non-fatal injury,03 - Rear end,Castle Heights
692,ABBEYHILL DR @ EAGLESON RD,353828.0988,5018037.3,-75.87484605,45.30057784,2014-05-10,10:43,01 - Clear,01 - Dry,01 - Traffic signal,03 - At intersection,01 - Daylight,02 - Non-fatal injury,05 - Turning movement,Glen Cairn - Kanata South Business Park
693,HINES RD @ SOLANDT RD,350332.3489,5022568.305,-75.91900116,45.34158424,2014-05-23,17:31,02 - Rain,02 - Wet,10 - No control,02 - Intersection related,01 - Daylight,02 - Non-fatal injury,07 - SMV other,South March
694,GLADSTONE AVE btwn PRESTON ST & ROCHESTER ST,366502.5022,5029722.037,-75.7117912,45.40471612,2014-05-27,8:52,01 - Clear,01 - Dry,10 - No control,01 - Non intersection,01 - Daylight,02 - Non-fatal injury,04 - Sideswipe,Little Italy
695,MEADOWBROOK RD btwn CEDARCROFT CRES & CEDARCROFT CRES,374417.8525,5031985.513,-75.61036965,45.42433925,2014-05-27,14:59,01 - Clear,01 - Dry,10 - No control,01 - Non intersection,01 - Daylight,02 - Non-fatal injury,03 - Rear end,Pineview
696,MONTREAL RD @ OGILVIE RD,375654.2611,5034555.638,-75.59420192,45.44733958,2014-05-27,15:06,01 - Clear,01 - Dry,01 - Traffic signal,03 - At intersection,01 - Daylight,02 - Non-fatal injury,03 - Rear end,Beacon Hill South - Cardinal Heights
697,BLAIR RD btwn MEADOWBROOK RD & LAURA PRIV,375222.1109,5032270.758,-75.6000527,45.42682522,2014-05-18,12:18,01 - Clear,01 - Dry,10 - No control,01 - Non intersection,01 - Daylight,02 - Non-fatal injury,03 - Rear end,Greenbelt
698,BANK ST @ ST. BERNARD ST,373004.7398,5023709.259,-75.62956908,45.35001227,2014-05-20,18:00,01 - Clear,01 - Dry,01 - Traffic signal,02 - Intersection related,01 - Daylight,02 - Non-fatal injury,03 - Rear end,Blossom Park - Blossom Park West - Sawmill Creek/ Timbermill
699,BRONSON AVE @ SUNNYSIDE AVE/UNIVERSITY RD - CA,367923.184,5028089.651,-75.6938536,45.38990172,2014-05-17,16:45,01 - Clear,01 - Dry,01 - Traffic signal,02 - Intersection related,01 - Daylight,02 - Non-fatal injury,03 - Rear end,Carleto
700,BANK ST btwn ALTA VISTA DR & WALKLEY RD,370333.5866,5025961.005,-75.66335612,45.37052748,2014-05-22,10:39,01 - Clear,01 - Dry,10 - No control,01 - Non intersection,01 - Daylight,02 - Non-fatal injury,04 - Sideswipe,Ledbury - Heron Gate - Ridgemont - Elmwood
701,MOODIE DR @ ROBERTSON RD,357067.126,5020456.426,-75.83329298,45.32211192,2014-05-22,15:05,01 - Clear,01 - Dry,01 - Traffic signal,02 - Intersection related,01 - Daylight,02 - Non-fatal injury,03 - Rear end,Bells Corners West
702,METCALFE ST @ SLATER ST,367731.2227,5031550.524,-75.69586319,45.42105889,2014-05-27,10:52,01 - Clear,01 - Dry,01 - Traffic signal,02 - Intersection related,01 - Daylight,02 - Non-fatal injury,02 - Angle,Downtown
703,MONTMORENCY WAY btwn VIENNA TER & VIENNA TER,384642.9329,5034683.115,-75.47928773,45.44751754,2014-05-20,10:26,01 - Clear,01 - Dry,10 - No control,04 - At/near private drive,01 - Daylight,02 - Non-fatal injury,07 - SMV other,Avalon
704,CAMPEAU DR/HWY 417 MARCH IC138R63 @ MARCH RD,352842.0988,5020476.467,-75.88718125,45.32259411,2014-05-20,13:39,01 - Clear,01 - Dry,01 - Traffic signal,02 - Intersection related,01 - Daylight,02 - Non-fatal injury,03 - Rear end,Greenbelt
705,O'CONNOR ST @ SLATER ST,367579.4453,5031451.484,-75.69781503,45.42018139,2014-05-22,19:35,01 - Clear,01 - Dry,01 - Traffic signal,03 - At intersection,01 - Daylight,02 - Non-fatal injury,07 - SMV other,Downtown