Record,Location,X,Y,lon,lat,Date,Time,Environment,Road_Surface,Traffic_Control,Collision_Location,Light,Collision_Classification,Impact_type,Neighborhood
706,MERIVALE RD @ 110 S OF BURRIS LANE/LOBLAWS SC,364814.2225,5024951.57,-75.73393586,45.36193913,2014-05-24,13:32,01 - Clear,01 - Dry,01 - Traffic signal,03 - At intersection,01 - Daylight,02 - Non-fatal injury,02 - Angle,Cityview - Skyline - Fisher Heights
707,KIRKWOOD AVE @ MERIVALE RD,364854.1753,5026645.595,-75.73321998,45.37717827,2014-05-25,0:55,01 - Clear,01 - Dry,01 - Traffic signal,02 - Intersection related,07 - Dark,02 - Non-fatal injury,04 - Sideswipe,Carlington
708,ARLINGTON AVE @ BRONSON AVE,367222.2355,5029866.616,-75.70257967,45.40595319,2014-09-04,15:27,01 - Clear,01 - Dry,01 - Traffic signal,03 - At intersection,01 - Daylight,02 - Non-fatal injury,02 - Angle,Centretown West
709,GREENBANK RD @ WEST HUNT CLUB RD,361480.1509,5020500.583,-75.77700076,45.3221668,2014-05-24,17:13,01 - Clear,01 - Dry,01 - Traffic signal,02 - Intersection related,01 - Daylight,02 - Non-fatal injury,03 - Rear end,Greenbelt
710,NORANDA AVE @ ST. LAURENT BLVD,371641.2394,5033585.54,-75.64563009,45.43900639,2014-05-22,17:12,01 - Clear,01 - Dry,02 - Stop sign,03 - At intersection,01 - Daylight,02 - Non-fatal injury,02 - Angle,Cummings
711,INDUSTRIAL AVE @ ALTA VISTA DR/SANDFORD FLEMIN,370885.1977,5030558.518,-75.65569894,45.4118424,2014-05-22,20:04,01 - Clear,01 - Dry,01 - Traffic signal,02 - Intersection related,05 - Dusk,02 - Non-fatal injury,03 - Rear end,Industrial Park
712,PARKDALE AVE btwn COLOMBINE DRWY & BURNSIDE AVE,364775.9002,5030132.637,-75.73379545,45.40856067,2014-05-24,16:05,01 - Clear,01 - Dry,10 - No control,04 - At/near private drive,01 - Daylight,02 - Non-fatal injury,02 - Angle,Island Park
713,BLOHM DR @ HUNT CLUB RD,375128.3242,5026189.518,-75.60211819,45.37211879,2014-05-25,8:30,01 - Clear,01 - Dry,01 - Traffic signal,02 - Intersection related,01 - Daylight,02 - Non-fatal injury,02 - Angle,Hunt Club
714,ELGIN ST @ WELLINGTON ST W,367666.1256,5031878.525,-75.69665306,45.42401598,2014-04-29,4:05,01 - Clear,01 - Dry,01 - Traffic signal,02 - Intersection related,07 - Dark,02 - Non-fatal injury,07 - SMV other,Downtown
715,ALBION RD btwn 210 S OF HIGH RD/EARL ARMSTRONG RD/RIDEAU CARLETON RACE,374740.4257,5017488.789,-75.60829935,45.29387187,2014-05-25,16:35,01 - Clear,01 - Dry,10 - No control,04 - At/near private drive,01 - Daylight,02 - Non-fatal injury,04 - Sideswipe,Greenbelt
716,ALTA VISTA DR @ SMYTH RD,370432.7159,5029082.318,-75.66167569,45.3986027,2014-04-19,20:10,01 - Clear,01 - Dry,01 - Traffic signal,03 - At intersection,05 - Dusk,02 - Non-fatal injury,05 - Turning movement,Alta Vista
717,ST. LAURENT BLVD @ TREMBLAY RD,372595.3585,5031241.339,-75.63375856,45.41782253,2014-04-25,18:20,01 - Clear,01 - Dry,01 - Traffic signal,03 - At intersection,01 - Daylight,02 - Non-fatal injury,03 - Rear end,Industrial Park
718,OGILVIE RD @ BATHGATE DR/CITYPARK DR W,373828.2482,5032800.577,-75.61778892,45.43173121,2014-02-26,16:41,01 - Clear,01 - Dry,01 - Traffic signal,03 - At intersection,01 - Daylight,02 - Non-fatal injury,07 - SMV other,Industrial Park
719,HUNT CLUB RD btwn LORRY GREENBERG DR & PIKE ST,373192.947,5025028.796,-75.6269849,45.36186663,2014-05-21,8:43,01 - Clear,01 - Dry,10 - No control,01 - Non intersection,01 - Daylight,02 - Non-fatal injury,03 - Rear end,Greenboro East
720,ROGER GUINDON AVE @ SMYTH RD,371934.9806,5029226.604,-75.64246982,45.39975849,2014-05-08,12:12,01 - Clear,01 - Dry,01 - Traffic signal,02 - Intersection related,01 - Daylight,02 - Non-fatal injury,03 - Rear end,Elmvale - Eastway - Riverview - Riverview Park West
721,MONTREAL RD @ 46 E OF HILLSIDE DR/MONTREAL SQU,371750.7357,5033918.279,-75.64418539,45.44198974,2014-05-25,23:16,01 - Clear,01 - Dry,01 - Traffic signal,02 - Intersection related,07 - Dark,02 - Non-fatal injury,07 - SMV other,Cummings
722,WOODROFFE AVE btwn KNOXDALE RD/MEDHURST DR & NORICE ST,363323.4814,5022063.454,-75.75330487,45.33607817,2014-05-27,17:00,01 - Clear,01 - Dry,10 - No control,01 - Non intersection,01 - Daylight,02 - Non-fatal injury,03 - Rear end,Woodvale - Craig Henry - Manordale - Estates of Arlington Wo
723,BANK ST @ RIVERSIDE DR N,369224.195,5027983.799,-75.67725391,45.38883083,2014-05-20,17:31,01 - Clear,01 - Dry,01 - Traffic signal,02 - Intersection related,01 - Daylight,02 - Non-fatal injury,03 - Rear end,Alta Vista
724,TERRACE DR @ WESTCLIFFE RD,356431.206,5019990.697,-75.84145264,45.31796829,2014-03-04,10:40,01 - Clear,01 - Dry,02 - Stop sign,02 - Intersection related,01 - Daylight,02 - Non-fatal injury,03 - Rear end,Bells Corners West
725,WAVERLEY ST @ O'CONNOR ST,368008.2343,5030763.674,-75.69242481,45.4139541,2014-05-13,15:21,01 - Clear,01 - Dry,02 - Stop sign,03 - At intersection,01 - Daylight,02 - Non-fatal injury,02 - Angle,Centretown
726,CARP RD btwn LLOYDALEX CRES & ROTHBOURNE RD,347973.8264,5015170.276,-75.94973929,45.27516351,2014-05-10,10:13,01 - Clear,01 - Dry,10 - No control,01 - Non intersection,01 - Daylight,02 - Non-fatal injury,03 - Rear end,Stittsville - Basswood
727,BAYVIEW DR btwn RITCHIE AVE & DORIS CURRIE RD,335884.4096,5041081.417,-76.10218494,45.50896044,2014-05-04,0:38,02 - Rain,02 - Wet,10 - No control,01 - Non intersection,07 - Dark,02 - Non-fatal injury,07 - SMV other,Buckham'
728,ALBION RD @ RIDEAU RD,375092.2783,5016674.46,-75.60392937,45.28650971,2014-01-09,8:44,01 - Clear,01 - Dry,01 - Traffic signal,03 - At intersection,01 - Daylight,02 - Non-fatal injury,05 - Turning movement,Greenbelt
729,WALKLEY EXTENSION RD btwn HWY417 IC110 RAMP58 & HWY417 IC110 RAMP57,375565.4525,5028952.444,-75.59614197,45.3969342,2014-01-22,8:21,01 - Clear,01 - Dry,10 - No control,01 - Non intersection,01 - Daylight,02 - Non-fatal injury,03 - Rear end,Greenbelt
730,CARLING AVE @ CIVIC HOSPITAL,365791.1356,5028277.108,-75.72105626,45.39177734,2014-05-04,18:15,01 - Clear,01 - Dry,01 - Traffic signal,03 - At intersection,01 - Daylight,02 - Non-fatal injury,02 - Angle,Civic Hospital - Experimental Farm - Central Park
731,CARLING AVE @ BAYSHORE DR/BIRCHDALE AVE,359005.378,5023990.866,-75.8081837,45.35376794,2014-05-27,18:07,01 - Clear,01 - Dry,01 - Traffic signal,03 - At intersection,01 - Daylight,02 - Non-fatal injury,07 - SMV other,Bayshore
732,MONTREAL RD @ PALACE ST,369956.2226,5032999.346,-75.66724337,45.43389112,2014-05-20,17:53,01 - Clear,01 - Dry,10 - No control,03 - At intersection,01 - Daylight,02 - Non-fatal injury,05 - Turning movement,Vanier South
733,BANTREE ST @ INNES RD,373706.7371,5030407.316,-75.61967643,45.41020983,2014-05-13,16:07,01 - Clear,01 - Dry,01 - Traffic signal,02 - Intersection related,01 - Daylight,02 - Non-fatal injury,05 - Turning movement,Industrial Park
734,ALTA VISTA DR btwn KILBORN AVE & CAVENDISH RD,370363.3534,5027773.34,-75.6627355,45.38683148,2014-03-29,21:09,01 - Clear,01 - Dry,10 - No control,01 - Non intersection,07 - Dark,02 - Non-fatal injury,01 - Approaching,Alta Vista
735,JEANNE D'ARC BLVD @ ORLEANS BLVD S,380939.3227,5036249.632,-75.52638512,45.46202507,2014-05-15,12:20,01 - Clear,01 - Dry,01 - Traffic signal,03 - At intersection,01 - Daylight,02 - Non-fatal injury,05 - Turning movement,Orleans Village - Chateauneuf
736,OGILVIE RD btwn MATHESON RD & CADBORO RD,373494.3262,5032605.941,-75.62208324,45.43001285,2014-01-22,15:00,03 - Snow,06 - Ice,10 - No control,01 - Non intersection,01 - Daylight,02 - Non-fatal injury,03 - Rear end,Industrial Park
737,BASELINE RD @ FISHER AVE,366166.2197,5026028.533,-75.71654585,45.37151239,2014-05-09,6:20,01 - Clear,01 - Dry,01 - Traffic signal,03 - At intersection,03 - Dawn,02 - Non-fatal injury,07 - SMV other,Civic Hospital - Experimental Farm - Central Park
738,SOMERSET ST    W btwn BELL ST N & ARTHUR ST,366821.6448,5030386.825,-75.70763113,45.41066949,2014-05-08,13:02,01 - Clear,01 - Dry,10 - No control,01 - Non intersection,01 - Daylight,02 - Non-fatal injury,07 - SMV other,Centretown West
739,GREENBANK RD @ STRANDHERD DR,363933.21,5014784.417,-75.74639438,45.27053052,2014-05-09,21:00,02 - Rain,02 - Wet,01 - Traffic signal,03 - At intersection,07 - Dark,02 - Non-fatal injury,05 - Turning movement,New Barrhaven
740,CARLING AVE @ CLYDE AVE/COLE AVE,363523.0603,5026850.542,-75.75018999,45.37913518,2014-01-30,13:05,01 - Clear,01 - Dry,01 - Traffic signal,03 - At intersection,01 - Daylight,02 - Non-fatal injury,07 - SMV other,Carlingwood - McKellar Park - Laurentien View
741,WALKLEY RD @ 160 W OF CONROY RD ,372767.2152,5027382.517,-75.63209472,45.38308588,2014-05-20,17:00,01 - Clear,01 - Dry,01 - Traffic signal,02 - Intersection related,01 - Daylight,02 - Non-fatal injury,03 - Rear end,South Keys - Heron Gate - Greenboro West
742,MONTGOMERY ST @ MONTREAL RD,369813.2387,5032922.484,-75.6690808,45.43321285,2014-04-17,12:04,01 - Clear,01 - Dry,01 - Traffic signal,03 - At intersection,01 - Daylight,02 - Non-fatal injury,07 - SMV other,Vanier South
743,MARCH RD @ SOLANDT RD,350488.3908,5022712.188,-75.91699686,45.34286879,2014-05-12,17:30,01 - Clear,01 - Dry,01 - Traffic signal,03 - At intersection,01 - Daylight,02 - Non-fatal injury,04 - Sideswipe,South March
744,BAYSHORE DR btwn CARLING AVE & WOODRIDGE CRES N,359017.3301,5023963.25,-75.8080342,45.35351853,2014-05-26,8:35,01 - Clear,01 - Dry,10 - No control,01 - Non intersection,01 - Daylight,02 - Non-fatal injury,07 - SMV other,Bayshore
745,HUNT CLUB RD @ RIVERSIDE DR,368037.1769,5021944.551,-75.69318427,45.33459931,2014-04-07,8:20,01 - Clear,01 - Dry,01 - Traffic signal,02 - Intersection related,01 - Daylight,02 - Non-fatal injury,03 - Rear end,Hunt Club Woods - Quintarra - Revelstoke - Riverside South P
746,LEITRIM RD btwn LIMEBANK RD & HIGH RD,371017.9739,5018881.381,-75.65556718,45.30676275,2014-05-15,0:07,02 - Rain,02 - Wet,10 - No control,01 - Non intersection,07 - Dark,02 - Non-fatal injury,07 - SMV other,Greenbelt
747,DELAMERE DR @ ALBURY CRES S/STEVENTON CRES S,349247.0524,5013360.524,-75.93367446,45.25879938,2014-05-19,17:44,01 - Clear,01 - Dry,02 - Stop sign,03 - At intersection,01 - Daylight,02 - Non-fatal injury,02 - Angle,Crossing Bridge
748,CATHERINE ST @ KENT ST,367909.1293,5030186.669,-75.69376476,45.40877133,2014-05-12,16:40,01 - Clear,01 - Dry,01 - Traffic signal,02 - Intersection related,01 - Daylight,02 - Non-fatal injury,03 - Rear end,Centretown
749,TENTH LINE RD @ VANGUARD DR,384072.2893,5035873.615,-75.48638981,45.45829354,2014-05-21,15:03,01 - Clear,01 - Dry,01 - Traffic signal,03 - At intersection,01 - Daylight,02 - Non-fatal injury,02 - Angle,Avalon
750,CAMBRIDGE ST    S btwn PLYMOUTH ST & POWELL AVE,367250.6154,5029514.02,-75.70226182,45.4027781,2014-05-09,13:36,01 - Clear,01 - Dry,10 - No control,01 - Non intersection,01 - Daylight,02 - Non-fatal injury,06 - SMV unattended vehicle,The Glebe Annex
751,GOULBOURN FORCED RD @ KANATA AVE,349776.651,5020353.56,-75.92629283,45.32169126,2014-05-15,9:50,01 - Clear,01 - Dry,01 - Traffic signal,03 - At intersection,01 - Daylight,02 - Non-fatal injury,03 - Rear end,Kanata Lakes - Marchwood Lakeside - Morgan's Grant - Kanata
752,DONALD ST @ VANIER PKWY,370312.187,5032268.69,-75.66279152,45.42728372,2014-05-16,21:53,02 - Rain,02 - Wet,01 - Traffic signal,03 - At intersection,07 - Dark,02 - Non-fatal injury,05 - Turning movement,Overbrook
753,PRESTON ST btwn YOUNG ST & GEORGE ST W,366616.8082,5029422.78,-75.71036867,45.4020134,2014-05-12,8:28,01 - Clear,01 - Dry,10 - No control,01 - Non intersection,01 - Daylight,02 - Non-fatal injury,04 - Sideswipe,Little Italy
754,ALTA VISTA DR @ SMYTH RD,370434.1377,5029081.558,-75.66165763,45.39859573,2014-04-22,21:57,02 - Rain,02 - Wet,01 - Traffic signal,03 - At intersection,07 - Dark,02 - Non-fatal injury,07 - SMV other,Alta Vista
755,RIDEAU ST @ WURTEMBURG ST,369356.991,5032926.077,-75.67491091,45.43328745,2014-05-21,16:53,01 - Clear,01 - Dry,01 - Traffic signal,03 - At intersection,01 - Daylight,02 - Non-fatal injury,07 - SMV other,Sandy Hill
756,KNOXDALE RD @ WEST HUNT CLUB RD,361848.5964,5020584.73,-75.77229164,45.32289411,2014-05-17,10:13,01 - Clear,01 - Dry,01 - Traffic signal,03 - At intersection,01 - Daylight,02 - Non-fatal injury,02 - Angle,Woodvale - Craig Henry - Manordale - Estates of Arlington Wo
757,GREENBANK RD @ WEST HUNT CLUB RD,361480.1509,5020500.583,-75.77700076,45.3221668,2014-05-29,9:42,01 - Clear,01 - Dry,01 - Traffic signal,02 - Intersection related,01 - Daylight,02 - Non-fatal injury,03 - Rear end,Greenbelt
758,VIEWMOUNT DR @ MERIVALE RD,365195.4744,5022947.548,-75.72931452,45.3438745,2014-05-12,16:07,01 - Clear,01 - Dry,01 - Traffic signal,02 - Intersection related,01 - Daylight,02 - Non-fatal injury,03 - Rear end,Tanglewood
759,BANK ST @ WELLINGTON ST,367257.3516,5031629.995,-75.70190765,45.42181641,2014-04-25,7:13,01 - Clear,01 - Dry,01 - Traffic signal,02 - Intersection related,01 - Daylight,02 - Non-fatal injury,05 - Turning movement,Downtown
760,CUMBERLAND ST @ RIDEAU ST,368376.8807,5032329.974,-75.68751318,45.42801372,2014-04-15,6:56,02 - Rain,02 - Wet,01 - Traffic signal,03 - At intersection,01 - Daylight,02 - Non-fatal injury,02 - Angle,Byward Market - Parliament Hill
761,CYRVILLE RD @ LABRIE AVE,373402.197,5031681.559,-75.62338926,45.42170477,2014-05-21,16:55,01 - Clear,01 - Dry,02 - Stop sign,03 - At intersection,01 - Daylight,02 - Non-fatal injury,07 - SMV other,Industrial Park
762,BANK ST @ RIDEAU RD,376954.2786,5017842.577,-75.58002611,45.29683128,2014-05-13,20:30,02 - Rain,02 - Wet,01 - Traffic signal,03 - At intersection,05 - Dusk,02 - Non-fatal injury,05 - Turning movement,Greenbelt
763,CANOTEK RD btwn POLYTEK ST & TO BE DETERMINED,376454.946,5035591.474,-75.58381641,45.45657775,2014-05-14,15:15,01 - Clear,01 - Dry,10 - No control,01 - Non intersection,01 - Daylight,02 - Non-fatal injury,05 - Turning movement,Greenbelt
764,BREEZEHILL AVE   S btwn LINDENPARK PRIV & SHERWOOD DR,366420.3523,5028784.626,-75.71295763,45.39628877,2014-05-15,9:20,01 - Clear,01 - Dry,10 - No control,04 - At/near private drive,01 - Daylight,02 - Non-fatal injury,07 - SMV other,Centretown West
765,WALKLEY RD btwn BAYCREST DR & HEATHERINGTON RD,371709.5523,5026758.761,-75.64568353,45.37757538,2014-05-22,9:26,01 - Clear,01 - Dry,10 - No control,04 - At/near private drive,01 - Daylight,02 - Non-fatal injury,03 - Rear end,Ledbury - Heron Gate - Ridgemont - Elmwood
766,STRANDHERD DR btwn MCGARRY TER & LONGFIELDS DR,364472.5072,5015132.566,-75.73948023,45.27361761,2014-05-22,20:25,01 - Clear,01 - Dry,10 - No control,01 - Non intersection,05 - Dusk,02 - Non-fatal injury,07 - SMV other,New Barrhaven
767,STONEHAVEN DR btwn BRIDLE PARK DR & TANDALEE CRES,356111.8144,5016286.539,-75.84590953,45.28466109,2014-05-23,7:40,01 - Clear,01 - Dry,10 - No control,01 - Non intersection,01 - Daylight,02 - Non-fatal injury,03 - Rear end,Bridlewood - Emerald Meadows
768,TRIM RD btwn ST. JOSEPH BLVD & WATTERS RD,384904.4625,5038806.675,-75.47527284,45.48458749,2014-05-14,16:30,01 - Clear,01 - Dry,10 - No control,01 - Non intersection,01 - Daylight,02 - Non-fatal injury,03 - Rear end,Industrial Park
769,MERIVALE RD @ FAMILY BROWN LANE,365004.4852,5023386.615,-75.73169801,45.34784158,2014-05-12,17:03,01 - Clear,01 - Dry,01 - Traffic signal,02 - Intersection related,01 - Daylight,02 - Non-fatal injury,07 - SMV other,Borden Farm - Stewart Farm - Parkwood Hills - Fisher Glen
770,FALLOWFIELD RD @ WOODROFFE AVE,365086.5718,5017901.294,-75.73131833,45.29847814,2014-05-13,1:42,01 - Clear,01 - Dry,01 - Traffic signal,02 - Intersection related,07 - Dark,02 - Non-fatal injury,07 - SMV other,Greenbelt
771,ALBION RD @ 210 S OF HIGH RD/EARL ARMSTRONG RD,374708.8383,5017556.161,-75.60869253,45.29448121,2014-05-06,17:58,01 - Clear,01 - Dry,01 - Traffic signal,03 - At intersection,01 - Daylight,02 - Non-fatal injury,03 - Rear end,Greenbelt
772,INNES RD @ TENTH LINE RD,383951.2864,5036160.509,-75.48789058,45.46088847,2014-05-14,20:52,01 - Clear,01 - Dry,01 - Traffic signal,02 - Intersection related,05 - Dusk,02 - Non-fatal injury,03 - Rear end,Queenswood Heights
773,ELGIN ST @ NEPEAN ST,368030.1823,5031410.625,-75.69206141,45.41977316,2014-05-14,21:57,01 - Clear,01 - Dry,01 - Traffic signal,03 - At intersection,07 - Dark,02 - Non-fatal injury,07 - SMV other,Centretown
774,WOODROFFE AVE btwn KNOXDALE RD/MEDHURST DR & NORICE ST,363204.6366,5022373.796,-75.75478444,45.3388805,2014-05-15,17:45,01 - Clear,01 - Dry,10 - No control,01 - Non intersection,01 - Daylight,02 - Non-fatal injury,03 - Rear end,Tanglewood
775,FALLOWFIELD RD @ GREENBANK RD,363078.306,5016732.455,-75.75705979,45.28813038,2014-05-23,13:09,01 - Clear,01 - Dry,01 - Traffic signal,03 - At intersection,01 - Daylight,02 - Non-fatal injury,05 - Turning movement,Greenbelt
776,ALBERT ST btwn LYON ST N & KENT ST,367203.4439,5031307.153,-75.70263732,45.41891639,2014-05-23,16:18,01 - Clear,01 - Dry,10 - No control,01 - Non intersection,01 - Daylight,02 - Non-fatal injury,07 - SMV other,Downtown
777,RICHMOND RD btwn HWY416 IC75A RAMP53 & HWY416 IC75A RAMP63,358653.2005,5021856.558,-75.81291053,45.3345905,2014-05-17,11:40,01 - Clear,01 - Dry,10 - No control,01 - Non intersection,01 - Daylight,02 - Non-fatal injury,03 - Rear end,Greenbelt
778,BRONSON AVE @ FIRST AVE,367489.2335,5029235.615,-75.69924942,45.40025176,2014-05-15,18:45,01 - Clear,01 - Dry,02 - Stop sign,02 - Intersection related,01 - Daylight,02 - Non-fatal injury,05 - Turning movement,The Glebe
779,BANK ST @ SUNNYSIDE AVE,368735.1826,5028582.497,-75.68342076,45.39426254,2014-05-15,19:25,01 - Clear,01 - Dry,01 - Traffic signal,03 - At intersection,01 - Daylight,02 - Non-fatal injury,02 - Angle,Old Ottawa South
780,LORRY GREENBERG DR @ ZAIDAN DR,372746.3559,5025380.744,-75.63263645,45.36507675,2014-04-10,16:24,01 - Clear,01 - Dry,02 - Stop sign,03 - At intersection,01 - Daylight,02 - Non-fatal injury,07 - SMV other,Greenboro East
781,HUNT CLUB RD btwn NORTH BOWESVILLE RD & BILLY BISHOP PRIV,368841.0983,5022420.193,-75.68286688,45.33880612,2014-05-15,7:16,01 - Clear,01 - Dry,10 - No control,04 - At/near private drive,01 - Daylight,02 - Non-fatal injury,02 - Angle,Hunt Club - Ottawa Airport
782,BLAIR RD @ INNES RD,375578.261,5031436.712,-75.59562174,45.419285,2014-05-16,13:21,01 - Clear,01 - Dry,01 - Traffic signal,02 - Intersection related,01 - Daylight,02 - Non-fatal injury,03 - Rear end,Greenbelt
783,BANTREE ST @ INNES RD,373707.145,5030406.555,-75.61967132,45.41020295,2014-05-16,11:00,02 - Rain,02 - Wet,01 - Traffic signal,03 - At intersection,01 - Daylight,02 - Non-fatal injury,05 - Turning movement,Industrial Park
784,BRIDGE ST btwn MILL ST & WEST RIVER DR,368967.2066,5010200.834,-75.68283804,45.22884654,2014-05-22,7:30,01 - Clear,01 - Dry,10 - No control,01 - Non intersection,01 - Daylight,02 - Non-fatal injury,03 - Rear end,Manotick
785,BRONSON AVE @ IMPERIAL AVE/PLYMOUTH ST,367320.1251,5029645.447,-75.70135733,45.40395444,2014-05-15,21:33,01 - Clear,01 - Dry,10 - No control,03 - At intersection,07 - Dark,02 - Non-fatal injury,05 - Turning movement,The Glebe
786,MONTREAL RD @ DEN HAAG DR/LANG'S RD,372388.5846,5034220.733,-75.63599132,45.44464969,2014-05-19,12:50,01 - Clear,01 - Dry,01 - Traffic signal,03 - At intersection,01 - Daylight,02 - Non-fatal injury,02 - Angle,Carson Grove - Carson Meadows
787,SOMERSET ST    W btwn BREEZEHILL AVE N & PRESTON ST,366266.228,5030110.299,-75.71476076,45.40823039,2014-05-15,8:40,01 - Clear,01 - Dry,10 - No control,01 - Non intersection,01 - Daylight,02 - Non-fatal injury,04 - Sideswipe,Little Italy
788,INDUSTRIAL AVE @ RIVERSIDE DR,370686.1404,5030592.553,-75.65823726,45.41216741,2014-05-23,8:30,01 - Clear,01 - Dry,01 - Traffic signal,02 - Intersection related,01 - Daylight,02 - Non-fatal injury,03 - Rear end,Industrial Park
789,INNES RD btwn BANTREE ST & STAR TOP RD,373833.9868,5030481.841,-75.61804049,45.41086783,2014-05-23,11:45,01 - Clear,01 - Dry,10 - No control,01 - Non intersection,01 - Daylight,02 - Non-fatal injury,03 - Rear end,Industrial Park
790,KANATA AVE btwn HWY417 IC139 RAMP15 & AIRD PL,351722.7382,5019139.86,-75.90158548,45.31064272,2014-01-08,15:21,03 - Snow,03 - Loose snow,10 - No control,01 - Non intersection,01 - Daylight,02 - Non-fatal injury,03 - Rear end,Katimavik - Hazeldean
791,PARKDALE AVE @ WELLINGTON ST,365148.2788,5029269.608,-75.72914429,45.40076333,2014-05-16,23:23,01 - Clear,01 - Dry,01 - Traffic signal,03 - At intersection,07 - Dark,02 - Non-fatal injury,05 - Turning movement,Islan
792,BANK ST @ SOMERSET ST,367694.229,5030916.512,-75.69641677,45.41535758,2014-05-02,17:51,01 - Clear,01 - Dry,01 - Traffic signal,02 - Intersection related,01 - Daylight,02 - Non-fatal injury,07 - SMV other,Centretown
793,MICHAEL ST @ NEWMARKET ST,373315.0362,5030268.08,-75.6246994,45.40899551,2014-05-24,10:19,01 - Clear,01 - Dry,10 - No control,02 - Intersection related,01 - Daylight,02 - Non-fatal injury,07 - SMV other,Industrial Park
794,STRANDHERD @ KENNEVALE DR,361493.2818,5014099.549,-75.77756496,45.26456895,2014-06-12,8:30,02 - Rain,02 - Wet,01 - Traffic signal,02 - Intersection related,01 - Daylight,02 - Non-fatal injury,03 - Rear end,Munster Hamlet - Richmond
795,OBERON ST @ WESTCLIFFE RD,356482.6407,5019910.172,-75.84080504,45.31723993,2014-04-08,18:30,01 - Clear,01 - Dry,02 - Stop sign,03 - At intersection,01 - Daylight,02 - Non-fatal injury,07 - SMV other,Bells Corners West
796,MERIVALE RD btwn WITHROW AVE & ROSSLAND AVE,364654.2773,5024201.229,-75.73606819,45.35520134,2014-06-09,7:19,01 - Clear,01 - Dry,10 - No control,04 - At/near private drive,01 - Daylight,02 - Non-fatal injury,02 - Angle,Cityview - Skyline - Fisher Heights
797,INNES RD @ ORLEANS BLVD,380460.2881,5034297.163,-75.53281014,45.44451031,2014-05-29,8:20,01 - Clear,01 - Dry,01 - Traffic signal,02 - Intersection related,01 - Daylight,02 - Non-fatal injury,03 - Rear end,Orleans Village - Chateauneuf
798,GRAY CRES @ CAMPEAU DR,351929.1014,5019914.147,-75.89888018,45.31759612,2014-05-22,8:10,01 - Clear,01 - Dry,02 - Stop sign,03 - At intersection,01 - Daylight,02 - Non-fatal injury,02 - Angle,Kanata
799,CAVANMORE RD btwn WILLIAM MOONEY RD & HUNTLEY MANOR DR,344827.9434,5016790.839,-75.98970194,45.28993215,2014-05-22,11:40,01 - Clear,01 - Dry,10 - No control,01 - Non intersection,01 - Daylight,02 - Non-fatal injury,07 - SMV other,Stittsville - Basswood
800,ALBERT ST btwn BANK ST & O'CONNOR ST,367414.6061,5031438.739,-75.69992273,45.42008149,2014-06-11,16:00,02 - Rain,02 - Wet,10 - No control,01 - Non intersection,01 - Daylight,02 - Non-fatal injury,03 - Rear end,Downtown
801,GREENBANK RD btwn GREENBANK SQUARE SC & GIBBARD AVE,361369.4943,5020759.608,-75.77838257,45.32450643,2014-04-16,16:35,01 - Clear,01 - Dry,10 - No control,04 - At/near private drive,01 - Daylight,02 - Non-fatal injury,05 - Turning movement,Woodvale - Craig Henry - Manordale - Estates of Arlington Wo
802,CARLING AVE @ BROADVIEW AVE,363181.1605,5026640.437,-75.75458003,45.37727325,2014-06-09,10:56,01 - Clear,01 - Dry,01 - Traffic signal,03 - At intersection,01 - Daylight,02 - Non-fatal injury,02 - Angle,Carlingwood - McKellar Park - Laurentien View
803,KING EDWARD AVE @ ST. PATRICK ST,368250.1231,5032822.641,-75.68906945,45.43245808,2014-06-06,12:45,01 - Clear,01 - Dry,01 - Traffic signal,03 - At intersection,01 - Daylight,02 - Non-fatal injury,02 - Angle,Byward Market
804,WOODRIDGE CRES btwn BAYSHORE DR & BAYSHORE PS,358851.0958,5023686.913,-75.81018587,45.35104488,2014-05-25,17:56,01 - Clear,01 - Dry,10 - No control,04 - At/near private drive,01 - Daylight,02 - Non-fatal injury,03 - Rear end,Bayshore
805,BANK ST @ HERON RD,369996.1939,5026850.594,-75.6675456,45.37856319,2014-05-29,14:00,01 - Clear,01 - Dry,01 - Traffic signal,02 - Intersection related,01 - Daylight,02 - Non-fatal injury,03 - Rear end,Alta Vista
806,ROBERTSON RD btwn FITZGERALD RD & MOODIE DR,356910.7691,5020362.678,-75.83529717,45.32127998,2014-05-15,16:40,01 - Clear,00 - Unknown,10 - No control,01 - Non intersection,01 - Daylight,02 - Non-fatal injury,03 - Rear end,Bells Corners West
807,GREENBANK RD btwn BERRIGAN DR/WESSEX RD & 220 N OF STRANDHERD DR,363734.5822,5015248.937,-75.74887037,45.27472695,2014-04-10,22:21,02 - Rain,02 - Wet,10 - No control,01 - Non intersection,07 - Dark,02 - Non-fatal injury,99 - Other,New Barrhaven
808,OR174 IC109 RAMP56 btwn MONTREAL RD & TRANSIT,376270.0049,5034883.319,-75.58628368,45.45022516,2014-06-06,13:20,01 - Clear,01 - Dry,10 - No control,01 - Non intersection,01 - Daylight,02 - Non-fatal injury,07 - SMV other,Beacon Hill South - Cardinal Heights