Record,Location,X,Y,lon,lat,Date,Time,Environment,Road_Surface,Traffic_Control,Collision_Location,Light,Collision_Classification,Impact_type,Neighborhood
809,BANKFIELD RD btwn PRINCE OF WALES DR & FIRST LINE RD,366464.524,5009031.311,-75.71485122,45.21854671,2014-05-22,17:18,02 - Rain,02 - Wet,10 - No control,01 - Non intersection,01 - Daylight,02 - Non-fatal injury,03 - Rear end,Manotick
810,CASTLEFRANK RD @ HUNGERFORD GT,352197.981,5018364.881,-75.89559907,45.30363736,2014-05-22,18:07,02 - Rain,02 - Wet,02 - Stop sign,02 - Intersection related,01 - Daylight,02 - Non-fatal injury,03 - Rear end,Katimavik - Hazeldean
811,REGIONAL ROAD 174 btwn QUIGLEY HILL RD & REGIONAL ROAD 174 DIVIDED,385922.8139,5041977.427,-75.46172361,45.51299701,2014-05-30,20:01,01 - Clear,01 - Dry,10 - No control,01 - Non intersection,05 - Dusk,02 - Non-fatal injury,03 - Rear end,Cumberland
812,VANIER PKWY/CRICHTON ST @ BEECHWOOD AVE/ST. PA,369130.1667,5033488.082,-75.67773616,45.43836505,2014-03-18,8:19,01 - Clear,01 - Dry,01 - Traffic signal,02 - Intersection related,01 - Daylight,02 - Non-fatal injury,03 - Rear end,Vanier North
813,GREENBANK RD @ MALVERN DR/FOXFIELD DR,363310.2646,5016196.329,-75.75416622,45.28328704,2014-05-29,18:08,01 - Clear,01 - Dry,01 - Traffic signal,03 - At intersection,01 - Daylight,02 - Non-fatal injury,05 - Turning movement,Barrhaven West - Old Barrhaven
814,BLAIR RD btwn BEAVERPOND DR & INNES RD,375481.5038,5031681.804,-75.59682275,45.42149998,2014-06-02,8:22,01 - Clear,01 - Dry,10 - No control,04 - At/near private drive,01 - Daylight,02 - Non-fatal injury,05 - Turning movement,Pineview
815,PRINCE OF WALES DR btwn 187 N OF MEADOWLANDS DR & MEADOWLANDS DR/HOG'S,367298.9862,5025848.359,-75.70210817,45.36979112,2014-06-06,18:50,01 - Clear,01 - Dry,10 - No control,04 - At/near private drive,01 - Daylight,02 - Non-fatal injury,02 - Angle,Carleton Heights - Rideauview
816,LAURIER AVE @ NICHOLAS ST,368374.1109,5031798.27,-75.6876172,45.42322989,2014-05-01,9:40,01 - Clear,01 - Dry,01 - Traffic signal,02 - Intersection related,01 - Daylight,02 - Non-fatal injury,03 - Rear end,Sandy Hill
817,DONALD ST @ ST. LAURENT BLVD,372094.1868,5032469.741,-75.63999365,45.42892351,2014-05-30,8:20,01 - Clear,01 - Dry,01 - Traffic signal,03 - At intersection,01 - Daylight,02 - Non-fatal injury,02 - Angle,Overbrook
818,BAYSHORE DR @ WOODRIDGE CRES S,359234.0612,5023511.252,-75.80531806,45.34943466,2014-05-22,21:24,01 - Clear,01 - Dry,01 - Traffic signal,02 - Intersection related,07 - Dark,02 - Non-fatal injury,03 - Rear end,Bayshore
819,CYRVILLE RD @ OGILVIE RD,372453.7191,5032005.823,-75.63546314,45.42471471,2014-05-26,7:15,01 - Clear,02 - Wet,01 - Traffic signal,02 - Intersection related,01 - Daylight,02 - Non-fatal injury,03 - Rear end,Cummings
820,PRINCE OF WALES DR btwn NATIONAL CAPITAL COMM DRWY & HARTWELL LOCKS/54,366917.2342,5027648.246,-75.7067549,45.38602002,2014-05-31,10:34,01 - Clear,01 - Dry,10 - No control,04 - At/near private drive,01 - Daylight,02 - Non-fatal injury,05 - Turning movement,Civic Hospital - Experimental Farm - Central Park
821,INNES RD @ VISENEAU DR,381798.2772,5035075.452,-75.51558691,45.45136663,2014-05-14,16:00,01 - Clear,01 - Dry,01 - Traffic signal,03 - At intersection,01 - Daylight,02 - Non-fatal injury,05 - Turning movement,Chapel Hill South
822,WALKLEY RD @ 160 W OF CONROY RD ,372767.6869,5027382.99,-75.63208864,45.38309009,2014-05-30,21:17,01 - Clear,01 - Dry,01 - Traffic signal,03 - At intersection,07 - Dark,02 - Non-fatal injury,05 - Turning movement,Elmvale - Eastway - Riverview - Riverview Park West
823,CONROY RD @ JOHNSTON RD,373397.281,5026308.46,-75.62419927,45.37336056,2014-05-17,1:15,01 - Clear,01 - Dry,01 - Traffic signal,03 - At intersection,07 - Dark,02 - Non-fatal injury,05 - Turning movement,Hunt Club
824,OLMSTEAD ST btwn GLADU ST & MCARTHUR AVE,370477.3668,5032789.276,-75.66061141,45.43195225,2014-04-17,9:16,01 - Clear,01 - Dry,10 - No control,01 - Non intersection,01 - Daylight,02 - Non-fatal injury,04 - Sideswipe,Vanier South
825,KING EDWARD AVE @ ST. PATRICK ST,368247.2795,5032824.537,-75.68910554,45.43247539,2014-06-12,22:24,01 - Clear,01 - Dry,01 - Traffic signal,03 - At intersection,07 - Dark,02 - Non-fatal injury,05 - Turning movement,Lower Town
826,CUMMINGS AVE @ DONALD ST,372652.1437,5032411.579,-75.6328719,45.42834629,2014-05-08,18:55,01 - Clear,01 - Dry,01 - Traffic signal,03 - At intersection,01 - Daylight,02 - Non-fatal injury,07 - SMV other,Cummings
827,CLEGG ST @ MAIN ST,369272.2143,5029921.822,-75.67638743,45.4062641,2014-05-09,14:37,01 - Clear,01 - Dry,01 - Traffic signal,03 - At intersection,01 - Daylight,02 - Non-fatal injury,02 - Angle,Old Ottawa East
828,WEST RIDGE DR @ FERNBANK RD,350383.5464,5011667.068,-75.91934977,45.24348832,2014-05-31,11:35,01 - Clear,01 - Dry,02 - Stop sign,03 - At intersection,01 - Daylight,02 - Non-fatal injury,02 - Angle,Stittsville
829,CLAUDE ST @ GARDENVALE RD,372159.3005,5032971.625,-75.63909295,45.43343296,2014-04-16,18:23,01 - Clear,01 - Dry,02 - Stop sign,03 - At intersection,01 - Daylight,02 - Non-fatal injury,02 - Angle,Cummings
830,GEORGE ST btwn DALHOUSIE ST & CUMBERLAND ST,368226.9799,5032355.988,-75.68942531,45.4282614,2014-05-31,19:45,01 - Clear,01 - Dry,10 - No control,01 - Non intersection,01 - Daylight,02 - Non-fatal injury,05 - Turning movement,Byward Market
831,HAZELDEAN RD @ HUNTMAR DR/IBER RD,350948.4071,5016083.584,-75.91174457,45.28319281,2014-06-03,11:00,02 - Rain,02 - Wet,01 - Traffic signal,02 - Intersection related,01 - Daylight,02 - Non-fatal injury,07 - SMV other,Stittsville
832,SCOTT ST btwn ISLAND PARK DR & OAKDALE AVE,363894.8078,5029077.766,-75.74517701,45.3991441,2014-05-28,18:00,01 - Clear,01 - Dry,10 - No control,01 - Non intersection,01 - Daylight,02 - Non-fatal injury,03 - Rear end,Island Park
833,PRINCE OF WALES DR btwn 187 N OF MEADOWLANDS DR & MEADOWLANDS DR/HOG'S,367359.1227,5025740.87,-75.70135412,45.36881859,2014-02-15,23:38,01 - Clear,02 - Wet,10 - No control,01 - Non intersection,07 - Dark,02 - Non-fatal injury,05 - Turning movement,Carleton Heights - Rideauview
834,INNES RD @ TRIM RD,386566.2982,5037274.504,-75.45427256,45.47060992,2014-05-31,14:40,01 - Clear,01 - Dry,01 - Traffic signal,03 - At intersection,01 - Daylight,02 - Non-fatal injury,05 - Turning movement,Cardinal Creek
835,CARLING AVE @ KEMPSTER AVE/FAMOUS PLAYERS THEA,359211.1456,5024118.561,-75.80554365,45.35490101,2014-05-30,14:25,01 - Clear,01 - Dry,01 - Traffic signal,02 - Intersection related,01 - Daylight,02 - Non-fatal injury,03 - Rear end,Bayshore
836,MANOTICK STATION RD @ SNAKE ISLAND RD,376806.2123,5005703.371,-75.58367136,45.18762168,2014-05-17,17:00,01 - Clear,01 - Dry,02 - Stop sign,02 - Intersection related,01 - Daylight,02 - Non-fatal injury,07 - SMV other,Kars - Osgoode
837,BOWESVILLE RD btwn FICKO CRES & RIDEAU RD,373301.04,5015693.096,-75.62689645,45.27785651,2014-06-04,14:22,01 - Clear,01 - Dry,10 - No control,01 - Non intersection,01 - Daylight,02 - Non-fatal injury,07 - SMV other,Greenbelt
838,EXETER DR S @ WESSEX RD,363464.1521,5014938.484,-75.75235343,45.2719561,2014-06-01,18:28,01 - Clear,01 - Dry,02 - Stop sign,03 - At intersection,01 - Daylight,02 - Non-fatal injury,02 - Angle,Barrhaven West - Old Barrhaven
839,HOLLAND AVE @ SHERWOOD DR,365150.1745,5028650.451,-75.72919583,45.39519213,2014-06-03,15:43,01 - Clear,01 - Dry,02 - Stop sign,02 - Intersection related,01 - Daylight,02 - Non-fatal injury,04 - Sideswipe,Civic Hospital - Experimental Farm - Central Park
840,BANK ST btwn LEITRIM RD & ARENA PL,375397.2979,5021528.496,-75.59935008,45.33015393,2014-05-16,16:37,02 - Rain,02 - Wet,10 - No control,01 - Non intersection,01 - Daylight,02 - Non-fatal injury,03 - Rear end,Greenbelt
841,CARLING AVE @ FAIRLAWN AVE/WOODROFFE AVE E,361934.6841,5025830.528,-75.77058762,45.37008852,2014-05-31,15:48,01 - Clear,01 - Dry,01 - Traffic signal,02 - Intersection related,01 - Daylight,02 - Non-fatal injury,07 - SMV other,Carlingwood West - Glabar Park - McKellar Heights
842,CARLING AVE @ WESTGATE SC E,364799.8427,5027657.363,-75.73379068,45.38628662,2014-06-02,9:21,01 - Clear,01 - Dry,01 - Traffic signal,02 - Intersection related,01 - Daylight,02 - Non-fatal injury,03 - Rear end,Carlington
843,BLACKBURN BYPASS WB btwn NAVAN RD & INNES RD E,379765.7628,5033716.905,-75.54177562,45.43936441,2014-05-20,8:40,01 - Clear,01 - Dry,10 - No control,01 - Non intersection,01 - Daylight,02 - Non-fatal injury,03 - Rear end,Greenbelt
844,MERIVALE RD @ WEST HUNT CLUB RD,365612.2213,5021941.55,-75.72412069,45.33478666,2014-06-04,15:41,01 - Clear,01 - Dry,01 - Traffic signal,02 - Intersection related,01 - Daylight,02 - Non-fatal injury,03 - Rear end,Tanglewood
845,HAWTHORNE RD/RUSSELL RD @ WALKLEY RD,374676.1657,5028497.646,-75.60756349,45.39293146,2014-06-02,16:48,01 - Clear,01 - Dry,01 - Traffic signal,03 - At intersection,01 - Daylight,02 - Non-fatal injury,05 - Turning movement,Sheffield Glen
846,EAGLESON RD @ PERTH ST/RICHMOND RD,358014.2087,5007408.45,-75.82261081,45.20463275,2014-05-31,16:30,01 - Clear,01 - Dry,01 - Traffic signal,03 - At intersection,01 - Daylight,02 - Non-fatal injury,07 - SMV other,Munster Hamlet - Richmond
847,BANK ST @ REGENT ST,368429.1363,5029329.509,-75.68723282,45.4010118,2014-05-31,17:28,01 - Clear,01 - Dry,02 - Stop sign,02 - Intersection related,01 - Daylight,02 - Non-fatal injury,03 - Rear end,The Glebe
848,CARLING AVE @ PRESTON ST,366830.1839,5028934.606,-75.70770472,45.39760207,2014-05-29,15:30,01 - Clear,01 - Dry,01 - Traffic signal,02 - Intersection related,01 - Daylight,02 - Non-fatal injury,03 - Rear end,Centretown West
849,HAWTHORNE RD/RUSSELL RD @ WALKLEY RD,374673.3221,5028500.489,-75.6075994,45.39295733,2014-05-29,18:00,01 - Clear,01 - Dry,01 - Traffic signal,02 - Intersection related,01 - Daylight,02 - Non-fatal injury,03 - Rear end,Sheffield Glen
850,REGIONAL ROAD 174 btwn HWY417 IC113 RAMP67 & Continuation of REGIONAL ,373884.7749,5032156.938,-75.61715686,45.4259345,2014-06-11,17:15,02 - Rain,02 - Wet,10 - No control,01 - Non intersection,01 - Daylight,02 - Non-fatal injury,03 - Rear end,Industrial Park
851,MARCH RD @ HOWIE RD,337042.9551,5017114.544,-76.0889253,45.29324532,2014-02-09,16:59,03 - Snow,03 - Loose snow,02 - Stop sign,03 - At intersection,01 - Daylight,02 - Non-fatal injury,07 - SMV other,Carp - Hardwood Plains
852,CARLING AVE @ BAYSHORE DR/BIRCHDALE AVE,359003.4492,5023991.56,-75.80820824,45.35377434,2014-05-29,11:29,01 - Clear,01 - Dry,01 - Traffic signal,02 - Intersection related,01 - Daylight,02 - Non-fatal injury,07 - SMV other,Bayshore
853,KING EDWARD AVE @ WILBROD ST,368676.1824,5032141.478,-75.68371306,45.42629044,2014-05-25,13:12,01 - Clear,01 - Dry,01 - Traffic signal,03 - At intersection,01 - Daylight,02 - Non-fatal injury,05 - Turning movement,Sandy Hill
854,ST. LAURENT BLVD @ COVENTRY RD/OGILVIE RD,372305.2456,5031951.575,-75.63736768,45.42424096,2014-05-20,8:04,01 - Clear,01 - Dry,01 - Traffic signal,02 - Intersection related,01 - Daylight,02 - Non-fatal injury,03 - Rear end,Overbrook
855,BAYSWATER AVE @ YOUNG ST,366092.1738,5029269.546,-75.71708862,45.40068077,2014-04-28,12:15,01 - Clear,01 - Dry,02 - Stop sign,03 - At intersection,01 - Daylight,02 - Non-fatal injury,02 - Angle,Civic Hospital - Experimental Farm - Central Park
856,DONALD B. MUNRO DR/OLD CARP RD W @ MARCH RD,343090.2139,5022593.095,-76.01140615,45.34223999,2014-05-31,20:18,01 - Clear,01 - Dry,02 - Stop sign,03 - At intersection,05 - Dusk,02 - Non-fatal injury,02 - Angle,Stittsville - Basswood
857,WOODRIDGE CRES btwn BAYSHORE PS & TRANSITWAY LINK,358625.8043,5023385.681,-75.81309367,45.34835171,2014-05-30,13:08,01 - Clear,01 - Dry,10 - No control,01 - Non intersection,01 - Daylight,02 - Non-fatal injury,06 - SMV unattended vehicle,Bayshore
858,PARKGLEN DR @ WOODROFFE AVE,362887.2661,5023127.46,-75.75874511,45.34568827,2014-06-04,16:42,01 - Clear,01 - Dry,02 - Stop sign,02 - Intersection related,01 - Daylight,02 - Non-fatal injury,03 - Rear end,Crestview - Meadowlands
859,INDUSTRIAL AVE/INNES RD @ ST. LAURENT BLVD,373098.3056,5030004.619,-75.62750437,45.40664619,2014-06-05,15:48,01 - Clear,01 - Dry,01 - Traffic signal,02 - Intersection related,01 - Daylight,02 - Non-fatal injury,03 - Rear end,Industrial Park
860,MITCH OWENS RD btwn RIVER RD & SPRATT RD,369563.6883,5010808.314,-75.67516364,45.234258,2014-06-11,18:05,02 - Rain,02 - Wet,10 - No control,04 - At/near private drive,01 - Daylight,02 - Non-fatal injury,02 - Angle,Manotick
861,INNES RD @ TRIM RD,386567.246,5037272.608,-75.45426076,45.47059275,2014-05-30,17:25,01 - Clear,01 - Dry,01 - Traffic signal,02 - Intersection related,01 - Daylight,02 - Non-fatal injury,03 - Rear end,Cardinal Creek
862,PRINCE OF WALES DR @ FALLOWFIELD RD,367398.2882,5019166.47,-75.70168593,45.30965987,2014-06-04,18:00,01 - Clear,01 - Dry,01 - Traffic signal,02 - Intersection related,01 - Daylight,02 - Non-fatal injury,03 - Rear end,Greenbelt
863,HANNAH ST @ MONTFORT ST,370143.0786,5033528.649,-75.66478518,45.43863613,2014-05-27,21:56,01 - Clear,01 - Dry,02 - Stop sign,03 - At intersection,07 - Dark,02 - Non-fatal injury,07 - SMV other,Vanier North
864,KIRKWOOD AVE btwn RICHMOND RD & LYMAN ST,363781.8008,5028626.585,-75.74667428,45.39509398,2014-06-15,13:59,01 - Clear,01 - Dry,10 - No control,04 - At/near private drive,01 - Daylight,02 - Non-fatal injury,05 - Turning movement,Westboro
865,BRONSON AVE btwn FIRST AVE & SECOND AVE,367505.053,5029196.226,-75.69905238,45.39989594,2014-05-08,8:30,01 - Clear,01 - Dry,10 - No control,01 - Non intersection,01 - Daylight,02 - Non-fatal injury,03 - Rear end,The Glebe
866,UPLANDS DR btwn WOODTHRUSH GR & RHAPSODY LANE,368843.4865,5023409.456,-75.68270834,45.34770706,2014-04-15,22:24,01 - Clear,01 - Dry,10 - No control,01 - Non intersection,07 - Dark,02 - Non-fatal injury,07 - SMV other,Hunt Club Woods - Quintarra - Revelstoke - Riverside South P
867,RIDEAU ST btwn SUSSEX DR & 88 W OF WILLIAM ST/FREIMAN MALL,367991.9708,5032090.199,-75.69246244,45.42589119,2014-06-05,17:31,01 - Clear,01 - Dry,10 - No control,01 - Non intersection,01 - Daylight,02 - Non-fatal injury,07 - SMV other,Byward Market - Parliament Hill
868,CARLING AVE EB btwn WOODROFFE AVE & WOODROFFE AVE,361889.2389,5025802.283,-75.77117102,45.36983808,2014-03-20,9:29,01 - Clear,02 - Wet,10 - No control,04 - At/near private drive,01 - Daylight,02 - Non-fatal injury,02 - Angle,Carlingwood West - Glabar Park - McKellar Heights
869,CYRVILLE RD @ OGILVIE RD,372454.193,5032007.466,-75.63545686,45.42472945,2014-05-10,9:45,01 - Clear,01 - Dry,01 - Traffic signal,02 - Intersection related,01 - Daylight,02 - Non-fatal injury,03 - Rear end,Cummings
870,BASELINE RD @ CORDOVA ST,363592.2664,5024411.422,-75.74959667,45.35718249,2014-06-02,18:37,01 - Clear,01 - Dry,01 - Traffic signal,02 - Intersection related,01 - Daylight,02 - Non-fatal injury,03 - Rear end,Braemar Park - Bel Air Heights - Copeland Park
871,KING EDWARD AVE NB btwn RAMP & CATHCART ST,368087.5419,5033137.654,-75.69110663,45.43530718,2014-05-06,16:45,01 - Clear,01 - Dry,10 - No control,01 - Non intersection,01 - Daylight,02 - Non-fatal injury,04 - Sideswipe,Lower Town
872,STITTSVILLE MAIN ST @ MULKINS ST S/WINTERGREEN,350005.6783,5013641.084,-75.92398333,45.26127562,2014-06-05,13:10,02 - Rain,02 - Wet,01 - Traffic signal,02 - Intersection related,01 - Daylight,02 - Non-fatal injury,03 - Rear end,Stittsville
873,OGILVIE RD @ MATHESON RD/PALMERSTON DR,373380.6689,5032536.261,-75.62354531,45.42939706,2014-06-12,7:30,02 - Rain,02 - Wet,01 - Traffic signal,03 - At intersection,01 - Daylight,02 - Non-fatal injury,07 - SMV other,Industrial Park
874,CARP RD @ STITTSVILLE MAIN ST,349524.3122,5014329.255,-75.93005469,45.2674988,2014-03-21,8:58,01 - Clear,01 - Dry,01 - Traffic signal,02 - Intersection related,01 - Daylight,02 - Non-fatal injury,03 - Rear end,Stittsville
875,JASMINE CRES S @ OGILVIE RD,375355.8012,5033720.294,-75.59813672,45.43985384,2014-06-03,20:17,01 - Clear,01 - Dry,02 - Stop sign,03 - At intersection,05 - Dusk,02 - Non-fatal injury,02 - Angle,Beacon Hill South - Cardinal Heights
876,BASELINE RD @ GREENBANK RD,360598.1582,5022582.604,-75.78801569,45.34097149,2014-06-04,9:45,01 - Clear,01 - Dry,01 - Traffic signal,03 - At intersection,01 - Daylight,02 - Non-fatal injury,03 - Rear end,Qualicum - Redwood Park
877,INDUSTRIAL AVE @ RIVERSIDE DR,370683.2968,5030592.553,-75.65827358,45.41216767,2014-05-11,11:53,01 - Clear,01 - Dry,01 - Traffic signal,02 - Intersection related,01 - Daylight,02 - Non-fatal injury,02 - Angle,Industrial Park
878,MONTREAL RD @ OGILVIE RD,375655.2089,5034556.586,-75.59418967,45.44734801,2014-05-12,17:45,01 - Clear,01 - Dry,01 - Traffic signal,02 - Intersection related,01 - Daylight,02 - Non-fatal injury,03 - Rear end,Beacon Hill South - Cardinal Heights
879,RICHMOND RD btwn JOHN SUTHERLAND DR & HOLLY ACRES RD,359018.3872,5022661.292,-75.80816344,45.3418034,2014-06-01,17:13,01 - Clear,01 - Dry,10 - No control,01 - Non intersection,01 - Daylight,02 - Non-fatal injury,05 - Turning movement,Greenbelt
880,ARGYLE AVE @ BANK ST,367995.2349,5030374.468,-75.69264078,45.41045332,2014-05-12,13:12,01 - Clear,01 - Dry,10 - No control,02 - Intersection related,01 - Daylight,02 - Non-fatal injury,07 - SMV other,Centretown
881,BANK ST @ ST. BERNARD ST,373005.2137,5023707.551,-75.62956327,45.34999686,2014-06-16,9:02,01 - Clear,01 - Dry,01 - Traffic signal,03 - At intersection,01 - Daylight,02 - Non-fatal injury,07 - SMV other,Blossom Park - Blossom Park West - Sawmill Creek/ Timbermill
882,GLOUCESTER ST @ METCALFE ST,367835.1336,5031384.684,-75.69455676,45.41955736,2014-05-29,8:25,01 - Clear,01 - Dry,01 - Traffic signal,03 - At intersection,01 - Daylight,02 - Non-fatal injury,07 - SMV other,Downtown
883,MARCO ST @ OLD PRESCOTT RD,377188.3837,5015315.501,-75.57741031,45.27406957,2014-05-17,11:30,01 - Clear,01 - Dry,02 - Stop sign,03 - At intersection,01 - Daylight,02 - Non-fatal injury,03 - Rear end,Greely
884,LEGGET DR btwn SOLANDT RD & FARRAR RD,350814.1781,5022752.048,-75.91283619,45.34320616,2014-05-15,17:27,01 - Clear,01 - Dry,10 - No control,04 - At/near private drive,01 - Daylight,02 - Non-fatal injury,02 - Angle,South March
885,TRENTON AVE btwn MERIVALE RD & PRINCE ST,364909.9759,5026367.212,-75.73254146,45.37466864,2014-05-20,16:30,01 - Clear,01 - Dry,10 - No control,01 - Non intersection,01 - Daylight,02 - Non-fatal injury,07 - SMV other,Carlington
886,ST. JOSEPH BLVD @ DUFORD DR/PLACE D'ORLEANS DR,381999.1052,5037995.64,-75.51256111,45.47761785,2014-06-07,15:30,01 - Clear,01 - Dry,01 - Traffic signal,02 - Intersection related,01 - Daylight,02 - Non-fatal injury,03 - Rear end,Queenswood Heights
887,DES EPINETTES AVE @ JEANNE D'ARC BLVD,382228.9499,5035961.285,-75.50994217,45.45928903,2014-03-11,18:20,01 - Clear,02 - Wet,01 - Traffic signal,03 - At intersection,05 - Dusk,02 - Non-fatal injury,03 - Rear end,Orleans Village - Chateauneuf
888,EAGLESON RD @ KATIMAVIK RD/TIMM DR,353216.0459,5019564.522,-75.88250064,45.31436256,2014-03-31,11:12,01 - Clear,01 - Dry,01 - Traffic signal,02 - Intersection related,01 - Daylight,02 - Non-fatal injury,03 - Rear end,Katimavik - Hazeldean
889,HUNT CLUB RD @ BRIDLE PATH DR/DAZE ST,371290.3071,5023863.556,-75.65142553,45.35156522,2014-05-29,15:29,01 - Clear,01 - Dry,01 - Traffic signal,02 - Intersection related,01 - Daylight,02 - Non-fatal injury,99 - Other,South Keys - Heron Gate - Greenboro West
890,RICHMOND RD @ 140 E OF POULIN AVE ,360399.7989,5025021.042,-75.79027236,45.36292826,2014-06-01,21:55,01 - Clear,01 - Dry,01 - Traffic signal,02 - Intersection related,07 - Dark,02 - Non-fatal injury,03 - Rear end,Woodroffe - Lincoln Heights
891,ROCKDALE RD @ RUSSELL RD,393758.4394,5026974.37,-75.36416818,45.37706282,2014-06-02,7:36,01 - Clear,01 - Dry,02 - Stop sign,02 - Intersection related,01 - Daylight,02 - Non-fatal injury,03 - Rear end,Navan - Vars
892,HUNT CLUB RD @ RIVERSIDE DR,368039.0727,5021944.551,-75.69316009,45.33459914,2014-06-03,7:50,02 - Rain,02 - Wet,01 - Traffic signal,02 - Intersection related,01 - Daylight,02 - Non-fatal injury,03 - Rear end,Hunt Club Woods - Quintarra - Revelstoke - Riverside South P
893,ELGIN ST @ LAURIER AVE,367950.1317,5031548.628,-75.69306648,45.4210221,2014-06-03,16:13,01 - Clear,01 - Dry,01 - Traffic signal,03 - At intersection,01 - Daylight,02 - Non-fatal injury,05 - Turning movement,Downtown
894,ELGIN ST @ WELLINGTON ST W,367664.2299,5031876.63,-75.69667752,45.4239991,2014-03-13,8:15,01 - Clear,03 - Loose snow,01 - Traffic signal,02 - Intersection related,01 - Daylight,02 - Non-fatal injury,03 - Rear end,Downtown
895,BLAIR RD @ REGIONAL RD 174 S/OR174 IC112 RAMP15,374907.0284,5032661.218,-75.60402316,45.43037002,2014-06-21,13:05,01 - Clear,01 - Dry,01 - Traffic signal,03 - At intersection,01 - Daylight,02 - Non-fatal injury,05 - Turning movement,Pineview
896,DONALD ST @ VANIER PKWY,370313.1349,5032269.638,-75.66277928,45.42729216,2014-05-18,23:24,01 - Clear,01 - Dry,01 - Traffic signal,02 - Intersection related,07 - Dark,02 - Non-fatal injury,07 - SMV other,Overbrook
897,COLONEL BY DR @ MAIN ST,368859.6011,5030914.514,-75.68152889,45.41523388,2014-06-17,10:00,01 - Clear,01 - Dry,02 - Stop sign,03 - At intersection,01 - Daylight,02 - Non-fatal injury,03 - Rear end,Old Ottawa East
898,GLOUCESTER ST @ LYON ST,367193.2763,5031000.625,-75.70280604,45.41615925,2014-06-12,15:17,02 - Rain,02 - Wet,01 - Traffic signal,03 - At intersection,01 - Daylight,02 - Non-fatal injury,02 - Angle,Downtown
899,TERON RD @ PARKWAY (THE)/PENFIELD DR S,352293.5634,5020788.805,-75.89414794,45.32544192,2014-06-14,16:07,01 - Clear,01 - Dry,01 - Traffic signal,03 - At intersection,01 - Daylight,02 - Non-fatal injury,07 - SMV other,Beaverbrook
900,KING EDWARD AVE btwn WILBROD ST & LAURIER AVE E,368727.8589,5032055.436,-75.68306391,45.42551154,2014-06-19,23:41,01 - Clear,01 - Dry,10 - No control,01 - Non intersection,07 - Dark,02 - Non-fatal injury,05 - Turning movement,Sandy Hill
901,BANK ST @ CATHERINE ST,368041.1272,5030266.624,-75.69206837,45.40947883,2014-06-23,19:22,01 - Clear,01 - Dry,01 - Traffic signal,03 - At intersection,01 - Daylight,02 - Non-fatal injury,07 - SMV other,Centretown
902,RICHMOND RD btwn WOODROFFE AVE & LOCKHART AVE,361608.857,5026688.646,-75.77464827,45.37783628,2014-06-09,16:16,01 - Clear,01 - Dry,10 - No control,04 - At/near private drive,01 - Daylight,02 - Non-fatal injury,05 - Turning movement,Carlingwood - McKellar Park - Laurentien View
903,HUNT CLUB RD @ LORRY GREENBERG DR/SABLE RIDGE ,372824.2126,5024804.661,-75.63172199,45.35988583,2014-06-01,23:55,01 - Clear,01 - Dry,01 - Traffic signal,03 - At intersection,07 - Dark,02 - Non-fatal injury,05 - Turning movement,Greenboro East
904,MERIVALE RD @ EMERALD PLAZA SC,364736.6611,5024004.502,-75.73504065,45.35342419,2014-06-02,15:10,01 - Clear,01 - Dry,01 - Traffic signal,02 - Intersection related,01 - Daylight,02 - Non-fatal injury,02 - Angle,Cityview - Skyline - Fisher Heights
905,WALKLEY RD @ GLENHAVEN PRIV,370212.7295,5025872.61,-75.6649106,45.36974342,2014-06-20,10:03,01 - Clear,01 - Dry,01 - Traffic signal,02 - Intersection related,01 - Daylight,02 - Non-fatal injury,05 - Turning movement,Ledbury - Heron Gate - Ridgemont - Elmwood
906,REGIONAL ROAD 174 btwn OR174 IC101 RAMP36 & OR174 IC101 RAMP26,382635.1076,5038855.97,-75.50429101,45.48528772,2014-07-03,15:37,01 - Clear,01 - Dry,10 - No control,01 - Non intersection,01 - Daylight,02 - Non-fatal injury,07 - SMV other,Chatelaine Village
907,BEAVERPOND DR @ BLAIR RD,375399.256,5031873.619,-75.59784611,45.42323413,2014-05-31,13:30,01 - Clear,01 - Dry,01 - Traffic signal,02 - Intersection related,01 - Daylight,02 - Non-fatal injury,03 - Rear end,Pineview
908,ST. LAURENT BLVD btwn HEMLOCK RD & MEADOW PARK PL,371154.7136,5034756.005,-75.65169038,45.44958403,2014-06-18,14:45,01 - Clear,01 - Dry,10 - No control,01 - Non intersection,01 - Daylight,02 - Non-fatal injury,07 - SMV other,Cemetery
909,HIGHWAY 417 btwn HWY417 IC118 RAMP76 & HWY417 IC118 RAMP67,369558.2025,5031109.653,-75.67257835,45.41692537,2014-03-30,7:45,03 - Snow,03 - Loose snow,10 - No control,01 - Non intersection,01 - Daylight,02 - Non-fatal injury,99 - Other,Sandy Hill
910,FLEWELLYN RD @ SHEA RD,352993.1263,5012175.353,-75.88606114,45.2478882,2014-06-15,8:58,01 - Clear,01 - Dry,02 - Stop sign,03 - At intersection,01 - Daylight,02 - Non-fatal injury,02 - Angle,Stittsville - Basswood