Record,Location,X,Y,lon,lat,Date,Time,Environment,Road_Surface,Traffic_Control,Collision_Location,Light,Collision_Classification,Impact_type,Neighborhood
911,BRIDLEWOOD DR/WOODBRIDGE CRES S @ STEEPLE CHAS,355164.8668,5017226.282,-75.85788445,45.29318558,2014-06-15,9:30,01 - Clear,01 - Dry,02 - Stop sign,03 - At intersection,01 - Daylight,02 - Non-fatal injury,07 - SMV other,Bridlewood - Emerald Meadows
912,GLADSTONE AVE @ KENT ST,367743.2824,5030461.466,-75.6958482,45.4112588,2014-06-10,15:12,01 - Clear,01 - Dry,01 - Traffic signal,03 - At intersection,01 - Daylight,02 - Non-fatal injury,02 - Angle,Centretown
913,BASELINE RD btwn BARBARA ANN PRIV & HIGHGATE RD,361895.7667,5023364.856,-75.77136924,45.34790575,2014-06-13,16:15,01 - Clear,01 - Dry,10 - No control,01 - Non intersection,01 - Daylight,02 - Non-fatal injury,03 - Rear end,Iris
914,CAMPEAU DR btwn COLCHESTER SQ/TERON RD & MARCH RD,352578.4144,5020467.526,-75.89054544,45.32253166,2014-06-10,16:34,01 - Clear,01 - Dry,10 - No control,01 - Non intersection,01 - Daylight,02 - Non-fatal injury,03 - Rear end,Beaverbrook
915,RIVERSIDE DR NB btwn INDUSTRIAL AVE & TREMBLAY RD,370808.2392,5030991.263,-75.65662409,45.41574333,2014-06-17,13:41,01 - Clear,01 - Dry,10 - No control,01 - Non intersection,01 - Daylight,02 - Non-fatal injury,03 - Rear end,Industrial Park
916,BANK ST @ FOURTH AVE,368366.8869,5029476.803,-75.6880089,45.40234276,2014-06-14,9:38,01 - Clear,01 - Dry,02 - Stop sign,03 - At intersection,01 - Daylight,02 - Non-fatal injury,05 - Turning movement,The Glebe
917,HAZELDEAN RD @ EDGEWATER ST,352324.0796,5017351.445,-75.89408834,45.29450969,2014-06-20,13:02,01 - Clear,01 - Dry,01 - Traffic signal,03 - At intersection,01 - Daylight,02 - Non-fatal injury,07 - SMV other,Glen Cairn - Kanata South Business Park
918,PRINCE OF WALES DR btwn MEADOWLANDS DR & NESBITT PL,367373.3407,5025657.458,-75.70118319,45.3680668,2014-06-10,15:10,01 - Clear,01 - Dry,10 - No control,04 - At/near private drive,01 - Daylight,02 - Non-fatal injury,05 - Turning movement,Carleton Heights - Rideauview
919,BASELINE RD @ CORDOVA ST,363594.1621,5024411.422,-75.74957247,45.35718233,2014-06-15,12:39,01 - Clear,01 - Dry,01 - Traffic signal,03 - At intersection,01 - Daylight,02 - Non-fatal injury,02 - Angle,Braemar Park - Bel Air Heights - Copeland Park
920,ROBERTSON RD btwn MILL HILL RD & WESTCLIFFE RD,356265.8122,5019974.079,-75.84356379,45.3178309,2014-06-13,10:59,02 - Rain,02 - Wet,10 - No control,04 - At/near private drive,01 - Daylight,02 - Non-fatal injury,03 - Rear end,Bells Corners West
921,LAURIER AVE   W btwn LYON ST N & KENT ST,367291.9401,5031147.596,-75.7015269,45.41747284,2014-05-30,17:30,01 - Clear,01 - Dry,10 - No control,01 - Non intersection,01 - Daylight,02 - Non-fatal injury,04 - Sideswipe,Downtown
922,CLARIDGE DR btwn TOTTERIDGE AVE & FAIRLOP WAY,364546.5642,5016195.088,-75.73840857,45.28317188,2014-06-16,15:48,02 - Rain,02 - Wet,10 - No control,01 - Non intersection,01 - Daylight,02 - Non-fatal injury,06 - SMV unattended vehicle,New Barrhaven
923,INNES RD/PRESTWICK DR @ LANTHIER DR,383541.4451,5035987.608,-75.49315811,45.45937917,2014-06-14,7:41,01 - Clear,01 - Dry,01 - Traffic signal,03 - At intersection,01 - Daylight,02 - Non-fatal injury,07 - SMV other,Queenswood Heights
924,ROBERTSON RD btwn FITZGERALD RD & MOODIE DR,356999.6434,5020421.954,-75.83415735,45.32180675,2014-06-18,12:30,01 - Clear,01 - Dry,10 - No control,04 - At/near private drive,01 - Daylight,02 - Non-fatal injury,05 - Turning movement,Bells Corners West
925,ALEXANDRA BR btwn MURRAY ST & END,367421.7837,5032415.333,-75.69970687,45.42886792,2014-02-03,7:29,01 - Clear,05 - Packed snow,10 - No control,07 - Overpass or bridge,01 - Daylight,02 - Non-fatal injury,07 - SMV other,Byward Market - Parliament Hill
926,COLONNADE RD @ PRINCE OF WALES DR,367395.1855,5023265.568,-75.70120723,45.34654314,2014-06-06,10:17,01 - Clear,01 - Dry,01 - Traffic signal,02 - Intersection related,01 - Daylight,02 - Non-fatal injury,03 - Rear end,Industrial Park
927,AVONCOURT WAY @ WALKLEY RD,369604.2929,5025515.533,-75.67272421,45.36658707,2014-06-18,14:05,01 - Clear,01 - Dry,01 - Traffic signal,02 - Intersection related,01 - Daylight,02 - Non-fatal injury,03 - Rear end,Riverside Park
928,RICHARDSON SIDE RD @ TERRY FOX DR,348803.086,5019506.072,-75.93878598,45.31412702,2014-06-21,9:39,01 - Clear,01 - Dry,01 - Traffic signal,03 - At intersection,01 - Daylight,02 - Non-fatal injury,05 - Turning movement,Kanata Lakes - Marchwood Lakeside - Morgan's Grant - Kanata
929,ROOSEVELT AVE btwn AVONDALE AVE & DOVERCOURT AVE,363321.7537,5027416.946,-75.75269303,45.38424844,2014-06-18,17:08,01 - Clear,01 - Dry,10 - No control,01 - Non intersection,01 - Daylight,02 - Non-fatal injury,07 - SMV other,Carlingwood - McKellar Park - Laurentien View
930,COOPER ST @ BANK ST,367649.1842,5030987.728,-75.69698316,45.4160024,2014-05-07,9:34,01 - Clear,01 - Dry,02 - Stop sign,03 - At intersection,01 - Daylight,02 - Non-fatal injury,02 - Angle,Centretown
931,KING GEORGE ST btwn FRANCES ST & LAWSON AVE,371539.7839,5032161.312,-75.64711981,45.42620153,2014-06-14,22:59,01 - Clear,01 - Dry,10 - No control,01 - Non intersection,07 - Dark,02 - Non-fatal injury,07 - SMV other,Overbrook
932,CUMMINGS AVE @ MONTREAL RD,372009.1295,5034041.534,-75.64086595,45.44307393,2014-06-02,17:13,01 - Clear,01 - Dry,01 - Traffic signal,03 - At intersection,01 - Daylight,02 - Non-fatal injury,07 - SMV other,Cummings
933,HWY 417 MAITLAND IC126R26/62 @ MAITLAND AVE,363145.4293,5025984.107,-75.75511375,45.37137066,2014-06-17,20:42,02 - Rain,02 - Wet,01 - Traffic signal,03 - At intersection,05 - Dusk,02 - Non-fatal injury,05 - Turning movement,Carlingwood West - Glabar Park - McKellar Heights
934,QUEEN ST btwn BANK ST & O'CONNOR ST,367368.6412,5031505.185,-75.70050156,45.42068346,2014-06-19,8:48,01 - Clear,01 - Dry,10 - No control,01 - Non intersection,01 - Daylight,02 - Non-fatal injury,07 - SMV other,Downtown
935,WALKLEY RD @ GLENHAVEN PRIV,370213.6773,5025875.454,-75.66489813,45.36976892,2014-06-21,16:51,01 - Clear,01 - Dry,01 - Traffic signal,03 - At intersection,01 - Daylight,02 - Non-fatal injury,02 - Angle,Ledbury - Heron Gate - Ridgemont - Elmwood
936,STITTSVILLE MAIN ST btwn DAPHNE CRES & DAPHNE CRES,350479.0956,5013061.362,-75.91800459,45.2560285,2014-05-30,8:55,01 - Clear,01 - Dry,10 - No control,04 - At/near private drive,01 - Daylight,02 - Non-fatal injury,02 - Angle,Stittsville
937,PRINCE OF WALES DR @ WEST HUNT CLUB RD,367458.2364,5021892.451,-75.7005766,45.33418246,2014-06-06,17:30,01 - Clear,01 - Dry,01 - Traffic signal,02 - Intersection related,01 - Daylight,02 - Non-fatal injury,03 - Rear end,Industrial Park
938,RUSSELL RD S @ ST. LAURENT BLVD,373569.4419,5029262.386,-75.62158993,45.3999218,2014-06-21,17:38,01 - Clear,01 - Dry,01 - Traffic signal,03 - At intersection,01 - Daylight,02 - Non-fatal injury,05 - Turning movement,Sheffield Glen
939,HAWTHORNE RD @ HUNT CLUB RD,375507.276,5026406.529,-75.59724964,45.37403321,2014-10-07,18:11,01 - Clear,01 - Dry,01 - Traffic signal,03 - At intersection,01 - Daylight,02 - Non-fatal injury,05 - Turning movement,Industrial Park
940,BREWER RD @ BRONSON AVE,368110.4689,5027763.592,-75.69150385,45.38695103,2014-06-12,15:13,02 - Rain,02 - Wet,01 - Traffic signal,02 - Intersection related,01 - Daylight,02 - Non-fatal injury,03 - Rear end,Carleto
941,BANK ST @ HERON RD,369997.1418,5026849.646,-75.66753363,45.37855457,2014-05-31,12:19,01 - Clear,01 - Dry,01 - Traffic signal,03 - At intersection,01 - Daylight,02 - Non-fatal injury,05 - Turning movement,Alta Vista
942,MERIVALE RD @ 110 S OF BURRIS LANE/LOBLAWS SC,364814.2225,5024951.57,-75.73393586,45.36193913,2014-06-17,20:20,02 - Rain,02 - Wet,01 - Traffic signal,03 - At intersection,05 - Dusk,02 - Non-fatal injury,02 - Angle,Cityview - Skyline - Fisher Heights
943,INNES RD @ VISENEAU DR,381797.3293,5035072.608,-75.51559947,45.45134115,2014-06-18,6:44,01 - Clear,02 - Wet,01 - Traffic signal,03 - At intersection,01 - Daylight,02 - Non-fatal injury,02 - Angle,Chapel Hill South
944,INDUSTRIAL AVE @ ALTA VISTA DR/SANDFORD FLEMIN,370885.1977,5030556.622,-75.65569919,45.41182534,2014-06-11,13:43,02 - Rain,02 - Wet,01 - Traffic signal,02 - Intersection related,01 - Daylight,02 - Non-fatal injury,03 - Rear end,Industrial Park
945,CARP RD btwn CARP RD & KITTIWAKE DR,348410.0912,5014729.59,-75.94421796,45.27117114,2014-06-18,7:15,01 - Clear,02 - Wet,10 - No control,04 - At/near private drive,01 - Daylight,02 - Non-fatal injury,01 - Approaching,Stittsville
946,ROBERTSON RD btwn HAANEL DR & MILL HILL RD,355402.6744,5019452.794,-75.85462548,45.31320304,2014-06-18,7:27,01 - Clear,01 - Dry,10 - No control,01 - Non intersection,01 - Daylight,02 - Non-fatal injury,07 - SMV other,Greenbelt
947,BANK ST @ QUEENSDALE AVE,373337.2168,5023447.409,-75.62536278,45.34762383,2014-06-19,12:10,01 - Clear,01 - Dry,01 - Traffic signal,03 - At intersection,01 - Daylight,02 - Non-fatal injury,05 - Turning movement,Blossom Park - Blossom Park West - Sawmill Creek/ Timbermill
948,DRIVEWAY (THE) @ PRINCE OF WALES DR,366874.1384,5028132.688,-75.70724425,45.39038272,2014-05-25,16:58,01 - Clear,01 - Dry,03 - Yield sign,02 - Intersection related,01 - Daylight,02 - Non-fatal injury,03 - Rear end,Civic Hospital - Experimental Farm - Central Park
949,REGIONAL ROAD 174 btwn TRANSIT & OR174 IC105 RAMP51,378536.7792,5036514.817,-75.55706309,45.46466873,2014-06-01,3:03,01 - Clear,01 - Dry,10 - No control,01 - Non intersection,07 - Dark,02 - Non-fatal injury,07 - SMV other,Greenbelt
950,HUNT CLUB RD btwn TRANSIT & DAZE ST,371208.7905,5023813.319,-75.65247251,45.35112093,2014-06-19,16:09,01 - Clear,01 - Dry,10 - No control,01 - Non intersection,01 - Daylight,02 - Non-fatal injury,03 - Rear end,South Keys - Heron Gate - Greenboro West
951,DUNNING RD @ WILHAVEN DR,391047.2149,5040825.666,-75.39635175,45.50201999,2014-06-19,7:48,01 - Clear,01 - Dry,02 - Stop sign,03 - At intersection,01 - Daylight,02 - Non-fatal injury,03 - Rear end,Cumberland - Estates
952,CLOSSE WAY @ PLUMBER AVE,373268.4189,5033579.052,-75.62483467,45.43879056,2014-06-18,8:30,01 - Clear,01 - Dry,03 - Yield sign,02 - Intersection related,01 - Daylight,02 - Non-fatal injury,07 - SMV other,Carson Grove - Carson Meadows
953,GRENON AVE @ RICHMOND RD,359806.1966,5024034.458,-75.79795887,45.35409782,2014-06-19,13:39,01 - Clear,01 - Dry,01 - Traffic signal,02 - Intersection related,01 - Daylight,02 - Non-fatal injury,03 - Rear end,Whitehaven - Queensway Terrace North
954,MAITLAND AVE @ WOODWARD DR,363270.8692,5025663.008,-75.75355042,45.36847099,2014-06-18,17:59,01 - Clear,01 - Dry,01 - Traffic signal,03 - At intersection,01 - Daylight,02 - Non-fatal injury,05 - Turning movement,Braemar Park - Bel Air Heights - Copeland Park
955,FOURTH LINE RD @ LOCKHEAD RD,367865.2585,4997790.117,-75.69843797,45.11727359,2014-06-07,19:49,01 - Clear,01 - Dry,02 - Stop sign,02 - Intersection related,01 - Daylight,02 - Non-fatal injury,07 - SMV other,Manotick - North Gower
956,BASELINE RD @ CENTREPOINTE DR E/HIGHGATE RD,362061.2127,5023465.505,-75.76924641,45.3487979,2014-05-18,12:38,01 - Clear,01 - Dry,01 - Traffic signal,02 - Intersection related,01 - Daylight,02 - Non-fatal injury,03 - Rear end,Iris
957,ALBION RD @ BANK ST,371947.2018,5024129.499,-75.64300681,45.3538955,2014-06-12,19:10,01 - Clear,01 - Dry,01 - Traffic signal,02 - Intersection related,01 - Daylight,02 - Non-fatal injury,04 - Sideswipe,Emerald Woods - Sawmill Creek
958,BANK ST @ HERON RD,369998.0897,5026851.542,-75.66752127,45.37857154,2014-06-07,12:15,01 - Clear,01 - Dry,01 - Traffic signal,02 - Intersection related,01 - Daylight,02 - Non-fatal injury,03 - Rear end,Alta Vista
959,HAWTHORNE RD @ LEITRIM RD,377041.6754,5022720.774,-75.57820047,45.34071415,2014-05-10,12:04,01 - Clear,01 - Dry,01 - Traffic signal,03 - At intersection,01 - Daylight,02 - Non-fatal injury,02 - Angle,Greenbelt
960,BANK ST @ GLEN AVE,368807.0737,5028434.555,-75.68252185,45.39292484,2014-06-07,16:15,01 - Clear,01 - Dry,01 - Traffic signal,02 - Intersection related,01 - Daylight,02 - Non-fatal injury,03 - Rear end,Old Ottawa South
961,TIMM DR btwn HAANEL DR & MOODIE DR,355622.8082,5020343.315,-75.85172676,45.32120018,2014-06-07,17:16,01 - Clear,01 - Dry,10 - No control,01 - Non intersection,01 - Daylight,02 - Non-fatal injury,07 - SMV other,Greenbelt
962,OR174 IC112 RAMP51 btwn REGIONAL ROAD 174 & OR174 IC112 RAMP52,374941.5349,5032881.107,-75.6035509,45.432345,2014-06-10,6:21,01 - Clear,01 - Dry,10 - No control,01 - Non intersection,01 - Daylight,02 - Non-fatal injury,07 - SMV other,Greenbelt
963,FOREST VALLEY DR btwn RIVERCREST DR & MEADOWGLEN DR,379814.7583,5035238.154,-75.5409175,45.45304622,2014-06-10,7:54,01 - Clear,01 - Dry,10 - No control,01 - Non intersection,01 - Daylight,02 - Non-fatal injury,06 - SMV unattended vehicle,Chapel Hill
964,VIEWMOUNT DR @ MERIVALE RD,365193.2232,5022947.548,-75.72934325,45.34387469,2014-05-22,8:54,01 - Clear,01 - Dry,01 - Traffic signal,03 - At intersection,01 - Daylight,02 - Non-fatal injury,05 - Turning movement,Tanglewood
965,BANK ST @ CATHERINE ST,368040.1793,5030265.676,-75.6920806,45.40947038,2014-06-11,19:40,02 - Rain,02 - Wet,01 - Traffic signal,03 - At intersection,01 - Daylight,02 - Non-fatal injury,07 - SMV other,Centretown
966,MACDONALD-CARTIER BR btwn RAMP & END (2),367210.1432,5033286.644,-75.70230088,45.43672661,2014-03-23,9:14,01 - Clear,01 - Dry,10 - No control,07 - Overpass or bridge,01 - Daylight,02 - Non-fatal injury,03 - Rear end,Gatineau
967,BRONSON AVE @ GILMOUR ST,367030.8004,5030322.043,-75.70496746,45.41006804,2014-06-08,10:21,01 - Clear,01 - Dry,10 - No control,02 - Intersection related,01 - Daylight,02 - Non-fatal injury,05 - Turning movement,Centretown West
968,CAMPEAU DR @ TERRY FOX DR,350457.0225,5019012.351,-75.91773829,45.30957879,2014-06-19,10:40,01 - Clear,01 - Dry,01 - Traffic signal,02 - Intersection related,01 - Daylight,02 - Non-fatal injury,03 - Rear end,Kanata
969,ST. JOSEPH BLVD btwn ROCKCLIFFE PKWY & HART RD,377369.1984,5035436.166,-75.57215119,45.45508604,2014-05-22,13:01,01 - Clear,01 - Dry,10 - No control,04 - At/near private drive,01 - Daylight,02 - Non-fatal injury,02 - Angle,Greenbelt
970,METCALFE ST @ LAURIER AVE,367791.6465,5031451.35,-75.69510384,45.42016111,2014-06-13,8:55,02 - Rain,02 - Wet,01 - Traffic signal,02 - Intersection related,01 - Daylight,02 - Non-fatal injury,04 - Sideswipe,Downtown
971,LYON ST @ WELLINGTON ST,366932.9013,5031427.114,-75.70607873,45.42001984,2014-05-20,16:36,01 - Clear,01 - Dry,01 - Traffic signal,02 - Intersection related,01 - Daylight,02 - Non-fatal injury,99 - Other,Downtown
972,JOCKVALE RD/RIDEAU VALLEY DR @ PRINCE OF WALES,366711.1187,5012194.449,-75.71131815,45.24698702,2014-05-23,19:00,02 - Rain,02 - Wet,01 - Traffic signal,02 - Intersection related,01 - Daylight,02 - Non-fatal injury,03 - Rear end,New Barrhaven
973,DONALD ST @ VANIER PKWY,370311.2392,5032268.69,-75.66280363,45.42728381,2014-05-29,17:11,01 - Clear,01 - Dry,01 - Traffic signal,02 - Intersection related,01 - Daylight,02 - Non-fatal injury,04 - Sideswipe,Overbrook
974,FISHER AVE btwn MCCOOEY LANE & BASELINE RD,366070.9701,5026244.632,-75.71773496,45.37346514,2014-06-20,14:26,01 - Clear,01 - Dry,10 - No control,01 - Non intersection,01 - Daylight,02 - Non-fatal injury,03 - Rear end,Civic Hospital - Experimental Farm - Central Park
975,CYRVILLE RD btwn STAR TOP RD & MEADOWBROOK RD,373865.2734,5031508.136,-75.617497,45.42009883,2014-06-09,12:22,01 - Clear,01 - Dry,10 - No control,04 - At/near private drive,01 - Daylight,02 - Non-fatal injury,02 - Angle,Pineview
976,RIVER RD btwn KILBY LANE & WATERFRONT CRT,372233.746,5007485.395,-75.64161132,45.20410817,2014-05-25,13:42,01 - Clear,01 - Dry,10 - No control,04 - At/near private drive,01 - Daylight,02 - Non-fatal injury,05 - Turning movement,Manotick
977,NUGGETT DR btwn NATALIE WAY & NATALIE WAY,381711.4321,5035776.331,-75.51658744,45.45768213,2014-05-27,9:12,01 - Clear,08 - Loose sand or gravel,10 - No control,01 - Non intersection,01 - Daylight,02 - Non-fatal injury,07 - SMV other,Orleans Village - Chateauneuf
978,RUSSELL RD S @ ST. LAURENT BLVD,373569.4419,5029261.438,-75.62159006,45.39991327,2014-06-20,16:46,01 - Clear,01 - Dry,01 - Traffic signal,03 - At intersection,01 - Daylight,02 - Non-fatal injury,05 - Turning movement,Hawthorne Meadows - Sheffield Glen
979,MAIN ST btwn LEES AVE & EVELYN AVE,369032.5477,5030488.738,-75.67937492,45.41138704,2014-07-15,12:45,01 - Clear,01 - Dry,10 - No control,01 - Non intersection,01 - Daylight,02 - Non-fatal injury,03 - Rear end,Old Ottawa East
980,BRITTANY DR @ MONTREAL RD,371912.7118,5033995.342,-75.64210462,45.44266758,2014-07-15,13:05,01 - Clear,01 - Dry,01 - Traffic signal,03 - At intersection,01 - Daylight,02 - Non-fatal injury,07 - SMV other,Cummings
981,LENESTER AVE @ MAITLAND AVE,363077.1476,5026146.287,-75.75596628,45.37283561,2014-06-26,12:57,01 - Clear,01 - Dry,02 - Stop sign,03 - At intersection,01 - Daylight,02 - Non-fatal injury,02 - Angle,Carlingwood West - Glabar Park - McKellar Heights
982,RICHMOND RD @ HOLLY ACRES RD/NANAIMO DR,359058.6716,5022749.764,-75.80763973,45.34259636,2014-06-29,17:25,01 - Clear,01 - Dry,01 - Traffic signal,03 - At intersection,01 - Daylight,02 - Non-fatal injury,05 - Turning movement,Greenbelt
983,JEANNE D'ARC BLVD @ ORLEANS BLVD S,380938.3748,5036249.632,-75.52639724,45.46202518,2014-06-23,13:45,01 - Clear,01 - Dry,01 - Traffic signal,03 - At intersection,01 - Daylight,02 - Non-fatal injury,02 - Angle,Orleans Village - Chateauneuf
984,RIVERSIDE DR btwn HUNT CLUB RD & KIMBERWICK CRES,368037.0099,5022113.793,-75.69316478,45.33612213,2014-06-30,8:05,01 - Clear,01 - Dry,10 - No control,01 - Non intersection,01 - Daylight,02 - Non-fatal injury,03 - Rear end,Hunt Club Woods - Quintarra - Revelstoke - Riverside South P
985,BANK ST btwn BELMONT AVE & GROVE AVE,368843.0616,5028379.241,-75.68206945,45.39242385,2014-05-10,18:10,01 - Clear,01 - Dry,10 - No control,04 - At/near private drive,01 - Daylight,02 - Non-fatal injury,05 - Turning movement,Old Ottawa South
986,HOLLAND AVE @ WELLINGTON ST,364928.2796,5029155.45,-75.7319681,45.39975509,2014-05-16,16:17,01 - Clear,01 - Dry,01 - Traffic signal,03 - At intersection,01 - Daylight,02 - Non-fatal injury,05 - Turning movement,Island Park
987,MCARTHUR AVE btwn VANIER PKWY & ENFIELD AVE,370258.6911,5032697.158,-75.66341814,45.43114391,2014-05-22,14:56,01 - Clear,01 - Dry,10 - No control,04 - At/near private drive,01 - Daylight,02 - Non-fatal injury,99 - Other,Vanier South
988,LYNDA LANE @ SMYTH RD,371611.2485,5029190.6,-75.64660933,45.39946551,2014-05-19,19:47,01 - Clear,01 - Dry,02 - Stop sign,03 - At intersection,01 - Daylight,02 - Non-fatal injury,02 - Angle,Elmvale - Eastway - Riverview - Riverview Park West
989,COOPER ST btwn ELGIN ST & CARTIER ST,368141.1335,5031283.287,-75.69066021,45.41861738,2014-06-18,8:40,01 - Clear,01 - Dry,10 - No control,01 - Non intersection,01 - Daylight,02 - Non-fatal injury,04 - Sideswipe,Golden Triangle
990,BARNSDALE RD @ RIDEAU VALLEY DR,367140.1722,5011812.348,-75.70590089,45.24351101,2014-06-19,13:53,01 - Clear,01 - Dry,02 - Stop sign,03 - At intersection,01 - Daylight,02 - Non-fatal injury,02 - Angle,New Barrhaven
991,CARLING AVE @ PRESTON ST,366830.1839,5028936.501,-75.70770449,45.39761912,2014-06-18,7:34,01 - Clear,01 - Dry,01 - Traffic signal,03 - At intersection,01 - Daylight,02 - Non-fatal injury,05 - Turning movement,Centretown West
992,HAWTHORNE RD @ HUNT CLUB RD,375508.2238,5026406.529,-75.59723754,45.37403312,2014-12-04,17:11,01 - Clear,01 - Dry,01 - Traffic signal,02 - Intersection related,07 - Dark,02 - Non-fatal injury,03 - Rear end,Industrial Park
993,BEAVERBROOK RD @ WESLOCK WAY,350927.3871,5020876.574,-75.91156647,45.3263228,2014-05-21,9:05,01 - Clear,01 - Dry,02 - Stop sign,03 - At intersection,01 - Daylight,02 - Non-fatal injury,02 - Angle,Kanata Lakes - Marchwood Lakeside - Morgan's Grant - Kanata
994,BANK ST btwn SOUTHKEYS SC & CAHILL DR/DAZE ST,371295.9145,5024327.154,-75.65129162,45.355736,2014-06-18,13:51,01 - Clear,01 - Dry,10 - No control,01 - Non intersection,01 - Daylight,02 - Non-fatal injury,04 - Sideswipe,South Keys - Heron Gate - Greenboro West
995,MAITLAND AVE @ WOODWARD DR,363273.6946,5025664.997,-75.75351412,45.36848866,2014-06-23,12:30,01 - Clear,01 - Dry,01 - Traffic signal,02 - Intersection related,01 - Daylight,02 - Non-fatal injury,03 - Rear end,Braemar Park - Bel Air Heights - Copeland Park
996,MERIVALE RD @ EMERALD PLAZA SC,364735.7132,5024004.502,-75.73505275,45.35342427,2014-06-20,8:30,01 - Clear,01 - Dry,01 - Traffic signal,03 - At intersection,01 - Daylight,02 - Non-fatal injury,02 - Angle,Cityview - Skyline - Fisher Heights
997,RICHMOND RD btwn STINSON AVE & STAFFORD RD,358094.9409,5021059.678,-75.82011841,45.32746275,2014-06-20,10:21,01 - Clear,01 - Dry,10 - No control,01 - Non intersection,01 - Daylight,02 - Non-fatal injury,04 - Sideswipe,Bells Corners East
998,CARLING AVE @ BAYSHORE DR/BIRCHDALE AVE,359006.2928,5023991.56,-75.80817195,45.35377412,2014-06-25,15:13,01 - Clear,01 - Dry,01 - Traffic signal,03 - At intersection,01 - Daylight,02 - Non-fatal injury,03 - Rear end,Bayshore
999,CYRVILLE RD @ OGILVIE RD,372453.7191,5032006.33,-75.63546307,45.42471927,2014-03-30,21:33,01 - Clear,02 - Wet,01 - Traffic signal,03 - At intersection,07 - Dark,02 - Non-fatal injury,05 - Turning movement,Cummings
1000,ST. JOSEPH BLVD btwn ST. JEAN ST & BELCOURT BLVD,380991.8187,5037213.759,-75.52556449,45.47069378,2014-06-20,13:43,01 - Clear,01 - Dry,10 - No control,04 - At/near private drive,01 - Daylight,02 - Non-fatal injury,02 - Angle,Orleans Village - Chateauneuf
1001,CARLING AVE EB btwn BAYSHORE DR & CARLING AVE,359229.629,5024117.613,-75.80530787,45.35489104,2014-05-25,13:59,01 - Clear,01 - Dry,10 - No control,01 - Non intersection,01 - Daylight,02 - Non-fatal injury,07 - SMV other,Bayshore
1002,KENT ST @ LAURIER AVE,367316.2251,5031164.589,-75.70121448,45.41762357,2014-06-11,17:28,02 - Rain,02 - Wet,01 - Traffic signal,03 - At intersection,01 - Daylight,02 - Non-fatal injury,05 - Turning movement,Downtown
1003,HAWTHORNE RD @ HUNT CLUB RD,375509.6501,5026407.004,-75.59721927,45.37403725,2014-06-27,14:40,01 - Clear,01 - Dry,01 - Traffic signal,03 - At intersection,01 - Daylight,02 - Non-fatal injury,05 - Turning movement,Industrial Park
1004,GREENBANK RD @ MALVERN DR/FOXFIELD DR,363311.2125,5016195.381,-75.75415425,45.28327843,2014-06-10,18:28,01 - Clear,01 - Dry,01 - Traffic signal,02 - Intersection related,01 - Daylight,02 - Non-fatal injury,03 - Rear end,Barrhaven West - Old Barrhaven
1005,MCARTHUR AVE @ VANIER PKWY,370217.2832,5032690.586,-75.66394816,45.43108865,2014-07-01,17:37,01 - Clear,02 - Wet,01 - Traffic signal,03 - At intersection,01 - Daylight,02 - Non-fatal injury,02 - Angle,Vanier South
1006,MEADOW PARK PL @ ST. LAURENT BLVD,371211.1795,5034624.603,-75.65098631,45.44839638,2014-06-20,16:05,01 - Clear,01 - Dry,02 - Stop sign,03 - At intersection,01 - Daylight,02 - Non-fatal injury,05 - Turning movement,Cemetery
1007,MACKENZIE KING BR/WALLER ST @ NICHOLAS ST/WALL,368372.0302,5031992.688,-75.68761869,45.42497939,2014-05-18,17:00,01 - Clear,01 - Dry,01 - Traffic signal,02 - Intersection related,01 - Daylight,02 - Non-fatal injury,03 - Rear end,Sandy Hill
1008,OGILVIE RD @ MATHESON RD/PALMERSTON DR,373379.7211,5032536.261,-75.62355743,45.42939715,2014-06-21,20:50,01 - Clear,01 - Dry,01 - Traffic signal,03 - At intersection,05 - Dusk,02 - Non-fatal injury,05 - Turning movement,Industrial Park
1009,SECOND AVE btwn BANK ST & O'CONNOR ST,368314.3239,5029633.883,-75.68866003,45.40376089,2014-06-26,11:18,01 - Clear,01 - Dry,10 - No control,01 - Non intersection,01 - Daylight,02 - Non-fatal injury,07 - SMV other,The Glebe
1010,KING EDWARD AVE @ LAURIER AVE,368739.7072,5032035.817,-75.68291506,45.42533393,2014-06-13,10:55,01 - Clear,01 - Dry,01 - Traffic signal,03 - At intersection,01 - Daylight,02 - Non-fatal injury,02 - Angle,Sandy Hill
1011,WELLINGTON ST    W btwn HINTON AVE N & HAMILTON AVE N,365050.52,5029217.311,-75.73039928,45.40030119,2014-06-28,14:36,01 - Clear,01 - Dry,10 - No control,01 - Non intersection,01 - Daylight,02 - Non-fatal injury,04 - Sideswipe,Islan
1012,CATHERINE ST @ METCALFE ST,368394.2137,5030486.817,-75.68752959,45.41142806,2014-07-11,11:10,01 - Clear,01 - Dry,01 - Traffic signal,02 - Intersection related,01 - Daylight,02 - Non-fatal injury,03 - Rear end,Centretown