Record,Location,X,Y,lon,lat,Date,Time,Environment,Road_Surface,Traffic_Control,Collision_Location,Light,Collision_Classification,Impact_type,Neighborhood
1013,TERRY FOX DR btwn Continuation of TERRY FOX DR & CAMPEAU DR,350264.5408,5019037.278,-75.92019059,45.30981558,2014-07-11,13:44,01 - Clear,01 - Dry,10 - No control,04 - At/near private drive,01 - Daylight,02 - Non-fatal injury,05 - Turning movement,Kanata Lakes - Marchwood Lakeside - Morgan's Grant - Kanata
1014,COLONEL BY DR @ ECHO DR N,368781.1334,5030493.502,-75.682586,45.41145294,2014-06-26,19:41,01 - Clear,01 - Dry,03 - Yield sign,03 - At intersection,01 - Daylight,02 - Non-fatal injury,02 - Angle,Old Ottawa East
1015,CARLING AVE @ VICK AVE,359855.1916,5024516.569,-75.7972799,45.358432,2014-06-24,13:40,02 - Rain,02 - Wet,02 - Stop sign,02 - Intersection related,01 - Daylight,02 - Non-fatal injury,04 - Sideswipe,Whitehaven - Queensway Terrace North
1016,OSGOODE MAIN ST btwn LOGAN FARM DR & DREW HENRY DR,375458.2943,5001333.971,-75.6014408,45.1484428,2014-07-11,16:56,01 - Clear,01 - Dry,10 - No control,04 - At/near private drive,01 - Daylight,02 - Non-fatal injury,03 - Rear end,Kars - Osgoode
1017,WALKLEY RD @ AIRPORT PKWY SB RAMP,369835.2953,5025650.578,-75.66975782,45.36778077,2014-06-28,13:49,01 - Clear,01 - Dry,03 - Yield sign,03 - At intersection,01 - Daylight,02 - Non-fatal injury,05 - Turning movement,Riverside Park
1018,GREENBANK RD @ STRANDHERD DR,363933.1769,5014785.685,-75.74639465,45.27054193,2014-06-23,13:50,01 - Clear,01 - Dry,01 - Traffic signal,02 - Intersection related,01 - Daylight,02 - Non-fatal injury,03 - Rear end,New Barrhaven
1019,MAISONNEUVE ST @ ST. JOSEPH BLVD,381464.2392,5037578.586,-75.51946655,45.47392449,2014-06-29,11:01,01 - Clear,01 - Dry,02 - Stop sign,03 - At intersection,01 - Daylight,02 - Non-fatal injury,04 - Sideswipe,Industrial Park
1020,RUSSELL RD S @ ST. LAURENT BLVD,373569.4419,5029262.386,-75.62158993,45.3999218,2014-05-15,15:30,01 - Clear,01 - Dry,01 - Traffic signal,03 - At intersection,01 - Daylight,02 - Non-fatal injury,05 - Turning movement,Sheffield Glen
1021,FISHER AVE @ MEADOWLANDS DR,366575.5719,5025045.699,-75.71144309,45.36263309,2014-05-29,14:16,01 - Clear,01 - Dry,01 - Traffic signal,03 - At intersection,01 - Daylight,02 - Non-fatal injury,02 - Angle,Carleton Heights - Rideauview
1022,BANK ST @ RIVERSIDE DR S,369306.1389,5027895.501,-75.67621908,45.38802881,2014-06-24,23:16,02 - Rain,02 - Wet,01 - Traffic signal,03 - At intersection,07 - Dark,02 - Non-fatal injury,02 - Angle,Alta Vista
1023,HUNT CLUB RD @ CANADAIR PRIV,368664.1392,5022310.967,-75.68513866,45.33783946,2014-06-27,17:32,01 - Clear,01 - Dry,01 - Traffic signal,02 - Intersection related,01 - Daylight,02 - Non-fatal injury,03 - Rear end,Hunt Club - Ottawa Airport
1024,RICHMOND RD @ ROBERTSON RD,357579.0769,5020748.533,-75.82673198,45.32470202,2014-06-23,18:00,01 - Clear,02 - Wet,01 - Traffic signal,02 - Intersection related,01 - Daylight,02 - Non-fatal injury,03 - Rear end,Bells Corners East
1025,CATHERINE ST @ METCALFE ST,368393.1997,5030487.324,-75.68754248,45.41143271,2014-07-04,9:00,01 - Clear,01 - Dry,01 - Traffic signal,03 - At intersection,01 - Daylight,02 - Non-fatal injury,07 - SMV other,Centretown
1026,COBOURG ST @ ST. PATRICK ST,368804.5127,5033235.984,-75.681931,45.43612666,2014-06-21,21:01,01 - Clear,01 - Dry,01 - Traffic signal,03 - At intersection,05 - Dusk,02 - Non-fatal injury,05 - Turning movement,Lower Town
1027,BANK ST @ RIVERSIDE DR N,369225.7159,5027984.306,-75.67723442,45.38883525,2014-07-01,15:42,01 - Clear,01 - Dry,01 - Traffic signal,03 - At intersection,01 - Daylight,02 - Non-fatal injury,02 - Angle,Alta Vista
1028,OLD SECOND LINE RD @ TERRY FOX DR,348795.2,5022408.413,-75.93862864,45.34024358,2014-06-20,12:19,01 - Clear,01 - Dry,01 - Traffic signal,03 - At intersection,01 - Daylight,02 - Non-fatal injury,05 - Turning movement,South March
1029,BRONSON AVE @ FIFTH AVE/MADAWASKA DR,367613.2057,5028938.807,-75.69770384,45.39757006,2014-06-27,18:28,01 - Clear,01 - Dry,01 - Traffic signal,03 - At intersection,01 - Daylight,02 - Non-fatal injury,05 - Turning movement,The Glebe
1030,INDUSTRIAL AVE/INNES RD @ ST. LAURENT BLVD,373099.2535,5030003.671,-75.62749239,45.40663757,2014-06-24,17:38,02 - Rain,02 - Wet,01 - Traffic signal,02 - Intersection related,01 - Daylight,02 - Non-fatal injury,03 - Rear end,Industrial Park
1031,FRANK KENNY RD/TED KELLY LANE @ OLD MONTREAL R,386381.2307,5040874.902,-75.4560408,45.5030242,2014-06-22,18:40,01 - Clear,01 - Dry,02 - Stop sign,03 - At intersection,01 - Daylight,02 - Non-fatal injury,02 - Angle,Cumberland - Estates
1032,RUSSELL RD btwn ST. LAURENT BLVD & ST. LAURENT BLVD,373485.8006,5029321.731,-75.62264991,45.40046397,2014-07-05,20:01,01 - Clear,01 - Dry,10 - No control,04 - At/near private drive,01 - Daylight,02 - Non-fatal injury,07 - SMV other,Hawthorne Meadows - Sheffield Glen
1033,WEST RIDGE DR btwn BLACK BEAR WAY & COYOTE CRES,350103.3996,5012091.817,-75.92287944,45.24732846,2014-07-06,2:00,01 - Clear,01 - Dry,10 - No control,01 - Non intersection,07 - Dark,02 - Non-fatal injury,06 - SMV unattended vehicle,Stittsville
1034,WELLINGTON ST    W btwn SHERBROOKE AVE & PINHEY ST,365443.4505,5029532.028,-75.725342,45.40309902,2014-07-04,22:28,01 - Clear,01 - Dry,10 - No control,01 - Non intersection,07 - Dark,02 - Non-fatal injury,04 - Sideswipe,Civi
1035,INDUSTRIAL AVE @ RIVERSIDE DR,370685.2256,5030593.314,-75.65824884,45.41217434,2014-07-05,10:45,01 - Clear,01 - Dry,01 - Traffic signal,03 - At intersection,01 - Daylight,02 - Non-fatal injury,05 - Turning movement,Industrial Park
1036,INNES RD btwn BLAIR RD & ANDERSON RD,375662.6212,5031497.375,-75.59453523,45.41982227,2014-06-25,13:25,01 - Clear,01 - Dry,10 - No control,01 - Non intersection,01 - Daylight,02 - Non-fatal injury,03 - Rear end,Greenbelt
1037,CARLING AVE @ NORTON AVE,360638.1543,5025011.567,-75.78723108,45.36282405,2014-06-28,9:19,01 - Clear,01 - Dry,02 - Stop sign,03 - At intersection,01 - Daylight,02 - Non-fatal injury,02 - Angle,Whitehaven - Queensway Terrace North
1038,ROOSEVELT AVE @ RICHMOND RD,362978.2196,5028118.502,-75.75699679,45.39058956,2014-06-29,10:07,01 - Clear,01 - Dry,01 - Traffic signal,03 - At intersection,01 - Daylight,02 - Non-fatal injury,07 - SMV other,Westboro
1039,RIDEAU ST @ 88 W OF WILLIAM ST/FREIMAN MALL,368025.1461,5032110.104,-75.69203598,45.42606729,2014-05-04,0:15,02 - Rain,02 - Wet,01 - Traffic signal,02 - Intersection related,07 - Dark,02 - Non-fatal injury,03 - Rear end,Byward Market - Parliament Hill
1040,JAMIE AVE @ SUNDERLAND ST,366062.3334,5022022.506,-75.7183684,45.33547594,2014-05-06,10:04,01 - Clear,01 - Dry,02 - Stop sign,03 - At intersection,01 - Daylight,02 - Non-fatal injury,02 - Angle,Industrial Park
1041,SUSSEX DR btwn LADY GREY DR & 151 W OF KING EDWARD AVE/L.B. PEARSON BU,367571.2429,5033288.556,-75.69768568,45.43671149,2014-04-05,2:11,01 - Clear,01 - Dry,10 - No control,01 - Non intersection,07 - Dark,02 - Non-fatal injury,06 - SMV unattended vehicle,Byward Market - Parliament Hill
1042,PORTOBELLO BLVD @ AQUAVIEW DR/NANTES ST,385732.6946,5036025.273,-75.46513763,45.45946766,2014-06-25,16:58,01 - Clear,01 - Dry,02 - Stop sign,03 - At intersection,01 - Daylight,02 - Non-fatal injury,02 - Angle,Notting Hill
1043,RICHMOND RD btwn NEW ORCHARD AVE & WOODROFFE AVE,361556.803,5026615.233,-75.77532129,45.37717994,2014-06-25,17:11,01 - Clear,01 - Dry,10 - No control,01 - Non intersection,01 - Daylight,02 - Non-fatal injury,03 - Rear end,Carlingwood West - Glabar Park - McKellar Heights
1044,COLONEL BY DR @ HAWTHORNE AVE/PRETORIA BRIDGE,368769.132,5030526.515,-75.68273503,45.41175108,2014-07-03,10:00,01 - Clear,01 - Dry,01 - Traffic signal,02 - Intersection related,01 - Daylight,02 - Non-fatal injury,03 - Rear end,Old Ottawa East
1045,ST. LAURENT BLVD @ TREMBLAY RD,372594.2921,5031240.628,-75.63377228,45.41781624,2014-06-22,13:15,01 - Clear,01 - Dry,01 - Traffic signal,03 - At intersection,01 - Daylight,02 - Non-fatal injury,02 - Angle,Industrial Park
1046,LEES AVE @ KING EDWARD AVE/MANN AVE,369178.6664,5031336.018,-75.67739764,45.41899714,2014-05-30,17:07,01 - Clear,01 - Dry,01 - Traffic signal,03 - At intersection,01 - Daylight,02 - Non-fatal injury,05 - Turning movement,Sandy Hill
1047,WEST HUNT CLUB RD @ WOODROFFE AVE,363670.8866,5021245.941,-75.74896998,45.32869318,2014-06-30,13:00,01 - Clear,01 - Dry,01 - Traffic signal,02 - Intersection related,01 - Daylight,02 - Non-fatal injury,03 - Rear end,Merivale Gardens - Grenfell Glen - Pineglen - Country Place
1048,CONROY RD @ JOHNSTON RD,373396.3001,5026308.206,-75.62421183,45.37335837,2014-06-25,15:00,01 - Clear,01 - Dry,01 - Traffic signal,02 - Intersection related,01 - Daylight,02 - Non-fatal injury,03 - Rear end,Hunt Club
1049,TRIM RD btwn WALL RD & NAVAN RD,388015.7917,5033727.505,-75.43633801,45.43852653,2014-07-04,10:55,01 - Clear,01 - Dry,10 - No control,04 - At/near private drive,01 - Daylight,02 - Non-fatal injury,02 - Angle,Navan - Vars
1050,ANDERSON RD btwn LEITRIM RD & EIGHTH LINE RD,380953.0783,5023730.432,-75.52814279,45.34938476,2014-05-17,17:42,01 - Clear,01 - Dry,10 - No control,04 - At/near private drive,01 - Daylight,02 - Non-fatal injury,99 - Other,Greenbelt
1051,MONTREAL RD @ VANIER PKWY,370073.1837,5033064.644,-75.66574001,45.43446774,2014-07-06,21:40,01 - Clear,01 - Dry,01 - Traffic signal,03 - At intersection,07 - Dark,02 - Non-fatal injury,05 - Turning movement,Vanier
1052,BASELINE RD @ CEDARVIEW RD,358968.1719,5021675.758,-75.80891203,45.33293941,2014-06-25,23:38,01 - Clear,01 - Dry,01 - Traffic signal,03 - At intersection,07 - Dark,02 - Non-fatal injury,05 - Turning movement,Briar Green - Leslie Park
1053,CYRVILLE RD @ INNES RD,375049.1465,5031119.564,-75.60242695,45.4164848,2014-07-04,10:15,01 - Clear,01 - Dry,01 - Traffic signal,02 - Intersection related,01 - Daylight,02 - Non-fatal injury,03 - Rear end,Industrial Park
1054,INDUSTRIAL AVE btwn RUSSELL RD & ST. LAURENT BLVD,373015.5702,5029961.714,-75.62856711,45.40626822,2014-06-11,14:01,02 - Rain,02 - Wet,10 - No control,04 - At/near private drive,01 - Daylight,02 - Non-fatal injury,05 - Turning movement,Industrial Park
1055,GREENBANK RD btwn HIGHBURY PARK DR & WESSEX RD,363703.3026,5015327.61,-75.74925967,45.27543747,2014-06-11,19:09,02 - Rain,09 - Spilled liquid,10 - No control,01 - Non intersection,01 - Daylight,02 - Non-fatal injury,01 - Approaching,New Barrhaven
1056,BRONSON AVE @ CATHERINE ST/RAYMOND ST,367252.2346,5029797.514,-75.70220523,45.40532875,2014-06-18,15:42,01 - Clear,01 - Dry,01 - Traffic signal,03 - At intersection,01 - Daylight,02 - Non-fatal injury,02 - Angle,Centretown West
1057,ALBERT ST @ KENT ST (OTTAWA),367222.1687,5031319.574,-75.70239651,45.41902648,2014-06-06,16:33,01 - Clear,01 - Dry,01 - Traffic signal,03 - At intersection,01 - Daylight,02 - Non-fatal injury,07 - SMV other,Downtown
1058,GREENBANK RD btwn VIEWBANK RD & PRINCE OF WALES DR,366170.8855,5009550.016,-75.71852571,45.22323968,2014-05-24,22:17,01 - Clear,01 - Dry,10 - No control,01 - Non intersection,07 - Dark,02 - Non-fatal injury,07 - SMV other,New Barrhaven
1059,ELGIN ST btwn COOPER ST & SOMERSET ST W,368154.0622,5031217.076,-75.69050355,45.41802047,2014-07-14,13:44,01 - Clear,01 - Dry,10 - No control,01 - Non intersection,01 - Daylight,02 - Non-fatal injury,04 - Sideswipe,Centretown
1060,O'CONNOR ST @ SOMERSET ST,367857.1319,5031011.626,-75.69432344,45.41619872,2014-06-11,17:26,02 - Rain,02 - Wet,01 - Traffic signal,02 - Intersection related,01 - Daylight,02 - Non-fatal injury,04 - Sideswipe,Centretown
1061,JOHN QUINN RD btwn PARKWAY RD & IVESON DR,381575.6661,5015393.036,-75.52149037,45.27430186,2014-06-26,7:25,01 - Clear,01 - Dry,10 - No control,01 - Non intersection,01 - Daylight,02 - Non-fatal injury,03 - Rear end,Metcalfe
1062,LYON ST @ WELLINGTON ST,366935.7449,5031425.218,-75.70604264,45.42000252,2014-06-11,13:25,02 - Rain,02 - Wet,01 - Traffic signal,03 - At intersection,01 - Daylight,02 - Non-fatal injury,05 - Turning movement,Downtown
1063,ASHENVALE WAY btwn EMERILLON RIDGE & RAVENSWOOD WAY,385758.3818,5034938.504,-75.46498812,45.44968698,2014-01-04,11:16,01 - Clear,05 - Packed snow,10 - No control,04 - At/near private drive,01 - Daylight,03 - P.D. only,02 - Angle,Avalon
1064,BOOTH ST @ RAYMOND ST,366860.6989,5029641.815,-75.70722601,45.40396264,2014-07-08,16:40,01 - Clear,02 - Wet,01 - Traffic signal,03 - At intersection,01 - Daylight,02 - Non-fatal injury,07 - SMV other,Centretown West
1065,CYCLONE TAYLOR BLVD btwn FRANK FINNIGAN WAY & PALLADIUM DR,350025.7706,5017816.472,-75.92334685,45.29884583,2014-02-13,23:15,01 - Clear,01 - Dry,09 - Traffic controller,01 - Non intersection,07 - Dark,02 - Non-fatal injury,07 - SMV other,Kanata Lakes - Marchwood Lakeside - Morgan's Grant - Kanata
1066,MEADOWLANDS DR @ MERIVALE RD,364858.226,5023724.563,-75.73352329,45.35089493,2014-07-15,10:26,02 - Rain,02 - Wet,01 - Traffic signal,03 - At intersection,01 - Daylight,02 - Non-fatal injury,02 - Angle,Cityview - Skyline - Fisher Heights
1067,BOOTH ST btwn DANIEL MCCANN ST & NORMAN ST,366991.6046,5029339.586,-75.70559208,45.40123165,2014-06-20,8:58,01 - Clear,01 - Dry,10 - No control,01 - Non intersection,01 - Daylight,02 - Non-fatal injury,03 - Rear end,The Glebe Annex
1068,HUNT CLUB RD @ RIVERSIDE DR,368036.2291,5021944.551,-75.69319637,45.3345994,2014-06-15,16:53,01 - Clear,01 - Dry,01 - Traffic signal,02 - Intersection related,01 - Daylight,02 - Non-fatal injury,03 - Rear end,Hunt Club Woods - Quintarra - Revelstoke - Riverside South P
1069,EAGLESON RD @ COPE DR/CADENCE GT,354620.1484,5016026.479,-75.86494926,45.28242832,2014-06-17,14:59,01 - Clear,01 - Dry,01 - Traffic signal,03 - At intersection,01 - Daylight,02 - Non-fatal injury,02 - Angle,Bridlewood - Emerald Meadows
1070,RICHMOND RD btwn TURN LANE & HWY416 IC75A RAMP53,358630.2727,5021807.906,-75.81320833,45.33415449,2014-07-14,16:06,01 - Clear,01 - Dry,10 - No control,01 - Non intersection,01 - Daylight,02 - Non-fatal injury,07 - SMV other,Briar Green - Leslie Park
1071,ROBERTSON RD btwn FITZGERALD RD & MOODIE DR,357021.483,5020429.163,-75.83387803,45.32187,2014-07-16,7:19,01 - Clear,01 - Dry,10 - No control,04 - At/near private drive,01 - Daylight,02 - Non-fatal injury,05 - Turning movement,Bells Corners West
1072,SOMERSET ST @ PERCY ST,367118.0736,5030567.623,-75.70382155,45.41226993,2014-07-30,8:24,02 - Rain,02 - Wet,01 - Traffic signal,02 - Intersection related,01 - Daylight,02 - Non-fatal injury,03 - Rear end,Chinatown
1073,ARMSTRONG ST @ PARKDALE AVE,365090.2182,5029403.611,-75.72986947,45.40197406,2014-07-24,15:06,01 - Clear,01 - Dry,01 - Traffic signal,03 - At intersection,01 - Daylight,02 - Non-fatal injury,05 - Turning movement,Islan
1074,ABERDEEN ST @ PRESTON ST,366652.1686,5029341.563,-75.70992722,45.40127951,2014-07-24,17:21,01 - Clear,01 - Dry,02 - Stop sign,03 - At intersection,01 - Daylight,02 - Non-fatal injury,07 - SMV other,Little Italy
1075,HIGHWAY 417 btwn HWY417 IC123 RAMP62 & HWY417 IC122 RAMP16,365105.2094,5028676.209,-75.72976693,45.39542777,2014-04-17,15:00,01 - Clear,01 - Dry,10 - No control,01 - Non intersection,01 - Daylight,02 - Non-fatal injury,03 - Rear end,Island Park
1076,RIVER RD btwn BALMORAL DR & JARVIS DR,368181.1467,5020091.428,-75.69158483,45.31791227,2014-07-16,15:33,01 - Clear,01 - Dry,10 - No control,01 - Non intersection,01 - Daylight,02 - Non-fatal injury,07 - SMV other,Greenbelt
1077,MARCH RD btwn CAMPEAU DR/HWY 417 MARCH IC138R63 & HWY417 IC138 RAMP36,352847.786,5020463.197,-75.88710999,45.32247432,2014-07-14,17:00,01 - Clear,01 - Dry,10 - No control,01 - Non intersection,01 - Daylight,02 - Non-fatal injury,03 - Rear end,Greenbelt
1078,FALLOWFIELD RD @ GREENBANK RD,363080.1687,5016732.202,-75.75703608,45.28812795,2014-08-10,9:48,01 - Clear,01 - Dry,01 - Traffic signal,03 - At intersection,01 - Daylight,02 - Non-fatal injury,05 - Turning movement,Greenbelt
1079,BASELINE RD @ CENTREPOINTE DR W/COBDEN RD,361634.1553,5023206.563,-75.77472573,45.34650269,2014-07-13,14:06,02 - Rain,02 - Wet,01 - Traffic signal,03 - At intersection,01 - Daylight,02 - Non-fatal injury,02 - Angle,Iris
1080,EAGLESON RD btwn FALLOWFIELD RD & AKINS RD,356146.989,5012145.339,-75.84588929,45.2473951,2014-07-04,17:11,01 - Clear,01 - Dry,10 - No control,01 - Non intersection,01 - Daylight,02 - Non-fatal injury,03 - Rear end,Munster Hamlet - Richmond
1081,GATESTONE PRIV @ MONTREAL RD,375869.2616,5034695.093,-75.59143357,45.44857248,2014-07-07,14:01,01 - Clear,01 - Dry,10 - No control,02 - Intersection related,01 - Daylight,02 - Non-fatal injury,07 - SMV other,Beacon Hill North
1082,AIRPORT PKWY @ HUNT CLUB RD,371019.0019,5023701.102,-75.65490941,45.35012918,2014-06-30,17:04,01 - Clear,01 - Dry,01 - Traffic signal,02 - Intersection related,01 - Daylight,02 - Non-fatal injury,04 - Sideswipe,Hunt Club East - Western Community
1083,COLONEL BY DR/MACKENZIE AVE @ DALY AVE,368001.2898,5031906.476,-75.69236694,45.42423728,2014-07-18,8:00,01 - Clear,01 - Dry,01 - Traffic signal,02 - Intersection related,01 - Daylight,02 - Non-fatal injury,03 - Rear end,Byward Market - Parliament Hill
1084,ROGER STEVENS DR btwn MALAKOFF RD & MCCORDICK RD,363759.1634,4997486.428,-75.75065775,45.11489526,2014-07-24,0:03,01 - Clear,01 - Dry,10 - No control,01 - Non intersection,07 - Dark,02 - Non-fatal injury,07 - SMV other,Munster Hamlet - Richmond
1085,STRANDHERD DR btwn Continuation of STRANDHERD DR & MCKENNA CASEY DR,361817.4854,5013668.216,-75.77348351,45.26066157,2014-07-23,8:03,01 - Clear,01 - Dry,08 - Traffic gate,05 - At railway crossing,01 - Daylight,02 - Non-fatal injury,03 - Rear end,Munster Hamlet - Richmond
1086,STAR TOP RD btwn CYRVILLE RD & ALGOMA RD,373918.8108,5031239.518,-75.61685068,45.41767666,2014-02-26,15:08,01 - Clear,01 - Dry,10 - No control,04 - At/near private drive,01 - Daylight,02 - Non-fatal injury,02 - Angle,Industrial Park
1087,SACKVILLE ST @ TAVISTOCK RD,360765.254,5024899.566,-75.78562147,45.36180614,2014-08-01,19:35,01 - Clear,01 - Dry,02 - Stop sign,03 - At intersection,01 - Daylight,02 - Non-fatal injury,07 - SMV other,Whitehaven - Queensway Terrace North
1088,RAMSAYVILLE RD @ MITCH OWENS RD,381146.2132,5018038.471,-75.52655592,45.29815085,2014-07-27,18:29,01 - Clear,01 - Dry,02 - Stop sign,03 - At intersection,01 - Daylight,02 - Non-fatal injury,07 - SMV other,Metcalfe
1089,BRONSON AVE @ SOMERSET ST,366969.1179,5030477.52,-75.7057358,45.41147245,2014-07-28,1:21,01 - Clear,01 - Dry,01 - Traffic signal,03 - At intersection,07 - Dark,02 - Non-fatal injury,02 - Angle,Chinatown
1090,BILLINGS BRIDGESC RAMP NB @ RIVERSIDE DR EB,369082.3993,5027762.655,-75.67909337,45.38685407,2014-08-01,15:45,01 - Clear,01 - Dry,02 - Stop sign,03 - At intersection,01 - Daylight,02 - Non-fatal injury,02 - Angle,Alta Vista
1091,TANDALEE CRES @ STONEHAVEN DR,356137.0959,5016111.056,-75.84560544,45.28308021,2014-08-01,17:49,01 - Clear,01 - Dry,02 - Stop sign,02 - Intersection related,01 - Daylight,02 - Non-fatal injury,03 - Rear end,Bridlewood - Emerald Meadows
1092,WOODROFFE AVE @ KNOXDALE RD/MEDHURST DR,363422.0596,5021826.487,-75.7520753,45.33393772,2014-07-28,16:21,01 - Clear,01 - Dry,01 - Traffic signal,02 - Intersection related,01 - Daylight,02 - Non-fatal injury,03 - Rear end,Woodvale - Craig Henry - Manordale - Estates of Arlington Wo
1093,BANK ST btwn RIVERSIDE DR & BILLINGS TRANSIT,369386.7977,5027805.682,-75.67520088,45.38721321,2014-08-04,19:39,01 - Clear,01 - Dry,10 - No control,04 - At/near private drive,01 - Daylight,02 - Non-fatal injury,02 - Angle,Alta Vista
1094,MARCH RD @ SOLANDT RD,350489.6085,5022711.77,-75.91698136,45.34286495,2014-07-10,17:04,01 - Clear,01 - Dry,01 - Traffic signal,02 - Intersection related,01 - Daylight,02 - Non-fatal injury,03 - Rear end,South March
1095,CAMPEAU DR @ HUNTMAR DR,349064.5408,5018038.752,-75.93558261,45.3009072,2014-10-17,14:04,02 - Rain,02 - Wet,11 - Roundabout,02 - Intersection related,01 - Daylight,02 - Non-fatal injury,04 - Sideswipe,Stittsville - Basswood
1096,JOHN QUINN RD btwn STONE SCHOOL RD & BANK ST,383457.4699,5010752.768,-75.49824467,45.23234331,2014-07-28,16:30,02 - Rain,02 - Wet,10 - No control,01 - Non intersection,01 - Daylight,02 - Non-fatal injury,07 - SMV other,Osgoode
1097,RICHMOND RD btwn WINSTON AVE & CHURCHILL AVE N,363099.3221,5028204.01,-75.7554402,45.39134888,2014-07-08,13:15,01 - Clear,01 - Dry,10 - No control,04 - At/near private drive,01 - Daylight,02 - Non-fatal injury,03 - Rear end,Westboro
1098,O'CONNOR ST @ SOMERSET ST,367855.1309,5031012.203,-75.69434893,45.41620409,2014-06-28,2:06,01 - Clear,01 - Dry,01 - Traffic signal,03 - At intersection,07 - Dark,02 - Non-fatal injury,07 - SMV other,Centretown
1099,MOODIE DR @ 200 N OF ROBERTSON RD,356988.1224,5020641.485,-75.83428116,45.32378297,2014-05-25,15:23,01 - Clear,01 - Dry,01 - Traffic signal,03 - At intersection,01 - Daylight,02 - Non-fatal injury,05 - Turning movement,Bells Corners West
1100,MEADOWLANDS DR @ MERIVALE RD,364856.3302,5023725.51,-75.73354736,45.35090361,2014-03-10,20:20,03 - Snow,03 - Loose snow,01 - Traffic signal,03 - At intersection,07 - Dark,02 - Non-fatal injury,02 - Angle,Crestview - Meadowlands
1101,LEWIS ST @ O'CONNOR ST,367967.2319,5030830.629,-75.69294004,45.41456024,2014-07-23,16:22,01 - Clear,01 - Dry,02 - Stop sign,03 - At intersection,01 - Daylight,02 - Non-fatal injury,02 - Angle,Centretown
1102,ROGER STEVENS DR btwn HWY416 IC49 RAMP24 & SECOND LINE RD S,369893.6528,5001417.903,-75.6721875,45.14973284,2014-08-02,7:10,01 - Clear,01 - Dry,10 - No control,01 - Non intersection,01 - Daylight,02 - Non-fatal injury,07 - SMV other,Kars - Osgoode
1103,RIVERSIDE DR btwn RAMP & TURN LANE (1),368378.48,5027218.701,-75.68815179,45.38202398,2014-07-11,14:48,01 - Clear,01 - Dry,10 - No control,01 - Non intersection,01 - Daylight,02 - Non-fatal injury,03 - Rear end,Riverside Park
1104,BANK ST btwn ALTA VISTA DR & ERIE AVE,370192.388,5026346.08,-75.66510758,45.37400545,2014-06-30,15:55,01 - Clear,01 - Dry,10 - No control,04 - At/near private drive,01 - Daylight,02 - Non-fatal injury,02 - Angle,Ledbury - Heron Gate - Ridgemont - Elmwood
1105,BANK ST @ CAMERON AVE,368943.714,5028263.815,-75.6807991,45.39137607,2014-07-01,9:49,01 - Clear,01 - Dry,01 - Traffic signal,02 - Intersection related,01 - Daylight,02 - Non-fatal injury,03 - Rear end,Old Ottawa South
1106,GEORGE ST @ DALHOUSIE ST,368157.6976,5032316.35,-75.69031572,45.42791103,2014-07-01,16:30,01 - Clear,01 - Dry,01 - Traffic signal,02 - Intersection related,01 - Daylight,02 - Non-fatal injury,03 - Rear end,Byward Market
1107,BANK ST btwn CAHILL DR & TURN LANE (2),371446.1304,5024200.429,-75.64939167,45.3545815,2014-06-17,21:43,02 - Rain,02 - Wet,10 - No control,04 - At/near private drive,07 - Dark,02 - Non-fatal injury,05 - Turning movement,South Keys - Heron Gate - Greenboro West
1108,CARLING AVE @ SHERWOOD DR,366486.1795,5028717.552,-75.71212533,45.39567946,2014-07-29,16:07,01 - Clear,01 - Dry,01 - Traffic signal,02 - Intersection related,01 - Daylight,02 - Non-fatal injury,03 - Rear end,Centretown West
1109,SHANDON AVE btwn GRANDFIELD LANE & EARL MULLIGAN DR,364954.3507,5017362.195,-75.73306945,45.29363869,2014-08-02,13:59,01 - Clear,01 - Dry,10 - No control,04 - At/near private drive,01 - Daylight,02 - Non-fatal injury,02 - Angle,New Barrhaven
1110,GREENFIELD AVE btwn HAVELOCK ST & MONTCALM ST,368993.1035,5030956.755,-75.67981784,45.41560172,2014-07-08,22:31,01 - Clear,02 - Wet,10 - No control,01 - Non intersection,07 - Dark,02 - Non-fatal injury,06 - SMV unattended vehicle,Old Ottawa East
1111,STITTSVILLE MAIN ST @ HAZELDEAN RD,349558.9051,5014878.97,-75.92956433,45.27244313,2014-07-04,11:24,01 - Clear,01 - Dry,01 - Traffic signal,03 - At intersection,01 - Daylight,02 - Non-fatal injury,05 - Turning movement,Stittsville
1112,OTTAWA RIVER PKWY @ PORTAGE BRIDGE,366516.6329,5031317.439,-75.71141095,45.41906986,2014-07-18,9:28,01 - Clear,01 - Dry,01 - Traffic signal,02 - Intersection related,01 - Daylight,02 - Non-fatal injury,03 - Rear end,LeBreton Flats
1113,DAZE ST @ 200 W OF BANK ST/SOUTHKEYS SC,371195.4915,5024141.976,-75.65259808,45.35407934,2014-05-28,15:18,01 - Clear,01 - Dry,01 - Traffic signal,03 - At intersection,01 - Daylight,02 - Non-fatal injury,05 - Turning movement,South Keys - Heron Gate - Greenboro West