Record,Location,X,Y,lon,lat,Date,Time,Environment,Road_Surface,Traffic_Control,Collision_Location,Light,Collision_Classification,Impact_type,Neighborhood
1114,HUNT CLUB RD @ PAUL ANKA DR,369775.3555,5022897.49,-75.67088477,45.34301482,2014-07-11,11:21,01 - Clear,01 - Dry,01 - Traffic signal,03 - At intersection,01 - Daylight,02 - Non-fatal injury,02 - Angle,Hunt Club - Ottawa Airport
1115,BANK ST @ WALKLEY RD,370338.3259,5025946.787,-75.66329751,45.37039911,2014-07-15,13:25,01 - Clear,01 - Dry,01 - Traffic signal,02 - Intersection related,01 - Daylight,02 - Non-fatal injury,03 - Rear end,Ledbury - Heron Gate - Ridgemont - Elmwood
1116,RIVERSIDE DR @ SMYTH RD SOUTH SIDE RAMP,369788.9188,5028998.924,-75.669909,45.3979124,2014-07-29,16:43,01 - Clear,01 - Dry,01 - Traffic signal,03 - At intersection,01 - Daylight,02 - Non-fatal injury,03 - Rear end,Alta Vista
1117,CHARLEMAGNE BLVD @ GARDENWAY DR/BOTTRIELL WAY ,384050.3592,5037033.758,-75.48648314,45.46873393,2014-07-11,19:53,01 - Clear,01 - Dry,01 - Traffic signal,03 - At intersection,01 - Daylight,02 - Non-fatal injury,07 - SMV other,Fallingbrook
1118,BANK ST @ FOURTH AVE,368366.2945,5029475.618,-75.68801662,45.40233215,2014-06-02,20:39,01 - Clear,01 - Dry,02 - Stop sign,03 - At intersection,05 - Dusk,02 - Non-fatal injury,07 - SMV other,The Glebe
1119,CARLING AVE @ MOODIE DR/JAMES CUMMINGS AVE W,356004.0246,5023936.563,-75.84649263,45.3535049,2014-07-29,23:05,01 - Clear,01 - Dry,01 - Traffic signal,02 - Intersection related,07 - Dark,02 - Non-fatal injury,07 - SMV other,Crystal Bay - Lakeview Park - Britannia Village
1120,PAUL METIVIER DR btwn TEMAGAMI DR & BEATRICE DR,365686.7856,5014595.347,-75.72407166,45.26867964,2014-08-02,21:22,01 - Clear,01 - Dry,10 - No control,01 - Non intersection,07 - Dark,02 - Non-fatal injury,06 - SMV unattended vehicle,New Barrhaven
1121,BANK ST @ RIVERSIDE DR N,369225.242,5027982.598,-75.6772407,45.38881993,2014-07-07,12:30,01 - Clear,01 - Dry,01 - Traffic signal,03 - At intersection,01 - Daylight,02 - Non-fatal injury,02 - Angle,Alta Vista
1122,PERCY ST btwn ARLINGTON AVE & CATHERINE ST,367478.0887,5029956.299,-75.69930016,45.40673727,2014-07-07,16:40,01 - Clear,01 - Dry,10 - No control,04 - At/near private drive,01 - Daylight,02 - Non-fatal injury,02 - Angle,Centretown
1123,TERRY FOX DR @ PALLADIUM DR/KATIMAVIK RD,351269.211,5018182.029,-75.90745889,45.30205407,2014-07-12,11:34,01 - Clear,01 - Dry,01 - Traffic signal,02 - Intersection related,01 - Daylight,02 - Non-fatal injury,03 - Rear end,Katimavik - Hazeldean
1124,BANK ST @ QUEENSDALE AVE,373336.7429,5023445.26,-75.62536913,45.34760454,2014-07-18,15:59,01 - Clear,01 - Dry,01 - Traffic signal,03 - At intersection,01 - Daylight,02 - Non-fatal injury,05 - Turning movement,Blossom Park - Blossom Park West - Sawmill Creek/ Timbermill
1125,BANK ST @ SIEVERIGHT AVE,372195.4027,5024135.303,-75.63983862,45.35392391,2014-07-17,12:00,01 - Clear,01 - Dry,02 - Stop sign,03 - At intersection,01 - Daylight,02 - Non-fatal injury,05 - Turning movement,Blossom Park - Blossom Park West - Sawmill Creek/ Timbermill
1126,RAMSAYVILLE RD @ WHYTE SIDE RD,378010.6265,5025608.599,-75.56541074,45.36659682,2014-08-03,9:58,01 - Clear,01 - Dry,02 - Stop sign,03 - At intersection,01 - Daylight,02 - Non-fatal injury,02 - Angle,Greenbelt
1127,CRESTWAY DR @ PRINCE OF WALES DR,367370.0521,5016575.013,-75.70237299,45.28634476,2014-07-16,14:42,01 - Clear,01 - Dry,01 - Traffic signal,02 - Intersection related,01 - Daylight,02 - Non-fatal injury,03 - Rear end,Greenbelt
1128,RIVER RD btwn OSGOODE MAIN ST & DALMENY RD,373493.6496,4998840.47,-75.6267647,45.1262002,2014-07-12,11:54,01 - Clear,01 - Dry,10 - No control,01 - Non intersection,01 - Daylight,02 - Non-fatal injury,07 - SMV other,Kars - Osgoode
1129,CAMBRIAN RD @ GREENBANK RD,364764.2116,5012872.423,-75.73603564,45.25325601,2014-07-02,20:45,01 - Clear,01 - Dry,03 - Yield sign,03 - At intersection,05 - Dusk,02 - Non-fatal injury,03 - Rear end,New Barrhaven
1130,HAWTHORNE AVE/ISABELLA ST @ QUEEN ELIZABETH DR,368665.521,5030477.499,-75.68406497,45.41131951,2014-06-15,13:30,01 - Clear,01 - Dry,01 - Traffic signal,02 - Intersection related,01 - Daylight,02 - Non-fatal injury,05 - Turning movement,The Glebe
1131,CARP RD @ HAZELDEAN RD,348803.1541,5014361.384,-75.93924149,45.2678334,2014-07-24,12:23,01 - Clear,01 - Dry,01 - Traffic signal,03 - At intersection,01 - Daylight,02 - Non-fatal injury,05 - Turning movement,Stittsville
1132,NORBERRY CRES btwn SPRINGLAND DR & SPRINGLAND DR,368824.783,5025764.438,-75.68264196,45.36889829,2014-07-12,17:10,01 - Clear,01 - Dry,10 - No control,04 - At/near private drive,01 - Daylight,02 - Non-fatal injury,07 - SMV other,Riverside Park
1133,MCCARTHY RD @ TWYFORD ST,369902.7202,5023803.268,-75.66914049,45.35115295,2014-07-12,18:08,01 - Clear,01 - Dry,02 - Stop sign,03 - At intersection,01 - Daylight,02 - Non-fatal injury,05 - Turning movement,Hunt Club East - Western Community
1134,RICHMOND RD @ STONEHAVEN DR,356781.6411,5015891.69,-75.83741294,45.28105895,2014-07-08,18:43,02 - Rain,02 - Wet,01 - Traffic signal,03 - At intersection,01 - Daylight,02 - Non-fatal injury,05 - Turning movement,Bridlewood - Emerald Meadows
1135,BAYVIEW DR @ CONSTANCE BAY RD,338202.1333,5038630.607,-76.07269059,45.48680044,2014-07-19,2:52,01 - Clear,01 - Dry,10 - No control,02 - Intersection related,07 - Dark,02 - Non-fatal injury,07 - SMV other,Constanc
1136,CARLING AVE btwn PRESTON ST & BOOTH ST,366857.5934,5028934.286,-75.7073547,45.39759676,2014-07-19,11:03,01 - Clear,01 - Dry,10 - No control,01 - Non intersection,01 - Daylight,02 - Non-fatal injury,04 - Sideswipe,The Glebe
1137,JAMIE AVE btwn MERIVALE RD & SUNDERLAND ST,365983.4114,5021976.159,-75.71938099,45.3350658,2014-07-21,17:29,01 - Clear,01 - Dry,10 - No control,04 - At/near private drive,01 - Daylight,02 - Non-fatal injury,05 - Turning movement,Industrial Park
1138,BLAIR RD @ INNES RD,375580.1567,5031440.503,-75.59559698,45.41931892,2014-06-15,15:00,01 - Clear,01 - Dry,01 - Traffic signal,02 - Intersection related,01 - Daylight,02 - Non-fatal injury,03 - Rear end,Greenbelt
1139,CAPILANO DR btwn WITHROW AVE & KERRY CRES,364671.6492,5024257.412,-75.73583968,45.35570539,2014-07-26,11:27,01 - Clear,01 - Dry,10 - No control,04 - At/near private drive,01 - Daylight,02 - Non-fatal injury,02 - Angle,Cityview - Skyline - Fisher Heights
1140,WAVERLEY ST @ O'CONNOR ST,368010.13,5030767.466,-75.6924001,45.41398804,2014-07-31,14:28,01 - Clear,01 - Dry,02 - Stop sign,03 - At intersection,01 - Daylight,02 - Non-fatal injury,02 - Angle,Centretown
1141,BRONSON AVE @ JAMES ST,367067.1746,5030240.622,-75.70451309,45.4093322,2014-08-03,17:14,01 - Clear,01 - Dry,02 - Stop sign,03 - At intersection,01 - Daylight,02 - Non-fatal injury,04 - Sideswipe,Centretown West
1142,HUNTER'S RUN DR @ JEANNE D'ARC BLVD,380566.3254,5036174.572,-75.53116563,45.46139029,2014-07-30,16:21,02 - Rain,02 - Wet,01 - Traffic signal,02 - Intersection related,01 - Daylight,02 - Non-fatal injury,03 - Rear end,Chapel Hill
1143,PRINCE OF WALES DR @ FAIRPARK DR,367267.521,5015415.783,-75.70382582,45.27592323,2014-07-12,23:23,01 - Clear,01 - Dry,02 - Stop sign,03 - At intersection,07 - Dark,02 - Non-fatal injury,03 - Rear end,Greenbelt
1144,BEAUSEJOUR DR btwn BARRINGTON ST & GREYWOOD DR,381344.5576,5036015.108,-75.52124054,45.45987073,2014-07-10,6:19,01 - Clear,01 - Dry,10 - No control,04 - At/near private drive,01 - Daylight,02 - Non-fatal injury,02 - Angle,Orleans Village - Chateauneuf
1145,RICHMOND RD @ LYNHAR RD/STAFFORD RD,358136.5858,5021086.963,-75.81958425,45.32770509,2014-06-20,17:10,01 - Clear,01 - Dry,01 - Traffic signal,02 - Intersection related,01 - Daylight,02 - Non-fatal injury,03 - Rear end,Bells Corners East
1146,COBOURG ST @ ST. PATRICK ST,368803.8837,5033233.313,-75.68193939,45.43610269,2014-07-28,8:49,01 - Clear,01 - Dry,01 - Traffic signal,02 - Intersection related,01 - Daylight,02 - Non-fatal injury,02 - Angle,Lower Town
1147,GALETTA SIDE RD btwn WOODKILTON RD & DUNROBIN RD,332942.6185,5039719.391,-76.13991103,45.49682949,2014-07-19,12:59,01 - Clear,01 - Dry,10 - No control,01 - Non intersection,01 - Daylight,02 - Non-fatal injury,07 - SMV other,Dirleton
1148,FAIRLEA CRES btwn HEATHERINGTON RD & GORE PRIV,372057.1994,5026720.41,-75.64125041,45.37719703,2014-08-03,17:55,01 - Clear,01 - Dry,10 - No control,04 - At/near private drive,01 - Daylight,02 - Non-fatal injury,05 - Turning movement,Ledbury - Heron Gate - Ridgemont - Elmwood
1149,JOCKVALE RD @ CAMBRIAN RD/GOLFLINKS DR W,365382.9542,5013221.849,-75.72811077,45.25634715,2014-07-19,8:10,01 - Clear,09 - Spilled liquid,11 - Roundabout,03 - At intersection,01 - Daylight,02 - Non-fatal injury,07 - SMV other,New Barrhaven
1150,BRONSON AVE @ COMMISSIONER ST/SLATER ST,366769.1008,5030949.851,-75.70823156,45.41574009,2014-07-27,8:41,01 - Clear,01 - Dry,01 - Traffic signal,03 - At intersection,01 - Daylight,02 - Non-fatal injury,02 - Angle,Byward Market - Parliament Hill
1151,FROBISHER LANE W @ RIVERSIDE DR,370118.7897,5029601.153,-75.66561632,45.40330035,2014-07-13,12:23,02 - Rain,02 - Wet,01 - Traffic signal,03 - At intersection,01 - Daylight,02 - Non-fatal injury,05 - Turning movement,Industrial Park
1152,KELLY AVE @ PINECREST RD,360277.1755,5023954.273,-75.79195725,45.35333921,2014-07-11,15:00,01 - Clear,01 - Dry,02 - Stop sign,03 - At intersection,01 - Daylight,02 - Non-fatal injury,02 - Angle,Whitehaven - Queensway Terrace North
1153,INNES RD btwn 173 W OF ORIENT PARK DR & ORIENT PARK DR,378212.2246,5032972.322,-75.56174152,45.43283,2014-07-22,5:55,01 - Clear,01 - Dry,10 - No control,04 - At/near private drive,01 - Daylight,02 - Non-fatal injury,02 - Angle,Blackburn Hamlet
1154,WALKLEY RD @ HEATHERINGTON RD,371766.2509,5026792.631,-75.64495507,45.37787472,2014-07-25,17:55,01 - Clear,01 - Dry,01 - Traffic signal,02 - Intersection related,01 - Daylight,02 - Non-fatal injury,03 - Rear end,Ledbury - Heron Gate - Ridgemont - Elmwood
1155,BANK ST btwn CAHILL DR & TURN LANE (1),371331.9335,5024288.291,-75.65083718,45.3553829,2014-07-31,16:28,01 - Clear,01 - Dry,10 - No control,01 - Non intersection,01 - Daylight,02 - Non-fatal injury,03 - Rear end,South Keys - Heron Gate - Greenboro West
1156,RICHMOND RD btwn STINSON AVE & STAFFORD RD,358110.7372,5021074.038,-75.81991537,45.32759076,2014-08-05,18:54,01 - Clear,01 - Dry,10 - No control,01 - Non intersection,01 - Daylight,02 - Non-fatal injury,04 - Sideswipe,Bells Corners East
1157,KING EDWARD AVE @ RIDEAU ST,368511.7072,5032413.107,-75.68577957,45.42874946,2014-09-23,15:50,01 - Clear,01 - Dry,01 - Traffic signal,02 - Intersection related,01 - Daylight,02 - Non-fatal injury,07 - SMV other,Lowe
1158,KENT ST @ LAURIER AVE,367316.2251,5031164.589,-75.70121448,45.41762357,2014-07-08,20:44,01 - Clear,02 - Wet,01 - Traffic signal,03 - At intersection,05 - Dusk,02 - Non-fatal injury,05 - Turning movement,Downtown
1159,GLADSTONE AVE @ LEBRETON ST,366855.7071,5029922.975,-75.70725439,45.40649288,2014-07-13,15:49,01 - Clear,01 - Dry,02 - Stop sign,03 - At intersection,01 - Daylight,02 - Non-fatal injury,02 - Angle,Centretown West
1160,HOLLAND AVE @ ISLAND PARK DR/N.C.C. DRIVEWAY,365426.1715,5027916.587,-75.72576123,45.38856514,2014-07-13,18:05,01 - Clear,01 - Dry,01 - Traffic signal,03 - At intersection,01 - Daylight,02 - Non-fatal injury,02 - Angle,Civic Hospital - Experimental Farm - Central Park
1161,MEADOWGLEN DR @ ORLEANS BLVD,380346.2259,5034573.568,-75.53422559,45.44700953,2014-07-22,10:35,01 - Clear,01 - Dry,01 - Traffic signal,03 - At intersection,01 - Daylight,02 - Non-fatal injury,07 - SMV other,Orleans Village - Chateauneuf
1162,MONTREAL RD btwn GRANVILLE ST & ALFRED ST,370837.3158,5033480.857,-75.65591882,45.43814089,2014-01-16,14:10,01 - Clear,01 - Dry,10 - No control,01 - Non intersection,01 - Daylight,02 - Non-fatal injury,03 - Rear end,Vanier South
1163,WALKLEY RD @ WEXFORD WAY,369343.2412,5025362.528,-75.67607637,45.36523447,2014-07-22,17:28,01 - Clear,01 - Dry,02 - Stop sign,03 - At intersection,01 - Daylight,02 - Non-fatal injury,02 - Angle,Riverside Park
1164,RIDEAU ST @ WALLER ST,368284.1697,5032276.48,-75.68870476,45.42754083,2014-07-31,19:00,01 - Clear,01 - Dry,01 - Traffic signal,02 - Intersection related,01 - Daylight,02 - Non-fatal injury,04 - Sideswipe,Byward Market - Parliament Hill
1165,AGES DR @ HAWTHORNE RD,374970.3194,5027718.484,-75.6039179,45.38589153,2014-08-05,19:46,01 - Clear,01 - Dry,01 - Traffic signal,03 - At intersection,01 - Daylight,02 - Non-fatal injury,02 - Angle,Industrial Park
1166,STITTSVILLE MAIN ST @ HAZELDEAN RD,349558.2119,5014878.783,-75.92957318,45.27244149,2014-07-14,6:00,01 - Clear,01 - Dry,01 - Traffic signal,03 - At intersection,01 - Daylight,02 - Non-fatal injury,02 - Angle,Stittsville
1167,BASELINE RD @ CENTREPOINTE DR W/COBDEN RD,361634.5108,5023206.563,-75.7747212,45.34650266,2014-07-22,11:09,01 - Clear,01 - Dry,01 - Traffic signal,02 - Intersection related,01 - Daylight,02 - Non-fatal injury,03 - Rear end,Iris
1168,BRUYERE ST @ FORSEY ST,368444.8086,5033225.142,-75.68652947,45.43606194,2014-07-26,20:55,01 - Clear,01 - Dry,10 - No control,03 - At intersection,05 - Dusk,02 - Non-fatal injury,07 - SMV other,Lower Town
1169,REGIONAL ROAD 174 btwn QUIGLEY HILL RD & REGIONAL ROAD 174 DIVIDED,387156.9643,5042396.246,-75.44586026,45.51662042,2014-07-23,19:55,01 - Clear,01 - Dry,10 - No control,01 - Non intersection,01 - Daylight,02 - Non-fatal injury,01 - Approaching,Cumberland - Estates
1170,DATA CENTRE RD @ RIVERSIDE DR,368899.8187,5027670.959,-75.68143665,45.38604575,2014-08-18,15:47,01 - Clear,01 - Dry,01 - Traffic signal,02 - Intersection related,01 - Daylight,02 - Non-fatal injury,07 - SMV other,Alta Vista
1171,BERRIGAN DR btwn WESSEX RD & EDGEWARE DR (1),363870.1476,5015338.538,-75.74713206,45.27552181,2014-07-22,12:59,01 - Clear,01 - Dry,10 - No control,04 - At/near private drive,01 - Daylight,02 - Non-fatal injury,02 - Angle,New Barrhaven
1172,RICHMOND RD btwn STINSON AVE & STAFFORD RD,357948.4256,5020971.269,-75.82199686,45.32667834,2014-04-22,9:40,02 - Rain,02 - Wet,10 - No control,04 - At/near private drive,01 - Daylight,02 - Non-fatal injury,02 - Angle,Bells Corners East
1173,OLD TENTH LINE RD/OR174 IC101 RAMP63 @ ST. JOS,383120.218,5038787.49,-75.49809709,45.48461734,2014-03-13,20:20,01 - Clear,01 - Dry,01 - Traffic signal,03 - At intersection,07 - Dark,02 - Non-fatal injury,02 - Angle,Industrial Park
1174,BANK ST @ DAVIDSON RD/LESTER RD,373672.2642,5022924.461,-75.6211604,45.34288572,2014-06-23,6:21,01 - Clear,01 - Dry,01 - Traffic signal,03 - At intersection,01 - Daylight,02 - Non-fatal injury,02 - Angle,Blossom Park - Blossom Park West - Sawmill Creek/ Timbermill
1175,WEST HUNT CLUB RD WB btwn MERIVALE RD & ROYDON PL,365663.4061,5021973.778,-75.72346374,45.3350722,2014-06-23,17:45,01 - Clear,01 - Dry,10 - No control,04 - At/near private drive,01 - Daylight,02 - Non-fatal injury,02 - Angle,Industrial Park
1176,BOOTH ST @ SOMERSET ST,366591.281,5030254.571,-75.71059048,45.40949988,2014-07-14,8:08,01 - Clear,01 - Dry,01 - Traffic signal,03 - At intersection,01 - Daylight,02 - Non-fatal injury,05 - Turning movement,Centretown West
1177,BANFF AVE @ KITCHENER AVE,370724.2319,5025605.278,-75.6584169,45.36729013,2014-07-13,22:12,01 - Clear,01 - Dry,02 - Stop sign,02 - Intersection related,07 - Dark,02 - Non-fatal injury,07 - SMV other,Ledbury - Heron Gate - Ridgemont - Elmwood
1178,WALKLEY RD @ HEATHERINGTON RD,371766.2509,5026795.475,-75.64495469,45.3779003,2014-07-20,18:25,01 - Clear,01 - Dry,01 - Traffic signal,02 - Intersection related,01 - Daylight,02 - Non-fatal injury,03 - Rear end,Ledbury - Heron Gate - Ridgemont - Elmwood
1179,LYNDA LANE @ SMYTH RD,371610.7085,5029192.309,-75.646616,45.39948094,2014-07-22,15:35,01 - Clear,01 - Dry,02 - Stop sign,03 - At intersection,01 - Daylight,02 - Non-fatal injury,02 - Angle,Elmvale - Eastway - Riverview - Riverview Park West
1180,RUSSELL RD S @ ST. LAURENT BLVD,373569.6953,5029261.924,-75.62158675,45.39991762,2014-07-28,13:14,02 - Rain,02 - Wet,01 - Traffic signal,02 - Intersection related,01 - Daylight,02 - Non-fatal injury,02 - Angle,Hawthorne Meadows - Sheffield Glen
1181,HERON RD WB btwn TURN LANE & DATA CENTRE RD,368961.1563,5026739.176,-75.68077454,45.37765623,2014-08-01,2:17,01 - Clear,01 - Dry,10 - No control,01 - Non intersection,07 - Dark,02 - Non-fatal injury,07 - SMV other,Alta Vista
1182,WEST HUNT CLUB RD @ 354 E OF WOODROFFE AVE/REC,363985.0567,5021425.437,-75.74494093,45.33028185,2014-08-01,7:36,01 - Clear,01 - Dry,01 - Traffic signal,02 - Intersection related,01 - Daylight,02 - Non-fatal injury,03 - Rear end,Tanglewood
1183,HAWTHORNE RD btwn BLAIS RD & RIDEAU RD,378253.6311,5019804.747,-75.56317067,45.31435134,2014-07-22,0:48,01 - Clear,01 - Dry,10 - No control,01 - Non intersection,07 - Dark,02 - Non-fatal injury,07 - SMV other,Greenbelt
1184,RUSSELL RD btwn RUSSELL RD & WALKLEY RD,374810.8,5028170.558,-75.6058906,45.38997504,2014-08-12,8:10,01 - Clear,01 - Dry,10 - No control,01 - Non intersection,01 - Daylight,02 - Non-fatal injury,03 - Rear end,Industrial Park
1185,WOODROFFE AVE @ SPORTSPLEX S,363832.6067,5020898.501,-75.74694848,45.32555336,2014-07-11,19:03,01 - Clear,01 - Dry,01 - Traffic signal,02 - Intersection related,01 - Daylight,02 - Non-fatal injury,03 - Rear end,Merivale Gardens - Grenfell Glen - Pineglen - Country Place
1186,TRIM RD @ VALIN ST,386439.4358,5037557.509,-75.45584774,45.47317095,2014-05-11,12:24,01 - Clear,01 - Dry,01 - Traffic signal,02 - Intersection related,01 - Daylight,02 - Non-fatal injury,03 - Rear end,Cardinal Creek
1187,RUSSLAND RD btwn DUNNING RD & Continuation of RUSSLAND RD,398249.8641,5023466.731,-75.30749654,45.34492102,2014-06-29,1:16,01 - Clear,01 - Dry,10 - No control,01 - Non intersection,07 - Dark,02 - Non-fatal injury,07 - SMV other,Navan - Vars
1188,HERON RD btwn WILDWOOD AVE & BANK ST,369975.3409,5026851.542,-75.66781171,45.37857366,2014-07-22,12:06,01 - Clear,01 - Dry,10 - No control,04 - At/near private drive,01 - Daylight,02 - Non-fatal injury,02 - Angle,Alta Vista
1189,ALBION RD/COLLISTON CRES E @ WALKLEY RD,371034.8011,5026355.845,-75.654352,45.3740142,2014-07-29,15:30,01 - Clear,01 - Dry,01 - Traffic signal,03 - At intersection,01 - Daylight,02 - Non-fatal injury,07 - SMV other,Ledbury - Heron Gate - Ridgemont - Elmwood
1190,PRESTON ST btwn ANDERSON ST & OAK ST,366367.8176,5029990.1,-75.71347807,45.40713994,2014-07-29,17:05,01 - Clear,01 - Dry,10 - No control,01 - Non intersection,01 - Daylight,02 - Non-fatal injury,04 - Sideswipe,Little Italy
1191,BANK ST @ SOMERSET ST,367695.1768,5030914.617,-75.6964049,45.41534044,2014-08-16,2:41,01 - Clear,01 - Dry,01 - Traffic signal,03 - At intersection,07 - Dark,02 - Non-fatal injury,02 - Angle,Centretown
1192,FOXWELL ST btwn AMBROSE DR & AMBROSE DR,374326.776,5031459.404,-75.6116076,45.41961466,2014-07-08,10:25,01 - Clear,01 - Dry,10 - No control,04 - At/near private drive,01 - Daylight,02 - Non-fatal injury,02 - Angle,Pineview
1193,MITCH OWENS RD/BRIDGE ST @ RIVER RD,369506.0802,5010766.445,-75.67590271,45.23388656,2014-07-09,7:22,01 - Clear,01 - Dry,01 - Traffic signal,02 - Intersection related,01 - Daylight,02 - Non-fatal injury,03 - Rear end,Manotick
1194,INDUSTRIAL AVE @ RIVERSIDE DR,370683.2968,5030590.658,-75.65827384,45.41215062,2014-07-02,11:07,01 - Clear,01 - Dry,01 - Traffic signal,02 - Intersection related,01 - Daylight,02 - Non-fatal injury,03 - Rear end,Industrial Park
1195,RICHMOND RD btwn STONEHAVEN DR & HOPE SIDE RD,356939.8404,5015511.975,-75.83543647,45.27763049,2014-07-03,10:45,01 - Clear,01 - Dry,10 - No control,01 - Non intersection,01 - Daylight,02 - Non-fatal injury,04 - Sideswipe,Bridlewood - Emerald Meadows
1196,OGILVIE RD @ ELMRIDGE DR/JASMINE CRES N,375421.204,5034061.526,-75.59725186,45.44291744,2014-05-03,12:20,01 - Clear,01 - Dry,01 - Traffic signal,02 - Intersection related,01 - Daylight,02 - Non-fatal injury,03 - Rear end,Beacon Hill South - Cardinal Heights
1197,TENTH LINE RD @ CHARLEMAGNE BLVD S/DES EPINETT,383640.9751,5036900.456,-75.49173924,45.46758093,2014-08-01,10:11,01 - Clear,01 - Dry,01 - Traffic signal,02 - Intersection related,01 - Daylight,02 - Non-fatal injury,03 - Rear end,Orlans
1198,BANK ST @ WILTON CRES,368580.0799,5028968.442,-75.68535163,45.3977493,2014-08-02,22:58,01 - Clear,01 - Dry,02 - Stop sign,03 - At intersection,07 - Dark,02 - Non-fatal injury,05 - Turning movement,The Glebe
1199,EAGLESON RD @ COPE DR/CADENCE GT,354622.0441,5016028.375,-75.86492491,45.28244525,2014-06-16,10:03,01 - Clear,01 - Dry,01 - Traffic signal,02 - Intersection related,01 - Daylight,02 - Non-fatal injury,02 - Angle,Bridlewood - Emerald Meadows
1200,FISHER AVE @ PRINCE OF WALES DR,367163.1266,5023943.459,-75.70408281,45.35266334,2014-07-18,16:31,01 - Clear,01 - Dry,01 - Traffic signal,02 - Intersection related,01 - Daylight,02 - Non-fatal injury,02 - Angle,Borden Farm - Stewart Farm - Parkwood Hills - Fisher Glen
1201,KING EDWARD AVE @ LAURIER AVE,368741.129,5032035.53,-75.68289693,45.42533122,2014-07-01,21:00,01 - Clear,01 - Dry,01 - Traffic signal,02 - Intersection related,05 - Dusk,02 - Non-fatal injury,03 - Rear end,Sandy Hill
1202,TERRY FOX DR @ PALLADIUM DR/KATIMAVIK RD,351269.2441,5018179.879,-75.90745867,45.30203472,2014-07-14,16:34,01 - Clear,01 - Dry,01 - Traffic signal,02 - Intersection related,01 - Daylight,02 - Non-fatal injury,03 - Rear end,Katimavik - Hazeldean
1203,ALBERT ST @ ELGIN ST/MACKENZIE KING BRIDGE,367850.2377,5031711.581,-75.69432195,45.42249731,2014-07-14,16:53,01 - Clear,01 - Dry,01 - Traffic signal,03 - At intersection,01 - Daylight,02 - Non-fatal injury,07 - SMV other,Downtown
1204,MEADOWLANDS DR/TALLWOOD DR @ WOODROFFE AVE,363056.9293,5022730.511,-75.75662695,45.34210248,2014-07-21,20:30,01 - Clear,01 - Dry,01 - Traffic signal,02 - Intersection related,05 - Dusk,02 - Non-fatal injury,03 - Rear end,Crestview - Meadowlands
1205,TERRY FOX DR btwn Continuation of TERRY FOX DR & CAMPEAU DR,350106.8894,5019034.529,-75.92220126,45.30980103,2014-08-05,13:17,01 - Clear,02 - Wet,10 - No control,01 - Non intersection,01 - Daylight,02 - Non-fatal injury,03 - Rear end,Kanata Lakes - Marchwood Lakeside - Morgan's Grant - Kanata
1206,BANK ST btwn CHESLEY ST & RIVERDALE AVE,369035.4565,5028162.867,-75.67964069,45.39045936,2014-08-20,17:53,01 - Clear,01 - Dry,10 - No control,04 - At/near private drive,01 - Daylight,02 - Non-fatal injury,05 - Turning movement,Old Ottawa South
1207,MAITLAND AVE @ WOODWARD DR,363273.6946,5025662.274,-75.75351445,45.36846415,2014-07-07,8:40,01 - Clear,02 - Wet,01 - Traffic signal,02 - Intersection related,01 - Daylight,02 - Non-fatal injury,03 - Rear end,Braemar Park - Bel Air Heights - Copeland Park
1208,PARKDALE AVE btwn COLOMBINE DRWY & BURNSIDE AVE,364759.7807,5030170.337,-75.73399677,45.40890127,2014-07-09,18:07,01 - Clear,01 - Dry,10 - No control,04 - At/near private drive,01 - Daylight,02 - Non-fatal injury,07 - SMV other,Tunney's Pasture
1209,BELFAST RD btwn TRAINYARDS DR & ST. LAURENT BLVD,372300.7078,5030686.372,-75.63759899,45.41285768,2014-07-10,8:15,01 - Clear,01 - Dry,10 - No control,01 - Non intersection,01 - Daylight,02 - Non-fatal injury,07 - SMV other,Industrial Park
1210,BASELINE RD @ WOODROFFE AVE,362551.112,5023769.557,-75.76295945,45.35149357,2014-07-02,14:35,01 - Clear,01 - Dry,01 - Traffic signal,02 - Intersection related,01 - Daylight,02 - Non-fatal injury,03 - Rear end,Iris
1211,BANK ST @ CECIL AVE,369946.1342,5026991.441,-75.66816614,45.37983514,2014-08-05,14:44,01 - Clear,01 - Dry,02 - Stop sign,03 - At intersection,01 - Daylight,02 - Non-fatal injury,02 - Angle,Alta Vista
1212,O'KEEFE CRT btwn FOXTAIL AVE & END,360110.7579,5014947.679,-75.79508646,45.27231059,2014-07-28,22:50,01 - Clear,01 - Dry,10 - No control,01 - Non intersection,07 - Dark,02 - Non-fatal injury,07 - SMV other,Munster Hamlet - Richmond
1213,NELSON ST @ RIDEAU ST,368650.5072,5032498.003,-75.68399491,45.42950066,2014-06-21,21:19,01 - Clear,01 - Dry,01 - Traffic signal,02 - Intersection related,07 - Dark,02 - Non-fatal injury,03 - Rear end,Lowe
1214,BEAUDRY ST @ DONALD ST,370836.1862,5032326.685,-75.65608806,45.42775626,2014-07-10,10:46,01 - Clear,01 - Dry,02 - Stop sign,03 - At intersection,01 - Daylight,02 - Non-fatal injury,02 - Angle,Overbrook
1215,BLAIR PL @ OGILVIE RD,374801.4998,5033371.819,-75.60527063,45.43677418,2014-07-14,17:38,01 - Clear,01 - Dry,01 - Traffic signal,03 - At intersection,01 - Daylight,02 - Non-fatal injury,02 - Angle,Beacon Hill South - Cardinal Heights