Record,Location,X,Y,lon,lat,Date,Time,Environment,Road_Surface,Traffic_Control,Collision_Location,Light,Collision_Classification,Impact_type,Neighborhood
1216,BASELINE RD @ CLYDE AVE,364359.1772,5024889.565,-75.73975134,45.36142003,2014-07-22,17:40,01 - Clear,01 - Dry,01 - Traffic signal,02 - Intersection related,01 - Daylight,02 - Non-fatal injury,03 - Rear end,Braemar Park - Bel Air Heights - Copeland Park
1217,GREENBANK RD btwn MEADOWBANK DR & HARRISON ST,360832.5727,5022021.713,-75.78508831,45.33590592,2014-07-30,13:09,01 - Clear,01 - Dry,10 - No control,01 - Non intersection,01 - Daylight,02 - Non-fatal injury,01 - Approaching,Briar Green - Leslie Park
1218,DELMAR DR btwn DEVLIN CRES & PLAYFAIR DR,372081.204,5028194.706,-75.64074301,45.39045986,2014-07-07,14:30,01 - Clear,01 - Dry,10 - No control,01 - Non intersection,01 - Daylight,02 - Non-fatal injury,07 - SMV other,Playfair Park - Lynda Park - Guildwood Estates
1219,MONTREAL RD @ GRANVILLE ST/LAFONTAINE AVE,370826.7134,5033475.826,-75.656055,45.43809663,2014-07-10,13:15,01 - Clear,01 - Dry,01 - Traffic signal,02 - Intersection related,01 - Daylight,02 - Non-fatal injury,03 - Rear end,Vanier South
1220,RICHARDSON SIDE RD @ TERRY FOX DR,348803.086,5019506.072,-75.93878598,45.31412702,2014-08-01,7:44,01 - Clear,01 - Dry,01 - Traffic signal,03 - At intersection,01 - Daylight,02 - Non-fatal injury,05 - Turning movement,Kanata Lakes - Marchwood Lakeside - Morgan's Grant - Kanata
1221,CUMBERLAND ST @ ST. PATRICK ST,368129.1786,5032748.582,-75.69062456,45.43180268,2014-08-06,7:14,01 - Clear,01 - Dry,01 - Traffic signal,03 - At intersection,01 - Daylight,02 - Non-fatal injury,02 - Angle,Byward Market
1222,GREENBANK RD btwn LISA AVE & BASELINE RD,360595.6564,5022590.33,-75.78804673,45.34104121,2014-07-11,8:25,01 - Clear,01 - Dry,10 - No control,01 - Non intersection,01 - Daylight,02 - Non-fatal injury,03 - Rear end,Qualicum - Redwood Park
1223,DWYER HILL RD btwn O'NEIL RD & ROGER STEVENS DR,352940.5032,4990944.514,-75.88877703,45.05684673,2014-07-22,18:33,01 - Clear,01 - Dry,10 - No control,01 - Non intersection,01 - Daylight,02 - Non-fatal injury,07 - SMV other,Munster Hamlet - Richmond
1224,CEDARWOOD DR @ WALKLEY RD,371195.2356,5026456.791,-75.65229032,45.37490729,2014-07-26,17:07,01 - Clear,01 - Dry,01 - Traffic signal,03 - At intersection,01 - Daylight,02 - Non-fatal injury,07 - SMV other,Ledbury - Heron Gate - Ridgemont - Elmwood
1225,WAVERLEY ST @ O'CONNOR ST,368008.2012,5030766.331,-75.69242489,45.413978,2014-05-30,15:13,01 - Clear,01 - Dry,02 - Stop sign,03 - At intersection,01 - Daylight,02 - Non-fatal injury,02 - Angle,Centretown
1226,ANDERSON RD btwn INNES RD & DESJARDINS ST,376307.1036,5031824.073,-75.58625383,45.42269614,2014-06-03,8:28,02 - Rain,02 - Wet,10 - No control,01 - Non intersection,01 - Daylight,02 - Non-fatal injury,01 - Approaching,Greenbelt
1227,ORLEANS BLVD @ FORTUNE DR/SUGAR CREEK WAY,380211.2676,5037785.598,-75.53545794,45.47592345,2014-08-06,11:20,01 - Clear,01 - Dry,02 - Stop sign,03 - At intersection,01 - Daylight,02 - Non-fatal injury,07 - SMV other,Orleans South West
1228,GREENBANK RD @ MALVERN DR/FOXFIELD DR,363311.6864,5016194.687,-75.75414829,45.28327215,2014-08-07,20:55,01 - Clear,01 - Dry,01 - Traffic signal,03 - At intersection,07 - Dark,02 - Non-fatal injury,05 - Turning movement,Barrhaven West - Old Barrhaven
1229,OLD CARP RD btwn HUNTMAR DR & SECOND LINE RD,345275.997,5022414.813,-75.98353064,45.34051304,2014-07-14,21:31,01 - Clear,01 - Dry,10 - No control,01 - Non intersection,07 - Dark,02 - Non-fatal injury,07 - SMV other,Carp - Hardwood Plains
1230,BASELINE RD btwn MARSON ST & FISHER AVE,365914.7291,5025867.569,-75.71977621,45.37008604,2014-07-11,15:02,01 - Clear,01 - Dry,10 - No control,01 - Non intersection,01 - Daylight,02 - Non-fatal injury,03 - Rear end,Civic Hospital - Experimental Farm - Central Park
1231,HUNT CLUB RD @ LORRY GREENBERG DR/SABLE RIDGE ,372825.1605,5024808.453,-75.63170937,45.35991985,2014-07-02,10:30,01 - Clear,01 - Dry,01 - Traffic signal,02 - Intersection related,01 - Daylight,02 - Non-fatal injury,03 - Rear end,Greenboro East
1232,BRONSON AVE @ POWELL AVE,367387.8789,5029477.467,-75.70051324,45.40243695,2014-08-07,20:00,01 - Clear,01 - Dry,01 - Traffic signal,03 - At intersection,05 - Dusk,02 - Non-fatal injury,03 - Rear end,The Glebe
1233,GREENBANK RD btwn WEST HUNT CLUB RD & FALLOWFIELD RD,362261.356,5018729.481,-75.76724212,45.30616693,2014-07-06,0:18,01 - Clear,01 - Dry,10 - No control,01 - Non intersection,07 - Dark,02 - Non-fatal injury,04 - Sideswipe,Greenbelt
1234,VANIER PKWY/CRICHTON ST @ BEECHWOOD AVE/ST. PA,369127.797,5033487.616,-75.67776651,45.43836108,2014-12-12,18:25,01 - Clear,02 - Wet,01 - Traffic signal,02 - Intersection related,07 - Dark,02 - Non-fatal injury,07 - SMV other,Vanier North
1235,CEDARVIEW RD @ FALLOWFIELD RD,361296.089,5015664.442,-75.77989951,45.27866585,2014-08-04,11:48,01 - Clear,01 - Dry,01 - Traffic signal,03 - At intersection,01 - Daylight,02 - Non-fatal injury,02 - Angle,Barrhaven West - Old Barrhaven
1236,HERON RD btwn EVANS BLVD & ALTA VISTA DR,370442.1051,5026900.068,-75.66184604,45.37896671,2014-08-06,8:21,01 - Clear,01 - Dry,10 - No control,01 - Non intersection,01 - Daylight,02 - Non-fatal injury,03 - Rear end,Alta Vista
1237,BANK ST @ SOMERSET ST,367694.7029,5030915.818,-75.69641081,45.41535129,2014-08-09,22:44,01 - Clear,01 - Dry,01 - Traffic signal,03 - At intersection,07 - Dark,02 - Non-fatal injury,05 - Turning movement,Centretown
1238,PLACE D'ORLEANS @ CENTRUM BLVD/PLACE D'ORLEANS,381966.1621,5038138.54,-75.51295997,45.47890718,2014-07-23,8:45,01 - Clear,01 - Dry,01 - Traffic signal,03 - At intersection,01 - Daylight,02 - Non-fatal injury,05 - Turning movement,Industrial Park
1239,"MCARTHUR AVE @ EGLISE, RUE DE L/MOORVALE ST",371446.1906,5032825.527,-75.64822583,45.43218676,2014-08-11,15:56,01 - Clear,01 - Dry,01 - Traffic signal,03 - At intersection,01 - Daylight,02 - Non-fatal injury,05 - Turning movement,Castle Heights
1240,JAMES ST @ BANK ST,367832.7138,5030701.808,-75.69467502,45.41341328,2014-08-06,17:07,01 - Clear,01 - Dry,10 - No control,03 - At intersection,01 - Daylight,02 - Non-fatal injury,05 - Turning movement,Centretown
1241,WEST RIDGE DR @ BALLYHAISE ST/THRESHER AVE,349207.1877,5013074.44,-75.93420794,45.2562276,2014-07-06,19:59,01 - Clear,01 - Dry,02 - Stop sign,03 - At intersection,01 - Daylight,02 - Non-fatal injury,02 - Angle,Crossing Bridge
1242,CARLING AVE @ CROYDON AVE,360658.2067,5025042.518,-75.78697163,45.36310095,2014-07-18,15:15,01 - Clear,01 - Dry,01 - Traffic signal,03 - At intersection,01 - Daylight,02 - Non-fatal injury,07 - SMV other,Whitehaven - Queensway Terrace North
1243,COOPER ST @ BANK ST,367650.1321,5030990.572,-75.69697068,45.41602791,2014-07-31,13:21,01 - Clear,01 - Dry,02 - Stop sign,03 - At intersection,01 - Daylight,02 - Non-fatal injury,07 - SMV other,Centretown
1244,ALTA VISTA DR @ WESMAR DR,370476.2386,5026988.545,-75.66139848,45.37975959,2014-07-18,16:29,01 - Clear,01 - Dry,02 - Stop sign,02 - Intersection related,01 - Daylight,02 - Non-fatal injury,03 - Rear end,Alta Vista
1245,MEADOWLANDS DR @ MERIVALE RD,364859.2069,5023726.271,-75.73351056,45.35091022,2014-08-31,21:53,01 - Clear,01 - Dry,01 - Traffic signal,03 - At intersection,07 - Dark,02 - Non-fatal injury,05 - Turning movement,Cityview - Skyline - Fisher Heights
1246,ALTA VISTA DR btwn PLEASANT PARK RD & MOUNTBATTEN AVE,370381.2427,5028358.035,-75.66242937,45.39209069,2014-08-29,16:12,01 - Clear,01 - Dry,10 - No control,01 - Non intersection,01 - Daylight,02 - Non-fatal injury,01 - Approaching,Alta Vista
1247,TERRY FOX DR N @ FLAMBOROUGH WAY/INNOVATION DR,349382.9038,5022958.325,-75.93108045,45.34515472,2014-07-21,19:05,01 - Clear,01 - Dry,01 - Traffic signal,03 - At intersection,01 - Daylight,02 - Non-fatal injury,05 - Turning movement,Morgan's Grant
1248,HAWTHORNE RD @ LEITRIM RD,377040.1835,5022710.45,-75.57822101,45.34062141,2014-09-12,16:30,01 - Clear,01 - Dry,01 - Traffic signal,03 - At intersection,01 - Daylight,02 - Non-fatal injury,02 - Angle,Greenbelt
1249,NORMAN ST @ ROCHESTER ST,366889.193,5029271.316,-75.7069087,45.40062646,2014-07-24,5:09,01 - Clear,01 - Dry,02 - Stop sign,02 - Intersection related,03 - Dawn,02 - Non-fatal injury,06 - SMV unattended vehicle,Little Italy
1250,FLOWER AVE @ WOODROFFE AVE,361811.2062,5026116.479,-75.77213088,45.37267154,2014-08-29,16:59,01 - Clear,01 - Dry,02 - Stop sign,02 - Intersection related,01 - Daylight,02 - Non-fatal injury,03 - Rear end,Carlingwood West - Glabar Park - McKellar Heights
1251,NELSON ST @ RIDEAU ST,368649.5593,5032498.951,-75.6840069,45.42950928,2014-08-11,22:19,01 - Clear,01 - Dry,01 - Traffic signal,03 - At intersection,07 - Dark,02 - Non-fatal injury,05 - Turning movement,Lowe
1252,RIDEAU PL @ RIDEAU ST,369527.7787,5032963.118,-75.67272347,45.43360494,2014-08-30,8:03,01 - Clear,01 - Dry,02 - Stop sign,03 - At intersection,01 - Daylight,02 - Non-fatal injury,05 - Turning movement,Lowe
1253,RENAUD RD btwn Continuation of RENAUD RD & Continuation of RENAUD RD,379945.22,5031616.731,-75.53980256,45.42044929,2014-07-28,15:49,02 - Rain,02 - Wet,10 - No control,01 - Non intersection,01 - Daylight,02 - Non-fatal injury,07 - SMV other,Greenbelt
1254,CHESTNUT ST @ LEES AVE,369379.0195,5030783.468,-75.67491029,45.41400703,2014-07-22,8:18,01 - Clear,01 - Dry,02 - Stop sign,02 - Intersection related,01 - Daylight,02 - Non-fatal injury,07 - SMV other,Old Ottawa East
1255,EAGLESON RD @ HWY 417 EAGLESO IC138R51/PARK AN,353035.7665,5020014.102,-75.88475602,45.31842038,2014-07-25,17:32,01 - Clear,01 - Dry,01 - Traffic signal,02 - Intersection related,01 - Daylight,02 - Non-fatal injury,03 - Rear end,Katimavik - Hazeldean
1256,BLAIR RD @ OGILVIE RD,374507.2498,5033198.575,-75.60905569,45.43524482,2014-07-25,21:02,01 - Clear,01 - Dry,01 - Traffic signal,02 - Intersection related,07 - Dark,02 - Non-fatal injury,03 - Rear end,Industrial Park
1257,INDUSTRIAL AVE @ TRAINYARDS DR,371686.1523,5030541.164,-75.64546948,45.41161017,2014-08-05,9:58,01 - Clear,01 - Dry,01 - Traffic signal,02 - Intersection related,01 - Daylight,02 - Non-fatal injury,04 - Sideswipe,Industrial Park
1258,OLD TENTH LINE RD/OR174 IC101 RAMP63 @ ST. JOS,383118.7659,5038784.936,-75.49811607,45.48459453,2014-08-07,15:10,01 - Clear,01 - Dry,01 - Traffic signal,03 - At intersection,01 - Daylight,02 - Non-fatal injury,02 - Angle,Industrial Park
1259,JEANNE D'ARC BLVD  S btwn OR174 IC105 RAMP53 & YOUVILLE DR,379581.6441,5036769.417,-75.54366461,45.46684835,2014-08-12,8:02,01 - Clear,01 - Dry,10 - No control,01 - Non intersection,01 - Daylight,02 - Non-fatal injury,04 - Sideswipe,Greenbelt
1260,BLAIR RD @ REGIONAL RD 174 N/OR174 IC112 RAMP61,374633.3588,5032993.549,-75.60747314,45.43338753,2014-08-30,12:35,01 - Clear,01 - Dry,01 - Traffic signal,03 - At intersection,01 - Daylight,02 - Non-fatal injury,02 - Angle,Industrial Park
1261,CAMBRIAN RD @ GREENBANK RD,364766.1073,5012873.37,-75.73601138,45.25326437,2014-08-30,12:58,01 - Clear,01 - Dry,03 - Yield sign,03 - At intersection,01 - Daylight,02 - Non-fatal injury,04 - Sideswipe,New Barrhaven
1262,MONTREAL RD @ OLMSTEAD ST,370330.3436,5033211.691,-75.66243401,45.43576675,2014-07-21,16:10,01 - Clear,01 - Dry,01 - Traffic signal,03 - At intersection,01 - Daylight,02 - Non-fatal injury,07 - SMV other,Vanier South
1263,BANK ST btwn CHESLEY ST & RIVERDALE AVE,369035.3757,5028164.079,-75.67964156,45.39047028,2014-07-24,11:47,01 - Clear,01 - Dry,10 - No control,01 - Non intersection,01 - Daylight,02 - Non-fatal injury,07 - SMV other,Old Ottawa South
1264,WEST HUNT CLUB RD EB btwn WOODROFFE AVE & 354 E OF WOODROFFE AVE/REC P,363710.0275,5021277.769,-75.74846691,45.32897628,2014-07-14,8:40,01 - Clear,01 - Dry,10 - No control,01 - Non intersection,01 - Daylight,02 - Non-fatal injury,03 - Rear end,Tanglewood
1265,CUMMINGS AVE btwn SHANE ST & CUMMINGS AVE,372445.2984,5032937.16,-75.63544281,45.43309525,2014-07-08,17:02,01 - Clear,01 - Dry,10 - No control,04 - At/near private drive,01 - Daylight,02 - Non-fatal injury,05 - Turning movement,Cummings
1266,RENAUD RD btwn Continuation of RENAUD RD & PERCIFOR WAY,380982.8363,5032225.742,-75.52645175,45.4258165,2014-07-11,18:28,01 - Clear,01 - Dry,10 - No control,01 - Non intersection,01 - Daylight,02 - Non-fatal injury,07 - SMV other,Chapel Hill South
1267,PAMILLA ST btwn PRESTON ST & END,366701.4637,5029105.742,-75.7093272,45.3991533,2014-06-16,14:00,01 - Clear,01 - Dry,10 - No control,04 - At/near private drive,01 - Daylight,02 - Non-fatal injury,02 - Angle,Little Italy
1268,CAMPEAU DR/HWY 417 MARCH IC138R63 @ MARCH RD,352841.151,5020477.415,-75.88719325,45.32260271,2014-08-08,2:48,01 - Clear,01 - Dry,01 - Traffic signal,02 - Intersection related,07 - Dark,02 - Non-fatal injury,07 - SMV other,Greenbelt
1269,EAGLESON RD @ FALLOWFIELD RD,355960.2123,5012596.301,-75.84822208,45.25146657,2014-09-06,10:32,02 - Rain,02 - Wet,01 - Traffic signal,02 - Intersection related,01 - Daylight,02 - Non-fatal injury,02 - Angle,Stittsville - Basswood
1270,PRESTON ST @ SOMERSET ST,366308.1725,5030127.569,-75.71422281,45.40838209,2014-08-06,7:52,01 - Clear,01 - Dry,01 - Traffic signal,03 - At intersection,01 - Daylight,02 - Non-fatal injury,02 - Angle,Little Italy
1271,HALIFAX DR @ WALKLEY RD,373645.1588,5027899.543,-75.62081306,45.38765212,2014-08-28,15:12,01 - Clear,01 - Dry,01 - Traffic signal,02 - Intersection related,01 - Daylight,02 - Non-fatal injury,07 - SMV other,Urbandale
1272,BANK ST @ PARK LANE,374038.7674,5022685.389,-75.61651767,45.34069857,2014-07-28,9:35,02 - Rain,02 - Wet,02 - Stop sign,02 - Intersection related,01 - Daylight,02 - Non-fatal injury,03 - Rear end,Greenbelt
1273,MURRAY ST @ SUSSEX DR,367708.9509,5032393.549,-75.69604008,45.42864615,2014-08-20,22:45,02 - Rain,02 - Wet,01 - Traffic signal,03 - At intersection,07 - Dark,02 - Non-fatal injury,02 - Angle,Byward Market
1274,BAYSWATER AVE @ CARLING AVE,366367.1226,5028640.659,-75.71365541,45.39499808,2014-08-25,9:45,01 - Clear,01 - Dry,02 - Stop sign,03 - At intersection,01 - Daylight,02 - Non-fatal injury,02 - Angle,Civic Hospital - Experimental Farm - Central Park
1275,ATHLONE AVE @ RICHMOND RD,363453.2156,5028440.608,-75.75089277,45.3934482,2014-08-29,18:22,01 - Clear,01 - Dry,01 - Traffic signal,02 - Intersection related,01 - Daylight,02 - Non-fatal injury,03 - Rear end,Westboro
1276,BADGELEY AVE @ GOULBOURN FORCED RD,349582.774,5020573.337,-75.92874586,45.32368127,2014-06-21,14:00,01 - Clear,01 - Dry,11 - Roundabout,03 - At intersection,01 - Daylight,03 - P.D. only,07 - SMV other,Kanata Lakes - Marchwood Lakeside - Morgan's Grant - Kanata
1277,BRONSON AVE btwn BRONSON AVE SB ON RAMP 43 & SUNNYSIDE AVE/UNIVERSITY ,367912.7575,5028111.452,-75.69398396,45.39009882,2014-07-02,16:39,01 - Clear,01 - Dry,10 - No control,01 - Non intersection,01 - Daylight,02 - Non-fatal injury,04 - Sideswipe,Carleto
1278,TERRY FOX DR btwn COPE DR & TRANS CANADA TRAIL,353580.3665,5015612.712,-75.8782431,45.27877806,2014-08-12,10:01,02 - Rain,02 - Wet,10 - No control,01 - Non intersection,01 - Daylight,02 - Non-fatal injury,03 - Rear end,Glen Cairn - Kanata South Business Park
1279,EAGLESON RD btwn KAKULU RD & SHATNER GT,353416.2148,5019061.421,-75.8799972,45.30982172,2014-07-19,15:26,01 - Clear,01 - Dry,10 - No control,01 - Non intersection,01 - Daylight,02 - Non-fatal injury,03 - Rear end,Greenbelt
1280,HAWTHORNE RD btwn AGES DR & STEVENAGE DR,375104.0391,5027392.21,-75.60225696,45.38294247,2014-07-20,21:27,01 - Clear,01 - Dry,10 - No control,01 - Non intersection,07 - Dark,02 - Non-fatal injury,04 - Sideswipe,Industrial Park
1281,WEST HUNT CLUB RD WB btwn LANCELOT DR & 210 W OF MERIVALE RD,365347.5557,5021784.942,-75.72751631,45.33340041,2014-08-15,17:32,01 - Clear,01 - Dry,10 - No control,01 - Non intersection,01 - Daylight,02 - Non-fatal injury,04 - Sideswipe,Merivale Gardens - Grenfell Glen - Pineglen - Country Place
1282,RIVERSIDE DR @ PLEASANT PARK RD,369560.7771,5028414.066,-75.67289948,45.39267119,2014-08-13,11:50,01 - Clear,02 - Wet,01 - Traffic signal,02 - Intersection related,01 - Daylight,02 - Non-fatal injury,03 - Rear end,Alta Vista
1283,WEST HUNT CLUB RD @ 354 E OF WOODROFFE AVE/REC,363983.1609,5021424.489,-75.74496522,45.33027348,2014-08-31,19:01,02 - Rain,02 - Wet,01 - Traffic signal,02 - Intersection related,01 - Daylight,02 - Non-fatal injury,03 - Rear end,Tanglewood
1284,HOLLAND AVE @ WELLINGTON ST,364929.7014,5029153.808,-75.73195014,45.39974019,2014-08-07,18:38,01 - Clear,01 - Dry,01 - Traffic signal,03 - At intersection,01 - Daylight,02 - Non-fatal injury,07 - SMV other,Island Park
1285,MICHELE DR @ PENNY DR,359560.09,5024101.611,-75.80109224,45.35472133,2014-07-06,19:42,01 - Clear,01 - Dry,02 - Stop sign,03 - At intersection,01 - Daylight,02 - Non-fatal injury,07 - SMV other,Whitehaven - Queensway Terrace North
1286,MONTREAL RD btwn MONTGOMERY ST & PALACE ST,369898.5778,5032966.7,-75.66798437,45.43360275,2014-07-31,22:26,01 - Clear,01 - Dry,10 - No control,01 - Non intersection,07 - Dark,02 - Non-fatal injury,06 - SMV unattended vehicle,Vanier South
1287,BANK ST @ RIVERSIDE DR N,369226.1898,5027983.546,-75.67722847,45.38882837,2014-07-19,16:31,01 - Clear,01 - Dry,01 - Traffic signal,03 - At intersection,01 - Daylight,02 - Non-fatal injury,02 - Angle,Alta Vista
1288,OLD TENTH LINE RD @ TENTH LINE RD,383042.489,5038358.979,-75.49915955,45.48077071,2014-08-15,18:27,01 - Clear,01 - Dry,01 - Traffic signal,02 - Intersection related,01 - Daylight,02 - Non-fatal injury,03 - Rear end,Queenswood Heights
1289,PRINCE OF WALES DR @ WEST HUNT CLUB RD,367459.1842,5021890.555,-75.70056474,45.33416532,2014-08-13,14:51,01 - Clear,01 - Dry,01 - Traffic signal,02 - Intersection related,01 - Daylight,02 - Non-fatal injury,03 - Rear end,Industrial Park
1290,WEST HUNT CLUB RD @ WOODROFFE AVE,363671.1649,5021247.437,-75.74896625,45.32870662,2014-08-31,19:18,02 - Rain,02 - Wet,01 - Traffic signal,02 - Intersection related,05 - Dusk,02 - Non-fatal injury,03 - Rear end,Merivale Gardens - Grenfell Glen - Pineglen - Country Place
1291,BANTREE ST @ INNES RD,373708.0929,5030406.555,-75.61965921,45.41020285,2014-07-08,6:58,01 - Clear,01 - Dry,01 - Traffic signal,03 - At intersection,01 - Daylight,02 - Non-fatal injury,05 - Turning movement,Industrial Park
1292,REGIONAL ROAD 174 btwn TRANSIT & OR174 IC109 RAMP54,376291.192,5034569.209,-75.58605849,45.44739683,2014-09-26,22:57,01 - Clear,01 - Dry,10 - No control,01 - Non intersection,07 - Dark,02 - Non-fatal injury,03 - Rear end,Greenbelt
1293,BELL ST @ GLADSTONE AVE,366945.2239,5029967.667,-75.70610531,45.40688707,2014-10-04,15:18,02 - Rain,02 - Wet,02 - Stop sign,02 - Intersection related,01 - Daylight,02 - Non-fatal injury,02 - Angle,Centretown West
1294,OTTAWA ROAD 29 btwn Continuation of OTTAWA ROAD 29 & GALETTA SIDE RD,319146.5238,5028747.765,-76.31675271,45.39852169,2014-08-06,5:16,01 - Clear,01 - Dry,10 - No control,01 - Non intersection,07 - Dark,02 - Non-fatal injury,07 - SMV other,Mississipp
1295,SOMERSET ST    W btwn METCALFE ST & ELGIN ST,368045.6712,5031126.121,-75.69190003,45.41721189,2014-08-15,12:59,01 - Clear,01 - Dry,10 - No control,01 - Non intersection,01 - Daylight,02 - Non-fatal injury,04 - Sideswipe,Centretown
1296,CUMBERLAND ST @ MURRAY ST,368171.1708,5032680.533,-75.69009669,45.4311866,2014-07-31,20:05,01 - Clear,01 - Dry,01 - Traffic signal,02 - Intersection related,01 - Daylight,02 - Non-fatal injury,03 - Rear end,Byward Market
1297,TIGHE ST @ MANOTICK MAIN ST,368856.1188,5009799.386,-75.68430425,45.22524444,2014-07-08,18:19,02 - Rain,02 - Wet,02 - Stop sign,03 - At intersection,01 - Daylight,02 - Non-fatal injury,05 - Turning movement,Manotick
1298,PRINCE OF WALES DR btwn RIDEAU GLEN DR & FALLOWFIELD RD,367439.9242,5018798.497,-75.70120151,45.30634518,2014-08-29,2:32,01 - Clear,01 - Dry,10 - No control,01 - Non intersection,07 - Dark,02 - Non-fatal injury,01 - Approaching,Greenbelt
1299,MATHIEU WAY @ MERKLEY DR,384442.9831,5037681.235,-75.48135781,45.47451466,2014-08-09,0:21,01 - Clear,01 - Dry,02 - Stop sign,03 - At intersection,07 - Dark,02 - Non-fatal injury,05 - Turning movement,Fallingbrook
1300,ORLEANS BLVD btwn LUMBERMAN WAY & ST. JOSEPH BLVD,380612.3064,5037009.026,-75.53044904,45.46889305,2014-08-12,19:35,01 - Clear,01 - Dry,10 - No control,04 - At/near private drive,05 - Dusk,02 - Non-fatal injury,03 - Rear end,Industrial Park
1301,CARLING AVE @ MAITLAND AVE/SHERBOURNE RD,362945.0676,5026488.527,-75.75761214,45.37592602,2014-08-12,21:28,02 - Rain,02 - Wet,01 - Traffic signal,03 - At intersection,07 - Dark,02 - Non-fatal injury,02 - Angle,Carlingwood - McKellar Park - Laurentien View
1302,ST. LAURENT BLVD btwn TREMBLAY RD & SHORE ST,372609.458,5031209.349,-75.63358283,45.41753333,2014-08-13,12:56,01 - Clear,01 - Dry,10 - No control,01 - Non intersection,01 - Daylight,02 - Non-fatal injury,03 - Rear end,Industrial Park
1303,CAMPEAU DR @ TERRY FOX DR,350454.1789,5019012.351,-75.91777455,45.30957898,2014-08-17,13:40,01 - Clear,01 - Dry,01 - Traffic signal,03 - At intersection,01 - Daylight,02 - Non-fatal injury,05 - Turning movement,Kanata Lakes - Marchwood Lakeside - Morgan's Grant - Kanata
1304,FALAISE RD @ FISHER AVE,366777.13,5024560.573,-75.70893131,45.35825023,2014-08-13,17:30,01 - Clear,01 - Dry,02 - Stop sign,03 - At intersection,01 - Daylight,02 - Non-fatal injury,02 - Angle,Carleton Heights - Rideauview
1305,MERIVALE RD btwn CALDWELL AVE & CENTRAL PARK DR,364946.6405,5025942.928,-75.73212505,45.37084786,2014-08-07,16:45,01 - Clear,01 - Dry,10 - No control,04 - At/near private drive,01 - Daylight,02 - Non-fatal injury,03 - Rear end,Civic Hospital - Experimental Farm - Central Park
1306,HWY 417 INNES IC112R68 @ INNES RD,374641.6216,5030920.625,-75.60766145,45.41473565,2014-08-10,19:05,01 - Clear,01 - Dry,01 - Traffic signal,03 - At intersection,01 - Daylight,02 - Non-fatal injury,07 - SMV other,Industrial Park
1307,DAVIDSON RD @ HAWTHORNE RD,376283.2276,5024508.568,-75.58761857,45.35687758,2014-08-14,15:43,01 - Clear,01 - Dry,02 - Stop sign,03 - At intersection,01 - Daylight,02 - Non-fatal injury,02 - Angle,Greenbelt
1308,ST. LAURENT BLVD btwn MCARTHUR AVE & DONALD ST,372066.3365,5032547.87,-75.64033886,45.42962916,2014-08-11,15:25,01 - Clear,01 - Dry,10 - No control,01 - Non intersection,01 - Daylight,02 - Non-fatal injury,07 - SMV other,Castl
1309,ISABELLA ST/HWY417 IC119AR75 @ METCALFE ST,368450.1283,5030398.617,-75.6868267,45.41062938,2014-08-14,12:04,01 - Clear,01 - Dry,01 - Traffic signal,02 - Intersection related,01 - Daylight,02 - Non-fatal injury,03 - Rear end,The Glebe
1310,ORLEANS BLVD btwn LUMBERMAN WAY & ST. JOSEPH BLVD,380561.2225,5037077.689,-75.53109167,45.46951637,2014-08-15,16:14,01 - Clear,01 - Dry,10 - No control,04 - At/near private drive,01 - Daylight,02 - Non-fatal injury,02 - Angle,Industrial Park
1311,TRIM RD @ 150 S OF INNES RD,386622.1937,5037141.451,-75.45357998,45.4694063,2014-08-12,10:40,02 - Rain,02 - Wet,01 - Traffic signal,03 - At intersection,01 - Daylight,02 - Non-fatal injury,02 - Angle,Orlans
1312,BANK ST btwn MACLAREN ST & GILMOUR ST,367747.8712,5030833.246,-75.6957421,45.41460355,2014-07-27,16:00,01 - Clear,01 - Dry,10 - No control,01 - Non intersection,01 - Daylight,02 - Non-fatal injury,01 - Approaching,Centretown
1313,MONTREAL RD btwn ST. LAURENT BLVD & HILLSIDE DR,371563.2385,5033828.969,-75.64659397,45.4412041,2014-08-29,15:02,01 - Clear,01 - Dry,10 - No control,01 - Non intersection,01 - Daylight,02 - Non-fatal injury,07 - SMV other,Cummings
1314,RIOCAN AVE @ STRANDHERD DR,364172.6827,5014943.625,-75.74332372,45.2719429,2014-08-29,19:27,01 - Clear,01 - Dry,01 - Traffic signal,02 - Intersection related,01 - Daylight,02 - Non-fatal injury,03 - Rear end,New Barrhaven
1315,PRESTON ST @ SIDNEY ST,366808.9489,5028986.099,-75.70796945,45.39806727,2014-08-08,14:38,01 - Clear,01 - Dry,02 - Stop sign,03 - At intersection,01 - Daylight,02 - Non-fatal injury,02 - Angle,Little Italy
1316,INDUSTRIAL AVE @ RUSSELL RD,372465.2547,5030281.449,-75.63555253,45.40919847,2014-08-12,19:13,02 - Rain,02 - Wet,01 - Traffic signal,03 - At intersection,05 - Dusk,02 - Non-fatal injury,07 - SMV other,Industrial Park
1317,ST. LAURENT BLVD btwn BELFAST RD & INDUSTRIAL AVE,372888.5733,5030507.955,-75.63011382,45.41119541,2014-08-18,7:54,01 - Clear,01 - Dry,10 - No control,01 - Non intersection,01 - Daylight,02 - Non-fatal injury,03 - Rear end,Industrial Park