Record,Location,X,Y,lon,lat,Date,Time,Environment,Road_Surface,Traffic_Control,Collision_Location,Light,Collision_Classification,Impact_type,Neighborhood
1318,VIEWMOUNT DR btwn MERIVALE RD & GRANT CARMAN DR,365296.5407,5023012.95,-75.72801697,45.34445427,2014-08-15,17:14,01 - Clear,01 - Dry,10 - No control,04 - At/near private drive,01 - Daylight,02 - Non-fatal injury,05 - Turning movement,Borden Farm - Stewart Farm - Parkwood Hills - Fisher Glen
1319,BROOKFIELD RAMP 35 btwn BROOKFIELD RD & TO BE DETERMINED,368691.156,5026314.53,-75.68427655,45.37386006,2014-08-03,12:00,01 - Clear,08 - Loose sand or gravel,10 - No control,01 - Non intersection,01 - Daylight,02 - Non-fatal injury,07 - SMV other,Riverside Park
1320,RAMSAYVILLE RD @ MITCH OWENS RD,381144.2844,5018039.232,-75.5265804,45.2981579,2014-08-12,10:41,02 - Rain,02 - Wet,02 - Stop sign,02 - Intersection related,01 - Daylight,02 - Non-fatal injury,03 - Rear end,Metcalfe
1321,GREENBANK RD @ LISA AVE,360554.2012,5022891.596,-75.78854171,45.3437553,2014-08-12,11:25,02 - Rain,02 - Wet,01 - Traffic signal,03 - At intersection,01 - Daylight,02 - Non-fatal injury,02 - Angle,Iris
1322,COLDREY AVE @ KIRKWOOD AVE,364438.2216,5027135.592,-75.73847128,45.3816227,2014-08-11,9:34,01 - Clear,01 - Dry,01 - Traffic signal,03 - At intersection,01 - Daylight,02 - Non-fatal injury,02 - Angle,Carlington
1323,MITCH OWENS RD @ STAGECOACH RD,375399.2808,5014483.51,-75.60032784,45.26676548,2014-08-01,17:30,01 - Clear,01 - Dry,01 - Traffic signal,02 - Intersection related,01 - Daylight,02 - Non-fatal injury,03 - Rear end,Osgoode
1324,KIRKWOOD AVE N @ CARLING AVE,364276.1661,5027493.534,-75.74049728,45.38485718,2014-02-25,14:07,01 - Clear,01 - Dry,01 - Traffic signal,03 - At intersection,01 - Daylight,02 - Non-fatal injury,05 - Turning movement,Westboro
1325,BAYSWATER AVE @ SOMERSET ST,365810.3308,5029911.568,-75.72060896,45.40648214,2014-07-13,23:03,01 - Clear,01 - Dry,01 - Traffic signal,03 - At intersection,07 - Dark,02 - Non-fatal injury,02 - Angle,Centretow
1326,BRONSON AVE @ CATHERINE ST/RAYMOND ST,367253.1824,5029797.514,-75.70219313,45.40532867,2014-08-09,22:30,01 - Clear,01 - Dry,01 - Traffic signal,03 - At intersection,07 - Dark,02 - Non-fatal injury,05 - Turning movement,Centretown West
1327,COLONEL BY DR btwn ROSEDALE AVE & ECHO DR,368503.3488,5028771.172,-75.68635707,45.39598131,2014-08-13,23:12,02 - Rain,02 - Wet,10 - No control,01 - Non intersection,07 - Dark,02 - Non-fatal injury,07 - SMV other,Old Ottawa South
1328,DALHOUSIE ST @ RIDEAU ST,368205.8797,5032227.581,-75.68971146,45.42710795,2014-08-14,7:45,01 - Clear,01 - Dry,01 - Traffic signal,03 - At intersection,01 - Daylight,02 - Non-fatal injury,07 - SMV other,Byward Market - Parliament Hill
1329,BOOTH ST @ TRANSITWAY,366370.2793,5030744.572,-75.71335239,45.41392826,2014-08-03,16:38,01 - Clear,01 - Dry,01 - Traffic signal,03 - At intersection,01 - Daylight,02 - Non-fatal injury,02 - Angle,LeBreton Flats
1330,INNES RD @ JEANNE D'ARC BLVD/MER BLEUE RD,382640.1233,5035564.71,-75.5047482,45.4556753,2014-08-16,13:30,02 - Rain,02 - Wet,01 - Traffic signal,02 - Intersection related,01 - Daylight,02 - Non-fatal injury,03 - Rear end,Chapel Hill South
1331,CAMBRIAN RD @ CEDARVIEW RD,363003.1453,5011834.402,-75.75859183,45.24406368,2014-08-08,15:30,01 - Clear,01 - Dry,02 - Stop sign,02 - Intersection related,01 - Daylight,02 - Non-fatal injury,07 - SMV other,Munster Hamlet - Richmond
1332,BLAIR RD @ OR174 IC112 RAMP26,374753.4739,5032847,-75.60595898,45.43205696,2014-08-28,17:21,01 - Clear,01 - Dry,10 - No control,02 - Intersection related,01 - Daylight,02 - Non-fatal injury,03 - Rear end,Industrial Park
1333,INNES RD @ ORLEANS BLVD,380462.2169,5034296.403,-75.5327856,45.44450327,2014-08-12,12:11,01 - Clear,01 - Dry,01 - Traffic signal,02 - Intersection related,01 - Daylight,02 - Non-fatal injury,03 - Rear end,Orleans Village - Chateauneuf
1334,REGIONAL RD 174 @ TRIM RD,384351.3794,5039989.393,-75.4821553,45.49529168,2014-07-14,13:40,01 - Clear,01 - Dry,01 - Traffic signal,02 - Intersection related,01 - Daylight,02 - Non-fatal injury,03 - Rear end,Chatelaine Village
1335,ALTA VISTA DR @ RANDALL AVE,370410.1434,5027366.542,-75.66219211,45.38316687,2014-08-14,8:44,01 - Clear,01 - Dry,01 - Traffic signal,02 - Intersection related,01 - Daylight,02 - Non-fatal injury,03 - Rear end,Alta Vista
1336,AVIATION PKWY @ OGILVIE RD,373110.2403,5032376.586,-75.62702311,45.42798685,2014-08-11,7:40,01 - Clear,01 - Dry,01 - Traffic signal,03 - At intersection,01 - Daylight,02 - Non-fatal injury,04 - Sideswipe,Industrial Park
1337,KING EDWARD AVE @ STEWART ST,368635.2214,5032206.34,-75.68422805,45.42687778,2014-08-28,17:40,01 - Clear,01 - Dry,01 - Traffic signal,02 - Intersection related,01 - Daylight,02 - Non-fatal injury,04 - Sideswipe,Sandy Hill
1338,DUMAURIER AVE @ RICHMOND RD,359630.0351,5023737.407,-75.80023998,45.35143875,2014-08-23,13:45,01 - Clear,01 - Dry,01 - Traffic signal,02 - Intersection related,01 - Daylight,02 - Non-fatal injury,03 - Rear end,Whitehaven - Queensway Terrace North
1339,VANIER PKWY NB btwn RIVERSIDE DR & HWY417 IC117 RAMP26,370812.8583,5031206.158,-75.65653629,45.41767643,2014-08-09,13:41,01 - Clear,01 - Dry,10 - No control,07 - Overpass or bridge,01 - Daylight,02 - Non-fatal injury,03 - Rear end,Industrial Park
1340,PINECREST RD @ THORSON AVE,360751.148,5022779.551,-75.78604141,45.34273144,2014-07-31,2:09,01 - Clear,01 - Dry,02 - Stop sign,03 - At intersection,07 - Dark,02 - Non-fatal injury,07 - SMV other,Iris
1341,DUMAURIER AVE @ RICHMOND RD,359628.1393,5023736.459,-75.80026428,45.35143037,2014-08-06,16:06,01 - Clear,01 - Dry,01 - Traffic signal,03 - At intersection,01 - Daylight,02 - Non-fatal injury,02 - Angle,Whitehaven - Queensway Terrace North
1342,PRINCE OF WALES DR btwn NESBITT PL & MELFA CRES,367391.8157,5025529.986,-75.70096351,45.36691819,2014-08-21,17:22,02 - Rain,02 - Wet,10 - No control,01 - Non intersection,01 - Daylight,02 - Non-fatal injury,07 - SMV other,Carleton Heights - Rideauview
1343,CASTLEFRANK RD @ KATIMAVIK RD,351951.8747,5018943.516,-75.8986821,45.30886063,2014-07-10,6:49,01 - Clear,01 - Dry,01 - Traffic signal,03 - At intersection,01 - Daylight,02 - Non-fatal injury,02 - Angle,Katimavik - Hazeldean
1344,FLEWELLYN RD btwn CONLEY RD & NO NAME,348666.0043,5008327.77,-75.94152136,45.21354899,2014-08-10,1:40,01 - Clear,01 - Dry,10 - No control,01 - Non intersection,07 - Dark,02 - Non-fatal injury,07 - SMV other,Stittsville - Basswood
1345,TENTH LINE RD btwn OLD TENTH LINE RD & TOMPKINS AVE,383180.6124,5037991.152,-75.49745171,45.47744584,2014-08-10,17:24,01 - Clear,01 - Dry,10 - No control,01 - Non intersection,01 - Daylight,02 - Non-fatal injury,03 - Rear end,Queenswood Heights
1346,POTTER DR btwn WATTERSON ST & DOCTOR LEACH DR,368783.6098,5009094.28,-75.68531812,45.21890651,2014-08-01,16:43,01 - Clear,01 - Dry,10 - No control,01 - Non intersection,01 - Daylight,02 - Non-fatal injury,04 - Sideswipe,Manotick
1347,BALINROAN CRES btwn AKITA WALK & GARRITY CRES,365004.035,5014407.96,-75.73279442,45.26705231,2014-04-19,17:53,01 - Clear,01 - Dry,10 - No control,04 - At/near private drive,01 - Daylight,03 - P.D. only,07 - SMV other,New Barrhaven
1348,RICHMOND RD @ FRASER AVE,362490.1989,5027692.304,-75.76327868,45.38679506,2014-08-10,10:41,01 - Clear,01 - Dry,01 - Traffic signal,02 - Intersection related,01 - Daylight,02 - Non-fatal injury,03 - Rear end,Carlingwood - McKellar Park - Laurentien View
1349,CARLING AVE @ RICHARDSON SIDE RD,351835.8456,5022269.821,-75.89984576,45.33879923,2014-08-28,10:29,01 - Clear,01 - Dry,02 - Stop sign,02 - Intersection related,01 - Daylight,02 - Non-fatal injury,03 - Rear end,South March
1350,COLUMBUS AVE @ NORTH RIVER RD,369996.2943,5032146.531,-75.66684418,45.4262141,2014-07-17,16:58,01 - Clear,01 - Dry,02 - Stop sign,03 - At intersection,01 - Daylight,02 - Non-fatal injury,07 - SMV other,Overbrook
1351,STONECREST RD btwn GALETTA SIDE RD & KILMAURS SIDE RD,331878.8721,5036665.446,-76.15368998,45.46939128,2014-08-28,5:40,01 - Clear,01 - Dry,10 - No control,01 - Non intersection,03 - Dawn,02 - Non-fatal injury,07 - SMV other,Dirleton
1352,FITZGERALD RD @ ROBERTSON RD,356790.0495,5020291.194,-75.83684441,45.32064571,2014-07-15,9:50,02 - Rain,02 - Wet,01 - Traffic signal,03 - At intersection,01 - Daylight,02 - Non-fatal injury,07 - SMV other,Bells Corners West
1353,NICHOLAS ST/NICHOLAS ST SB @ SB RAMP FROM WALL,368320.6886,5031896.286,-75.68828715,45.42411666,2014-08-29,13:00,01 - Clear,01 - Dry,01 - Traffic signal,02 - Intersection related,01 - Daylight,02 - Non-fatal injury,03 - Rear end,Sandy Hill
1354,BANK ST @ CHAMBERLAIN AVE N/ISABELLA ST,368082.2382,5030164.666,-75.6915563,45.40855773,2014-08-10,21:41,01 - Clear,01 - Dry,01 - Traffic signal,02 - Intersection related,07 - Dark,02 - Non-fatal injury,03 - Rear end,The Glebe
1355,TERMINAL AVE btwn RAILMARKET PRIV & TRAINYARDS DR,371801.2582,5030840.569,-75.64395836,45.41429307,2014-07-21,12:08,01 - Clear,01 - Dry,10 - No control,04 - At/near private drive,01 - Daylight,02 - Non-fatal injury,03 - Rear end,Industrial Park
1356,MONTREAL RD @ SHEFFORD RD,376125.2566,5034853.575,-75.58813831,45.44997233,2014-08-28,9:52,01 - Clear,01 - Dry,01 - Traffic signal,02 - Intersection related,01 - Daylight,02 - Non-fatal injury,03 - Rear end,Beacon Hill South - Cardinal Heights
1357,CHAMPLAIN ST btwn JEANNE D'ARC BLVD N & OR174 IC102 RAMP61,381390.6452,5038697.058,-75.52023327,45.48399562,2014-08-19,16:37,01 - Clear,01 - Dry,10 - No control,01 - Non intersection,01 - Daylight,02 - Non-fatal injury,07 - SMV other,Orleans South West
1358,GLENORA AVE @ HAZEL ST,369093.1844,5030144.56,-75.6786452,45.40828468,2014-08-19,17:52,01 - Clear,01 - Dry,02 - Stop sign,03 - At intersection,01 - Daylight,02 - Non-fatal injury,07 - SMV other,Old Ottawa East
1359,EAGLESON RD btwn PERTH ST & BARNSDALE RD,358021.7916,5007395.179,-75.82251571,45.20451276,2014-08-21,15:33,02 - Rain,02 - Wet,10 - No control,04 - At/near private drive,01 - Daylight,02 - Non-fatal injury,03 - Rear end,Munster Hamlet - Richmond
1360,ALESTHER ST @ QUEEN MARY ST,372122.148,5032152.584,-75.6396797,45.42606719,2014-08-31,22:04,01 - Clear,01 - Dry,02 - Stop sign,03 - At intersection,07 - Dark,02 - Non-fatal injury,02 - Angle,Overbrook
1361,LEITRIM RD @ ALBION RD,373498.059,5020421.157,-75.62373049,45.32037896,2014-08-12,7:15,01 - Clear,01 - Dry,01 - Traffic signal,02 - Intersection related,01 - Daylight,02 - Non-fatal injury,03 - Rear end,Greenbelt
1362,MONTREAL RD @ NORTH RIVER RD,369739.2348,5032886.637,-75.67003125,45.43289719,2014-08-05,15:04,01 - Clear,01 - Dry,01 - Traffic signal,02 - Intersection related,01 - Daylight,02 - Non-fatal injury,03 - Rear end,Vanier South
1363,BASELINE RD/HERON RD @ PRINCE OF WALES DR,366874.1804,5026439.48,-75.70745663,45.37514764,2014-05-27,18:00,01 - Clear,01 - Dry,01 - Traffic signal,02 - Intersection related,01 - Daylight,02 - Non-fatal injury,03 - Rear end,Civic Hospital - Experimental Farm - Central Park
1364,FURNESS WAY @ VERSILIA DR,367084.4849,5016332.675,-75.7060434,45.28418959,2014-08-14,18:30,02 - Rain,02 - Wet,02 - Stop sign,03 - At intersection,01 - Daylight,02 - Non-fatal injury,02 - Angle,Chapman Mills - Rideau Crest - Davidson Heights
1365,CASTLEFRANK RD @ HAZELDEAN RD,352679.2999,5017675.821,-75.88952837,45.2974044,2014-08-28,10:30,01 - Clear,01 - Dry,01 - Traffic signal,03 - At intersection,01 - Daylight,02 - Non-fatal injury,02 - Angle,Glen Cairn - Kanata South Business Park
1366,GOLF CLUB WAY btwn DWYER HILL RD & NO NAME,341642.8086,5006955.918,-76.03103511,45.20160647,2014-08-19,20:01,01 - Clear,01 - Dry,10 - No control,01 - Non intersection,01 - Daylight,02 - Non-fatal injury,07 - SMV other,Munster Hamlet - Richmond
1367,RUSSELL RD S @ ST. LAURENT BLVD,373568.7475,5029260.976,-75.62159899,45.39990918,2014-08-25,7:53,01 - Clear,01 - Dry,01 - Traffic signal,03 - At intersection,01 - Daylight,02 - Non-fatal injury,05 - Turning movement,Hawthorne Meadows - Sheffield Glen
1368,VICTORIA ST btwn DOW ST & BOWEN ST,385314.5001,5011082.398,-75.47454457,45.23509926,2014-08-29,14:45,01 - Clear,01 - Dry,10 - No control,04 - At/near private drive,01 - Daylight,02 - Non-fatal injury,02 - Angle,Metcalfe
1369,CONROY RD @ HUNT CLUB RD,373763.233,5025405.283,-75.61965369,45.36519824,2014-08-05,15:00,01 - Clear,01 - Dry,01 - Traffic signal,02 - Intersection related,01 - Daylight,02 - Non-fatal injury,03 - Rear end,Greenboro East
1370,INNES RD @ STAR TOP RD/WINDMILL LANE,374149.1476,5030666.561,-75.61398858,45.41249869,2014-08-30,9:30,01 - Clear,01 - Dry,01 - Traffic signal,03 - At intersection,01 - Daylight,02 - Non-fatal injury,02 - Angle,Industrial Park
1371,BARNSDALE RD btwn TRAIL RD & CEDARVIEW RD,363965.4866,5009998.527,-75.74655266,45.22746412,2014-07-23,8:55,01 - Clear,01 - Dry,10 - No control,01 - Non intersection,01 - Daylight,02 - Non-fatal injury,07 - SMV other,New Barrhaven
1372,MCARTHUR AVE @ VANIER PKWY,370221.0747,5032688.69,-75.66389996,45.43107124,2014-07-26,15:00,01 - Clear,01 - Dry,01 - Traffic signal,02 - Intersection related,01 - Daylight,02 - Non-fatal injury,03 - Rear end,Vanier South
1373,ST. LAURENT BLVD @ TAWNEY RD,373575.2558,5028847.597,-75.6215735,45.39618915,2014-08-11,19:19,01 - Clear,01 - Dry,02 - Stop sign,02 - Intersection related,01 - Daylight,02 - Non-fatal injury,03 - Rear end,Elmvale - Eastway - Riverview - Riverview Park West
1374,HUNT CLUB RD/AIRPORT PKWY/HUNT CLUB RD RAMP 53,370950.7555,5023665.084,-75.65578509,45.34981154,2014-08-22,18:05,01 - Clear,01 - Dry,02 - Stop sign,02 - Intersection related,01 - Daylight,02 - Non-fatal injury,02 - Angle,Hunt Club East - Western Community
1375,ALTA VISTA DR @ KILBORN AVE,370364.3013,5027749.643,-75.66272654,45.38661818,2014-08-20,10:07,01 - Clear,01 - Dry,01 - Traffic signal,03 - At intersection,01 - Daylight,02 - Non-fatal injury,05 - Turning movement,Alta Vista
1376,WOODROFFE AVE btwn VAAN DR & PINELAND AVE,364030.7872,5020437.564,-75.74447574,45.32138918,2014-08-23,14:02,01 - Clear,01 - Dry,10 - No control,01 - Non intersection,01 - Daylight,02 - Non-fatal injury,04 - Sideswipe,Greenbelt
1377,ELGIN ST @ ISABELLA ST,368614.2383,5030489.573,-75.68471852,45.41143283,2014-08-23,20:38,01 - Clear,01 - Dry,02 - Stop sign,03 - At intersection,05 - Dusk,02 - Non-fatal injury,07 - SMV other,The Glebe
1378,PRINCE OF WALES DR btwn GREEN VALLEY CRES & RIDEAUVIEW TER,367001.8266,5026722.261,-75.70579142,45.37768072,2014-08-20,16:38,01 - Clear,01 - Dry,10 - No control,01 - Non intersection,01 - Daylight,02 - Non-fatal injury,03 - Rear end,Civic Hospital - Experimental Farm - Central Park
1379,EAGLESON RD btwn FLEWELLYN RD & FAULKNER TR,355441.1011,5013959.274,-75.8546962,45.26376849,2014-09-02,16:29,02 - Rain,02 - Wet,10 - No control,01 - Non intersection,01 - Daylight,02 - Non-fatal injury,03 - Rear end,Stittsville - Basswood
1380,ST. JOSEPH BLVD btwn DUSSERE ST & ST. JEAN ST,380930.7269,5037174.363,-75.52635179,45.47034599,2014-08-23,14:16,01 - Clear,01 - Dry,10 - No control,04 - At/near private drive,01 - Daylight,02 - Non-fatal injury,03 - Rear end,Orleans Village - Chateauneuf
1381,NICHOLAS ST btwn DALY AVE & SB RAMP FROM WALLER/NICHOLAS/MACKENZIE KIN,368238.6015,5032032.356,-75.68931849,45.42534842,2014-08-24,15:27,01 - Clear,01 - Dry,10 - No control,01 - Non intersection,01 - Daylight,02 - Non-fatal injury,03 - Rear end,Byward Market - Parliament Hill
1382,ST. LAURENT BLVD btwn BOURASSA ST & SMYTH RD,373250.4761,5029659.433,-75.62560857,45.4035255,2014-06-12,8:51,01 - Clear,01 - Dry,10 - No control,01 - Non intersection,01 - Daylight,02 - Non-fatal injury,03 - Rear end,Industrial Park
1383,CEDARWOOD DR @ WALKLEY RD,371197.0983,5026455.524,-75.65226671,45.37489571,2014-08-20,16:02,01 - Clear,01 - Dry,01 - Traffic signal,02 - Intersection related,01 - Daylight,02 - Non-fatal injury,03 - Rear end,Ledbury - Heron Gate - Ridgemont - Elmwood
1384,EAGLESON RD @ 146 N OF ABBEYHILL DR/HAZELDEAN ,353772.8176,5018170.159,-75.87553777,45.30177719,2014-08-23,17:29,01 - Clear,01 - Dry,01 - Traffic signal,03 - At intersection,01 - Daylight,02 - Non-fatal injury,05 - Turning movement,Glen Cairn - Kanata South Business Park
1385,BANK ST @ WALKLEY RD,370337.345,5025949.002,-75.66330974,45.37041913,2014-09-02,19:08,02 - Rain,02 - Wet,01 - Traffic signal,02 - Intersection related,05 - Dusk,02 - Non-fatal injury,02 - Angle,Ledbury - Heron Gate - Ridgemont - Elmwood
1386,WELLINGTON ST btwn LYON ST N & KENT ST,367035.271,5031489.673,-75.70476289,45.42057362,2014-06-29,15:21,01 - Clear,01 - Dry,10 - No control,01 - Non intersection,01 - Daylight,02 - Non-fatal injury,05 - Turning movement,Downtown
1387,BASELINE RD @ CLYDE AVE,364358.2294,5024890.513,-75.73976332,45.36142864,2014-08-24,9:50,01 - Clear,01 - Dry,01 - Traffic signal,02 - Intersection related,01 - Daylight,02 - Non-fatal injury,03 - Rear end,Civic Hospital - Experimental Farm - Central Park
1388,MAIN ST @ RIVERDALE AVE,369431.2672,5029533.442,-75.6744067,45.40275492,2014-08-30,19:55,01 - Clear,01 - Dry,01 - Traffic signal,03 - At intersection,05 - Dusk,02 - Non-fatal injury,05 - Turning movement,Old Ottawa East
1389,WOODROFFE AVE @ HWY 417 WOODROFF IC127R26/HWY4,362083.0706,5024939.34,-75.76879672,45.36205758,2014-08-26,14:25,01 - Clear,01 - Dry,01 - Traffic signal,02 - Intersection related,01 - Daylight,02 - Non-fatal injury,03 - Rear end,Carlingwood West - Glabar Park - McKellar Heights
1390,LEES AVE / GRAHAM AVE @ MAIN ST,369001.1144,5030560.333,-75.67976714,45.41203412,2014-09-03,7:45,01 - Clear,01 - Dry,01 - Traffic signal,03 - At intersection,01 - Daylight,02 - Non-fatal injury,02 - Angle,Old Ottawa East
1391,RICHMOND RD btwn CARLING AVE & POULIN AVE,360252.788,5024807.105,-75.79217281,45.3610149,2014-09-02,11:07,01 - Clear,01 - Dry,10 - No control,01 - Non intersection,01 - Daylight,02 - Non-fatal injury,04 - Sideswipe,Woodroffe - Lincoln Heights
1392,HUNT CLUB RD @ RIVERSIDE DR,368036.2291,5021945.499,-75.69319624,45.33460793,2014-08-27,16:18,01 - Clear,01 - Dry,01 - Traffic signal,02 - Intersection related,01 - Daylight,02 - Non-fatal injury,03 - Rear end,Hunt Club Woods - Quintarra - Revelstoke - Riverside South P
1393,CARLING AVE @ PARKDALE AVE,365625.5061,5028172.87,-75.72318423,45.39085383,2014-08-26,16:22,01 - Clear,01 - Dry,01 - Traffic signal,02 - Intersection related,01 - Daylight,02 - Non-fatal injury,03 - Rear end,Civic Hospital - Experimental Farm - Central Park
1394,CARP RD @ HAZELDEAN RD,348802.2062,5014360.436,-75.93925366,45.26782493,2014-08-07,8:46,01 - Clear,01 - Dry,01 - Traffic signal,03 - At intersection,01 - Daylight,02 - Non-fatal injury,03 - Rear end,Stittsville
1395,HOLLY ACRES RD @ CARLING AVE,358235.1302,5023496.571,-75.81806698,45.34937938,2014-09-05,13:45,01 - Clear,01 - Dry,01 - Traffic signal,03 - At intersection,01 - Daylight,02 - Non-fatal injury,02 - Angle,Bayshore
1396,CEDARVIEW RD btwn WEST HUNT CLUB RD & LYTLE AVE,359845.8032,5019084.819,-75.79800385,45.30955774,2014-09-03,0:08,01 - Clear,02 - Wet,10 - No control,01 - Non intersection,07 - Dark,02 - Non-fatal injury,07 - SMV other,Greenbelt
1397,BANK ST @ LEITRIM RD,375359.176,5021619.497,-75.59982339,45.33097656,2014-08-13,7:47,02 - Rain,02 - Wet,01 - Traffic signal,03 - At intersection,01 - Daylight,02 - Non-fatal injury,05 - Turning movement,Greenbelt
1398,BASELINE RD @ GREENBANK RD,360598.1582,5022586.396,-75.78801526,45.34100562,2014-08-13,12:34,01 - Clear,01 - Dry,01 - Traffic signal,02 - Intersection related,01 - Daylight,02 - Non-fatal injury,03 - Rear end,Qualicum - Redwood Park
1399,UPPER DWYER HILL RD btwn OLD ALMONTE RD & HAMILTON SIDE RD,338013.9006,5009890.297,-76.07702973,45.22819222,2014-08-22,7:10,01 - Clear,01 - Dry,10 - No control,01 - Non intersection,01 - Daylight,02 - Non-fatal injury,07 - SMV other,Stittsville - Basswood
1400,WOODROFFE AVE SB btwn WEST HUNT CLUB RD & SPORTSPLEX N,363727.4186,5021106.889,-75.7482654,45.32743726,2014-08-25,15:34,01 - Clear,01 - Dry,10 - No control,01 - Non intersection,01 - Daylight,02 - Non-fatal injury,03 - Rear end,Greenbelt
1401,MADELEINE MEILLEUR PRIV @ VANIER PKWY,369654.8152,5033359.306,-75.67104781,45.43715791,2014-09-06,11:27,01 - Clear,02 - Wet,01 - Traffic signal,02 - Intersection related,01 - Daylight,02 - Non-fatal injury,03 - Rear end,Vanier North
1402,MONTREAL RD/HANNAH ST @ CODY AVE,370256.1995,5033170.215,-75.66338709,45.43540051,2014-09-05,8:06,01 - Clear,01 - Dry,01 - Traffic signal,03 - At intersection,01 - Daylight,02 - Non-fatal injury,05 - Turning movement,Vanier
1403,INNES RD btwn FRANK KENNY RD & O'TOOLE RD,388479.4806,5038007.15,-75.42968391,45.47697486,2014-08-16,13:52,02 - Rain,02 - Wet,10 - No control,01 - Non intersection,01 - Daylight,02 - Non-fatal injury,07 - SMV other,Cumberland - Estates
1404,STRANDHERD DR @ WOODROFFE AVE,366104.7322,5015397.045,-75.71864695,45.27585697,2014-09-11,15:07,01 - Clear,01 - Dry,01 - Traffic signal,02 - Intersection related,01 - Daylight,02 - Non-fatal injury,03 - Rear end,Chapman Mills - Rideau Crest - Davidson Heights
1405,ST. JOSEPH BLVD btwn R.C.M.P. COMPLEX & YOUVILLE DR,379066.6368,5036116.78,-75.5503484,45.46103136,2014-08-26,21:47,01 - Clear,01 - Dry,10 - No control,04 - At/near private drive,07 - Dark,02 - Non-fatal injury,03 - Rear end,Chapel Hill
1406,HAWTHORNE AVE/ISABELLA ST @ QUEEN ELIZABETH DR,368665.3695,5030477.203,-75.68406694,45.41131686,2014-08-16,23:25,01 - Clear,01 - Dry,01 - Traffic signal,03 - At intersection,07 - Dark,02 - Non-fatal injury,02 - Angle,The Glebe
1407,BLAIR RD @ INNES RD,375579.2088,5031438.607,-75.59560936,45.41930196,2014-08-25,16:53,01 - Clear,01 - Dry,01 - Traffic signal,02 - Intersection related,01 - Daylight,02 - Non-fatal injury,03 - Rear end,Greenbelt
1408,PRESTONE DR btwn RIVER RIDGE CRES & MOUNTAINSIDE CRES,382753.6152,5038292.451,-75.50286468,45.48020446,2014-09-01,1:32,01 - Clear,01 - Dry,10 - No control,01 - Non intersection,07 - Dark,02 - Non-fatal injury,07 - SMV other,Queenswood Heights
1409,OLD ALMONTE RD btwn HOWIE RD & BEAVERTAIL RD,340962.3225,5014132.89,-76.03917494,45.26622416,2014-11-05,10:39,01 - Clear,01 - Dry,10 - No control,01 - Non intersection,01 - Daylight,02 - Non-fatal injury,99 - Other,Stittsville - Basswood
1410,ALTA VISTA DR @ CUNNINGHAM AVE,370345.1968,5028016.597,-75.66293503,45.38902192,2014-08-17,13:41,01 - Clear,01 - Dry,02 - Stop sign,03 - At intersection,01 - Daylight,02 - Non-fatal injury,05 - Turning movement,Alta Vista
1411,CYRVILLE RD @ MEADOWBROOK RD,374631.1547,5031242.556,-75.60774954,45.41763326,2014-08-25,17:26,01 - Clear,01 - Dry,01 - Traffic signal,03 - At intersection,01 - Daylight,02 - Non-fatal injury,05 - Turning movement,Industrial Park
1412,KING EDWARD AVE btwn THOMAS MORE PRIV & MARIE CURIE PRIV,368854.9201,5031842.148,-75.68146809,45.42358083,2014-08-25,17:32,01 - Clear,01 - Dry,10 - No control,01 - Non intersection,01 - Daylight,02 - Non-fatal injury,03 - Rear end,Sandy Hill
1413,GREENBANK RD @ 207 S OF BELLMAN DR/GREENBANK S,361340.0493,5020827.48,-75.7787504,45.32511952,2014-09-14,13:26,01 - Clear,01 - Dry,01 - Traffic signal,03 - At intersection,01 - Daylight,02 - Non-fatal injury,05 - Turning movement,Nepean
1414,WENTWORTH AVE @ CARLING AVE,361329.2074,5025469.519,-75.77835816,45.36688929,2014-08-27,11:06,01 - Clear,01 - Dry,02 - Stop sign,03 - At intersection,01 - Daylight,02 - Non-fatal injury,03 - Rear end,Carlingwood West - Glabar Park - McKellar Heights
1415,ALBION RD/COLLISTON CRES E @ WALKLEY RD,371034.2036,5026352.638,-75.65436005,45.3739854,2014-08-22,15:01,01 - Clear,01 - Dry,01 - Traffic signal,03 - At intersection,01 - Daylight,02 - Non-fatal injury,05 - Turning movement,Ledbury - Heron Gate - Ridgemont - Elmwood
1416,BEECHWOOD AVE btwn LANGEVIN AVE & ST. CHARLES ST,369404.6863,5033777.403,-75.67418966,45.44094294,2014-09-18,0:46,02 - Rain,02 - Wet,10 - No control,01 - Non intersection,07 - Dark,02 - Non-fatal injury,07 - SMV other,Vanier North
1417,BURNSIDE AVE @ HINCHEY AVE,364938.2264,5030163.51,-75.73171812,45.40882453,2014-08-15,15:00,01 - Clear,01 - Dry,02 - Stop sign,03 - At intersection,01 - Daylight,02 - Non-fatal injury,02 - Angle,Mechanicsville
1418,ELGIN ST btwn SLATER ST & LAURIER AVE W (1),367948.236,5031586.543,-75.69308584,45.42136342,2014-08-15,16:42,01 - Clear,01 - Dry,10 - No control,01 - Non intersection,01 - Daylight,02 - Non-fatal injury,04 - Sideswipe,Downtown