Record,Location,X,Y,lon,lat,Date,Time,Environment,Road_Surface,Traffic_Control,Collision_Location,Light,Collision_Classification,Impact_type,Neighborhood
1419,SUSSEX DR btwn 151 W OF KING EDWARD AVE/L.B. PEARSON BUILDING & RAMP,367605.4012,5033370.88,-75.69723862,45.43744914,2014-08-19,16:41,01 - Clear,01 - Dry,10 - No control,04 - At/near private drive,01 - Daylight,02 - Non-fatal injury,05 - Turning movement,Byward Market - Parliament Hill
1420,MERIVALE RD @ SUMMERVILLE AVE,364874.2277,5026445.471,-75.73298832,45.37537587,2014-08-22,17:50,01 - Clear,01 - Dry,01 - Traffic signal,03 - At intersection,01 - Daylight,02 - Non-fatal injury,07 - SMV other,Carlington
1421,GRANT CARMAN DR @ MEADOWLANDS DR,365050.0448,5023901.451,-75.73105392,45.35247009,2014-09-24,7:20,01 - Clear,01 - Dry,01 - Traffic signal,02 - Intersection related,01 - Daylight,02 - Non-fatal injury,07 - SMV other,Cityview - Skyline - Fisher Heights
1422,HOG'S BACK RD btwn COLONEL BY DR & RIVERSIDE DR,367850.2044,5026049.682,-75.69504605,45.3715532,2014-09-02,14:43,01 - Clear,01 - Dry,10 - No control,01 - Non intersection,01 - Daylight,02 - Non-fatal injury,03 - Rear end,Riverside Park
1423,CARLING AVE @ PINECREST  RD/GREENVIEW AVE,360006.7451,5024632.632,-75.79533267,45.35946442,2014-09-25,8:51,01 - Clear,01 - Dry,01 - Traffic signal,03 - At intersection,01 - Daylight,02 - Non-fatal injury,07 - SMV other,Whitehaven - Queensway Terrace North
1424,LAURIER AVE @ WALLER ST/TRANSITWAY,368454.2729,5031858.469,-75.68658517,45.42376425,2014-05-14,8:56,01 - Clear,01 - Dry,01 - Traffic signal,02 - Intersection related,01 - Daylight,02 - Non-fatal injury,05 - Turning movement,Sandy Hill
1425,CHAPEL ST @ DALY AVE,368972.6716,5032504.152,-75.6798773,45.4295265,2014-05-07,15:30,01 - Clear,01 - Dry,02 - Stop sign,03 - At intersection,01 - Daylight,02 - Non-fatal injury,02 - Angle,Sandy Hill
1426,BRISTOL AVE @ SUNNYSIDE AVE,369242.5847,5028894.304,-75.67690016,45.39702157,2014-06-15,15:29,01 - Clear,01 - Dry,02 - Stop sign,03 - At intersection,01 - Daylight,02 - Non-fatal injury,02 - Angle,Old Ottawa South
1427,HIGHWAY 417 btwn HWY417 IC118 RAMP35 & HWY417 IC117 RAMP51,370438.2139,5031130.184,-75.66133283,45.41702809,2014-07-11,19:00,01 - Clear,01 - Dry,10 - No control,01 - Non intersection,01 - Daylight,02 - Non-fatal injury,07 - SMV other,Industrial Park
1428,HIGHWAY 417 btwn HWY417 IC118 RAMP35 & HWY417 IC117 RAMP51,370310.8837,5031114.386,-75.66296167,45.41689788,2014-03-24,17:30,01 - Clear,01 - Dry,10 - No control,01 - Non intersection,01 - Daylight,02 - Non-fatal injury,03 - Rear end,Old Ottawa East
1429,HIGHWAY 417 btwn HWY 417 ANDERSON IC104R61 & HWY 417 BOUNDARY IC96R16,383046.5091,5025417.33,-75.50116367,45.36433185,2014-07-12,8:10,01 - Clear,01 - Dry,10 - No control,01 - Non intersection,01 - Daylight,02 - Non-fatal injury,07 - SMV other,Greenbelt
1430,HIGHWAY 417 btwn HWY417 IC155 RAMP25 & RAMP,344392.521,5015362.379,-75.9953667,45.27710292,2014-07-17,7:15,01 - Clear,01 - Dry,10 - No control,01 - Non intersection,01 - Daylight,02 - Non-fatal injury,07 - SMV other,Stittsville - Basswood
1431,BYWARD MARKET @ GEORGE ST,368020.5129,5032211.594,-75.69208215,45.42698089,2014-09-27,22:13,01 - Clear,01 - Dry,10 - No control,03 - At intersection,07 - Dark,02 - Non-fatal injury,05 - Turning movement,Byward Market
1432,GREENBANK RD @ CANFIELD RD/CRAIG HENRY DR,361105.258,5021364.492,-75.78168419,45.32997042,2014-10-15,20:55,02 - Rain,02 - Wet,01 - Traffic signal,03 - At intersection,07 - Dark,02 - Non-fatal injury,07 - SMV other,Sheahan Estates - Trend Village - Arlington Woods
1433,ELGIN ST @ SLATER ST,367890.7077,5031646.093,-75.69381325,45.42190442,2014-05-14,14:52,01 - Clear,01 - Dry,01 - Traffic signal,03 - At intersection,01 - Daylight,02 - Non-fatal injury,07 - SMV other,Downtown
1434,ST. PATRICK ST btwn PARENT AVE & DALHOUSIE ST,367944.2066,5032631.424,-75.69300337,45.43076526,2014-06-19,8:23,01 - Clear,01 - Dry,10 - No control,01 - Non intersection,01 - Daylight,02 - Non-fatal injury,07 - SMV other,Byward Market
1435,DUNNING RD btwn GIROUX RD & COLONIAL RD,393613.4946,5034632.425,-75.36463871,45.44597925,2014-07-07,23:11,01 - Clear,01 - Dry,10 - No control,01 - Non intersection,07 - Dark,02 - Non-fatal injury,07 - SMV other,Navan - Vars
1436,POWELL AVE btwn BRONSON AVE & PERCY ST,367539.5084,5029567.343,-75.69856511,45.40323205,2014-10-01,15:45,01 - Clear,01 - Dry,10 - No control,04 - At/near private drive,01 - Daylight,02 - Non-fatal injury,07 - SMV other,The Glebe
1437,WEST HUNT CLUB RD @ ROYDON PL/SUNDERLAND ST,365973.7076,5022169.008,-75.71948094,45.33680187,2014-11-14,15:20,01 - Clear,01 - Dry,01 - Traffic signal,02 - Intersection related,01 - Daylight,02 - Non-fatal injury,03 - Rear end,Industrial Park
1438,HERON RD @ 155 W OF BANK ST/CANADIAN TIRE SC,369847.3499,5026830.549,-75.66944855,45.37839667,2014-09-25,11:02,01 - Clear,01 - Dry,01 - Traffic signal,02 - Intersection related,01 - Daylight,02 - Non-fatal injury,03 - Rear end,Alta Vista
1439,SLATER ST btwn O'CONNOR ST & METCALFE ST,367653.0307,5031499.314,-75.69686876,45.42060514,2014-09-25,11:10,01 - Clear,01 - Dry,10 - No control,01 - Non intersection,01 - Daylight,02 - Non-fatal injury,04 - Sideswipe,Downtown
1440,CLYDE AVE btwn MAITLAND AVE & BASELINE RD,364291.725,5025046.698,-75.74059334,45.36283962,2014-09-17,8:50,01 - Clear,01 - Dry,10 - No control,04 - At/near private drive,01 - Daylight,02 - Non-fatal injury,02 - Angle,Civic Hospital - Experimental Farm - Central Park
1441,LAURIER AVE   W btwn O'CONNOR ST & METCALFE ST,367714.7045,5031405.728,-75.69609272,45.41975754,2014-08-24,15:03,01 - Clear,01 - Dry,10 - No control,01 - Non intersection,01 - Daylight,02 - Non-fatal injury,07 - SMV other,Downtown
1442,HIGHWAY 416 btwn HWY416 IC72 RAMP62 & HWY416 IC72 RAMP24,359412.7792,5019734.389,-75.80345418,45.31543642,2014-11-02,8:40,01 - Clear,01 - Dry,10 - No control,01 - Non intersection,01 - Daylight,02 - Non-fatal injury,07 - SMV other,Greenbelt
1443,HIGHWAY 417 btwn HWY417 IC118 RAMP35 & HWY417 IC117 RAMP51,370189.4747,5031100.797,-75.66451456,45.41678697,2014-11-02,18:50,01 - Clear,01 - Dry,10 - No control,01 - Non intersection,07 - Dark,02 - Non-fatal injury,03 - Rear end,Old Ottawa East
1444,ALERT RD/AIRPORT PKWY/UPLANDS DR RAMP 62 @ LES,371307.6717,5021352.336,-75.65154151,45.32896837,2014-05-27,15:14,01 - Clear,01 - Dry,01 - Traffic signal,03 - At intersection,01 - Daylight,02 - Non-fatal injury,07 - SMV other,Greenbelt
1445,GREENBANK RD btwn MALVERN DR & HIGHBURY PARK DR,363371.4454,5016056.12,-75.75340296,45.28202034,2014-05-27,16:00,01 - Clear,01 - Dry,10 - No control,01 - Non intersection,01 - Daylight,02 - Non-fatal injury,03 - Rear end,Barrhaven West - Old Barrhaven
1446,HIGHWAY 7 btwn HAZELDEAN IC RAMP 53 & HIGHWAY 7,341604.2454,5007750.878,-76.03146724,45.20876201,2014-06-27,15:15,01 - Clear,01 - Dry,10 - No control,01 - Non intersection,01 - Daylight,02 - Non-fatal injury,07 - SMV other,Munster Hamlet - Richmond
1447,HIGHWAY 416 btwn HWY416 IC49 RAMP34 & HWY416 IC49 RAMP43,369215.1543,5001006.159,-75.68086832,45.14609015,2014-03-30,7:40,03 - Snow,05 - Packed snow,10 - No control,01 - Non intersection,01 - Daylight,02 - Non-fatal injury,07 - SMV other,Kars - Osgoode
1448,RIDEAU VALLEY DR    N btwn RIDEAU NARROWS DR & PHELAN RD E,372360.3873,5006189.069,-75.64017514,45.19243184,2014-08-27,17:15,01 - Clear,01 - Dry,10 - No control,01 - Non intersection,01 - Daylight,02 - Non-fatal injury,07 - SMV other,Manotick
1449,HIGHWAY 7 btwn HWY417 IC145 RAMP55 & RAMP,346290.3367,5013322.978,-75.97134915,45.25864211,2014-11-03,9:35,01 - Clear,01 - Dry,10 - No control,01 - Non intersection,01 - Daylight,02 - Non-fatal injury,07 - SMV other,Stittsville - Basswood
1450,BRADWELL WAY btwn SPARTINA ST & KELLY FARM DR,374951.2856,5020114.059,-75.60523978,45.3174721,2014-09-25,11:59,01 - Clear,01 - Dry,10 - No control,04 - At/near private drive,01 - Daylight,02 - Non-fatal injury,07 - SMV other,Greenbelt
1451,CONROY RD @ QUEENSDALE AVE,374353.6675,5024043.029,-75.61230913,45.35288291,2014-05-29,17:39,01 - Clear,01 - Dry,02 - Stop sign,02 - Intersection related,01 - Daylight,02 - Non-fatal injury,03 - Rear end,Blossom Park - Blossom Park West - Sawmill Creek/ Timbermill
1452,FALLOWFIELD RD @ WOODROFFE AVE,365086.1139,5017901.744,-75.73132412,45.29848223,2014-06-02,18:07,01 - Clear,01 - Dry,01 - Traffic signal,02 - Intersection related,01 - Daylight,02 - Non-fatal injury,03 - Rear end,Greenbelt
1453,HIGHWAY 417 btwn HWY417 IC117 RAMP26 & HWY417 IC117 RAMP61,370838.2022,5031222.296,-75.65621034,45.41781924,2014-11-03,16:40,01 - Clear,01 - Dry,10 - No control,01 - Non intersection,05 - Dusk,02 - Non-fatal injury,03 - Rear end,Industrial Park
1454,HWY417 IC138 RAMP35 btwn HIGHWAY 417 & EAGLESON RD,352970.3636,5020148.7,-75.88557709,45.31963601,2014-11-04,12:20,01 - Clear,01 - Dry,10 - No control,01 - Non intersection,01 - Daylight,02 - Non-fatal injury,03 - Rear end,Katimavik - Hazeldean
1455,CARLING AVE @ MERIVALE RD,364896.6315,5027701.026,-75.73254946,45.3866712,2014-08-05,15:39,01 - Clear,01 - Dry,01 - Traffic signal,03 - At intersection,01 - Daylight,02 - Non-fatal injury,02 - Angle,Carlington
1456,BANK ST btwn ALTA VISTA DR & WALKLEY RD,370305.0809,5026040.747,-75.66370943,45.37124764,2014-05-23,9:22,01 - Clear,01 - Dry,10 - No control,01 - Non intersection,01 - Daylight,02 - Non-fatal injury,03 - Rear end,Ledbury - Heron Gate - Ridgemont - Elmwood
1457,FALLOWFIELD RD @ GREENBANK RD,363079.2539,5016732.455,-75.75704771,45.2881303,2014-08-17,21:28,01 - Clear,01 - Dry,01 - Traffic signal,03 - At intersection,07 - Dark,02 - Non-fatal injury,05 - Turning movement,Greenbelt
1458,HIGHWAY 416 btwn HWY416 IC57 RAMP24 & HWY416 IC49 RAMP42,368619.2617,5002810.488,-75.68821471,45.16237974,2014-07-21,0:01,01 - Clear,01 - Dry,10 - No control,01 - Non intersection,07 - Dark,02 - Non-fatal injury,07 - SMV other,Manotick - North Gower
1459,HWY417 IC145 RAMP55 btwn HIGHWAY 7 & HIGHWAY 417,346620.351,5015088.694,-75.96699576,45.27451121,2014-07-20,21:10,01 - Clear,01 - Dry,10 - No control,01 - Non intersection,07 - Dark,02 - Non-fatal injury,07 - SMV other,Stittsville - Basswood
1460,HIGHWAY 417 btwn HWY417 IC126 RAMP16 & HWY417 IC126 RAMP61,363167.7189,5025870.33,-75.75484265,45.37034505,2014-10-16,16:00,02 - Rain,02 - Wet,10 - No control,01 - Non intersection,01 - Daylight,02 - Non-fatal injury,03 - Rear end,Carlingwood West - Glabar Park - McKellar Heights
1461,HIGHWAY 417 btwn HWY417 IC127 RAMP35 & HWY417 IC127 RAMP25,362108.8568,5024813.921,-75.76848213,45.36092696,2014-11-04,18:00,02 - Rain,02 - Wet,10 - No control,01 - Non intersection,07 - Dark,02 - Non-fatal injury,03 - Rear end,Iris
1462,BASELINE RD btwn GREENBANK RD & PINECREST RD,360756.6195,5022679.335,-75.78598294,45.34182926,2014-08-26,10:43,01 - Clear,01 - Dry,10 - No control,01 - Non intersection,01 - Daylight,02 - Non-fatal injury,03 - Rear end,Iris
1463,SNAKE ISLAND RD btwn GREY'S CREEK RD & SCRIVENS DR,382565.1155,5009423.326,-75.5098154,45.22048074,2014-03-14,22:29,01 - Clear,02 - Wet,10 - No control,04 - At/near private drive,07 - Dark,02 - Non-fatal injury,03 - Rear end,Metcalfe
1464,RUSSELL RD btwn RAMSAYVILLE RD & TREADWELL RD,377828.8458,5026810.099,-75.56755336,45.37742621,2014-04-27,13:01,01 - Clear,01 - Dry,10 - No control,01 - Non intersection,01 - Daylight,02 - Non-fatal injury,07 - SMV other,Greenbelt
1465,ASHWOOD CRES @ MEADOWLANDS DR,364686.7401,5023631.056,-75.73572296,45.35006823,2014-10-03,15:26,01 - Clear,01 - Dry,02 - Stop sign,03 - At intersection,01 - Daylight,02 - Non-fatal injury,05 - Turning movement,Crestview - Meadowlands
1466,HIGHWAY 417 btwn HWY417 IC140 RAMP61 & HWY417 IC139 RAMP61,351493.7494,5019073.397,-75.90451192,45.31005994,2014-03-15,0:14,01 - Clear,02 - Wet,10 - No control,01 - Non intersection,07 - Dark,02 - Non-fatal injury,99 - Other,Kanata
1467,RIDEAU ST btwn KING EDWARD AVE & NELSON ST,368632.6679,5032484.975,-75.68422456,45.42938507,2014-04-30,9:35,02 - Rain,02 - Wet,10 - No control,04 - At/near private drive,01 - Daylight,02 - Non-fatal injury,05 - Turning movement,Lowe
1468,CARLING AVE EB btwn KIRKWOOD AVE & HWY417 IC124 RAMP55,364360.3752,5027347.67,-75.73943963,45.38353757,2014-05-31,4:03,01 - Clear,01 - Dry,10 - No control,01 - Non intersection,07 - Dark,02 - Non-fatal injury,07 - SMV other,Carlington
1469,ELGIN ST @ NEPEAN ST,368031.6361,5031410.127,-75.6920429,45.41976855,2014-06-05,12:11,02 - Rain,02 - Wet,01 - Traffic signal,03 - At intersection,01 - Daylight,02 - Non-fatal injury,07 - SMV other,Centretown
1470,HIGHWAY 417 btwn HWY417 IC129 RAMP76 & HWY417 IC129 RAMP26,360360.8009,5023481.171,-75.7909432,45.34907563,2014-07-01,15:05,01 - Clear,01 - Dry,10 - No control,01 - Non intersection,01 - Daylight,02 - Non-fatal injury,04 - Sideswipe,Whitehaven - Queensway Terrace North
1471,HIGHWAY 417 btwn HWY417 IC118 RAMP35 & HWY417 IC117 RAMP51,370429.1975,5031133.196,-75.66144762,45.41705604,2014-03-01,2:25,01 - Clear,01 - Dry,10 - No control,01 - Non intersection,07 - Dark,02 - Non-fatal injury,03 - Rear end,Industrial Park
1472,HIGHWAY 417 btwn HWY417 IC124 RAMP76 & HWY417 IC124 RAMP67,364237.1179,5027285.966,-75.74102087,45.38299284,2014-03-31,9:48,01 - Clear,01 - Dry,10 - No control,01 - Non intersection,01 - Daylight,02 - Non-fatal injury,03 - Rear end,Westboro
1473,KINNEAR ST btwn REID AVE & FAIRMONT AVE,365771.092,5029049.552,-75.72121675,45.39872935,2014-09-12,16:35,01 - Clear,01 - Dry,10 - No control,04 - At/near private drive,01 - Daylight,02 - Non-fatal injury,07 - SMV other,Civic Hospital - Experimental Farm - Central Park
1474,HIGHWAY 417 btwn HWY417 IC119A RAMP75 & HWY417 IC118 RAMP57,368939.6307,5030692.758,-75.68053534,45.41323127,2014-07-26,1:20,01 - Clear,01 - Dry,10 - No control,01 - Non intersection,07 - Dark,02 - Non-fatal injury,04 - Sideswipe,Old Ottawa East
1475,HUNTMAR DR btwn PALLADIUM DR & MAPLE GROVE RD,349750.9621,5017282.024,-75.92689908,45.29405434,2014-09-17,23:10,02 - Rain,02 - Wet,10 - No control,01 - Non intersection,07 - Dark,02 - Non-fatal injury,03 - Rear end,Stittsville - Basswood
1476,DONALD ST btwn EVE ST & LOLA ST,370930.1788,5032340.028,-75.65488521,45.42786744,2014-04-13,12:42,01 - Clear,01 - Dry,10 - No control,01 - Non intersection,01 - Daylight,02 - Non-fatal injury,03 - Rear end,Overbrook
1477,RICHMOND RD btwn ATHLONE AVE & TWEEDSMUIR AVE,363492.0424,5028464.561,-75.75039408,45.39366047,2014-05-03,17:04,01 - Clear,01 - Dry,10 - No control,04 - At/near private drive,01 - Daylight,02 - Non-fatal injury,02 - Angle,Westboro
1478,BANK ST btwn TO BE DETERMINED & LEDBURY AVE,370554.2554,5025460.679,-75.66060582,45.36600504,2014-03-07,17:31,01 - Clear,01 - Dry,10 - No control,04 - At/near private drive,01 - Daylight,02 - Non-fatal injury,07 - SMV other,Ledbury - Heron Gate - Ridgemont - Elmwood
1479,PRINCE OF WALES DR @ WEST HUNT CLUB RD,367458.7103,5021890.058,-75.70057085,45.33416089,2014-05-22,15:24,01 - Clear,01 - Dry,01 - Traffic signal,02 - Intersection related,01 - Daylight,02 - Non-fatal injury,03 - Rear end,Industrial Park
1480,HWY417 IC104 RAMP16 btwn ANDERSON RD & HIGHWAY 417,380131.6025,5025978.564,-75.53828224,45.36970079,2014-07-04,20:22,01 - Clear,08 - Loose sand or gravel,10 - No control,01 - Non intersection,01 - Daylight,02 - Non-fatal injury,07 - SMV other,Greenbelt
1481,HIGHWAY 417 btwn HWY417 IC117 RAMP26 & HWY417 IC117 RAMP61,370841.0458,5031222.296,-75.65617401,45.41781898,2014-03-11,16:26,01 - Clear,01 - Dry,10 - No control,01 - Non intersection,01 - Daylight,02 - Non-fatal injury,03 - Rear end,Industrial Park
1482,HIGHWAY 7 btwn HAZELDEAN IC RAMP 53 & HIGHWAY 7,341714.3914,5007856.729,-76.03005724,45.20970876,2014-04-03,13:55,01 - Clear,01 - Dry,10 - No control,01 - Non intersection,01 - Daylight,02 - Non-fatal injury,07 - SMV other,Munster Hamlet - Richmond
1483,FROBISHER LANE W @ RIVERSIDE DR,370119.197,5029600.142,-75.66561125,45.40329121,2014-03-03,13:23,01 - Clear,01 - Dry,01 - Traffic signal,03 - At intersection,01 - Daylight,02 - Non-fatal injury,02 - Angle,Industrial Park
1484,KENT ST @ SOMERSET ST,367527.6651,5030816.047,-75.69855749,45.41446857,2014-06-07,16:11,01 - Clear,01 - Dry,01 - Traffic signal,03 - At intersection,01 - Daylight,02 - Non-fatal injury,07 - SMV other,Centretown
1485,HIGHWAY 417 btwn HWY417 IC140 RAMP36 & HWY417 IC140 RAMP16,350906.8954,5018584.416,-75.9120412,45.30569873,2014-03-01,6:51,03 - Snow,03 - Loose snow,10 - No control,01 - Non intersection,01 - Daylight,02 - Non-fatal injury,07 - SMV other,Kanata Lakes - Marchwood Lakeside - Morgan's Grant - Kanata
1486,HIGHWAY 417 btwn HWY417 IC140 RAMP25 & HWY417 IC139 RAMP15,351354.4072,5018895.08,-75.90630562,45.30846465,2014-03-12,18:50,03 - Snow,03 - Loose snow,10 - No control,01 - Non intersection,05 - Dusk,02 - Non-fatal injury,07 - SMV other,Katimavik - Hazeldean
1487,HIGHWAY 417 btwn HWY417 IC115 RAMP36 & HWY417 IC115 RAMP26,372385.8231,5031515.85,-75.6363979,45.42031273,2014-04-04,17:10,02 - Rain,02 - Wet,10 - No control,01 - Non intersection,01 - Daylight,02 - Non-fatal injury,03 - Rear end,Overbrook
1488,HINCHEY AVE @ SCOTT ST,365088.501,5029808.528,-75.7298419,45.40561756,2014-09-11,8:24,02 - Rain,02 - Wet,02 - Stop sign,03 - At intersection,01 - Daylight,02 - Non-fatal injury,02 - Angle,Mechanicsville
1489,CUMBERLAND ST @ MURRAY ST,368171.1708,5032679.585,-75.69009681,45.43117807,2014-10-13,22:14,01 - Clear,01 - Dry,01 - Traffic signal,02 - Intersection related,07 - Dark,02 - Non-fatal injury,02 - Angle,Byward Market
1490,HIGHWAY 417 @ HWY 417 NICHOLAS IC118R67,369740.5872,5031159.803,-75.67024164,45.41735969,2014-10-19,11:55,01 - Clear,01 - Dry,10 - No control,02 - Intersection related,01 - Daylight,02 - Non-fatal injury,99 - Other,Sandy Hill
1491,EAGLESON RD @ 146 N OF ABBEYHILL DR/HAZELDEAN ,353774.2554,5018171.573,-75.8755193,45.30178981,2014-05-07,18:22,01 - Clear,01 - Dry,01 - Traffic signal,03 - At intersection,01 - Daylight,02 - Non-fatal injury,05 - Turning movement,Greenbelt
1492,ALBION RD @ LESTER RD,372693.7793,5022332.014,-75.63372614,45.33765047,2014-06-18,10:45,01 - Clear,01 - Dry,01 - Traffic signal,03 - At intersection,01 - Daylight,02 - Non-fatal injury,03 - Rear end,Greenbelt
1493,HWY 417 MAITLAND IC126R26/62 @ MAITLAND AVE,363145.9412,5025983.933,-75.75510724,45.37136905,2014-06-01,13:39,01 - Clear,01 - Dry,01 - Traffic signal,02 - Intersection related,01 - Daylight,02 - Non-fatal injury,02 - Angle,Carlingwood West - Glabar Park - McKellar Heights
1494,HIGHWAY 417 btwn HIGHWAY 417 & HWY417 IC115 RAMP61,372625.6335,5031540.494,-75.63333059,45.42051125,2014-07-06,19:30,01 - Clear,01 - Dry,10 - No control,01 - Non intersection,01 - Daylight,02 - Non-fatal injury,03 - Rear end,Cummings
1495,HIGHWAY 417 btwn HWY417 IC96 RAMP61 & HWY417 IC88 RAMP16,395300.0716,5022487.756,-75.34530978,45.3365001,2014-07-13,3:17,01 - Clear,01 - Dry,10 - No control,01 - Non intersection,07 - Dark,02 - Non-fatal injury,07 - SMV other,Navan - Vars
1496,HIGHWAY 417 btwn HWY417 IC138 RAMP26 & HWY417 IC138 RAMP61,353195.0082,5020404.624,-75.88268686,45.32192341,2014-10-22,11:20,01 - Clear,01 - Dry,10 - No control,01 - Non intersection,01 - Daylight,02 - Non-fatal injury,03 - Rear end,Greenbelt
1497,DONALD ST @ ST. LAURENT BLVD,372092.749,5032472.103,-75.6400117,45.4289449,2014-06-06,13:33,01 - Clear,01 - Dry,01 - Traffic signal,02 - Intersection related,01 - Daylight,02 - Non-fatal injury,07 - SMV other,Overbrook
1498,MERIVALE RD @ COLDREY AVE/CRERAR AVE,364893.7399,5027391.099,-75.73262412,45.38388278,2014-12-11,16:53,01 - Clear,01 - Dry,01 - Traffic signal,03 - At intersection,05 - Dusk,02 - Non-fatal injury,05 - Turning movement,Carlington
1499,RENAUD RD @ RENAUD RD N,379763.7847,5032026.106,-75.54205831,45.42415202,2014-09-21,12:17,02 - Rain,02 - Wet,02 - Stop sign,02 - Intersection related,01 - Daylight,02 - Non-fatal injury,07 - SMV other,Greenbelt
1500,PROVENDER AVE btwn BURMA RD & ROTHBURY CRES,373180.9229,5034691.289,-75.62579836,45.44880645,2014-09-26,15:45,01 - Clear,01 - Dry,10 - No control,04 - At/near private drive,01 - Daylight,02 - Non-fatal injury,07 - SMV other,Gloucester
1501,WALKLEY RD btwn CONROY RD & 160 W OF CONROY RD,372888.3009,5027455.339,-75.63053866,45.38372935,2014-03-13,22:53,01 - Clear,01 - Dry,10 - No control,04 - At/near private drive,07 - Dark,02 - Non-fatal injury,02 - Angle,Elmvale - Eastway - Riverview - Riverview Park West
1502,CLIFFORD PRIV @ WELSH PRIV,373777.6708,5026287.046,-75.61934629,45.37313055,2014-06-01,19:12,01 - Clear,01 - Dry,02 - Stop sign,03 - At intersection,01 - Daylight,02 - Non-fatal injury,02 - Angle,Hunt Club
1503,OR174 IC105 RAMP63 btwn TRANSIT & REGIONAL ROAD 174,379575.1912,5037155.473,-75.54368838,45.47032248,2014-05-30,22:15,01 - Clear,01 - Dry,10 - No control,01 - Non intersection,07 - Dark,02 - Non-fatal injury,07 - SMV other,Orleans South West
1504,HIGHWAY 416 btwn HWY416 IC75A RAMP26 & HWY416 IC72 RAMP62,359243.8482,5020342.402,-75.80554178,45.32092048,2014-07-07,15:35,01 - Clear,01 - Dry,10 - No control,01 - Non intersection,01 - Daylight,02 - Non-fatal injury,07 - SMV other,Greenbelt
1505,HIGHWAY 416 btwn HWY416 IC57 RAMP34 & HWY416 IC57 RAMP43,364609.3908,5008215.145,-75.73856776,45.21136271,2014-07-25,15:30,01 - Clear,01 - Dry,10 - No control,01 - Non intersection,01 - Daylight,02 - Non-fatal injury,07 - SMV other,New Barrhaven
1506,LONGFIELDS DR @ WOODROFFE AVE,365419.2422,5017107.427,-75.72717405,45.29130635,2014-12-19,21:11,01 - Clear,01 - Dry,01 - Traffic signal,03 - At intersection,07 - Dark,02 - Non-fatal injury,05 - Turning movement,Greenbelt
1507,KING EDWARD AVE @ ST. PATRICK ST,368247.7374,5032824.071,-75.68909975,45.43247116,2014-03-25,16:55,01 - Clear,02 - Wet,01 - Traffic signal,02 - Intersection related,01 - Daylight,02 - Non-fatal injury,03 - Rear end,Byward Market
1508,ARLINGTON AVE @ BRONSON AVE,367221.7455,5029868.045,-75.70258575,45.40596609,2014-06-04,15:56,01 - Clear,01 - Dry,01 - Traffic signal,02 - Intersection related,01 - Daylight,02 - Non-fatal injury,03 - Rear end,Centretown West
1509,VANIER PKWY SB btwn BEECHWOOD AVE/ ST. PATRICK ST/CRICHTON ST & DESCHA,369222.2548,5033438.459,-75.67656572,45.43791009,2014-06-12,9:09,03 - Snow,02 - Wet,10 - No control,01 - Non intersection,01 - Daylight,02 - Non-fatal injury,03 - Rear end,Lindenlea - New Edinburgh
1510,HIGHWAY 417 btwn HWY417 IC142 RAMP35 & HWY417 IC142 RAMP25,349007.948,5017269.492,-75.93637277,45.29398872,2014-07-08,18:40,02 - Rain,02 - Wet,10 - No control,01 - Non intersection,01 - Daylight,02 - Non-fatal injury,07 - SMV other,Stittsville - Basswood
1511,HIGHWAY 416 btwn HWY416 IC66 RAMP62 & HWY416 IC66 RAMP52,360052.1507,5014817.811,-75.79584778,45.27114663,2014-07-12,17:05,01 - Clear,01 - Dry,10 - No control,01 - Non intersection,01 - Daylight,02 - Non-fatal injury,07 - SMV other,Munster Hamlet - Richmond
1512,ALTA VISTA DR @ SMYTH RD,370432.242,5029080.61,-75.66168197,45.39858738,2014-10-14,9:55,01 - Clear,01 - Dry,01 - Traffic signal,03 - At intersection,01 - Daylight,02 - Non-fatal injury,05 - Turning movement,Alta Vista
1513,HIGHWAY 417 btwn HWY417 IC138 RAMP26 & HWY417 IC138 RAMP61,353279.3683,5020453.913,-75.88160603,45.3223611,2014-10-25,15:16,02 - Rain,02 - Wet,10 - No control,01 - Non intersection,01 - Daylight,02 - Non-fatal injury,03 - Rear end,Greenbelt
1514,AIRPORT PKWY btwn RAMP & RAMP (4),371312.0085,5021661.494,-75.65144465,45.33174968,2014-05-10,12:01,01 - Clear,01 - Dry,10 - No control,01 - Non intersection,01 - Daylight,02 - Non-fatal injury,07 - SMV other,Hunt Club - Ottawa Airport
1515,APOLLO WAY E @ MERKLEY DR E,384177.6876,5037643.056,-75.4847566,45.47420137,2014-05-05,17:53,01 - Clear,01 - Dry,02 - Stop sign,03 - At intersection,01 - Daylight,02 - Non-fatal injury,07 - SMV other,Fallingbrook
1516,LEES AVE btwn TRANSIT & CHAPEL CRES (2),369677.5711,5030962.331,-75.67107272,45.41558876,2014-01-13,4:33,01 - Clear,02 - Wet,10 - No control,01 - Non intersection,07 - Dark,02 - Non-fatal injury,07 - SMV other,Old Ottawa East
1517,MERIVALE RD @ BASIL MACDONALD WAY/MERIVALE MAL,365096.3186,5023171.719,-75.73055237,45.34590009,2014-06-09,15:13,01 - Clear,01 - Dry,01 - Traffic signal,03 - At intersection,01 - Daylight,02 - Non-fatal injury,07 - SMV other,Crestview - Meadowlands
1518,HIGHWAY 417 btwn HWY417 IC127 RAMP63 & HWY417 IC127 RAMP67,362285.1601,5024979.798,-75.7662126,45.36240507,2014-07-09,17:10,01 - Clear,01 - Dry,10 - No control,01 - Non intersection,01 - Daylight,02 - Non-fatal injury,03 - Rear end,Carlingwood West - Glabar Park - McKellar Heights