Record,Location,X,Y,lon,lat,Date,Time,Environment,Road_Surface,Traffic_Control,Collision_Location,Light,Collision_Classification,Impact_type,Neighborhood
1519,HIGHWAY 417 btwn HWY417 IC117 RAMP36 & HWY417 IC117 RAMP26,370768.0717,5031198.43,-75.65710952,45.41761112,2014-07-09,21:35,01 - Clear,01 - Dry,10 - No control,01 - Non intersection,07 - Dark,02 - Non-fatal injury,07 - SMV other,Industrial Park
1520,HIGHWAY 417 btwn HWY417 IC134 RAMP51 & HWY417 IC134 RAMP35,356255.6615,5022145.42,-75.84346758,45.33736962,2014-03-22,8:53,03 - Snow,03 - Loose snow,10 - No control,01 - Non intersection,01 - Daylight,02 - Non-fatal injury,07 - SMV other,Greenbelt
1521,HIGHWAY 417 btwn HWY417 IC118 RAMP67 & HWY417 IC117 RAMP36,370301.6385,5031133.262,-75.66307727,45.41706859,2014-08-01,6:30,01 - Clear,01 - Dry,10 - No control,01 - Non intersection,01 - Daylight,02 - Non-fatal injury,07 - SMV other,Ol
1522,COLDREY AVE @ KIRKWOOD AVE,364438.6955,5027137.985,-75.73846494,45.3816442,2014-11-21,13:09,01 - Clear,01 - Dry,01 - Traffic signal,03 - At intersection,01 - Daylight,02 - Non-fatal injury,07 - SMV other,Carlington
1523,HERON RD @ BRIAR HILL DR/SANDALWOOD DR,371452.2539,5027012.538,-75.64893415,45.3798833,2014-09-26,18:24,01 - Clear,01 - Dry,01 - Traffic signal,03 - At intersection,01 - Daylight,02 - Non-fatal injury,02 - Angle,Ledbury - Heron Gate - Ridgemont - Elmwood
1524,VANIER PKWY NB btwn BEECHWOOD AVE/ ST. PATRICK ST/CRICHTON ST & DESCHA,369150.9295,5033472.194,-75.67747288,45.43822019,2014-01-25,21:00,03 - Snow,03 - Loose snow,10 - No control,01 - Non intersection,07 - Dark,02 - Non-fatal injury,99 - Other,Lindenlea - New Edinburgh
1525,RIVERSIDE DR btwn BAYPORT PRIV & MOONEY'S BAY PL,368351.8596,5025307.596,-75.68873758,45.36483079,2014-06-11,7:58,01 - Clear,01 - Dry,10 - No control,01 - Non intersection,01 - Daylight,02 - Non-fatal injury,03 - Rear end,Riverside Park
1526,HIGHWAY 417 btwn HWY417 IC124 RAMP76 & HWY417 IC124 RAMP67,364133.8004,5027152.317,-75.74235612,45.38179904,2014-07-08,15:30,01 - Clear,01 - Dry,10 - No control,01 - Non intersection,01 - Daylight,02 - Non-fatal injury,03 - Rear end,Westboro
1527,HIGHWAY 417 btwn HWY417 IC140 RAMP61 & HWY417 IC139 RAMP61,352035.7222,5019534.593,-75.89755653,45.31417364,2014-08-08,13:30,01 - Clear,01 - Dry,10 - No control,01 - Non intersection,01 - Daylight,02 - Non-fatal injury,07 - SMV other,Kanata
1528,MONTREAL RD @ CARSON'S RD/CODD'S RD,372769.7545,5034398.099,-75.63109475,45.44620858,2014-08-05,16:13,01 - Clear,01 - Dry,01 - Traffic signal,03 - At intersection,01 - Daylight,02 - Non-fatal injury,05 - Turning movement,Carson Grove - Carson Meadows
1529,BANKFIELD RD btwn KILREEN LANE & PRINCE OF WALES DR,366157.415,5008854.059,-75.71878299,45.21697861,2014-09-25,8:19,01 - Clear,01 - Dry,10 - No control,01 - Non intersection,01 - Daylight,02 - Non-fatal injury,03 - Rear end,Manotick
1530,BYRON AVE @ KIRKWOOD AVE,363867.6549,5028432.037,-75.74560112,45.39333624,2014-04-07,10:36,01 - Clear,01 - Dry,01 - Traffic signal,03 - At intersection,01 - Daylight,02 - Non-fatal injury,02 - Angle,Westboro
1531,PRINCE OF WALES DR btwn WINDING WAY & MERIVALE RD,367414.6849,5017081.416,-75.70174017,45.29089735,2014-06-17,17:56,01 - Clear,01 - Dry,10 - No control,01 - Non intersection,01 - Daylight,02 - Non-fatal injury,03 - Rear end,Greenbelt
1532,HIGHWAY 417 btwn HWY417 IC118 RAMP76 & HWY417 IC118 RAMP67,369446.3468,5031052.456,-75.67401489,45.41642107,2014-07-11,7:50,01 - Clear,01 - Dry,10 - No control,01 - Non intersection,01 - Daylight,02 - Non-fatal injury,03 - Rear end,Old Ottawa East
1533,REGIONAL ROAD 174 btwn HWY417 IC113 RAMP67 & Continuation of REGIONAL ,373515.0808,5031881.02,-75.62191916,45.42348834,2014-10-14,13:56,01 - Clear,01 - Dry,10 - No control,01 - Non intersection,01 - Daylight,02 - Non-fatal injury,03 - Rear end,Industrial Park
1534,HIGHWAY 417 btwn HWY417 IC117 RAMP35 & HWY417 IC117 RAMP25,371087.4913,5031321.822,-75.65301206,45.41869116,2014-10-12,2:45,01 - Clear,01 - Dry,10 - No control,01 - Non intersection,07 - Dark,02 - Non-fatal injury,03 - Rear end,Industrial Park
1535,INNES RD @ ORLEANS BLVD,380461.269,5034296.403,-75.53279772,45.44450337,2014-09-22,14:50,01 - Clear,01 - Dry,01 - Traffic signal,02 - Intersection related,01 - Daylight,02 - Non-fatal injury,03 - Rear end,Orleans Village - Chateauneuf
1536,MONTREAL RD @ OLMSTEAD ST,370331.7654,5033213.586,-75.66241559,45.43578367,2014-11-06,0:12,01 - Clear,01 - Dry,01 - Traffic signal,02 - Intersection related,07 - Dark,02 - Non-fatal injury,07 - SMV other,Vanier South
1537,ALBION RD @ LESTER RD,372694.7432,5022332.971,-75.63371371,45.33765899,2014-05-19,11:04,01 - Clear,01 - Dry,01 - Traffic signal,02 - Intersection related,01 - Daylight,02 - Non-fatal injury,03 - Rear end,Greenbelt
1538,BANK ST @ KILBORN AVE/BELANGER AVE,369653.246,5027425.652,-75.67184852,45.38376921,2014-11-06,21:30,01 - Clear,02 - Wet,01 - Traffic signal,03 - At intersection,07 - Dark,02 - Non-fatal injury,07 - SMV other,Alta Vista
1539,LONGFIELDS DR @ WOODROFFE AVE,365421.1699,5017107.42,-75.72714948,45.29130612,2014-09-28,9:52,01 - Clear,01 - Dry,01 - Traffic signal,03 - At intersection,01 - Daylight,02 - Non-fatal injury,05 - Turning movement,Greenbelt
1540,COLONIAL RD btwn MONSEIGNEUR DENIS CRT & LAFLEUR RD,395491.6461,5034322.397,-75.34069109,45.44294888,2014-11-20,16:26,03 - Snow,03 - Loose snow,10 - No control,01 - Non intersection,05 - Dusk,02 - Non-fatal injury,07 - SMV other,Cumberland - Estates
1541,FALLOWFIELD RD @ WOODROFFE AVE,365085.15,5017904.615,-75.73133606,45.29850815,2014-08-11,19:52,01 - Clear,01 - Dry,01 - Traffic signal,03 - At intersection,01 - Daylight,02 - Non-fatal injury,05 - Turning movement,New Barrhaven
1542,OTTAWA RIVER PKWY WB btwn TUNNEY'S PASTURE/REMIC RAPIDS ENT & PARKDALE,364339.2809,5030330.282,-75.73934898,45.41037632,2014-10-29,17:34,01 - Clear,01 - Dry,10 - No control,01 - Non intersection,07 - Dark,02 - Non-fatal injury,03 - Rear end,Island Park
1543,CARLISLE CIRC @ WESTLEIGH BLVD,342601.51,5008157.018,-76.01874128,45.21236391,2014-10-14,16:08,01 - Clear,01 - Dry,02 - Stop sign,02 - Intersection related,01 - Daylight,02 - Non-fatal injury,07 - SMV other,Munster Hamlet - Richmond
1544,JINKINSON RD btwn FERNBANK RD & HAZELDEAN RD,346920.8278,5012285.082,-75.96340403,45.24926521,2014-06-22,13:28,01 - Clear,01 - Dry,10 - No control,01 - Non intersection,01 - Daylight,02 - Non-fatal injury,07 - SMV other,Stittsville - Basswood
1545,RIVERSIDE DR RAMP 42A @ RIVERSIDE DR,368441.9004,5027267.008,-75.68733581,45.38245288,2014-11-08,18:15,02 - Rain,02 - Wet,03 - Yield sign,02 - Intersection related,07 - Dark,02 - Non-fatal injury,03 - Rear end,Alta Vista
1546,RIVERSIDE DR btwn KIMBERWICK CRES & KIMBERWICK CRES,368194.695,5022776.941,-75.69106813,45.34207477,2014-09-10,11:44,01 - Clear,01 - Dry,10 - No control,01 - Non intersection,01 - Daylight,02 - Non-fatal injury,03 - Rear end,Hunt Club Woods - Quintarra - Revelstoke - Riverside South P
1547,RICHMOND RD @ HOLLY ACRES RD/NANAIMO DR,359056.7439,5022748.978,-75.80766442,45.34258944,2014-10-04,10:44,02 - Rain,02 - Wet,01 - Traffic signal,02 - Intersection related,01 - Daylight,02 - Non-fatal injury,03 - Rear end,Greenbelt
1548,ROCKCLIFFE PKWY btwn Continuation of ROCKCLIFFE PKWY & GL/OT BOUNDARY,373057.2223,5035916.227,-75.62720959,45.45983987,2014-03-20,7:40,02 - Rain,04 - Slush,10 - No control,01 - Non intersection,01 - Daylight,02 - Non-fatal injury,01 - Approaching,Gloucester
1549,ST. LAURENT BLVD btwn HEMLOCK RD & MEADOW PARK PL,371156.3113,5034752.2,-75.65167047,45.44954964,2014-12-01,16:56,01 - Clear,01 - Dry,10 - No control,04 - At/near private drive,05 - Dusk,02 - Non-fatal injury,02 - Angle,Cemetery
1550,ST. JOSEPH BLVD @ DUFORD DR/PLACE D'ORLEANS DR,381996.2616,5037999.432,-75.51259688,45.47765228,2014-10-31,12:20,01 - Clear,01 - Dry,01 - Traffic signal,02 - Intersection related,01 - Daylight,02 - Non-fatal injury,03 - Rear end,Queenswood Heights
1551,WOODROFFE AVE btwn TURN LANE & NORICE ST,363172.4091,5022454.364,-75.75518611,45.33960813,2014-11-01,12:11,01 - Clear,01 - Dry,10 - No control,01 - Non intersection,01 - Daylight,02 - Non-fatal injury,03 - Rear end,Crestview - Meadowlands
1552,TERRY FOX DR @ EDGEWATER ST/WALTER BAKER PL,351777.9831,5017613.476,-75.90102563,45.29690424,2014-11-08,18:47,02 - Rain,02 - Wet,01 - Traffic signal,03 - At intersection,07 - Dark,02 - Non-fatal injury,02 - Angle,Katimavik - Hazeldean
1553,MARCH RD btwn OLD CARP RD & KLONDIKE RD,349106.769,5024239.503,-75.93448922,45.35670055,2014-09-22,20:59,01 - Clear,01 - Dry,10 - No control,04 - At/near private drive,07 - Dark,02 - Non-fatal injury,03 - Rear end,South March
1554,CATHERINE ST @ KENT ST,367909.1293,5030185.721,-75.69376489,45.4087628,2014-11-13,8:30,01 - Clear,01 - Dry,01 - Traffic signal,02 - Intersection related,01 - Daylight,02 - Non-fatal injury,03 - Rear end,Centretown
1555,HWY 417 INNES IC112R68 @ INNES RD,374642.2506,5030922.527,-75.60765314,45.4147527,2014-09-25,9:50,01 - Clear,01 - Dry,01 - Traffic signal,02 - Intersection related,01 - Daylight,02 - Non-fatal injury,03 - Rear end,Industrial Park
1556,RICHMOND RD @ ROBERTSON RD,357578.2658,5020751.073,-75.82674205,45.32472493,2014-10-22,14:55,01 - Clear,01 - Dry,01 - Traffic signal,02 - Intersection related,01 - Daylight,02 - Non-fatal injury,03 - Rear end,Bells Corners East
1557,HWY 417 TERRYFO IC140R61 @ TERRY FOX DR,350808.7017,5018707.867,-75.91328185,45.30681601,2014-11-27,18:57,01 - Clear,01 - Dry,01 - Traffic signal,03 - At intersection,07 - Dark,02 - Non-fatal injury,07 - SMV other,Kanata Lakes - Marchwood Lakeside - Morgan's Grant - Kanata
1558,BRONSON AVE btwn CLEMOW AVE & CARLING AVE,367440.1061,5029352.189,-75.69986208,45.40130506,2014-12-02,11:02,01 - Clear,01 - Dry,10 - No control,04 - At/near private drive,01 - Daylight,02 - Non-fatal injury,02 - Angle,The Glebe
1559,REGIONAL ROAD 174 EB btwn OR174 IC109 RAMP55 & TRANSIT,376495.7315,5035033.286,-75.58337636,45.45155135,2014-08-18,15:05,01 - Clear,01 - Dry,10 - No control,01 - Non intersection,01 - Daylight,02 - Non-fatal injury,03 - Rear end,Greenbelt
1560,REGIONAL ROAD 174 btwn QUIGLEY HILL RD & CAMERON ST,389367.8668,5042536.283,-75.41754236,45.51761568,2014-10-14,17:02,01 - Clear,01 - Dry,10 - No control,01 - Non intersection,01 - Daylight,02 - Non-fatal injury,07 - SMV other,Cumberland - Estates
1561,PARKDALE AVE @ HWY 417 PARKDAL IC122R15/HWY 41,365336.2243,5028843.659,-75.72679607,45.39691451,2014-10-14,19:22,01 - Clear,01 - Dry,01 - Traffic signal,03 - At intersection,07 - Dark,02 - Non-fatal injury,05 - Turning movement,Civic Hospital - Experimental Farm - Central Park
1562,INNES RD @ ORLEANS BLVD,380460.3212,5034295.455,-75.53280998,45.44449494,2014-12-01,21:10,01 - Clear,01 - Dry,01 - Traffic signal,02 - Intersection related,07 - Dark,02 - Non-fatal injury,03 - Rear end,Orleans Village - Chateauneuf
1563,HAWTHORNE RD @ LEITRIM RD,377037.8116,5022709.977,-75.57825134,45.3406174,2014-10-23,8:15,01 - Clear,01 - Dry,01 - Traffic signal,03 - At intersection,01 - Daylight,02 - Non-fatal injury,05 - Turning movement,Greenbelt
1564,BANTREE ST @ INNES RD,373706.6871,5030405.11,-75.61967737,45.41018999,2014-06-24,12:25,02 - Rain,02 - Wet,01 - Traffic signal,02 - Intersection related,01 - Daylight,02 - Non-fatal injury,03 - Rear end,Industrial Park
1565,CHURCHILL AVE   N btwn RICHMOND RD & DANFORTH AVE,363234.3446,5028274.024,-75.75370764,45.3919676,2014-11-21,16:22,01 - Clear,01 - Dry,10 - No control,01 - Non intersection,05 - Dusk,02 - Non-fatal injury,03 - Rear end,Westboro
1566,CARLING AVE @ CLYDE AVE/COLE AVE,363521.6407,5026851.017,-75.75020806,45.37913957,2014-12-05,14:15,01 - Clear,01 - Dry,01 - Traffic signal,03 - At intersection,01 - Daylight,02 - Non-fatal injury,05 - Turning movement,Carlingwood - McKellar Park - Laurentien View
1567,GLADSTONE AVE @ ROCHESTER ST,366662.698,5029787.091,-75.70973684,45.40528732,2014-12-05,14:41,01 - Clear,01 - Dry,01 - Traffic signal,03 - At intersection,01 - Daylight,02 - Non-fatal injury,07 - SMV other,Little Italy
1568,ISLAND PARK DR btwn BYRON AVE & IONA ST,364314.55,5028468.686,-75.73988956,45.39362816,2014-12-29,17:57,01 - Clear,01 - Dry,10 - No control,01 - Non intersection,07 - Dark,02 - Non-fatal injury,03 - Rear end,Island Park
1569,WALKLEY RD btwn BAYCREST DR & HEATHERINGTON RD,371593.3607,5026696.001,-75.64717541,45.37702178,2014-10-14,20:40,01 - Clear,01 - Dry,10 - No control,01 - Non intersection,07 - Dark,02 - Non-fatal injury,07 - SMV other,Ledbury - Heron Gate - Ridgemont - Elmwood
1570,CENTER ST @ MONTREAL RD,371821.2342,5033949.692,-75.64328005,45.44226562,2014-12-02,16:30,01 - Clear,01 - Dry,02 - Stop sign,02 - Intersection related,05 - Dusk,02 - Non-fatal injury,03 - Rear end,Cummings
1571,GLADSTONE AVE @ PRESTON ST,366489.2321,5029712.558,-75.71196189,45.404632,2014-09-11,21:26,01 - Clear,01 - Dry,01 - Traffic signal,03 - At intersection,07 - Dark,02 - Non-fatal injury,05 - Turning movement,Little Italy
1572,HUNT CLUB RD btwn PAUL ANKA DR & GIBFORD DR,369794.3129,5022907.917,-75.67064152,45.34310688,2014-09-16,14:03,01 - Clear,01 - Dry,10 - No control,01 - Non intersection,01 - Daylight,02 - Non-fatal injury,03 - Rear end,Hunt Club - Ottawa Airport
1573,WELLINGTON ST    W btwn JULIAN AVE & CAROLINE AVE,364700.8095,5029072.557,-75.73488343,45.39902874,2014-09-23,8:03,01 - Clear,01 - Dry,10 - No control,01 - Non intersection,01 - Daylight,02 - Non-fatal injury,04 - Sideswipe,Island Park
1574,JEANNE D'ARC BLVD @ ORLEANS BLVD S,380940.2706,5036251.527,-75.52637271,45.46204202,2014-10-09,16:55,02 - Rain,02 - Wet,01 - Traffic signal,02 - Intersection related,01 - Daylight,02 - Non-fatal injury,03 - Rear end,Orleans Village - Chateauneuf
1575,BANK ST btwn TURN LANE & SPRINGHILL RD,383767.5799,5009925.093,-75.49442715,45.22486162,2014-11-01,17:54,01 - Clear,01 - Dry,10 - No control,01 - Non intersection,07 - Dark,02 - Non-fatal injury,07 - SMV other,Metcalfe
1576,PLACE D'ORLEANS DR @ OR174 IC102 RAMP51/TRANSI,381393.0411,5038031.065,-75.52030649,45.47800332,2014-10-09,14:00,01 - Clear,01 - Dry,01 - Traffic signal,02 - Intersection related,01 - Daylight,02 - Non-fatal injury,03 - Rear end,Industrial Park
1577,ESSON ST @ HUNT CLUB RD,374639.7381,5025906.075,-75.60839528,45.36961736,2014-08-01,8:34,01 - Clear,01 - Dry,02 - Stop sign,02 - Intersection related,01 - Daylight,02 - Non-fatal injury,03 - Rear end,Hunt Club
1578,HINCHEY AVE @ ARMSTRONG ST,365236.7038,5029471.04,-75.72799021,45.40256814,2014-09-19,12:03,01 - Clear,01 - Dry,02 - Stop sign,03 - At intersection,01 - Daylight,02 - Non-fatal injury,02 - Angle,Hintonburg
1579,CARLING AVE @ CARLINGWOOD SC,362071.5903,5025917.133,-75.76882991,45.37085661,2014-11-13,16:57,01 - Clear,01 - Dry,01 - Traffic signal,03 - At intersection,07 - Dark,02 - Non-fatal injury,05 - Turning movement,Carlingwood West - Glabar Park - McKellar Heights
1580,ROGER STEVENS DR btwn SECOND LINE RD S & DORACK DR,370394.8172,5001781.123,-75.66576706,45.15295473,2014-09-20,12:40,01 - Clear,01 - Dry,10 - No control,01 - Non intersection,01 - Daylight,02 - Non-fatal injury,05 - Turning movement,Kars - Osgoode
1581,CARLING AVE @ MOODIE DR/JAMES CUMMINGS AVE W,356001.6549,5023935.101,-75.84652303,45.35349192,2014-10-31,6:44,01 - Clear,01 - Dry,01 - Traffic signal,03 - At intersection,03 - Dawn,02 - Non-fatal injury,05 - Turning movement,Greenbelt
1582,ST. JOSEPH BLVD @ ST. PIERRE ST,381374.7942,5037515.067,-75.52062028,45.47336281,2014-11-19,19:58,01 - Clear,02 - Wet,02 - Stop sign,02 - Intersection related,07 - Dark,02 - Non-fatal injury,07 - SMV other,Industrial Park
1583,BANK ST btwn TURN LANE & SPRINGHILL RD,384395.8185,5008194.516,-75.48670503,45.20922009,2014-11-18,7:27,03 - Snow,06 - Ice,10 - No control,01 - Non intersection,01 - Daylight,02 - Non-fatal injury,07 - SMV other,Metcalfe
1584,ROSEHILL AVE @ HUNTMAR DR,350498.4252,5016457.025,-75.91744581,45.28658254,2014-11-19,16:55,01 - Clear,02 - Wet,03 - Yield sign,02 - Intersection related,05 - Dusk,02 - Non-fatal injury,03 - Rear end,Stittsville
1585,AIRPORT PKWY btwn RAMP & RAMP (6),371217.6533,5021465.857,-75.65267454,45.32999833,2014-10-21,7:17,02 - Rain,02 - Wet,10 - No control,01 - Non intersection,01 - Daylight,02 - Non-fatal injury,05 - Turning movement,Hunt Club - Ottawa Airport
1586,BANK ST @ FLORA ST,367975.7546,5030417.041,-75.69288417,45.41083814,2014-11-22,15:47,04 - Freezing Rain,04 - Slush,01 - Traffic signal,02 - Intersection related,01 - Daylight,02 - Non-fatal injury,03 - Rear end,Centretown
1587,BROMLEY RD @ SHERBOURNE RD,362923.6157,5026580.126,-75.75787523,45.376752,2014-12-04,11:34,01 - Clear,02 - Wet,02 - Stop sign,03 - At intersection,01 - Daylight,02 - Non-fatal injury,07 - SMV other,Carlingwood - McKellar Park - Laurentien View
1588,BELFAST RD btwn ST. LAURENT BLVD & TRIOLE ST,372928.1825,5030605.64,-75.62959434,45.41207048,2014-07-18,13:50,01 - Clear,01 - Dry,10 - No control,04 - At/near private drive,01 - Daylight,02 - Non-fatal injury,05 - Turning movement,Industrial Park
1589,CEDARVIEW RD @ HWY 416 WESTHUNT IC72R24,359608.8361,5019745.201,-75.8009526,45.31551843,2014-11-14,16:05,01 - Clear,01 - Dry,02 - Stop sign,03 - At intersection,01 - Daylight,02 - Non-fatal injury,02 - Angle,Greenbelt
1590,INDUSTRIAL AVE/INNES RD @ ST. LAURENT BLVD,373097.3577,5030005.567,-75.62751635,45.40665482,2014-11-18,9:00,01 - Clear,01 - Dry,01 - Traffic signal,02 - Intersection related,01 - Daylight,02 - Non-fatal injury,03 - Rear end,Industrial Park
1591,LABELLE ST/RAMP @ LEMIEUX ST/HWY417 IC115 RAMP,372542.1943,5031687.621,-75.63437642,45.42184312,2014-09-12,13:13,01 - Clear,01 - Dry,02 - Stop sign,03 - At intersection,01 - Daylight,02 - Non-fatal injury,02 - Angle,Cummings
1592,STRANDHERD DR btwn RIOCAN AVE & MCGARRY TER,364259.4479,5015006.678,-75.74221048,45.27250292,2014-11-23,17:06,01 - Clear,02 - Wet,10 - No control,01 - Non intersection,07 - Dark,02 - Non-fatal injury,07 - SMV other,New Barrhaven
1593,GREENBANK RD btwn WEST HUNT CLUB RD & FALLOWFIELD RD,361572.1714,5020280.953,-75.77585224,45.32018313,2014-10-24,13:15,01 - Clear,01 - Dry,10 - No control,01 - Non intersection,01 - Daylight,02 - Non-fatal injury,03 - Rear end,Greenbelt
1594,MERIVALE RD btwn AMBERWOOD CRES & FALLOWFIELD RD,366448.6604,5019923.846,-75.71370112,45.31655865,2014-11-23,16:47,01 - Clear,01 - Dry,10 - No control,01 - Non intersection,05 - Dusk,02 - Non-fatal injury,07 - SMV other,Merivale Gardens - Grenfell Glen - Pineglen - Country Place
1595,MCCORDICK RD btwn POLLOCK RD & ROGER STEVENS DR,364314.9309,4998707.619,-75.74344961,45.12583728,2014-11-24,20:18,06 - Strong wind,01 - Dry,10 - No control,01 - Non intersection,07 - Dark,02 - Non-fatal injury,07 - SMV other,Munster Hamlet - Richmond
1596,RENAUD RD @ RENAUD RD S,379960.7958,5031599.032,-75.53960627,45.42028837,2014-10-04,10:00,02 - Rain,02 - Wet,10 - No control,02 - Intersection related,01 - Daylight,02 - Non-fatal injury,02 - Angle,Greenbelt
1597,MERIVALE RD btwn KIMWAY CRES & LOBLAWS SC,364766.6967,5024866.723,-75.73455275,45.36117976,2014-11-28,11:28,01 - Clear,01 - Dry,10 - No control,04 - At/near private drive,01 - Daylight,02 - Non-fatal injury,03 - Rear end,Cityview - Skyline - Fisher Heights
1598,SAUNDERSON DR @ SMYTH RD,372793.8498,5029322.603,-75.63148731,45.40053936,2014-09-12,15:39,01 - Clear,01 - Dry,01 - Traffic signal,03 - At intersection,01 - Daylight,02 - Non-fatal injury,05 - Turning movement,Elmvale - Eastway - Riverview - Riverview Park West
1599,CARP RD btwn RIVINGTON ST & MARCH RD,341746.638,5022179.774,-76.02858083,45.33859282,2014-08-09,10:41,01 - Clear,01 - Dry,10 - No control,04 - At/near private drive,01 - Daylight,02 - Non-fatal injury,03 - Rear end,Carp - Hardwood Plains
1600,MONTREAL RD @ BORTHWICK AVE,371941.7609,5034011.008,-75.64173119,45.44280575,2014-10-29,16:15,01 - Clear,01 - Dry,02 - Stop sign,03 - At intersection,01 - Daylight,02 - Non-fatal injury,05 - Turning movement,Cummings
1601,BOURASSA ST @ ST. LAURENT BLVD,373235.7681,5029692.111,-75.6257919,45.40382096,2014-11-24,7:41,02 - Rain,02 - Wet,01 - Traffic signal,03 - At intersection,01 - Daylight,02 - Non-fatal injury,05 - Turning movement,Industrial Park
1602,REGIONAL ROAD 174 btwn HIGHWAY 417 & HWY417 IC113 RAMP65,373887.0835,5031985.946,-75.61715135,45.42439577,2014-09-12,15:53,01 - Clear,01 - Dry,10 - No control,01 - Non intersection,01 - Daylight,02 - Non-fatal injury,07 - SMV other,Pineview
1603,GREENBANK RD @ STRANDHERD DR,363932.2621,5014784.417,-75.74640646,45.2705306,2014-11-03,8:22,01 - Clear,01 - Dry,01 - Traffic signal,03 - At intersection,01 - Daylight,02 - Non-fatal injury,05 - Turning movement,New Barrhaven
1604,SOUTHGATE RD btwn CLEARWATER CRES & CLEARWATER CRES,371070.8906,5024813.929,-75.6540981,45.36013714,2014-11-23,20:55,01 - Clear,01 - Dry,10 - No control,04 - At/near private drive,07 - Dark,02 - Non-fatal injury,07 - SMV other,South Keys - Heron Gate - Greenboro West
1605,HENDERSON AVE @ LAURIER AVE,368807.7063,5032076.102,-75.68204096,45.42569018,2014-11-28,13:20,01 - Clear,01 - Dry,02 - Stop sign,02 - Intersection related,01 - Daylight,02 - Non-fatal injury,07 - SMV other,Sandy Hill
1606,KILBORN AVE btwn PROSPECT AVE & FEATHERSTON DR,371165.5684,5027839.355,-75.6524832,45.38734991,2014-09-05,16:12,02 - Rain,02 - Wet,10 - No control,01 - Non intersection,01 - Daylight,02 - Non-fatal injury,07 - SMV other,Alta Vista
1607,ELLENDALE CRES @ LANARK AVE,363464.6448,5029088.033,-75.75066982,45.39927266,2014-11-28,13:22,01 - Clear,01 - Dry,02 - Stop sign,03 - At intersection,01 - Daylight,02 - Non-fatal injury,07 - SMV other,Westboro Beach
1608,CARLING AVE @ HOLLAND AVE,365416.2248,5028038.547,-75.72587327,45.38966337,2014-11-03,8:49,01 - Clear,01 - Dry,01 - Traffic signal,02 - Intersection related,01 - Daylight,02 - Non-fatal injury,03 - Rear end,Civic Hospital - Experimental Farm - Central Park
1609,BANK ST @ CECIL AVE,369944.2385,5026990.493,-75.66819046,45.37982679,2014-09-22,13:50,01 - Clear,01 - Dry,02 - Stop sign,03 - At intersection,01 - Daylight,02 - Non-fatal injury,02 - Angle,Alta Vista
1610,LAURIER AVE   W btwn METCALFE ST & ELGIN ST,367941.042,5031544.875,-75.6931831,45.42098915,2014-08-15,14:44,01 - Clear,01 - Dry,10 - No control,04 - At/near private drive,01 - Daylight,02 - Non-fatal injury,05 - Turning movement,Downtown
1611,PARKDALE AVE btwn ORRIN AVE & KENILWORTH ST,365437.7893,5028613.095,-75.72552728,45.39483116,2014-11-18,15:00,01 - Clear,01 - Dry,10 - No control,04 - At/near private drive,01 - Daylight,02 - Non-fatal injury,02 - Angle,Civic Hospital - Experimental Farm - Central Park
1612,MONTREAL RD @ VANIER PKWY,370070.8096,5033066.067,-75.66577016,45.43448076,2014-11-24,14:54,01 - Clear,01 - Dry,01 - Traffic signal,02 - Intersection related,01 - Daylight,02 - Non-fatal injury,99 - Other,Vanier
1613,ALTA VISTA DR @ ROGER RD,370407.141,5028876.652,-75.66202968,45.39675459,2014-10-08,8:17,02 - Rain,02 - Wet,02 - Stop sign,03 - At intersection,01 - Daylight,02 - Non-fatal injury,02 - Angle,Alta Vista
1614,PARKDALE AVE @ WELLINGTON ST,365151.1224,5029270.556,-75.72910785,45.40077161,2014-10-10,18:07,01 - Clear,01 - Dry,01 - Traffic signal,02 - Intersection related,01 - Daylight,02 - Non-fatal injury,03 - Rear end,Islan
1615,EARL MULLIGAN DR @ WOODROFFE AVE,365249.2794,5017505.512,-75.72929217,45.29490294,2014-10-04,20:56,01 - Clear,02 - Wet,01 - Traffic signal,03 - At intersection,07 - Dark,02 - Non-fatal injury,05 - Turning movement,Greenbelt
1616,BANK ST @ LEITRIM RD,375357.2803,5021617.601,-75.59984784,45.33095969,2014-12-01,23:10,01 - Clear,01 - Dry,01 - Traffic signal,03 - At intersection,07 - Dark,02 - Non-fatal injury,02 - Angle,Greenbelt
1617,PINECREST RD @ RICHMOND RD,360071.2487,5024470.565,-75.79452752,45.35800106,2014-09-10,22:25,01 - Clear,01 - Dry,01 - Traffic signal,03 - At intersection,07 - Dark,02 - Non-fatal injury,03 - Rear end,Whitehaven - Queensway Terrace North
1618,LABELLE ST/RAMP @ LEMIEUX ST/HWY417 IC115 RAMP,372543.1422,5031690.465,-75.63436392,45.42186861,2014-10-08,9:00,01 - Clear,02 - Wet,02 - Stop sign,03 - At intersection,01 - Daylight,02 - Non-fatal injury,02 - Angle,Cummings
1619,RICHMOND RD btwn STINSON AVE & STAFFORD RD,358049.0536,5021035.346,-75.82070637,45.32724729,2014-07-30,10:58,01 - Clear,01 - Dry,10 - No control,01 - Non intersection,01 - Daylight,02 - Non-fatal injury,03 - Rear end,Bells Corners East