Record,Location,X,Y,lon,lat,Date,Time,Environment,Road_Surface,Traffic_Control,Collision_Location,Light,Collision_Classification,Impact_type,Neighborhood
1620,HUNT CLUB RD @ LORRY GREENBERG DR/SABLE RIDGE ,372824.2126,5024807.505,-75.63172159,45.35991141,2014-12-01,17:59,01 - Clear,01 - Dry,01 - Traffic signal,03 - At intersection,07 - Dark,02 - Non-fatal injury,05 - Turning movement,Greenboro East
1621,DONALD ST @ VANIER PKWY,370309.3434,5032268.69,-75.66282785,45.42728399,2014-12-02,7:00,01 - Clear,01 - Dry,01 - Traffic signal,02 - Intersection related,03 - Dawn,02 - Non-fatal injury,03 - Rear end,Overbrook
1622,RICHMOND RD @ STONEHAVEN DR,356782.115,5015892.385,-75.83740682,45.28106517,2014-12-01,18:06,03 - Snow,02 - Wet,01 - Traffic signal,03 - At intersection,07 - Dark,02 - Non-fatal injury,05 - Turning movement,Bridlewood - Emerald Meadows
1623,BLAIR RD @ REGIONAL RD 174 S/OR174 IC112 RAMP15,374909.1881,5032661.796,-75.60399548,45.430375,2014-10-06,17:32,01 - Clear,01 - Dry,01 - Traffic signal,03 - At intersection,01 - Daylight,02 - Non-fatal injury,05 - Turning movement,Pineview
1624,CARLING AVE @ OTTAWA RIVER PKWY WB,360856.8698,5025170.282,-75.78442141,45.36423471,2014-10-07,18:11,01 - Clear,01 - Dry,03 - Yield sign,02 - Intersection related,01 - Daylight,02 - Non-fatal injury,03 - Rear end,Woodroffe - Lincoln Heights
1625,TERRY FOX DR @ 135 S OF HAZELDEAN RD/SOBEY'S S,352290.7917,5017138.629,-75.8945331,45.29259697,2014-11-22,18:11,02 - Rain,02 - Wet,01 - Traffic signal,02 - Intersection related,07 - Dark,02 - Non-fatal injury,03 - Rear end,Glen Cairn - Kanata South Business Park
1626,ELGIN ST btwn GLOUCESTER ST & NEPEAN ST (2),368033.4999,5031426.738,-75.69201695,45.41991784,2014-08-21,5:59,02 - Rain,02 - Wet,10 - No control,01 - Non intersection,03 - Dawn,02 - Non-fatal injury,07 - SMV other,Byward Market - Parliament Hill
1627,OLD MONTREAL RD btwn KING ARTHUR ST & QUIGLEY HILL RD,387547.7008,5041115.214,-75.441076,45.50504888,2014-10-07,23:36,01 - Clear,02 - Wet,10 - No control,01 - Non intersection,07 - Dark,02 - Non-fatal injury,07 - SMV other,Cumberland - Estates
1628,INNES RD @ EASTPARK DR E/RONDEL ST,378796.1667,5033313.617,-75.55422806,45.43583919,2014-12-02,8:49,01 - Clear,01 - Dry,02 - Stop sign,03 - At intersection,01 - Daylight,02 - Non-fatal injury,07 - SMV other,Blackburn Hamlet
1629,CAMPEAU DR @ TERON RD/COLCHESTER SQ,352563.2486,5020467.526,-75.89073888,45.32253269,2014-12-02,9:11,01 - Clear,01 - Dry,01 - Traffic signal,03 - At intersection,01 - Daylight,02 - Non-fatal injury,02 - Angle,Beaverbrook
1630,GREENBANK RD @ CANFIELD RD/CRAIG HENRY DR,361107.1537,5021365.44,-75.7816599,45.3299788,2014-11-05,12:50,01 - Clear,01 - Dry,01 - Traffic signal,03 - At intersection,01 - Daylight,02 - Non-fatal injury,07 - SMV other,Woodvale - Craig Henry - Manordale - Estates of Arlington Wo
1631,BASELINE RD @ GREENBANK RD,360597.2104,5022582.604,-75.78802778,45.34097157,2014-09-17,11:24,01 - Clear,01 - Dry,01 - Traffic signal,02 - Intersection related,01 - Daylight,02 - Non-fatal injury,03 - Rear end,Qualicum - Redwood Park
1632,ANDERSON RD btwn WEIR RD & DOLMAN RIDGE RD,377964.3604,5031048.69,-75.56519468,45.41554837,2014-10-01,22:44,01 - Clear,01 - Dry,10 - No control,01 - Non intersection,07 - Dark,02 - Non-fatal injury,07 - SMV other,Greenbelt
1633,8TH LINE RD @ MITCH OWENS RD,382364.2177,5018776.368,-75.51091275,45.3046566,2014-11-22,16:51,02 - Rain,04 - Slush,02 - Stop sign,02 - Intersection related,05 - Dusk,02 - Non-fatal injury,03 - Rear end,Metcalfe
1634,INNES RD @ PORTOBELLO BLVD,385631.2958,5036891.604,-75.46629152,45.4672738,2014-09-18,8:08,01 - Clear,01 - Dry,01 - Traffic signal,03 - At intersection,01 - Daylight,02 - Non-fatal injury,02 - Angle,Fallingbrook
1635,FALLOWFIELD RD btwn SHEA RD & EAGLESON RD,355768.4782,5012549.539,-75.8506694,45.25105971,2014-12-03,8:16,04 - Freezing Rain,04 - Slush,10 - No control,01 - Non intersection,01 - Daylight,02 - Non-fatal injury,07 - SMV other,Stittsville - Basswood
1636,MONTREAL RD @ VANIER PKWY,370072.2359,5033064.644,-75.66575212,45.43446782,2014-09-02,20:35,02 - Rain,02 - Wet,01 - Traffic signal,02 - Intersection related,07 - Dark,02 - Non-fatal injury,03 - Rear end,Vanier
1637,NAVAN RD @ PAGE RD,381660.2339,5032770.55,-75.51771146,45.43064415,2014-10-07,6:27,02 - Rain,02 - Wet,02 - Stop sign,03 - At intersection,07 - Dark,02 - Non-fatal injury,02 - Angle,Chapel Hill South
1638,AVIATION PKWY @ OGILVIE RD,373109.2924,5032376.586,-75.62703522,45.42798694,2014-10-08,6:21,02 - Rain,02 - Wet,01 - Traffic signal,03 - At intersection,03 - Dawn,02 - Non-fatal injury,05 - Turning movement,Industrial Park
1639,NAVAN RD @ PAGE RD,381658.3382,5032770.55,-75.51773569,45.43064436,2014-10-08,6:44,02 - Rain,02 - Wet,02 - Stop sign,03 - At intersection,03 - Dawn,02 - Non-fatal injury,02 - Angle,Chapel Hill South
1640,BANK ST @ MITCH OWENS RD,377760.1875,5015947.46,-75.57003075,45.27969659,2014-12-02,9:38,01 - Clear,01 - Dry,01 - Traffic signal,03 - At intersection,01 - Daylight,02 - Non-fatal injury,05 - Turning movement,Osgoode
1641,PRESLAND RD @ VANIER PKWY,370432.7614,5031752.066,-75.66131965,45.42262405,2014-09-22,14:56,01 - Clear,01 - Dry,01 - Traffic signal,02 - Intersection related,01 - Daylight,02 - Non-fatal injury,03 - Rear end,Overbrook
1642,BLACKBURN BYPASS EB btwn 1700 W OF NAVAN RD & INNES RD,377503.4612,5032116.186,-75.57092519,45.42520108,2014-10-05,23:14,01 - Clear,01 - Dry,10 - No control,01 - Non intersection,07 - Dark,02 - Non-fatal injury,07 - SMV other,Greenbelt
1643,INNES RD btwn BLAIR RD & ANDERSON RD,376109.406,5031740.205,-75.5887919,45.42196172,2014-09-08,8:38,"07 - Fog, mist, smoke, dust",01 - Dry,10 - No control,01 - Non intersection,01 - Daylight,02 - Non-fatal injury,03 - Rear end,Greenbelt
1644,FALLOWFIELD RD @ WOODROFFE AVE,365082.7803,5017901.294,-75.73136667,45.29847847,2014-11-27,19:00,01 - Clear,01 - Dry,01 - Traffic signal,02 - Intersection related,07 - Dark,02 - Non-fatal injury,03 - Rear end,New Barrhaven
1645,WALKLEY EXTENSION RD btwn HWY417 IC110 RAMP55 & HWY417 IC110 RAMP58,375526.8119,5028931.581,-75.59663844,45.39675039,2014-09-26,12:23,01 - Clear,01 - Dry,10 - No control,01 - Non intersection,01 - Daylight,02 - Non-fatal injury,05 - Turning movement,Greenbelt
1646,BASSANO ST @ LOTTA AVE,363971.2684,5024179.462,-75.74478741,45.35506346,2014-11-29,11:57,01 - Clear,01 - Dry,02 - Stop sign,03 - At intersection,01 - Daylight,02 - Non-fatal injury,02 - Angle,Crestview - Meadowlands
1647,DONNELLY DR btwn Continuation of DONNELLY DR & MILL POND LANE,358174.8456,4981432.317,-75.82333165,44.97087551,2014-09-23,9:58,01 - Clear,01 - Dry,10 - No control,01 - Non intersection,01 - Daylight,02 - Non-fatal injury,07 - SMV other,Munster Hamlet - Richmond
1648,INDUSTRIAL AVE btwn RUSSELL RD & ST. LAURENT BLVD,372994.5917,5029955.947,-75.62883587,45.40621838,2014-10-06,7:15,01 - Clear,01 - Dry,10 - No control,04 - At/near private drive,01 - Daylight,02 - Non-fatal injury,05 - Turning movement,Industrial Park
1649,HALIFAX DR @ WALKLEY RD,373644.2109,5027898.596,-75.62082529,45.38764369,2014-09-12,14:26,01 - Clear,01 - Dry,01 - Traffic signal,03 - At intersection,01 - Daylight,02 - Non-fatal injury,07 - SMV other,Urbandale
1650,MOODIE DR @ WEST HUNT CLUB RD,357909.0735,5018498.456,-75.82276393,45.30443071,2014-10-07,8:15,02 - Rain,02 - Wet,01 - Traffic signal,02 - Intersection related,01 - Daylight,02 - Non-fatal injury,03 - Rear end,Greenbelt
1651,GREENFIELD AVE @ HWY 417 NICHOLAS IC118R43,369098.5278,5031196.022,-75.67843977,45.41774488,2014-11-11,11:52,01 - Clear,01 - Dry,01 - Traffic signal,03 - At intersection,01 - Daylight,02 - Non-fatal injury,07 - SMV other,Old Ottawa East
1652,CYRVILLE RD btwn LABRIE AVE & STAR TOP RD,373437.8748,5031666.22,-75.62293555,45.42156326,2014-07-23,21:30,01 - Clear,01 - Dry,10 - No control,01 - Non intersection,07 - Dark,02 - Non-fatal injury,01 - Approaching,Industrial Park
1653,CAMPEAU DR/HWY 417 MARCH IC138R63 @ MARCH RD,352843.0467,5020475.519,-75.88716925,45.32258552,2014-09-29,6:30,01 - Clear,01 - Dry,01 - Traffic signal,03 - At intersection,03 - Dawn,02 - Non-fatal injury,02 - Angle,Greenbelt
1654,BAYCREST DR @ WALKLEY RD,371422.2045,5026589.579,-75.64937487,45.37608053,2014-10-06,9:29,01 - Clear,01 - Dry,01 - Traffic signal,02 - Intersection related,01 - Daylight,02 - Non-fatal injury,03 - Rear end,Ledbury - Heron Gate - Ridgemont - Elmwood
1655,CUMBERLAND ST @ LAURIER AVE,368598.178,5031949.532,-75.68473465,45.42457049,2014-09-14,17:30,01 - Clear,01 - Dry,01 - Traffic signal,03 - At intersection,01 - Daylight,02 - Non-fatal injury,07 - SMV other,Sandy Hill
1656,ORLEANS BLVD @ ST. JOSEPH BLVD,380631.2638,5036980.59,-75.53021102,45.46863515,2014-10-08,19:00,01 - Clear,01 - Dry,01 - Traffic signal,03 - At intersection,07 - Dark,02 - Non-fatal injury,05 - Turning movement,Industrial Park
1657,BANKFIELD RD @ MANOTICK MAIN ST/RIDEAU VALLEY ,368432.1724,5010156.453,-75.68965663,45.22849574,2014-09-29,12:03,01 - Clear,01 - Dry,01 - Traffic signal,02 - Intersection related,01 - Daylight,02 - Non-fatal injury,03 - Rear end,Manotick
1658,CUMBERLAND ST @ RIDEAU ST,368374.0371,5032330.922,-75.68754939,45.42802251,2014-10-02,22:10,01 - Clear,01 - Dry,01 - Traffic signal,03 - At intersection,07 - Dark,02 - Non-fatal injury,05 - Turning movement,Byward Market - Parliament Hill
1659,REGIONAL ROAD 174 btwn OR174 IC112 RAMP26 & OR174 IC112 RAMP61,374855.279,5032887.742,-75.60465222,45.43241334,2014-10-02,9:05,01 - Clear,01 - Dry,10 - No control,01 - Non intersection,01 - Daylight,02 - Non-fatal injury,03 - Rear end,Beacon Hill South - Cardinal Heights
1660,HERON RD @ BRONSON AVE RAMP 52,368688.2331,5026695.741,-75.68426455,45.37729036,2014-10-07,10:41,01 - Clear,02 - Wet,10 - No control,02 - Intersection related,01 - Daylight,02 - Non-fatal injury,03 - Rear end,Alta Vista
1661,COLONNADE RD @ MERIVALE RD,365363.2211,5022545.444,-75.72722339,45.34024196,2014-10-24,2:42,01 - Clear,01 - Dry,01 - Traffic signal,02 - Intersection related,07 - Dark,02 - Non-fatal injury,07 - SMV other,Tanglewood
1662,BANK ST btwn WALKLEY RD & SURREY AVE,370341.1695,5025937.308,-75.66326247,45.37031356,2014-10-26,10:58,01 - Clear,01 - Dry,10 - No control,01 - Non intersection,01 - Daylight,02 - Non-fatal injury,07 - SMV other,Ledbury - Heron Gate - Ridgemont - Elmwood
1663,RIDEAU ST btwn AUGUSTA ST & COBOURG ST,369097.9587,5032768.214,-75.67824182,45.43189092,2014-12-02,13:08,01 - Clear,01 - Dry,10 - No control,01 - Non intersection,01 - Daylight,02 - Non-fatal injury,07 - SMV other,Lower Town
1664,WEST HUNT CLUB RD WB btwn 354 E OF WOODROFFE AVE/REC PATH & CLEOPATRA ,364930.0128,5021703.11,-75.7328529,45.33269999,2014-10-09,11:46,02 - Rain,02 - Wet,10 - No control,01 - Non intersection,01 - Daylight,02 - Non-fatal injury,03 - Rear end,Merivale Gardens - Grenfell Glen - Pineglen - Country Place
1665,WEST HUNT CLUB RD @ WOODROFFE AVE,363670.2171,5021244.593,-75.74897868,45.32868111,2014-11-29,15:16,01 - Clear,01 - Dry,01 - Traffic signal,02 - Intersection related,01 - Daylight,02 - Non-fatal injury,03 - Rear end,Woodvale - Craig Henry - Manordale - Estates of Arlington Wo
1666,MEADOWLANDS DR @ MERIVALE RD,364858.226,5023723.615,-75.7335234,45.3508864,2014-09-11,14:25,01 - Clear,01 - Dry,01 - Traffic signal,02 - Intersection related,01 - Daylight,02 - Non-fatal injury,03 - Rear end,Cityview - Skyline - Fisher Heights
1667,AVIATION PKWY @ MONTREAL RD,372146.2427,5034108.583,-75.63910426,45.44366401,2014-10-31,19:00,01 - Clear,01 - Dry,01 - Traffic signal,02 - Intersection related,07 - Dark,02 - Non-fatal injury,03 - Rear end,Cummings
1668,RIDEAU ST @ WALLER ST,368283.2218,5032275.532,-75.688717,45.42753238,2014-09-29,20:46,01 - Clear,01 - Dry,01 - Traffic signal,03 - At intersection,07 - Dark,02 - Non-fatal injury,07 - SMV other,Byward Market - Parliament Hill
1669,WEST HUNT CLUB RD @ ROYDON PL/SUNDERLAND ST,365974.1815,5022169.49,-75.71947484,45.33680617,2014-09-29,19:26,01 - Clear,01 - Dry,01 - Traffic signal,03 - At intersection,07 - Dark,02 - Non-fatal injury,07 - SMV other,Industrial Park
1670,CARLING AVE @ BAYSHORE DR/BIRCHDALE AVE,359003.4492,5023991.56,-75.80820824,45.35377434,2014-09-29,19:30,01 - Clear,01 - Dry,01 - Traffic signal,03 - At intersection,07 - Dark,02 - Non-fatal injury,05 - Turning movement,Bayshore
1671,WALKLEY RD @ AIRPORT PKWY SB RAMP,369834.3474,5025651.526,-75.6697698,45.36778939,2014-10-02,17:53,01 - Clear,01 - Dry,03 - Yield sign,03 - At intersection,01 - Daylight,02 - Non-fatal injury,07 - SMV other,Riverside Park
1672,HIGHWAY 417 btwn HWY417 IC117 RAMP25 & HWY417 IC115 RAMP51,371540.1066,5031398.191,-75.64721907,45.41933527,2014-05-20,7:00,01 - Clear,01 - Dry,10 - No control,01 - Non intersection,01 - Daylight,02 - Non-fatal injury,99 - Other,Industrial Park
1673,COLONEL BY DR @ HAWTHORNE AVE/PRETORIA BRIDGE,368767.6072,5030526.809,-75.68275447,45.41175386,2014-11-04,7:46,01 - Clear,01 - Dry,01 - Traffic signal,02 - Intersection related,01 - Daylight,02 - Non-fatal injury,03 - Rear end,Old Ottawa East
1674,PINECREST RD/HWY 417 PINECRE IC129R63 @ TRANSI,360387.7866,5023679.526,-75.79057654,45.35085829,2014-12-02,14:46,01 - Clear,01 - Dry,01 - Traffic signal,02 - Intersection related,01 - Daylight,02 - Non-fatal injury,03 - Rear end,Whitehaven - Queensway Terrace North
1675,EVANS BLVD @ BANK ST,369929.9269,5027032.919,-75.66836759,45.38020986,2014-10-09,15:18,01 - Clear,02 - Wet,02 - Stop sign,03 - At intersection,01 - Daylight,02 - Non-fatal injury,02 - Angle,Alta Vista
1676,TERRY FOX DR @ EDGEWATER ST/WALTER BAKER PL,351779.3238,5017614.786,-75.90100841,45.29691594,2014-11-29,17:25,01 - Clear,01 - Dry,01 - Traffic signal,03 - At intersection,07 - Dark,02 - Non-fatal injury,05 - Turning movement,Katimavik - Hazeldean
1677,RIDEAU ST btwn RIDEAU PL & MONTREAL RD,369626.7123,5032925.678,-75.67146408,45.43325891,2014-09-28,4:00,01 - Clear,01 - Dry,10 - No control,07 - Overpass or bridge,07 - Dark,02 - Non-fatal injury,03 - Rear end,Sand
1678,CARP RD @ STITTSVILLE MAIN ST,349525.26,5014331.151,-75.93004244,45.2675158,2014-10-06,14:50,01 - Clear,01 - Dry,01 - Traffic signal,02 - Intersection related,01 - Daylight,02 - Non-fatal injury,03 - Rear end,Stittsville
1679,MARCH RD @ RICHARDSON SIDE RD,351415.3423,5021779.281,-75.90525709,45.33441332,2014-10-03,9:34,01 - Clear,01 - Dry,01 - Traffic signal,03 - At intersection,01 - Daylight,02 - Non-fatal injury,03 - Rear end,South March
1680,ST. LAURENT BLVD @ CONNERY AVE,373625.3072,5028723.553,-75.62095161,45.39506814,2014-10-09,20:10,01 - Clear,01 - Dry,02 - Stop sign,03 - At intersection,07 - Dark,02 - Non-fatal injury,05 - Turning movement,Urbandale
1681,NORICE ST @ WOODROFFE AVE,363194.2101,5022399.388,-75.75491445,45.33911165,2014-09-30,10:35,01 - Clear,01 - Dry,01 - Traffic signal,02 - Intersection related,01 - Daylight,02 - Non-fatal injury,03 - Rear end,Tanglewood
1682,FALLOWFIELD RD @ MERIVALE RD,366890.2908,5018845.417,-75.70820401,45.30681617,2014-11-29,18:28,01 - Clear,01 - Dry,01 - Traffic signal,03 - At intersection,07 - Dark,02 - Non-fatal injury,02 - Angle,Greenbelt
1683,BANK ST btwn HOPEWELL AVE & GLEN AVE,368773.9216,5028487.438,-75.68293836,45.39340369,2014-09-18,17:08,01 - Clear,01 - Dry,10 - No control,01 - Non intersection,01 - Daylight,02 - Non-fatal injury,04 - Sideswipe,Old Ottawa South
1684,DUNROBIN RD btwn VANCES SIDE RD & PORCUPINE TR,340854.463,5032990.5,-76.03917436,45.43591764,2014-10-03,14:37,01 - Clear,01 - Dry,10 - No control,01 - Non intersection,01 - Daylight,02 - Non-fatal injury,07 - SMV other,Car
1685,NEEDHAMS SIDE RD btwn STONECREST RD & END,337390.1559,5031107.929,-76.08357631,45.41914773,2014-05-09,12:38,01 - Clear,08 - Loose sand or gravel,10 - No control,01 - Non intersection,01 - Daylight,02 - Non-fatal injury,07 - SMV other,Car
1686,MARIER AVE @ MONTREAL RD,370419.2344,5033259.695,-75.66129159,45.43619033,2014-10-06,15:32,01 - Clear,01 - Dry,01 - Traffic signal,03 - At intersection,01 - Daylight,02 - Non-fatal injury,07 - SMV other,Vanier South
1687,HUNT CLUB RD btwn MOUNTAIN CRES & TURN LANE,371377.0839,5023918.692,-75.65031075,45.35205309,2014-10-10,12:09,01 - Clear,01 - Dry,10 - No control,01 - Non intersection,01 - Daylight,02 - Non-fatal injury,07 - SMV other,South Keys - Heron Gate - Greenboro West
1688,STANLEY AVE @ SUSSEX DR,367830.6741,5033872.874,-75.69429524,45.44194563,2014-11-04,18:48,02 - Rain,02 - Wet,01 - Traffic signal,03 - At intersection,07 - Dark,02 - Non-fatal injury,02 - Angle,New Edinburgh
1689,"OLD MONTREAL RD btwn GRAND-CH-NE, COUR DU CRT & TED KELLY LANE",385794.1391,5040438.122,-75.46362441,45.49916291,2014-09-29,16:07,01 - Clear,01 - Dry,10 - No control,01 - Non intersection,01 - Daylight,02 - Non-fatal injury,07 - SMV other,Cumberland - Estates
1690,ANDERSON RD @ RUSSELL RD,379787.7697,5026707.279,-75.54256052,45.37629419,2014-09-30,6:30,01 - Clear,01 - Dry,02 - Stop sign,02 - Intersection related,03 - Dawn,02 - Non-fatal injury,03 - Rear end,Greenbelt
1691,SAUNDERSON DR @ PLEASANT PARK RD,373146.2022,5028667.61,-75.62707785,45.39461172,2014-12-01,15:26,01 - Clear,01 - Dry,02 - Stop sign,03 - At intersection,01 - Daylight,02 - Non-fatal injury,02 - Angle,Elmvale - Eastway - Riverview - Riverview Park West
1692,ST. LAURENT BLVD/DUNBARTON CRT @ BRITTANY DR,371331.2428,5034339.438,-75.64949013,45.44581918,2014-10-06,15:38,01 - Clear,01 - Dry,01 - Traffic signal,03 - At intersection,01 - Daylight,02 - Non-fatal injury,07 - SMV other,Cemetery
1693,ROGER GUINDON AVE @ SMYTH RD,371933.4361,5029224.266,-75.64248986,45.3997376,2014-09-08,9:41,01 - Clear,01 - Dry,01 - Traffic signal,03 - At intersection,01 - Daylight,02 - Non-fatal injury,07 - SMV other,Elmvale - Eastway - Riverview - Riverview Park West
1694,AUGUSTA ST @ DALY AVE,369089.3345,5032577.595,-75.67837692,45.4301766,2014-08-27,9:50,01 - Clear,01 - Dry,02 - Stop sign,03 - At intersection,01 - Daylight,02 - Non-fatal injury,02 - Angle,Sandy Hill
1695,PRESTON ST btwn PAMILLA ST & ADELINE ST,366751.0233,5029115.203,-75.70869304,45.39923404,2014-10-02,11:00,01 - Clear,01 - Dry,10 - No control,04 - At/near private drive,01 - Daylight,02 - Non-fatal injury,03 - Rear end,Little Italy
1696,KITCHENER AVE @ BANK ST,370541.35,5025499.024,-75.66076544,45.36635127,2014-10-07,16:15,02 - Rain,02 - Wet,01 - Traffic signal,03 - At intersection,01 - Daylight,02 - Non-fatal injury,05 - Turning movement,Ledbury - Heron Gate - Ridgemont - Elmwood
1697,ST. LAURENT BLVD @ TREMBLAY RD,372594.2921,5031243.472,-75.63377189,45.41784183,2014-11-11,15:41,01 - Clear,01 - Dry,01 - Traffic signal,03 - At intersection,01 - Daylight,02 - Non-fatal injury,02 - Angle,Industrial Park
1698,CUMMINGS AVE @ MONTREAL RD,372008.6578,5034041.061,-75.64087204,45.44306972,2014-10-21,7:01,02 - Rain,02 - Wet,01 - Traffic signal,03 - At intersection,03 - Dawn,02 - Non-fatal injury,07 - SMV other,Cummings
1699,INDUSTRIAL AVE @ RIVERSIDE DR,370684.2447,5030592.553,-75.65826148,45.41216758,2014-08-17,15:45,01 - Clear,01 - Dry,01 - Traffic signal,02 - Intersection related,01 - Daylight,02 - Non-fatal injury,03 - Rear end,Industrial Park
1700,ANDERSON RD @ MITCH OWENS RD,382810.3796,5019043.521,-75.50518218,45.30701087,2014-11-08,2:55,01 - Clear,01 - Dry,02 - Stop sign,03 - At intersection,07 - Dark,02 - Non-fatal injury,07 - SMV other,Metcalfe
1701,FORSEY ST @ ST. PATRICK ST,368492.2793,5033163.696,-75.68593074,45.43550475,2014-08-26,17:00,01 - Clear,01 - Dry,02 - Stop sign,02 - Intersection related,01 - Daylight,02 - Non-fatal injury,03 - Rear end,Lower Town
1702,ALTA VISTA DR btwn ROGER RD & FAIRCREST RD,370429.3984,5028958.277,-75.66173456,45.39748693,2014-08-18,15:01,01 - Clear,01 - Dry,10 - No control,01 - Non intersection,01 - Daylight,02 - Non-fatal injury,07 - SMV other,Alta Vista
1703,LEITRIM RD @ LIMEBANK RD S,369356.1202,5017877.865,-75.67688812,45.297888,2014-11-11,17:09,01 - Clear,01 - Dry,01 - Traffic signal,02 - Intersection related,07 - Dark,02 - Non-fatal injury,02 - Angle,Gloucester
1704,WILHAVEN DR btwn MILLBURN CRES & MILLBURN CRES,389885.953,5040506.705,-75.41126424,45.49929295,2014-10-10,18:59,01 - Clear,01 - Dry,10 - No control,04 - At/near private drive,07 - Dark,02 - Non-fatal injury,02 - Angle,Cumberland - Estates
1705,RAMSAYVILLE RD btwn RIDEAU RD & MITCH OWENS RD,381029.0989,5018320.304,-75.52800563,45.30069934,2014-11-06,16:54,02 - Rain,02 - Wet,10 - No control,01 - Non intersection,07 - Dark,02 - Non-fatal injury,03 - Rear end,Osgoode
1706,BANK ST @ RIDEAU RD,376954.2786,5017843.525,-75.58002597,45.29683981,2014-08-01,7:03,01 - Clear,01 - Dry,01 - Traffic signal,03 - At intersection,01 - Daylight,02 - Non-fatal injury,02 - Angle,Greenbelt
1707,OVERLAKE DR @ VIEWMOUNT DR,365655.1592,5023078.206,-75.72343311,45.34501041,2014-11-05,17:48,01 - Clear,01 - Dry,02 - Stop sign,02 - Intersection related,07 - Dark,02 - Non-fatal injury,07 - SMV other,Borden Farm - Stewart Farm - Parkwood Hills - Fisher Glen
1708,DONALD ST @ ST. LAURENT BLVD,372093.239,5032470.689,-75.64000563,45.42893213,2014-11-11,18:13,01 - Clear,01 - Dry,01 - Traffic signal,02 - Intersection related,07 - Dark,02 - Non-fatal injury,07 - SMV other,Overbrook
1709,FISHER AVE @ MALIBU TER,366260.7476,5025800.956,-75.71536745,45.36945641,2014-11-20,8:30,01 - Clear,02 - Wet,02 - Stop sign,02 - Intersection related,01 - Daylight,02 - Non-fatal injury,07 - SMV other,Civic Hospital - Experimental Farm - Central Park
1710,UPNEY DR @ CLARIDGE DR,365019.2544,5016499.039,-75.73234683,45.28586649,2014-08-14,9:30,01 - Clear,01 - Dry,02 - Stop sign,02 - Intersection related,01 - Daylight,02 - Non-fatal injury,03 - Rear end,New Barrhaven
1711,HIGHWAY 417 btwn HWY417 IC129 RAMP25 & TRANSIT,361078.7972,5024015.853,-75.78172012,45.35382943,2014-12-10,16:40,03 - Snow,03 - Loose snow,10 - No control,01 - Non intersection,05 - Dusk,02 - Non-fatal injury,07 - SMV other,Whitehaven - Queensway Terrace North
1712,HIGHWAY 417 btwn HWY417 IC117 RAMP26 & HWY417 IC117 RAMP61,370871.5003,5031236.516,-75.65578302,45.41794405,2014-11-13,6:50,01 - Clear,01 - Dry,10 - No control,01 - Non intersection,03 - Dawn,02 - Non-fatal injury,03 - Rear end,Industrial Park
1713,BANK ST btwn BELMONT AVE & GROVE AVE,368832.0709,5028393.402,-75.68220797,45.39255227,2014-08-12,21:38,02 - Rain,02 - Wet,10 - No control,04 - At/near private drive,07 - Dark,02 - Non-fatal injury,02 - Angle,Old Ottawa South
1714,MONTREAL RD btwn THOMSON ST & AVIATION PKWY,372118.7545,5034096.261,-75.63945729,45.44355579,2014-11-06,17:34,02 - Rain,02 - Wet,10 - No control,04 - At/near private drive,07 - Dark,02 - Non-fatal injury,02 - Angle,Cummings
1715,BREWER RD @ BRONSON AVE,368110.4689,5027763.592,-75.69150385,45.38695103,2014-08-12,17:41,02 - Rain,02 - Wet,01 - Traffic signal,02 - Intersection related,01 - Daylight,02 - Non-fatal injury,04 - Sideswipe,Carleto
1716,RUSSELL RD btwn RUSSELL RD & CARLSBAD LANE,386772.3663,5025939.565,-75.45352332,45.36860468,2014-11-06,7:45,01 - Clear,01 - Dry,10 - No control,01 - Non intersection,01 - Daylight,02 - Non-fatal injury,03 - Rear end,Navan - Vars
1717,PARTRIDGE DR btwn PEREGRINE CRES & BUNTING LANE,356060.7089,5017070.578,-75.84647994,45.29171975,2014-08-19,11:33,01 - Clear,01 - Dry,10 - No control,04 - At/near private drive,01 - Daylight,02 - Non-fatal injury,07 - SMV other,Bridlewood - Emerald Meadows
1718,BANK ST @ CHAMBERLAIN AVE N/ISABELLA ST,368083.186,5030165.614,-75.69154407,45.40856617,2014-10-11,6:51,01 - Clear,01 - Dry,01 - Traffic signal,03 - At intersection,03 - Dawn,02 - Non-fatal injury,05 - Turning movement,The Glebe
1719,LAURIER AVE   W btwn PERCY ST & BAY ST,367016.222,5030990.937,-75.70506925,45.41608784,2014-09-04,17:11,01 - Clear,01 - Dry,10 - No control,04 - At/near private drive,01 - Daylight,02 - Non-fatal injury,03 - Rear end,Downtown
1720,BASELINE RD @ MARSON ST,365898.1733,5025856.588,-75.71998891,45.36998868,2014-11-06,17:45,02 - Rain,02 - Wet,02 - Stop sign,02 - Intersection related,07 - Dark,02 - Non-fatal injury,03 - Rear end,Cityview - Skyline - Fisher Heights
1721,ST. LAURENT BLVD btwn SHORE ST & BELFAST RD,372856.4587,5030592.78,-75.63051235,45.41196175,2014-08-14,18:28,02 - Rain,02 - Wet,10 - No control,01 - Non intersection,01 - Daylight,02 - Non-fatal injury,03 - Rear end,Industrial Park