Record,Location,X,Y,lon,lat,Date,Time,Environment,Road_Surface,Traffic_Control,Collision_Location,Light,Collision_Classification,Impact_type,Neighborhood
1722,EAGLESON RD btwn PALOMINO DR/ROTHESAY DR & EAGLESON BUSINESS CENTRE,354153.5444,5017216.411,-75.87077827,45.29316851,2014-11-12,16:40,01 - Clear,01 - Dry,10 - No control,01 - Non intersection,05 - Dusk,02 - Non-fatal injury,04 - Sideswipe,Bridlewood - Emerald Meadows
1723,HIGHWAY 417 btwn HWY417 IC130 RAMP25 & HIGHWAY 417,359610.5219,5023112.133,-75.8005583,45.34581406,2014-09-16,16:20,01 - Clear,01 - Dry,10 - No control,01 - Non intersection,01 - Daylight,02 - Non-fatal injury,03 - Rear end,Qualicum - Redwood Park
1724,HIGHWAY 416 btwn HWY416 IC75A RAMP26 & HWY416 IC72 RAMP62,359357.5297,5019838.313,-75.80414734,45.31637583,2014-12-12,8:30,03 - Snow,03 - Loose snow,10 - No control,01 - Non intersection,01 - Daylight,02 - Non-fatal injury,04 - Sideswipe,Greenbelt
1725,WOODROFFE AVE @ HWY 417 WOODROFF IC127R26/HWY4,362083.637,5024939.043,-75.76878952,45.36205486,2014-10-04,15:31,02 - Rain,02 - Wet,01 - Traffic signal,02 - Intersection related,01 - Daylight,02 - Non-fatal injury,03 - Rear end,Carlingwood West - Glabar Park - McKellar Heights
1726,CONROY RD @ JOHNSTON RD,373396.3332,5026307.512,-75.6242115,45.37335212,2014-09-03,15:20,01 - Clear,01 - Dry,01 - Traffic signal,03 - At intersection,01 - Daylight,02 - Non-fatal injury,05 - Turning movement,Hunt Club
1727,EARL ARMSTRONG RD @ RIVER RD,367571.2967,5014686.293,-75.70004667,45.26933229,2014-08-19,19:51,01 - Clear,01 - Dry,01 - Traffic signal,02 - Intersection related,01 - Daylight,02 - Non-fatal injury,07 - SMV other,Gloucester
1728,NAVAHO DR btwn NAVAHO DR & DEERFIELD DR,363134.6542,5024009.701,-75.75548437,45.35360606,2014-09-16,7:30,01 - Clear,01 - Dry,10 - No control,04 - At/near private drive,01 - Daylight,02 - Non-fatal injury,02 - Angle,Crestview - Meadowlands
1729,OLD SECOND LINE RD @ TERRY FOX DR,348795.2,5022408.413,-75.93862864,45.34024358,2014-11-12,16:53,01 - Clear,01 - Dry,01 - Traffic signal,03 - At intersection,07 - Dark,02 - Non-fatal injury,05 - Turning movement,South March
1730,CARLING AVE @ BROADVIEW AVE,363181.1605,5026637.594,-75.75458037,45.37724767,2014-11-12,17:07,01 - Clear,01 - Dry,01 - Traffic signal,03 - At intersection,07 - Dark,02 - Non-fatal injury,05 - Turning movement,Carlingwood - McKellar Park - Laurentien View
1731,HWY417 IC117 RAMP61 btwn HWY417 IC117 RAMP63 & HIGHWAY 417,371055.4318,5031368.865,-75.65341533,45.41911747,2014-12-13,19:00,01 - Clear,02 - Wet,10 - No control,01 - Non intersection,07 - Dark,02 - Non-fatal injury,07 - SMV other,Overbrook
1732,APPLE ORCHARD RD btwn Continuation of APPLE ORCHARD RD & BYLES WAY,374793.411,5011680.823,-75.60844242,45.2416082,2014-11-25,21:03,01 - Clear,01 - Dry,10 - No control,01 - Non intersection,07 - Dark,02 - Non-fatal injury,07 - SMV other,Greely
1733,CAMPEAU DR @ TERON RD/COLCHESTER SQ,352563.2486,5020466.578,-75.89073898,45.32252416,2014-11-06,22:43,02 - Rain,02 - Wet,01 - Traffic signal,02 - Intersection related,07 - Dark,02 - Non-fatal injury,03 - Rear end,Beaverbrook
1734,BOOTH ST @ OTTAWA RIVER PKWY/WELLINGTON ST,366261.9444,5031007.325,-75.71470362,45.41630196,2014-08-18,12:20,01 - Clear,01 - Dry,01 - Traffic signal,03 - At intersection,01 - Daylight,02 - Non-fatal injury,05 - Turning movement,LeBreton Flats
1735,BASELINE RD btwn SANDCASTLE DR & MONTEREY DR,359708.8159,5022060.479,-75.79942077,45.33634358,2014-09-08,12:45,01 - Clear,01 - Dry,10 - No control,01 - Non intersection,01 - Daylight,02 - Non-fatal injury,04 - Sideswipe,Qualicum - Redwood Park
1736,HIGHWAY 417 btwn HWY417 IC138 RAMP61 & HWY417 IC134 RAMP36,355966.3804,5022033.928,-75.84716986,45.33638756,2014-09-27,9:25,01 - Clear,01 - Dry,10 - No control,01 - Non intersection,01 - Daylight,02 - Non-fatal injury,03 - Rear end,Greenbelt
1737,HIGHWAY 417 btwn HWY417 IC119B RAMP57 & HWY417 IC119A RAMP75,368423.0431,5030422.616,-75.68716959,45.41084778,2014-09-18,14:55,01 - Clear,01 - Dry,10 - No control,01 - Non intersection,01 - Daylight,02 - Non-fatal injury,03 - Rear end,The Glebe
1738,BEECH ST @ PRESTON ST,366683.7462,5029269.081,-75.70953299,45.40062454,2014-10-15,12:23,02 - Rain,02 - Wet,01 - Traffic signal,03 - At intersection,01 - Daylight,02 - Non-fatal injury,07 - SMV other,Little Italy
1739,PARKDALE AVE @ WELLINGTON ST,365149.2267,5029269.608,-75.72913218,45.40076325,2014-11-07,0:30,02 - Rain,02 - Wet,01 - Traffic signal,03 - At intersection,07 - Dark,02 - Non-fatal injury,07 - SMV other,Islan
1740,CHARLEMAGNE BLVD @ PRINCESS LOUISE DR W/VALADE,383521.2266,5037974.524,-75.49309833,45.47725792,2014-08-19,17:54,01 - Clear,01 - Dry,01 - Traffic signal,03 - At intersection,01 - Daylight,02 - Non-fatal injury,02 - Angle,Fallingbrook
1741,ST. LAURENT BLVD btwn CLAREMONT DR & HEMLOCK RD,371128.1734,5034823.304,-75.65202057,45.45019208,2014-09-16,11:10,01 - Clear,01 - Dry,09 - Traffic controller,01 - Non intersection,01 - Daylight,02 - Non-fatal injury,07 - SMV other,Manor Park
1742,TENTH LINE RD @ TENTH LINE RD,383530.5486,5037154.484,-75.49311052,45.4698789,2014-11-12,17:32,01 - Clear,01 - Dry,01 - Traffic signal,02 - Intersection related,07 - Dark,02 - Non-fatal injury,03 - Rear end,Orlans
1743,HIGHWAY 417 btwn HWY417 IC118 RAMP76 & HWY417 IC118 RAMP67,369716.489,5031151.034,-75.67055067,45.41728303,2014-09-26,10:39,01 - Clear,01 - Dry,10 - No control,01 - Non intersection,01 - Daylight,02 - Non-fatal injury,99 - Other,Sandy Hill
1744,HIGHWAY 417 btwn HWY417 IC122 RAMP16 & HWY417 IC122 RAMP61,365573.7528,5029059.806,-75.72373587,45.39883877,2014-12-15,18:23,01 - Clear,02 - Wet,10 - No control,01 - Non intersection,07 - Dark,02 - Non-fatal injury,03 - Rear end,Civi
1745,GREENBANK RD @ MALVERN DR/FOXFIELD DR,363310.2646,5016192.538,-75.75416667,45.28325293,2014-10-11,18:50,01 - Clear,01 - Dry,01 - Traffic signal,02 - Intersection related,07 - Dark,02 - Non-fatal injury,03 - Rear end,Barrhaven West - Old Barrhaven
1746,KING EDWARD AVE @ RIDEAU ST,368512.1811,5032413.589,-75.68577345,45.42875375,2014-10-11,21:59,01 - Clear,01 - Dry,01 - Traffic signal,02 - Intersection related,07 - Dark,02 - Non-fatal injury,07 - SMV other,Lowe
1747,SECOND LINE RD    S btwn PHELAN RD E & ROGER STEVENS DR,369184.6579,5002325.286,-75.68108611,45.15796252,2014-11-08,7:50,01 - Clear,02 - Wet,10 - No control,01 - Non intersection,03 - Dawn,02 - Non-fatal injury,07 - SMV other,Manotick - North Gower
1748,ST. JOSEPH BLVD @ TENTH LINE RD,382891.7539,5038666.928,-75.50103842,45.48355823,2014-10-16,18:36,02 - Rain,02 - Wet,01 - Traffic signal,02 - Intersection related,07 - Dark,02 - Non-fatal injury,03 - Rear end,Industrial Park
1749,GREENBANK RD @ HWY 417 IC129 RAMP57/IRIS ST,360530.8351,5023312.494,-75.78879243,45.34754439,2014-10-11,23:45,01 - Clear,01 - Dry,01 - Traffic signal,03 - At intersection,07 - Dark,02 - Non-fatal injury,02 - Angle,Iris
1750,MARCH RD btwn PETER ROBINSON RD & CORKERY RD,335473.4009,5015725.124,-76.10902142,45.2808128,2014-09-19,15:35,01 - Clear,01 - Dry,10 - No control,01 - Non intersection,01 - Daylight,02 - Non-fatal injury,99 - Other,Carp - Hardwood Plains
1751,HIGHWAY 417 btwn HWY417 IC110 RAMP64 & HWY417 IC104 RAMP16,377282.7969,5026903.227,-75.57451084,45.37832083,2014-09-30,6:00,01 - Clear,01 - Dry,10 - No control,01 - Non intersection,07 - Dark,02 - Non-fatal injury,07 - SMV other,Greenbelt
1752,RICHMOND RD @ LYNHAR RD/STAFFORD RD,358137.1904,5021084.58,-75.81957679,45.32768361,2014-08-13,17:11,01 - Clear,01 - Dry,01 - Traffic signal,02 - Intersection related,01 - Daylight,02 - Non-fatal injury,03 - Rear end,Bells Corners East
1753,GREENBANK RD @ STRANDHERD DR,363934.1578,5014784.417,-75.7463823,45.27053044,2014-09-05,11:43,01 - Clear,01 - Dry,01 - Traffic signal,02 - Intersection related,01 - Daylight,02 - Non-fatal injury,07 - SMV other,New Barrhaven
1754,BRONSON AVE btwn BRONSON AVE RAMP 34 & AIRPORT PKWY/BRONSON AVE RAMP 2,368680.384,5026758.861,-75.68435659,45.37785901,2014-11-07,14:28,01 - Clear,01 - Dry,10 - No control,01 - Non intersection,01 - Daylight,02 - Non-fatal injury,07 - SMV other,Alta Vista
1755,BASELINE RD btwn CORNELL ST & GREENBANK RD,360502.107,5022521.025,-75.78924814,45.34042504,2014-11-13,6:52,01 - Clear,01 - Dry,10 - No control,01 - Non intersection,03 - Dawn,02 - Non-fatal injury,03 - Rear end,Qualicum - Redwood Park
1756,BEAUSEJOUR DR @ JEANNE D'ARC BLVD,381422.1689,5036061.519,-75.52024106,45.46027979,2014-11-13,6:56,01 - Clear,01 - Dry,01 - Traffic signal,03 - At intersection,03 - Dawn,02 - Non-fatal injury,02 - Angle,Orleans Village - Chateauneuf
1757,HIGHWAY 416 btwn HWY416 IC66 RAMP24 & HWY416 IC57 RAMP62,361606.6824,5012110.375,-75.7763474,45.24666101,2014-12-19,15:45,01 - Clear,01 - Dry,10 - No control,01 - Non intersection,01 - Daylight,02 - Non-fatal injury,07 - SMV other,Munster Hamlet - Richmond
1758,HWY417 IC131 RAMP55 btwn HIGHWAY 417 & HWY416 IC75B RAMP25,358767.6503,5022959.234,-75.81133015,45.34450363,2014-12-15,10:10,01 - Clear,02 - Wet,10 - No control,01 - Non intersection,01 - Daylight,02 - Non-fatal injury,07 - SMV other,Greenbelt
1759,HOLLAND AVE @ WELLINGTON ST,364930.1753,5029151.659,-75.73194435,45.39972082,2014-10-12,10:50,01 - Clear,01 - Dry,01 - Traffic signal,03 - At intersection,01 - Daylight,02 - Non-fatal injury,02 - Angle,Island Park
1760,HAZELDEAN RD @ TERRY FOX DR,352208.0849,5017243.399,-75.89557746,45.2935453,2014-12-04,8:06,01 - Clear,01 - Dry,01 - Traffic signal,03 - At intersection,01 - Daylight,02 - Non-fatal injury,07 - SMV other,Glen Cairn - Kanata South Business Park
1761,TENTH LINE RD @ CHARLEMAGNE BLVD N/TOMPKINS AV,383183.456,5037977.882,-75.49741746,45.47732613,2014-09-05,14:50,02 - Rain,02 - Wet,01 - Traffic signal,02 - Intersection related,01 - Daylight,02 - Non-fatal injury,03 - Rear end,Queenswood Heights
1762,JEANNE D'ARC BLVD @ SAPINIER ST,382555.7551,5035770.327,-75.50579425,45.45753466,2014-09-19,20:31,01 - Clear,01 - Dry,02 - Stop sign,03 - At intersection,07 - Dark,02 - Non-fatal injury,02 - Angle,Orleans Village - Chateauneuf
1763,HWY416 IC75C RAMP24 btwn HWY417 IC131 RAMP51 & HOLLY ACRES RD,358700.0815,5022736.1,-75.81221663,45.34250106,2014-09-28,15:55,01 - Clear,01 - Dry,10 - No control,01 - Non intersection,01 - Daylight,02 - Non-fatal injury,07 - SMV other,Greenbelt
1764,CARLING AVE btwn RIFLE RD & DAVIDSON'S SIDE RD,353978.4695,5023369.479,-75.87239922,45.34854719,2014-09-05,16:15,02 - Rain,02 - Wet,10 - No control,01 - Non intersection,01 - Daylight,02 - Non-fatal injury,03 - Rear end,Crystal Bay - Lakeview Park - Britannia Village
1765,GREENBANK RD btwn HARRISON ST & BANNER RD,361016.6029,5021579.927,-75.78279066,45.33191601,2014-11-07,17:23,01 - Clear,01 - Dry,10 - No control,01 - Non intersection,07 - Dark,02 - Non-fatal injury,03 - Rear end,Woodvale - Craig Henry - Manordale - Estates of Arlington Wo
1766,WALKLEY RD btwn HARDING RD & HALIFAX DR,373557.0071,5027851.202,-75.6219454,45.38722583,2014-11-07,8:45,02 - Rain,02 - Wet,10 - No control,04 - At/near private drive,01 - Daylight,02 - Non-fatal injury,05 - Turning movement,Urbandale
1767,HIGHWAY 417 btwn HWY417 IC124 RAMP65 & HWY417 IC122 RAMP51,365175.9452,5028732.003,-75.72885673,45.39592369,2014-12-15,17:45,01 - Clear,01 - Dry,10 - No control,01 - Non intersection,07 - Dark,02 - Non-fatal injury,03 - Rear end,Civic Hospital - Experimental Farm - Central Park
1768,BANK ST btwn MACLAREN ST & GILMOUR ST,367746.9234,5030834.193,-75.69575409,45.41461216,2014-08-15,18:25,02 - Rain,02 - Wet,10 - No control,01 - Non intersection,01 - Daylight,02 - Non-fatal injury,03 - Rear end,Centretown
1769,INNES RD @ TRIM RD,386566.7721,5037273.809,-75.45426662,45.47060361,2014-11-07,17:26,01 - Clear,01 - Dry,01 - Traffic signal,03 - At intersection,07 - Dark,02 - Non-fatal injury,05 - Turning movement,Cardinal Creek
1770,CARP RD btwn FALLDOWN LANE & DONALD B. MUNRO DR,341109.2913,5022919.429,-76.03665847,45.3452818,2014-08-24,11:10,01 - Clear,01 - Dry,10 - No control,04 - At/near private drive,01 - Daylight,02 - Non-fatal injury,07 - SMV other,Carp
1771,NAVAN RD btwn INNES RD & ORLEANS BLVD,379880.7054,5033219.6,-75.54038246,45.43487768,2014-09-20,6:21,01 - Clear,01 - Dry,10 - No control,01 - Non intersection,03 - Dawn,02 - Non-fatal injury,01 - Approaching,Greenbelt
1772,BLAIR RD @ REGIONAL RD 174 N/OR174 IC112 RAMP61,374635.9384,5032992.024,-75.60744039,45.43337355,2014-09-20,8:54,01 - Clear,01 - Dry,01 - Traffic signal,03 - At intersection,01 - Daylight,02 - Non-fatal injury,02 - Angle,Industrial Park
1773,BASELINE RD/HERON RD @ PRINCE OF WALES DR,366871.3368,5026437.584,-75.70749317,45.37513084,2014-11-13,13:22,01 - Clear,01 - Dry,01 - Traffic signal,02 - Intersection related,01 - Daylight,02 - Non-fatal injury,03 - Rear end,Civic Hospital - Experimental Farm - Central Park
1774,HIGHWAY 416 btwn HWY416 IC57 RAMP24 & HWY416 IC49 RAMP42,365973.9374,5005892.224,-75.72148245,45.19034376,2014-09-23,9:30,01 - Clear,01 - Dry,10 - No control,01 - Non intersection,01 - Daylight,02 - Non-fatal injury,07 - SMV other,Manotick - North Gower
1775,HIGHWAY 417 btwn HWY417 IC123 RAMP62 & HWY417 IC122 RAMP16,364852.2101,5028209.643,-75.7330548,45.39125144,2014-12-23,5:40,04 - Freezing Rain,04 - Slush,10 - No control,01 - Non intersection,07 - Dark,02 - Non-fatal injury,04 - Sideswipe,Island Park
1776,ROSEMOUNT AVE @ WELLINGTON ST,365361.3669,5029432.872,-75.72640262,45.40221394,2014-12-10,12:20,03 - Snow,03 - Loose snow,02 - Stop sign,02 - Intersection related,01 - Daylight,02 - Non-fatal injury,03 - Rear end,Civi
1777,LAURIER AVE   W btwn KENT ST & BANK ST,367401.588,5031219.196,-75.70011695,45.41810727,2014-09-06,5:59,02 - Rain,02 - Wet,10 - No control,01 - Non intersection,03 - Dawn,02 - Non-fatal injury,06 - SMV unattended vehicle,Downtown
1778,MITCH OWENS RD btwn JOHN QUINN RD & RAMSAYVILLE RD,380912.2006,5017898.456,-75.52956074,45.29691646,2014-09-06,7:42,02 - Rain,02 - Wet,10 - No control,01 - Non intersection,01 - Daylight,02 - Non-fatal injury,07 - SMV other,Metcalfe
1779,CAPILANO DR btwn WITHROW AVE & KERRY CRES,364690.7453,5024274.326,-75.73559393,45.35585595,2014-11-07,18:28,01 - Clear,01 - Dry,10 - No control,04 - At/near private drive,07 - Dark,02 - Non-fatal injury,02 - Angle,Cityview - Skyline - Fisher Heights
1780,MERIVALE RD btwn CLEOPATRA DR & SLACK RD,365962.3543,5021092.934,-75.71975875,45.32712049,2014-11-05,12:38,01 - Clear,01 - Dry,10 - No control,04 - At/near private drive,01 - Daylight,02 - Non-fatal injury,02 - Angle,Merivale Gardens - Grenfell Glen - Pineglen - Country Place
1781,WEST RIDGE DR btwn BALLYBOY ST & PARLOR PL,349272.0387,5012969.241,-75.93339113,45.25527688,2014-11-07,11:06,02 - Rain,02 - Wet,10 - No control,01 - Non intersection,01 - Daylight,02 - Non-fatal injury,07 - SMV other,Crossing Bridge
1782,BROOKFIELD RD @ 200 W OF FLANNERY DR,368509.6155,5026257.637,-75.68660146,45.37336468,2014-11-03,13:29,01 - Clear,01 - Dry,01 - Traffic signal,03 - At intersection,01 - Daylight,02 - Non-fatal injury,02 - Angle,Riverside Park
1783,HIGHWAY 417 btwn HWY417 IC163 RAMP61 & HWY417 IC155 RAMP36,334290.4175,5020726.694,-76.12380244,45.32587031,2014-10-05,12:40,01 - Clear,01 - Dry,10 - No control,01 - Non intersection,01 - Daylight,02 - Non-fatal injury,07 - SMV other,Carp - Hardwood Plains
1784,LOLA ST @ QUEEN MARY ST,371130.6875,5032043.138,-75.65236306,45.42517716,2014-12-11,16:50,01 - Clear,03 - Loose snow,02 - Stop sign,02 - Intersection related,05 - Dusk,02 - Non-fatal injury,03 - Rear end,Overbrook
1785,FALLOWFIELD RD @ GREENBANK RD,363081.1496,5016733.403,-75.75702343,45.28813868,2014-09-06,9:33,02 - Rain,02 - Wet,01 - Traffic signal,03 - At intersection,01 - Daylight,02 - Non-fatal injury,05 - Turning movement,Greenbelt
1786,ALPINE AVE @ CARLING AVE,360496.2031,5024942.519,-75.78905071,45.36221406,2014-09-06,9:56,02 - Rain,02 - Wet,01 - Traffic signal,02 - Intersection related,01 - Daylight,02 - Non-fatal injury,03 - Rear end,Whitehaven - Queensway Terrace North
1787,MONTREAL RD @ VANIER PKWY,370073.1837,5033066.54,-75.66573975,45.43448479,2014-11-08,0:05,01 - Clear,01 - Dry,01 - Traffic signal,03 - At intersection,07 - Dark,02 - Non-fatal injury,05 - Turning movement,Vanier
1788,KENT ST @ LAURIER AVE,367317.6629,5031164.107,-75.70119618,45.41761911,2014-12-16,18:44,02 - Rain,02 - Wet,01 - Traffic signal,03 - At intersection,07 - Dark,02 - Non-fatal injury,07 - SMV other,Downtown
1789,EAGLESON RD @ HAZELDEAN RD/ROBERTSON RD,353674.575,5018424.935,-75.87676529,45.30407656,2014-11-25,16:45,01 - Clear,01 - Dry,01 - Traffic signal,02 - Intersection related,05 - Dusk,02 - Non-fatal injury,03 - Rear end,Greenbelt
1790,NORICE ST @ WOODROFFE AVE,363197.5344,5022397.017,-75.75487231,45.33909004,2014-10-22,15:42,01 - Clear,01 - Dry,01 - Traffic signal,03 - At intersection,01 - Daylight,02 - Non-fatal injury,07 - SMV other,Tanglewood
1791,HAWTHORNE RD/RUSSELL RD @ WALKLEY RD,374675.5219,5028498.284,-75.60757162,45.39293727,2014-08-26,7:24,01 - Clear,01 - Dry,01 - Traffic signal,02 - Intersection related,01 - Daylight,02 - Non-fatal injury,03 - Rear end,Sheffield Glen
1792,ALBERT ST @ LYON ST,367063.1741,5031220.532,-75.7044404,45.41814949,2014-09-16,9:00,01 - Clear,01 - Dry,01 - Traffic signal,03 - At intersection,01 - Daylight,02 - Non-fatal injury,02 - Angle,Downtown
1793,KING EDWARD AVE @ OSGOODE ST/THOMAS MORE PRIV,368847.3371,5031852.575,-75.68156363,45.42367534,2014-09-18,19:18,01 - Clear,01 - Dry,01 - Traffic signal,02 - Intersection related,05 - Dusk,02 - Non-fatal injury,07 - SMV other,Sandy Hill
1794,COUSINEAU ST @ ST. JOSEPH BLVD,380705.7416,5037027.16,-75.52925149,45.46904606,2014-10-23,7:38,01 - Clear,01 - Dry,02 - Stop sign,02 - Intersection related,01 - Daylight,02 - Non-fatal injury,03 - Rear end,Orleans Village - Chateauneuf
1795,AIRPORT PKWY/BROOKFIELD RD @ FLANNERY DR/AIRPORT PKWY RAMPS 52A/53,368694.8716,5026295.028,-75.68423164,45.37368425,2014-09-02,21:33,01 - Clear,02 - Wet,03 - Yield sign,03 - At intersection,07 - Dark,02 - Non-fatal injury,02 - Angle,Riverside Park
1796,FALLOWFIELD RD @ GREENBANK RD,363081.1496,5016733.403,-75.75702343,45.28813868,2014-09-09,22:44,01 - Clear,01 - Dry,01 - Traffic signal,03 - At intersection,07 - Dark,02 - Non-fatal injury,05 - Turning movement,Greenbelt
1797,MARIER AVE @ MONTREAL RD,370419.2344,5033261.591,-75.66129134,45.43620739,2014-09-16,9:45,01 - Clear,01 - Dry,01 - Traffic signal,03 - At intersection,01 - Daylight,02 - Non-fatal injury,05 - Turning movement,Vanier South
1798,CARLING AVE EB btwn HOLLY ACRES RD & BAYSHORE DR,358585.4397,5023717.626,-75.81357265,45.35134166,2014-09-16,12:03,01 - Clear,01 - Dry,10 - No control,01 - Non intersection,01 - Daylight,02 - Non-fatal injury,04 - Sideswipe,Bayshore
1799,BLACKBURN BYPASS @ INNES RD W,377189.8335,5032176.262,-75.57492367,45.42577413,2014-10-21,6:55,02 - Rain,02 - Wet,01 - Traffic signal,02 - Intersection related,03 - Dawn,02 - Non-fatal injury,03 - Rear end,Greenbelt
1800,CUMBERLAND ST btwn MURRAY ST & CLARENCE ST,368191.1836,5032643.848,-75.68984567,45.43085471,2014-10-24,13:44,01 - Clear,01 - Dry,10 - No control,01 - Non intersection,01 - Daylight,02 - Non-fatal injury,07 - SMV other,Byward Market
1801,CHAMPLAIN BRIDGE/ISLAND PARK DR btwn BATE ISLAND & OTTAWA RIVER PKWY,363119.1229,5029721.972,-75.75500787,45.4050056,2014-06-19,17:26,01 - Clear,01 - Dry,10 - No control,07 - Overpass or bridge,01 - Daylight,02 - Non-fatal injury,03 - Rear end,Westboro
1802,MOODIE DR @ 200 N OF ROBERTSON RD,356986.6984,5020639.11,-75.83429958,45.32376171,2014-12-04,12:55,01 - Clear,01 - Dry,01 - Traffic signal,03 - At intersection,01 - Daylight,02 - Non-fatal injury,05 - Turning movement,Bells Corners West
1803,CARP RD btwn HAZELDEAN RD & NEIL AVE,348877.0878,5014311.147,-75.93830382,45.26737672,2014-09-04,14:40,01 - Clear,01 - Dry,10 - No control,01 - Non intersection,01 - Daylight,02 - Non-fatal injury,03 - Rear end,Stittsville
1804,ST. LAURENT BLVD btwn COVENTRY RD & LEMIEUX ST,372343.5212,5031864.903,-75.63689051,45.42345743,2014-09-04,12:02,01 - Clear,01 - Dry,10 - No control,01 - Non intersection,01 - Daylight,02 - Non-fatal injury,03 - Rear end,Overbrook
1805,GREENFIELD AVE @ MAIN ST,368891.2416,5030816.575,-75.6811374,45.41434976,2014-08-02,18:00,01 - Clear,01 - Dry,01 - Traffic signal,02 - Intersection related,01 - Daylight,02 - Non-fatal injury,03 - Rear end,Old Ottawa East
1806,RICHMOND RD btwn ROOSEVELT AVE & ROOSEVELT AVE,362982.7318,5028120.656,-75.75693892,45.39060857,2014-11-27,10:09,01 - Clear,01 - Dry,10 - No control,01 - Non intersection,01 - Daylight,02 - Non-fatal injury,05 - Turning movement,Westboro
1807,PRINCE OF WALES DR btwn BORDEN SIDE RD & NORMANDY CRES,367195.2223,5024233.561,-75.70363662,45.35527076,2014-07-05,23:59,01 - Clear,01 - Dry,10 - No control,01 - Non intersection,07 - Dark,02 - Non-fatal injury,07 - SMV other,Carleton Heights - Rideauview
1808,ST. LAURENT BLVD @ COVENTRY RD/OGILVIE RD,372303.8193,5031952.05,-75.63738584,45.42424537,2014-11-14,15:09,01 - Clear,02 - Wet,01 - Traffic signal,02 - Intersection related,01 - Daylight,02 - Non-fatal injury,03 - Rear end,Overbrook
1809,BANK ST @ WELLINGTON ST,367258.1809,5031630.469,-75.701897,45.4218206,2014-09-15,21:54,02 - Rain,02 - Wet,01 - Traffic signal,03 - At intersection,07 - Dark,02 - Non-fatal injury,07 - SMV other,Downtown
1810,MONTREAL RD btwn DEN HAAG DR & CODD'S RD,372747.9047,5034390.216,-75.63137513,45.44613978,2014-09-08,8:28,01 - Clear,01 - Dry,10 - No control,01 - Non intersection,01 - Daylight,02 - Non-fatal injury,03 - Rear end,Carson Grove - Carson Meadows
1811,SOMERSET ST    W btwn WELLINGTON ST W & SPADINA AVE,365666.4728,5029851.534,-75.72245395,45.4059545,2014-11-02,18:15,01 - Clear,01 - Dry,10 - No control,04 - At/near private drive,07 - Dark,02 - Non-fatal injury,02 - Angle,Centretow
1812,FALLOWFIELD RD @ STRANDHERD DR,360751.2747,5014962.629,-75.78692228,45.27239444,2014-10-20,8:45,01 - Clear,01 - Dry,01 - Traffic signal,02 - Intersection related,01 - Daylight,02 - Non-fatal injury,07 - SMV other,Munster Hamlet - Richmond
1813,HERZBERG RD @ MARCH RD,352323.6222,5021528.963,-75.89369347,45.33209998,2014-10-20,11:36,01 - Clear,01 - Dry,01 - Traffic signal,03 - At intersection,01 - Daylight,02 - Non-fatal injury,05 - Turning movement,Kanata Lakes - Marchwood Lakeside - Morgan's Grant - Kanata
1814,TENTH LINE RD @ CHARLEMAGNE BLVD S/DES EPINETT,383640.9751,5036900.456,-75.49173924,45.46758093,2014-09-08,12:15,01 - Clear,01 - Dry,01 - Traffic signal,02 - Intersection related,01 - Daylight,02 - Non-fatal injury,03 - Rear end,Orlans
1815,MONTREAL RD @ VANIER PKWY,370073.1837,5033065.592,-75.66573988,45.43447627,2014-09-08,8:30,01 - Clear,01 - Dry,01 - Traffic signal,02 - Intersection related,01 - Daylight,02 - Non-fatal injury,03 - Rear end,Vanier
1816,RICHARDSON SIDE RD @ TERRY FOX DR,348803.086,5019506.072,-75.93878598,45.31412702,2014-09-16,11:46,01 - Clear,01 - Dry,01 - Traffic signal,03 - At intersection,01 - Daylight,02 - Non-fatal injury,05 - Turning movement,Kanata Lakes - Marchwood Lakeside - Morgan's Grant - Kanata
1817,VANIER PKWY NB btwn RIVERSIDE DR & HWY417 IC117 RAMP26,370814.2996,5031206.964,-75.65651777,45.41768355,2014-09-28,12:20,01 - Clear,01 - Dry,10 - No control,07 - Overpass or bridge,01 - Daylight,02 - Non-fatal injury,03 - Rear end,Industrial Park
1818,CARILLON ST @ HANNAH ST,370155.1556,5033391.266,-75.66464907,45.43739889,2014-10-07,15:38,02 - Rain,02 - Wet,02 - Stop sign,03 - At intersection,01 - Daylight,02 - Non-fatal injury,02 - Angle,Vanier North
1819,ROCKCLIFFE PKWY btwn GL/OT BOUNDARY & ST. JOSEPH BLVD,375601.6404,5036475.847,-75.59459808,45.46462176,2014-04-28,16:03,01 - Clear,01 - Dry,10 - No control,01 - Non intersection,01 - Daylight,02 - Non-fatal injury,07 - SMV other,Greenbelt
1820,OTTAWA RIVER PKWY @ RIVER ST/SLIDELL ST,365157.6535,5030377.098,-75.72888898,45.41072746,2014-04-30,16:48,02 - Rain,02 - Wet,01 - Traffic signal,02 - Intersection related,01 - Daylight,02 - Non-fatal injury,03 - Rear end,Mechanicsville
1821,COLONEL BY DR @ OTTAWA UNIV. PED. XING,368730.6576,5031494.001,-75.68310101,45.42045969,2014-05-07,7:53,01 - Clear,01 - Dry,01 - Traffic signal,02 - Intersection related,01 - Daylight,02 - Non-fatal injury,02 - Angle,Sandy Hill
1822,RIDEAU ST btwn CUMBERLAND ST & KING EDWARD AVE,368493.6549,5032404.563,-75.68601136,45.42867423,2014-10-20,14:45,02 - Rain,02 - Wet,10 - No control,01 - Non intersection,01 - Daylight,02 - Non-fatal injury,07 - SMV other,Byward Market