Record,Location,X,Y,lon,lat,Date,Time,Environment,Road_Surface,Traffic_Control,Collision_Location,Light,Collision_Classification,Impact_type,Neighborhood
1823,TRIM RD @ WATTERS RD,384964.1782,5038717.576,-75.4745236,45.48377901,2014-09-16,7:45,01 - Clear,01 - Dry,01 - Traffic signal,02 - Intersection related,01 - Daylight,02 - Non-fatal injury,03 - Rear end,Cardinal Creek
1824,ST. JOSEPH BLVD btwn COUSINEAU ST & DUSSERE ST,380787.9023,5037082.109,-75.5281924,45.46953151,2014-09-08,10:37,01 - Clear,01 - Dry,10 - No control,04 - At/near private drive,01 - Daylight,02 - Non-fatal injury,02 - Angle,Industrial Park
1825,SHEFFORD RD btwn SHEFFORD CRT & END,375559.4195,5036296.923,-75.59516369,45.4630162,2014-05-18,3:30,01 - Clear,08 - Loose sand or gravel,10 - No control,01 - Non intersection,07 - Dark,02 - Non-fatal injury,07 - SMV other,Beacon Hill North
1826,CHAMPLAIN BRIDGE/ISLAND PARK DR btwn BATE ISLAND & OTTAWA RIVER PKWY,363112.472,5029763.777,-75.75508788,45.40538231,2014-06-26,17:40,01 - Clear,01 - Dry,10 - No control,07 - Overpass or bridge,01 - Daylight,02 - Non-fatal injury,03 - Rear end,Westboro
1827,OTTAWA RIVER PKWY @ REMIC RAPIDS ENT/TUNNEY'S ,364263.2714,5030243.822,-75.74033039,45.40960483,2014-07-01,18:00,01 - Clear,01 - Dry,01 - Traffic signal,02 - Intersection related,01 - Daylight,02 - Non-fatal injury,03 - Rear end,Island Park
1828,ROGER STEVENS DR btwn SECOND LINE RD S & DORACK DR,370563.0704,5001867.614,-75.66361607,45.15371733,2014-12-06,13:35,01 - Clear,01 - Dry,10 - No control,01 - Non intersection,01 - Daylight,02 - Non-fatal injury,03 - Rear end,Kars - Osgoode
1829,HAIG DR @ SMYTH RD,372565.1988,5029296.653,-75.63441119,45.40032804,2014-09-25,10:43,01 - Clear,01 - Dry,01 - Traffic signal,03 - At intersection,01 - Daylight,02 - Non-fatal injury,05 - Turning movement,Elmvale - Eastway - Riverview - Riverview Park West
1830,HAZELDEAN RD @ FRINGEWOOD DR,350756.1073,5015910.689,-75.91421171,45.28164964,2014-09-08,18:41,01 - Clear,01 - Dry,02 - Stop sign,03 - At intersection,01 - Daylight,02 - Non-fatal injury,07 - SMV other,Stittsville
1831,GLADSTONE AVE @ PRESTON ST,366488.2842,5029713.506,-75.71197388,45.40464061,2014-11-10,17:47,01 - Clear,01 - Dry,01 - Traffic signal,03 - At intersection,07 - Dark,02 - Non-fatal injury,05 - Turning movement,Little Italy
1832,MOODIE DR @ CORKSTOWN RD,356345.2824,5022760.444,-75.84226009,45.34289709,2014-09-29,18:08,01 - Clear,01 - Dry,01 - Traffic signal,03 - At intersection,01 - Daylight,02 - Non-fatal injury,05 - Turning movement,Crystal Bay - Lakeview Park - Britannia Village
1833,MACDONALD-CARTIER BR RAMP SB-1 btwn MACDONALD-CARTIER BR & CATHCART ST,367537.5598,5033174.659,-75.69813067,45.4356897,2014-09-18,7:04,01 - Clear,01 - Dry,10 - No control,07 - Overpass or bridge,01 - Daylight,02 - Non-fatal injury,04 - Sideswipe,Lower Town
1834,CARLING AVE btwn DEFENSE  RESEARCH COMPLEX & RIFLE RD,353754.0371,5023238.067,-75.8752762,45.34738043,2014-09-18,7:47,01 - Clear,01 - Dry,10 - No control,01 - Non intersection,01 - Daylight,02 - Non-fatal injury,07 - SMV other,Greenbelt
1835,NAVAN RD @ PAGE RD,381658.8099,5032768.175,-75.51773003,45.43062294,2014-10-23,14:50,01 - Clear,01 - Dry,02 - Stop sign,03 - At intersection,01 - Daylight,02 - Non-fatal injury,02 - Angle,Chapel Hill South
1836,AVIATION PKWY @ MONTREAL RD,372147.6667,5034108.108,-75.63908612,45.4436596,2014-07-15,10:52,02 - Rain,02 - Wet,01 - Traffic signal,02 - Intersection related,01 - Daylight,02 - Non-fatal injury,04 - Sideswipe,Cummings
1837,ROCKCLIFFE PKWY btwn GL/OT BOUNDARY & ST. JOSEPH BLVD,373447.7211,5036183.21,-75.62217968,45.46220377,2014-07-24,16:08,01 - Clear,01 - Dry,10 - No control,01 - Non intersection,01 - Daylight,02 - Non-fatal injury,05 - Turning movement,Gloucester
1838,OTTAWA RIVER PKWY WB btwn TUNNEY'S PASTURE/REMIC RAPIDS ENT & PARKDALE,363581.8307,5029876.841,-75.7490791,45.40636038,2014-07-03,0:30,01 - Clear,01 - Dry,10 - No control,01 - Non intersection,07 - Dark,02 - Non-fatal injury,07 - SMV other,Island Park
1839,ISLAND PARK DR @ RICHMOND RD,364128.7865,5028868.982,-75.74221375,45.39724571,2014-07-08,16:44,02 - Rain,02 - Wet,01 - Traffic signal,03 - At intersection,01 - Daylight,02 - Non-fatal injury,05 - Turning movement,Island Park
1840,ST. LAURENT BLVD @ TRANSITWAY,372441.9579,5031616.835,-75.63566683,45.42121592,2014-12-05,16:05,01 - Clear,01 - Dry,01 - Traffic signal,02 - Intersection related,05 - Dusk,02 - Non-fatal injury,07 - SMV other,Overbrook
1841,HUNTMAR DR @ PALLADIUM DR S,349676.0805,5017363.541,-75.92784636,45.29479265,2014-09-27,16:41,01 - Clear,01 - Dry,01 - Traffic signal,03 - At intersection,01 - Daylight,02 - Non-fatal injury,05 - Turning movement,Stittsville - Basswood
1842,CARLING AVE @ CHURCHILL AVE,363777.1174,5027013.538,-75.74692685,45.38058045,2014-09-15,16:25,01 - Clear,01 - Dry,01 - Traffic signal,02 - Intersection related,01 - Daylight,02 - Non-fatal injury,04 - Sideswipe,Westboro
1843,CAMPEAU DR @ TERON RD/COLCHESTER SQ,352564.078,5020468.474,-75.89072821,45.32254116,2014-09-27,18:41,01 - Clear,01 - Dry,01 - Traffic signal,03 - At intersection,01 - Daylight,02 - Non-fatal injury,02 - Angle,Beaverbrook
1844,LAURIER AVE   W btwn PERCY ST & BAY ST,366975.4563,5030961.865,-75.70559373,45.41582989,2014-09-08,18:45,01 - Clear,01 - Dry,10 - No control,04 - At/near private drive,01 - Daylight,02 - Non-fatal injury,05 - Turning movement,Downtown
1845,MARCH RD @ RICHARDSON SIDE RD,351416.8494,5021779.365,-75.90523786,45.33441397,2014-11-04,18:03,02 - Rain,02 - Wet,01 - Traffic signal,03 - At intersection,07 - Dark,02 - Non-fatal injury,05 - Turning movement,South March
1846,EAGLESON RD @ FALLOWFIELD RD,355962.108,5012593.458,-75.84819822,45.25144085,2014-09-30,17:46,01 - Clear,01 - Dry,01 - Traffic signal,02 - Intersection related,01 - Daylight,02 - Non-fatal injury,03 - Rear end,Stittsville - Basswood
1847,ELGIN ST @ SOMERSET ST,368163.7585,5031199.047,-75.69038199,45.41785737,2014-11-19,12:59,01 - Clear,01 - Dry,01 - Traffic signal,03 - At intersection,01 - Daylight,02 - Non-fatal injury,07 - SMV other,Centretown
1848,TENTH LINE RD btwn OR174 IC101 RAMP36 & OR174 IC101 RAMP61,382675.4461,5039117.049,-75.50373365,45.48763218,2014-11-21,7:45,01 - Clear,01 - Dry,10 - No control,01 - Non intersection,01 - Daylight,02 - Non-fatal injury,03 - Rear end,Chatelaine Village
1849,PARKDALE AVE @ SCOTT ST,364950.6537,5029726.085,-75.73161273,45.40488762,2014-10-21,9:00,02 - Rain,02 - Wet,01 - Traffic signal,02 - Intersection related,01 - Daylight,02 - Non-fatal injury,03 - Rear end,Islan
1850,CANOTEK RD @ SHEFFORD RD,376028.3065,5035092.65,-75.58934299,45.45213326,2014-11-11,8:31,01 - Clear,01 - Dry,01 - Traffic signal,02 - Intersection related,01 - Daylight,02 - Non-fatal injury,03 - Rear end,Greenbelt
1851,OTTAWA RIVER PKWY @ REMIC RAPIDS ENT/TUNNEY'S ,364263.2714,5030243.822,-75.74033039,45.40960483,2014-08-08,15:15,01 - Clear,01 - Dry,01 - Traffic signal,03 - At intersection,01 - Daylight,02 - Non-fatal injury,07 - SMV other,Island Park
1852,ROCKCLIFFE PKWY btwn LISGAR RD & BUENA VISTA RD,368282.1531,5035187.662,-75.68835503,45.45373473,2014-08-10,17:43,01 - Clear,01 - Dry,10 - No control,01 - Non intersection,01 - Daylight,02 - Non-fatal injury,07 - SMV other,Rockcliff
1853,ELGIN ST @ MCLEOD ST,368425.186,5030780.519,-75.68709602,45.41406787,2014-08-10,21:11,01 - Clear,01 - Dry,02 - Stop sign,02 - Intersection related,07 - Dark,02 - Non-fatal injury,03 - Rear end,Centretown
1854,RIVERSIDE DR RAMP 42A @ RIVERSIDE DR RAMP 42B,368481.9538,5027090.705,-75.68684715,45.38086291,2014-09-09,15:17,01 - Clear,01 - Dry,03 - Yield sign,02 - Intersection related,01 - Daylight,02 - Non-fatal injury,03 - Rear end,Riverside Park
1855,SOMERSET ST    W btwn PRESTON ST & ROCHESTER ST,366466.0653,5030194.983,-75.71219746,45.40897477,2014-07-31,17:03,01 - Clear,01 - Dry,10 - No control,01 - Non intersection,01 - Daylight,02 - Non-fatal injury,05 - Turning movement,Chinatown
1856,SAUNDERSON DR @ SMYTH RD,372791.3616,5029321.655,-75.63151922,45.40053107,2014-08-16,18:50,02 - Rain,02 - Wet,01 - Traffic signal,02 - Intersection related,01 - Daylight,02 - Non-fatal injury,03 - Rear end,Elmvale - Eastway - Riverview - Riverview Park West
1857,COLONEL BY DR @ HOG'S BACK RD,367602.7094,5025873.063,-75.69822793,45.36998625,2014-08-16,16:01,02 - Rain,02 - Wet,01 - Traffic signal,02 - Intersection related,01 - Daylight,02 - Non-fatal injury,03 - Rear end,Carleto
1858,ROCKCLIFFE PKWY btwn PRINCESS AVE & BUENA VISTA RD,368270.3727,5034628.467,-75.68857779,45.44870439,2014-08-17,15:53,01 - Clear,01 - Dry,10 - No control,01 - Non intersection,01 - Daylight,02 - Non-fatal injury,07 - SMV other,Rockcliffe - Manor Park
1859,CUMBERLAND ST @ LAURIER AVE,368597.7041,5031948.109,-75.68474089,45.42455773,2014-10-21,18:08,01 - Clear,01 - Dry,01 - Traffic signal,02 - Intersection related,01 - Daylight,02 - Non-fatal injury,05 - Turning movement,Sandy Hill
1860,PLACE D'ORLEANS DR @ PLACE D'ORLEANS SC N,381414.9713,5037940.527,-75.52004015,45.47718633,2014-12-14,12:15,01 - Clear,02 - Wet,01 - Traffic signal,03 - At intersection,01 - Daylight,02 - Non-fatal injury,03 - Rear end,Industrial Park
1861,ROBERTSON RD btwn HAZELDEAN RD & HAANEL DR,354111.9082,5018679.858,-75.87116352,45.30633984,2014-09-17,9:36,01 - Clear,01 - Dry,10 - No control,01 - Non intersection,01 - Daylight,02 - Non-fatal injury,07 - SMV other,Greenbelt
1862,LEITRIM RD btwn HIGH RD & ALBION RD,372651.9577,5019891.251,-75.63459417,45.31569331,2014-08-19,7:49,01 - Clear,01 - Dry,10 - No control,01 - Non intersection,01 - Daylight,02 - Non-fatal injury,03 - Rear end,Greenbelt
1863,BANK ST @ ROSEBERY AVE,368123.1821,5030065.553,-75.69104602,45.40766223,2014-09-09,16:12,01 - Clear,01 - Dry,02 - Stop sign,03 - At intersection,01 - Daylight,02 - Non-fatal injury,04 - Sideswipe,The Glebe
1864,BANK ST btwn ARENA PL & WHITE ALDER AVE,375405.0181,5021500.53,-75.59925558,45.32990153,2014-09-18,12:25,01 - Clear,01 - Dry,10 - No control,01 - Non intersection,01 - Daylight,02 - Non-fatal injury,01 - Approaching,Greenbelt
1865,MONTREAL RD @ PALACE ST,369954.2938,5032997.638,-75.66726825,45.43387593,2014-11-11,12:18,01 - Clear,01 - Dry,10 - No control,03 - At intersection,01 - Daylight,02 - Non-fatal injury,05 - Turning movement,Vanier South
1866,JEANNE D'ARC BLVD @ ORLEANS BLVD S,380941.479,5036250.288,-75.52635745,45.46203074,2014-11-24,17:10,02 - Rain,02 - Wet,01 - Traffic signal,03 - At intersection,07 - Dark,02 - Non-fatal injury,05 - Turning movement,Orleans Village - Chateauneuf
1867,AVIATION PKWY @ MONTREAL RD,372148.6168,5034108.108,-75.63907398,45.44365951,2014-12-06,7:00,01 - Clear,01 - Dry,01 - Traffic signal,02 - Intersection related,03 - Dawn,02 - Non-fatal injury,03 - Rear end,Cummings
1868,FISHER AVE btwn CARLING AVE & HOLLAND AVE,365346.3332,5027943.167,-75.72677747,45.3888112,2014-08-22,14:15,01 - Clear,01 - Dry,10 - No control,01 - Non intersection,01 - Daylight,02 - Non-fatal injury,03 - Rear end,Civic Hospital - Experimental Farm - Central Park
1869,FISHER AVE @ TRENT ST,365781.3297,5026929.487,-75.72134798,45.37965259,2014-09-11,16:25,01 - Clear,01 - Dry,01 - Traffic signal,02 - Intersection related,01 - Daylight,02 - Non-fatal injury,03 - Rear end,Carlington
1870,"MONTREAL RD btwn EGLISE, RUE DE L & ST. LAURENT BLVD",371368.2854,5033731.441,-75.64909889,45.44034518,2014-08-19,19:56,01 - Clear,01 - Dry,10 - No control,04 - At/near private drive,01 - Daylight,02 - Non-fatal injury,05 - Turning movement,Vanier South
1871,BRONSON AVE @ COMMISSIONER ST/SLATER ST,366769.6693,5030948.086,-75.70822452,45.41572416,2014-12-11,6:43,01 - Clear,02 - Wet,01 - Traffic signal,03 - At intersection,07 - Dark,02 - Non-fatal injury,02 - Angle,Byward Market - Parliament Hill
1872,CHAMPLAIN BRIDGE/ISLAND PARK DR btwn BATE ISLAND & OTTAWA RIVER PKWY,363127.6739,5029669.715,-75.75490483,45.40453469,2014-07-27,13:30,01 - Clear,01 - Dry,10 - No control,07 - Overpass or bridge,01 - Daylight,02 - Non-fatal injury,03 - Rear end,Westboro
1873,LYNDA LANE @ SMYTH RD,371611.2485,5029190.6,-75.64660933,45.39946551,2014-09-15,15:29,01 - Clear,01 - Dry,02 - Stop sign,02 - Intersection related,01 - Daylight,02 - Non-fatal injury,03 - Rear end,Elmvale - Eastway - Riverview - Riverview Park West
1874,BLAIR RD @ INNES RD,375579.3273,5031439.555,-75.59560771,45.41931047,2014-09-17,9:45,02 - Rain,02 - Wet,01 - Traffic signal,02 - Intersection related,01 - Daylight,02 - Non-fatal injury,03 - Rear end,Greenbelt
1875,MONTREAL RD @ VANIER PKWY,370073.1837,5033063.696,-75.66574013,45.43445921,2014-09-17,12:13,01 - Clear,01 - Dry,01 - Traffic signal,02 - Intersection related,01 - Daylight,02 - Non-fatal injury,03 - Rear end,Vanier
1876,IRIS ST @ WOODROFFE AVE,362281.2703,5024441.52,-75.76632485,45.35756201,2014-09-15,8:40,01 - Clear,01 - Dry,01 - Traffic signal,02 - Intersection related,01 - Daylight,02 - Non-fatal injury,03 - Rear end,Iris
1877,ALTA VISTA DR @ EDGE HILL PL,370371.2457,5026294.528,-75.66283112,45.37352489,2014-09-18,17:15,01 - Clear,01 - Dry,02 - Stop sign,02 - Intersection related,01 - Daylight,02 - Non-fatal injury,03 - Rear end,Ledbury - Heron Gate - Ridgemont - Elmwood
1878,BRONSON AVE @ SOMERSET ST,366968.66,5030476.09,-75.70574183,45.41145963,2014-07-23,12:27,01 - Clear,01 - Dry,01 - Traffic signal,03 - At intersection,01 - Daylight,02 - Non-fatal injury,05 - Turning movement,Chinatown
1879,BEARBROOK RD/ROCKCLIFFE PKWY @ ST. JOSEPH BLVD,377128.5853,5035244.069,-75.57525544,45.45338262,2014-10-31,16:09,01 - Clear,01 - Dry,01 - Traffic signal,03 - At intersection,01 - Daylight,02 - Non-fatal injury,05 - Turning movement,Greenbelt
1880,HOLLAND AVE @ TYNDALL ST,365032.6609,5028916.11,-75.73066416,45.39759259,2014-10-10,9:26,01 - Clear,01 - Dry,01 - Traffic signal,03 - At intersection,01 - Daylight,02 - Non-fatal injury,07 - SMV other,Island Park
1881,CARLING AVE @ PRESTON ST,366828.7461,5028935.071,-75.70772303,45.39760638,2014-10-13,9:42,01 - Clear,01 - Dry,01 - Traffic signal,03 - At intersection,01 - Daylight,02 - Non-fatal injury,02 - Angle,Centretown West
1882,OTTAWA RIVER PKWY WB btwn TUNNEY'S PASTURE/REMIC RAPIDS ENT & PARKDALE,364037.5006,5030048.039,-75.74323799,45.40786237,2014-04-30,17:30,02 - Rain,02 - Wet,10 - No control,01 - Non intersection,01 - Daylight,02 - Non-fatal injury,03 - Rear end,Island Park
1883,OGILVIE RD @ 240 W OF BLAIR RD,374300.7507,5033077.292,-75.6117118,45.43417414,2014-06-24,15:34,02 - Rain,02 - Wet,01 - Traffic signal,02 - Intersection related,01 - Daylight,02 - Non-fatal injury,03 - Rear end,Industrial Park
1884,HAWTHORNE RD btwn STEVENAGE DR & HUNT CLUB RD,375145.4152,5027287.995,-75.60174353,45.38200064,2014-06-02,22:53,01 - Clear,01 - Dry,10 - No control,01 - Non intersection,07 - Dark,02 - Non-fatal injury,07 - SMV other,Industrial Park
1885,CUMORAH DR/RED WILLOW DR @ MAPLE RUN AVE,380652.1241,5035118.248,-75.5302316,45.45187701,2014-07-22,15:39,01 - Clear,01 - Dry,02 - Stop sign,03 - At intersection,01 - Daylight,02 - Non-fatal injury,07 - SMV other,Orleans Village - Chateauneuf
1886,HAWTHORNE RD @ STEVENAGE DR,375135.7766,5027312.091,-75.60186316,45.38221841,2014-07-30,12:37,01 - Clear,01 - Dry,01 - Traffic signal,03 - At intersection,01 - Daylight,02 - Non-fatal injury,05 - Turning movement,Industrial Park
1887,DALHOUSIE ST @ MURRAY ST,367999.5722,5032573.898,-75.69230324,45.43024266,2014-11-13,17:07,01 - Clear,01 - Dry,01 - Traffic signal,02 - Intersection related,05 - Dusk,02 - Non-fatal injury,03 - Rear end,Byward Market
1888,KIRKWOOD AVE @ IONA ST,363993.6904,5028136.064,-75.74402707,45.39066248,2014-10-20,15:54,02 - Rain,02 - Wet,02 - Stop sign,02 - Intersection related,01 - Daylight,02 - Non-fatal injury,99 - Other,Westboro
1889,EAGLESON RD @ HAZELDEAN RD/ROBERTSON RD,353675.5251,5018423.985,-75.87675327,45.30406794,2014-10-12,11:45,01 - Clear,01 - Dry,01 - Traffic signal,02 - Intersection related,01 - Daylight,02 - Non-fatal injury,03 - Rear end,Greenbelt
1890,INDUSTRIAL AVE btwn SANDFORD FLEMING AVE & NEIGHBORHOOD WAY,371060.5532,5030530.082,-75.65346267,45.41156997,2014-09-24,11:44,01 - Clear,01 - Dry,10 - No control,01 - Non intersection,01 - Daylight,02 - Non-fatal injury,03 - Rear end,Industrial Park
1891,PLACE D'ORLEANS DR @ OR174 IC102 RAMP51/TRANSI,381391.6271,5038029.803,-75.52032477,45.47799212,2014-01-10,7:31,01 - Clear,02 - Wet,01 - Traffic signal,03 - At intersection,03 - Dawn,02 - Non-fatal injury,02 - Angle,Industrial Park
1892,TERRY FOX DR @ WESTPHALIAN AVE,353455.2261,5015759.789,-75.87982363,45.28011017,2014-06-27,10:27,01 - Clear,01 - Dry,01 - Traffic signal,02 - Intersection related,01 - Daylight,02 - Non-fatal injury,03 - Rear end,Glen Cairn - Kanata South Business Park
1893,ORLEANS BLVD @ MAPLE RUN AVE/BEAUSEJOUR DR S,380575.4908,5035313.445,-75.53118114,45.45364156,2014-07-30,18:27,01 - Clear,01 - Dry,01 - Traffic signal,03 - At intersection,01 - Daylight,02 - Non-fatal injury,02 - Angle,Orleans Village - Chateauneuf
1894,BARNSDALE RD @ PRINCE OF WALES DR,366644.7685,5011532.895,-75.71224557,45.2410402,2014-08-25,7:54,01 - Clear,01 - Dry,02 - Stop sign,03 - At intersection,01 - Daylight,02 - Non-fatal injury,02 - Angle,New Barrhaven
1895,HAWTHORNE RD @ HUNT CLUB RD,375508.7138,5026405.083,-75.5972315,45.37402006,2014-09-24,20:08,01 - Clear,01 - Dry,01 - Traffic signal,03 - At intersection,07 - Dark,02 - Non-fatal injury,05 - Turning movement,Industrial Park
1896,BANKFIELD RD @ PRINCE OF WALES DR,366378.726,5008975.868,-75.71595041,45.21805534,2014-09-25,15:33,01 - Clear,01 - Dry,01 - Traffic signal,03 - At intersection,01 - Daylight,02 - Non-fatal injury,05 - Turning movement,Manotick
1897,CHAPMAN MILLS DR @ LONGFIELDS DR,364841.826,5014582.921,-75.73484018,45.26864047,2014-12-01,15:24,01 - Clear,01 - Dry,02 - Stop sign,03 - At intersection,01 - Daylight,02 - Non-fatal injury,02 - Angle,New Barrhaven
1898,BLACKBURN BYPASS @ INNES RD W,377189.8335,5032176.262,-75.57492367,45.42577413,2014-12-06,19:59,01 - Clear,02 - Wet,01 - Traffic signal,03 - At intersection,07 - Dark,02 - Non-fatal injury,05 - Turning movement,Greenbelt
1899,OTTAWA RIVER PKWY WB btwn OTTAWA RIVER PKWY WB RAMP/CARLING AVE WB & W,361183.0975,5026580.774,-75.78009637,45.37690005,2014-02-13,7:45,01 - Clear,06 - Ice,10 - No control,01 - Non intersection,01 - Daylight,02 - Non-fatal injury,07 - SMV other,Woodroffe - Lincoln Heights
1900,EASTVALE DR N @ OGILVIE RD,374979.0862,5036047.437,-75.6026194,45.46083001,2014-06-27,16:56,01 - Clear,01 - Dry,02 - Stop sign,03 - At intersection,01 - Daylight,02 - Non-fatal injury,05 - Turning movement,Beacon Hill North
1901,RICHMOND RD @ WEST HUNT CLUB RD,357146.6112,5018151.017,-75.83252271,45.30136164,2014-06-27,12:11,01 - Clear,01 - Dry,01 - Traffic signal,03 - At intersection,01 - Daylight,02 - Non-fatal injury,05 - Turning movement,Greenbelt
1902,ST. LAURENT BLVD btwn INDUSTRIAL AVE & BOURASSA ST,373179.5061,5029819.107,-75.6264929,45.40496911,2014-08-18,17:12,01 - Clear,01 - Dry,10 - No control,01 - Non intersection,01 - Daylight,02 - Non-fatal injury,03 - Rear end,Industrial Park
1903,DUNDONALD DR @ GREENBANK RD,365090.6441,5012122.311,-75.73196813,45.24647859,2014-09-25,16:02,01 - Clear,01 - Dry,02 - Stop sign,02 - Intersection related,01 - Daylight,02 - Non-fatal injury,07 - SMV other,New Barrhaven
1904,ANDERSON RD @ HWY 417 ANDERSON IC104R15,380161.8416,5025670.026,-75.53794332,45.36692151,2014-11-05,20:20,01 - Clear,01 - Dry,10 - No control,02 - Intersection related,07 - Dark,02 - Non-fatal injury,05 - Turning movement,Greenbelt
1905,FOURTH LINE RD btwn CENTURY RD W & CARSONBY RD W,362970.52,5003219.333,-75.76001315,45.16654671,2014-10-29,17:57,01 - Clear,01 - Dry,10 - No control,01 - Non intersection,05 - Dusk,02 - Non-fatal injury,07 - SMV other,Munster Hamlet - Richmond
1906,EARL MULLIGAN DR @ LONG GATE CRT,364889.6629,5017299.942,-75.73390165,45.29308408,2014-10-29,18:40,01 - Clear,01 - Dry,02 - Stop sign,03 - At intersection,07 - Dark,02 - Non-fatal injury,07 - SMV other,New Barrhaven
1907,OTTAWA RIVER PKWY EB btwn TURN LANE & TRANSIT,361441.8835,5027043.867,-75.77673931,45.38104605,2014-05-29,7:05,01 - Clear,01 - Dry,10 - No control,01 - Non intersection,01 - Daylight,02 - Non-fatal injury,03 - Rear end,Woodroffe - Lincoln Heights
1908,HAWTHORNE AVE/ISABELLA ST @ QUEEN ELIZABETH DR,368664.7614,5030477.047,-75.68407473,45.41131551,2014-08-05,14:30,01 - Clear,01 - Dry,01 - Traffic signal,03 - At intersection,01 - Daylight,02 - Non-fatal injury,02 - Angle,The Glebe
1909,BANK ST @ CONROY RD,375044.7501,5022239.924,-75.60374621,45.33659045,2014-09-18,11:30,01 - Clear,01 - Dry,01 - Traffic signal,02 - Intersection related,01 - Daylight,02 - Non-fatal injury,05 - Turning movement,Greenbelt
1910,PRINCE OF WALES DR @ STRANDHERD DR,367173.7883,5014823.59,-75.70509476,45.27060305,2014-12-11,7:59,03 - Snow,04 - Slush,01 - Traffic signal,02 - Intersection related,01 - Daylight,02 - Non-fatal injury,03 - Rear end,Greenbelt
1911,AMBLESIDE DR btwn MCEWEN AVE & NEW ORCHARD AVE,361097.3396,5026094.192,-75.78124671,45.37252872,2014-06-26,13:33,01 - Clear,01 - Dry,10 - No control,04 - At/near private drive,01 - Daylight,02 - Non-fatal injury,02 - Angle,Woodroffe - Lincoln Heights
1912,RICHMOND RD btwn FALLOWFIELD RD & RUSHMORE RD,358115.3122,5012600.741,-75.82076766,45.25134655,2014-06-30,1:18,01 - Clear,01 - Dry,10 - No control,04 - At/near private drive,07 - Dark,02 - Non-fatal injury,03 - Rear end,Munster Hamlet - Richmond
1913,MERIVALE RD @ 210 S OF MEADOWLANDS DR,364943.6804,5023529.089,-75.73245657,45.34912876,2014-08-27,11:37,01 - Clear,01 - Dry,01 - Traffic signal,02 - Intersection related,01 - Daylight,02 - Non-fatal injury,03 - Rear end,Borden Farm - Stewart Farm - Parkwood Hills - Fisher Glen
1914,CENTURY RD S @ MCCORDICK RD S,360469.3303,5003124.207,-75.79183888,45.16589245,2014-09-26,15:20,01 - Clear,01 - Dry,02 - Stop sign,03 - At intersection,01 - Daylight,02 - Non-fatal injury,02 - Angle,Munster Hamlet - Richmond
1915,VIEWMOUNT DR btwn EUROPA PRIV & CHESTERTON DR,366224.7927,5023504.816,-75.71611177,45.34879932,2014-10-17,14:52,02 - Rain,02 - Wet,10 - No control,01 - Non intersection,01 - Daylight,02 - Non-fatal injury,03 - Rear end,Borden Farm - Stewart Farm - Parkwood Hills - Fisher Glen
1916,SMYTH RD @ SMYTH RD NORTH SIDE RAMP/SMYTH RD S,369918.1516,5029122.837,-75.66824215,45.39901532,2014-10-21,10:31,01 - Clear,01 - Dry,03 - Yield sign,02 - Intersection related,01 - Daylight,02 - Non-fatal injury,03 - Rear end,Alta Vista
1917,COLONEL BY DR btwn ECHO DR & CLEGG ST (1),368900.7268,5030238.156,-75.68109145,45.40914448,2014-01-05,12:42,03 - Snow,04 - Slush,10 - No control,01 - Non intersection,01 - Daylight,02 - Non-fatal injury,01 - Approaching,Old Ottawa East
1918,COVENTRY RD @ LOLA ST,371263.7176,5031615.047,-75.65072102,45.42131276,2014-01-09,6:50,01 - Clear,01 - Dry,01 - Traffic signal,02 - Intersection related,07 - Dark,02 - Non-fatal injury,07 - SMV other,Overbrook
1919,COVENTRY RD @ VANIER PKWY,370679.2765,5031612.185,-75.65818863,45.42134229,2014-04-14,15:20,01 - Clear,01 - Dry,01 - Traffic signal,02 - Intersection related,01 - Daylight,02 - Non-fatal injury,03 - Rear end,Overbrook
1920,COLONNADE RD    N btwn COLONNADE RD & CORINTH PRIV,366244.0153,5023036.574,-75.71592465,45.34458448,2014-08-25,15:15,01 - Clear,01 - Dry,10 - No control,04 - At/near private drive,01 - Daylight,02 - Non-fatal injury,03 - Rear end,Industrial Park
1921,BAYSHORE DR btwn WOODRIDGE CRES N & BAYSHORE CS,359095.4929,5023840.008,-75.80705023,45.35240355,2014-09-04,0:59,01 - Clear,01 - Dry,10 - No control,01 - Non intersection,07 - Dark,02 - Non-fatal injury,07 - SMV other,Bayshore
1922,CARLING AVE EB btwn FOX CRES & WOODROFFE AVE,361658.1741,5025662.129,-75.7741368,45.36859577,2014-11-20,15:07,01 - Clear,01 - Dry,10 - No control,04 - At/near private drive,01 - Daylight,02 - Non-fatal injury,07 - SMV other,Carlingwood West - Glabar Park - McKellar Heights
1923,BRONSON AVE @ BRONSON AVE SB ON RAMP 43,367799.6356,5028319.036,-75.695402,45.39197679,2014-11-20,17:48,01 - Clear,01 - Dry,03 - Yield sign,02 - Intersection related,07 - Dark,02 - Non-fatal injury,07 - SMV other,Carleton University
1924,ISLAND PARK DR @ MERIVALE RD,364653.7044,5028024.97,-75.73561214,45.38960679,2014-05-30,9:00,01 - Clear,01 - Dry,01 - Traffic signal,03 - At intersection,01 - Daylight,02 - Non-fatal injury,02 - Angle,Westboro