Record,Location,X,Y,lon,lat,Date,Time,Environment,Road_Surface,Traffic_Control,Collision_Location,Light,Collision_Classification,Impact_type,Neighborhood
1925,QUEEN MARY ST @ VERA ST,370523.6772,5031973.095,-75.66012853,45.42460424,2014-06-26,15:38,01 - Clear,01 - Dry,02 - Stop sign,03 - At intersection,01 - Daylight,02 - Non-fatal injury,02 - Angle,Overbrook
1926,BASELINE RD @ CLYDE AVE,364360.631,5024888.103,-75.73973296,45.36140675,2014-07-03,6:05,01 - Clear,01 - Dry,01 - Traffic signal,03 - At intersection,01 - Daylight,02 - Non-fatal injury,02 - Angle,Braemar Park - Bel Air Heights - Copeland Park
1927,CYRVILLE RD @ OGILVIE RD,372453.7191,5032003.16,-75.63546351,45.42469075,2014-07-12,19:17,01 - Clear,01 - Dry,01 - Traffic signal,02 - Intersection related,01 - Daylight,02 - Non-fatal injury,03 - Rear end,Cummings
1928,CENTRAL PARK DR N @ MERIVALE RD,364952.9039,5025871.178,-75.73205383,45.37020173,2014-08-12,17:30,02 - Rain,02 - Wet,01 - Traffic signal,03 - At intersection,01 - Daylight,02 - Non-fatal injury,03 - Rear end,Civic Hospital - Experimental Farm - Central Park
1929,PALOMINO DR btwn APPALOOSA DR & DARTMOOR DR,354217.3586,5017699.941,-75.86991655,45.29751494,2014-07-19,16:37,01 - Clear,01 - Dry,10 - No control,01 - Non intersection,01 - Daylight,02 - Non-fatal injury,07 - SMV other,Bridlewood - Emerald Meadows
1930,MERIVALE RD btwn COLONNADE RD & WOODFIELD DR/ROYDON PL,365369.4781,5022527.629,-75.72714574,45.34008112,2014-10-07,16:10,01 - Clear,01 - Dry,10 - No control,01 - Non intersection,01 - Daylight,02 - Non-fatal injury,03 - Rear end,Tanglewood
1931,HIGHWAY 417 btwn HWY417 IC119A RAMP75 & HWY417 IC118 RAMP57,368629.0459,5030536.159,-75.68452332,45.41185064,2014-06-06,23:17,01 - Clear,01 - Dry,10 - No control,01 - Non intersection,07 - Dark,02 - Non-fatal injury,03 - Rear end,The Glebe
1932,NICHOLAS ST SB btwn Continuation of NICHOLAS ST & HWY417 IC118 RAMP35,368763.2319,5031498.07,-75.68268429,45.42049333,2014-05-10,2:11,02 - Rain,02 - Wet,10 - No control,01 - Non intersection,07 - Dark,02 - Non-fatal injury,07 - SMV other,Sandy Hill
1933,CAMPEAU DR @ CONACHER GT,351581.257,5019751.731,-75.90333195,45.31615793,2014-07-17,11:07,01 - Clear,01 - Dry,02 - Stop sign,03 - At intersection,01 - Daylight,02 - Non-fatal injury,02 - Angle,Kanata
1934,MEADOWLANDS DR/TALLWOOD DR @ WOODROFFE AVE,363054.7619,5022730.012,-75.75665467,45.34209817,2014-08-26,8:59,01 - Clear,01 - Dry,01 - Traffic signal,02 - Intersection related,01 - Daylight,02 - Non-fatal injury,03 - Rear end,Crestview - Meadowlands
1935,ALBERT ST @ KENT ST (OTTAWA),367220.7309,5031320.055,-75.70241482,45.41903093,2014-09-19,10:23,01 - Clear,01 - Dry,01 - Traffic signal,03 - At intersection,01 - Daylight,02 - Non-fatal injury,02 - Angle,Downtown
1936,RIVERSIDE DR btwn RIVERSIDE DR RAMP 42A & RIVERSIDE DR SPLIT,368476.4664,5027296.927,-75.68689062,45.38271894,2014-09-27,19:00,01 - Clear,01 - Dry,10 - No control,01 - Non intersection,05 - Dusk,02 - Non-fatal injury,04 - Sideswipe,Alta Vista
1937,DONALD ST @ ST. LAURENT BLVD,372093.7129,5032472.103,-75.63999938,45.42894481,2014-12-23,18:39,02 - Rain,02 - Wet,01 - Traffic signal,03 - At intersection,07 - Dark,02 - Non-fatal injury,07 - SMV other,Overbrook
1938,CLEARVIEW AVE @ ISLAND PARK DR,363546.6893,5029365.04,-75.74958895,45.40175824,2014-02-25,16:50,01 - Clear,01 - Dry,02 - Stop sign,03 - At intersection,01 - Daylight,02 - Non-fatal injury,02 - Angle,Westboro Beach
1939,COLONNADE RD @ PRINCE OF WALES DR,367394.7116,5023266.034,-75.70121322,45.34654737,2014-06-13,11:32,02 - Rain,02 - Wet,01 - Traffic signal,02 - Intersection related,01 - Daylight,02 - Non-fatal injury,03 - Rear end,Industrial Park
1940,SUSSEX DR @ YORK ST,367807.1004,5032234.816,-75.69480619,45.42720909,2014-05-31,20:12,01 - Clear,01 - Dry,01 - Traffic signal,03 - At intersection,01 - Daylight,02 - Non-fatal injury,05 - Turning movement,Byward Market
1941,ALTA VISTA DR @ BANK ST,370249.033,5026201.221,-75.66440364,45.37269677,2014-07-04,19:22,01 - Clear,01 - Dry,01 - Traffic signal,02 - Intersection related,01 - Daylight,02 - Non-fatal injury,04 - Sideswipe,Ledbury - Heron Gate - Ridgemont - Elmwood
1942,MONTREAL RD @ ST. LAURENT BLVD,371545.7029,5033815.185,-75.64681997,45.44108175,2014-09-08,13:54,01 - Clear,01 - Dry,01 - Traffic signal,02 - Intersection related,01 - Daylight,02 - Non-fatal injury,03 - Rear end,Cummings
1943,MOODIE DR @ ROBERTSON RD,357066.6521,5020454.996,-75.83329918,45.32209908,2014-09-02,17:47,02 - Rain,02 - Wet,01 - Traffic signal,02 - Intersection related,01 - Daylight,02 - Non-fatal injury,07 - SMV other,Bells Corners West
1944,HIGHWAY 417 btwn HWY417 IC117 RAMP51 & HWY417 IC117 RAMP35,370599.6685,5031159.04,-75.65926627,45.41727256,2014-07-25,0:54,01 - Clear,01 - Dry,10 - No control,01 - Non intersection,07 - Dark,02 - Non-fatal injury,03 - Rear end,Industrial Park
1945,HIGHWAY 417 btwn HWY417 IC122 RAMP16 & HWY417 IC122 RAMP61,365333.9721,5028900.814,-75.72681782,45.39742897,2014-08-15,15:20,02 - Rain,02 - Wet,10 - No control,01 - Non intersection,01 - Daylight,02 - Non-fatal injury,03 - Rear end,Civi
1946,HIGHWAY 417 btwn HIGHWAY 417 & Continuation of HIGHWAY 417,353026.5787,5020254.27,-75.88484982,45.32058209,2014-08-27,6:54,01 - Clear,01 - Dry,10 - No control,01 - Non intersection,01 - Daylight,02 - Non-fatal injury,03 - Rear end,Greenbelt
1947,COLONEL BY DR btwn ECHO DR & CLEGG ST (2),368889.506,5028832.83,-75.68141742,45.39650085,2014-03-01,10:09,03 - Snow,04 - Slush,10 - No control,01 - Non intersection,01 - Daylight,02 - Non-fatal injury,07 - SMV other,Old Ottawa South
1948,CARLING AVE WB btwn CARLING AVE WB RAMP/OTTAWA RIVER PKWY & TRANSIT,360952.0246,5025230.754,-75.78319996,45.36477122,2014-03-01,18:27,03 - Snow,02 - Wet,10 - No control,01 - Non intersection,07 - Dark,02 - Non-fatal injury,01 - Approaching,Woodroffe - Lincoln Heights
1949,BANK ST @ BILLINGS TRANSIT,369445.0915,5027740.746,-75.67446502,45.38662356,2014-07-22,10:48,01 - Clear,01 - Dry,01 - Traffic signal,02 - Intersection related,01 - Daylight,02 - Non-fatal injury,03 - Rear end,Alta Vista
1950,OLD INNES RD @ BANTREE ST,373728.6936,5030352.078,-75.61940368,45.40971067,2014-09-10,14:28,01 - Clear,01 - Dry,02 - Stop sign,03 - At intersection,01 - Daylight,02 - Non-fatal injury,02 - Angle,Industrial Park
1951,BANK ST btwn RIVERSIDE DR & BILLINGS TRANSIT,369402.0665,5027790.938,-75.67500784,45.38707914,2014-08-06,8:44,01 - Clear,01 - Dry,10 - No control,04 - At/near private drive,01 - Daylight,02 - Non-fatal injury,05 - Turning movement,Alta Vista
1952,DONNELLY DR btwn Continuation of DONNELLY DR & MILL POND LANE,359816.4563,4982736.774,-75.80237906,44.98248858,2014-10-31,8:48,01 - Clear,01 - Dry,10 - No control,01 - Non intersection,01 - Daylight,02 - Non-fatal injury,07 - SMV other,Munster Hamlet - Richmond
1953,CARLING AVE @ HOLLAND AVE,365417.6626,5028038.065,-75.72585496,45.38965891,2014-09-18,16:42,01 - Clear,01 - Dry,01 - Traffic signal,03 - At intersection,01 - Daylight,02 - Non-fatal injury,02 - Angle,Civic Hospital - Experimental Farm - Central Park
1954,HIGHWAY 417 btwn HWY417 IC117 RAMP25 & HWY417 IC115 RAMP51,371540.1066,5031398.191,-75.64721907,45.41933527,2014-09-30,8:15,01 - Clear,01 - Dry,10 - No control,01 - Non intersection,01 - Daylight,02 - Non-fatal injury,03 - Rear end,Industrial Park
1955,NAVAN RD W @ MER BLEUE RD,384007.6663,5032256.621,-75.48779812,45.42575834,2014-10-25,1:15,01 - Clear,01 - Dry,02 - Stop sign,02 - Intersection related,07 - Dark,02 - Non-fatal injury,07 - SMV other,Chapel Hill South
1956,ST. LAURENT BLVD btwn MEADOW PARK PL & KAREN WAY,371263.9569,5034496.502,-75.65032897,45.44723877,2014-07-16,9:01,01 - Clear,01 - Dry,10 - No control,01 - Non intersection,01 - Daylight,02 - Non-fatal injury,07 - SMV other,Cemetery
1957,JEANNE D'ARC BLVD btwn CATTAIL WAY & MILLROAD WAY,381903.8042,5039083.757,-75.51360907,45.48741831,2014-06-20,17:30,01 - Clear,01 - Dry,10 - No control,01 - Non intersection,01 - Daylight,02 - Non-fatal injury,07 - SMV other,Chatelaine Village
1958,CONROY RD @ JOHNSTON RD,373395.8432,5026308.942,-75.62421756,45.37336504,2014-08-14,13:46,01 - Clear,01 - Dry,01 - Traffic signal,02 - Intersection related,01 - Daylight,02 - Non-fatal injury,03 - Rear end,Hunt Club
1959,INDUSTRIAL AVE @ RIVERSIDE DR,370684.7186,5030592.071,-75.65825549,45.4121632,2014-09-23,11:48,01 - Clear,01 - Dry,01 - Traffic signal,02 - Intersection related,01 - Daylight,02 - Non-fatal injury,03 - Rear end,Industrial Park
1960,RIDEAU ST btwn AUGUSTA ST & COBOURG ST,369023.4114,5032724.487,-75.67920017,45.43150434,2014-08-26,15:45,01 - Clear,01 - Dry,10 - No control,01 - Non intersection,01 - Daylight,02 - Non-fatal injury,07 - SMV other,Lower Town
1961,HIGHWAY 417 btwn HWY417 IC117 RAMP61 & HWY417 IC115 RAMP36,371561.3115,5031421.324,-75.64694502,45.41954139,2014-10-27,6:45,01 - Clear,01 - Dry,10 - No control,01 - Non intersection,03 - Dawn,02 - Non-fatal injury,03 - Rear end,Overbrook
1962,HIGHWAY 417 btwn HWY417 IC155 RAMP61 & HWY417 IC145 RAMP56,345973.9894,5014808.531,-75.97525659,45.27202833,2014-11-07,0:00,03 - Snow,03 - Loose snow,10 - No control,01 - Non intersection,00 - Unknown,02 - Non-fatal injury,07 - SMV other,Stittsville - Basswood
1963,CHAMPLAIN ST @ JEANNE D'ARC BLVD,381381.6724,5038723.116,-75.52034397,45.48423105,2014-08-14,12:25,01 - Clear,01 - Dry,01 - Traffic signal,03 - At intersection,01 - Daylight,02 - Non-fatal injury,02 - Angle,Orleans South West
1964,METCALFE ST @ SLATER ST,367730.7327,5031550.058,-75.69586951,45.42105474,2014-06-19,14:30,01 - Clear,01 - Dry,01 - Traffic signal,03 - At intersection,01 - Daylight,02 - Non-fatal injury,07 - SMV other,Downtown
1965,BEARBROOK RD @ WESTPARK DR N,377563.7381,5033796.573,-75.56990668,45.44031385,2014-10-27,16:36,01 - Clear,01 - Dry,01 - Traffic signal,03 - At intersection,01 - Daylight,03 - P.D. only,03 - Rear end,Greenbelt
1966,FLORENCE ST btwn KENT ST & BANK ST,367720.9476,5030537.303,-75.69612384,45.41194317,2014-09-15,13:02,01 - Clear,01 - Dry,10 - No control,01 - Non intersection,01 - Daylight,02 - Non-fatal injury,07 - SMV other,Centretown
1967,MARIER AVE @ MONTFORT ST,370260.7137,5033540.106,-75.66328021,45.43872821,2014-09-02,6:19,01 - Clear,01 - Dry,02 - Stop sign,03 - At intersection,03 - Dawn,02 - Non-fatal injury,02 - Angle,Vanier North
1968,ALTA VISTA DR @ KILBORN AVE,370365.7231,5027752.021,-75.66270807,45.38663944,2014-09-11,14:26,01 - Clear,01 - Dry,01 - Traffic signal,03 - At intersection,01 - Daylight,02 - Non-fatal injury,05 - Turning movement,Alta Vista
1969,ISLAND PARK DR @ SCOTT ST,363833.2421,5029042.002,-75.74596761,45.3988275,2014-04-01,20:20,01 - Clear,01 - Dry,01 - Traffic signal,03 - At intersection,07 - Dark,02 - Non-fatal injury,07 - SMV other,Island Park
1970,ISLAND PARK DR btwn CLEARVIEW AVE & OTTAWA RIVER PKWY,363530.5373,5029372.641,-75.74979435,45.40182798,2014-03-11,16:05,01 - Clear,02 - Wet,10 - No control,01 - Non intersection,01 - Daylight,02 - Non-fatal injury,03 - Rear end,Westboro Beach
1971,KANATA AVE btwn HWY417 IC139 RAMP15 & AIRD PL,351728.8929,5019133.642,-75.90150758,45.31058636,2014-07-22,19:35,01 - Clear,01 - Dry,10 - No control,01 - Non intersection,01 - Daylight,02 - Non-fatal injury,03 - Rear end,Katimavik - Hazeldean
1972,INNES RD btwn ORIENT PARK DR & EASTPARK DR,378431.253,5033102.008,-75.55892317,45.4339738,2014-09-22,14:36,01 - Clear,01 - Dry,10 - No control,01 - Non intersection,01 - Daylight,02 - Non-fatal injury,07 - SMV other,Blackburn Hamlet
1973,RICHMOND RD @ EDGEWORTH AVE/MCEWEN AVE,361075.6826,5025883.047,-75.78154725,45.37063059,2014-09-15,21:26,02 - Rain,02 - Wet,01 - Traffic signal,03 - At intersection,07 - Dark,02 - Non-fatal injury,02 - Angle,Woodroffe - Lincoln Heights
1974,DONALD ST @ ST. LAURENT BLVD,372093.7129,5032473.067,-75.63999925,45.42895348,2014-07-20,18:00,01 - Clear,01 - Dry,01 - Traffic signal,02 - Intersection related,01 - Daylight,02 - Non-fatal injury,03 - Rear end,Overbrook
1975,OTTAWA RIVER PKWY @ REMIC RAPIDS ENT/TUNNEY'S ,364263.2714,5030245.722,-75.74033016,45.40962193,2014-01-27,6:45,03 - Snow,03 - Loose snow,01 - Traffic signal,03 - At intersection,07 - Dark,02 - Non-fatal injury,02 - Angle,Island Park
1976,WOODROFFE AVE @ TECUMSEH ST,362368.6891,5024229.991,-75.76523379,45.35565152,2014-07-14,17:45,01 - Clear,01 - Dry,02 - Stop sign,02 - Intersection related,01 - Daylight,02 - Non-fatal injury,03 - Rear end,Iris
1977,HOLLAND AVE @ TYNDALL ST,365029.7693,5028918.038,-75.73070086,45.39761018,2014-08-01,17:54,01 - Clear,01 - Dry,01 - Traffic signal,02 - Intersection related,01 - Daylight,02 - Non-fatal injury,04 - Sideswipe,Island Park
1978,BLAIR RD btwn SEGUIN ST & MOWAT ST,374189.1126,5034010.169,-75.61300696,45.44257874,2014-09-19,17:56,01 - Clear,01 - Dry,10 - No control,01 - Non intersection,01 - Daylight,02 - Non-fatal injury,03 - Rear end,Beacon Hill South - Cardinal Heights
1979,LODGE RD N @ PRINCE OF WALES DR,367061.6338,5014589.884,-75.70655324,45.26851011,2014-10-06,17:47,01 - Clear,01 - Dry,02 - Stop sign,03 - At intersection,01 - Daylight,02 - Non-fatal injury,05 - Turning movement,Greenbelt
1980,WEST HUNT CLUB RD btwn MOODIE DR & RICHMOND RD,357417.7758,5018277.174,-75.82905191,45.30247656,2014-10-07,6:48,02 - Rain,02 - Wet,10 - No control,01 - Non intersection,03 - Dawn,02 - Non-fatal injury,03 - Rear end,Greenbelt
1981,LAURIER AVE   W btwn METCALFE ST & ELGIN ST,367921.2995,5031534.176,-75.69343672,45.42089467,2014-08-11,9:37,01 - Clear,01 - Dry,10 - No control,01 - Non intersection,01 - Daylight,02 - Non-fatal injury,04 - Sideswipe,Downtown
1982,ST. JOSEPH BLVD btwn ST. JOSEPH BLVD & PLACE D'ORLEANS DR,381844.4463,5037872.733,-75.51455831,45.47652912,2014-09-22,12:20,01 - Clear,01 - Dry,10 - No control,01 - Non intersection,01 - Daylight,02 - Non-fatal injury,07 - SMV other,Queenswood Heights
1983,MONTREAL RD @ ST. LAURENT BLVD,371547.6306,5033817.113,-75.64679507,45.44109892,2014-11-09,12:14,01 - Clear,01 - Dry,01 - Traffic signal,02 - Intersection related,01 - Daylight,02 - Non-fatal injury,03 - Rear end,Cummings
1984,LEMIEUX ST @ ST. LAURENT BLVD,372391.7023,5031742.814,-75.63629164,45.42235427,2014-10-07,13:26,01 - Clear,01 - Dry,01 - Traffic signal,02 - Intersection related,01 - Daylight,02 - Non-fatal injury,03 - Rear end,Overbrook
1985,HWY 417 RR 174 IC113R35/HWY 417 RR 174 IC113R8,373428.1348,5031900.245,-75.6230274,45.42366985,2014-04-27,13:44,01 - Clear,01 - Dry,10 - No control,03 - At intersection,01 - Daylight,02 - Non-fatal injury,07 - SMV other,Industrial Park
1986,BELISLE ST/DIEPPE ST @ MCARTHUR AVE,371325.686,5032811.096,-75.64976772,45.43206839,2014-08-30,19:02,01 - Clear,01 - Dry,02 - Stop sign,03 - At intersection,01 - Daylight,02 - Non-fatal injury,05 - Turning movement,Castle Heights
1987,EAGLESON RD btwn MICHAEL COWPLAND DR/STONEHAVEN DR & 240 N OF CADENCE ,354421.1802,5016527.54,-75.86743522,45.28695105,2014-10-15,21:16,02 - Rain,02 - Wet,10 - No control,01 - Non intersection,07 - Dark,02 - Non-fatal injury,07 - SMV other,Glen Cairn - Kanata South Business Park
1988,BANK ST @ WALKLEY RD,370338.8159,5025946.289,-75.66329132,45.37039458,2014-09-21,17:24,01 - Clear,01 - Dry,01 - Traffic signal,02 - Intersection related,01 - Daylight,02 - Non-fatal injury,03 - Rear end,Ledbury - Heron Gate - Ridgemont - Elmwood
1989,DATA CENTRE RD @ RIVERSIDE DR,368897.449,5027670.461,-75.68146697,45.38604149,2014-09-30,8:31,01 - Clear,01 - Dry,01 - Traffic signal,02 - Intersection related,01 - Daylight,02 - Non-fatal injury,07 - SMV other,Alta Vista
1990,TENTH LINE RD @ TENTH LINE RD,383528.3483,5037153.973,-75.49313874,45.46987455,2014-09-27,16:42,01 - Clear,01 - Dry,01 - Traffic signal,03 - At intersection,01 - Daylight,02 - Non-fatal injury,05 - Turning movement,Orlans
1991,HIGHWAY 417 btwn HWY417 IC96 RAMP61 & HIGHWAY 417,387601.4806,5023851.123,-75.44329032,45.34971724,2014-11-27,9:49,01 - Clear,01 - Dry,10 - No control,01 - Non intersection,01 - Daylight,02 - Non-fatal injury,07 - SMV other,Navan - Vars
1992,CARP RD btwn THOMAS A. DOLAN PKWY & NORMA LANE,338089.1637,5024872.343,-76.0750656,45.36300477,2014-10-25,17:24,02 - Rain,02 - Wet,10 - No control,04 - At/near private drive,01 - Daylight,02 - Non-fatal injury,07 - SMV other,Carp - Hardwood Plains
1993,GREENBANK RD btwn HIGHBURY PARK DR & WESSEX RD,363641.0214,5015464.667,-75.75003715,45.27667593,2014-12-06,13:15,01 - Clear,01 - Dry,10 - No control,01 - Non intersection,01 - Daylight,02 - Non-fatal injury,03 - Rear end,Barrhaven West - Old Barrhaven
1994,ASHWOOD CRES @ DARLY PL,364808.5126,5023589.179,-75.73417411,45.34968102,2014-12-07,0:45,01 - Clear,01 - Dry,10 - No control,03 - At intersection,07 - Dark,02 - Non-fatal injury,07 - SMV other,Crestview - Meadowlands
1995,BRANT ST @ MCARTHUR AVE,371263.6834,5032805.095,-75.65056087,45.43202029,2014-11-26,10:55,01 - Clear,01 - Dry,01 - Traffic signal,02 - Intersection related,01 - Daylight,02 - Non-fatal injury,03 - Rear end,Vanier South
1996,FALLOWFIELD RD @ GREENBANK RD,363081.6258,5016730.08,-75.75701775,45.28810874,2014-12-12,19:04,01 - Clear,02 - Wet,01 - Traffic signal,03 - At intersection,07 - Dark,02 - Non-fatal injury,05 - Turning movement,Barrhaven West - Old Barrhaven
1997,HIGHWAY 416 btwn HWY416 IC57 RAMP24 & HWY416 IC49 RAMP42,368961.4125,5001937.952,-75.68397505,45.15449759,2014-02-28,7:45,05 - Drifting Snow,05 - Packed snow,10 - No control,01 - Non intersection,01 - Daylight,02 - Non-fatal injury,07 - SMV other,Kars - Osgoode
1998,DALHOUSIE ST @ RIDEAU ST,368205.759,5032227.106,-75.68971307,45.42710369,2014-09-17,21:58,02 - Rain,02 - Wet,01 - Traffic signal,03 - At intersection,07 - Dark,02 - Non-fatal injury,05 - Turning movement,Byward Market - Parliament Hill
1999,RIDEAU ST @ 88 W OF WILLIAM ST/FREIMAN MALL,368025.6245,5032109.629,-75.69202993,45.42606298,2014-10-05,8:20,01 - Clear,01 - Dry,01 - Traffic signal,02 - Intersection related,01 - Daylight,02 - Non-fatal injury,07 - SMV other,Byward Market - Parliament Hill
2000,CHARLOTTE ST btwn STEWART ST & WILBROD ST,369409.0639,5032600.563,-75.67428816,45.43035379,2014-12-06,18:50,01 - Clear,02 - Wet,10 - No control,01 - Non intersection,07 - Dark,02 - Non-fatal injury,05 - Turning movement,Sandy Hill
2001,MERIVALE RD @ EMERALD PLAZA SC,364737.135,5024004.975,-75.73503455,45.3534284,2014-10-20,19:35,02 - Rain,02 - Wet,01 - Traffic signal,03 - At intersection,07 - Dark,02 - Non-fatal injury,07 - SMV other,Cityview - Skyline - Fisher Heights
2002,RUSSELL RD btwn SOUTHVALE CRES & TUPPER AVE,373809.1825,5029089.473,-75.61855221,45.39834242,2014-12-10,18:32,03 - Snow,04 - Slush,10 - No control,01 - Non intersection,07 - Dark,02 - Non-fatal injury,07 - SMV other,Sheffield Glen
2003,MARCH RD @ MAXWELL RD,347976.6505,5025470.909,-75.94880525,45.36785154,2014-10-24,9:54,01 - Clear,01 - Dry,02 - Stop sign,03 - At intersection,01 - Daylight,02 - Non-fatal injury,02 - Angle,Carp - Hardwood Plains
2004,ST. LAURENT BLVD @ COVENTRY RD/OGILVIE RD,372304.7694,5031953,-75.63737357,45.42425382,2014-10-25,21:08,01 - Clear,01 - Dry,01 - Traffic signal,02 - Intersection related,07 - Dark,02 - Non-fatal injury,03 - Rear end,Overbrook
2005,OLD CARP RD btwn MARCH RD & LADY LOCHEAD LANE,343746.899,5022354.024,-76.0030458,45.3400526,2014-12-10,18:53,03 - Snow,05 - Packed snow,10 - No control,01 - Non intersection,07 - Dark,02 - Non-fatal injury,07 - SMV other,Stittsville - Basswood
2006,MERIVALE RD @ 170 N OF HUNTCLUB RD/COSTCO/CANA,365549.4766,5022100.569,-75.72490163,45.33622293,2014-12-13,8:42,01 - Clear,02 - Wet,01 - Traffic signal,02 - Intersection related,01 - Daylight,02 - Non-fatal injury,03 - Rear end,Tanglewood
2007,HIGHWAY 417 btwn HWY417 IC155 RAMP61 & HWY417 IC145 RAMP56,341591.8487,5018156.113,-76.0308547,45.30239438,2014-10-06,2:20,01 - Clear,01 - Dry,10 - No control,01 - Non intersection,07 - Dark,02 - Non-fatal injury,07 - SMV other,Carp - Hardwood Plains
2008,BANK ST @ FOURTH AVE,368365.8161,5029477.991,-75.68802242,45.40235355,2014-10-28,18:20,02 - Rain,02 - Wet,02 - Stop sign,02 - Intersection related,07 - Dark,02 - Non-fatal injury,03 - Rear end,The Glebe
2009,HIGHWAY 416 btwn HWY416 IC66 RAMP24 & HWY416 IC57 RAMP62,363440.5048,5010722.188,-75.75315222,45.23401959,2014-09-09,9:55,01 - Clear,01 - Dry,10 - No control,01 - Non intersection,01 - Daylight,02 - Non-fatal injury,04 - Sideswipe,Manotick
2010,HIGHWAY 417 btwn HWY417 IC144 RAMP35 & HWY417 IC144 RAMP25,347443.698,5015847.766,-75.95643739,45.28129218,2014-11-17,14:30,03 - Snow,04 - Slush,10 - No control,01 - Non intersection,01 - Daylight,02 - Non-fatal injury,04 - Sideswipe,Stittsville - Basswood
2011,BANK ST @ HERON RD,369997.6202,5026851.067,-75.66752733,45.37856731,2014-09-05,9:47,01 - Clear,01 - Dry,01 - Traffic signal,02 - Intersection related,01 - Daylight,02 - Non-fatal injury,03 - Rear end,Alta Vista
2012,WOODROFFE AVE @ DEERFOX DR/STONEWAY DR,365885.6981,5015940.914,-75.72137144,45.28076974,2014-09-15,15:47,01 - Clear,01 - Dry,01 - Traffic signal,03 - At intersection,01 - Daylight,02 - Non-fatal injury,05 - Turning movement,Chapman Mills - Rideau Crest - Davidson Heights
2013,PINECREST RD @ BASELINE RD,360783.6359,5022695.926,-75.78563635,45.34197639,2014-10-25,22:18,02 - Rain,02 - Wet,02 - Stop sign,02 - Intersection related,07 - Dark,02 - Non-fatal injury,04 - Sideswipe,Iris
2014,PRINCE OF WALES DR btwn SECOND LINE RD S & BANKFIELD RD,366415.7944,5008871.665,-75.71549137,45.21711448,2014-12-10,12:26,03 - Snow,05 - Packed snow,10 - No control,01 - Non intersection,01 - Daylight,02 - Non-fatal injury,07 - SMV other,Manotick
2015,WOODROFFE AVE/HWY 417 WOODROFF IC127R25 @ HWY ,362179.599,5024694.862,-75.76759304,45.35984989,2014-10-17,20:20,01 - Clear,01 - Dry,01 - Traffic signal,02 - Intersection related,07 - Dark,02 - Non-fatal injury,03 - Rear end,Iris
2016,SCOTT ST btwn WESTERN AVE & GILCHRIST AVE,364216.7046,5029275.896,-75.74104189,45.40089959,2014-10-02,12:46,01 - Clear,01 - Dry,10 - No control,01 - Non intersection,01 - Daylight,02 - Non-fatal injury,04 - Sideswipe,Tunney's Pasture
2017,SHEA RD btwn BROWNLEE RD & GARVIN RD,356185.4923,5008544.873,-75.84577064,45.21499432,2014-12-06,23:41,01 - Clear,01 - Dry,10 - No control,01 - Non intersection,07 - Dark,02 - Non-fatal injury,07 - SMV other,Munster Hamlet - Richmond
2018,REGIONAL ROAD 174 btwn OR174 IC109 RAMP56 & OR174 IC109 RAMP86,376466.8231,5035024.121,-75.58374724,45.45147185,2014-12-03,0:05,03 - Snow,03 - Loose snow,10 - No control,07 - Overpass or bridge,07 - Dark,02 - Non-fatal injury,07 - SMV other,Greenbelt
2019,WEST HUNT CLUB RD WB btwn WOODROFFE AVE & 354 E OF WOODROFFE AVE/REC P,363760.0022,5021335.325,-75.74782256,45.32948997,2014-10-04,11:46,02 - Rain,02 - Wet,10 - No control,01 - Non intersection,01 - Daylight,02 - Non-fatal injury,03 - Rear end,Tanglewood
2020,CYRVILLE RD btwn INNES RD & END,375078.1285,5031054.481,-75.60206597,45.41589631,2014-10-26,12:01,01 - Clear,01 - Dry,10 - No control,04 - At/near private drive,01 - Daylight,02 - Non-fatal injury,02 - Angle,Industrial Park
2021,ROGER STEVENS DR btwn MALAKOFF RD & MCCORDICK RD,363753.5052,4997500.819,-75.75072796,45.11502523,2014-12-10,13:07,03 - Snow,06 - Ice,10 - No control,01 - Non intersection,01 - Daylight,02 - Non-fatal injury,07 - SMV other,Munster Hamlet - Richmond
2022,FALLOWFIELD RD btwn EAGLESON RD & RICHMOND RD,356250.7907,5012676.815,-75.84451204,45.25216987,2014-12-10,13:50,03 - Snow,03 - Loose snow,10 - No control,01 - Non intersection,01 - Daylight,02 - Non-fatal injury,01 - Approaching,Munster Hamlet - Richmond
2023,BASELINE RD @ GREENBANK RD,360596.7342,5022582.125,-75.78803391,45.3409673,2014-12-13,16:21,01 - Clear,01 - Dry,01 - Traffic signal,03 - At intersection,05 - Dusk,02 - Non-fatal injury,07 - SMV other,Qualicum - Redwood Park
2024,HIGHWAY 417 btwn HWY417 IC155 RAMP61 & HWY417 IC145 RAMP56,341966.7174,5017755.797,-76.02610479,45.29877242,2014-11-30,13:26,01 - Clear,01 - Dry,10 - No control,01 - Non intersection,01 - Daylight,02 - Non-fatal injury,07 - SMV other,Carp - Hardwood Plains
2025,TENTH LINE RD @ CHARLEMAGNE BLVD S/DES EPINETT,383640.9751,5036900.456,-75.49173924,45.46758093,2014-10-07,7:55,02 - Rain,02 - Wet,01 - Traffic signal,02 - Intersection related,01 - Daylight,02 - Non-fatal injury,03 - Rear end,Orlans
2026,METCALFE ST btwn LAURIER AVE W & GLOUCESTER ST,367799.3602,5031442.55,-75.69500642,45.42008124,2014-12-07,11:25,01 - Clear,01 - Dry,10 - No control,01 - Non intersection,01 - Daylight,02 - Non-fatal injury,99 - Other,Downtown