Record,Location,X,Y,lon,lat,Date,Time,Environment,Road_Surface,Traffic_Control,Collision_Location,Light,Collision_Classification,Impact_type,Neighborhood
2027,HWY417 IC130 RAMP61 btwn HWY417 IC130 RAMP66 & RAMP,359511.0465,5023145.619,-75.80182391,45.34612314,2014-11-17,1:31,01 - Clear,06 - Ice,10 - No control,01 - Non intersection,07 - Dark,02 - Non-fatal injury,07 - SMV other,Bayshore
2028,HIGHWAY 417 btwn HWY417 IC142 RAMP51 & HWY417 IC142 RAMP35,348556.1383,5016863.181,-75.94216866,45.29036087,2014-12-01,8:10,01 - Clear,01 - Dry,10 - No control,01 - Non intersection,01 - Daylight,02 - Non-fatal injury,04 - Sideswipe,Stittsville - Basswood
2029,CARLING AVE EB btwn WESTGATE SC E & 73 E OF ARCHIBALD ST/WESTGATE SC W,364722.7323,5027593.656,-75.73478304,45.38572,2014-10-23,11:46,01 - Clear,01 - Dry,10 - No control,01 - Non intersection,01 - Daylight,02 - Non-fatal injury,03 - Rear end,Carlington
2030,KIRKWOOD AVE N @ CARLING AVE,364276.6411,5027494.794,-75.74049106,45.38486848,2014-12-05,15:37,01 - Clear,01 - Dry,01 - Traffic signal,02 - Intersection related,01 - Daylight,02 - Non-fatal injury,05 - Turning movement,Westboro
2031,HOLLY ACRES RD @ CARLING AVE,358235.6064,5023497.043,-75.81806086,45.34938359,2014-10-12,16:50,01 - Clear,01 - Dry,01 - Traffic signal,03 - At intersection,01 - Daylight,02 - Non-fatal injury,07 - SMV other,Bayshore
2032,GREENBANK RD @ BERRIGAN DR/WESSEX RD,363723.6817,5015275.95,-75.74900608,45.27497093,2014-10-26,13:45,01 - Clear,01 - Dry,01 - Traffic signal,02 - Intersection related,01 - Daylight,02 - Non-fatal injury,03 - Rear end,New Barrhaven
2033,ALBION RD @ HUNT CLUB RD,371867.4489,5024321.034,-75.64399859,45.3556265,2014-10-28,6:53,02 - Rain,02 - Wet,01 - Traffic signal,03 - At intersection,03 - Dawn,02 - Non-fatal injury,05 - Turning movement,South Keys - Heron Gate - Greenboro West
2034,BYRON AVE @ KIRKWOOD AVE,363866.691,5028431.08,-75.74561355,45.39332771,2014-08-26,16:40,01 - Clear,01 - Dry,01 - Traffic signal,03 - At intersection,01 - Daylight,02 - Non-fatal injury,02 - Angle,Westboro
2035,RIVER RD @ SUMMERHILL ST,367496.869,5014254.987,-75.70104953,45.26545807,2014-12-07,14:25,01 - Clear,01 - Dry,02 - Stop sign,02 - Intersection related,01 - Daylight,02 - Non-fatal injury,03 - Rear end,Greenbelt
2036,CUMMINGS AVE @ OGILVIE RD,372748.7202,5032171.061,-75.63167101,45.42617285,2014-12-13,18:19,01 - Clear,02 - Wet,01 - Traffic signal,03 - At intersection,07 - Dark,02 - Non-fatal injury,02 - Angle,Cummings
2037,BLAIR RD @ OGILVIE RD,374507.7237,5033198.1,-75.6090497,45.4352405,2014-12-13,18:35,01 - Clear,02 - Wet,01 - Traffic signal,02 - Intersection related,07 - Dark,02 - Non-fatal injury,03 - Rear end,Industrial Park
2038,HWY417 IC118 RAMP64 btwn HWY417 IC118 RAMP22 & HWY417 IC118 RAMP67,369480.47,5031205.062,-75.67355892,45.41779101,2014-09-07,20:35,01 - Clear,01 - Dry,10 - No control,01 - Non intersection,07 - Dark,02 - Non-fatal injury,03 - Rear end,Sandy Hill
2039,CHURCHILL AVE @ CLARE ST/PRINCETON AVE,363459.7339,5027753.924,-75.75089116,45.38726898,2014-12-06,10:13,01 - Clear,01 - Dry,01 - Traffic signal,02 - Intersection related,01 - Daylight,02 - Non-fatal injury,03 - Rear end,Westboro
2040,ABETTI RDG/RIVERSTONE DR @ JOCKVALE RD,365164.8641,5013551.394,-75.73084918,45.25933114,2014-08-24,14:08,01 - Clear,01 - Dry,01 - Traffic signal,03 - At intersection,01 - Daylight,02 - Non-fatal injury,02 - Angle,New Barrhaven
2041,HIGHWAY 7 btwn ASHTON STATION RD & OVERPASS RD,340350.6483,5004098.659,-76.04768593,45.17596136,2014-12-03,18:20,03 - Snow,06 - Ice,10 - No control,01 - Non intersection,07 - Dark,02 - Non-fatal injury,04 - Sideswipe,Munster Hamlet - Richmond
2042,KATIMAVIK RD @ WHITNEY DR,352356.6717,5019381.886,-75.89347803,45.31277789,2014-09-09,16:52,01 - Clear,01 - Dry,01 - Traffic signal,02 - Intersection related,01 - Daylight,02 - Non-fatal injury,03 - Rear end,Katimavik - Hazeldean
2043,BANK ST @ CATHERINE ST,368038.7553,5030267.097,-75.69209861,45.4094833,2014-12-12,7:06,02 - Rain,02 - Wet,01 - Traffic signal,03 - At intersection,03 - Dawn,02 - Non-fatal injury,07 - SMV other,Centretown
2044,HWY 417 MAITLAND IC126R52 @ MAITLAND AVE,363205.8366,5025833.371,-75.75436043,45.37000932,2014-12-04,9:25,01 - Clear,01 - Dry,03 - Yield sign,02 - Intersection related,01 - Daylight,02 - Non-fatal injury,03 - Rear end,Braemar Park - Bel Air Heights - Copeland Park
2045,HIGHWAY 417 btwn HWY417 IC118 RAMP35 & HWY417 IC117 RAMP51,370150.3601,5031099.699,-75.66501442,45.41678075,2014-12-04,12:55,01 - Clear,01 - Dry,10 - No control,01 - Non intersection,01 - Daylight,02 - Non-fatal injury,03 - Rear end,Old Ottawa East
2046,HWY417 IC104 RAMP51 btwn HIGHWAY 417 & ANDERSON RD,379848.1506,5025893.561,-75.54191332,45.3689664,2014-12-03,20:35,01 - Clear,06 - Ice,10 - No control,01 - Non intersection,07 - Dark,02 - Non-fatal injury,07 - SMV other,Greenbelt
2047,BARNSDALE RD @ PRINCE OF WALES DR,366645.7461,5011532.888,-75.71223312,45.24104005,2014-10-23,16:40,01 - Clear,01 - Dry,02 - Stop sign,03 - At intersection,01 - Daylight,02 - Non-fatal injury,02 - Angle,New Barrhaven
2048,SMYTH RD E/LANCASTER RD @ ST. LAURENT BLVD N/R,373364.7294,5029425.026,-75.62418185,45.40140524,2014-10-26,13:35,01 - Clear,01 - Dry,01 - Traffic signal,02 - Intersection related,01 - Daylight,02 - Non-fatal injury,03 - Rear end,Sheffield Glen
2049,GRASSY PLAINS DR btwn APPLE CREEK CRES & BIRCHFIELD AVE,355707.1926,5015401.198,-75.85115787,45.27672403,2014-10-30,8:51,01 - Clear,01 - Dry,10 - No control,01 - Non intersection,01 - Daylight,02 - Non-fatal injury,03 - Rear end,Bridlewood - Emerald Meadows
2050,HWY417 IC131 RAMP66 btwn HWY417 IC130 RAMP36 & HWY417 IC131 RAMP63,358856.0113,5023025.742,-75.81019541,45.34509527,2014-12-04,0:30,01 - Clear,03 - Loose snow,10 - No control,01 - Non intersection,07 - Dark,02 - Non-fatal injury,07 - SMV other,Bayshore
2051,BANK ST @ CHAMBERLAIN AVE N/ISABELLA ST,368082.7121,5030167.987,-75.69154982,45.40858756,2014-10-23,20:20,01 - Clear,01 - Dry,01 - Traffic signal,03 - At intersection,07 - Dark,02 - Non-fatal injury,07 - SMV other,The Glebe
2052,LOYOLA AVE @ SHEFFORD RD,376000.7272,5035167.11,-75.58968477,45.45280602,2014-10-28,12:43,01 - Clear,02 - Wet,02 - Stop sign,03 - At intersection,01 - Daylight,02 - Non-fatal injury,02 - Angle,Greenbelt
2053,HIGHWAY 417 btwn HWY417 IC140 RAMP35 & HWY417 IC140 RAMP25,350933.5246,5018543.973,-75.9117054,45.30533307,2014-12-02,21:41,03 - Snow,03 - Loose snow,10 - No control,01 - Non intersection,07 - Dark,02 - Non-fatal injury,07 - SMV other,Katimavik - Hazeldean
2054,HAZELDEAN RD @ TERRY FOX DR,352208.5611,5017242.926,-75.89557144,45.29354102,2014-10-24,18:30,01 - Clear,01 - Dry,01 - Traffic signal,02 - Intersection related,07 - Dark,02 - Non-fatal injury,03 - Rear end,Glen Cairn - Kanata South Business Park
2055,AERO DR @ HOLLY ACRES RD,358341.6535,5023227.977,-75.81673672,45.34695444,2014-11-21,8:47,01 - Clear,01 - Dry,01 - Traffic signal,03 - At intersection,01 - Daylight,02 - Non-fatal injury,05 - Turning movement,Crystal Bay - Lakeview Park - Britannia Village
2056,CARLING AVE @ PRESTON ST,366829.71,5028936.028,-75.7077106,45.39761491,2014-10-09,12:00,02 - Rain,02 - Wet,01 - Traffic signal,03 - At intersection,01 - Daylight,02 - Non-fatal injury,05 - Turning movement,Centretown West
2057,DONWEL DR @ OLD PRESCOTT RD,378334.8102,5012607.902,-75.56320182,45.2495887,2014-11-17,11:30,01 - Clear,02 - Wet,02 - Stop sign,02 - Intersection related,01 - Daylight,02 - Non-fatal injury,02 - Angle,Greely
2058,TENTH LINE RD @ LAKEPOINTE DR,384262.1281,5035421.165,-75.48403594,45.45420124,2014-10-24,8:06,01 - Clear,01 - Dry,01 - Traffic signal,03 - At intersection,01 - Daylight,02 - Non-fatal injury,07 - SMV other,Avalon
2059,BRONSON AVE @ COMMISSIONER ST/SLATER ST,366768.8686,5030945.924,-75.70823502,45.41570478,2014-10-24,19:46,01 - Clear,01 - Dry,01 - Traffic signal,03 - At intersection,07 - Dark,02 - Non-fatal injury,05 - Turning movement,Byward Market - Parliament Hill
2060,COLONNADE RD @ MERIVALE RD,365362.7449,5022544.021,-75.72722964,45.34022919,2014-12-05,18:00,01 - Clear,01 - Dry,01 - Traffic signal,02 - Intersection related,07 - Dark,02 - Non-fatal injury,03 - Rear end,Tanglewood
2061,BRONSON AVE btwn PLYMOUTH ST & RENFREW AVE,367352.9111,5029562.489,-75.70094908,45.40320508,2014-12-06,9:20,01 - Clear,01 - Dry,10 - No control,04 - At/near private drive,01 - Daylight,02 - Non-fatal injury,02 - Angle,The Glebe
2062,GLADSTONE AVE @ KENT ST,367743.7541,5030459.095,-75.69584248,45.41123743,2014-10-17,16:25,01 - Clear,01 - Dry,01 - Traffic signal,02 - Intersection related,01 - Daylight,02 - Non-fatal injury,04 - Sideswipe,Centretown
2063,DALHOUSIE ST @ RIDEAU ST,368206.7091,5032228.056,-75.6897008,45.42711215,2014-10-28,15:33,01 - Clear,01 - Dry,01 - Traffic signal,03 - At intersection,01 - Daylight,02 - Non-fatal injury,05 - Turning movement,Byward Market - Parliament Hill
2064,FRONTIER RD btwn DEVINE RD & BURTON RD,389757.7711,5021633.303,-75.41615751,45.32950546,2014-12-10,17:41,03 - Snow,03 - Loose snow,10 - No control,01 - Non intersection,07 - Dark,02 - Non-fatal injury,07 - SMV other,Navan - Vars
2065,TERRY FOX DR btwn HWY417 IC140 RAMP25 & PALLADIUM DR,351189.908,5018277.262,-75.90846114,45.30291624,2014-11-28,17:06,01 - Clear,01 - Dry,10 - No control,01 - Non intersection,07 - Dark,02 - Non-fatal injury,03 - Rear end,Katimavik - Hazeldean
2066,ALESTHER ST @ QUEEN MARY ST,372122.148,5032153.532,-75.63967957,45.42607572,2014-10-03,18:56,01 - Clear,01 - Dry,02 - Stop sign,03 - At intersection,07 - Dark,02 - Non-fatal injury,02 - Angle,Overbrook
2067,BANK ST @ WELLINGTON ST,367258.214,5031628.827,-75.70189678,45.42180582,2014-11-05,7:00,01 - Clear,01 - Dry,01 - Traffic signal,02 - Intersection related,03 - Dawn,02 - Non-fatal injury,03 - Rear end,Downtown
2068,FIRST LINE RD/RIDEAU VALLEY DR @ ROGER STEVENS,371492.9976,5002411.928,-75.65171775,45.15852784,2014-05-27,8:29,01 - Clear,01 - Dry,02 - Stop sign,02 - Intersection related,01 - Daylight,02 - Non-fatal injury,03 - Rear end,Kars - Osgoode
2069,BEECH ST @ LORETTA AVE,366383.7144,5029141.817,-75.71338095,45.39950591,2014-12-22,10:26,01 - Clear,03 - Loose snow,02 - Stop sign,03 - At intersection,01 - Daylight,02 - Non-fatal injury,02 - Angle,Centretown West
2070,INNES RD @ VISENEAU DR,381798.2772,5035071.66,-75.5155875,45.45133251,2014-08-11,20:25,01 - Clear,01 - Dry,01 - Traffic signal,03 - At intersection,05 - Dusk,02 - Non-fatal injury,02 - Angle,Chapel Hill South
2071,MONTREAL RD @ ST. LAURENT BLVD,371546.1768,5033818.543,-75.64681345,45.44111192,2014-11-13,18:30,01 - Clear,01 - Dry,01 - Traffic signal,03 - At intersection,07 - Dark,02 - Non-fatal injury,07 - SMV other,Cummings
2072,HUNT CLUB RD @ DOWNPATRICK RD/MCCARTHY RD,370507.7344,5023399.063,-75.66147366,45.34745961,2014-02-03,16:26,01 - Clear,01 - Dry,01 - Traffic signal,03 - At intersection,01 - Daylight,02 - Non-fatal injury,07 - SMV other,Hunt Club East - Western Community
2073,HUNT CLUB RD @ LORRY GREENBERG DR/SABLE RIDGE ,372824.7026,5024807.023,-75.63171541,45.35990703,2014-02-03,17:56,01 - Clear,02 - Wet,01 - Traffic signal,03 - At intersection,07 - Dark,02 - Non-fatal injury,02 - Angle,Greenboro East
2074,RUSSLAND RD @ SAUMURE RD,401314.8297,5024762.015,-75.26814099,45.35615915,2014-10-12,3:50,01 - Clear,01 - Dry,02 - Stop sign,02 - Intersection related,07 - Dark,02 - Non-fatal injury,07 - SMV other,Cumberland
2075,METCALFE ST @ NEPEAN ST,367874.7142,5031319.827,-75.69405936,45.41897023,2014-10-27,8:05,01 - Clear,01 - Dry,02 - Stop sign,03 - At intersection,01 - Daylight,02 - Non-fatal injury,07 - SMV other,Centretown
2076,RAMSAYVILLE RD @ RUSSELL RD N,377778.2354,5026759.481,-75.56820696,45.37697605,2014-08-12,19:23,02 - Rain,02 - Wet,02 - Stop sign,03 - At intersection,01 - Daylight,02 - Non-fatal injury,07 - SMV other,Greenbelt
2077,RICHMOND RD @ LYNHAR RD/STAFFORD RD,358135.2946,5021087.423,-75.81960067,45.32770933,2014-10-03,11:49,01 - Clear,01 - Dry,01 - Traffic signal,03 - At intersection,01 - Daylight,02 - Non-fatal injury,03 - Rear end,Bells Corners East
2078,BYRON AVE @ WINDERMERE AVE,362317.4188,5027480.291,-75.76550966,45.3849016,2014-10-03,22:04,01 - Clear,02 - Wet,02 - Stop sign,03 - At intersection,07 - Dark,02 - Non-fatal injury,02 - Angle,Carlingwood - McKellar Park - Laurentien View
2079,NICHOLAS ST NB btwn HWY417 IC118 RAMP52 & WALLER ST,368539.0398,5031677.891,-75.68552544,45.42213176,2014-11-29,16:47,01 - Clear,01 - Dry,10 - No control,01 - Non intersection,05 - Dusk,02 - Non-fatal injury,03 - Rear end,Sandy Hill
2080,COTE ST btwn MORIN ST & ST. LAURENT BLVD,371773.2428,5033223.566,-75.64399225,45.43573688,2014-02-03,18:13,01 - Clear,01 - Dry,10 - No control,04 - At/near private drive,07 - Dark,02 - Non-fatal injury,07 - SMV other,Vanier South
2081,DUNROBIN RD @ MARCH RD,347172.6731,5026064.091,-75.95901751,45.3732382,2014-02-06,18:20,01 - Clear,02 - Wet,01 - Traffic signal,03 - At intersection,07 - Dark,02 - Non-fatal injury,05 - Turning movement,Carp - Hardwood Plains
2082,REGIONAL ROAD 174 EB btwn OR174 IC109 RAMP55 & TRANSIT,376485.1889,5035015.584,-75.58351371,45.45139316,2014-06-20,20:58,01 - Clear,01 - Dry,10 - No control,01 - Non intersection,05 - Dusk,02 - Non-fatal injury,03 - Rear end,Greenbelt
2083,ST. LAURENT BLVD @ COVENTRY RD/OGILVIE RD,372305.7195,5031951.828,-75.63736159,45.42424319,2014-08-17,11:43,01 - Clear,01 - Dry,01 - Traffic signal,03 - At intersection,01 - Daylight,02 - Non-fatal injury,02 - Angle,Overbrook
2084,BANK ST @ MASON ST,377901.7649,5015641.989,-75.56827139,45.27693337,2014-10-04,0:27,02 - Rain,02 - Wet,02 - Stop sign,03 - At intersection,07 - Dark,02 - Non-fatal injury,03 - Rear end,Greely
2085,ST. PATRICK ST/ST. ANDREW ST @ BEAUSOLEIL DR,368428.0227,5033069.994,-75.68676405,45.4346675,2014-01-22,13:18,01 - Clear,01 - Dry,01 - Traffic signal,02 - Intersection related,01 - Daylight,02 - Non-fatal injury,03 - Rear end,Lower Town
2086,MONTREAL RD @ CARSON'S RD/CODD'S RD,372769.2966,5034397.633,-75.63110067,45.44620443,2014-10-08,16:14,01 - Clear,01 - Dry,01 - Traffic signal,03 - At intersection,01 - Daylight,02 - Non-fatal injury,07 - SMV other,Carson Grove - Carson Meadows
2087,LEES AVE / GRAHAM AVE @ MAIN ST,369001.9656,5030560.98,-75.67975618,45.41203986,2014-08-26,14:30,01 - Clear,01 - Dry,01 - Traffic signal,02 - Intersection related,01 - Daylight,02 - Non-fatal injury,03 - Rear end,Old Ottawa East
2088,BLACKBURN BYPASS @ INNES RD W,377185.7782,5032175.69,-75.57497557,45.4257694,2014-09-23,8:20,01 - Clear,01 - Dry,01 - Traffic signal,03 - At intersection,01 - Daylight,02 - Non-fatal injury,03 - Rear end,Greenbelt
2089,CARP RD btwn GALETTA SIDE RD & STYLES SIDE RD,329040.8671,5034353.578,-76.19009846,45.44869251,2014-10-04,2:15,02 - Rain,02 - Wet,10 - No control,01 - Non intersection,07 - Dark,02 - Non-fatal injury,07 - SMV other,Fitzroy
2090,ALBERT ST @ METCALFE ST,367692.1744,5031615.478,-75.6963538,45.42164683,2014-09-07,0:20,01 - Clear,01 - Dry,01 - Traffic signal,03 - At intersection,07 - Dark,02 - Non-fatal injury,02 - Angle,Downtown
2091,WOODROFFE AVE @ SPORTSPLEX N,363762.2405,5021066.286,-75.74782605,45.32706899,2014-09-16,11:56,01 - Clear,01 - Dry,01 - Traffic signal,03 - At intersection,01 - Daylight,02 - Non-fatal injury,05 - Turning movement,Merivale Gardens - Grenfell Glen - Pineglen - Country Place
2092,HUNT CLUB RD btwn DUNSTON TER & CAHILL DR,372310.2841,5024485.812,-75.6383247,45.35706661,2014-08-20,7:47,01 - Clear,01 - Dry,10 - No control,01 - Non intersection,01 - Daylight,02 - Non-fatal injury,03 - Rear end,Greenboro East
2093,FLEWELLYN RD @ SHEA RD,352994.0741,5012172.509,-75.88604934,45.24786255,2014-09-19,8:21,01 - Clear,01 - Dry,02 - Stop sign,02 - Intersection related,01 - Daylight,02 - Non-fatal injury,01 - Approaching,Stittsville - Basswood
2094,WEST HUNT CLUB RD @ ANTARES DR/LASER ST,367106.2895,5022080.554,-75.70504278,45.33590632,2014-09-20,15:23,01 - Clear,01 - Dry,01 - Traffic signal,02 - Intersection related,01 - Daylight,02 - Non-fatal injury,03 - Rear end,Industrial Park
2095,OAKBROOK CIRC btwn SANDY OAKS DR & SANDY OAKS DR,380813.8334,5033800.069,-75.52836809,45.43999949,2014-08-21,21:00,01 - Clear,01 - Dry,10 - No control,01 - Non intersection,07 - Dark,02 - Non-fatal injury,06 - SMV unattended vehicle,Chapel Hill South
2096,PARKDALE AVE @ SHERWOOD DR,365379.2812,5028744.597,-75.72625834,45.39601945,2014-08-19,13:40,01 - Clear,01 - Dry,01 - Traffic signal,03 - At intersection,01 - Daylight,02 - Non-fatal injury,05 - Turning movement,Civic Hospital - Experimental Farm - Central Park
2097,RUSSELL RD S @ ST. LAURENT BLVD,373570.3897,5029261.438,-75.62157795,45.39991318,2014-08-24,16:02,01 - Clear,01 - Dry,01 - Traffic signal,03 - At intersection,01 - Daylight,02 - Non-fatal injury,02 - Angle,Hawthorne Meadows - Sheffield Glen
2098,JEANNE D'ARC BLVD @ ORLEANS BLVD N,380029.2017,5038105.599,-75.5377373,45.4788222,2014-11-08,15:30,03 - Snow,02 - Wet,01 - Traffic signal,02 - Intersection related,01 - Daylight,02 - Non-fatal injury,03 - Rear end,Orleans South West
2099,RICHMOND RD btwn BAYSHORE DR & MAGWOOD AVE/HWY417 IC130 RAMP62,359383.5857,5023383.692,-75.80342406,45.34827525,2014-10-31,15:47,01 - Clear,01 - Dry,10 - No control,01 - Non intersection,01 - Daylight,02 - Non-fatal injury,07 - SMV other,Bayshore
2100,MEADOWLANDS DR @ MERIVALE RD,364859.65,5023725.985,-75.73350494,45.3509076,2014-10-22,23:38,01 - Clear,01 - Dry,01 - Traffic signal,03 - At intersection,07 - Dark,02 - Non-fatal injury,05 - Turning movement,Cityview - Skyline - Fisher Heights
2101,DONALD ST @ ST. LAURENT BLVD,372091.8127,5032473.06,-75.64002353,45.4289536,2014-12-15,12:39,01 - Clear,02 - Wet,01 - Traffic signal,02 - Intersection related,01 - Daylight,02 - Non-fatal injury,04 - Sideswipe,Overbrook
2102,SHEA RD btwn ABBOTT ST E & FERNBANK RD,351376.7569,5013867.802,-75.90649254,45.26322626,2014-09-26,8:17,01 - Clear,01 - Dry,10 - No control,01 - Non intersection,01 - Daylight,02 - Non-fatal injury,07 - SMV other,Stittsville
2103,FRANK KENNY RD/TED KELLY LANE @ OLD MONTREAL R,386381.751,5040874.2,-75.45603426,45.50301782,2014-09-20,16:40,02 - Rain,02 - Wet,02 - Stop sign,02 - Intersection related,01 - Daylight,02 - Non-fatal injury,07 - SMV other,Cumberland - Estates
2104,EARL GREY DR @ ROLAND MICHENER DR,350772.6083,5018945.941,-75.91372001,45.30896063,2014-11-08,17:54,03 - Snow,02 - Wet,02 - Stop sign,03 - At intersection,07 - Dark,02 - Non-fatal injury,07 - SMV other,Kanata
2105,PUTMAN AVE @ SPRINGFIELD RD,369185.75,5033911.019,-75.67697045,45.44216536,2014-10-23,8:01,01 - Clear,01 - Dry,02 - Stop sign,03 - At intersection,01 - Daylight,02 - Non-fatal injury,02 - Angle,New Edinburgh
2106,ALTA VISTA DR btwn HERON RD & RIDGEMONT AVE,370518.687,5026687.501,-75.6608966,45.37704692,2014-12-15,15:33,01 - Clear,02 - Wet,10 - No control,01 - Non intersection,01 - Daylight,02 - Non-fatal injury,03 - Rear end,Ledbury - Heron Gate - Ridgemont - Elmwood
2107,ELGIN ST @ SOMERSET ST,368162.8084,5031199.997,-75.690394,45.41786601,2014-12-15,15:37,01 - Clear,01 - Dry,01 - Traffic signal,03 - At intersection,01 - Daylight,02 - Non-fatal injury,07 - SMV other,Centretown
2108,HAWTHORNE RD @ RIDEAU RD,378619.2506,5018940.478,-75.55863693,45.30653673,2014-09-08,8:35,01 - Clear,01 - Dry,02 - Stop sign,02 - Intersection related,01 - Daylight,02 - Non-fatal injury,03 - Rear end,Greenbelt
2109,WEST HUNT CLUB RD @ CLEOPATRA DR/LANCELOT DR,365233.3303,5021730.598,-75.72898013,45.33292127,2014-10-04,16:11,02 - Rain,02 - Wet,01 - Traffic signal,02 - Intersection related,01 - Daylight,02 - Non-fatal injury,03 - Rear end,Tanglewood
2110,CLEOPATRA DR btwn WEST HUNT CLUB RD & CAMELOT DR,365332.1298,5021469.667,-75.72775165,45.33056493,2014-10-09,10:22,01 - Clear,01 - Dry,10 - No control,04 - At/near private drive,01 - Daylight,02 - Non-fatal injury,02 - Angle,Merivale Gardens - Grenfell Glen - Pineglen - Country Place
2111,GLADSTONE AVE @ PRESTON ST,366490.1799,5029712.558,-75.71194978,45.40463192,2014-10-01,17:08,01 - Clear,01 - Dry,01 - Traffic signal,03 - At intersection,01 - Daylight,02 - Non-fatal injury,05 - Turning movement,Little Italy
2112,CARLING AVE WB btwn MCKELLAR AVE & SHERBOURNE RD,362869.7539,5026442.817,-75.75857902,45.37552097,2014-10-02,10:51,01 - Clear,01 - Dry,10 - No control,04 - At/near private drive,01 - Daylight,02 - Non-fatal injury,03 - Rear end,Carlingwood - McKellar Park - Laurentien View
2113,NAVAHO DR @ WOODROFFE AVE/TRANSITWAY N BASELIN,362704.8201,5023489.958,-75.76103067,45.34896508,2014-09-20,22:02,01 - Clear,01 - Dry,01 - Traffic signal,03 - At intersection,07 - Dark,02 - Non-fatal injury,07 - SMV other,Crestview - Meadowlands
2114,SWANSEA CRES btwn AGES DR & STEVENAGE DR,374116.2357,5026791.816,-75.61495343,45.37763884,2014-09-30,21:13,01 - Clear,01 - Dry,10 - No control,01 - Non intersection,07 - Dark,02 - Non-fatal injury,07 - SMV other,Industrial Park
2115,RICHMOND RD btwn EDGEWOOD AVE & ATHLONE AVE,363441.8412,5028436.816,-75.75103848,45.39341503,2014-06-24,17:50,02 - Rain,02 - Wet,10 - No control,01 - Non intersection,01 - Daylight,02 - Non-fatal injury,03 - Rear end,Westboro
2116,NAVAHO DR @ WOODROFFE AVE/TRANSITWAY N BASELIN,362706.7158,5023492.801,-75.76100615,45.34899051,2014-11-04,18:37,02 - Rain,02 - Wet,01 - Traffic signal,02 - Intersection related,07 - Dark,02 - Non-fatal injury,03 - Rear end,Crestview - Meadowlands
2117,ST. JOSEPH BLVD @ FOREST VALLEY DR/YOUVILLE DR,379163.791,5036157.066,-75.54910016,45.46138349,2014-11-19,8:45,01 - Clear,01 - Dry,01 - Traffic signal,02 - Intersection related,01 - Daylight,02 - Non-fatal injury,03 - Rear end,Chapel Hill
2118,210 W OF MERIVALE RD @ WEST HUNT CLUB RD,365433.3303,5021829.176,-75.72641665,45.33379101,2014-09-21,11:09,02 - Rain,02 - Wet,01 - Traffic signal,03 - At intersection,01 - Daylight,02 - Non-fatal injury,02 - Angle,Merivale Gardens - Grenfell Glen - Pineglen - Country Place
2119,BANTREE ST @ INNES RD,373706.1971,5030407.503,-75.6196833,45.41021157,2014-11-04,19:01,02 - Rain,02 - Wet,01 - Traffic signal,03 - At intersection,07 - Dark,02 - Non-fatal injury,07 - SMV other,Industrial Park
2120,MEADOWLANDS DR/TALLWOOD DR @ WOODROFFE AVE,363056.6896,5022730.012,-75.75663007,45.34209801,2014-11-19,15:05,01 - Clear,01 - Dry,01 - Traffic signal,02 - Intersection related,01 - Daylight,02 - Non-fatal injury,03 - Rear end,Crestview - Meadowlands
2121,FALLOWFIELD RD btwn ASHDALE AVE & PRINCE OF WALES DR,367339.8874,5019128.701,-75.70243541,45.30932523,2014-07-26,17:18,01 - Clear,01 - Dry,10 - No control,01 - Non intersection,01 - Daylight,02 - Non-fatal injury,03 - Rear end,Greenbelt
2122,CHAPMAN MILLS DR @ LONGFIELDS DR,364841.826,5014582.921,-75.73484018,45.26864047,2014-11-08,22:35,01 - Clear,02 - Wet,02 - Stop sign,02 - Intersection related,07 - Dark,02 - Non-fatal injury,07 - SMV other,New Barrhaven
2123,REGIONAL ROAD 174 EB btwn OR174 IC109 RAMP55 & TRANSIT,376496.0229,5035030.123,-75.5833731,45.45152286,2014-12-05,16:59,01 - Clear,01 - Dry,10 - No control,01 - Non intersection,07 - Dark,02 - Non-fatal injury,03 - Rear end,Greenbelt
2124,INDUSTRIAL AVE @ ALTA VISTA DR/SANDFORD FLEMIN,370882.8236,5030558.995,-75.6557292,45.41184692,2014-12-07,12:00,01 - Clear,01 - Dry,01 - Traffic signal,02 - Intersection related,01 - Daylight,02 - Non-fatal injury,03 - Rear end,Industrial Park
2125,DWYER HILL RD btwn DWYER HILL RD & O'NEIL RD,351035.923,4994712.614,-75.91261026,45.09088134,2014-09-10,15:29,01 - Clear,06 - Ice,10 - No control,01 - Non intersection,01 - Daylight,02 - Non-fatal injury,07 - SMV other,Munster Hamlet - Richmond
2126,MAIN ST @ RIVERDALE AVE,369431.5036,5029532.375,-75.67440382,45.4027453,2014-11-07,18:17,02 - Rain,02 - Wet,01 - Traffic signal,03 - At intersection,07 - Dark,02 - Non-fatal injury,05 - Turning movement,Old Ottawa East
2127,AVIATION PKWY @ MONTREAL RD,372147.1917,5034108.108,-75.63909219,45.44365965,2014-11-30,12:45,01 - Clear,01 - Dry,01 - Traffic signal,03 - At intersection,01 - Daylight,02 - Non-fatal injury,02 - Angle,Cummings
2128,MITCH OWENS RD @ DOZOIS RD/LIMEBANK RD,371673.3437,5012107.541,-75.64812312,45.24575105,2014-09-11,10:05,02 - Rain,02 - Wet,01 - Traffic signal,03 - At intersection,01 - Daylight,02 - Non-fatal injury,07 - SMV other,Manotick