Record,Location,X,Y,lon,lat,Date,Time,Environment,Road_Surface,Traffic_Control,Collision_Location,Light,Collision_Classification,Impact_type,Neighborhood
2129,CYRVILLE RD btwn STAR TOP RD & MEADOWBROOK RD,374322.3479,5031318.149,-75.6116841,45.41834416,2014-11-14,16:09,01 - Clear,02 - Wet,10 - No control,04 - At/near private drive,01 - Daylight,02 - Non-fatal injury,02 - Angle,Industrial Park
2130,TENTH LINE RD @ CHARLEMAGNE BLVD S/DES EPINETT,383640.9751,5036900.456,-75.49173924,45.46758093,2014-12-09,8:10,01 - Clear,02 - Wet,01 - Traffic signal,02 - Intersection related,01 - Daylight,02 - Non-fatal injury,03 - Rear end,Orlans
2131,LISGAR ST @ O'CONNOR ST,367762.2352,5031158.153,-75.69551709,45.41752567,2014-11-30,21:29,02 - Rain,02 - Wet,01 - Traffic signal,03 - At intersection,07 - Dark,02 - Non-fatal injury,07 - SMV other,Centretown
2132,HIGHWAY 417 btwn HWY417 IC126 RAMP25 & HWY417 IC124 RAMP57,363341.1786,5026063.695,-75.75260543,45.37207046,2014-03-06,12:52,01 - Clear,01 - Dry,10 - No control,01 - Non intersection,01 - Daylight,02 - Non-fatal injury,03 - Rear end,Carlington
2133,HUNT CLUB RD @ RIVERSIDE DR,368035.7529,5021945.023,-75.69320238,45.33460369,2014-10-30,8:15,01 - Clear,01 - Dry,01 - Traffic signal,02 - Intersection related,01 - Daylight,02 - Non-fatal injury,03 - Rear end,Hunt Club Woods - Quintarra - Revelstoke - Riverside South P
2134,NAVAN RD @ SPRING VALLEY DR,382064.7941,5032681.949,-75.51255578,45.42980241,2014-10-30,8:40,01 - Clear,01 - Dry,02 - Stop sign,03 - At intersection,01 - Daylight,02 - Non-fatal injury,03 - Rear end,Chapel Hill South
2135,BRITTANY DR @ MONTREAL RD,371911.2866,5033994.107,-75.642123,45.44265661,2014-11-16,19:18,03 - Snow,02 - Wet,01 - Traffic signal,02 - Intersection related,07 - Dark,02 - Non-fatal injury,07 - SMV other,Cummings
2136,COVENTRY RD btwn BELFAST RD & ST. LAURENT SC WEST,371929.0757,5031736.205,-75.64220347,45.42233936,2014-11-03,16:07,01 - Clear,01 - Dry,10 - No control,01 - Non intersection,01 - Daylight,02 - Non-fatal injury,03 - Rear end,Overbrook
2137,MOODIE DR @ WEST HUNT CLUB RD,357908.1268,5018498.931,-75.82277595,45.30443506,2014-11-19,19:05,01 - Clear,01 - Dry,01 - Traffic signal,02 - Intersection related,07 - Dark,02 - Non-fatal injury,03 - Rear end,Greenbelt
2138,BANTREE ST btwn EDINBURGH PL & BLACKWELL ST,374268.5591,5029883.962,-75.61257343,45.40544541,2014-09-19,12:58,01 - Clear,01 - Dry,10 - No control,01 - Non intersection,01 - Daylight,02 - Non-fatal injury,05 - Turning movement,Industrial Park
2139,HUNT CLUB RD @ CANADAIR PRIV,368662.7174,5022311.019,-75.68515679,45.33784006,2014-11-04,22:50,01 - Clear,02 - Wet,01 - Traffic signal,02 - Intersection related,07 - Dark,02 - Non-fatal injury,07 - SMV other,Hunt Club - Ottawa Airport
2140,8TH LINE RD btwn VAN RENS ST & GLENWOOD DR,385879.1063,5010056.541,-75.4675219,45.22580443,2014-10-03,23:08,02 - Rain,02 - Wet,10 - No control,01 - Non intersection,07 - Dark,02 - Non-fatal injury,99 - Other,Metcalfe
2141,RIVERSIDE DR SB btwn BANK ST & BILLINGS BRIDGE NB RAMP,369243.0653,5028005.233,-75.67701015,45.38902195,2014-10-16,18:19,02 - Rain,02 - Wet,10 - No control,04 - At/near private drive,07 - Dark,02 - Non-fatal injury,02 - Angle,Alta Vista
2142,BRONSON AVE @ FIFTH AVE/MADAWASKA DR,367613.2388,5028939.502,-75.69770333,45.39757631,2014-12-04,12:04,01 - Clear,01 - Dry,01 - Traffic signal,02 - Intersection related,01 - Daylight,02 - Non-fatal injury,03 - Rear end,The Glebe
2143,WEST HUNT CLUB RD @ ROYDON PL/SUNDERLAND ST,365974.1815,5022168.542,-75.71947495,45.33679764,2014-12-04,13:45,01 - Clear,02 - Wet,01 - Traffic signal,03 - At intersection,01 - Daylight,02 - Non-fatal injury,05 - Turning movement,Industrial Park
2144,BANK ST btwn TURN LANE & MITCH OWENS RD,377692.777,5016085.101,-75.57086965,45.28094202,2014-12-13,9:50,01 - Clear,02 - Wet,10 - No control,01 - Non intersection,01 - Daylight,02 - Non-fatal injury,03 - Rear end,Osgoode
2145,MARKETPLACE AVE btwn GREENBANK RD & TRANSITWAY SOUTHWEST,364109.0518,5014662.484,-75.74416817,45.26941856,2014-06-08,22:30,01 - Clear,01 - Dry,10 - No control,01 - Non intersection,07 - Dark,02 - Non-fatal injury,05 - Turning movement,New Barrhaven
2146,INNES RD @ VISENEAU DR,381796.3814,5035074.504,-75.51561129,45.45135831,2014-10-05,13:55,01 - Clear,01 - Dry,01 - Traffic signal,02 - Intersection related,01 - Daylight,02 - Non-fatal injury,03 - Rear end,Chapel Hill South
2147,BERKELEY AVE @ RICHMOND RD,362910.4369,5028065.773,-75.75786859,45.39012074,2014-10-16,18:40,02 - Rain,02 - Wet,02 - Stop sign,02 - Intersection related,07 - Dark,02 - Non-fatal injury,03 - Rear end,Westboro
2148,LINCOLN AVE btwn EDEN AVE & END,363372.9293,5028240.737,-75.75194181,45.39165651,2014-10-22,15:00,01 - Clear,01 - Dry,10 - No control,04 - At/near private drive,01 - Daylight,02 - Non-fatal injury,02 - Angle,Westboro
2149,RIVERSIDE DR NB btwn BANK ST & RIVERSIDE DR NB RAMP FROM EB TO WB,369364.4761,5027987.565,-75.67546211,45.3888518,2014-06-18,12:07,01 - Clear,01 - Dry,10 - No control,01 - Non intersection,01 - Daylight,02 - Non-fatal injury,03 - Rear end,Alta Vista
2150,INDUSTRIAL AVE @ ALTA VISTA DR/SANDFORD FLEMIN,370885.1977,5030557.57,-75.65569907,45.41183387,2014-10-16,16:45,02 - Rain,02 - Wet,01 - Traffic signal,02 - Intersection related,01 - Daylight,02 - Non-fatal injury,03 - Rear end,Industrial Park
2151,KING EDWARD AVE NB btwn ST. ANDREW ST & GUIGUES AVE,368209.3033,5032934.415,-75.6895767,45.43346748,2014-10-24,9:16,01 - Clear,01 - Dry,10 - No control,01 - Non intersection,01 - Daylight,02 - Non-fatal injury,03 - Rear end,Lower Town
2152,BEATRICE DR @ CLARIDGE DR,365143.7559,5016522.837,-75.73075698,45.28606995,2014-10-09,8:30,01 - Clear,01 - Dry,02 - Stop sign,03 - At intersection,01 - Daylight,02 - Non-fatal injury,99 - Other,New Barrhaven
2153,RICHMOND RD btwn BASELINE RD TURN LANE & NORTHSIDE RD,358553.6672,5021642.539,-75.81420359,45.33267238,2014-12-08,7:26,01 - Clear,01 - Dry,10 - No control,01 - Non intersection,03 - Dawn,02 - Non-fatal injury,03 - Rear end,Greenbelt
2154,CUMMINGS AVE @ DONALD ST,372652.1471,5032412.054,-75.63287179,45.42835056,2014-12-07,16:22,01 - Clear,01 - Dry,01 - Traffic signal,02 - Intersection related,05 - Dusk,02 - Non-fatal injury,03 - Rear end,Cummings
2155,CLYDE AVE @ WOODWARD DR,363731.6826,5026364.95,-75.74758436,45.37474838,2014-10-27,1:23,01 - Clear,01 - Dry,02 - Stop sign,03 - At intersection,07 - Dark,02 - Non-fatal injury,02 - Angle,Carlington
2156,BANK ST btwn RIDEAU RD & TURN LANE,377027.9116,5017660.625,-75.57911391,45.29518658,2014-10-27,7:24,01 - Clear,01 - Dry,10 - No control,01 - Non intersection,01 - Daylight,02 - Non-fatal injury,03 - Rear end,Greenbelt
2157,NICHOLAS ST SB btwn Continuation of NICHOLAS ST & HWY417 IC118 RAMP35,369070.5029,5031307.339,-75.6787833,45.41874904,2014-07-10,5:44,01 - Clear,01 - Dry,10 - No control,01 - Non intersection,03 - Dawn,02 - Non-fatal injury,04 - Sideswipe,Sandy Hill
2158,TENTH LINE RD btwn OLD TENTH LINE RD & TOMPKINS AVE,383121.162,5038173.197,-75.49818298,45.47909039,2014-10-16,19:49,02 - Rain,02 - Wet,10 - No control,01 - Non intersection,07 - Dark,02 - Non-fatal injury,03 - Rear end,Queenswood Heights
2159,BELCOURT BLVD @ INNES RD,382123.0041,5035265.185,-75.51140611,45.45303784,2014-12-07,15:00,01 - Clear,01 - Dry,01 - Traffic signal,02 - Intersection related,01 - Daylight,02 - Non-fatal injury,03 - Rear end,Chapel Hill South
2160,IRIS ST @ WOODROFFE AVE,362283.1672,5024441.995,-75.76630059,45.35756613,2014-11-15,11:09,01 - Clear,01 - Dry,01 - Traffic signal,03 - At intersection,01 - Daylight,02 - Non-fatal injury,02 - Angle,Iris
2161,NAVAN RD btwn CANARY ST & MILTON RD,387067.343,5031767.702,-75.44878639,45.42100637,2014-10-29,11:07,02 - Rain,02 - Wet,10 - No control,01 - Non intersection,01 - Daylight,02 - Non-fatal injury,07 - SMV other,Navan - Vars
2162,BRUYERE ST @ PARENT AVE,367689.717,5032765.101,-75.69623841,45.43199097,2014-10-21,12:00,01 - Clear,01 - Dry,02 - Stop sign,02 - Intersection related,01 - Daylight,02 - Non-fatal injury,07 - SMV other,Lower Town
2163,INNES RD/PRESTWICK DR @ LANTHIER DR,383541.237,5035988.564,-75.49316061,45.4593878,2014-10-16,21:23,02 - Rain,02 - Wet,01 - Traffic signal,03 - At intersection,07 - Dark,02 - Non-fatal injury,05 - Turning movement,Queenswood Heights
2164,BANKFIELD RD @ PRINCE OF WALES DR,366379.6899,5008974.911,-75.71593825,45.21804664,2014-10-30,20:24,01 - Clear,01 - Dry,01 - Traffic signal,02 - Intersection related,07 - Dark,02 - Non-fatal injury,03 - Rear end,Manotick
2165,ROBERTSON RD btwn FITZGERALD RD & MOODIE DR,356996.3433,5020411.298,-75.83420057,45.32171112,2014-10-10,17:08,01 - Clear,01 - Dry,10 - No control,04 - At/near private drive,01 - Daylight,02 - Non-fatal injury,05 - Turning movement,Bells Corners West
2166,REGIONAL RD 174 @ TRIM RD,384352.8034,5039988.916,-75.48213716,45.49528723,2014-10-29,12:20,01 - Clear,01 - Dry,01 - Traffic signal,02 - Intersection related,01 - Daylight,02 - Non-fatal injury,03 - Rear end,Chatelaine Village
2167,DONALD ST @ ST. LAURENT BLVD,372092.7628,5032474.01,-75.64001126,45.42896206,2014-10-21,18:29,01 - Clear,01 - Dry,01 - Traffic signal,02 - Intersection related,07 - Dark,02 - Non-fatal injury,03 - Rear end,Overbrook
2168,BANK ST btwn RANDALL AVE & 73 N OF EVANS BLVD,369750.9811,5027266.667,-75.67062152,45.38232966,2014-07-31,10:34,02 - Rain,02 - Wet,10 - No control,04 - At/near private drive,01 - Daylight,02 - Non-fatal injury,02 - Angle,Alta Vista
2169,SMYTH RD SOUTH SIDE RAMP btwn RIVERSIDE DR & SMYTH RD,369819.0834,5029001.012,-75.66952348,45.39792839,2014-10-15,10:23,01 - Clear,02 - Wet,10 - No control,01 - Non intersection,01 - Daylight,02 - Non-fatal injury,07 - SMV other,Alta Vista
2170,MERIVALE RD/LOTTA AVE @ CLYDE AVE,364521.6983,5024506.101,-75.73772334,45.35795585,2014-10-04,11:59,02 - Rain,02 - Wet,01 - Traffic signal,02 - Intersection related,01 - Daylight,02 - Non-fatal injury,03 - Rear end,Cityview - Skyline - Fisher Heights
2171,ALTA VISTA DR btwn SMYTH RD & VALOUR DR,370376.1513,5029418.848,-75.66235337,45.40163597,2014-10-19,17:35,01 - Clear,01 - Dry,10 - No control,01 - Non intersection,01 - Daylight,02 - Non-fatal injury,07 - SMV other,Industrial Park
2172,BASELINE RD @ DEERFIELD DR,363373.1181,5024271.038,-75.75241019,45.35593767,2014-11-15,14:40,01 - Clear,01 - Dry,02 - Stop sign,02 - Intersection related,01 - Daylight,02 - Non-fatal injury,02 - Angle,Braemar Park - Bel Air Heights - Copeland Park
2173,SMYTH RD @ SMYTH RD NORTH SIDE RAMP/SMYTH RD S,369917.1877,5029120.916,-75.66825472,45.39899813,2014-10-25,2:39,01 - Clear,01 - Dry,03 - Yield sign,02 - Intersection related,07 - Dark,02 - Non-fatal injury,07 - SMV other,Alta Vista
2174,CYRVILLE RD btwn INNES RD & END,375106.801,5030991.926,-75.6017086,45.41533059,2014-11-16,13:05,03 - Snow,02 - Wet,10 - No control,04 - At/near private drive,01 - Daylight,02 - Non-fatal injury,05 - Turning movement,Industrial Park
2175,RIVERSIDE DR @ SMYTH RD SOUTH SIDE RAMP,369785.5945,5028998.451,-75.66995152,45.39790846,2014-10-29,16:54,01 - Clear,01 - Dry,01 - Traffic signal,03 - At intersection,01 - Daylight,02 - Non-fatal injury,05 - Turning movement,Alta Vista
2176,ALBION RD @ HUNT CLUB RD,371867.2586,5024320.993,-75.64400103,45.35562615,2014-11-28,15:25,01 - Clear,01 - Dry,01 - Traffic signal,03 - At intersection,01 - Daylight,02 - Non-fatal injury,05 - Turning movement,South Keys - Heron Gate - Greenboro West
2177,OGILVIE RD btwn BATHGATE DR & CITY PARK DR (2),374007.3444,5032905.565,-75.61548551,45.43265813,2014-10-24,14:45,01 - Clear,01 - Dry,10 - No control,01 - Non intersection,01 - Daylight,02 - Non-fatal injury,03 - Rear end,Industrial Park
2178,RICHMOND RD @ LYNHAR RD/STAFFORD RD,358137.2358,5021085.867,-75.81957607,45.32769518,2014-10-31,12:08,01 - Clear,01 - Dry,01 - Traffic signal,02 - Intersection related,01 - Daylight,02 - Non-fatal injury,03 - Rear end,Bells Corners East
2179,HIGHWAY 417 btwn HWY417 IC134 RAMP61 & HWY417 IC131 RAMP66,357424.9825,5022693.697,-75.8284907,45.34221633,2014-03-01,10:28,01 - Clear,03 - Loose snow,10 - No control,01 - Non intersection,01 - Daylight,02 - Non-fatal injury,04 - Sideswipe,Greenbelt
2180,BANK ST btwn GLEBE AVE & FIRST AVE,368243.5111,5029777.589,-75.68954602,45.40506033,2014-10-29,13:00,01 - Clear,01 - Dry,10 - No control,01 - Non intersection,01 - Daylight,02 - Non-fatal injury,04 - Sideswipe,The Glebe
2181,GREY'S CREEK RD @ SNAKE ISLAND RD,381963.8071,5009056.144,-75.51752764,45.21724312,2014-10-21,9:13,02 - Rain,02 - Wet,02 - Stop sign,03 - At intersection,01 - Daylight,02 - Non-fatal injury,02 - Angle,Metcalfe
2182,ADELINE ST @ PRESTON ST,366779.7004,5029051.03,-75.70833485,45.39865409,2014-09-26,18:43,01 - Clear,01 - Dry,02 - Stop sign,03 - At intersection,01 - Daylight,02 - Non-fatal injury,05 - Turning movement,Little Italy
2183,BASELINE RD btwn NAVAHO DR & COLLEGE SQUARE SC,362981.1776,5024037.174,-75.75743977,45.35386601,2014-10-03,13:49,01 - Clear,01 - Dry,10 - No control,01 - Non intersection,01 - Daylight,02 - Non-fatal injury,04 - Sideswipe,Braemar Park - Bel Air Heights - Copeland Park
2184,BLAIR RD @ MEADOWBROOK RD,375193.7706,5032313.979,-75.60040865,45.42721696,2014-01-02,21:50,01 - Clear,01 - Dry,01 - Traffic signal,03 - At intersection,07 - Dark,02 - Non-fatal injury,05 - Turning movement,Greenbelt
2185,EVERGREEN DR btwn ASCOT AVE & DORLAND CRES,358326.1426,5020476.664,-75.81723221,45.32219915,2014-02-27,23:33,03 - Snow,03 - Loose snow,10 - No control,01 - Non intersection,07 - Dark,02 - Non-fatal injury,07 - SMV other,Bells Corners East
2186,EAGLESON RD @ PERTH ST/RICHMOND RD,358017.5582,5007410.827,-75.82256792,45.20465388,2014-03-09,8:16,01 - Clear,01 - Dry,01 - Traffic signal,03 - At intersection,01 - Daylight,02 - Non-fatal injury,02 - Angle,Munster Hamlet - Richmond
2187,BESSERER ST @ DALHOUSIE ST,368253.6656,5032155.165,-75.68911018,45.42645204,2014-12-21,3:00,01 - Clear,01 - Dry,01 - Traffic signal,03 - At intersection,07 - Dark,02 - Non-fatal injury,07 - SMV other,Byward Market - Parliament Hill
2188,HIGHWAY 417 btwn HWY417 IC115 RAMP26 & HIGHWAY 417,372535.5861,5031528.172,-75.63448277,45.42040911,2014-08-27,7:00,01 - Clear,01 - Dry,10 - No control,01 - Non intersection,01 - Daylight,02 - Non-fatal injury,03 - Rear end,Cummings
2189,HAWTHORNE AVE/ISABELLA ST @ QUEEN ELIZABETH DR,368664.7692,5030476.429,-75.68407471,45.41130995,2014-11-06,23:25,02 - Rain,02 - Wet,01 - Traffic signal,03 - At intersection,07 - Dark,02 - Non-fatal injury,02 - Angle,The Glebe
2190,MARCH RD btwn TERRY FOX DR & SOLANDT RD,350150.1721,5023079.493,-75.92127878,45.34619583,2014-09-08,21:25,01 - Clear,01 - Dry,10 - No control,04 - At/near private drive,07 - Dark,02 - Non-fatal injury,02 - Angle,South March
2191,REGIONAL ROAD 174 btwn WEST ST & FAUBERT ST,390058.037,5042649.744,-75.40869014,45.51855241,2014-10-23,7:27,01 - Clear,01 - Dry,10 - No control,04 - At/near private drive,01 - Daylight,02 - Non-fatal injury,03 - Rear end,Cumberland - Estates
2192,MARCH RD btwn CARLING AVE/STATION RD & 280 S OF CARLING AVE/STATION RD,350918.0681,5022232.731,-75.91155898,45.33852642,2014-10-23,8:41,01 - Clear,01 - Dry,10 - No control,01 - Non intersection,01 - Daylight,02 - Non-fatal injury,03 - Rear end,South March
2193,MACKENZIE KING BRIDGE @ MACKENZIE KING BRIDGE,368166.1728,5031865.449,-75.69026543,45.42385321,2014-01-21,16:00,01 - Clear,01 - Dry,01 - Traffic signal,03 - At intersection,01 - Daylight,02 - Non-fatal injury,07 - SMV other,Sandy Hill
2194,OLD TENTH LINE RD @ TENTH LINE RD,383041.0512,5038357.533,-75.49917817,45.48075786,2014-01-24,19:00,01 - Clear,01 - Dry,01 - Traffic signal,02 - Intersection related,07 - Dark,02 - Non-fatal injury,03 - Rear end,Queenswood Heights
2195,MEADOWLANDS DR/TALLWOOD DR @ WOODROFFE AVE,363056.939,5022730.783,-75.7566268,45.34210493,2014-02-11,16:45,01 - Clear,02 - Wet,01 - Traffic signal,02 - Intersection related,01 - Daylight,02 - Non-fatal injury,03 - Rear end,Crestview - Meadowlands
2196,MARCH RD @ SOLANDT RD,350489.6085,5022708.093,-75.9169817,45.34283186,2014-03-17,16:25,01 - Clear,01 - Dry,01 - Traffic signal,03 - At intersection,01 - Daylight,02 - Non-fatal injury,05 - Turning movement,South March
2197,210 W OF MERIVALE RD @ WEST HUNT CLUB RD,365429.8028,5021829.021,-75.72646167,45.33378992,2014-10-05,10:32,01 - Clear,01 - Dry,01 - Traffic signal,03 - At intersection,01 - Daylight,02 - Non-fatal injury,05 - Turning movement,Merivale Gardens - Grenfell Glen - Pineglen - Country Place
2198,HIGHWAY 417 btwn HWY417 IC124 RAMP76 & HWY417 IC124 RAMP67,364176.4544,5027207.293,-75.7418049,45.38229009,2014-08-24,22:17,01 - Clear,01 - Dry,10 - No control,01 - Non intersection,07 - Dark,02 - Non-fatal injury,06 - SMV unattended vehicle,Westboro
2199,BANK ST btwn BILLINGS TRANSIT & OHIO ST,369521.7248,5027658.479,-75.67349729,45.38587627,2014-06-04,9:40,01 - Clear,01 - Dry,10 - No control,04 - At/near private drive,01 - Daylight,02 - Non-fatal injury,05 - Turning movement,Alta Vista
2200,BASELINE RD btwn ROCKWAY CRES & SOUTHWOOD DR,361209.0899,5022946.357,-75.78017934,45.34419568,2014-06-11,17:38,02 - Rain,02 - Wet,10 - No control,01 - Non intersection,01 - Daylight,02 - Non-fatal injury,04 - Sideswipe,Iris
2201,BAYSHORE DR @ BAYSHORE CS,359143.6802,5023738.575,-75.80644642,45.35148712,2014-01-24,14:34,01 - Clear,01 - Dry,01 - Traffic signal,02 - Intersection related,01 - Daylight,02 - Non-fatal injury,03 - Rear end,Bayshore
2202,MORNINGDOVE DR @ PANMURE RD,332451.4668,5022442.028,-76.1471649,45.34138065,2014-01-25,18:10,01 - Clear,03 - Loose snow,02 - Stop sign,03 - At intersection,07 - Dark,02 - Non-fatal injury,02 - Angle,Car
2203,BLACKBURN BYPASS EB btwn 1700 W OF NAVAN RD & NAVAN RD,379556.8215,5033192.399,-75.54452562,45.43466765,2014-02-26,3:44,01 - Clear,01 - Dry,10 - No control,01 - Non intersection,07 - Dark,02 - Non-fatal injury,03 - Rear end,Greenbelt
2204,CYRVILLE RD @ INNES RD,375048.6748,5031118.139,-75.60243318,45.41647203,2014-10-31,12:45,01 - Clear,01 - Dry,01 - Traffic signal,02 - Intersection related,01 - Daylight,02 - Non-fatal injury,03 - Rear end,Industrial Park
2205,HOLLAND AVE @ WELLINGTON ST,364929.7014,5029151.145,-75.73195046,45.39971623,2014-06-18,16:07,01 - Clear,01 - Dry,01 - Traffic signal,03 - At intersection,01 - Daylight,02 - Non-fatal injury,02 - Angle,Island Park
2206,ANDERSON RD btwn INNES RD & DESJARDINS ST,376538.6974,5031676.798,-75.58331626,45.42134733,2014-01-30,13:56,05 - Drifting Snow,03 - Loose snow,10 - No control,01 - Non intersection,01 - Daylight,02 - Non-fatal injury,01 - Approaching,Greenbelt
2207,HIGHWAY 416 btwn HWY416 IC66 RAMP53 & HWY416 IC57 RAMP34,364193.9502,5008944.383,-75.74376929,45.2179596,2014-08-07,17:30,01 - Clear,01 - Dry,10 - No control,01 - Non intersection,01 - Daylight,02 - Non-fatal injury,03 - Rear end,New Barrhaven
2208,HIGHWAY 417 btwn HWY417 IC117 RAMP51 & HWY417 IC117 RAMP35,371041.1643,5031303.102,-75.65360646,45.41852712,2014-08-29,15:10,01 - Clear,01 - Dry,10 - No control,01 - Non intersection,01 - Daylight,02 - Non-fatal injury,03 - Rear end,Industrial Park
2209,HIGHWAY 417 btwn HWY417 IC122 RAMP15 & HWY417 IC121B RAMP51,365743.8072,5029146.977,-75.72155319,45.39960834,2014-08-29,22:50,01 - Clear,01 - Dry,10 - No control,01 - Non intersection,07 - Dark,02 - Non-fatal injury,04 - Sideswipe,Civic Hospital - Experimental Farm - Central Park
2210,ALBERT ST @ LYON ST,367063.6641,5031220.066,-75.7044342,45.41814526,2014-10-16,12:16,01 - Clear,01 - Dry,01 - Traffic signal,03 - At intersection,01 - Daylight,02 - Non-fatal injury,07 - SMV other,Downtown
2211,KIRKWOOD AVE @ LAPERRIERE AVE,364520.6441,5026957.711,-75.73744042,45.38001514,2014-10-18,15:21,02 - Rain,02 - Wet,01 - Traffic signal,03 - At intersection,01 - Daylight,02 - Non-fatal injury,03 - Rear end,Carlington
2212,MEADOWLANDS DR/TALLWOOD DR @ WOODROFFE AVE,363056.6896,5022730.969,-75.75662996,45.34210662,2014-10-18,15:24,02 - Rain,02 - Wet,01 - Traffic signal,02 - Intersection related,01 - Daylight,02 - Non-fatal injury,03 - Rear end,Crestview - Meadowlands
2213,FERNBANK RD btwn DWYER HILL RD & MUNSTER RD,345117.8841,5006989.094,-75.98680057,45.20171482,2014-06-23,3:23,01 - Clear,01 - Dry,10 - No control,01 - Non intersection,07 - Dark,02 - Non-fatal injury,07 - SMV other,Munster Hamlet - Richmond
2214,SMYTH RD E/LANCASTER RD @ ST. LAURENT BLVD N/R,373363.3042,5029424.669,-75.62420011,45.40140217,2014-10-26,20:55,01 - Clear,01 - Dry,01 - Traffic signal,02 - Intersection related,07 - Dark,02 - Non-fatal injury,03 - Rear end,Sheffield Glen
2215,BOOTH ST @ CARLING AVE,367094.7119,5029106.078,-75.70430465,45.39912144,2014-01-11,8:30,04 - Freezing Rain,06 - Ice,01 - Traffic signal,02 - Intersection related,01 - Daylight,02 - Non-fatal injury,03 - Rear end,Centretown West
2216,MONTGOMERY ST @ MONTREAL RD,369813.7126,5032921.07,-75.66907493,45.43320009,2014-01-28,18:33,01 - Clear,01 - Dry,01 - Traffic signal,03 - At intersection,07 - Dark,02 - Non-fatal injury,07 - SMV other,Vanier South
2217,HIGHWAY 417 btwn HWY417 IC126 RAMP25 & HWY417 IC124 RAMP57,363339.2829,5026059.904,-75.75263008,45.3720365,2014-08-14,19:04,02 - Rain,02 - Wet,10 - No control,01 - Non intersection,01 - Daylight,02 - Non-fatal injury,07 - SMV other,Carlington
2218,HWY416 IC75B RAMP25 btwn HWY416 IC75C RAMP24 & HWY417 IC131 RAMP55,358563.8351,5022744.327,-75.81395416,45.34258554,2014-09-01,16:45,01 - Clear,01 - Dry,10 - No control,01 - Non intersection,01 - Daylight,02 - Non-fatal injury,07 - SMV other,Greenbelt
2219,ELGIN ST btwn WELLINGTON ST & LAWRENCE FREIMAN LANE (1),367814.2037,5031824.709,-75.69476789,45.42351844,2014-09-04,12:20,01 - Clear,01 - Dry,10 - No control,01 - Non intersection,01 - Daylight,02 - Non-fatal injury,04 - Sideswipe,Downtown
2220,NOTRE DAME ST W @ ST. JOSEPH BLVD,379542.841,5036268.066,-75.544237,45.46234173,2014-10-18,16:02,01 - Clear,01 - Dry,02 - Stop sign,03 - At intersection,01 - Daylight,02 - Non-fatal injury,02 - Angle,Chapel Hill
2221,BANK ST @ 80 S OF HUNT CLUB RD/TOWNGATE PLAZA ,371688.0648,5024096.569,-75.64631824,45.35362397,2014-11-28,19:27,01 - Clear,01 - Dry,01 - Traffic signal,02 - Intersection related,07 - Dark,02 - Non-fatal injury,03 - Rear end,South Keys - Heron Gate - Greenboro West
2222,DUNROBIN RD @ KINBURN SIDE RD,338032.4492,5035932.004,-76.07504383,45.4625259,2014-06-26,16:58,01 - Clear,01 - Dry,02 - Stop sign,03 - At intersection,01 - Daylight,02 - Non-fatal injury,02 - Angle,Woodlawn
2223,BANK ST @ GLADSTONE AVE,367916.7064,5030561.125,-75.69362003,45.41213989,2014-01-21,13:47,01 - Clear,01 - Dry,01 - Traffic signal,03 - At intersection,01 - Daylight,02 - Non-fatal injury,07 - SMV other,Centretown
2224,NELSON ST @ STEWART ST,368769.7487,5032290.105,-75.68249817,45.42761918,2014-01-31,15:48,03 - Snow,05 - Packed snow,02 - Stop sign,03 - At intersection,01 - Daylight,02 - Non-fatal injury,02 - Angle,Sandy Hill
2225,RIVERSIDE DR @ HERON RD,368120.1548,5026646.746,-75.69152342,45.37690108,2014-12-12,23:27,01 - Clear,01 - Dry,01 - Traffic signal,03 - At intersection,07 - Dark,02 - Non-fatal injury,02 - Angle,Riverside Park
2226,HIGHWAY 417 btwn HWY417 IC131 RAMP53 & HWY417 IC131 RAMP51,358020.0006,5022732.038,-75.82089451,45.34251643,2014-08-16,15:32,02 - Rain,02 - Wet,10 - No control,01 - Non intersection,01 - Daylight,02 - Non-fatal injury,07 - SMV other,Greenbelt
2227,BANK ST @ 80 S OF HUNT CLUB RD/TOWNGATE PLAZA ,371688.0648,5024096.569,-75.64631824,45.35362397,2014-10-16,16:07,02 - Rain,02 - Wet,01 - Traffic signal,03 - At intersection,01 - Daylight,02 - Non-fatal injury,05 - Turning movement,South Keys - Heron Gate - Greenboro West
2228,MANOTICK STATION RD btwn HERBERTS CORNERS RD & SNAKE ISLAND RD,376409.758,5006551.919,-75.58859401,45.1952971,2014-10-18,16:48,02 - Rain,02 - Wet,10 - No control,01 - Non intersection,01 - Daylight,02 - Non-fatal injury,07 - SMV other,Kars - Osgoode
2229,BILLINGS BRIDGESC RAMP NB @ RIVERSIDE DR EB,369082.9685,5027763.329,-75.67908601,45.38686009,2014-11-02,18:26,01 - Clear,01 - Dry,02 - Stop sign,03 - At intersection,07 - Dark,02 - Non-fatal injury,02 - Angle,Alta Vista
2230,SLATER ST btwn O'CONNOR ST & METCALFE ST,367606.672,5031465.022,-75.69746544,45.42030076,2014-02-06,6:53,01 - Clear,02 - Wet,10 - No control,01 - Non intersection,03 - Dawn,02 - Non-fatal injury,04 - Sideswipe,Downtown