Record,Location,X,Y,lon,lat,Date,Time,Environment,Road_Surface,Traffic_Control,Collision_Location,Light,Collision_Classification,Impact_type,Neighborhood
2231,HWY 417 ST.LAURE IC115R51 @ ST. LAURENT BLVD,372530.744,5031410.922,-75.63456076,45.41935462,2014-01-16,9:45,01 - Clear,01 - Dry,01 - Traffic signal,02 - Intersection related,01 - Daylight,02 - Non-fatal injury,03 - Rear end,Industrial Park
2232,HIGHWAY 417 btwn HWY417 IC112 RAMP66 & HWY417 IC112 RAMP56,374316.9644,5030999.733,-75.6117978,45.41547975,2014-08-14,1:53,01 - Clear,01 - Dry,10 - No control,01 - Non intersection,07 - Dark,02 - Non-fatal injury,07 - SMV other,Industrial Park
2233,HIGHWAY 417 btwn HWY417 IC134 RAMP35 & HWY417 IC134 RAMP25,356870.9131,5022473.299,-75.8355835,45.34027451,2014-08-31,18:50,01 - Clear,01 - Dry,10 - No control,01 - Non intersection,01 - Daylight,02 - Non-fatal injury,07 - SMV other,Greenbelt
2234,RICHMOND RD btwn STINSON AVE & STAFFORD RD,358105.735,5021068.191,-75.81997981,45.32753853,2014-11-03,16:17,01 - Clear,01 - Dry,10 - No control,04 - At/near private drive,01 - Daylight,02 - Non-fatal injury,07 - SMV other,Bells Corners East
2235,"EGLISE, RUE DE L @ MONTREAL RD",371157.9265,5033634.644,-75.65180053,45.43949424,2014-01-28,17:40,01 - Clear,02 - Wet,01 - Traffic signal,03 - At intersection,07 - Dark,02 - Non-fatal injury,07 - SMV other,Vanier South
2236,DUNROBIN RD @ MARCH RD,347175.5509,5026066.961,-75.95898053,45.37326385,2014-12-17,17:30,03 - Snow,02 - Wet,01 - Traffic signal,03 - At intersection,07 - Dark,02 - Non-fatal injury,05 - Turning movement,Carp - Hardwood Plains
2237,INNES RD @ TENTH LINE RD,383949.8601,5036160.036,-75.48790889,45.46088438,2014-12-19,13:33,01 - Clear,01 - Dry,01 - Traffic signal,02 - Intersection related,01 - Daylight,02 - Non-fatal injury,04 - Sideswipe,Queenswood Heights
2238,WEST HUNT CLUB RD @ ROYDON PL/SUNDERLAND ST,365974.6715,5022169.008,-75.71946865,45.33680179,2014-11-29,14:39,01 - Clear,01 - Dry,01 - Traffic signal,02 - Intersection related,01 - Daylight,02 - Non-fatal injury,04 - Sideswipe,Industrial Park
2239,WALKLEY RD btwn CONROY RD & HARDING RD,372916.0741,5027472.557,-75.63018167,45.38388157,2014-10-18,18:50,01 - Clear,01 - Dry,10 - No control,01 - Non intersection,07 - Dark,02 - Non-fatal injury,04 - Sideswipe,Elmvale - Eastway - Riverview - Riverview Park West
2240,DUNDONALD DR @ GREENBANK RD,365090.6441,5012122.311,-75.73196813,45.24647859,2014-07-24,16:07,01 - Clear,01 - Dry,02 - Stop sign,03 - At intersection,01 - Daylight,02 - Non-fatal injury,05 - Turning movement,New Barrhaven
2241,RIVERSIDE DR @ BROOKFIELD RD/HOG'S BACK RD,368167.711,5026222.997,-75.69097065,45.373084,2014-11-25,0:08,01 - Clear,01 - Dry,01 - Traffic signal,03 - At intersection,07 - Dark,02 - Non-fatal injury,02 - Angle,Riverside Park
2242,MARCH RD @ MORGAN'S GRANT WAY/SHIRLEY'S BROOK ,349663.5094,5023618.935,-75.92743991,45.35108114,2014-11-27,19:05,01 - Clear,01 - Dry,01 - Traffic signal,03 - At intersection,07 - Dark,02 - Non-fatal injury,05 - Turning movement,Morgan's Grant
2243,BASELINE RD @ GREENBANK RD,360596.7342,5022582.125,-75.78803391,45.3409673,2014-11-08,16:46,01 - Clear,02 - Wet,01 - Traffic signal,02 - Intersection related,05 - Dusk,02 - Non-fatal injury,03 - Rear end,Qualicum - Redwood Park
2244,BASELINE RD @ WOODROFFE AVE,362548.7263,5023769.059,-75.76298995,45.35148928,2014-02-12,12:15,01 - Clear,01 - Dry,01 - Traffic signal,02 - Intersection related,01 - Daylight,02 - Non-fatal injury,03 - Rear end,Iris
2245,EAGLESON RD @ COPE DR/CADENCE GT,354620.0585,5016027.674,-75.86495029,45.28243908,2014-02-10,9:23,01 - Clear,02 - Wet,01 - Traffic signal,03 - At intersection,01 - Daylight,02 - Non-fatal injury,05 - Turning movement,Bridlewood - Emerald Meadows
2246,OTTAWA RIVER PKWY WB btwn TUNNEY'S PASTURE/REMIC RAPIDS ENT & PARKDALE,363858.2041,5029968.287,-75.74553786,45.40715992,2014-09-04,17:20,01 - Clear,01 - Dry,10 - No control,01 - Non intersection,01 - Daylight,02 - Non-fatal injury,03 - Rear end,Island Park
2247,LAURIER AVE   E btwn NICHOLAS ST & WALLER ST,368410.2627,5031826.761,-75.6871516,45.42348296,2014-10-01,15:58,01 - Clear,01 - Dry,10 - No control,01 - Non intersection,01 - Daylight,02 - Non-fatal injury,07 - SMV other,Sandy Hill
2248,HUNTMAR DR btwn RICHARDSON SIDE RD & HUNTMAR DR,348340.6518,5018836.619,-75.94474239,45.3081319,2014-10-18,22:05,01 - Clear,01 - Dry,10 - No control,01 - Non intersection,07 - Dark,02 - Non-fatal injury,03 - Rear end,Stittsville - Basswood
2249,COBBLE HILL DR @ MARAVISTA DR,361396.5871,5014648.178,-75.77873451,45.26951335,2014-12-14,10:08,01 - Clear,02 - Wet,,03 - At intersection,01 - Daylight,02 - Non-fatal injury,02 - Angle,Munster Hamlet - Richmond
2250,RIVERSIDE DR @ PLEASANT PARK RD,369561.251,5028415.496,-75.67289324,45.39268401,2014-01-01,0:00,01 - Clear,06 - Ice,01 - Traffic signal,03 - At intersection,00 - Unknown,02 - Non-fatal injury,02 - Angle,Alta Vista
2251,HERON RD WB btwn PRINCE OF WALES DR & HERON RD WB ON RAMP/VINCENT MASS,367137.124,5026485.428,-75.70409397,45.37553773,2014-02-01,19:30,03 - Snow,06 - Ice,10 - No control,01 - Non intersection,07 - Dark,02 - Non-fatal injury,03 - Rear end,Civic Hospital - Experimental Farm - Central Park
2252,BRONSON AVE @ COMMISSIONER ST/SLATER ST,366769.6693,5030949.05,-75.7082244,45.41573284,2014-02-09,23:32,03 - Snow,04 - Slush,01 - Traffic signal,02 - Intersection related,07 - Dark,02 - Non-fatal injury,03 - Rear end,Byward Market - Parliament Hill
2253,FERNBANK RD @ MUNSTER RD,345217.5645,5007064.946,-75.98552566,45.20239167,2014-10-17,9:18,01 - Clear,01 - Dry,02 - Stop sign,02 - Intersection related,01 - Daylight,02 - Non-fatal injury,03 - Rear end,Munster Hamlet - Richmond
2254,WOODROFFE AVE btwn BASELINE RD & WOODROFFE AVE,362554.4408,5023752.928,-75.76291891,45.35134367,2014-08-26,8:50,01 - Clear,01 - Dry,10 - No control,01 - Non intersection,01 - Daylight,02 - Non-fatal injury,04 - Sideswipe,Crestview - Meadowlands
2255,ALBERT ST @ LYON ST,367064.6004,5031219.109,-75.70442235,45.41813656,2014-12-16,11:20,01 - Clear,02 - Wet,01 - Traffic signal,03 - At intersection,01 - Daylight,02 - Non-fatal injury,02 - Angle,Downtown
2256,HILSON AVE @ RICHMOND RD,363874.6578,5028703.997,-75.74547913,45.3957827,2014-01-05,11:42,03 - Snow,03 - Loose snow,02 - Stop sign,02 - Intersection related,01 - Daylight,02 - Non-fatal injury,03 - Rear end,Westboro
2257,BASELINE RD btwn ST. HELEN'S PL & CLYDE AVE,364232.195,5024810.378,-75.74138159,45.36071829,2014-02-21,16:18,02 - Rain,02 - Wet,10 - No control,01 - Non intersection,01 - Daylight,02 - Non-fatal injury,03 - Rear end,Braemar Park - Bel Air Heights - Copeland Park
2258,BYRON AVE @ ROOSEVELT AVE,363036.6533,5028060.103,-75.75625748,45.39005924,2014-02-26,14:44,01 - Clear,01 - Dry,01 - Traffic signal,03 - At intersection,01 - Daylight,02 - Non-fatal injury,02 - Angle,Carlingwood - McKellar Park - Laurentien View
2259,HWY417 IC129 RAMP61 btwn HWY417 IC129 RAMP63 & HIGHWAY 417,360601.9146,5023713.873,-75.78784013,45.35115033,2014-08-21,13:20,02 - Rain,02 - Wet,10 - No control,01 - Non intersection,01 - Daylight,02 - Non-fatal injury,07 - SMV other,Whitehaven - Queensway Terrace North
2260,COLONEL BY DR @ ECHO DR N,368780.6617,5030492.079,-75.68259221,45.41144018,2014-09-18,7:44,01 - Clear,01 - Dry,03 - Yield sign,02 - Intersection related,01 - Daylight,02 - Non-fatal injury,05 - Turning movement,Old Ottawa East
2261,OTTAWA RIVER PKWY @ ISLAND PARK DR,363299.6454,5029454.038,-75.75273378,45.40257971,2014-09-19,20:59,01 - Clear,01 - Dry,01 - Traffic signal,03 - At intersection,07 - Dark,02 - Non-fatal injury,02 - Angle,Westboro
2262,WEST HUNT CLUB RD EB btwn 354 E OF WOODROFFE AVE/REC PATH & CLEOPATRA ,365167.0895,5021702.277,-75.72982862,45.33267214,2014-10-07,11:03,02 - Rain,02 - Wet,10 - No control,01 - Non intersection,01 - Daylight,02 - Non-fatal injury,04 - Sideswipe,Merivale Gardens - Grenfell Glen - Pineglen - Country Place
2263,LANARK AVE/WEST VILLAGE PRIV @ SCOTT ST,363623.2788,5028914.038,-75.7486645,45.39769377,2014-10-17,9:46,01 - Clear,01 - Dry,01 - Traffic signal,03 - At intersection,01 - Daylight,02 - Non-fatal injury,07 - SMV other,Westboro
2264,TERRY FOX DR @ WESTPHALIAN AVE,353455.2261,5015759.789,-75.87982363,45.28011017,2014-10-20,17:22,01 - Clear,02 - Wet,01 - Traffic signal,02 - Intersection related,05 - Dusk,02 - Non-fatal injury,03 - Rear end,Glen Cairn - Kanata South Business Park
2265,COVENTRY RD @ VANIER PKWY,370675.4348,5031612.178,-75.65823772,45.42134259,2014-12-19,15:19,01 - Clear,01 - Dry,01 - Traffic signal,02 - Intersection related,01 - Daylight,02 - Non-fatal injury,03 - Rear end,Overbrook
2266,BILBERRY DR btwn DU BOIS AVE N & JEANNE D'ARC BLVD N,381212.6986,5038524.646,-75.5225361,45.48246391,2014-01-08,20:09,01 - Clear,06 - Ice,10 - No control,01 - Non intersection,07 - Dark,02 - Non-fatal injury,06 - SMV unattended vehicle,Orleans South West
2267,KERWIN RD btwn MOWBRAY ST & FIFTH LINE RD,347107.8659,5027928.074,-75.95968514,45.39001465,2014-01-11,20:30,02 - Rain,02 - Wet,10 - No control,01 - Non intersection,07 - Dark,02 - Non-fatal injury,07 - SMV other,Carp - Hardwood Plains
2268,CORDOVA ST @ WITHROW AVE,363962.6508,5023807.026,-75.74494195,45.35171305,2014-02-26,16:55,01 - Clear,01 - Dry,02 - Stop sign,03 - At intersection,01 - Daylight,02 - Non-fatal injury,02 - Angle,Crestview - Meadowlands
2269,PINECREST RD @ RICHMOND RD,360072.6705,5024471.994,-75.79450922,45.35801381,2014-02-28,0:34,05 - Drifting Snow,05 - Packed snow,01 - Traffic signal,02 - Intersection related,07 - Dark,02 - Non-fatal injury,03 - Rear end,Whitehaven - Queensway Terrace North
2270,COLONEL BY DR @ ECHO DR S,368540.8124,5028770.122,-75.68587876,45.39596845,2014-09-26,16:10,01 - Clear,01 - Dry,10 - No control,02 - Intersection related,01 - Daylight,02 - Non-fatal injury,03 - Rear end,Old Ottawa South
2271,COLONEL BY DR btwn UNIVERSITY RD & COLONEL BY DR SB ON RAMP 43,367580.2423,5028386.274,-75.69819514,45.39260148,2014-10-06,18:15,01 - Clear,01 - Dry,10 - No control,04 - At/near private drive,05 - Dusk,02 - Non-fatal injury,03 - Rear end,Carleton University
2272,AVIATION PKWY @ HEMLOCK RD NB ONRAMP,371561.3004,5035248.198,-75.64642616,45.45397382,2014-10-07,16:07,01 - Clear,01 - Dry,03 - Yield sign,02 - Intersection related,01 - Daylight,02 - Non-fatal injury,03 - Rear end,Gloucester
2273,WOODROFFE AVE NB btwn SPORTSPLEX N & TRANSIT,363777.9693,5021038.448,-75.74762874,45.32681718,2014-10-07,16:31,02 - Rain,02 - Wet,10 - No control,01 - Non intersection,01 - Daylight,02 - Non-fatal injury,03 - Rear end,Merivale Gardens - Grenfell Glen - Pineglen - Country Place
2274,RICHMOND RD @ EDGEWORTH AVE/MCEWEN AVE,361075.7081,5025883.528,-75.78154686,45.37063492,2014-10-17,11:36,01 - Clear,01 - Dry,01 - Traffic signal,02 - Intersection related,01 - Daylight,02 - Non-fatal injury,03 - Rear end,Woodroffe - Lincoln Heights
2275,OTTAWA RIVER PKWY WB btwn TUNNEY'S PASTURE/REMIC RAPIDS ENT & PARKDALE,364246.1693,5030225.769,-75.74055104,45.40944385,2014-11-19,17:15,01 - Clear,01 - Dry,10 - No control,01 - Non intersection,07 - Dark,02 - Non-fatal injury,03 - Rear end,Island Park
2276,MEADOWLANDS DR btwn CLAYMOR AVE & DEBRA AVE,367165.0514,5025555.064,-75.7038549,45.36716405,2014-08-24,14:49,01 - Clear,01 - Dry,10 - No control,01 - Non intersection,01 - Daylight,02 - Non-fatal injury,05 - Turning movement,Carleton Heights - Rideauview
2277,BRANDYWINE CRT @ VAN VLIET RD,369343.4066,5010115.997,-75.67805867,45.2280488,2014-10-16,7:13,02 - Rain,02 - Wet,02 - Stop sign,02 - Intersection related,03 - Dawn,02 - Non-fatal injury,07 - SMV other,Manotick
2278,BLAIR PL @ OGILVIE RD,374799.7225,5033371.1,-75.60529345,45.43676789,2014-01-13,14:45,01 - Clear,02 - Wet,01 - Traffic signal,02 - Intersection related,01 - Daylight,02 - Non-fatal injury,03 - Rear end,Beacon Hill South - Cardinal Heights
2279,MERIVALE RD @ WEST HUNT CLUB RD,365613.6591,5021942.98,-75.72410217,45.3347994,2014-01-16,16:43,01 - Clear,01 - Dry,01 - Traffic signal,02 - Intersection related,05 - Dusk,02 - Non-fatal injury,03 - Rear end,Industrial Park
2280,CATHCART ST @ KING EDWARD AVE SB/MACDONALD-CAR,368088.339,5033095.204,-75.6911019,45.43492516,2014-03-04,7:26,01 - Clear,01 - Dry,02 - Stop sign,02 - Intersection related,01 - Daylight,02 - Non-fatal injury,03 - Rear end,Lower Town
2281,HOLLAND AVE btwn WELLINGTON ST W & BYRON AVE,364961.2722,5029086.188,-75.73155516,45.39912905,2014-02-03,17:02,01 - Clear,02 - Wet,10 - No control,04 - At/near private drive,05 - Dusk,02 - Non-fatal injury,02 - Angle,Island Park
2282,REGIONAL ROAD 174 btwn FAUBERT ST & EAST ST,390417.3576,5042703.731,-75.40408222,45.51899409,2014-11-19,8:34,01 - Clear,06 - Ice,10 - No control,01 - Non intersection,01 - Daylight,02 - Non-fatal injury,03 - Rear end,Cumberland - Estates
2283,CLARENCE ST    E btwn COBOURG ST & END,368934.5075,5033048.515,-75.68029408,45.43442798,2014-12-10,17:38,03 - Snow,03 - Loose snow,10 - No control,04 - At/near private drive,07 - Dark,02 - Non-fatal injury,07 - SMV other,Lower Town
2284,HIGHWAY 417 btwn HWY417 IC124 RAMP76 & HWY417 IC124 RAMP67,364202.0468,5027248.051,-75.74147323,45.38265466,2014-08-22,15:13,01 - Clear,01 - Dry,10 - No control,01 - Non intersection,01 - Daylight,02 - Non-fatal injury,03 - Rear end,Westboro
2285,OTTAWA RIVER PKWY @ REMIC RAPIDS ENT/TUNNEY'S ,364263.2714,5030246.672,-75.74033005,45.40963048,2014-08-20,16:30,01 - Clear,01 - Dry,01 - Traffic signal,02 - Intersection related,01 - Daylight,02 - Non-fatal injury,03 - Rear end,Island Park
2286,PARKGLEN DR @ WOODROFFE AVE,362889.6518,5023126.031,-75.75871483,45.34567521,2014-10-17,12:09,01 - Clear,01 - Dry,02 - Stop sign,03 - At intersection,01 - Daylight,02 - Non-fatal injury,02 - Angle,Crestview - Meadowlands
2287,TIMM DR btwn EAGLESON RD & HAANEL DR,353709.111,5019605.303,-75.87620843,45.31469534,2014-10-30,7:19,01 - Clear,01 - Dry,10 - No control,01 - Non intersection,01 - Daylight,02 - Non-fatal injury,07 - SMV other,Greenbelt
2288,BOOTH ST @ OTTAWA RIVER PKWY/WELLINGTON ST,366263.75,5031007.448,-75.71468054,45.41630291,2014-11-10,9:00,01 - Clear,01 - Dry,01 - Traffic signal,03 - At intersection,01 - Daylight,02 - Non-fatal injury,07 - SMV other,LeBreton Flats
2289,MCCARTHY RD @ WALKLEY RD,369248.7672,5025301.948,-75.67729015,45.36469808,2014-08-26,20:51,01 - Clear,01 - Dry,01 - Traffic signal,02 - Intersection related,07 - Dark,02 - Non-fatal injury,03 - Rear end,Riverside Park
2290,DEAKIN ST @ PRINCE OF WALES DR,367392.6388,5021522.042,-75.70146028,45.33085544,2014-10-16,15:25,02 - Rain,02 - Wet,01 - Traffic signal,03 - At intersection,01 - Daylight,02 - Non-fatal injury,02 - Angle,Industrial Park
2291,RUSSELL RD btwn ST. LAURENT BLVD & SOUTHVALE CRES,373577.3068,5029254.976,-75.62149051,45.39985436,2014-01-19,17:44,03 - Snow,05 - Packed snow,10 - No control,01 - Non intersection,07 - Dark,02 - Non-fatal injury,07 - SMV other,Sheffield Glen
2292,MCARTHUR AVE @ VANIER PKWY,370218.705,5032692.032,-75.6639298,45.43110153,2014-01-15,15:25,01 - Clear,01 - Dry,01 - Traffic signal,03 - At intersection,01 - Daylight,02 - Non-fatal injury,05 - Turning movement,Vanier South
2293,REGIONAL ROAD 174 btwn QUIGLEY HILL RD & REGIONAL ROAD 174 DIVIDED,387972.1602,5042391.377,-75.43542867,45.51647986,2014-03-05,8:43,01 - Clear,01 - Dry,10 - No control,01 - Non intersection,01 - Daylight,02 - Non-fatal injury,03 - Rear end,Cumberland - Estates
2294,VICTORIA ST btwn 9TH LINE RD & YORKS CORNERS RD,388652.5829,5013158.69,-75.43168696,45.25339062,2014-03-12,16:24,05 - Drifting Snow,03 - Loose snow,10 - No control,01 - Non intersection,01 - Daylight,02 - Non-fatal injury,07 - SMV other,Metcalfe
2295,REGIONAL ROAD 174 btwn OR174 IC112 RAMP15 & TRANSIT,375597.26,5033429.549,-75.59509253,45.43721348,2014-10-10,20:29,01 - Clear,01 - Dry,10 - No control,01 - Non intersection,07 - Dark,02 - Non-fatal injury,03 - Rear end,Greenbelt
2296,BANK ST btwn VANCOUVER AVE & FOXBAR AVE,370460.5703,5025647.962,-75.66177675,45.36769894,2014-10-17,14:33,02 - Rain,02 - Wet,10 - No control,04 - At/near private drive,01 - Daylight,02 - Non-fatal injury,02 - Angle,Ledbury - Heron Gate - Ridgemont - Elmwood
2297,MONTREAL RD btwn CUMMINGS AVE & THOMSON ST,372017.2089,5034046.762,-75.64076197,45.44312019,2014-11-12,13:10,01 - Clear,01 - Dry,10 - No control,04 - At/near private drive,01 - Daylight,02 - Non-fatal injury,05 - Turning movement,Cummings
2298,ARGYLE AVE @ QUEEN ELIZABETH DRWY,368693.7146,5030753.094,-75.68366908,45.41379665,2014-11-28,14:10,01 - Clear,01 - Dry,02 - Stop sign,02 - Intersection related,01 - Daylight,02 - Non-fatal injury,03 - Rear end,Golden Triangle
2299,CONROY RD @ ROSEBELLA AVE,374289.7112,5024190.023,-75.61310463,45.35421185,2014-01-15,17:43,01 - Clear,01 - Dry,02 - Stop sign,03 - At intersection,07 - Dark,02 - Non-fatal injury,02 - Angle,Blossom Park - Blossom Park West - Sawmill Creek/ Timbermill
2300,RICHMOND RD @ LYNHAR RD/STAFFORD RD,358136.7671,5021088.677,-75.81958175,45.3277205,2014-01-17,19:30,01 - Clear,04 - Slush,01 - Traffic signal,03 - At intersection,07 - Dark,02 - Non-fatal injury,05 - Turning movement,Bells Corners East
2301,STRANDHERD DR @ LONGFIELDS DR,364549.7744,5015173.807,-75.73849059,45.27398214,2014-01-04,14:06,01 - Clear,01 - Dry,01 - Traffic signal,02 - Intersection related,01 - Daylight,02 - Non-fatal injury,03 - Rear end,New Barrhaven
2302,KING EDWARD AVE @ SOMERSET ST/MARIE CURIE PRIV,368958.6742,5031672.132,-75.68016454,45.42204158,2014-01-23,9:54,01 - Clear,01 - Dry,01 - Traffic signal,03 - At intersection,01 - Daylight,02 - Non-fatal injury,07 - SMV other,Sandy Hill
2303,COVENTRY RD @ VANIER PKWY,370675.4348,5031612.178,-75.65823772,45.42134259,2014-12-17,19:04,03 - Snow,04 - Slush,01 - Traffic signal,02 - Intersection related,07 - Dark,02 - Non-fatal injury,03 - Rear end,Overbrook
2304,HIGHWAY 417 btwn HWY417 IC155 RAMP61 & HWY417 IC145 RAMP56,345200.5213,5014889.077,-75.98510712,45.27279798,2014-08-24,10:35,01 - Clear,01 - Dry,10 - No control,01 - Non intersection,01 - Daylight,02 - Non-fatal injury,04 - Sideswipe,Stittsville - Basswood
2305,QUEEN ELIZABETH DRWY btwn SECOND AVE & FIRST AVE,368821.1873,5029968.15,-75.68214255,45.40672234,2014-10-25,19:30,02 - Rain,02 - Wet,10 - No control,01 - Non intersection,07 - Dark,02 - Non-fatal injury,01 - Approaching,The Glebe
2306,RICHMOND RD btwn TURN LANE & JOHN SUTHERLAND DR,358780.9642,5022134.817,-75.81125022,45.33708447,2014-10-17,15:35,01 - Clear,02 - Wet,10 - No control,01 - Non intersection,01 - Daylight,02 - Non-fatal injury,03 - Rear end,Greenbelt
2307,REGIONAL RD 174 EB btwn REGIONAL RD 174 & TRIM RD,384656.2174,5040259.845,-75.47821157,45.49769012,2014-05-24,5:50,"07 - Fog, mist, smoke, dust",01 - Dry,10 - No control,01 - Non intersection,03 - Dawn,02 - Non-fatal injury,07 - SMV other,Cumberland - Estates
2308,BLAIR RD @ REGIONAL RD 174 N/OR174 IC112 RAMP61,374634.9477,5032992.487,-75.60745298,45.43337782,2014-09-10,14:52,01 - Clear,01 - Dry,01 - Traffic signal,02 - Intersection related,01 - Daylight,02 - Non-fatal injury,03 - Rear end,Industrial Park
2309,HWY 417 ST.LAURE IC115R51 @ ST. LAURENT BLVD,372530.0106,5031410.395,-75.6345702,45.41934995,2014-09-18,22:41,01 - Clear,01 - Dry,01 - Traffic signal,02 - Intersection related,07 - Dark,02 - Non-fatal injury,03 - Rear end,Industrial Park
2310,RICHMOND RD btwn EDGEWOOD AVE & ATHLONE AVE,363446.0886,5028432.53,-75.75098475,45.39337611,2014-10-24,19:50,01 - Clear,01 - Dry,10 - No control,01 - Non intersection,07 - Dark,02 - Non-fatal injury,04 - Sideswipe,Westboro
2311,CHESTERTON DR @ MEADOWLANDS DR,365103.6313,5024009.026,-75.73035696,45.35343343,2014-01-20,16:32,01 - Clear,01 - Dry,01 - Traffic signal,03 - At intersection,01 - Daylight,02 - Non-fatal injury,02 - Angle,Borden Farm - Stewart Farm - Parkwood Hills - Fisher Glen
2312,CONROY RD @ ST. LAURENT BLVD,373068.0398,5027156.892,-75.628285,45.38102655,2014-01-27,17:10,01 - Clear,02 - Wet,01 - Traffic signal,02 - Intersection related,05 - Dusk,02 - Non-fatal injury,03 - Rear end,Industrial Park
2313,PRESLAND RD @ LOLA ST,371174.7182,5031863.058,-75.65182473,45.4235527,2014-02-21,19:50,01 - Clear,06 - Ice,02 - Stop sign,02 - Intersection related,07 - Dark,02 - Non-fatal injury,07 - SMV other,Overbrook
2314,HAWTHORNE RD/RUSSELL RD @ WALKLEY RD,374675.1307,5028500.984,-75.60757623,45.3929616,2014-10-17,15:58,02 - Rain,02 - Wet,01 - Traffic signal,02 - Intersection related,01 - Daylight,02 - Non-fatal injury,04 - Sideswipe,Sheffield Glen
2315,OTTAWA RIVER PKWY EB btwn TURN LANE & TRANSIT,361541.646,5027218.689,-75.77544545,45.382611,2014-12-05,7:22,01 - Clear,01 - Dry,10 - No control,01 - Non intersection,03 - Dawn,02 - Non-fatal injury,03 - Rear end,Woodroffe - Lincoln Heights
2316,MEADOWGLEN DR @ MONTEREAU AVE,379816.8022,5034400.946,-75.54101904,45.44551343,2014-05-29,19:21,01 - Clear,01 - Dry,02 - Stop sign,03 - At intersection,01 - Daylight,02 - Non-fatal injury,05 - Turning movement,Chapel Hill
2317,CRESTVIEW RD @ HIGHRIDGE AVE,371256.571,5028883.023,-75.65118062,45.39673181,2014-09-20,8:43,01 - Clear,01 - Dry,10 - No control,03 - At intersection,01 - Daylight,02 - Non-fatal injury,02 - Angle,Alta Vista
2318,HWY417 IC113 RAMP85 btwn HWY417 IC113 RAMP35 & HIGHWAY 417,373732.3968,5031754.483,-75.61916021,45.42232844,2014-06-09,22:20,01 - Clear,02 - Wet,10 - No control,01 - Non intersection,07 - Dark,02 - Non-fatal injury,03 - Rear end,Pineview
2319,HOLLAND AVE @ SHERWOOD DR,365148.7505,5028649.031,-75.72921419,45.39517947,2014-12-06,16:23,01 - Clear,01 - Dry,02 - Stop sign,03 - At intersection,05 - Dusk,02 - Non-fatal injury,02 - Angle,Civic Hospital - Experimental Farm - Central Park
2320,EAGLESON RD @ PALOMINO DR S/ROTHESAY DR,354125.5426,5017286.71,-75.87112826,45.29380305,2014-12-11,9:21,03 - Snow,03 - Loose snow,01 - Traffic signal,02 - Intersection related,01 - Daylight,02 - Non-fatal injury,03 - Rear end,Bridlewood - Emerald Meadows
2321,HENDERSON AVE @ LAURIER AVE,368808.6564,5032076.102,-75.68202882,45.4256901,2014-11-26,18:17,01 - Clear,01 - Dry,02 - Stop sign,03 - At intersection,07 - Dark,02 - Non-fatal injury,05 - Turning movement,Sandy Hill
2322,TERRY FOX DR btwn PALLADIUM DR & MAPLE GROVE RD,351541.2571,5017877.291,-75.90401888,45.29929391,2014-12-20,11:54,01 - Clear,01 - Dry,10 - No control,01 - Non intersection,01 - Daylight,02 - Non-fatal injury,03 - Rear end,Katimavik - Hazeldean
2323,8TH LINE RD btwn PANA RD & ANDREW SIMPSON DR,384901.6893,5012622.123,-75.47955341,45.24899988,2014-11-06,6:53,01 - Clear,01 - Dry,10 - No control,01 - Non intersection,03 - Dawn,02 - Non-fatal injury,99 - Other,Metcalfe
2324,HWY417 IC104 RAMP51 btwn HIGHWAY 417 & ANDERSON RD,379684.9317,5025971.199,-75.54398496,45.3696824,2014-05-07,20:22,01 - Clear,01 - Dry,10 - No control,01 - Non intersection,05 - Dusk,02 - Non-fatal injury,07 - SMV other,Greenbelt
2325,HIGHWAY 417 btwn HWY417 IC121A RAMP16 & HWY417 IC121A RAMP61,367273.4353,5029764.086,-75.70193867,45.40502609,2014-06-04,15:28,01 - Clear,01 - Dry,10 - No control,01 - Non intersection,01 - Daylight,02 - Non-fatal injury,03 - Rear end,Centretown
2326,CHURCHILL AVE @ MADISON AVE,363192.7359,5028367.024,-75.75422799,45.39280787,2014-11-17,7:25,03 - Snow,04 - Slush,02 - Stop sign,03 - At intersection,01 - Daylight,02 - Non-fatal injury,07 - SMV other,Westboro
2327,RICHMOND RD btwn STAFFORD RD & NORTHSIDE RD,358154.6761,5021097.52,-75.81935235,45.32779871,2014-10-25,20:18,02 - Rain,02 - Wet,10 - No control,01 - Non intersection,07 - Dark,02 - Non-fatal injury,07 - SMV other,Bells Corners East
2328,MARCH RD @ TERRY FOX DR,349866.5088,5023399.034,-75.92486935,45.34908941,2014-11-19,4:45,01 - Clear,01 - Dry,01 - Traffic signal,02 - Intersection related,07 - Dark,02 - Non-fatal injury,03 - Rear end,South March
2329,INDUSTRIAL AVE @ RIVERSIDE DR,370686.6463,5030591.108,-75.65823099,45.41215436,2014-12-07,13:48,01 - Clear,01 - Dry,01 - Traffic signal,02 - Intersection related,01 - Daylight,02 - Non-fatal injury,03 - Rear end,Industrial Park
2330,LONGFIELDS DR @ PORTRUSH AVE,364434.7277,5015360.104,-75.73993435,45.2756682,2014-10-29,20:36,02 - Rain,02 - Wet,02 - Stop sign,03 - At intersection,07 - Dark,02 - Non-fatal injury,02 - Angle,New Barrhaven
2331,CHAMPLAIN ST @ JEANNE D'ARC BLVD,381379.3925,5038724.24,-75.52037296,45.48424142,2014-12-08,12:59,01 - Clear,01 - Dry,01 - Traffic signal,03 - At intersection,01 - Daylight,02 - Non-fatal injury,02 - Angle,Chatelaine Village