Record,Location,X,Y,lon,lat,Date,Time,Environment,Road_Surface,Traffic_Control,Collision_Location,Light,Collision_Classification,Impact_type,Neighborhood
2332,ELGIN ST @ LISGAR ST,368074.7112,5031346.051,-75.69150078,45.41918812,2014-11-28,17:45,01 - Clear,01 - Dry,01 - Traffic signal,02 - Intersection related,07 - Dark,02 - Non-fatal injury,03 - Rear end,Centretown
2333,BREWER RD @ BRONSON AVE,368107.6253,5027766.436,-75.6915398,45.38697688,2014-08-22,19:30,01 - Clear,01 - Dry,01 - Traffic signal,02 - Intersection related,01 - Daylight,02 - Non-fatal injury,03 - Rear end,Carleto
2334,DWYER HILL RD btwn COPELAND RD & FRANKTOWN RD,347573.0991,4999693.502,-75.95617502,45.13592035,2014-11-08,16:22,02 - Rain,02 - Wet,10 - No control,01 - Non intersection,05 - Dusk,02 - Non-fatal injury,07 - SMV other,Munster Hamlet - Richmond
2335,JINKINSON RD btwn FERNBANK RD & HAZELDEAN RD,345516.1471,5008412.427,-75.98161503,45.21449983,2014-09-07,8:25,01 - Clear,01 - Dry,10 - No control,01 - Non intersection,01 - Daylight,02 - Non-fatal injury,07 - SMV other,Munster Hamlet - Richmond
2336,BASELINE RD btwn FARLANE BLVD & ZENA ST,365620.3835,5025681.048,-75.7235566,45.36843337,2014-11-18,16:00,01 - Clear,01 - Dry,10 - No control,01 - Non intersection,01 - Daylight,02 - Non-fatal injury,03 - Rear end,Cityview - Skyline - Fisher Heights
2337,KANATA AVE/CASTLEFRANK RD @ AIRD PL,351811.2019,5019069.841,-75.90046399,45.31000676,2014-10-04,16:30,02 - Rain,02 - Wet,01 - Traffic signal,02 - Intersection related,01 - Daylight,02 - Non-fatal injury,03 - Rear end,Katimavik - Hazeldean
2338,HIGHWAY 417 btwn Continuation of HIGHWAY 417 & HWY417 IC134 RAMP51,355563.0921,5021744.938,-75.85234471,45.33381649,2014-03-30,9:40,03 - Snow,03 - Loose snow,10 - No control,01 - Non intersection,01 - Daylight,02 - Non-fatal injury,04 - Sideswipe,Greenbelt
2339,PRINCE OF WALES DR btwn BLAZER AVE & DEAKIN ST,367351.4064,5021303.134,-75.70201392,45.32888942,2014-08-23,8:23,01 - Clear,01 - Dry,10 - No control,04 - At/near private drive,01 - Daylight,02 - Non-fatal injury,02 - Angle,Industrial Park
2340,HIGHWAY 416 btwn HWY416 IC57 RAMP34 & HWY416 IC57 RAMP43,364621.6762,5008198.68,-75.73841334,45.21121351,2014-06-05,13:00,01 - Clear,01 - Dry,10 - No control,01 - Non intersection,01 - Daylight,02 - Non-fatal injury,07 - SMV other,New Barrhaven
2341,CAMPEAU DR @ TERRY FOX DR,350455.6007,5019011.88,-75.91775647,45.30957465,2014-10-16,16:59,01 - Clear,01 - Dry,01 - Traffic signal,02 - Intersection related,01 - Daylight,02 - Non-fatal injury,03 - Rear end,Kanata Lakes - Marchwood Lakeside - Morgan's Grant - Kanata
2342,CEDARVIEW RD @ WEST HUNT CLUB RD,359718.6774,5019554.003,-75.79957296,45.31378944,2014-10-15,6:20,02 - Rain,02 - Wet,01 - Traffic signal,02 - Intersection related,07 - Dark,02 - Non-fatal injury,03 - Rear end,Greenbelt
2343,BANK ST @ HUNT CLUB RD,371608.7365,5024096.981,-75.64733052,45.35363524,2014-12-07,13:10,01 - Clear,01 - Dry,01 - Traffic signal,02 - Intersection related,01 - Daylight,02 - Non-fatal injury,03 - Rear end,South Keys - Heron Gate - Greenboro West
2344,MOODIE DR @ FITZGERALD RD/STAFFORD RD,356920.1255,5020813.469,-75.83513038,45.32533556,2014-10-01,8:27,01 - Clear,01 - Dry,01 - Traffic signal,02 - Intersection related,01 - Daylight,02 - Non-fatal injury,03 - Rear end,Bells Corners West
2345,HIGHWAY 417 btwn HWY417 IC142 RAMP35 & HWY417 IC142 RAMP25,348982.3555,5017250.535,-75.93670073,45.29381974,2014-03-10,0:50,03 - Snow,03 - Loose snow,10 - No control,01 - Non intersection,07 - Dark,02 - Non-fatal injury,03 - Rear end,Stittsville - Basswood
2346,CHAMPLAIN ST @ JEANNE D'ARC BLVD,381379.2708,5038722.651,-75.52037476,45.48422713,2014-08-25,9:30,01 - Clear,01 - Dry,01 - Traffic signal,03 - At intersection,01 - Daylight,02 - Non-fatal injury,05 - Turning movement,Orleans South West
2347,HWY417 IC130 RAMP36 btwn RICHMOND RD & HWY417 IC131 RAMP66,358581.5092,5022950.437,-75.81370624,45.34443877,2014-06-15,22:15,01 - Clear,01 - Dry,10 - No control,01 - Non intersection,07 - Dark,02 - Non-fatal injury,07 - SMV other,Bayshore
2348,TENTH LINE RD btwn ST. JOSEPH BLVD & OLD TENTH LINE RD,383026.8132,5038388.908,-75.49935527,45.48104174,2014-11-07,9:45,01 - Clear,01 - Dry,10 - No control,01 - Non intersection,01 - Daylight,02 - Non-fatal injury,03 - Rear end,Queenswood Heights
2349,ALPINE AVE @ CARLING AVE,360496.677,5024940.144,-75.78904493,45.36219265,2014-12-11,15:31,03 - Snow,04 - Slush,01 - Traffic signal,03 - At intersection,01 - Daylight,02 - Non-fatal injury,02 - Angle,Whitehaven - Queensway Terrace North
2350,BOYER RD @ ST. JOSEPH BLVD,380405.3593,5036833.216,-75.53312232,45.46733369,2014-12-19,15:16,01 - Clear,01 - Dry,02 - Stop sign,03 - At intersection,01 - Daylight,02 - Non-fatal injury,05 - Turning movement,Industrial Park
2351,COLONEL BY DR/SUSSEX DR @ RIDEAU ST,367922.0891,5032044.786,-75.6933612,45.42548889,2014-08-27,14:23,01 - Clear,01 - Dry,01 - Traffic signal,02 - Intersection related,01 - Daylight,02 - Non-fatal injury,03 - Rear end,Byward Market - Parliament Hill
2352,OR174 IC112 RAMP36 btwn REGIONAL ROAD 174 & BLAIR RD,374606.9377,5032726.604,-75.60784862,45.43098834,2014-11-10,9:54,01 - Clear,01 - Dry,10 - No control,01 - Non intersection,01 - Daylight,02 - Non-fatal injury,03 - Rear end,Industrial Park
2353,HIGHWAY 417 btwn HWY417 IC110 RAMP66 & HWY417 IC110 RAMP56,375774.2455,5029378.483,-75.59341418,45.40074634,2014-06-17,6:30,01 - Clear,01 - Dry,10 - No control,01 - Non intersection,01 - Daylight,02 - Non-fatal injury,07 - SMV other,Greenbelt
2354,ANDERSON RD @ RIDGE RD,379029.7574,5028507.107,-75.55196678,45.39256865,2014-11-18,17:00,01 - Clear,01 - Dry,02 - Stop sign,03 - At intersection,07 - Dark,02 - Non-fatal injury,05 - Turning movement,Greenbelt
2355,HAZELDEAN RD btwn 246 E OF CASTLEFRANK RD & IRWIN GT,353035.5062,5018006.282,-75.88495477,45.3003536,2014-11-24,16:59,02 - Rain,02 - Wet,10 - No control,04 - At/near private drive,07 - Dark,02 - Non-fatal injury,02 - Angle,Katimavik - Hazeldean
2356,MERIVALE RD @ BONGARD AVE,365869.9437,5021315.949,-75.72091,45.3291352,2014-12-18,18:00,01 - Clear,01 - Dry,02 - Stop sign,02 - Intersection related,07 - Dark,02 - Non-fatal injury,03 - Rear end,Merivale Gardens - Grenfell Glen - Pineglen - Country Place
2357,EARL ARMSTRONG RD @ RIVER RD,367570.8183,5014682.022,-75.70005331,45.2692939,2014-12-20,19:39,01 - Clear,01 - Dry,01 - Traffic signal,02 - Intersection related,07 - Dark,02 - Non-fatal injury,03 - Rear end,Gloucester
2358,HIGHWAY 417 btwn HWY417 IC145 RAMP56 & Continuation of HIGHWAY 417,346517.474,5015068.351,-75.96830859,45.27433427,2014-04-14,4:20,"07 - Fog, mist, smoke, dust",02 - Wet,10 - No control,01 - Non intersection,07 - Dark,02 - Non-fatal injury,07 - SMV other,Stittsville - Basswood
2359,MEADOWLANDS DR @ NESS ST,366415.1779,5024944.518,-75.71350292,45.3617368,2014-02-11,9:06,01 - Clear,01 - Dry,02 - Stop sign,02 - Intersection related,01 - Daylight,02 - Non-fatal injury,03 - Rear end,Borden Farm - Stewart Farm - Parkwood Hills - Fisher Glen
2360,PRINCE OF WALES DR btwn CARSONBY RD W & ORMOND RD,366712.0923,5003316.013,-75.71240902,45.16709836,2014-11-10,13:14,01 - Clear,01 - Dry,10 - No control,01 - Non intersection,01 - Daylight,02 - Non-fatal injury,99 - Other,Manotick - North Gower
2361,TERRY FOX DR btwn COPE DR & TRANS CANADA TRAIL,353422.8054,5015791.716,-75.88023373,45.2803997,2014-11-21,9:43,01 - Clear,01 - Dry,10 - No control,01 - Non intersection,01 - Daylight,02 - Non-fatal injury,03 - Rear end,Glen Cairn - Kanata South Business Park
2362,KING EDWARD AVE @ RIDEAU ST,368511.7072,5032413.114,-75.68577957,45.42874952,2014-10-20,13:27,01 - Clear,01 - Dry,01 - Traffic signal,02 - Intersection related,01 - Daylight,02 - Non-fatal injury,03 - Rear end,Lowe
2363,SMYTH RD E/LANCASTER RD @ ST. LAURENT BLVD N/R,373365.6795,5029425.976,-75.62416959,45.40141369,2014-12-11,17:09,01 - Clear,02 - Wet,01 - Traffic signal,02 - Intersection related,07 - Dark,02 - Non-fatal injury,03 - Rear end,Industrial Park
2364,EAGLESON RD @ MICHAEL COWPLAND DR/STONEHAVEN D,354382.626,5016622.969,-75.86791714,45.28781247,2014-12-20,21:56,01 - Clear,01 - Dry,01 - Traffic signal,03 - At intersection,07 - Dark,02 - Non-fatal injury,05 - Turning movement,Glen Cairn - Kanata South Business Park
2365,HIGHWAY 417 btwn HWY417 IC117 RAMP26 & HWY417 IC117 RAMP61,370869.4935,5031238.24,-75.65580843,45.41795975,2014-04-20,12:00,01 - Clear,01 - Dry,10 - No control,01 - Non intersection,01 - Daylight,02 - Non-fatal injury,04 - Sideswipe,Industrial Park
2366,HWY417 IC115 RAMP61 btwn RAMP & HIGHWAY 417,372641.7473,5031562.295,-75.63312172,45.42070585,2014-06-18,23:55,01 - Clear,01 - Dry,10 - No control,01 - Non intersection,07 - Dark,02 - Non-fatal injury,07 - SMV other,Cummings
2367,BOOTH ST @ ORANGEVILLE ST,366891.6961,5029572.04,-75.70683887,45.40333207,2014-12-10,11:20,01 - Clear,01 - Dry,02 - Stop sign,02 - Intersection related,01 - Daylight,02 - Non-fatal injury,03 - Rear end,The Glebe Annex
2368,HIGHWAY 417 btwn HWY417 IC118 RAMP35 & HWY417 IC117 RAMP51,369798.0289,5031136.445,-75.66951085,45.41714419,2014-05-09,8:00,01 - Clear,01 - Dry,10 - No control,01 - Non intersection,01 - Daylight,02 - Non-fatal injury,04 - Sideswipe,Old Ottawa East
2369,HIGHWAY 417 btwn HWY417 IC117 RAMP51 & HWY417 IC117 RAMP35,370791.3939,5031189.526,-75.65681275,45.41752881,2014-05-09,11:30,01 - Clear,01 - Dry,10 - No control,01 - Non intersection,01 - Daylight,02 - Non-fatal injury,03 - Rear end,Industrial Park
2370,HIGHWAY 417 btwn HWY417 IC110 RAMP55 & HWY417 IC104 RAMP51,377919.0549,5026375.938,-75.56646599,45.37351047,2014-06-20,14:45,01 - Clear,01 - Dry,10 - No control,01 - Non intersection,01 - Daylight,02 - Non-fatal injury,07 - SMV other,Greenbelt
2371,ST. JOSEPH BLVD/OLD MONTREAL RD @ TRIM RD,384683.2695,5039284.227,-75.47802427,45.48890938,2014-11-05,6:57,01 - Clear,01 - Dry,01 - Traffic signal,03 - At intersection,03 - Dawn,02 - Non-fatal injury,05 - Turning movement,Cardinal Creek
2372,MCARTHUR AVE btwn MAY ST & ST. LAURENT BLVD,371788.122,5032864.568,-75.64385094,45.43250536,2014-12-10,11:57,03 - Snow,02 - Wet,10 - No control,01 - Non intersection,01 - Daylight,02 - Non-fatal injury,07 - SMV other,Castle Heights
2373,HIGHWAY 417 btwn HWY417 IC122 RAMP15 & HWY417 IC121B RAMP51,365672.7172,5029097.687,-75.72246724,45.39917102,2014-04-24,18:29,01 - Clear,01 - Dry,10 - No control,01 - Non intersection,01 - Daylight,02 - Non-fatal injury,03 - Rear end,Civic Hospital - Experimental Farm - Central Park
2374,HIGHWAY 417 btwn HWY417 IC110 RAMP64 & HWY417 IC104 RAMP16,377965.8443,5026446.574,-75.56585823,45.37414113,2014-06-20,9:23,01 - Clear,01 - Dry,10 - No control,01 - Non intersection,01 - Daylight,02 - Non-fatal injury,04 - Sideswipe,Greenbelt
2375,HIGHWAY 417 btwn RAMP & HWY417 IC88 RAMP51,388377.8715,5023690.528,-75.43341091,45.34818026,2014-05-29,21:35,01 - Clear,01 - Dry,10 - No control,01 - Non intersection,07 - Dark,02 - Non-fatal injury,07 - SMV other,Navan - Vars
2376,BERRIGAN DR btwn COLINDALE AVE & WHITECHAPEL CRES,364161.7608,5015576.859,-75.74338718,45.27764166,2014-11-16,2:37,01 - Clear,01 - Dry,10 - No control,01 - Non intersection,07 - Dark,02 - Non-fatal injury,07 - SMV other,New Barrhaven
2377,HIGHWAY 417 btwn HWY417 IC126 RAMP61 & HWY417 IC124 RAMP76,363721.2734,5026595.659,-75.74768972,45.37682514,2014-04-17,16:15,01 - Clear,01 - Dry,10 - No control,01 - Non intersection,01 - Daylight,02 - Non-fatal injury,03 - Rear end,Carlingwood West - Glabar Park - McKellar Heights
2378,HIGHWAY 417 btwn HWY417 IC138 RAMP35 & HIGHWAY 417,352928.6503,5020196.726,-75.88610446,45.32007102,2014-04-26,14:53,02 - Rain,02 - Wet,10 - No control,01 - Non intersection,01 - Daylight,02 - Non-fatal injury,04 - Sideswipe,Katimavik - Hazeldean
2379,HIGHWAY 417 btwn HWY417 IC118 RAMP57 & HWY417 IC118 RAMP35,369511.7496,5031074.257,-75.67317647,45.41661118,2014-06-02,18:00,01 - Clear,01 - Dry,10 - No control,01 - Non intersection,01 - Daylight,02 - Non-fatal injury,03 - Rear end,Sandy Hill
2380,HWY 417 WOODROFF IC127R62 @ WOODROFFE AVE,362050.4551,5025019.491,-75.76920372,45.36278144,2014-06-02,13:45,01 - Clear,01 - Dry,03 - Yield sign,02 - Intersection related,01 - Daylight,02 - Non-fatal injury,03 - Rear end,Whitehaven - Queensway Terrace North
2381,MONTREAL RD btwn ST. LAURENT BLVD & HILLSIDE DR,371641.9298,5033866.228,-75.64558315,45.44153182,2014-11-18,20:21,01 - Clear,02 - Wet,10 - No control,04 - At/near private drive,07 - Dark,02 - Non-fatal injury,99 - Other,Cummings
2382,REGIONAL ROAD 174 EB btwn HWY417 IC113 RAMP65 & OR174 BLAIR IC112 RAMP51,374040.326,5032209.266,-75.61516194,45.42638994,2014-12-10,20:11,03 - Snow,03 - Loose snow,10 - No control,01 - Non intersection,07 - Dark,02 - Non-fatal injury,07 - SMV other,Pineview
2383,HERON RD @ BRIAR HILL DR/SANDALWOOD DR,371452.7278,5027012.063,-75.64892816,45.37987898,2014-08-14,12:02,01 - Clear,01 - Dry,01 - Traffic signal,03 - At intersection,01 - Daylight,02 - Non-fatal injury,02 - Angle,Ledbury - Heron Gate - Ridgemont - Elmwood
2384,BAY ST @ SPARKS ST,366854.7983,5031279.115,-75.70709526,45.41869512,2014-09-12,10:44,01 - Clear,01 - Dry,01 - Traffic signal,03 - At intersection,01 - Daylight,02 - Non-fatal injury,02 - Angle,Downtown
2385,HIGHWAY 417 btwn HWY417 IC119B RAMP57 & HWY417 IC119A RAMP75,368486.1572,5030463.83,-75.68635802,45.41121287,2014-04-28,10:50,01 - Clear,01 - Dry,10 - No control,01 - Non intersection,01 - Daylight,02 - Non-fatal injury,03 - Rear end,The Glebe
2386,CARLING AVE @ MOODIE DR/JAMES CUMMINGS AVE W,356003.0767,5023937.511,-75.84650463,45.3535135,2014-11-03,17:02,01 - Clear,01 - Dry,01 - Traffic signal,03 - At intersection,07 - Dark,02 - Non-fatal injury,05 - Turning movement,Crystal Bay - Lakeview Park - Britannia Village
2387,WALKLEY RD btwn CONROY RD & 160 W OF CONROY RD,372889.9785,5027455,-75.63051729,45.38372613,2014-11-03,17:25,01 - Clear,01 - Dry,10 - No control,01 - Non intersection,07 - Dark,02 - Non-fatal injury,03 - Rear end,Elmvale - Eastway - Riverview - Riverview Park West
2388,MORRISON DR btwn SAXTON PRIV & ASHLEY ST,360088.1446,5023088.988,-75.79446636,45.34556832,2014-11-21,19:11,01 - Clear,01 - Dry,10 - No control,01 - Non intersection,07 - Dark,02 - Non-fatal injury,07 - SMV other,Qualicum - Redwood Park
2389,FISHER AVE @ TRENT ST,365783.6994,5026929.015,-75.72131778,45.37964814,2014-08-06,21:30,01 - Clear,01 - Dry,01 - Traffic signal,02 - Intersection related,07 - Dark,02 - Non-fatal injury,03 - Rear end,Carlington
2390,RAMSAYVILLE RD btwn WHYTE SIDE RD & LEITRIM RD,378056.0617,5025485.031,-75.56484913,45.36548028,2014-11-24,15:12,01 - Clear,01 - Dry,10 - No control,01 - Non intersection,01 - Daylight,02 - Non-fatal injury,07 - SMV other,Greenbelt
2391,GREENBANK RD @ LARKIN DR,363176.6779,5016508.829,-75.75583215,45.28611003,2014-12-20,10:17,01 - Clear,01 - Dry,01 - Traffic signal,03 - At intersection,01 - Daylight,02 - Non-fatal injury,02 - Angle,Barrhaven West - Old Barrhaven
2392,HAWTHORNE RD @ LEITRIM RD,377037.8116,5022709.027,-75.57825148,45.34060886,2014-09-16,12:30,01 - Clear,01 - Dry,01 - Traffic signal,02 - Intersection related,01 - Daylight,02 - Non-fatal injury,03 - Rear end,Greenbelt
2393,HIGHWAY 417 btwn HWY417 IC134 RAMP36 & HWY417 IC134 RAMP26,356158.423,5022140.164,-75.84470873,45.33732945,2014-04-10,19:41,01 - Clear,01 - Dry,10 - No control,01 - Non intersection,07 - Dark,02 - Non-fatal injury,04 - Sideswipe,Greenbelt
2394,HIGHWAY 417 btwn HWY417 IC118 RAMP57 & HWY417 IC118 RAMP35,369722.1762,5031136.816,-75.67047988,45.41715457,2014-06-06,22:45,01 - Clear,01 - Dry,10 - No control,01 - Non intersection,07 - Dark,02 - Non-fatal injury,03 - Rear end,Sandy Hill
2395,HIGHWAY 417 btwn HWY417 IC155 RAMP35 & HWY417 IC155 RAMP25,339529.2568,5019313.829,-76.05707356,45.31291705,2014-06-03,8:20,02 - Rain,02 - Wet,10 - No control,01 - Non intersection,01 - Daylight,02 - Non-fatal injury,07 - SMV other,Carp - Hardwood Plains
2396,HIGHWAY 416 btwn HWY416 IC75A RAMP26 & HWY416 IC72 RAMP62,358929.5775,5021554.093,-75.80941769,45.33184764,2014-06-24,17:12,02 - Rain,02 - Wet,10 - No control,01 - Non intersection,01 - Daylight,02 - Non-fatal injury,07 - SMV other,Briar Green - Leslie Park
2397,GOLDEN ASH LANE @ STAGECOACH RD,375754.6,5013690.034,-75.59591378,45.25959027,2014-12-24,15:48,"07 - Fog, mist, smoke, dust",01 - Dry,02 - Stop sign,03 - At intersection,01 - Daylight,02 - Non-fatal injury,05 - Turning movement,Greely
2398,INNES RD btwn CASABELLA DR & ORCHARDVIEW AVE,384831.0205,5036551.081,-75.47657961,45.46430225,2014-09-13,12:57,02 - Rain,02 - Wet,10 - No control,01 - Non intersection,01 - Daylight,02 - Non-fatal injury,03 - Rear end,Fallingbrook
2399,HIGHWAY 417 btwn HWY417 IC118 RAMP35 & HWY417 IC117 RAMP51,369781.8918,5031136.816,-75.66971697,45.41714903,2014-06-25,7:45,01 - Clear,01 - Dry,10 - No control,01 - Non intersection,01 - Daylight,02 - Non-fatal injury,03 - Rear end,Old Ottawa East
2400,PRINCE OF WALES DR @ FAIRCHILD PRIV,367080.7071,5026862.062,-75.70476672,45.37893161,2014-11-19,8:28,01 - Clear,02 - Wet,10 - No control,02 - Intersection related,01 - Daylight,02 - Non-fatal injury,03 - Rear end,Civic Hospital - Experimental Farm - Central Park
2401,HIGHWAY 417 btwn HWY417 IC142 RAMP35 & HWY417 IC142 RAMP25,349176.6683,5017426.838,-75.9342077,45.29539393,2014-06-09,7:30,01 - Clear,01 - Dry,10 - No control,01 - Non intersection,01 - Daylight,02 - Non-fatal injury,03 - Rear end,Stittsville - Basswood
2402,BROPHY DR @ HWY 416 BANKFIEL IC57R34,364559.117,5007932.014,-75.7392417,45.20881933,2014-06-09,15:05,01 - Clear,01 - Dry,02 - Stop sign,02 - Intersection related,01 - Daylight,02 - Non-fatal injury,03 - Rear end,Manotick - North Gower
2403,GREENBANK RD @ HWY 417 IC129 RAMP57/IRIS ST,360530.8339,5023310.95,-75.78879262,45.34753049,2014-09-18,10:36,01 - Clear,01 - Dry,01 - Traffic signal,02 - Intersection related,01 - Daylight,02 - Non-fatal injury,03 - Rear end,Iris
2404,BLAIR RD @ MONTREAL RD,374019.7202,5034440.06,-75.61511155,45.44646346,2014-12-11,8:43,01 - Clear,04 - Slush,01 - Traffic signal,03 - At intersection,01 - Daylight,02 - Non-fatal injury,05 - Turning movement,Gloucester
2405,CARLING AVE @ GRANDVIEW RD/NORTEL ENTRANCE,355726.5997,5024052.987,-75.85002113,45.3545727,2014-10-24,12:12,01 - Clear,01 - Dry,01 - Traffic signal,03 - At intersection,01 - Daylight,02 - Non-fatal injury,07 - SMV other,Crystal Bay - Lakeview Park - Britannia Village
2406,BANK ST @ RIVERDALE AVE,369077.0281,5028118.253,-75.67911564,45.39005413,2014-11-21,15:38,01 - Clear,01 - Dry,01 - Traffic signal,03 - At intersection,01 - Daylight,02 - Non-fatal injury,07 - SMV other,Old Ottawa South
2407,HWY417 IC140 RAMP36 btwn TERRY FOX DR & HIGHWAY 417,350802.63,5018591.051,-75.91337011,45.30576527,2014-04-12,2:20,01 - Clear,01 - Dry,10 - No control,01 - Non intersection,07 - Dark,02 - Non-fatal injury,07 - SMV other,Kanata Lakes - Marchwood Lakeside - Morgan's Grant - Kanata
2408,JOHN SHAW RD btwn GALETTA SIDE RD & LILLIE SIDE RD,326826.658,5032619.041,-76.21848276,45.43315771,2014-09-14,13:41,01 - Clear,01 - Dry,10 - No control,01 - Non intersection,01 - Daylight,02 - Non-fatal injury,07 - SMV other,Fitzro
2409,GOSNELL TER btwn DENTON WAY & DEMETER ST,385741.621,5037617.987,-75.46476122,45.4737963,2014-12-21,15:53,01 - Clear,06 - Ice,10 - No control,01 - Non intersection,01 - Daylight,02 - Non-fatal injury,03 - Rear end,Cardinal Creek
2410,ST. LAURENT BLVD @ TREMBLAY RD,372595.24,5031239.68,-75.6337603,45.41780762,2014-09-14,0:52,01 - Clear,01 - Dry,01 - Traffic signal,02 - Intersection related,07 - Dark,02 - Non-fatal injury,03 - Rear end,Industrial Park
2411,INNES RD @ ORLEANS BLVD,380461.269,5034296.403,-75.53279772,45.44450337,2014-11-17,19:54,01 - Clear,02 - Wet,01 - Traffic signal,03 - At intersection,07 - Dark,02 - Non-fatal injury,05 - Turning movement,Orleans Village - Chateauneuf
2412,KING EDWARD AVE @ RIDEAU ST,368511.2333,5032414.537,-75.68578544,45.42876237,2014-11-17,20:02,03 - Snow,02 - Wet,01 - Traffic signal,02 - Intersection related,07 - Dark,02 - Non-fatal injury,03 - Rear end,Lowe
2413,MERIVALE RD btwn CENTRAL PARK DR S & MERIVALE RD,365038.1087,5025389.97,-75.73102483,45.36586458,2014-08-25,15:26,01 - Clear,01 - Dry,10 - No control,01 - Non intersection,01 - Daylight,02 - Non-fatal injury,04 - Sideswipe,Civic Hospital - Experimental Farm - Central Park
2414,HUNT CLUB RD @ PAUL ANKA DR,369778.1991,5022896.543,-75.67084862,45.34300603,2014-10-17,23:28,01 - Clear,01 - Dry,01 - Traffic signal,03 - At intersection,07 - Dark,02 - Non-fatal injury,07 - SMV other,Hunt Club - Ottawa Airport
2415,BRONSON AVE btwn RENFREW AVE & POWELL AVE,367370.9711,5029517.558,-75.70072411,45.40279919,2014-09-01,10:45,01 - Clear,01 - Dry,10 - No control,04 - At/near private drive,01 - Daylight,02 - Non-fatal injury,03 - Rear end,Centretown West
2416,FALLOWFIELD RD @ GREENBANK RD,363078.7755,5016732.93,-75.75705375,45.28813462,2014-11-27,6:33,02 - Rain,02 - Wet,01 - Traffic signal,02 - Intersection related,03 - Dawn,02 - Non-fatal injury,03 - Rear end,Greenbelt
2417,VANIER PKWY NB btwn DONALD ST & QUEEN MARY ST,370361.5727,5031967.205,-75.66220059,45.42456646,2014-12-22,11:13,01 - Clear,01 - Dry,10 - No control,01 - Non intersection,01 - Daylight,02 - Non-fatal injury,03 - Rear end,Overbrook
2418,RIVERGATE WAY @ RIVERSIDE DR,368117.1856,5023242.514,-75.69199747,45.3462709,2014-09-27,8:56,01 - Clear,01 - Dry,01 - Traffic signal,03 - At intersection,01 - Daylight,02 - Non-fatal injury,05 - Turning movement,Hunt Club Woods - Quintarra - Revelstoke - Riverside South P
2419,INDUSTRIAL AVE/INNES RD @ ST. LAURENT BLVD,373100.6775,5030005.092,-75.62747401,45.40665022,2014-11-27,8:19,01 - Clear,01 - Dry,01 - Traffic signal,03 - At intersection,01 - Daylight,02 - Non-fatal injury,05 - Turning movement,Industrial Park
2420,RICHMOND RD btwn HILSON AVE & PATRICIA AVE,363887.438,5028712.03,-75.74531495,45.3958539,2014-09-03,16:32,01 - Clear,01 - Dry,10 - No control,01 - Non intersection,01 - Daylight,02 - Non-fatal injury,03 - Rear end,Westboro
2421,HWY 7 HAZELDEAN RD IC RAMP 24 btwn HIGHWAY 7 & HAZELDEAN RD,346576.647,5012181.95,-75.96779718,45.24835769,2014-08-09,12:49,01 - Clear,01 - Dry,10 - No control,01 - Non intersection,01 - Daylight,02 - Non-fatal injury,07 - SMV other,Stittsville - Basswood
2422,INDUSTRIAL AVE btwn NEIGHBORHOOD WAY & TRAINYARDS DR,371388.5179,5030555.803,-75.64926962,45.41177026,2014-09-23,16:29,01 - Clear,01 - Dry,10 - No control,01 - Non intersection,01 - Daylight,02 - Non-fatal injury,05 - Turning movement,Industrial Park
2423,JEANNE D'ARC BLVD @ ORLEANS BLVD S,380940.4459,5036251.087,-75.52637054,45.46203804,2014-11-29,18:28,01 - Clear,01 - Dry,01 - Traffic signal,03 - At intersection,07 - Dark,02 - Non-fatal injury,05 - Turning movement,Orleans Village - Chateauneuf
2424,ORLEANS BLVD @ ST. JOSEPH BLVD,380632.7016,5036978.18,-75.53019301,45.46861331,2014-12-03,15:47,03 - Snow,02 - Wet,01 - Traffic signal,03 - At intersection,01 - Daylight,02 - Non-fatal injury,07 - SMV other,Orleans Village - Chateauneuf
2425,INNES RD btwn HWY417 IC112 RAMP57 & HWY417 IC112 RAMP65,374309.1696,5030760.488,-75.61193112,45.41332792,2014-08-14,10:44,01 - Clear,01 - Dry,10 - No control,01 - Non intersection,01 - Daylight,02 - Non-fatal injury,99 - Other,Industrial Park
2426,WOODROFFE AVE btwn TURN LANE & TALLWOOD DR,363044.8413,5022753.243,-75.75677851,45.34230802,2014-09-23,18:07,01 - Clear,01 - Dry,10 - No control,01 - Non intersection,01 - Daylight,02 - Non-fatal injury,03 - Rear end,Crestview - Meadowlands
2427,LAJOIE ST @ MONTREAL RD,370532.3449,5033327.535,-75.65983697,45.4367901,2014-10-08,20:11,01 - Clear,01 - Dry,01 - Traffic signal,03 - At intersection,07 - Dark,02 - Non-fatal injury,99 - Other,Vanier South
2428,HEMLOCK RD @ LANSDOWNE RD,369848.5767,5034512.047,-75.66841911,45.44751179,2014-12-22,12:37,01 - Clear,01 - Dry,02 - Stop sign,03 - At intersection,01 - Daylight,02 - Non-fatal injury,02 - Angle,Rockcliffe - Manor Park
2429,8TH LINE RD btwn FOREST GREEN CRES & FOREST GREEN CRES,384298.7139,5014189.323,-75.48698304,45.263169,2014-11-17,14:32,03 - Snow,03 - Loose snow,10 - No control,01 - Non intersection,01 - Daylight,02 - Non-fatal injury,07 - SMV other,Metcalfe
2430,AVIATION PKWY @ OGILVIE RD,373110.7142,5032375.16,-75.62701725,45.42797397,2014-12-08,10:02,01 - Clear,01 - Dry,01 - Traffic signal,02 - Intersection related,01 - Daylight,02 - Non-fatal injury,03 - Rear end,Industrial Park