Record,Location,X,Y,lon,lat,Date,Time,Environment,Road_Surface,Traffic_Control,Collision_Location,Light,Collision_Classification,Impact_type,Neighborhood
2431,RAMSAYVILLE RD btwn WHYTE SIDE RD & LEITRIM RD,378348.6585,5024817.613,-75.56121381,45.35944458,2014-11-17,15:01,03 - Snow,04 - Slush,10 - No control,01 - Non intersection,01 - Daylight,02 - Non-fatal injury,07 - SMV other,Greenbelt
2432,BLACKBURN BYPASS @ INNES RD E,379791.7479,5033782.832,-75.54143347,45.43995478,2014-12-18,10:42,01 - Clear,02 - Wet,01 - Traffic signal,02 - Intersection related,01 - Daylight,02 - Non-fatal injury,03 - Rear end,Greenbelt
2433,MARCH RD btwn DUNROBIN RD & MURPHY CRT,347505.1458,5025974.028,-75.95478073,45.37240761,2014-11-19,17:35,01 - Clear,01 - Dry,10 - No control,01 - Non intersection,07 - Dark,02 - Non-fatal injury,07 - SMV other,Carp - Hardwood Plains
2434,MERIVALE RD @ BONGARD AVE,365870.7506,5021315.013,-75.72089983,45.32912671,2014-12-22,13:50,01 - Clear,01 - Dry,02 - Stop sign,02 - Intersection related,01 - Daylight,02 - Non-fatal injury,04 - Sideswipe,Merivale Gardens - Grenfell Glen - Pineglen - Country Place
2435,OGILVIE RD btwn MONTREAL RD & GREGORY CRT,375675.5208,5034498.791,-75.59393837,45.44682595,2014-12-05,17:40,01 - Clear,01 - Dry,10 - No control,01 - Non intersection,07 - Dark,02 - Non-fatal injury,03 - Rear end,Beacon Hill South - Cardinal Heights
2436,HWY 417 NICHOLAS IC118R54 @ LEES AVE,369355.3228,5030770.198,-75.67521476,45.41388982,2014-11-04,20:30,02 - Rain,02 - Wet,02 - Stop sign,03 - At intersection,07 - Dark,02 - Non-fatal injury,07 - SMV other,Old Ottawa East
2437,LYNDALE AVE @ PARKDALE AVE,364859.9877,5029929.401,-75.73274607,45.40672479,2014-12-16,18:23,02 - Rain,02 - Wet,01 - Traffic signal,02 - Intersection related,07 - Dark,02 - Non-fatal injury,07 - SMV other,Tunney's Pasture
2438,HWY 417 MAITLAND IC126R26/62 @ MAITLAND AVE,363146.3244,5025983.29,-75.75510242,45.37136323,2014-08-27,17:59,01 - Clear,01 - Dry,01 - Traffic signal,03 - At intersection,01 - Daylight,02 - Non-fatal injury,07 - SMV other,Carlingwood West - Glabar Park - McKellar Heights
2439,HWY 417 ST.LAURE IC115R51 @ ST. LAURENT BLVD,372530.7584,5031411.784,-75.63456045,45.41936237,2014-11-07,11:01,01 - Clear,01 - Dry,01 - Traffic signal,02 - Intersection related,01 - Daylight,02 - Non-fatal injury,03 - Rear end,Industrial Park
2440,WOODROFFE AVE btwn HWY417 IC127 RAMP36 & HWY417 IC127 RAMP62,362045.2461,5025031.461,-75.76926882,45.36288957,2014-11-08,15:02,03 - Snow,02 - Wet,10 - No control,01 - Non intersection,01 - Daylight,02 - Non-fatal injury,03 - Rear end,Whitehaven - Queensway Terrace North
2441,ANDERSON RD @ INNES RD,376280.2672,5031841.564,-75.58659417,45.42285625,2014-09-05,16:54,02 - Rain,02 - Wet,01 - Traffic signal,03 - At intersection,01 - Daylight,02 - Non-fatal injury,05 - Turning movement,Greenbelt
2442,LYON ST @ MACLAREN ST,367412.0767,5030645.621,-75.70005582,45.41294549,2014-09-25,14:09,01 - Clear,01 - Dry,02 - Stop sign,03 - At intersection,01 - Daylight,02 - Non-fatal injury,02 - Angle,Centretown
2443,CENTRAL PARK DR N @ MERIVALE RD,364953.854,5025875.013,-75.73204124,45.37023615,2014-12-20,6:39,01 - Clear,02 - Wet,01 - Traffic signal,03 - At intersection,07 - Dark,02 - Non-fatal injury,07 - SMV other,Civic Hospital - Experimental Farm - Central Park
2444,OGILVIE RD @ BATHGATE DR/CITYPARK DR W,373829.196,5032799.629,-75.61777694,45.43172258,2014-09-04,18:07,01 - Clear,01 - Dry,01 - Traffic signal,03 - At intersection,01 - Daylight,02 - Non-fatal injury,02 - Angle,Industrial Park
2445,KING EDWARD AVE @ ST. ANDREW ST,368162.6002,5032970.008,-75.69016896,45.43379197,2014-12-20,10:29,01 - Clear,01 - Dry,01 - Traffic signal,03 - At intersection,01 - Daylight,02 - Non-fatal injury,02 - Angle,Lower Town
2446,MEADOWLANDS DR @ MERIVALE RD,364856.7997,5023725.985,-75.73354132,45.35090785,2014-12-23,15:08,02 - Rain,02 - Wet,01 - Traffic signal,03 - At intersection,01 - Daylight,02 - Non-fatal injury,07 - SMV other,Cityview - Skyline - Fisher Heights
2447,PAUL ANKA DR @ UPLANDS DR,369459.1452,5023573.62,-75.67483095,45.34912768,2014-09-05,21:40,02 - Rain,02 - Wet,02 - Stop sign,02 - Intersection related,07 - Dark,02 - Non-fatal injury,03 - Rear end,Hunt Club East - Western Community
2448,HAZELDEAN RD @ HUNTMAR DR/IBER RD,350941.1761,5016080.38,-75.91183704,45.28316445,2014-09-05,23:21,01 - Clear,01 - Dry,01 - Traffic signal,03 - At intersection,07 - Dark,02 - Non-fatal injury,05 - Turning movement,Stittsville
2449,MERIVALE RD btwn VIEWMOUNT DR & COLONNADE RD,365261.1775,5022794.691,-75.72849487,45.34249345,2014-01-03,22:15,01 - Clear,06 - Ice,10 - No control,01 - Non intersection,07 - Dark,02 - Non-fatal injury,01 - Approaching,Borden Farm - Stewart Farm - Parkwood Hills - Fisher Glen
2450,GREENBANK RD @ 207 S OF BELLMAN DR/GREENBANK S,361337.6796,5020826.998,-75.77878068,45.32511537,2014-10-30,10:17,01 - Clear,01 - Dry,01 - Traffic signal,03 - At intersection,01 - Daylight,02 - Non-fatal injury,02 - Angle,Nepean
2451,HWY 417 INNES IC112R68 @ INNES RD,374641.8977,5030921.785,-75.60765776,45.41474606,2014-06-22,14:03,01 - Clear,01 - Dry,01 - Traffic signal,02 - Intersection related,01 - Daylight,02 - Non-fatal injury,99 - Other,Industrial Park
2452,HIGHWAY 417 btwn HWY417 IC124 RAMP57 & HWY417 IC124 RAMP55,364390.5264,5027458.447,-75.73904128,45.38453176,2014-09-22,7:43,01 - Clear,01 - Dry,10 - No control,01 - Non intersection,01 - Daylight,02 - Non-fatal injury,03 - Rear end,Carlington
2453,OLD MONTREAL RD btwn PIERRETTE DR & KINSELLA DR,392216.6262,5042732.895,-75.38105043,45.51903321,2014-09-16,8:06,01 - Clear,01 - Dry,10 - No control,01 - Non intersection,01 - Daylight,02 - Non-fatal injury,07 - SMV other,Cumberland - Estates
2454,OGILVIE RD btwn EASTVALE DR & LASSITER TER,375472.1611,5035003.903,-75.5964652,45.45139123,2014-10-17,19:04,01 - Clear,01 - Dry,10 - No control,01 - Non intersection,07 - Dark,02 - Non-fatal injury,07 - SMV other,Beacon Hill North
2455,CHAMPLAIN ST @ PLACE D'ORLEANS  SC E/PLACE D'O,381520.0778,5038373.719,-75.5186283,45.48107228,2014-06-24,11:44,02 - Rain,02 - Wet,01 - Traffic signal,02 - Intersection related,01 - Daylight,02 - Non-fatal injury,03 - Rear end,Orleans South West
2456,CENTREPARK DR @ SILVER ASPEN CRES S,377640.7405,5033045.145,-75.56903373,45.43354497,2014-01-21,8:38,01 - Clear,02 - Wet,02 - Stop sign,03 - At intersection,01 - Daylight,02 - Non-fatal injury,02 - Angle,Blackburn Hamlet
2457,CLEARBROOK DR @ CHAPMAN MILLS DR,365923.3441,5015084.772,-75.72099705,45.27306295,2014-05-09,14:49,01 - Clear,01 - Dry,02 - Stop sign,03 - At intersection,01 - Daylight,02 - Non-fatal injury,02 - Angle,New Barrhaven
2458,JOSHUA ST @ RENAUD RD,381156.426,5032326.938,-75.52421806,45.42670805,2014-05-14,17:29,01 - Clear,01 - Dry,02 - Stop sign,02 - Intersection related,01 - Daylight,02 - Non-fatal injury,03 - Rear end,Chapel Hill South
2459,RIVER RD @ SUMMERHILL ST,367496.869,5014254.987,-75.70104953,45.26545807,2014-01-25,12:39,01 - Clear,02 - Wet,02 - Stop sign,02 - Intersection related,01 - Daylight,02 - Non-fatal injury,03 - Rear end,Greenbelt
2460,FRANKLIN CATHCART CRES @ WEST RIDGE DR S,349873.5489,5012358.371,-75.92578319,45.24974177,2014-01-13,17:31,02 - Rain,02 - Wet,,03 - At intersection,05 - Dusk,02 - Non-fatal injury,05 - Turning movement,Stittsville
2461,COPE @ TERRY FOX,353997.2701,5015346.753,-75.8729559,45.27635585,2014-06-12,18:12,02 - Rain,02 - Wet,01 - Traffic signal,02 - Intersection related,01 - Daylight,02 - Non-fatal injury,03 - Rear end,Glen Cairn - Kanata South Business Park
2462,COBBLE HILL DR @ MARAVISTA DR,361396.5871,5014648.178,-75.77873451,45.26951335,2014-06-13,6:49,02 - Rain,02 - Wet,,03 - At intersection,01 - Daylight,02 - Non-fatal injury,02 - Angle,Munster Hamlet - Richmond
2463,FISHER AVE @ MEADOWLANDS DR,366574.1148,5025044.971,-75.71146178,45.36262666,2014-12-23,11:36,02 - Rain,02 - Wet,01 - Traffic signal,02 - Intersection related,01 - Daylight,02 - Non-fatal injury,03 - Rear end,Carleton Heights - Rideauview
2464,LAFONTAINE AVE @ MCARTHUR AVE,370949.7123,5032772.334,-75.65457754,45.43175529,2014-12-23,14:52,01 - Clear,02 - Wet,01 - Traffic signal,03 - At intersection,01 - Daylight,02 - Non-fatal injury,07 - SMV other,Vanier South
2465,CRICHTON ST @ VAUGHAN ST,369032.704,5033533.062,-75.67897593,45.43877873,2014-09-08,16:21,01 - Clear,01 - Dry,02 - Stop sign,03 - At intersection,01 - Daylight,02 - Non-fatal injury,05 - Turning movement,New Edinburgh
2466,WEST HUNT CLUB RD @ WOODROFFE AVE,363670.691,5021247.914,-75.74897224,45.32871095,2014-12-23,15:16,04 - Freezing Rain,02 - Wet,01 - Traffic signal,02 - Intersection related,01 - Daylight,02 - Non-fatal injury,03 - Rear end,Woodvale - Craig Henry - Manordale - Estates of Arlington Wo
2467,HIGHWAY 417 btwn HWY 417 ANDERSON IC104R61 & HWY 417 BOUNDARY IC96R16,384808.5672,5025111.702,-75.47872359,45.36138314,2014-11-06,20:55,02 - Rain,02 - Wet,10 - No control,01 - Non intersection,07 - Dark,02 - Non-fatal injury,07 - SMV other,Greenbelt
2468,COOPER ST @ ELGIN ST,368120.6641,5031271.114,-75.6909233,45.41850971,2014-10-02,11:17,01 - Clear,01 - Dry,01 - Traffic signal,03 - At intersection,01 - Daylight,02 - Non-fatal injury,07 - SMV other,Centretown
2469,INNES RD btwn PRESTWICK DR & TENTH LINE RD,383860.813,5036114.677,-75.48905466,45.46048636,2014-12-20,14:00,01 - Clear,01 - Dry,10 - No control,04 - At/near private drive,01 - Daylight,02 - Non-fatal injury,07 - SMV other,Queenswood Heights
2470,MACKENZIE KING BR btwn N.D.H.Q./RIDEAU CENTRE SC & MACKENZIE KING BR/N,368219.4548,5031901.623,-75.68957997,45.42417386,2014-10-08,16:44,01 - Clear,01 - Dry,10 - No control,07 - Overpass or bridge,01 - Daylight,02 - Non-fatal injury,03 - Rear end,Sandy Hill
2471,ALTA VISTA DR btwn AYERS AVE & RIDGEMONT AVE,370522.6534,5026502.402,-75.66087059,45.37538109,2014-10-17,14:41,02 - Rain,02 - Wet,10 - No control,01 - Non intersection,01 - Daylight,02 - Non-fatal injury,03 - Rear end,Ledbury - Heron Gate - Ridgemont - Elmwood
2472,HIGHWAY 417 btwn HIGHWAY 417 & HWY417 IC129 RAMP51,359961.7195,5023186.474,-75.79606868,45.34645545,2014-11-13,10:00,01 - Clear,01 - Dry,10 - No control,01 - Non intersection,01 - Daylight,02 - Non-fatal injury,03 - Rear end,Qualicum - Redwood Park
2473,CENTRUM BLVD @ PRESTONE DR,382259.461,5038363.778,-75.50917339,45.4809012,2014-11-15,13:08,01 - Clear,01 - Dry,02 - Stop sign,03 - At intersection,01 - Daylight,02 - Non-fatal injury,07 - SMV other,Industrial Park
2474,DOZOIS RD @ GOUGH RD,372529.7273,5010154.985,-75.63748102,45.2281004,2014-12-23,22:47,04 - Freezing Rain,06 - Ice,02 - Stop sign,02 - Intersection related,07 - Dark,02 - Non-fatal injury,07 - SMV other,Manotick
2475,HIGHWAY 417 btwn HWY417 IC130 RAMP35 & HWY417 IC130 RAMP25,359189.9063,5023062.008,-75.80593092,45.34539578,2014-11-05,18:50,01 - Clear,01 - Dry,10 - No control,01 - Non intersection,07 - Dark,02 - Non-fatal injury,03 - Rear end,Bayshore
2476,HIGHWAY 416 btwn HWY416 IC66 RAMP24 & HWY416 IC57 RAMP62,363318.3657,5010999.817,-75.754675,45.23652788,2014-11-16,14:11,01 - Clear,02 - Wet,10 - No control,01 - Non intersection,01 - Daylight,02 - Non-fatal injury,07 - SMV other,Manotick
2477,DUNROBIN RD btwn WAYBURN AVE & RIDDELL DR,347096.9926,5026410.257,-75.95995405,45.37635765,2014-11-19,17:35,01 - Clear,01 - Dry,10 - No control,01 - Non intersection,07 - Dark,02 - Non-fatal injury,07 - SMV other,Carp - Hardwood Plains
2478,BRONSON AVE @ HOLMWOOD AVE,367700.2326,5028729.9,-75.69661901,45.39568256,2014-11-27,15:03,01 - Clear,01 - Dry,01 - Traffic signal,02 - Intersection related,01 - Daylight,02 - Non-fatal injury,03 - Rear end,The Glebe
2479,CAMPEAU DR/HWY 417 MARCH IC138R63 @ MARCH RD,352842.0818,5020477.709,-75.88718134,45.32260529,2014-12-24,13:15,02 - Rain,02 - Wet,01 - Traffic signal,02 - Intersection related,01 - Daylight,02 - Non-fatal injury,03 - Rear end,Greenbelt
2480,RAMP btwn Continuation of RAMP & END (2),346094.7215,5014873.109,-75.9737126,45.27260235,2014-11-16,22:25,03 - Snow,06 - Ice,10 - No control,01 - Non intersection,07 - Dark,02 - Non-fatal injury,07 - SMV other,Stittsville - Basswood
2481,LAURIER AVE   W btwn METCALFE ST & ELGIN ST,367919.2562,5031533.899,-75.69346286,45.42089236,2014-11-27,15:45,01 - Clear,01 - Dry,10 - No control,04 - At/near private drive,01 - Daylight,02 - Non-fatal injury,05 - Turning movement,Downtown
2482,HIGHWAY 417 btwn HWY417 IC145 RAMP55 & HWY417 IC144 RAMP51,346813.4526,5015276.85,-75.96451885,45.2761928,2014-11-17,15:20,03 - Snow,03 - Loose snow,10 - No control,01 - Non intersection,01 - Daylight,02 - Non-fatal injury,07 - SMV other,Stittsville - Basswood
2483,CASTILLE CRT btwn TRAPPIST LANE & GREY NUNS DR,380078.1937,5036772.715,-75.53731494,45.46682469,2014-12-24,17:26,02 - Rain,02 - Wet,10 - No control,01 - Non intersection,07 - Dark,02 - Non-fatal injury,07 - SMV other,Industrial Park
2484,HIGHWAY 417 btwn TRANSIT & HWY417 IC127 RAMP35,361971.4059,5024706.713,-75.77024888,45.35997353,2014-11-04,11:45,01 - Clear,01 - Dry,10 - No control,01 - Non intersection,01 - Daylight,02 - Non-fatal injury,07 - SMV other,Iris
2485,NELSON ST @ STEWART ST,368768.7849,5032288.178,-75.68251074,45.42760193,2014-03-13,18:29,01 - Clear,05 - Packed snow,02 - Stop sign,03 - At intersection,07 - Dark,02 - Non-fatal injury,02 - Angle,Sandy Hill
2486,8TH LINE RD @ PARKWAY RD,383164.9727,5016892.173,-75.50100094,45.28761489,2014-03-28,2:45,02 - Rain,02 - Wet,02 - Stop sign,03 - At intersection,07 - Dark,02 - Non-fatal injury,02 - Angle,Metcalfe
2487,HAZELDEAN RD btwn SAVAGE DR & ROWAN RD,350310.1122,5015505.034,-75.91993357,45.27802844,2014-03-24,8:26,01 - Clear,01 - Dry,10 - No control,01 - Non intersection,01 - Daylight,02 - Non-fatal injury,03 - Rear end,Stittsville
2488,LAURIER AVE @ O'CONNOR ST,367636.7007,5031357.132,-75.69709554,45.4193273,2014-04-14,14:24,01 - Clear,01 - Dry,01 - Traffic signal,03 - At intersection,01 - Daylight,02 - Non-fatal injury,05 - Turning movement,Downtown
2489,SAUNDERSON DR @ SMYTH RD,372792.7674,5029323.069,-75.63150107,45.40054366,2014-04-11,18:42,01 - Clear,01 - Dry,01 - Traffic signal,03 - At intersection,01 - Daylight,02 - Non-fatal injury,02 - Angle,Elmvale - Eastway - Riverview - Riverview Park West
2490,BARNSDALE RD @ GREENBANK RD,365591.4116,5010927.515,-75.72573557,45.23568472,2014-01-07,16:08,01 - Clear,02 - Wet,02 - Stop sign,03 - At intersection,05 - Dusk,02 - Non-fatal injury,02 - Angle,New Barrhaven
2491,HIGHWAY 417 btwn HWY417 IC127 RAMP25 & HWY417 IC126 RAMP51,363206.5815,5025882.652,-75.75434509,45.37045268,2014-05-14,0:00,01 - Clear,01 - Dry,10 - No control,01 - Non intersection,00 - Unknown,02 - Non-fatal injury,03 - Rear end,Carlington
2492,EAGLESON RD @ PALOMINO DR N,354010.592,5017575.037,-75.87256511,45.29640553,2014-04-11,13:45,01 - Clear,01 - Dry,01 - Traffic signal,03 - At intersection,01 - Daylight,02 - Non-fatal injury,05 - Turning movement,Bridlewood - Emerald Meadows
2493,CASTLEFRANK RD @ HAZELDEAN RD,352676.9142,5017676.287,-75.88955874,45.29740875,2014-04-18,8:38,01 - Clear,01 - Dry,01 - Traffic signal,03 - At intersection,01 - Daylight,02 - Non-fatal injury,02 - Angle,Glen Cairn - Kanata South Business Park
2494,CYRVILLE RD btwn STAR TOP RD & MEADOWBROOK RD,374616.5517,5031246.865,-75.6079355,45.41767349,2014-08-05,17:11,01 - Clear,01 - Dry,10 - No control,04 - At/near private drive,01 - Daylight,02 - Non-fatal injury,02 - Angle,Industrial Park
2495,HWY417 IC126 RAMP51 btwn HIGHWAY 417 & HWY417 IC126 RAMP52,363260.2915,5025929.35,-75.75365393,45.37086839,2014-05-14,14:55,01 - Clear,01 - Dry,10 - No control,01 - Non intersection,01 - Daylight,02 - Non-fatal injury,07 - SMV other,Carlington
2496,HWY 417 MAITLAND IC126R52 @ MAITLAND AVE,363205.4544,5025833.66,-75.75436528,45.37001195,2014-04-17,19:30,01 - Clear,01 - Dry,03 - Yield sign,02 - Intersection related,01 - Daylight,02 - Non-fatal injury,03 - Rear end,Braemar Park - Bel Air Heights - Copeland Park
2497,RENAUD RD @ RENAUD RD N,379765.0501,5032027.55,-75.54204192,45.42416488,2014-09-24,5:07,"07 - Fog, mist, smoke, dust",01 - Dry,02 - Stop sign,02 - Intersection related,07 - Dark,02 - Non-fatal injury,07 - SMV other,Greenbelt
2498,HIGHWAY 417 btwn HWY417 IC129 RAMP76 & HWY417 IC129 RAMP26,360444.6871,5023551.314,-75.78986485,45.34970013,2014-05-14,13:31,01 - Clear,01 - Dry,10 - No control,01 - Non intersection,01 - Daylight,02 - Non-fatal injury,04 - Sideswipe,Whitehaven - Queensway Terrace North
2499,HIGHWAY 416 btwn HWY416 IC57 RAMP24 & HWY416 IC49 RAMP42,365793.0528,5006262.524,-75.72373893,45.19369142,2014-05-11,0:32,01 - Clear,01 - Dry,10 - No control,01 - Non intersection,07 - Dark,02 - Non-fatal injury,03 - Rear end,Manotick - North Gower
2500,FRANK FINNIGAN WAY @ PALLADIUM DR,349911.591,5017527.987,-75.92482888,45.2962573,2014-10-09,8:47,01 - Clear,01 - Dry,01 - Traffic signal,02 - Intersection related,01 - Daylight,02 - Non-fatal injury,03 - Rear end,Kanata Lakes - Marchwood Lakeside - Morgan's Grant - Kanata
2501,BASELINE RD @ FISHER AVE,366167.6575,5026028.051,-75.71652755,45.37150792,2014-04-24,8:34,01 - Clear,01 - Dry,01 - Traffic signal,03 - At intersection,01 - Daylight,02 - Non-fatal injury,07 - SMV other,Civic Hospital - Experimental Farm - Central Park
2502,TALLWOOD DR @ AVENSHIRE GT/MERIDIAN PL,362816.3984,5022619.458,-75.75970895,45.34112317,2014-04-24,16:41,01 - Clear,01 - Dry,02 - Stop sign,03 - At intersection,01 - Daylight,02 - Non-fatal injury,02 - Angle,Centrepointe
2503,HIGHWAY 417 btwn HWY417 IC144 RAMP16 & HWY417 IC144 RAMP61,347433.1646,5015892.692,-75.95656779,45.28169708,2014-05-17,8:30,01 - Clear,01 - Dry,10 - No control,01 - Non intersection,01 - Daylight,02 - Non-fatal injury,07 - SMV other,Stittsville - Basswood
2504,SECOND LINE RD btwn PANANDRICK VIEW DR & THOMAS FULLER DR,347170.0389,5024179.22,-75.95921277,45.35627782,2014-04-25,5:45,01 - Clear,01 - Dry,10 - No control,01 - Non intersection,03 - Dawn,02 - Non-fatal injury,07 - SMV other,Carp - Hardwood Plains
2505,HWY417 IC126 RAMP61 btwn HWY417 IC126 RAMP63 & HIGHWAY 417,363160.1656,5025870.212,-75.75493909,45.37034462,2014-05-09,20:28,01 - Clear,01 - Dry,10 - No control,01 - Non intersection,05 - Dusk,02 - Non-fatal injury,07 - SMV other,Carlingwood West - Glabar Park - McKellar Heights
2506,HIGHWAY 417 btwn HWY417 IC134 RAMP35 & HWY417 IC134 RAMP25,356442.992,5022252.939,-75.84106634,45.33832333,2014-05-05,14:03,01 - Clear,01 - Dry,10 - No control,01 - Non intersection,01 - Daylight,02 - Non-fatal injury,03 - Rear end,Greenbelt
2507,BANK ST @ CHAMBERLAIN AVE N/ISABELLA ST,368081.762,5030166.087,-75.6915622,45.40857055,2014-10-14,6:30,01 - Clear,01 - Dry,01 - Traffic signal,03 - At intersection,03 - Dawn,02 - Non-fatal injury,02 - Angle,The Glebe
2508,HIGHWAY 417 btwn HWY417 IC118 RAMP35 & HWY417 IC117 RAMP51,369790.4226,5031134.92,-75.66960823,45.41713118,2014-05-20,8:30,01 - Clear,01 - Dry,10 - No control,01 - Non intersection,01 - Daylight,02 - Non-fatal injury,03 - Rear end,Old Ottawa East
2509,HIGHWAY 417 btwn Continuation of HIGHWAY 417 & HWY417 IC144 RAMP16,347368.7096,5015838.663,-75.95739397,45.28121481,2014-05-24,6:10,"07 - Fog, mist, smoke, dust",01 - Dry,10 - No control,01 - Non intersection,01 - Daylight,02 - Non-fatal injury,03 - Rear end,Stittsville - Basswood
2510,HIGHWAY 417 btwn HWY417 IC110 RAMP64 & HWY417 IC104 RAMP16,377766.1826,5026520.956,-75.56839607,45.37483119,2014-05-27,17:30,01 - Clear,01 - Dry,10 - No control,01 - Non intersection,01 - Daylight,02 - Non-fatal injury,07 - SMV other,Greenbelt
2511,HIGHWAY 417 btwn HWY417 IC180 RAMP61 & HWY417 IC169 RAMP36,323523.9562,5027075.363,-76.26090392,45.38336915,2014-05-20,3:40,01 - Clear,01 - Dry,10 - No control,01 - Non intersection,07 - Dark,02 - Non-fatal injury,99 - Other,Mississipp
2512,GUIGUES AVE @ KING EDWARD AVE,368202.6524,5032904.012,-75.68966561,45.43319453,2014-12-05,0:21,01 - Clear,07 - Mud,02 - Stop sign,02 - Intersection related,07 - Dark,02 - Non-fatal injury,07 - SMV other,Lower Town
2513,CARP RD @ ROTHBOURNE RD,348253.5717,5014875.911,-75.9461998,45.27249748,2014-12-05,8:20,01 - Clear,01 - Dry,02 - Stop sign,03 - At intersection,01 - Daylight,02 - Non-fatal injury,02 - Angle,Stittsville
2514,FALLOWFIELD RD @ GREENBANK RD,363081.6258,5016732.93,-75.75701742,45.28813438,2014-12-09,9:37,01 - Clear,01 - Dry,01 - Traffic signal,02 - Intersection related,01 - Daylight,02 - Non-fatal injury,03 - Rear end,Greenbelt
2515,CARLING AVE @ KIRKWOOD AVE S,364351.9415,5027337.911,-75.7395485,45.38345048,2014-04-09,18:35,01 - Clear,01 - Dry,01 - Traffic signal,03 - At intersection,01 - Daylight,02 - Non-fatal injury,05 - Turning movement,Carlington
2516,HIGHWAY 7 btwn DWYER HILL RD & UPPER DWYER HILL RD,340982.228,5007181.107,-76.03942689,45.20366708,2014-12-23,21:13,01 - Clear,06 - Ice,10 - No control,01 - Non intersection,07 - Dark,02 - Non-fatal injury,04 - Sideswipe,Munster Hamlet - Richmond
2517,HIGHWAY 417 btwn HWY417 IC122 RAMP16 & HWY417 IC122 RAMP61,365233.1353,5028825.127,-75.72811493,45.39675667,2014-12-24,12:30,02 - Rain,02 - Wet,10 - No control,01 - Non intersection,01 - Daylight,02 - Non-fatal injury,04 - Sideswipe,Civi
2518,HIGHWAY 417 btwn HWY417 IC117 RAMP36 & HWY417 IC117 RAMP26,370596.4409,5031169.058,-75.65930617,45.41736301,2014-12-24,19:42,02 - Rain,02 - Wet,10 - No control,01 - Non intersection,07 - Dark,02 - Non-fatal injury,03 - Rear end,Industrial Park
2519,HIGHWAY 417 btwn HWY417 IC118 RAMP76 & HWY417 IC118 RAMP67,369441.8495,5031049.092,-75.67407279,45.41639122,2014-12-24,19:10,02 - Rain,02 - Wet,10 - No control,01 - Non intersection,07 - Dark,02 - Non-fatal injury,99 - Other,Old Ottawa East
2520,RIVERSIDE DR btwn RIVERSIDE DR & RIVER RD,368381.7346,5020575.869,-75.68896443,45.32225304,2014-07-07,15:54,01 - Clear,01 - Dry,10 - No control,01 - Non intersection,01 - Daylight,02 - Non-fatal injury,03 - Rear end,Hunt Club - Ottawa Airport
2521,HIGHWAY 17 btwn KINBURN SIDE RD & GRANTS SIDE RD,328169.1933,5023110.368,-76.20177469,45.34755047,2014-09-24,21:22,01 - Clear,01 - Dry,10 - No control,01 - Non intersection,07 - Dark,02 - Non-fatal injury,07 - SMV other,Car
2522,BANK ST btwn REGENT ST & THORNTON AVE,368429.3244,5029324.66,-75.68723104,45.40096815,2014-07-14,16:44,01 - Clear,01 - Dry,10 - No control,01 - Non intersection,01 - Daylight,02 - Non-fatal injury,04 - Sideswipe,The Glebe
2523,HOPE SIDE RD @ RICHMOND RD,356952.9396,5015484.829,-75.83527237,45.27738526,2014-07-18,12:44,01 - Clear,01 - Dry,02 - Stop sign,03 - At intersection,01 - Daylight,02 - Non-fatal injury,02 - Angle,Bridlewood - Emerald Meadows
2524,HIGHWAY 7 btwn DWYER HILL RD & UPPER DWYER HILL RD,340983.1781,5007182.057,-76.03941472,45.20367558,2014-12-23,21:17,01 - Clear,06 - Ice,10 - No control,01 - Non intersection,07 - Dark,02 - Non-fatal injury,07 - SMV other,Munster Hamlet - Richmond
2525,COLONEL BY DR @ COLONEL BY DR SB ON RAMP 43,367640.6512,5028443.086,-75.69741646,45.39310724,2014-01-04,12:15,01 - Clear,02 - Wet,02 - Stop sign,03 - At intersection,01 - Daylight,02 - Non-fatal injury,02 - Angle,Carleton University
2526,ROCKCLIFFE PKWY/AVIATION PKWY WB ON RAMP @ AVI,371336.5572,5035661.595,-75.64924335,45.4577148,2014-01-15,16:20,01 - Clear,01 - Dry,03 - Yield sign,03 - At intersection,01 - Daylight,02 - Non-fatal injury,05 - Turning movement,Gloucester
2527,REGIONAL ROAD 174 btwn QUIGLEY HILL RD & REGIONAL ROAD 174 DIVIDED,386584.3727,5042163.876,-75.45322676,45.51459721,2014-07-28,12:29,02 - Rain,02 - Wet,10 - No control,01 - Non intersection,01 - Daylight,02 - Non-fatal injury,05 - Turning movement,Cumberland - Estates
2528,BARNSDALE RD @ PRINCE OF WALES DR,366647.6053,5011533.019,-75.71220943,45.24104106,2014-07-26,18:48,01 - Clear,01 - Dry,02 - Stop sign,03 - At intersection,01 - Daylight,02 - Non-fatal injury,02 - Angle,New Barrhaven
2529,EAGLESON RD btwn HWY417 IC138 RAMP25 & HWY417 IC138 RAMP51,353034.788,5020018.568,-75.88476807,45.31846063,2014-07-22,7:18,01 - Clear,01 - Dry,10 - No control,01 - Non intersection,01 - Daylight,02 - Non-fatal injury,04 - Sideswipe,Greenbelt
2530,REGIONAL ROAD 174 btwn OR174 IC105 RAMP63 & OR174 IC102 RAMP36,379793.9301,5037249.369,-75.54087696,45.47114382,2014-08-04,23:35,01 - Clear,01 - Dry,10 - No control,01 - Non intersection,07 - Dark,02 - Non-fatal injury,07 - SMV other,Orleans South West
2531,LIMEBANK RD btwn EARL ARMSTRONG RD & RIDEAU RD,370505.1925,5015067.116,-75.66261082,45.27249089,2014-10-29,11:53,01 - Clear,01 - Dry,09 - Traffic controller,01 - Non intersection,01 - Daylight,02 - Non-fatal injury,03 - Rear end,Greenbelt