Record,Location,X,Y,lon,lat,Date,Time,Environment,Road_Surface,Traffic_Control,Collision_Location,Light,Collision_Classification,Impact_type,Neighborhood
2532,BRONSON AVE btwn THIRD AVE & KIPPEWA DR,367554.0556,5029082.223,-75.69844103,45.39886578,2014-12-21,17:14,01 - Clear,06 - Ice,10 - No control,01 - Non intersection,07 - Dark,02 - Non-fatal injury,03 - Rear end,The Glebe
2533,GREENBANK RD @ STRANDHERD DR,363933.6839,5014785.543,-75.7463882,45.27054061,2014-12-21,0:13,01 - Clear,01 - Dry,01 - Traffic signal,03 - At intersection,07 - Dark,02 - Non-fatal injury,02 - Angle,New Barrhaven
2534,BASELINE RD @ FARLANE BLVD,365356.6921,5025517.909,-75.72694262,45.3669883,2014-12-06,23:02,01 - Clear,02 - Wet,01 - Traffic signal,03 - At intersection,07 - Dark,02 - Non-fatal injury,07 - SMV other,Civic Hospital - Experimental Farm - Central Park
2535,MONTREAL RD btwn DEN HAAG DR & CODD'S RD,372748.8657,5034387.654,-75.6313632,45.44611663,2014-12-23,8:48,04 - Freezing Rain,06 - Ice,10 - No control,01 - Non intersection,01 - Daylight,02 - Non-fatal injury,07 - SMV other,Carson Grove - Carson Meadows
2536,WALKLEY RD btwn BANFF AVE & AYERS AVE,370515.1271,5026052.56,-75.66102653,45.37133427,2014-11-28,0:44,01 - Clear,01 - Dry,10 - No control,04 - At/near private drive,07 - Dark,02 - Non-fatal injury,02 - Angle,Ledbury - Heron Gate - Ridgemont - Elmwood
2537,SUSSEX DR btwn 151 W OF KING EDWARD AVE/L.B. PEARSON BUILDING & RAMP,367633.5936,5033430.196,-75.69687074,45.43798031,2014-09-30,7:15,01 - Clear,01 - Dry,10 - No control,04 - At/near private drive,01 - Daylight,02 - Non-fatal injury,99 - Other,Byward Market - Parliament Hill
2538,TANDALEE CRES @ STONEHAVEN DR,356138.1159,5016110.447,-75.8455925,45.28307466,2014-12-19,9:30,01 - Clear,01 - Dry,02 - Stop sign,02 - Intersection related,01 - Daylight,02 - Non-fatal injury,03 - Rear end,Bridlewood - Emerald Meadows
2539,HAZELDEAN RD @ HUNTMAR DR/IBER RD,350942.5979,5016080.857,-75.91181887,45.28316865,2014-12-30,11:00,01 - Clear,01 - Dry,01 - Traffic signal,03 - At intersection,01 - Daylight,02 - Non-fatal injury,02 - Angle,Stittsville
2540,TENTH LINE RD @ OR174 IC101 RAMP61,382702.0494,5039063.842,-75.5034018,45.4871505,2014-12-31,18:15,01 - Clear,01 - Dry,02 - Stop sign,03 - At intersection,07 - Dark,02 - Non-fatal injury,02 - Angle,Chatelaine Village
2541,JASMINE CRES btwn OGILVIE RD & BEAVERHILL DR,375425.5569,5034059.752,-75.59719648,45.44290104,2014-07-03,16:10,01 - Clear,01 - Dry,10 - No control,01 - Non intersection,01 - Daylight,02 - Non-fatal injury,07 - SMV other,Beacon Hill South - Cardinal Heights
2542,BLAIR RD @ REGIONAL RD 174 N/OR174 IC112 RAMP61,374635.3828,5032991.233,-75.6074476,45.43336649,2014-12-18,8:30,03 - Snow,02 - Wet,01 - Traffic signal,02 - Intersection related,01 - Daylight,02 - Non-fatal injury,03 - Rear end,Industrial Park
2543,L'ALLEMAND ST @ MONTREAL RD,370571.7084,5033348.114,-75.65933115,45.43697156,2014-10-29,12:45,01 - Clear,01 - Dry,02 - Stop sign,02 - Intersection related,01 - Daylight,02 - Non-fatal injury,03 - Rear end,Vanier North
2544,ABBEYHILL DR @ EAGLESON RD,353827.4483,5018035.713,-75.8748545,45.3005636,2014-09-04,7:10,01 - Clear,01 - Dry,01 - Traffic signal,02 - Intersection related,01 - Daylight,02 - Non-fatal injury,03 - Rear end,Glen Cairn - Kanata South Business Park
2545,WILLIAM ST @ YORK ST,367981.6608,5032350.075,-75.69256084,45.4282304,2014-11-26,18:00,01 - Clear,01 - Dry,02 - Stop sign,03 - At intersection,07 - Dark,02 - Non-fatal injury,07 - SMV other,Byward Market
2546,BASELINE RD @ WOODROFFE AVE,362550.6403,5023770.03,-75.76296541,45.35149786,2014-12-24,18:38,01 - Clear,01 - Dry,01 - Traffic signal,02 - Intersection related,07 - Dark,02 - Non-fatal injury,03 - Rear end,Iris
2547,HAZELDEAN RD @ 246 E OF CASTLEFRANK RD/FARMBOY,352860.0677,5017840.418,-75.88720772,45.29887314,2014-12-19,17:37,01 - Clear,01 - Dry,01 - Traffic signal,03 - At intersection,07 - Dark,02 - Non-fatal injury,07 - SMV other,Glen Cairn - Kanata South Business Park
2548,ST. LAURENT BLVD @ WALKLEY RD,373902.7501,5028046.38,-75.61750332,45.38894793,2014-11-14,17:41,01 - Clear,02 - Wet,01 - Traffic signal,02 - Intersection related,07 - Dark,02 - Non-fatal injury,03 - Rear end,Hawthorne Meadows
2549,BANK ST @ DAVIDSON RD/LESTER RD,373672.7381,5022923.038,-75.62115455,45.34287287,2014-11-14,9:02,01 - Clear,01 - Dry,01 - Traffic signal,02 - Intersection related,01 - Daylight,02 - Non-fatal injury,03 - Rear end,Blossom Park - Blossom Park West - Sawmill Creek/ Timbermill
2550,INNES RD @ STONEHENGE CRES W,375200.6913,5031218.939,-75.6004767,45.41736369,2014-12-30,20:56,01 - Clear,01 - Dry,01 - Traffic signal,02 - Intersection related,07 - Dark,02 - Non-fatal injury,03 - Rear end,Industrial Park
2551,FIFTH LINE RD btwn GREENLAND RD & BERRY SIDE RD,345876.8543,5031701.387,-75.97509137,45.42404097,2014-12-31,0:10,01 - Clear,01 - Dry,10 - No control,01 - Non intersection,07 - Dark,02 - Non-fatal injury,07 - SMV other,Carp - Hardwood Plains
2552,MUNSTER RD @ COLDSTREAM DR/DOGWOOD DR S,349152.4204,5002550.371,-75.93584265,45.16153066,2014-12-17,20:22,03 - Snow,02 - Wet,02 - Stop sign,03 - At intersection,07 - Dark,02 - Non-fatal injury,02 - Angle,Munster Hamlet - Richmond
2553,LOGGERS WAY btwn MORRIS ISLAND DR & END,321736.8879,5035547.722,-76.28343249,45.45965312,2014-11-25,15:43,01 - Clear,01 - Dry,10 - No control,01 - Non intersection,01 - Daylight,02 - Non-fatal injury,04 - Sideswipe,Vydo
2554,HAZELDEAN RD btwn CASTLEFRANK RD & 246 E OF CASTLEFRANK RD,352697.8306,5017696.246,-75.88929014,45.29758692,2014-12-19,14:23,01 - Clear,01 - Dry,10 - No control,01 - Non intersection,01 - Daylight,02 - Non-fatal injury,03 - Rear end,Glen Cairn - Kanata South Business Park
2555,DWYER HILL RD btwn ROGER STEVENS DR & FLOOD RD,355276.7744,4988007.458,-75.85941106,45.03025475,2014-10-07,7:43,02 - Rain,02 - Wet,10 - No control,01 - Non intersection,01 - Daylight,02 - Non-fatal injury,01 - Approaching,Munster Hamlet - Richmond
2556,GREENBANK RD btwn MALVERN DR & HIGHBURY PARK DR,363321.1876,5016176.856,-75.75402929,45.28311091,2014-12-05,18:05,01 - Clear,02 - Wet,10 - No control,01 - Non intersection,07 - Dark,02 - Non-fatal injury,03 - Rear end,New Barrhaven
2557,ROBERTSON RD btwn MOODIE DR & VANIER RD,357231.1531,5020547.978,-75.83119114,45.32292348,2014-12-07,17:33,01 - Clear,01 - Dry,10 - No control,04 - At/near private drive,07 - Dark,02 - Non-fatal injury,02 - Angle,Bells Corners East
2558,MONTREAL RD @ VANIER PKWY,370073.6599,5033067.017,-75.66573361,45.43448904,2014-12-27,3:15,01 - Clear,02 - Wet,01 - Traffic signal,02 - Intersection related,07 - Dark,02 - Non-fatal injury,03 - Rear end,Vanier
2559,LORRY GREENBERG DR btwn HUNTER'S GLEN CRES & SILVERLACE PRIV,372760.7453,5024938.625,-75.63251358,45.36109734,2014-12-18,21:06,01 - Clear,02 - Wet,10 - No control,01 - Non intersection,07 - Dark,02 - Non-fatal injury,07 - SMV other,Greenboro East
2560,JOHNSTON RD @ SOUTHGATE RD,371022.6223,5024941.993,-75.65469698,45.36129398,2014-12-02,8:32,01 - Clear,01 - Dry,02 - Stop sign,02 - Intersection related,01 - Daylight,02 - Non-fatal injury,03 - Rear end,South Keys - Heron Gate - Greenboro West
2561,BASELINE RD @ FISHER AVE,366168.5938,5026029.008,-75.71651548,45.37151645,2014-12-18,18:15,01 - Clear,02 - Wet,01 - Traffic signal,02 - Intersection related,07 - Dark,02 - Non-fatal injury,03 - Rear end,Civic Hospital - Experimental Farm - Central Park
2562,WOODRIDGE CRES btwn 220 W OF BAYSHORE DR/BAYSHORE SC & BAYSHORE DR,359151.8659,5023445.7,-75.80637415,45.34885119,2014-11-05,19:51,01 - Clear,01 - Dry,10 - No control,04 - At/near private drive,07 - Dark,02 - Non-fatal injury,07 - SMV other,Bayshore
2563,REGIONAL ROAD 174 EB btwn OR174 IC109 RAMP55 & TRANSIT,376575.7701,5035213.195,-75.58232696,45.45316184,2014-09-30,22:16,01 - Clear,01 - Dry,10 - No control,01 - Non intersection,07 - Dark,02 - Non-fatal injury,03 - Rear end,Greenbelt
2564,SLACK RD @ WOODROFFE AVE,364232.7334,5019974.003,-75.74195564,45.31720102,2014-12-20,11:52,01 - Clear,01 - Dry,01 - Traffic signal,03 - At intersection,01 - Daylight,02 - Non-fatal injury,02 - Angle,Greenbelt
2565,VANIER PKWY/CRICHTON ST @ BEECHWOOD AVE/ST. PA,369126.8469,5033487.609,-75.67777865,45.4383611,2014-12-27,13:00,01 - Clear,01 - Dry,01 - Traffic signal,03 - At intersection,01 - Daylight,02 - Non-fatal injury,05 - Turning movement,Vanier North
2566,HAZELDEAN RD @ EDGEWATER ST,352322.6556,5017352.87,-75.89410635,45.29452261,2014-10-25,16:54,01 - Clear,02 - Wet,01 - Traffic signal,02 - Intersection related,05 - Dusk,02 - Non-fatal injury,03 - Rear end,Katimavik - Hazeldean
2567,REGIONAL ROAD 174 btwn Continuation of REGIONAL ROAD 174 & OR174 IC112,374375.8235,5032528.998,-75.61082988,45.42923342,2014-12-19,18:53,01 - Clear,01 - Dry,10 - No control,01 - Non intersection,07 - Dark,02 - Non-fatal injury,03 - Rear end,Industrial Park
2568,ST. LAURENT BLVD btwn BELFAST RD & INDUSTRIAL AVE,372978.5388,5030297.802,-75.62899364,45.40929579,2014-12-29,12:35,01 - Clear,01 - Dry,10 - No control,01 - Non intersection,01 - Daylight,02 - Non-fatal injury,03 - Rear end,Industrial Park
2569,CHAMBERLAIN AVE @ PERCY ST,367557.4153,5029824.295,-75.69830368,45.40554243,2014-12-22,14:35,01 - Clear,02 - Wet,01 - Traffic signal,03 - At intersection,01 - Daylight,02 - Non-fatal injury,03 - Rear end,The Glebe
2570,JEANNE D'ARC BLVD  N btwn OR174 IC105 RAMP36 & Continuation of JEANNE ,379275.981,5037268.258,-75.5474974,45.4713692,2014-10-01,7:42,01 - Clear,01 - Dry,10 - No control,01 - Non intersection,01 - Daylight,02 - Non-fatal injury,03 - Rear end,Greenbelt
2571,MERIVALE RD btwn EMERALD PLAZA SC & MEADOWLANDS DR,364783.1823,5023902.492,-75.73445934,45.35250234,2014-12-18,13:14,01 - Clear,02 - Wet,10 - No control,01 - Non intersection,01 - Daylight,02 - Non-fatal injury,04 - Sideswipe,Cityview - Skyline - Fisher Heights
2572,TERRY FOX DR @ FERNBANK RD,354303.6359,5015129.999,-75.86907297,45.27438394,2014-12-18,13:46,01 - Clear,01 - Dry,01 - Traffic signal,02 - Intersection related,01 - Daylight,02 - Non-fatal injury,03 - Rear end,Stittsville - Basswood
2573,PRINCE OF WALES DR @ FALAISE RD/KOCHAR DR N,367459.7563,5024905.939,-75.70017541,45.36129708,2014-12-17,9:58,01 - Clear,02 - Wet,01 - Traffic signal,03 - At intersection,01 - Daylight,02 - Non-fatal injury,05 - Turning movement,Carleton Heights - Rideauview
2574,CARP RD @ DONALD B. MUNRO DR,341193.5043,5022822.005,-76.03559104,45.34440078,2014-10-30,10:12,01 - Clear,01 - Dry,02 - Stop sign,03 - At intersection,01 - Daylight,02 - Non-fatal injury,02 - Angle,Carp
2575,BASELINE RD/HWY 416 RICHMOND IC75R53 @ RICHMON,358634.7148,5021821.012,-75.81315023,45.33427208,2014-12-29,10:01,01 - Clear,01 - Dry,01 - Traffic signal,03 - At intersection,01 - Daylight,02 - Non-fatal injury,02 - Angle,Greenbelt
2576,MERIVALE RD @ WEST HUNT CLUB RD,365612.6952,5021942.023,-75.72411459,45.33479087,2014-12-29,10:15,01 - Clear,01 - Dry,01 - Traffic signal,02 - Intersection related,01 - Daylight,02 - Non-fatal injury,03 - Rear end,Tanglewood
2577,SMYTH RD btwn ROGER GUINDON AVE & BOTSFORD ST,372219.9804,5029258.219,-75.63882554,45.40001556,2014-11-12,8:48,01 - Clear,01 - Dry,10 - No control,04 - At/near private drive,01 - Daylight,02 - Non-fatal injury,02 - Angle,Elmvale - Eastway - Riverview - Riverview Park West
2578,HAZELDEAN RD btwn TERRY FOX DR & EDGEWATER ST,352245.6965,5017277.274,-75.89509473,45.29384758,2014-12-19,7:35,01 - Clear,01 - Dry,10 - No control,04 - At/near private drive,03 - Dawn,02 - Non-fatal injury,03 - Rear end,Glen Cairn - Kanata South Business Park
2579,AYLMER AVE @ BANK ST,368676.5628,5028730.969,-75.68415015,45.3956038,2014-12-18,14:35,01 - Clear,02 - Wet,01 - Traffic signal,02 - Intersection related,01 - Daylight,02 - Non-fatal injury,04 - Sideswipe,Old Ottawa South
2580,GRANT CARMAN DR @ MEADOWLANDS DR,365053.6218,5023901.989,-75.73100821,45.35247462,2014-12-27,17:53,02 - Rain,02 - Wet,01 - Traffic signal,03 - At intersection,07 - Dark,02 - Non-fatal injury,07 - SMV other,Cityview - Skyline - Fisher Heights
2581,OGILVIE RD btwn JASMINE CRES & ELMRIDGE DR,375414.7642,5033867.233,-75.59736205,45.44116996,2014-12-04,17:51,01 - Clear,03 - Loose snow,10 - No control,01 - Non intersection,07 - Dark,02 - Non-fatal injury,03 - Rear end,Beacon Hill South - Cardinal Heights
2582,HUNTLEY RD btwn FLEWELLYN RD & CORLYN GT,351695.089,5010414.171,-75.90276215,45.23212815,2014-07-20,13:40,01 - Clear,01 - Dry,10 - No control,01 - Non intersection,01 - Daylight,02 - Non-fatal injury,04 - Sideswipe,Munster Hamlet - Richmond
2583,MAPLE GROVE RD @ TERRY FOX DR,351553.6086,5017865.89,-75.90386247,45.2991905,2014-11-03,10:41,01 - Clear,01 - Dry,01 - Traffic signal,03 - At intersection,01 - Daylight,02 - Non-fatal injury,05 - Turning movement,Katimavik - Hazeldean
2584,ELGIN ST @ SOMERSET ST,368163.7585,5031198.097,-75.69038211,45.41784882,2014-11-06,9:35,01 - Clear,01 - Dry,01 - Traffic signal,03 - At intersection,01 - Daylight,02 - Non-fatal injury,05 - Turning movement,Centretown
2585,RENAUD RD btwn IDA ST & Continuation of RENAUD RD,379756.08,5032027.73,-75.5421565,45.42416746,2014-08-14,14:26,02 - Rain,02 - Wet,10 - No control,01 - Non intersection,01 - Daylight,02 - Non-fatal injury,01 - Approaching,Greenbelt
2586,SNAKE ISLAND RD btwn GREY'S CREEK RD & SCRIVENS DR,382058.6237,5009133.089,-75.51630864,45.21792504,2014-12-23,15:50,04 - Freezing Rain,02 - Wet,10 - No control,01 - Non intersection,01 - Daylight,02 - Non-fatal injury,07 - SMV other,Osgoode
2587,CLEARY AVE btwn RICHMOND RD & END,361949.2658,5027182.381,-75.77024503,45.38225117,2014-12-31,16:45,01 - Clear,01 - Dry,10 - No control,01 - Non intersection,05 - Dusk,02 - Non-fatal injury,07 - SMV other,Woodroffe - Lincoln Heights
2588,ORLEANS BLVD btwn ST. LOUIS DR & END,379673.8806,5038507.634,-75.54222031,45.48247758,2014-07-31,5:41,01 - Clear,01 - Dry,10 - No control,01 - Non intersection,03 - Dawn,02 - Non-fatal injury,07 - SMV other,Orleans South West
2589,AYLMER AVE @ BANK ST,368673.7124,5028730.019,-75.68418667,45.39559551,2014-12-18,15:40,01 - Clear,02 - Wet,01 - Traffic signal,03 - At intersection,01 - Daylight,02 - Non-fatal injury,07 - SMV other,Old Ottawa South
2590,BASELINE RD @ SOUTHWOOD DR,361228.7286,5022960.972,-75.77992708,45.3443256,2014-12-18,12:55,01 - Clear,03 - Loose snow,02 - Stop sign,02 - Intersection related,01 - Daylight,02 - Non-fatal injury,03 - Rear end,Iris
2591,BRIAN COBURN BLVD @ TENTH LINE RD,384428.3389,5035022.308,-75.48197576,45.45059377,2014-12-29,11:15,01 - Clear,01 - Dry,01 - Traffic signal,03 - At intersection,01 - Daylight,02 - Non-fatal injury,02 - Angle,Avalon
2592,ANDERSON RD @ INNES RD,376280.7411,5031842.039,-75.58658805,45.42286048,2014-12-16,16:48,01 - Clear,02 - Wet,01 - Traffic signal,03 - At intersection,05 - Dusk,02 - Non-fatal injury,05 - Turning movement,Greenbelt
2593,PARKDALE AVE @ TYNDALL ST,365263.7006,5029013.442,-75.72770149,45.39844845,2014-12-23,16:03,02 - Rain,02 - Wet,02 - Stop sign,03 - At intersection,05 - Dusk,02 - Non-fatal injury,05 - Turning movement,Civi
2594,HAWTHORNE RD @ HUNT CLUB RD,375506.7998,5026407.004,-75.59725565,45.37403754,2014-09-06,15:40,01 - Clear,01 - Dry,01 - Traffic signal,03 - At intersection,01 - Daylight,02 - Non-fatal injury,02 - Angle,Industrial Park
2595,WEST HUNT CLUB RD btwn MOODIE DR & HWY416 IC72 RAMP53,358687.7944,5018954.471,-75.81278497,45.30847467,2014-12-19,7:03,01 - Clear,01 - Dry,10 - No control,01 - Non intersection,03 - Dawn,02 - Non-fatal injury,03 - Rear end,Greenbelt
2596,GLADSTONE AVE @ ROCHESTER ST,366662.698,5029787.091,-75.70973684,45.40528732,2014-12-28,13:14,01 - Clear,01 - Dry,01 - Traffic signal,03 - At intersection,01 - Daylight,02 - Non-fatal injury,02 - Angle,Little Italy
2597,WOODROFFE AVE btwn HWY417 IC127 RAMP35 & HWY417 IC127 RAMP52,362170.5781,5024712.778,-75.7677061,45.36001184,2014-11-15,8:30,01 - Clear,01 - Dry,10 - No control,01 - Non intersection,01 - Daylight,02 - Non-fatal injury,03 - Rear end,Iris
2598,WEST HUNT CLUB RD @ CLEOPATRA DR/LANCELOT DR,365234.7499,5021733.919,-75.72896162,45.33295103,2014-10-14,13:51,01 - Clear,01 - Dry,01 - Traffic signal,03 - At intersection,01 - Daylight,02 - Non-fatal injury,05 - Turning movement,Tanglewood
2599,HAZELDEAN RD @ EDGEWATER ST,352324.7848,5017352.648,-75.89407923,45.29452047,2014-12-23,17:00,02 - Rain,02 - Wet,01 - Traffic signal,02 - Intersection related,07 - Dark,02 - Non-fatal injury,03 - Rear end,Katimavik - Hazeldean
2600,RICHMOND RD @ NORTHSIDE RD E,358328.338,5021227.013,-75.81712309,45.32895068,2014-12-17,16:54,02 - Rain,02 - Wet,01 - Traffic signal,03 - At intersection,07 - Dark,02 - Non-fatal injury,05 - Turning movement,Bells Corners East
2601,LONGFIELDS DR @ PAUL METIVIER DR,364841.334,5014200.437,-75.73489269,45.26519892,2014-12-11,9:05,01 - Clear,02 - Wet,02 - Stop sign,03 - At intersection,01 - Daylight,02 - Non-fatal injury,05 - Turning movement,New Barrhaven
2602,HILLARY AVE @ KILBORN AVE,370574.8231,5027773.116,-75.66003528,45.38680964,2014-09-25,17:21,01 - Clear,01 - Dry,02 - Stop sign,03 - At intersection,01 - Daylight,02 - Non-fatal injury,05 - Turning movement,Alta Vista
2603,EAGLESON RD @ HAZELDEAN RD/ROBERTSON RD,353671.7247,5018423.985,-75.87680173,45.30406821,2014-12-29,9:49,01 - Clear,01 - Dry,01 - Traffic signal,03 - At intersection,01 - Daylight,02 - Non-fatal injury,02 - Angle,Greenbelt
2604,REGIONAL ROAD 174 btwn QUIGLEY HILL RD & REGIONAL ROAD 174 DIVIDED,386688.1428,5042188.457,-75.4518947,45.51480618,2014-12-17,22:30,03 - Snow,02 - Wet,10 - No control,01 - Non intersection,07 - Dark,02 - Non-fatal injury,07 - SMV other,Cumberland - Estates
2605,JEANNE D'ARC BLVD @ ORLEANS BLVD N,380027.6935,5038105.431,-75.53775662,45.47882085,2014-10-17,20:41,01 - Clear,01 - Dry,01 - Traffic signal,03 - At intersection,07 - Dark,02 - Non-fatal injury,05 - Turning movement,Orleans South West
2606,KINBURN SIDE RD @ UPPER DWYER HILL RD,325040.3305,5024358.066,-76.24165207,45.35887525,2014-11-21,14:47,01 - Clear,01 - Dry,02 - Stop sign,03 - At intersection,01 - Daylight,02 - Non-fatal injury,02 - Angle,Mississipp
2607,WEST HUNT CLUB RD @ WOODROFFE AVE,363670.691,5021245.064,-75.74897258,45.32868531,2014-12-24,14:15,01 - Clear,01 - Dry,01 - Traffic signal,02 - Intersection related,01 - Daylight,02 - Non-fatal injury,03 - Rear end,Woodvale - Craig Henry - Manordale - Estates of Arlington Wo
2608,DONALD B. MUNRO DR/OLD CARP RD W @ MARCH RD,343091.3242,5022592.538,-76.01139203,45.34223492,2014-11-21,12:51,01 - Clear,01 - Dry,02 - Stop sign,03 - At intersection,01 - Daylight,02 - Non-fatal injury,02 - Angle,Stittsville - Basswood
2609,DUNROBIN RD @ VANCES SIDE RD,340159.4993,5033680.086,-76.04800714,45.44215819,2014-11-21,18:07,01 - Clear,01 - Dry,02 - Stop sign,03 - At intersection,07 - Dark,02 - Non-fatal injury,02 - Angle,Car
2610,REGIONAL ROAD 174 btwn REGIONAL ROAD 174 & OR174 IC102 RAMP15,382020.5257,5038478.47,-75.51221126,45.48195957,2014-09-08,21:17,01 - Clear,01 - Dry,10 - No control,01 - Non intersection,07 - Dark,02 - Non-fatal injury,07 - SMV other,Industrial Park
2611,UPLANDS DR @ AIRPORT PKWY RAMP 35,371124.6993,5021373.001,-75.65387272,45.32917163,2014-12-23,8:59,05 - Drifting Snow,02 - Wet,01 - Traffic signal,03 - At intersection,01 - Daylight,02 - Non-fatal injury,02 - Angle,Greenbelt
2612,KINBURN SIDE RD btwn LIMESTONE RD & BECKS RD,333807.3071,5032096.98,-76.12929722,45.42820529,2014-06-21,21:10,01 - Clear,01 - Dry,10 - No control,01 - Non intersection,05 - Dusk,02 - Non-fatal injury,07 - SMV other,Car
2613,BANK ST btwn FOURTH AVE & FIFTH AVE,368378.1676,5029454.238,-75.68786773,45.4021387,2014-10-05,14:50,01 - Clear,01 - Dry,10 - No control,01 - Non intersection,01 - Daylight,02 - Non-fatal injury,04 - Sideswipe,The Glebe
2614,BRIDGESTONE DR/STEEPLE CHASE DR @ STONEHAVEN D,355107.7174,5016984.491,-75.85863754,45.29101399,2014-11-27,14:08,01 - Clear,01 - Dry,03 - Yield sign,03 - At intersection,01 - Daylight,02 - Non-fatal injury,02 - Angle,Bridlewood - Emerald Meadows
2615,HANNAH ST @ MARIER AVE,370131.233,5033636.301,-75.66492229,45.43960584,2014-12-29,7:25,01 - Clear,01 - Dry,02 - Stop sign,02 - Intersection related,03 - Dawn,02 - Non-fatal injury,07 - SMV other,Vanier North
2616,BAYSWATER AVE @ SOMERSET ST,365813.0334,5029912.244,-75.72057435,45.40648799,2014-09-24,14:07,01 - Clear,01 - Dry,01 - Traffic signal,03 - At intersection,01 - Daylight,02 - Non-fatal injury,07 - SMV other,Centretow
2617,INDUSTRIAL AVE @ RIVERSIDE DR,370685.0216,5030593.766,-75.65825139,45.41217843,2014-12-11,9:16,01 - Clear,03 - Loose snow,01 - Traffic signal,02 - Intersection related,01 - Daylight,02 - Non-fatal injury,03 - Rear end,Industrial Park
2618,DONALD ST @ 110 E OF ST. LAURENT BLVD ,372203.3225,5032482.795,-75.63859729,45.42903045,2014-12-13,16:56,01 - Clear,01 - Dry,01 - Traffic signal,03 - At intersection,07 - Dark,02 - Non-fatal injury,07 - SMV other,Cummings
2619,INNES RD btwn ORCHARDVIEW AVE & PORTOBELLO BLVD,384858.6637,5036564.769,-75.47622394,45.46442223,2014-10-29,13:20,01 - Clear,01 - Dry,10 - No control,01 - Non intersection,01 - Daylight,02 - Non-fatal injury,03 - Rear end,Fallingbrook
2620,JOCK TR @ DWYER HILL RD,349234.8859,4997767.979,-75.93521879,45.1184908,2014-12-13,22:32,01 - Clear,02 - Wet,02 - Stop sign,02 - Intersection related,07 - Dark,02 - Non-fatal injury,07 - SMV other,Munster Hamlet - Richmond
2621,MERIVALE RD btwn ROSSLAND AVE & EMERALD PLAZA SC,364710.0333,5024066.229,-75.73537299,45.35398187,2014-12-22,17:40,01 - Clear,01 - Dry,10 - No control,04 - At/near private drive,07 - Dark,02 - Non-fatal injury,05 - Turning movement,Cityview - Skyline - Fisher Heights
2622,MURRAY ST @ SUSSEX DR,367705.6289,5032394.972,-75.69608235,45.42865925,2014-12-27,17:22,02 - Rain,02 - Wet,01 - Traffic signal,03 - At intersection,07 - Dark,02 - Non-fatal injury,02 - Angle,Byward Market - Parliament Hill
2623,CROYDON AVE @ RICHMOND RD,360545.6868,5025272.773,-75.78838186,45.36518173,2014-06-12,14:52,01 - Clear,01 - Dry,01 - Traffic signal,03 - At intersection,01 - Daylight,02 - Non-fatal injury,07 - SMV other,Woodroffe - Lincoln Heights
2624,MERIVALE RD @ EMERALD PLAZA SC,364738.0851,5024006.875,-75.73502219,45.35344542,2014-09-16,15:13,01 - Clear,01 - Dry,01 - Traffic signal,03 - At intersection,01 - Daylight,02 - Non-fatal injury,02 - Angle,Cityview - Skyline - Fisher Heights
2625,EARL ARMSTRONG RD @ SPRATT RD,368396.2272,5015011.55,-75.6894932,45.27218481,2014-12-16,8:54,01 - Clear,01 - Dry,01 - Traffic signal,03 - At intersection,01 - Daylight,02 - Non-fatal injury,05 - Turning movement,Greenbelt
2626,JASMINE CRES S @ OGILVIE RD,375355.2453,5033721.237,-75.59814369,45.43986238,2014-12-23,16:30,02 - Rain,02 - Wet,02 - Stop sign,03 - At intersection,05 - Dusk,02 - Non-fatal injury,02 - Angle,Beacon Hill South - Cardinal Heights
2627,FALLOWFIELD RD btwn MERIVALE RD & ASHDALE AVE,366933.8338,5018872.954,-75.70764533,45.30706009,2014-09-23,13:06,01 - Clear,01 - Dry,10 - No control,01 - Non intersection,01 - Daylight,02 - Non-fatal injury,07 - SMV other,Greenbelt
2628,SWANSEA CRES btwn AGES DR & STEVENAGE DR,374151.6092,5026751.366,-75.6145075,45.37727138,2014-12-26,12:51,01 - Clear,01 - Dry,10 - No control,01 - Non intersection,01 - Daylight,02 - Non-fatal injury,07 - SMV other,Industrial Park
2629,BANK ST @ FOXBAR AVE,370476.7223,5025623.259,-75.66157386,45.36747515,2014-12-20,2:59,01 - Clear,01 - Dry,02 - Stop sign,03 - At intersection,07 - Dark,02 - Non-fatal injury,07 - SMV other,Ledbury - Heron Gate - Ridgemont - Elmwood
2630,DESCHAMPS AVE btwn DUROCHER ST & EMOND ST,370057.0333,5033308.758,-75.66591404,45.43666568,2014-09-02,10:42,01 - Clear,02 - Wet,10 - No control,01 - Non intersection,01 - Daylight,02 - Non-fatal injury,04 - Sideswipe,Vanier North
2631,BYRON AVE @ ROOSEVELT AVE,363037.1909,5028062.15,-75.75625037,45.39007761,2014-10-09,12:31,01 - Clear,02 - Wet,01 - Traffic signal,03 - At intersection,01 - Daylight,02 - Non-fatal injury,02 - Angle,Carlingwood - McKellar Park - Laurentien View
2632,FALLOWFIELD RD @ WOODROFFE AVE,365085.15,5017902.708,-75.73133629,45.29849099,2014-12-12,17:01,01 - Clear,02 - Wet,01 - Traffic signal,02 - Intersection related,07 - Dark,02 - Non-fatal injury,03 - Rear end,New Barrhaven