Record,Location,X,Y,lon,lat,Date,Time,Environment,Road_Surface,Traffic_Control,Collision_Location,Light,Collision_Classification,Impact_type,Neighborhood
2633,WEST HUNT CLUB RD @ ANTARES DR/LASER ST,367106.7612,5022081.977,-75.70503659,45.33591908,2014-12-22,7:44,01 - Clear,02 - Wet,01 - Traffic signal,03 - At intersection,03 - Dawn,02 - Non-fatal injury,05 - Turning movement,Industrial Park
2634,CARLING AVE @ OTTAWA RIVER PKWY WB,360855.9124,5025172.078,-75.78443342,45.36425094,2014-12-10,8:55,03 - Snow,02 - Wet,03 - Yield sign,02 - Intersection related,01 - Daylight,02 - Non-fatal injury,07 - SMV other,Woodroffe - Lincoln Heights
2635,ANALDEA DR @ BANK ST,375695.8222,5020812.044,-75.5956447,45.3236775,2014-09-03,12:00,01 - Clear,01 - Dry,01 - Traffic signal,02 - Intersection related,01 - Daylight,02 - Non-fatal injury,03 - Rear end,Greenbelt
2636,BRONSON AVE @ SOMERSET ST,366968.6462,5030477.997,-75.70574177,45.41147679,2014-09-10,21:05,02 - Rain,02 - Wet,01 - Traffic signal,02 - Intersection related,07 - Dark,02 - Non-fatal injury,03 - Rear end,Chinatown
2637,AIRPORT PKWY btwn AIRPORT PKWY/HUNT CLUB RAMP 42 & WALKLEY RD NB RAMP,370459.5024,5024536.966,-75.66193799,45.35770264,2014-11-05,7:49,01 - Clear,01 - Dry,10 - No control,01 - Non intersection,01 - Daylight,02 - Non-fatal injury,03 - Rear end,Hunt Club East - Western Community
2638,SCHNEIDER RD btwn LEGGET DR & CARLING AVE,351615.5551,5022278.49,-75.90265559,45.33889197,2014-12-16,16:38,01 - Clear,02 - Wet,10 - No control,04 - At/near private drive,05 - Dusk,02 - Non-fatal injury,05 - Turning movement,South March
2639,LAURIER AVE @ LYON ST,367153.3927,5031067.963,-75.70330706,45.41676869,2014-12-21,21:52,01 - Clear,01 - Dry,01 - Traffic signal,03 - At intersection,07 - Dark,02 - Non-fatal injury,07 - SMV other,Downtown
2640,PRINCE OF WALES DR @ WEST HUNT CLUB RD,367457.7602,5021891.978,-75.70058273,45.33417825,2014-10-30,15:41,01 - Clear,01 - Dry,01 - Traffic signal,02 - Intersection related,01 - Daylight,02 - Non-fatal injury,03 - Rear end,Industrial Park
2641,PRINCE OF WALES DR btwn BASELINE RD/HERON RD & GREEN VALLEY CRES,366934.4093,5026596.881,-75.70666791,45.37655856,2014-07-17,9:54,01 - Clear,01 - Dry,10 - No control,04 - At/near private drive,01 - Daylight,02 - Non-fatal injury,05 - Turning movement,Civic Hospital - Experimental Farm - Central Park
2642,EAGLESON RD btwn FALLOWFIELD RD & AKINS RD,356149.6521,5012125.1,-75.84585746,45.24721279,2014-11-25,23:07,01 - Clear,01 - Dry,10 - No control,01 - Non intersection,07 - Dark,02 - Non-fatal injury,07 - SMV other,Munster Hamlet - Richmond
2643,ELGIN ST btwn GLOUCESTER ST & NEPEAN ST (2),368021.0041,5031449.219,-75.69217372,45.42012125,2014-06-23,12:00,01 - Clear,01 - Dry,10 - No control,01 - Non intersection,01 - Daylight,02 - Non-fatal injury,07 - SMV other,Golden Triangle
2644,HAWTHORNE RD @ HUNT CLUB RD,375508.7,5026407.954,-75.59723126,45.37404589,2014-09-26,18:35,01 - Clear,01 - Dry,01 - Traffic signal,03 - At intersection,01 - Daylight,02 - Non-fatal injury,05 - Turning movement,Industrial Park
2645,MCBEAN ST @ PERTH ST,356744.566,5006256.779,-75.83889163,45.19436436,2014-10-12,15:14,01 - Clear,01 - Dry,01 - Traffic signal,02 - Intersection related,01 - Daylight,02 - Non-fatal injury,07 - SMV other,Richmond
2646,LYON ST @ MACLAREN ST,367408.1919,5030647.781,-75.70010517,45.41296527,2014-09-26,15:13,01 - Clear,01 - Dry,02 - Stop sign,03 - At intersection,01 - Daylight,02 - Non-fatal injury,07 - SMV other,Centretown
2647,CASTLEFRANK RD @ GOLDRIDGE DR N/SHERRING CRES ,350324.7883,5019993.663,-75.91933441,45.31841749,2014-11-20,20:51,03 - Snow,02 - Wet,02 - Stop sign,03 - At intersection,07 - Dark,02 - Non-fatal injury,07 - SMV other,Kanata Lakes - Marchwood Lakeside - Morgan's Grant - Kanata
2648,TRIM RD btwn TAYLOR CREEK DR & ST. JOSEPH BLVD,384598.5283,5039465.967,-75.47907868,45.49055419,2014-12-02,9:45,01 - Clear,01 - Dry,10 - No control,04 - At/near private drive,01 - Daylight,02 - Non-fatal injury,05 - Turning movement,Cumberland - Estates
2649,WOODROFFE AVE @ KNOXDALE RD/MEDHURST DR,363419.7337,5021826.798,-75.75210494,45.33394072,2014-11-08,14:06,01 - Clear,02 - Wet,01 - Traffic signal,03 - At intersection,01 - Daylight,02 - Non-fatal injury,05 - Turning movement,Woodvale - Craig Henry - Manordale - Estates of Arlington Wo
2650,PRESTONE DR @ ST. JOSEPH BLVD,382326.6775,5038272.472,-75.50832813,45.48007225,2014-12-30,12:29,01 - Clear,01 - Dry,01 - Traffic signal,02 - Intersection related,01 - Daylight,02 - Non-fatal injury,03 - Rear end,Queenswood Heights
2651,FERNBANK RD @ SHEA RD,352053.9555,5013123.75,-75.89793453,45.25648588,2014-07-25,1:56,01 - Clear,01 - Dry,03 - Yield sign,03 - At intersection,07 - Dark,02 - Non-fatal injury,07 - SMV other,Stittsville
2652,RIVERSIDE DR NB btwn FROBISHER LANE & HINCKS LANE,370163.8243,5030014.241,-75.66498634,45.40701295,2014-08-21,15:36,01 - Clear,01 - Dry,10 - No control,01 - Non intersection,01 - Daylight,02 - Non-fatal injury,99 - Other,Industrial Park
2653,HUNTER'S GLEN CRES S @ LORRY GREENBERG DR,372683.5488,5025012.95,-75.63348864,45.36177357,2014-01-22,8:39,01 - Clear,01 - Dry,02 - Stop sign,02 - Intersection related,01 - Daylight,02 - Non-fatal injury,03 - Rear end,Greenboro East
2654,EARL ARMSTRONG RD @ SPRATT RD,368396.7091,5015012.19,-75.68948698,45.27219052,2014-07-04,18:09,01 - Clear,01 - Dry,01 - Traffic signal,03 - At intersection,01 - Daylight,02 - Non-fatal injury,05 - Turning movement,Greenbelt
2655,BYRON AVE @ ROOSEVELT AVE,363034.4882,5028062.15,-75.75628489,45.39007784,2014-09-13,13:00,02 - Rain,02 - Wet,01 - Traffic signal,03 - At intersection,01 - Daylight,02 - Non-fatal injury,02 - Angle,Carlingwood - McKellar Park - Laurentien View
2656,BASELINE RD btwn NAVAHO DR & DEERFIELD DR,363099.1847,5024107.627,-75.75592547,45.35449014,2014-11-27,0:38,01 - Clear,01 - Dry,10 - No control,01 - Non intersection,07 - Dark,02 - Non-fatal injury,07 - SMV other,Braemar Park - Bel Air Heights - Copeland Park
2657,RIVERSIDE DR SB btwn SMYTH RD NORTH SIDE RAMP & FROBISHER LANE,369996.3612,5029404.938,-75.66720599,45.40154629,2014-09-07,6:17,01 - Clear,01 - Dry,10 - No control,01 - Non intersection,03 - Dawn,02 - Non-fatal injury,07 - SMV other,Industrial Park
2658,BOOTH ST @ MIDDLE ST,366114.6962,5031291.135,-75.71654952,45.41886852,2014-09-10,8:53,01 - Clear,01 - Dry,02 - Stop sign,03 - At intersection,01 - Daylight,02 - Non-fatal injury,05 - Turning movement,LeBreto
2659,CASTLEFRANK RD btwn SHELDRAKE DR & GLAMORGAN DR,353313.8275,5016471.445,-75.88155627,45.2865236,2014-12-24,18:34,01 - Clear,01 - Dry,10 - No control,01 - Non intersection,07 - Dark,02 - Non-fatal injury,07 - SMV other,Glen Cairn - Kanata South Business Park
2660,SMYTH RD NORTH SIDE RAMP btwn SMYTH RD & RIVERSIDE DR,369925.7732,5029144.833,-75.66814191,45.39921253,2014-10-06,16:00,01 - Clear,01 - Dry,10 - No control,01 - Non intersection,01 - Daylight,02 - Non-fatal injury,03 - Rear end,Alta Vista
2661,BANK ST btwn PHILNOR ST & SALE BARN RD,379931.0693,5013571.586,-75.54272339,45.25809092,2014-11-15,8:21,01 - Clear,01 - Dry,10 - No control,01 - Non intersection,01 - Daylight,02 - Non-fatal injury,07 - SMV other,Greely
2662,GREENBANK RD btwn WEST HUNT CLUB RD & FALLOWFIELD RD,362923.882,5017102.447,-75.75898489,45.29147236,2014-12-10,18:23,03 - Snow,03 - Loose snow,10 - No control,01 - Non intersection,07 - Dark,02 - Non-fatal injury,01 - Approaching,Greenbelt
2663,BELFAST RD btwn TRAINYARDS DR & ST. LAURENT BLVD,372814.195,5030560.176,-75.63105675,45.41167251,2014-12-06,8:12,01 - Clear,02 - Wet,10 - No control,04 - At/near private drive,01 - Daylight,02 - Non-fatal injury,02 - Angle,Industrial Park
2664,BLACKBURN AVE @ TEMPLETON ST,369512.7225,5031780.325,-75.6730713,45.42296403,2014-09-23,15:04,01 - Clear,01 - Dry,02 - Stop sign,03 - At intersection,01 - Daylight,02 - Non-fatal injury,02 - Angle,Sandy Hill
2665,RIVERSIDE DR @ SMYTH RD NORTH SIDE RAMP,369935.9752,5029317.675,-75.66798879,45.40076675,2014-12-14,15:09,01 - Clear,02 - Wet,01 - Traffic signal,03 - At intersection,01 - Daylight,02 - Non-fatal injury,05 - Turning movement,Industrial Park
2666,INDUSTRIAL AVE @ RIVERSIDE DR,370684.7186,5030592.308,-75.65825545,45.41216534,2014-11-27,16:00,01 - Clear,02 - Wet,01 - Traffic signal,02 - Intersection related,01 - Daylight,02 - Non-fatal injury,03 - Rear end,Industrial Park
2667,WELLINGTON ST    W btwn HURON AVE N & HOLLAND AVE,364878.9226,5029133.586,-75.73260115,45.3995626,2014-12-22,14:34,01 - Clear,01 - Dry,10 - No control,01 - Non intersection,01 - Daylight,02 - Non-fatal injury,06 - SMV unattended vehicle,Island Park
2668,MERIVALE RD @ SUMMERVILLE AVE,364875.2086,5026444.776,-75.73297588,45.37536953,2014-09-29,8:15,01 - Clear,01 - Dry,01 - Traffic signal,03 - At intersection,01 - Daylight,02 - Non-fatal injury,07 - SMV other,Carlington
2669,GILCHRIST ST @ SPENCER ST,364350.2031,5029160.809,-75.73935069,45.39985272,2014-10-07,15:30,02 - Rain,02 - Wet,02 - Stop sign,03 - At intersection,01 - Daylight,02 - Non-fatal injury,02 - Angle,Island Park
2670,PALMADEO DR @ RODEO DR,365085.2406,5015840.997,-75.73158567,45.27993979,2014-01-09,15:58,01 - Clear,06 - Ice,02 - Stop sign,02 - Intersection related,01 - Daylight,03 - P.D. only,02 - Angle,New Barrhaven
2671,TRIM RD @ DAIRY DR/TAYLOR CREEK DR,384535.558,5039596.658,-75.47986295,45.49173722,2014-01-09,16:00,01 - Clear,02 - Wet,02 - Stop sign,02 - Intersection related,01 - Daylight,03 - P.D. only,04 - Sideswipe,Industrial Park
2672,HERON RD btwn FINN CRT & BAYCREST DR,370987.0448,5026962.395,-75.65488036,45.37947623,2014-01-09,7:46,01 - Clear,02 - Wet,10 - No control,04 - At/near private drive,03 - Dawn,03 - P.D. only,04 - Sideswipe,Ledbury - Heron Gate - Ridgemont - Elmwood
2673,REGIONAL ROAD 174 btwn OR174 IC112 RAMP26 & OR174 IC112 RAMP61,375098.0159,5033069.931,-75.60152427,45.43402822,2014-01-09,8:19,01 - Clear,01 - Dry,10 - No control,01 - Non intersection,01 - Daylight,03 - P.D. only,99 - Other,Greenbelt
2674,WOODROFFE AVE btwn FIRESTATION & BASELINE RD,362528.7025,5023826.06,-75.76323882,45.35200382,2014-01-08,19:00,01 - Clear,06 - Ice,10 - No control,01 - Non intersection,07 - Dark,03 - P.D. only,03 - Rear end,Iris
2675,HUNT CLUB RD @ DOWNPATRICK RD/MCCARTHY RD,370507.3151,5023398.979,-75.66147902,45.34745889,2014-01-03,17:15,01 - Clear,06 - Ice,01 - Traffic signal,02 - Intersection related,05 - Dusk,03 - P.D. only,03 - Rear end,Hunt Club East - Western Community
2676,MERIVALE RD btwn WITHROW AVE & RITA AVE,364637.3593,5024240.697,-75.73627932,45.35555792,2014-01-04,14:40,01 - Clear,02 - Wet,10 - No control,01 - Non intersection,01 - Daylight,03 - P.D. only,03 - Rear end,Cityview - Skyline - Fisher Heights
2677,BASELINE RD @ WOODROFFE AVE,362550.1972,5023771.772,-75.76297086,45.35151357,2014-01-02,19:18,01 - Clear,02 - Wet,01 - Traffic signal,02 - Intersection related,07 - Dark,03 - P.D. only,03 - Rear end,Iris
2678,BANK ST @ JOHNSTON RD,370851.7305,5024840.288,-75.6568917,45.360395,2014-01-03,21:34,01 - Clear,02 - Wet,01 - Traffic signal,02 - Intersection related,07 - Dark,03 - P.D. only,03 - Rear end,South Keys - Heron Gate - Greenboro West
2679,RICHMOND RD btwn BASELINE RD TURN LANE & NORTHSIDE RD,358533.6498,5021594.83,-75.81446413,45.33224462,2014-01-02,8:08,01 - Clear,02 - Wet,10 - No control,01 - Non intersection,01 - Daylight,03 - P.D. only,03 - Rear end,Greenbelt
2680,STONEHAVEN DR @ SAWYER WAY/SUMMITVIEW DR,356562.6802,5015861.305,-75.84020692,45.2808017,2014-01-02,8:43,01 - Clear,02 - Wet,02 - Stop sign,02 - Intersection related,01 - Daylight,03 - P.D. only,01 - Approaching,Bridlewood - Emerald Meadows
2681,LONGFIELDS DR btwn DEERCROFT AVE & STRANDHERD DR,364525.4898,5015215.657,-75.73879504,45.27436076,2014-01-02,19:48,01 - Clear,02 - Wet,10 - No control,04 - At/near private drive,07 - Dark,03 - P.D. only,02 - Angle,New Barrhaven
2682,GREENBANK RD btwn LISA AVE & BASELINE RD,360595.6564,5022591.344,-75.78804662,45.34105034,2014-01-02,19:30,01 - Clear,01 - Dry,10 - No control,01 - Non intersection,07 - Dark,03 - P.D. only,04 - Sideswipe,Qualicum - Redwood Park
2683,ANDERSON RD @ HWY 417 ANDERSON IC104R61,379938.6742,5026229.444,-75.54070674,45.37197876,2014-01-03,7:50,01 - Clear,01 - Dry,02 - Stop sign,02 - Intersection related,03 - Dawn,03 - P.D. only,03 - Rear end,Greenbelt
2684,GREENBANK RD @ CANFIELD RD/CRAIG HENRY DR,361107.1868,5021365.253,-75.7816595,45.32997712,2014-01-05,19:55,03 - Snow,03 - Loose snow,01 - Traffic signal,03 - At intersection,07 - Dark,03 - P.D. only,03 - Rear end,Woodvale - Craig Henry - Manordale - Estates of Arlington Wo
2685,MARCH RD btwn CARP RD & DONALD B. MUNRO DR,342875.1381,5022388.862,-76.0141662,45.34041394,2014-01-05,21:51,04 - Freezing Rain,06 - Ice,10 - No control,01 - Non intersection,07 - Dark,03 - P.D. only,07 - SMV other,Stittsville - Basswood
2686,BRIAN COBURN BLVD btwn GERRY LALONDE DR & STRASBOURG ST,383657.9015,5034674.95,-75.49187971,45.44755591,2014-02-12,7:54,01 - Clear,01 - Dry,10 - No control,04 - At/near private drive,01 - Daylight,03 - P.D. only,99 - Other,Avalon
2687,HUNT CLUB RD @ RIVERSIDE DR,368036.703,5021946.766,-75.69319004,45.33461929,2014-01-06,11:38,03 - Snow,02 - Wet,01 - Traffic signal,02 - Intersection related,01 - Daylight,03 - P.D. only,03 - Rear end,Hunt Club Woods - Quintarra - Revelstoke - Riverside South P
2688,CAMPEAU DR @ HERLIHEY WAY,350508.5849,5019177.738,-75.9170655,45.31106364,2014-01-07,15:36,01 - Clear,01 - Dry,01 - Traffic signal,03 - At intersection,01 - Daylight,03 - P.D. only,02 - Angle,Kanata
2689,CARLING AVE @ MAITLAND AVE/SHERBOURNE RD,362942.6979,5026488.274,-75.75764242,45.37592394,2014-01-07,15:47,01 - Clear,01 - Dry,01 - Traffic signal,02 - Intersection related,01 - Daylight,03 - P.D. only,03 - Rear end,Carlingwood - McKellar Park - Laurentien View
2690,HWY 417 MAITLAND IC126R26/62 @ MAITLAND AVE,363145.2985,5025984.665,-75.75511536,45.37137569,2014-01-09,15:59,01 - Clear,01 - Dry,01 - Traffic signal,03 - At intersection,01 - Daylight,03 - P.D. only,02 - Angle,Carlingwood West - Glabar Park - McKellar Heights
2691,WEST HUNT CLUB RD @ ROYDON PL/SUNDERLAND ST,365973.2006,5022170.758,-75.71948719,45.33681766,2014-01-09,17:35,01 - Clear,01 - Dry,01 - Traffic signal,02 - Intersection related,05 - Dusk,03 - P.D. only,03 - Rear end,Industrial Park
2692,FIFTH AVE @ MONK ST,368343.2144,5029366.808,-75.68832543,45.40135521,2014-01-09,8:45,01 - Clear,06 - Ice,02 - Stop sign,02 - Intersection related,01 - Daylight,03 - P.D. only,03 - Rear end,The Glebe
2693,INVERNESS AVE btwn KILMORY CRES & BENSON ST,366005.1822,5024441.457,-75.71879818,45.35724626,2014-01-08,20:13,01 - Clear,06 - Ice,10 - No control,01 - Non intersection,07 - Dark,03 - P.D. only,05 - Turning movement,Borden Farm - Stewart Farm - Parkwood Hills - Fisher Glen
2694,DALY AVE btwn CHARLOTTE ST & WURTEMBURG ST,369342.8194,5032727.912,-75.67511799,45.43150575,2014-01-01,11:45,01 - Clear,01 - Dry,10 - No control,01 - Non intersection,01 - Daylight,03 - P.D. only,06 - SMV unattended vehicle,Sandy Hill
2695,CARP RD @ HAZELDEAN RD,348804.0689,5014361.197,-75.93922985,45.26783166,2014-01-04,14:55,01 - Clear,02 - Wet,01 - Traffic signal,02 - Intersection related,01 - Daylight,03 - P.D. only,03 - Rear end,Stittsville
2696,CEDARVIEW RD @ HWY 416 WESTHUNT IC72R42,359597.7466,5019762.28,-75.80109214,45.31567298,2014-01-04,15:02,01 - Clear,02 - Wet,10 - No control,02 - Intersection related,01 - Daylight,03 - P.D. only,03 - Rear end,Greenbelt
2697,DONALD ST @ ST. LAURENT BLVD,372094.2199,5032473.852,-75.63999266,45.4289605,2014-01-01,1:04,01 - Clear,02 - Wet,01 - Traffic signal,03 - At intersection,07 - Dark,03 - P.D. only,02 - Angle,Overbrook
2698,BRIDLE PARK DR btwn RIVERGREEN CRES & WINDGATE CRES,355756.0462,5016211.907,-75.85045201,45.28401542,2014-01-01,8:45,01 - Clear,02 - Wet,10 - No control,01 - Non intersection,01 - Daylight,03 - P.D. only,06 - SMV unattended vehicle,Bridlewood - Emerald Meadows
2699,REGIONAL ROAD 174 btwn OR174 IC101 RAMP36 & OR174 IC101 RAMP26,382599.0553,5038833.006,-75.50475578,45.48508513,2014-01-02,9:29,01 - Clear,06 - Ice,10 - No control,01 - Non intersection,01 - Daylight,03 - P.D. only,07 - SMV other,Chatelaine Village
2700,CARLING AVE EB btwn EDGEWORTH AVE & FOX CRES,361312.8703,5025440.494,-75.77857001,45.36662944,2014-01-02,21:37,01 - Clear,03 - Loose snow,10 - No control,01 - Non intersection,07 - Dark,03 - P.D. only,04 - Sideswipe,Whitehaven - Queensway Terrace North
2701,WEST HUNT CLUB RD EB btwn 545 E OF ROYDON PL/SUNDERLAND ST & ANTARES D,367052.8393,5022162.666,-75.70571435,45.33664989,2014-01-02,22:46,03 - Snow,03 - Loose snow,10 - No control,01 - Non intersection,07 - Dark,03 - P.D. only,07 - SMV other,Industrial Park
2702,BASELINE RD @ MERIVALE RD,365054.1894,5025326.275,-75.73082734,45.36529008,2014-01-03,8:30,01 - Clear,02 - Wet,01 - Traffic signal,02 - Intersection related,01 - Daylight,03 - P.D. only,04 - Sideswipe,Civic Hospital - Experimental Farm - Central Park
2703,INNES RD btwn JEANNE D'ARC BLVD S & WILDFLOWER DR,382731.0362,5035608.365,-75.50357907,45.45605794,2014-01-03,16:30,01 - Clear,06 - Ice,10 - No control,01 - Non intersection,05 - Dusk,03 - P.D. only,03 - Rear end,Queenswood Heights
2704,GRANT CARMAN DR @ MEADOWLANDS DR,365052.2011,5023900.747,-75.73102649,45.35246357,2014-01-05,21:56,04 - Freezing Rain,06 - Ice,01 - Traffic signal,03 - At intersection,07 - Dark,03 - P.D. only,07 - SMV other,Cityview - Skyline - Fisher Heights
2705,ELGIN ST btwn WELLINGTON ST & SPARKS ST,367729.932,5031836.395,-75.69584316,45.42363117,2014-01-06,15:45,01 - Clear,02 - Wet,10 - No control,01 - Non intersection,01 - Daylight,03 - P.D. only,06 - SMV unattended vehicle,Downtown
2706,GREY'S CREEK RD btwn STONE SCHOOL RD & LITTLE DEER WALK,381501.2271,5010216.815,-75.52323765,45.22773684,2014-01-05,20:00,04 - Freezing Rain,02 - Wet,10 - No control,01 - Non intersection,07 - Dark,03 - P.D. only,07 - SMV other,Osgoode
2707,CONROY RD @ ROSEBELLA AVE,374289.2543,5024191.266,-75.61311028,45.35422308,2014-01-05,21:05,04 - Freezing Rain,06 - Ice,02 - Stop sign,02 - Intersection related,07 - Dark,03 - P.D. only,07 - SMV other,Blossom Park - Blossom Park West - Sawmill Creek/ Timbermill
2708,RAYMOND ST/HWY 417 ROCHEST IC121BR16 @ ROCHEST,366737.5288,5029619.659,-75.70880204,45.4037742,2014-01-06,13:16,01 - Clear,02 - Wet,01 - Traffic signal,03 - At intersection,01 - Daylight,03 - P.D. only,02 - Angle,Centretown West
2709,GREENBANK RD btwn MARKETPLACE AVE & JOCKVALE RD,364014.9465,5014584.699,-75.74537661,45.26872657,2014-01-07,15:45,06 - Strong wind,06 - Ice,10 - No control,01 - Non intersection,01 - Daylight,03 - P.D. only,03 - Rear end,New Barrhaven
2710,CLEOPATRA DR btwn CAMELOT DR & Continuation of CLEOPATRA DR,365391.8152,5021333.063,-75.727007,45.32933063,2014-01-07,15:56,01 - Clear,01 - Dry,10 - No control,01 - Non intersection,01 - Daylight,03 - P.D. only,06 - SMV unattended vehicle,Merivale Gardens - Grenfell Glen - Pineglen - Country Place
2711,RIVERSIDE DR @ TREMBLAY RD/HWY417 IC117 RAMP52,370802.5851,5031016.668,-75.65669292,45.41597245,2014-01-09,16:45,01 - Clear,06 - Ice,01 - Traffic signal,02 - Intersection related,05 - Dusk,03 - P.D. only,03 - Rear end,Industrial Park
2712,RIVERSIDE DR btwn QUESNEL DR & MARILYN AVE,368083.872,5024151.528,-75.69230622,45.35445301,2014-01-09,17:44,01 - Clear,01 - Dry,10 - No control,01 - Non intersection,07 - Dark,03 - P.D. only,03 - Rear end,Hunt Club Woods - Quintarra - Revelstoke - Riverside South P
2713,BROKEN OAK DR @ ORLEANS BLVD,379865.7245,5038318.867,-75.53979546,45.48075861,2014-01-09,8:54,01 - Clear,02 - Wet,02 - Stop sign,02 - Intersection related,01 - Daylight,03 - P.D. only,03 - Rear end,Orleans South West
2714,COLONEL BY DR @ UNIVERSITY RD - CARLETON,367345.5507,5026849.153,-75.70138702,45.37879186,2014-01-09,9:29,01 - Clear,02 - Wet,01 - Traffic signal,02 - Intersection related,01 - Daylight,03 - P.D. only,02 - Angle,Carleton University
2715,BRONSON AVE RAMP 42 btwn BRONSON AVE RAMP 24A/42B & BRONSON AVE RAMP 2,368590.4143,5026971.45,-75.68547777,45.37978002,2014-01-03,7:54,01 - Clear,06 - Ice,10 - No control,01 - Non intersection,03 - Dawn,03 - P.D. only,07 - SMV other,Alta Vista
2716,PRINCE OF WALES DR btwn DYNES RD & 187 N OF MEADOWLANDS DR,367162.3694,5025908.577,-75.70384451,45.37034511,2014-01-03,18:30,01 - Clear,05 - Packed snow,10 - No control,01 - Non intersection,07 - Dark,03 - P.D. only,07 - SMV other,Carleton Heights - Rideauview
2717,PRINCE OF WALES DR @ WEST HUNT CLUB RD,367458.7103,5021892.264,-75.70057057,45.33418074,2014-01-04,15:55,01 - Clear,02 - Wet,01 - Traffic signal,02 - Intersection related,01 - Daylight,03 - P.D. only,03 - Rear end,Industrial Park
2718,D'ARCY ST N @ SHIELDS DR N,378083.4472,5013725.57,-75.56623883,45.25967128,2014-01-01,10:39,01 - Clear,06 - Ice,02 - Stop sign,03 - At intersection,01 - Daylight,03 - P.D. only,07 - SMV other,Greely
2719,ST. JOSEPH BLVD @ TENTH LINE RD,382889.2829,5038665.692,-75.50107022,45.48354739,2014-01-01,13:13,01 - Clear,01 - Dry,01 - Traffic signal,03 - At intersection,01 - Daylight,03 - P.D. only,02 - Angle,Industrial Park
2720,BEATRICE DR btwn KILBARRON RD & LETOURNEAU ST,364964.9044,5016700.05,-75.73301522,45.28767983,2014-01-01,13:42,01 - Clear,03 - Loose snow,10 - No control,01 - Non intersection,01 - Daylight,03 - P.D. only,06 - SMV unattended vehicle,New Barrhaven
2721,HWY 417 VANIER IC117R63 @ VANIER PKWY,370799.5788,5031398.015,-75.65668025,45.41940394,2014-01-02,10:25,01 - Clear,01 - Dry,01 - Traffic signal,03 - At intersection,01 - Daylight,03 - P.D. only,02 - Angle,Overbrook
2722,KING EDWARD AVE @ RIDEAU ST,368511.7072,5032414.35,-75.68577941,45.42876064,2014-01-02,9:15,01 - Clear,01 - Dry,01 - Traffic signal,02 - Intersection related,01 - Daylight,03 - P.D. only,04 - Sideswipe,Lowe
2723,ARGYLE AVE @ O'CONNOR ST,368184.7108,5030485.32,-75.69020609,45.41143359,2014-01-02,23:08,01 - Clear,05 - Packed snow,01 - Traffic signal,03 - At intersection,07 - Dark,03 - P.D. only,05 - Turning movement,Centretown
2724,BOUNDARY RD btwn MITCH OWENS RD & DEVINE RD,388321.2896,5021547.993,-75.4344945,45.32891033,2014-01-02,23:00,01 - Clear,03 - Loose snow,10 - No control,01 - Non intersection,07 - Dark,03 - P.D. only,07 - SMV other,Metcalfe
2725,BLAIR RD @ REGIONAL RD 174 S/OR174 IC112 RAMP15,374908.1331,5032661.702,-75.60400898,45.43037426,2014-01-03,12:40,01 - Clear,01 - Dry,01 - Traffic signal,02 - Intersection related,01 - Daylight,03 - P.D. only,03 - Rear end,Pineview
2726,HEATHERINGTON RD btwn ALBION RD N & BANNERHILL PRIV,371231.3777,5026214.08,-75.65186156,45.37272004,2014-01-03,16:54,01 - Clear,01 - Dry,10 - No control,01 - Non intersection,05 - Dusk,03 - P.D. only,06 - SMV unattended vehicle,Ledbury - Heron Gate - Ridgemont - Elmwood
2727,LEVECHE WAY @ MAPLE GROVE RD,350151.0819,5016607.129,-75.92185973,45.28795572,2014-01-06,16:36,01 - Clear,02 - Wet,02 - Stop sign,03 - At intersection,05 - Dusk,03 - P.D. only,02 - Angle,Stittsville
2728,TENTH LINE RD @ TENTH LINE RD,383530.698,5037154.308,-75.49310864,45.4698773,2014-01-05,12:45,04 - Freezing Rain,06 - Ice,01 - Traffic signal,02 - Intersection related,01 - Daylight,03 - P.D. only,03 - Rear end,Orlans
2729,INDUSTRIAL AVE/INNES RD @ ST. LAURENT BLVD,373099.6429,5030006.342,-75.62748705,45.40666157,2014-01-03,13:00,01 - Clear,01 - Dry,01 - Traffic signal,02 - Intersection related,01 - Daylight,03 - P.D. only,03 - Rear end,Industrial Park
2730,HWY417 IC126 RAMP25 btwn HWY417 IC126 RAMP55 & HIGHWAY 417,363312.9339,5025975.606,-75.75297644,45.3712802,2014-01-03,8:37,01 - Clear,06 - Ice,10 - No control,01 - Non intersection,01 - Daylight,03 - P.D. only,07 - SMV other,Carlington
2731,BEARBROOK RD/ROCKCLIFFE PKWY @ ST. JOSEPH BLVD,377129.0258,5035239.633,-75.57525047,45.45334266,2014-01-07,6:37,01 - Clear,01 - Dry,01 - Traffic signal,02 - Intersection related,07 - Dark,03 - P.D. only,03 - Rear end,Greenbelt
2732,DAZE ST btwn HUNT CLUB RD & 200 W OF BANK ST,371266.178,5023908.737,-75.65172737,45.35197403,2014-01-09,17:50,01 - Clear,05 - Packed snow,10 - No control,04 - At/near private drive,07 - Dark,03 - P.D. only,03 - Rear end,South Keys - Heron Gate - Greenboro West
2733,INNES RD @ STAR TOP RD/WINDMILL LANE,374148.2328,5030667.321,-75.61400016,45.41250562,2014-01-09,17:00,01 - Clear,01 - Dry,01 - Traffic signal,02 - Intersection related,05 - Dusk,03 - P.D. only,03 - Rear end,Industrial Park