Record,Location,X,Y,lon,lat,Date,Time,Environment,Road_Surface,Traffic_Control,Collision_Location,Light,Collision_Classification,Impact_type,Neighborhood
2734,INNES RD @ TENTH LINE RD,383952.2399,5036158.122,-75.48787877,45.46086689,2014-01-09,14:49,01 - Clear,01 - Dry,01 - Traffic signal,02 - Intersection related,01 - Daylight,03 - P.D. only,02 - Angle,Queenswood Heights
2735,HAWTHORNE RD btwn AGES DR & STEVENAGE DR,375134.2057,5027320.888,-75.60188196,45.38229772,2014-01-03,8:57,01 - Clear,06 - Ice,10 - No control,01 - Non intersection,01 - Daylight,03 - P.D. only,03 - Rear end,Industrial Park
2736,CARP RD @ HOLLAND HILL RD,340108.5381,5024054.786,-76.04934758,45.35554928,2014-01-04,18:04,03 - Snow,02 - Wet,02 - Stop sign,03 - At intersection,07 - Dark,03 - P.D. only,07 - SMV other,Carp - Hardwood Plains
2737,MARIER AVE btwn LAVAL ST & GENEST ST,369734.5768,5033836.671,-75.66996546,45.44144564,2014-01-03,22:00,01 - Clear,05 - Packed snow,10 - No control,04 - At/near private drive,07 - Dark,03 - P.D. only,06 - SMV unattended vehicle,Vanier North
2738,JEANNE D'ARC BLVD @ ORLEANS BLVD S,380940.7445,5036251.34,-75.52636668,45.46204028,2014-01-01,14:50,01 - Clear,01 - Dry,01 - Traffic signal,03 - At intersection,01 - Daylight,03 - P.D. only,02 - Angle,Orleans Village - Chateauneuf
2739,MACKENZIE AVE @ MURRAY ST,367639.1961,5032384.347,-75.69693261,45.42856962,2014-01-01,2:05,01 - Clear,01 - Dry,01 - Traffic signal,02 - Intersection related,07 - Dark,03 - P.D. only,04 - Sideswipe,Byward Market - Parliament Hill
2740,STITTSVILLE MAIN ST @ WEST RIDGE DR/PARADE DR,350901.8066,5011480.048,-75.91276577,45.24177169,2014-01-02,11:28,01 - Clear,05 - Packed snow,02 - Stop sign,03 - At intersection,01 - Daylight,03 - P.D. only,02 - Angle,Stittsville
2741,HAWTHORNE AVE/ISABELLA ST @ QUEEN ELIZABETH DR,368665.7115,5030477.333,-75.68406256,45.411318,2014-01-02,11:00,01 - Clear,01 - Dry,01 - Traffic signal,03 - At intersection,01 - Daylight,03 - P.D. only,02 - Angle,The Glebe
2742,BANK ST btwn TURN LANE & SPRINGHILL RD,384936.2024,5006832.456,-75.48004578,45.19690375,2014-01-06,17:17,03 - Snow,02 - Wet,10 - No control,04 - At/near private drive,05 - Dusk,03 - P.D. only,05 - Turning movement,Metcalfe
2743,BANK ST @ WALKLEY RD,370338.359,5025947.988,-75.66329693,45.37040991,2014-01-06,15:46,01 - Clear,06 - Ice,01 - Traffic signal,02 - Intersection related,01 - Daylight,03 - P.D. only,03 - Rear end,Ledbury - Heron Gate - Ridgemont - Elmwood
2744,RICHMOND RD @ WEST HUNT CLUB RD,357145.1675,5018152.448,-75.83254097,45.30137463,2014-01-07,7:40,01 - Clear,02 - Wet,01 - Traffic signal,03 - At intersection,03 - Dawn,03 - P.D. only,05 - Turning movement,Greenbelt
2745,WELLINGTON ST    W btwn GRANVILLE AVE & GILCHRIST AVE,364417.6164,5028990.785,-75.73851023,45.39831714,2014-01-07,0:00,01 - Clear,06 - Ice,10 - No control,01 - Non intersection,00 - Unknown,03 - P.D. only,06 - SMV unattended vehicle,Island Park
2746,FROBISHER LANE W @ RIVERSIDE DR,370118.9971,5029602.04,-75.66561355,45.40330831,2014-01-07,17:22,01 - Clear,02 - Wet,01 - Traffic signal,03 - At intersection,05 - Dusk,03 - P.D. only,05 - Turning movement,Industrial Park
2747,CAHILL DR @ HUNT CLUB RD,372407.7347,5024542.256,-75.6370733,45.35756509,2014-01-02,15:00,01 - Clear,06 - Ice,01 - Traffic signal,02 - Intersection related,01 - Daylight,03 - P.D. only,03 - Rear end,Greenboro East
2748,FRENCH HILL RD btwn EMMETT RD & BIRCHGROVE RD,396038.5477,5039176.798,-75.33280049,45.48655093,2014-01-09,19:19,01 - Clear,06 - Ice,10 - No control,01 - Non intersection,07 - Dark,03 - P.D. only,07 - SMV other,Cumberland - Estates
2749,WALKLEY RD @ DON REID DR/RYDER ST,372601.7269,5027283.309,-75.6342213,45.38220929,2014-01-02,11:20,01 - Clear,02 - Wet,01 - Traffic signal,02 - Intersection related,01 - Daylight,03 - P.D. only,03 - Rear end,Playfair Park - Lynda Park - Guildwood Estates
2750,TERMINAL AVE btwn RAILMARKET PRIV & TRAINYARDS DR,371799.655,5030838.147,-75.64397917,45.41427143,2014-01-02,11:35,01 - Clear,01 - Dry,10 - No control,04 - At/near private drive,01 - Daylight,03 - P.D. only,02 - Angle,Industrial Park
2751,BRONSON AVE RAMP 42 btwn BRONSON AVE RAMP 24A/42B & BRONSON AVE RAMP 2,368617.2837,5026945.594,-75.68513806,45.37954493,2014-01-03,9:55,06 - Strong wind,06 - Ice,10 - No control,01 - Non intersection,01 - Daylight,03 - P.D. only,07 - SMV other,Alta Vista
2752,FALLOWFIELD RD @ WOODROFFE AVE,365084.643,5017903.95,-75.7313426,45.29850221,2014-01-04,16:40,01 - Clear,06 - Ice,01 - Traffic signal,02 - Intersection related,05 - Dusk,03 - P.D. only,03 - Rear end,New Barrhaven
2753,FALLOWFIELD RD @ GREENBANK RD,363080.6757,5016733.216,-75.75702949,45.28813703,2014-01-04,18:54,03 - Snow,02 - Wet,01 - Traffic signal,03 - At intersection,07 - Dark,03 - P.D. only,05 - Turning movement,Greenbelt
2754,FONTENAY CRES btwn FONTENAY CRT & HOLMES CRES,371594.0764,5024456.224,-75.64746907,45.35686899,2014-01-01,19:56,01 - Clear,05 - Packed snow,10 - No control,04 - At/near private drive,07 - Dark,03 - P.D. only,06 - SMV unattended vehicle,South Keys - Heron Gate - Greenboro West
2755,FALLOWFIELD RD @ WOODROFFE AVE,365085.657,5017904.457,-75.73132961,45.29850668,2014-01-01,19:42,01 - Clear,01 - Dry,01 - Traffic signal,03 - At intersection,07 - Dark,03 - P.D. only,05 - Turning movement,New Barrhaven
2756,RIVERSIDE DR NB btwn INDUSTRIAL AVE & TREMBLAY RD,370722.7414,5030709.41,-75.65775407,45.41321539,2014-01-02,11:30,01 - Clear,01 - Dry,10 - No control,01 - Non intersection,01 - Daylight,03 - P.D. only,03 - Rear end,Industrial Park
2757,HERON RD @ ALTA VISTA DR,370492.2154,5026903.298,-75.66120584,45.37899107,2014-01-02,12:53,01 - Clear,06 - Ice,01 - Traffic signal,02 - Intersection related,01 - Daylight,03 - P.D. only,03 - Rear end,Alta Vista
2758,VANIER PKWY SB btwn RIVERSIDE DR & TO BE DETERMINED,370802.584,5031199.158,-75.6566685,45.41761442,2014-01-07,12:45,01 - Clear,01 - Dry,10 - No control,07 - Overpass or bridge,01 - Daylight,03 - P.D. only,03 - Rear end,Industrial Park
2759,ALBERT ST @ BAY ST,366943.2024,5031144.347,-75.70598278,45.41747467,2014-01-03,15:30,01 - Clear,01 - Dry,01 - Traffic signal,02 - Intersection related,01 - Daylight,03 - P.D. only,04 - Sideswipe,Downtown
2760,COPERNICUS ST @ LAURIER AVE,368665.7115,5031990.339,-75.68386645,45.4249315,2014-01-03,20:35,01 - Clear,01 - Dry,02 - Stop sign,02 - Intersection related,07 - Dark,03 - P.D. only,04 - Sideswipe,Sandy Hill
2761,ST. JOSEPH BLVD @ TENTH LINE RD,382890.8038,5038666.96,-75.50105056,45.48355863,2014-01-06,17:45,01 - Clear,06 - Ice,01 - Traffic signal,02 - Intersection related,07 - Dark,03 - P.D. only,03 - Rear end,Industrial Park
2762,BAYSHORE DR btwn WOODRIDGE CRES S & BAYSHORE CS,359205.9623,5023554.876,-75.80567183,45.34982937,2014-01-06,18:22,01 - Clear,04 - Slush,10 - No control,01 - Non intersection,07 - Dark,03 - P.D. only,05 - Turning movement,Bayshore
2763,SADDLESMITH CIRC btwn BRIDGESTONE DR & TO BE DETERMINED,355472.7037,5015926.722,-75.85409273,45.28146975,2014-01-07,7:50,01 - Clear,05 - Packed snow,10 - No control,01 - Non intersection,03 - Dawn,03 - P.D. only,06 - SMV unattended vehicle,Bridlewood - Emerald Meadows
2764,INNES RD @ ORLEANS BLVD,380460.7951,5034296.15,-75.53280382,45.44450115,2014-01-07,10:08,01 - Clear,04 - Slush,01 - Traffic signal,02 - Intersection related,01 - Daylight,03 - P.D. only,02 - Angle,Orleans Village - Chateauneuf
2765,PRINCE OF WALES DR @ FALLOWFIELD RD,367400.7239,5019166.217,-75.70165491,45.30965737,2014-01-08,7:44,01 - Clear,01 - Dry,01 - Traffic signal,03 - At intersection,03 - Dawn,03 - P.D. only,02 - Angle,Greenbelt
2766,BALSAM ST btwn ROCHESTER ST & BOOTH ST,366662.1032,5029874.491,-75.70973347,45.40607377,2014-01-09,16:00,01 - Clear,06 - Ice,10 - No control,01 - Non intersection,05 - Dusk,03 - P.D. only,06 - SMV unattended vehicle,Centretown West
2767,HUNT CLUB RD btwn PIKE ST & CONROY RD,373442.7461,5025179.513,-75.62377573,45.36319831,2014-01-09,21:15,01 - Clear,02 - Wet,10 - No control,01 - Non intersection,07 - Dark,03 - P.D. only,04 - Sideswipe,Greenboro East
2768,CORNELL ST @ BASELINE RD,360389.1629,5022456.751,-75.7906964,45.33985566,2014-01-02,14:24,01 - Clear,01 - Dry,02 - Stop sign,03 - At intersection,01 - Daylight,03 - P.D. only,02 - Angle,Qualicum - Redwood Park
2769,CARLING AVE @ KIRKWOOD AVE S,364350.4659,5027340.018,-75.73956708,45.38346956,2014-01-07,5:56,01 - Clear,02 - Wet,01 - Traffic signal,02 - Intersection related,07 - Dark,03 - P.D. only,04 - Sideswipe,Carlington
2770,BANK ST @ RIVERSIDE DR N,369225.7159,5027983.799,-75.67723449,45.38883069,2014-01-03,12:24,01 - Clear,06 - Ice,01 - Traffic signal,03 - At intersection,01 - Daylight,03 - P.D. only,02 - Angle,Alta Vista
2771,AVENUE K @ TREMBLAY RD,371426.4429,5031306.758,-75.64868363,45.41852343,2014-01-03,9:00,01 - Clear,06 - Ice,02 - Stop sign,02 - Intersection related,01 - Daylight,03 - P.D. only,03 - Rear end,Industrial Park
2772,FISHER AVE @ MEADOWLANDS DR,366575.5719,5025046.206,-75.71144302,45.36263765,2014-01-04,21:26,03 - Snow,03 - Loose snow,01 - Traffic signal,03 - At intersection,07 - Dark,03 - P.D. only,05 - Turning movement,Carleton Heights - Rideauview
2773,BYRON AVE btwn TWEEDSMUIR AVE & BEVAN AVE,363618.3693,5028316.447,-75.74879845,45.39231716,2014-01-04,19:35,03 - Snow,03 - Loose snow,10 - No control,01 - Non intersection,07 - Dark,03 - P.D. only,06 - SMV unattended vehicle,Westboro
2774,SMYTH RD btwn HAIG DR & SAUNDERSON DR,372583.4828,5029300.323,-75.63417717,45.40035929,2014-01-01,20:59,01 - Clear,01 - Dry,10 - No control,01 - Non intersection,07 - Dark,03 - P.D. only,99 - Other,Elmvale - Eastway - Riverview - Riverview Park West
2775,BEATRICE DR @ STRANDHERD DR,365527.884,5015322.242,-75.72600758,45.27523396,2014-01-01,22:05,01 - Clear,01 - Dry,01 - Traffic signal,02 - Intersection related,07 - Dark,03 - P.D. only,04 - Sideswipe,New Barrhaven
2776,BAY ST btwn CATHERINE ST & END,367620.7065,5030030.544,-75.69746897,45.40739251,2014-01-02,0:00,01 - Clear,01 - Dry,10 - No control,01 - Non intersection,00 - Unknown,03 - P.D. only,06 - SMV unattended vehicle,Centretown
2777,AVONMORE CRES btwn VERMONT AVE & VERMONT AVE,366576.8945,5016483.675,-75.71249437,45.28559307,2014-01-02,11:30,01 - Clear,01 - Dry,10 - No control,04 - At/near private drive,01 - Daylight,03 - P.D. only,06 - SMV unattended vehicle,Chapman Mills - Rideau Crest - Davidson Heights
2778,BAYSHORE DR btwn WOODRIDGE CRES S & BAYSHORE CS,359227.4971,5023519.438,-75.80540092,45.34950882,2014-01-08,18:11,01 - Clear,02 - Wet,10 - No control,01 - Non intersection,07 - Dark,03 - P.D. only,04 - Sideswipe,Bayshore
2779,WALKLEY EXTENSION RD btwn HWY417 IC110 RAMP66 & RAMSAYVILLE RD,376285.7839,5029339.181,-75.58688659,45.40034068,2014-01-03,7:13,05 - Drifting Snow,06 - Ice,10 - No control,01 - Non intersection,03 - Dawn,03 - P.D. only,07 - SMV other,Greenbelt
2780,FALLOWFIELD RD @ GREENBANK RD,363080.6757,5016733.723,-75.75702944,45.28814159,2014-01-03,19:35,01 - Clear,06 - Ice,01 - Traffic signal,02 - Intersection related,07 - Dark,03 - P.D. only,03 - Rear end,Greenbelt
2781,BASELINE RD @ ROCKWAY CRES,361185.1829,5022933.264,-75.78048587,45.34407979,2014-01-03,21:11,01 - Clear,01 - Dry,02 - Stop sign,03 - At intersection,07 - Dark,03 - P.D. only,02 - Angle,Iris
2782,HAZELDEAN RD @ TERRY FOX DR,352208.118,5017242.704,-75.89557711,45.29353905,2014-01-06,19:15,01 - Clear,02 - Wet,01 - Traffic signal,02 - Intersection related,07 - Dark,03 - P.D. only,02 - Angle,Glen Cairn - Kanata South Business Park
2783,MONTREAL RD @ SHEFFORD RD,376124.7166,5034854.335,-75.5881451,45.44997922,2014-01-07,17:33,01 - Clear,06 - Ice,01 - Traffic signal,03 - At intersection,05 - Dusk,03 - P.D. only,05 - Turning movement,Beacon Hill South - Cardinal Heights
2784,CAMBRIDGE ST @ CARLING AVE,367353.7092,5029275.317,-75.70097531,45.40062111,2014-01-07,16:40,01 - Clear,06 - Ice,02 - Stop sign,02 - Intersection related,05 - Dusk,03 - P.D. only,03 - Rear end,Centretown West
2785,BASSANO ST @ STARWOOD RD,363891.2007,5024314.268,-75.74579312,45.35628318,2014-01-08,9:15,01 - Clear,06 - Ice,02 - Stop sign,03 - At intersection,01 - Daylight,03 - P.D. only,02 - Angle,Crestview - Meadowlands
2786,MART CIRC btwn ST. LAURENT BLVD & JARDIN PRIV,371046.8073,5035041.401,-75.65303132,45.45216213,2014-01-07,18:00,01 - Clear,03 - Loose snow,10 - No control,01 - Non intersection,07 - Dark,03 - P.D. only,06 - SMV unattended vehicle,Manor Park
2787,INNES RD btwn TENTH LINE RD & 240 E OF TENTH LINE RD/HOME DEPOT E,383962.4067,5036164.377,-75.48774779,45.46092201,2014-01-09,21:18,01 - Clear,01 - Dry,10 - No control,01 - Non intersection,07 - Dark,03 - P.D. only,04 - Sideswipe,Avalon
2788,RICHMOND RD btwn PATRICIA AVE & LEIGHTON TER,364056.1129,5028819.257,-75.74314788,45.39680445,2014-01-09,22:22,01 - Clear,02 - Wet,10 - No control,01 - Non intersection,07 - Dark,03 - P.D. only,06 - SMV unattended vehicle,Westboro
2789,CALAVERAS AVE btwn CROXLEY WAY & CLARIDGE DR,364540.5795,5015599.045,-75.7385566,45.27780921,2014-01-13,16:30,03 - Snow,06 - Ice,10 - No control,01 - Non intersection,01 - Daylight,03 - P.D. only,06 - SMV unattended vehicle,New Barrhaven
2790,KANATA AVE/CASTLEFRANK RD @ AIRD PL,351811.3033,5019070.273,-75.90046266,45.31001064,2014-01-03,12:38,01 - Clear,06 - Ice,01 - Traffic signal,02 - Intersection related,01 - Daylight,03 - P.D. only,03 - Rear end,Katimavik - Hazeldean
2791,BEECH ST @ LORETTA AVE,366382.7005,5029142.831,-75.71339377,45.39951513,2014-01-03,11:30,01 - Clear,06 - Ice,02 - Stop sign,03 - At intersection,01 - Daylight,03 - P.D. only,02 - Angle,Centretown West
2792,REGIONAL ROAD 174 EB btwn OR174 IC109 RAMP55 & TRANSIT,376574.2622,5035214.859,-75.58234599,45.45317696,2014-01-04,19:46,03 - Snow,03 - Loose snow,10 - No control,01 - Non intersection,07 - Dark,03 - P.D. only,07 - SMV other,Greenbelt
2793,CARLING AVE @ KEMPSTER AVE/FAMOUS PLAYERS THEA,359210.7367,5024119.646,-75.80554875,45.3549108,2014-01-04,23:00,03 - Snow,03 - Loose snow,01 - Traffic signal,03 - At intersection,07 - Dark,03 - P.D. only,07 - SMV other,Bayshore
2794,HIGHWAY 417 btwn HWY417 IC115 RAMP25 & REGIONAL ROAD 174,373265.5073,5031696.645,-75.6251336,45.4218539,2014-01-05,6:19,03 - Snow,04 - Slush,10 - No control,01 - Non intersection,07 - Dark,03 - P.D. only,07 - SMV other,Industrial Park
2795,WOLMSLEY CRES btwn RIDGEPARK PRIV & GLENRIDGE RD,364962.7186,5022923.779,-75.73228726,45.34368063,2014-01-01,17:00,01 - Clear,05 - Packed snow,10 - No control,01 - Non intersection,05 - Dusk,03 - P.D. only,06 - SMV unattended vehicle,Crestview - Meadowlands
2796,JOCKVALE RD @ CAMBRIAN RD/GOLFLINKS DR W,365382.1838,5013224.177,-75.7281203,45.25636816,2014-01-03,11:30,01 - Clear,02 - Wet,11 - Roundabout,03 - At intersection,01 - Daylight,03 - P.D. only,03 - Rear end,New Barrhaven
2797,BANK ST @ JOHNSTON RD,370851.7305,5024839.274,-75.65689183,45.36038587,2014-01-02,13:00,01 - Clear,06 - Ice,01 - Traffic signal,02 - Intersection related,01 - Daylight,03 - P.D. only,03 - Rear end,South Keys - Heron Gate - Greenboro West
2798,BRONSON AVE RAMP 62 btwn BRONSON AVE RAMP 42C/52 & HERON RD WB,368787.0593,5026741.049,-75.68299698,45.37768901,2014-01-03,7:50,01 - Clear,06 - Ice,10 - No control,01 - Non intersection,03 - Dawn,03 - P.D. only,07 - SMV other,Alta Vista
2799,WOODROFFE AVE btwn DAVID DR & TURN LANE,362987.2802,5022892.039,-75.75749662,45.34356168,2014-01-03,7:59,01 - Clear,06 - Ice,10 - No control,01 - Non intersection,01 - Daylight,03 - P.D. only,03 - Rear end,Crestview - Meadowlands
2800,BASELINE RD btwn PINECREST RD & ROCKWAY CRES,361179.0992,5022929.208,-75.78056396,45.34404378,2014-01-03,21:24,01 - Clear,06 - Ice,10 - No control,01 - Non intersection,07 - Dark,03 - P.D. only,04 - Sideswipe,Iris
2801,BASELINE RD @ ROCKWAY CRES,361185.1829,5022933.771,-75.78048582,45.34408435,2014-01-03,21:37,01 - Clear,06 - Ice,02 - Stop sign,02 - Intersection related,07 - Dark,03 - P.D. only,04 - Sideswipe,Iris
2802,EARL MULLIGAN DR @ WOODROFFE AVE,365250.1942,5017507.727,-75.72928024,45.29492279,2014-01-06,21:00,04 - Freezing Rain,06 - Ice,01 - Traffic signal,02 - Intersection related,07 - Dark,03 - P.D. only,03 - Rear end,Greenbelt
2803,RICHMOND RD btwn EDGEWORTH AVE/MCEWEN AVE & REGINA LANE,360912.95,5025713.839,-75.78364385,45.36912111,2014-01-15,15:30,01 - Clear,01 - Dry,10 - No control,01 - Non intersection,01 - Daylight,03 - P.D. only,03 - Rear end,Woodroffe - Lincoln Heights
2804,ARTHUR ST @ SOMERSET ST,366829.7017,5030391.311,-75.70752764,45.41070914,2014-01-07,15:30,01 - Clear,04 - Slush,01 - Traffic signal,03 - At intersection,01 - Daylight,03 - P.D. only,02 - Angle,Centretown West
2805,INNES RD @ 215 W OF CYRVILLE RD/HOME DEPOT W,374863.1873,5031000.933,-75.60481952,45.41543607,2014-01-07,17:02,01 - Clear,01 - Dry,01 - Traffic signal,02 - Intersection related,05 - Dusk,03 - P.D. only,03 - Rear end,Industrial Park
2806,HUNTLEY RD btwn MANSFIELD RD & BROWNLEE RD,354657.491,5008604.528,-75.86521765,45.21564089,2014-01-08,9:27,01 - Clear,01 - Dry,10 - No control,01 - Non intersection,01 - Daylight,03 - P.D. only,07 - SMV other,Munster Hamlet - Richmond
2807,WOODROFFE AVE btwn PINELAND AVE & SLACK RD,364220.5023,5020018.331,-75.74210632,45.31760092,2014-01-08,8:00,01 - Clear,06 - Ice,10 - No control,01 - Non intersection,01 - Daylight,03 - P.D. only,03 - Rear end,Merivale Gardens - Grenfell Glen - Pineglen - Country Place
2808,WEST HUNT CLUB RD @ WOODROFFE AVE,363670.184,5021247.249,-75.74897879,45.32870501,2014-01-21,17:50,01 - Clear,01 - Dry,01 - Traffic signal,02 - Intersection related,07 - Dark,03 - P.D. only,03 - Rear end,Woodvale - Craig Henry - Manordale - Estates of Arlington Wo
2809,GREENBANK RD btwn MARKETPLACE AVE & JOCKVALE RD,364083.665,5014421.922,-75.74452039,45.26725612,2014-01-03,8:58,01 - Clear,06 - Ice,10 - No control,01 - Non intersection,01 - Daylight,03 - P.D. only,01 - Approaching,New Barrhaven
2810,CONCORD ST @ HAWTHORNE AVE,369214.2466,5030774.571,-75.67701644,45.41394217,2014-01-07,10:30,01 - Clear,02 - Wet,03 - Yield sign,03 - At intersection,01 - Daylight,03 - P.D. only,02 - Angle,Old Ottawa East
2811,INDUSTRIAL AVE btwn RUSSELL RD & ST. LAURENT BLVD,372920.4053,5029946.514,-75.62978477,45.40614073,2014-01-07,12:27,01 - Clear,02 - Wet,10 - No control,01 - Non intersection,01 - Daylight,03 - P.D. only,05 - Turning movement,Industrial Park
2812,BELCOURT BLVD @ INNES RD,382121.5789,5035265.376,-75.5114243,45.45303971,2014-01-03,13:15,01 - Clear,02 - Wet,01 - Traffic signal,03 - At intersection,01 - Daylight,03 - P.D. only,05 - Turning movement,Chapel Hill South
2813,KIMBERWICK CRES btwn CHANCELLOR CRT & RIVERSIDE DR,368060.6716,5022497.325,-75.69281388,45.33957094,2014-01-02,20:00,01 - Clear,01 - Dry,10 - No control,01 - Non intersection,07 - Dark,03 - P.D. only,06 - SMV unattended vehicle,Hunt Club Woods - Quintarra - Revelstoke - Riverside South P
2814,SMYTH RD @ GENERAL HOSPITAL E,371516.2105,5029182.819,-75.64782419,45.39940456,2014-01-05,7:05,03 - Snow,06 - Ice,01 - Traffic signal,02 - Intersection related,03 - Dawn,03 - P.D. only,07 - SMV other,Elmvale - Eastway - Riverview - Riverview Park West
2815,HAZELDEAN RD btwn EDGEWATER ST & YOUNG RD,352341.3497,5017367.668,-75.89386661,45.29465451,2014-01-03,12:30,01 - Clear,06 - Ice,10 - No control,01 - Non intersection,01 - Daylight,03 - P.D. only,03 - Rear end,Katimavik - Hazeldean
2816,CHAPEL ST @ LAURIER AVE,369118.2022,5032265.345,-75.6780488,45.42736444,2014-01-04,13:30,03 - Snow,06 - Ice,01 - Traffic signal,03 - At intersection,01 - Daylight,03 - P.D. only,02 - Angle,Sandy Hill
2817,MCARTHUR AVE btwn MAYFIELD ST & VANIER PKWY,370105.7411,5032678.442,-75.66537516,45.43098981,2014-01-02,13:00,01 - Clear,01 - Dry,10 - No control,04 - At/near private drive,01 - Daylight,03 - P.D. only,02 - Angle,Vanier South
2818,CENTREPOINTE DR btwn Continuation of CENTREPOINTE DR & HEMMINGWOOD WAY,362279.8646,5023269.138,-75.76647908,45.34701312,2014-01-03,8:19,01 - Clear,06 - Ice,10 - No control,01 - Non intersection,01 - Daylight,03 - P.D. only,07 - SMV other,Centrepointe
2819,WALKLEY RD btwn DON REID DR/RYDER ST & 160 W OF CONROY RD,372689.4329,5027337.522,-75.63309404,45.38268858,2014-01-03,8:15,01 - Clear,02 - Wet,10 - No control,01 - Non intersection,01 - Daylight,03 - P.D. only,04 - Sideswipe,Playfair Park - Lynda Park - Guildwood Estates
2820,MERIVALE RD btwn VIEWMOUNT DR & COLONNADE RD,365352.0347,5022573.647,-75.72736266,45.34049669,2014-01-03,21:30,01 - Clear,06 - Ice,10 - No control,01 - Non intersection,07 - Dark,03 - P.D. only,04 - Sideswipe,Tanglewood
2821,BLACKBURN BYPASS WB btwn 1700 W OF NAVAN RD & INNES RD W,378121.1425,5032369.855,-75.56299516,45.42741895,2014-01-03,6:17,01 - Clear,06 - Ice,10 - No control,01 - Non intersection,07 - Dark,03 - P.D. only,07 - SMV other,Greenbelt
2822,BRIAN GOOD AVE btwn HAWKESWOOD DR & POPLIN ST,368195.2444,5014629.037,-75.69210322,45.26876114,2014-12-17,7:59,04 - Freezing Rain,04 - Slush,10 - No control,01 - Non intersection,01 - Daylight,03 - P.D. only,01 - Approaching,Greenbelt
2823,OGILVIE RD btwn CITY PARK DR & BLAIR RD (2),374338.3954,5033099.462,-75.61122759,45.43436987,2014-01-07,17:20,01 - Clear,06 - Ice,10 - No control,01 - Non intersection,05 - Dusk,03 - P.D. only,03 - Rear end,Industrial Park
2824,QUEENSBURY DR btwn BEATRICE DR & BURNTWOOD AVE,365243.9536,5016212.496,-75.72951761,45.2832689,2014-01-08,10:23,01 - Clear,06 - Ice,10 - No control,01 - Non intersection,01 - Daylight,03 - P.D. only,06 - SMV unattended vehicle,New Barrhaven
2825,FISHER AVE @ MALIBU TER,366262.2047,5025800.291,-75.71534893,45.3694503,2014-01-08,11:16,01 - Clear,06 - Ice,02 - Stop sign,03 - At intersection,01 - Daylight,03 - P.D. only,07 - SMV other,Civic Hospital - Experimental Farm - Central Park
2826,BURTON RD @ FRONTIER RD,390286.5009,5020261.449,-75.40965032,45.31709858,2014-01-03,9:04,01 - Clear,06 - Ice,02 - Stop sign,02 - Intersection related,01 - Daylight,03 - P.D. only,07 - SMV other,Navan - Vars
2827,JOHNSTON RD @ PENNARD WAY,372675.9731,5025830.095,-75.63347308,45.36912666,2014-01-06,8:00,01 - Clear,06 - Ice,02 - Stop sign,02 - Intersection related,01 - Daylight,03 - P.D. only,03 - Rear end,Greenboro East
2828,ST. LAURENT BLVD btwn CONROY RD & THURSTON DR,373094.3021,5027172.737,-75.6279475,45.38116656,2014-01-07,12:52,01 - Clear,06 - Ice,10 - No control,04 - At/near private drive,01 - Daylight,03 - P.D. only,05 - Turning movement,Industrial Park
2829,KITCHENER AVE @ BANK ST,370541.3831,5025499.718,-75.66076493,45.36635751,2014-01-03,14:50,01 - Clear,01 - Dry,01 - Traffic signal,02 - Intersection related,01 - Daylight,03 - P.D. only,03 - Rear end,Ledbury - Heron Gate - Ridgemont - Elmwood
2830,ROBERTSON RD @ VANIER RD,357395.6538,5020646.75,-75.82908244,45.32379993,2014-01-03,15:18,01 - Clear,01 - Dry,01 - Traffic signal,02 - Intersection related,01 - Daylight,03 - P.D. only,04 - Sideswipe,Bells Corners East
2831,RICHMOND RD btwn BASELINE RD TURN LANE & NORTHSIDE RD,358470.1094,5021460.72,-75.81528926,45.33104276,2014-01-05,8:49,03 - Snow,04 - Slush,10 - No control,01 - Non intersection,01 - Daylight,03 - P.D. only,07 - SMV other,Greenbelt
2832,HUNT CLUB RD btwn TURN LANE & RIVERSIDE DR,368012.8754,5021938.401,-75.69349508,45.33454617,2014-01-08,7:45,01 - Clear,06 - Ice,10 - No control,01 - Non intersection,03 - Dawn,03 - P.D. only,03 - Rear end,Hunt Club Woods - Quintarra - Revelstoke - Riverside South P
2833,REGIONAL ROAD 174 btwn OR174 IC112 RAMP26 & OR174 IC112 RAMP61,374853.8872,5032885.783,-75.60467028,45.43239585,2014-01-06,10:00,03 - Snow,03 - Loose snow,10 - No control,01 - Non intersection,01 - Daylight,03 - P.D. only,99 - Other,Greenbelt
2834,EAGLESON RD @ HAZELDEAN RD/ROBERTSON RD,353673.6249,5018425.727,-75.87677733,45.30408375,2014-01-02,14:10,01 - Clear,06 - Ice,01 - Traffic signal,02 - Intersection related,01 - Daylight,03 - P.D. only,03 - Rear end,Greenbelt
2835,RIVERSIDE DR NB btwn SAN REMO PRIV & INDUSTRIAL AVE,370570.6502,5030434.632,-75.65973368,45.41075736,2014-01-02,13:15,01 - Clear,01 - Dry,10 - No control,01 - Non intersection,01 - Daylight,03 - P.D. only,04 - Sideswipe,Industrial Park
2836,SCOTT ST btwn GRANGE AVE & SMIRLE AVE,364494.5827,5029447.747,-75.73747193,45.40242223,2014-01-03,8:31,01 - Clear,06 - Ice,10 - No control,01 - Non intersection,01 - Daylight,03 - P.D. only,03 - Rear end,Tunney's Pasture
2837,TRIM RD @ WATTERS RD,384964.1451,5038718.843,-75.47452382,45.48379041,2014-01-03,8:33,01 - Clear,06 - Ice,01 - Traffic signal,03 - At intersection,01 - Daylight,03 - P.D. only,07 - SMV other,Cardinal Creek