Record,Location,X,Y,lon,lat,Date,Time,Environment,Road_Surface,Traffic_Control,Collision_Location,Light,Collision_Classification,Impact_type,Neighborhood
2838,BAYSHORE DR @ RICHMOND RD,359372.6852,5023368.779,-75.80356481,45.34814191,2014-01-12,16:00,01 - Clear,02 - Wet,01 - Traffic signal,02 - Intersection related,05 - Dusk,03 - P.D. only,04 - Sideswipe,Bayshore
2839,DES PERES BLANCS AVE @ MARIER AVE,370063.8198,5033670.372,-75.66577937,45.4399187,2014-01-02,23:00,01 - Clear,03 - Loose snow,02 - Stop sign,03 - At intersection,07 - Dark,03 - P.D. only,05 - Turning movement,Vanier North
2840,CAMPEAU DR @ GRAY CRES,352099.2305,5020077.972,-75.8966947,45.31905881,2014-01-03,16:17,01 - Clear,01 - Dry,02 - Stop sign,02 - Intersection related,01 - Daylight,03 - P.D. only,03 - Rear end,Kanata
2841,ISLAND PARK DR @ RICHMOND RD,364130.1797,5028868.317,-75.74219604,45.39723961,2014-01-07,16:30,01 - Clear,03 - Loose snow,01 - Traffic signal,02 - Intersection related,01 - Daylight,03 - P.D. only,02 - Angle,Island Park
2842,TERRY FOX DR @ PALLADIUM DR/KATIMAVIK RD,351269.211,5018182.029,-75.90745889,45.30205407,2014-01-07,17:00,01 - Clear,06 - Ice,01 - Traffic signal,02 - Intersection related,05 - Dusk,03 - P.D. only,03 - Rear end,Katimavik - Hazeldean
2843,BEECHWOOD AVE btwn LANGEVIN AVE & ST. CHARLES ST,369399.946,5033775.515,-75.6742505,45.44092639,2014-01-09,8:30,01 - Clear,06 - Ice,10 - No control,01 - Non intersection,01 - Daylight,03 - P.D. only,04 - Sideswipe,Lindenlea
2844,MAPLE AVE @ ANN ST,368698.7048,5009847.916,-75.68630234,45.22569541,2014-01-09,9:54,01 - Clear,02 - Wet,02 - Stop sign,03 - At intersection,01 - Daylight,03 - P.D. only,05 - Turning movement,Manotick
2845,WEST HUNT CLUB RD EB btwn 354 E OF WOODROFFE AVE/REC PATH & CLEOPATRA ,365042.1596,5021683.682,-75.73142461,45.33251556,2014-01-03,11:35,00 - Unknown,06 - Ice,10 - No control,01 - Non intersection,01 - Daylight,03 - P.D. only,04 - Sideswipe,Merivale Gardens - Grenfell Glen - Pineglen - Country Place
2846,HIGHWAY 417 btwn HWY417 IC117 RAMP61 & HWY417 IC115 RAMP36,371979.6093,5031473.196,-75.64159367,45.41996807,2014-10-06,13:32,02 - Rain,02 - Wet,10 - No control,01 - Non intersection,01 - Daylight,03 - P.D. only,03 - Rear end,Overbrook
2847,BRONSON AVE @ SUNNYSIDE AVE/UNIVERSITY RD - CA,367922.2031,5028091.801,-75.69386585,45.38992116,2014-01-07,11:50,01 - Clear,01 - Dry,01 - Traffic signal,02 - Intersection related,01 - Daylight,03 - P.D. only,03 - Rear end,Carleto
2848,NAVAHO DR @ WOODROFFE AVE/TRANSITWAY N BASELIN,362706.2419,5023493.055,-75.76101217,45.34899283,2014-01-07,13:54,01 - Clear,01 - Dry,01 - Traffic signal,03 - At intersection,01 - Daylight,03 - P.D. only,05 - Turning movement,Crestview - Meadowlands
2849,WESTBURY RD btwn HIGHGATE RD & RIDEOUT CRES,362083.8898,5023684.259,-75.7689317,45.35076438,2014-01-02,0:00,03 - Snow,01 - Dry,10 - No control,01 - Non intersection,00 - Unknown,03 - P.D. only,06 - SMV unattended vehicle,Iris
2850,BANK ST @ WALKLEY RD,370337.345,5025949.002,-75.66330974,45.37041913,2014-01-03,22:10,01 - Clear,06 - Ice,01 - Traffic signal,03 - At intersection,07 - Dark,03 - P.D. only,07 - SMV other,Ledbury - Heron Gate - Ridgemont - Elmwood
2851,ROTHESAY DR btwn GLAMORGAN DR & BALLANTRAE WAY,353727.2764,5016563.449,-75.87627695,45.28732282,2014-01-01,2:05,01 - Clear,06 - Ice,10 - No control,01 - Non intersection,07 - Dark,03 - P.D. only,06 - SMV unattended vehicle,Glen Cairn - Kanata South Business Park
2852,ALBION RD @ HUNT CLUB RD,371866.4991,5024321.752,-75.64401062,45.35563305,2014-01-01,10:20,01 - Clear,01 - Dry,01 - Traffic signal,02 - Intersection related,01 - Daylight,03 - P.D. only,04 - Sideswipe,South Keys - Heron Gate - Greenboro West
2853,DIXIE ST btwn SHELLEY AVE & BROWNING AVE,372325.2624,5030069.036,-75.63736987,45.40730079,2014-01-07,20:00,01 - Clear,05 - Packed snow,10 - No control,01 - Non intersection,07 - Dark,03 - P.D. only,06 - SMV unattended vehicle,Elmvale - Eastway - Riverview - Riverview Park West
2854,BUFFLEHEAD WAY btwn GOLDEN SEDGE WAY & SPARTINA ST,374691.761,5019961.083,-75.60857113,45.31612156,2014-01-08,21:00,01 - Clear,06 - Ice,10 - No control,01 - Non intersection,07 - Dark,03 - P.D. only,06 - SMV unattended vehicle,Greenbelt
2855,UPLANDS DR btwn PAUL ANKA DR & SHEARWATER PRIV,369472.9325,5023562.588,-75.67465646,45.34902715,2014-01-08,22:00,01 - Clear,01 - Dry,10 - No control,01 - Non intersection,07 - Dark,03 - P.D. only,06 - SMV unattended vehicle,Hunt Club East - Western Community
2856,BANK ST btwn BANK ST EXTENSION NB & JOHNSTON RD,370841.5911,5024864.623,-75.65701785,45.36061491,2014-01-02,14:00,01 - Clear,06 - Ice,10 - No control,01 - Non intersection,01 - Daylight,03 - P.D. only,04 - Sideswipe,South Keys - Heron Gate - Greenboro West
2857,MERIVALE RD btwn LEASIDE AVE & COLDREY AVE,364884.5644,5027331.961,-75.73274848,45.38335146,2014-01-03,8:35,01 - Clear,05 - Packed snow,10 - No control,04 - At/near private drive,01 - Daylight,03 - P.D. only,03 - Rear end,Carlington
2858,CASTLEFRANK RD btwn KANATA AVE & KATIMAVIK RD,351925.8138,5018972.054,-75.89901172,45.30911917,2014-01-03,8:45,01 - Clear,06 - Ice,10 - No control,01 - Non intersection,01 - Daylight,03 - P.D. only,03 - Rear end,Katimavik - Hazeldean
2859,CATHERINE ST @ QUEEN ELIZABETH DRWY,368674.2194,5030634.567,-75.6839335,45.41273196,2014-01-05,9:07,03 - Snow,05 - Packed snow,10 - No control,02 - Intersection related,01 - Daylight,03 - P.D. only,07 - SMV other,Golden Triangle
2860,HINCKS LANE @ RIVERSIDE DR,370165.702,5030206.326,-75.66493689,45.40874109,2014-01-05,10:00,04 - Freezing Rain,06 - Ice,02 - Stop sign,03 - At intersection,01 - Daylight,03 - P.D. only,07 - SMV other,Industrial Park
2861,WEST HUNT CLUB RD btwn PRINCE OF WALES DR & TURN LANE,367484.5658,5021890.743,-75.70024092,45.33416474,2014-01-03,21:12,01 - Clear,06 - Ice,10 - No control,01 - Non intersection,07 - Dark,03 - P.D. only,04 - Sideswipe,Industrial Park
2862,MCARTHUR AVE @ VANIER PKWY,370218.705,5032691.346,-75.66392989,45.43109536,2014-01-07,17:20,01 - Clear,01 - Dry,01 - Traffic signal,02 - Intersection related,05 - Dusk,03 - P.D. only,03 - Rear end,Vanier South
2863,CONROY RD @ THURSTON DR,373204.5305,5026796.177,-75.62659233,45.37776768,2014-01-07,18:57,00 - Unknown,06 - Ice,01 - Traffic signal,02 - Intersection related,07 - Dark,03 - P.D. only,03 - Rear end,Industrial Park
2864,FIRST AVE @ O'CONNOR ST,368553.7076,5029870.324,-75.68557185,45.40586655,2014-01-08,9:56,01 - Clear,06 - Ice,02 - Stop sign,02 - Intersection related,01 - Daylight,03 - P.D. only,03 - Rear end,The Glebe
2865,HAWTHORNE RD @ HUNT CLUB RD,375507.7499,5026406.783,-75.59724356,45.37403545,2014-01-09,10:35,01 - Clear,01 - Dry,01 - Traffic signal,02 - Intersection related,01 - Daylight,03 - P.D. only,01 - Approaching,Industrial Park
2866,ST. LAURENT BLVD btwn INDUSTRIAL AVE & BOURASSA ST,373140.7076,5029913.566,-75.62697538,45.4058228,2014-01-03,15:04,01 - Clear,06 - Ice,10 - No control,01 - Non intersection,01 - Daylight,03 - P.D. only,03 - Rear end,Industrial Park
2867,BANK ST btwn LEITRIM RD & ARENA PL,375377.5261,5021573.616,-75.59959585,45.33056189,2014-01-08,16:09,01 - Clear,02 - Wet,10 - No control,01 - Non intersection,01 - Daylight,03 - P.D. only,03 - Rear end,Greenbelt
2868,COLONEL BY DR/SUSSEX DR @ RIDEAU ST,367922.4242,5032044.815,-75.69335691,45.42548912,2014-01-04,2:15,01 - Clear,01 - Dry,01 - Traffic signal,02 - Intersection related,07 - Dark,03 - P.D. only,03 - Rear end,Byward Market - Parliament Hill
2869,MAGLADRY RD btwn HEUVELMANS RD & DUNNING RD,393918.7055,5030500.747,-75.36148537,45.40876865,2014-01-03,13:37,01 - Clear,05 - Packed snow,10 - No control,01 - Non intersection,01 - Daylight,03 - P.D. only,07 - SMV other,Navan - Vars
2870,RUSSELL RD btwn BIRCHGROVE RD & CANAAN RD,400730.6378,5029886.756,-75.27459992,45.40234439,2014-01-03,8:15,01 - Clear,01 - Dry,10 - No control,01 - Non intersection,01 - Daylight,03 - P.D. only,07 - SMV other,Navan - Vars
2871,CARSONBY RD    W btwn PRINCE OF WALES DR & END,367029.1266,5004508.842,-75.70822766,45.17780366,2014-01-08,21:00,01 - Clear,06 - Ice,10 - No control,01 - Non intersection,07 - Dark,03 - P.D. only,07 - SMV other,Manotick - North Gower
2872,MARRISSA AVE btwn STEEL ST & INDIGO ST (2),374709.6958,5033965.811,-75.60635952,45.44212777,2014-01-08,20:30,01 - Clear,06 - Ice,10 - No control,01 - Non intersection,07 - Dark,03 - P.D. only,06 - SMV unattended vehicle,Beacon Hill South - Cardinal Heights
2873,BANK ST btwn NEPEAN ST & LISGAR ST,367601.672,5031070.653,-75.69757959,45.4167528,2014-01-09,15:34,01 - Clear,01 - Dry,10 - No control,01 - Non intersection,01 - Daylight,03 - P.D. only,04 - Sideswipe,Centretown
2874,KING EDWARD AVE @ OSGOODE ST/THOMAS MORE PRIV,368849.7068,5031852.828,-75.68153332,45.4236774,2014-01-02,13:30,01 - Clear,02 - Wet,01 - Traffic signal,02 - Intersection related,01 - Daylight,03 - P.D. only,03 - Rear end,Sandy Hill
2875,ROLLING BROOK DR btwn LARIVIERE CRES & WESTWATER CRES,381097.0872,5033799.856,-75.52474801,45.43996672,2014-01-02,14:15,01 - Clear,05 - Packed snow,10 - No control,04 - At/near private drive,01 - Daylight,03 - P.D. only,02 - Angle,Chapel Hill South
2876,FALLOWFIELD RD btwn VIA PARK PL/275 W OF WOODROFFE AVE & TRANSIT,364827.4654,5017755.121,-75.73463946,45.29718507,2014-01-03,8:53,03 - Snow,06 - Ice,10 - No control,01 - Non intersection,01 - Daylight,03 - P.D. only,07 - SMV other,New Barrhaven
2877,INNES RD btwn TAUVETTE ST & GRAVELLE CRES,377426.8388,5032513.98,-75.57184555,45.42878814,2014-01-03,8:58,01 - Clear,06 - Ice,10 - No control,04 - At/near private drive,01 - Daylight,03 - P.D. only,03 - Rear end,Blackburn Hamlet
2878,LEWISTON AVE @ MARKLAND CRES,366151.2071,5016180.199,-75.71795786,45.2828997,2014-01-03,14:00,01 - Clear,06 - Ice,02 - Stop sign,02 - Intersection related,01 - Daylight,03 - P.D. only,02 - Angle,Chapman Mills - Rideau Crest - Davidson Heights
2879,ST. JOSEPH BLVD @ JEANNE D'ARC BLVD,379861.2495,5036471.834,-75.54013486,45.46414094,2014-01-05,12:30,03 - Snow,04 - Slush,11 - Roundabout,03 - At intersection,01 - Daylight,03 - P.D. only,99 - Other,Chapel Hill
2880,ALBERT ST btwn SCOTT ST & CITY CENTRE AVE (1),365547.5116,5030086.299,-75.72394456,45.40807719,2014-01-07,19:00,01 - Clear,02 - Wet,10 - No control,01 - Non intersection,07 - Dark,03 - P.D. only,03 - Rear end,Mechanicsville
2881,WELLINGTON ST    W btwn MELROSE AVE & MERTON ST,365486.6703,5029588.727,-75.72478299,45.40360544,2014-01-07,19:20,01 - Clear,01 - Dry,10 - No control,04 - At/near private drive,07 - Dark,03 - P.D. only,02 - Angle,Hintonburg
2882,ST. JOSEPH BLVD @ JEANNE D'ARC BLVD,379861.2495,5036472.341,-75.54013478,45.4641455,2014-01-09,11:12,01 - Clear,01 - Dry,11 - Roundabout,03 - At intersection,01 - Daylight,03 - P.D. only,04 - Sideswipe,Chapel Hill
2883,MCARTHUR AVE @ VANIER PKWY,370219.5982,5032690.799,-75.66391855,45.43109035,2014-01-05,13:09,03 - Snow,03 - Loose snow,01 - Traffic signal,02 - Intersection related,01 - Daylight,03 - P.D. only,03 - Rear end,Vanier South
2884,QUEEN MARY ST btwn VERA ST & QUILL ST,370531.3318,5031974.844,-75.66003049,45.42461926,2014-01-07,13:45,01 - Clear,01 - Dry,10 - No control,01 - Non intersection,01 - Daylight,03 - P.D. only,06 - SMV unattended vehicle,Overbrook
2885,BANK ST btwn RIDEAU RD & TURN LANE,377551.4825,5016410.298,-75.57262276,45.28388264,2014-01-04,10:20,01 - Clear,01 - Dry,10 - No control,04 - At/near private drive,01 - Daylight,03 - P.D. only,03 - Rear end,Osgoode
2886,BRIGATINE AVE btwn HUNTMAR DR & KHAMSIN ST,350744.027,5016471.167,-75.91431379,45.28669378,2014-02-05,17:03,03 - Snow,05 - Packed snow,10 - No control,01 - Non intersection,07 - Dark,03 - P.D. only,06 - SMV unattended vehicle,Stittsville
2887,MCCLELLAN RD btwn HOBART CRES & WOODFERN CRT,360492.1729,5020999.854,-75.78954605,45.32673832,2014-01-08,18:00,01 - Clear,06 - Ice,10 - No control,01 - Non intersection,07 - Dark,03 - P.D. only,06 - SMV unattended vehicle,Sheahan Estates - Trend Village - Arlington Woods
2888,RIDEAU ST btwn WALLER ST & CUMBERLAND ST,368287.3106,5032277.372,-75.68866451,45.42754857,2014-01-01,2:20,01 - Clear,01 - Dry,10 - No control,04 - At/near private drive,07 - Dark,03 - P.D. only,02 - Angle,Byward Market - Parliament Hill
2889,BUNCHBERRY WAY btwn WILLOWMERE WAY N & WILLOWMERE WAY S,373856.2736,5019634.99,-75.61927146,45.31327015,2014-06-02,12:58,01 - Clear,01 - Dry,10 - No control,04 - At/near private drive,01 - Daylight,03 - P.D. only,02 - Angle,Greenbelt
2890,CARLING AVE @ CARLINGWOOD SC,362073.082,5025919,-75.76881065,45.37087329,2014-01-02,17:20,01 - Clear,01 - Dry,01 - Traffic signal,03 - At intersection,05 - Dusk,03 - P.D. only,02 - Angle,Carlingwood West - Glabar Park - McKellar Heights
2891,TENTH LINE RD @ TENTH LINE RD,383530.1677,5037155.804,-75.49311518,45.46989082,2014-01-03,8:59,01 - Clear,06 - Ice,01 - Traffic signal,03 - At intersection,01 - Daylight,03 - P.D. only,05 - Turning movement,Orlans
2892,HERON RD @ ALTA VISTA DR,370491.7085,5026903.298,-75.66121232,45.37899112,2014-01-03,9:02,01 - Clear,06 - Ice,01 - Traffic signal,02 - Intersection related,01 - Daylight,03 - P.D. only,04 - Sideswipe,Alta Vista
2893,HOG'S BACK RD btwn COLONEL BY DR & RIVERSIDE DR,368089.9024,5026211.047,-75.69196548,45.37298351,2014-01-05,12:17,03 - Snow,03 - Loose snow,10 - No control,01 - Non intersection,01 - Daylight,03 - P.D. only,03 - Rear end,Riverside Park
2894,ROYDON PL btwn WOODFIELD DR & WEST HUNT CLUB RD,365559.0105,5022357.149,-75.7247485,45.33853077,2014-01-05,12:31,03 - Snow,03 - Loose snow,10 - No control,01 - Non intersection,01 - Daylight,03 - P.D. only,01 - Approaching,Industrial Park
2895,AVIATION PKWY @ OGILVIE RD,373110.7142,5032377.346,-75.62701695,45.42799364,2014-01-05,14:46,01 - Clear,03 - Loose snow,01 - Traffic signal,02 - Intersection related,01 - Daylight,03 - P.D. only,04 - Sideswipe,Industrial Park
2896,PAUL METIVIER DR btwn GLENDORE ST & TAPESTRY DR,365881.2539,5014704.005,-75.72158026,45.26964047,2014-01-06,0:22,04 - Freezing Rain,06 - Ice,10 - No control,01 - Non intersection,07 - Dark,03 - P.D. only,07 - SMV other,New Barrhaven
2897,DALY AVE @ NELSON ST,368730.2172,5032358.851,-75.68299439,45.42824134,2014-01-07,21:15,01 - Clear,06 - Ice,02 - Stop sign,02 - Intersection related,07 - Dark,03 - P.D. only,03 - Rear end,Sandy Hill
2898,WEST HUNT CLUB RD WB btwn ROYDON PL/SUNDERLAND ST & 545 E OF ROYDON PL,366000.0701,5022185.967,-75.71914252,45.33695217,2014-01-09,18:29,01 - Clear,02 - Wet,10 - No control,01 - Non intersection,07 - Dark,03 - P.D. only,03 - Rear end,Industrial Park
2899,BANK ST @ THIRD AVE,368336.2038,5029551.816,-75.68839113,45.40302049,2014-01-09,11:44,01 - Clear,04 - Slush,01 - Traffic signal,03 - At intersection,01 - Daylight,03 - P.D. only,02 - Angle,The Glebe
2900,GOULBOURN FORCED RD btwn TERRY FOX DR & KANATA ROCKERIES PRIV,349349.9152,5022659.27,-75.93152833,45.34246585,2014-01-09,9:50,01 - Clear,06 - Ice,10 - No control,01 - Non intersection,01 - Daylight,03 - P.D. only,07 - SMV other,South March
2901,INNES RD @ ORLEANS BLVD,380460.7951,5034296.656,-75.53280374,45.4445057,2014-01-08,7:37,01 - Clear,06 - Ice,01 - Traffic signal,02 - Intersection related,03 - Dawn,03 - P.D. only,03 - Rear end,Orleans Village - Chateauneuf
2902,WOODCLIFFE PRIV @ JEANNE D'ARC BLVD,380107.5607,5036226.807,-75.53702307,45.46190987,2014-01-08,8:26,01 - Clear,06 - Ice,02 - Stop sign,02 - Intersection related,01 - Daylight,03 - P.D. only,03 - Rear end,Chapel Hill
2903,BESSERER ST @ KING EDWARD AVE,368550.7052,5032341.343,-75.68529052,45.4281002,2014-01-05,23:45,04 - Freezing Rain,06 - Ice,01 - Traffic signal,02 - Intersection related,07 - Dark,03 - P.D. only,07 - SMV other,Sand
2904,BEAVERBROOK LANE @ TERON RD,351771.62,5021331.25,-75.90075428,45.33035808,2014-01-08,16:38,01 - Clear,02 - Wet,02 - Stop sign,03 - At intersection,05 - Dusk,03 - P.D. only,02 - Angle,Beaverbrook
2905,SELWYN CRES btwn TO BE DETERMINED & SELWYN PL (2),352281.6631,5021181.995,-75.89426203,45.32898073,2014-01-04,11:07,01 - Clear,05 - Packed snow,10 - No control,01 - Non intersection,01 - Daylight,03 - P.D. only,01 - Approaching,Beaverbrook
2906,FALLOWFIELD RD btwn HWY416 IC66 RAMP52 & HWY416 IC66 RAMP24,360267.0537,5014847.832,-75.79310584,45.27139985,2014-01-04,9:50,01 - Clear,01 - Dry,10 - No control,01 - Non intersection,01 - Daylight,03 - P.D. only,04 - Sideswipe,Munster Hamlet - Richmond
2907,WOODROFFE AVE/HWY 417 WOODROFF IC127R25 @ HWY ,362179.777,5024695.765,-75.76759066,45.359858,2014-01-02,13:45,01 - Clear,01 - Dry,01 - Traffic signal,02 - Intersection related,01 - Daylight,03 - P.D. only,03 - Rear end,Iris
2908,JOHN SUTHERLAND DR @ RICHMOND RD,358786.6649,5022150.241,-75.8111758,45.33722282,2014-01-01,3:30,01 - Clear,03 - Loose snow,01 - Traffic signal,02 - Intersection related,07 - Dark,03 - P.D. only,07 - SMV other,Greenbelt
2909,BOOTH ST @ SOMERSET ST,366592.7028,5030255.838,-75.71057216,45.40951116,2014-01-01,0:19,03 - Snow,04 - Slush,01 - Traffic signal,02 - Intersection related,07 - Dark,03 - P.D. only,02 - Angle,Centretown West
2910,HIGHWAY 417 btwn HWY417 IC119A RAMP75 & HWY417 IC118 RAMP57,368634.8098,5030537.841,-75.68444947,45.41186525,2014-01-02,8:15,01 - Clear,06 - Ice,10 - No control,01 - Non intersection,01 - Daylight,03 - P.D. only,07 - SMV other,The Glebe
2911,ARGYLE AVE @ O'CONNOR ST,368184.7108,5030486.333,-75.69020596,45.41144271,2014-01-02,17:31,01 - Clear,02 - Wet,01 - Traffic signal,03 - At intersection,05 - Dusk,03 - P.D. only,02 - Angle,Centretown
2912,BANK ST @ LEITRIM RD,375357.2472,5021620.258,-75.59984788,45.3309836,2014-01-03,9:12,04 - Freezing Rain,06 - Ice,01 - Traffic signal,02 - Intersection related,01 - Daylight,03 - P.D. only,07 - SMV other,Greenbelt
2913,WOODROFFE AVE @ DEERFOX DR/STONEWAY DR,365885.6981,5015942.908,-75.72137119,45.28078769,2014-01-03,8:30,01 - Clear,06 - Ice,01 - Traffic signal,03 - At intersection,01 - Daylight,03 - P.D. only,02 - Angle,Chapman Mills - Rideau Crest - Davidson Heights
2914,ST. EMMANUEL TER @ VORLAGE DR,379624.003,5037932.599,-75.54294585,45.47730922,2014-01-05,13:30,03 - Snow,04 - Slush,02 - Stop sign,03 - At intersection,01 - Daylight,03 - P.D. only,02 - Angle,Orleans South West
2915,BASELINE RD @ CENTREPOINTE DR E/HIGHGATE RD,362062.1936,5023464.745,-75.76923398,45.34879098,2014-01-06,2:42,04 - Freezing Rain,06 - Ice,01 - Traffic signal,02 - Intersection related,07 - Dark,03 - P.D. only,07 - SMV other,Iris
2916,BAYCREST DR @ WALKLEY RD,371420.7167,5026591.287,-75.64939363,45.37609604,2014-01-06,2:48,04 - Freezing Rain,06 - Ice,01 - Traffic signal,03 - At intersection,07 - Dark,03 - P.D. only,07 - SMV other,Ledbury - Heron Gate - Ridgemont - Elmwood
2917,RIVERSIDE DR NB btwn NEIL WAY & PLEASANT PARK RD,369467.8047,5028296.165,-75.67410222,45.39161895,2014-01-06,5:04,04 - Freezing Rain,04 - Slush,10 - No control,01 - Non intersection,07 - Dark,03 - P.D. only,07 - SMV other,Alta Vista
2918,MARCH RD btwn 280 S OF CARLING AVE/STATION RD & RICHARDSON SIDE RD,351134.2442,5021996.752,-75.90882294,45.33638878,2014-01-14,11:29,01 - Clear,02 - Wet,10 - No control,01 - Non intersection,01 - Daylight,03 - P.D. only,07 - SMV other,South March
2919,CENTER ST @ MONTREAL RD,371823.147,5033953.027,-75.64325515,45.44229545,2014-01-09,12:13,01 - Clear,01 - Dry,02 - Stop sign,02 - Intersection related,01 - Daylight,03 - P.D. only,04 - Sideswipe,Cummings
2920,GREENBANK RD @ WEST HUNT CLUB RD,361480.6909,5020501.719,-75.77699375,45.32217698,2014-01-09,12:49,01 - Clear,02 - Wet,01 - Traffic signal,02 - Intersection related,01 - Daylight,03 - P.D. only,03 - Rear end,Greenbelt
2921,NORICE ST @ WOODROFFE AVE,363194.684,5022397.239,-75.75490866,45.33909227,2014-01-08,9:50,01 - Clear,01 - Dry,01 - Traffic signal,02 - Intersection related,01 - Daylight,03 - P.D. only,03 - Rear end,Tanglewood
2922,KNOXDALE RD btwn CRAIG HENRY DR & WOODROFFE AVE,363289.565,5021756.124,-75.75377389,45.33331566,2014-01-08,17:02,01 - Clear,06 - Ice,10 - No control,01 - Non intersection,05 - Dusk,03 - P.D. only,03 - Rear end,Woodvale - Craig Henry - Manordale - Estates of Arlington Wo
2923,INNES RD btwn HWY417 IC112 RAMP68 & HWY417 IC112 RAMP67,374650.3691,5030924.303,-75.60754918,45.41476787,2014-01-08,17:02,01 - Clear,02 - Wet,10 - No control,01 - Non intersection,05 - Dusk,03 - P.D. only,03 - Rear end,Industrial Park
2924,PALMERSTON DR btwn PEREZ CRES & HALMONT DR,373647.2486,5032358.857,-75.62016365,45.42777468,2014-01-04,0:00,03 - Snow,04 - Slush,10 - No control,01 - Non intersection,00 - Unknown,03 - P.D. only,06 - SMV unattended vehicle,Industrial Park
2925,BRONSON AVE @ CATHERINE ST/RAYMOND ST,367252.2015,5029797.327,-75.70220568,45.40532707,2014-01-01,6:07,03 - Snow,06 - Ice,01 - Traffic signal,03 - At intersection,07 - Dark,03 - P.D. only,02 - Angle,Centretown West
2926,BLAIR RD @ INNES RD,375578.7349,5031440.316,-75.59561517,45.41931738,2014-01-02,17:44,01 - Clear,01 - Dry,01 - Traffic signal,02 - Intersection related,07 - Dark,03 - P.D. only,03 - Rear end,Greenbelt
2927,ALEXANDER ST @ SUSSEX DR,367892.207,5034016.362,-75.69349037,45.44323113,2014-01-02,16:45,01 - Clear,01 - Dry,02 - Stop sign,02 - Intersection related,05 - Dusk,03 - P.D. only,03 - Rear end,New Edinburgh
2928,HAWTHORNE RD btwn LEITRIM RD & LOUISEIZE RD,377748.2085,5021028.776,-75.56943571,45.32541727,2014-01-03,9:35,01 - Clear,06 - Ice,10 - No control,01 - Non intersection,01 - Daylight,03 - P.D. only,07 - SMV other,Greenbelt
2929,CRAIG HENRY DR @ KNOXDALE RD,363116.6879,5021656.251,-75.75599109,45.3324314,2014-01-03,9:28,01 - Clear,06 - Ice,01 - Traffic signal,03 - At intersection,01 - Daylight,03 - P.D. only,07 - SMV other,Woodvale - Craig Henry - Manordale - Estates of Arlington Wo
2930,NORTHLANDS DR @ VALIN ST,384929.7635,5037603.824,-75.47514546,45.4737625,2014-01-05,14:58,01 - Clear,05 - Packed snow,02 - Stop sign,02 - Intersection related,01 - Daylight,03 - P.D. only,03 - Rear end,Fallingbrook
2931,ARLINGTON AVE @ KENT ST,367868.7095,5030258.838,-75.69427185,45.40942433,2014-01-05,15:03,01 - Clear,04 - Slush,01 - Traffic signal,03 - At intersection,01 - Daylight,03 - P.D. only,02 - Angle,Centretown
2932,CANAAN RD btwn Continuation of CANAAN RD & Continuation of CANAAN RD (,397317.9592,5039967.899,-75.31628759,45.49349969,2014-01-06,7:26,04 - Freezing Rain,06 - Ice,10 - No control,01 - Non intersection,03 - Dawn,03 - P.D. only,07 - SMV other,Cumberland - Estates
2933,BRONSON AVE @ FIFTH AVE/MADAWASKA DR,367613.2057,5028939.314,-75.69770377,45.39757462,2014-01-07,10:00,01 - Clear,02 - Wet,01 - Traffic signal,02 - Intersection related,01 - Daylight,03 - P.D. only,03 - Rear end,The Glebe
2934,CARLING AVE @ ISLAND PARK DR,365349.2716,5027997.736,-75.72673325,45.38930195,2014-01-04,19:30,01 - Clear,03 - Loose snow,01 - Traffic signal,02 - Intersection related,07 - Dark,03 - P.D. only,03 - Rear end,Civic Hospital - Experimental Farm - Central Park
2935,CHAPEL CRES/CHAPEL ST @ MANN AVE,369551.2808,5031552.984,-75.67260852,45.42091493,2014-01-09,13:22,01 - Clear,06 - Ice,02 - Stop sign,02 - Intersection related,01 - Daylight,03 - P.D. only,03 - Rear end,Sandy Hill
2936,VIEWMOUNT DR btwn SULLIVAN AVE & PARKSIDE CRES,364050.1543,5022593.471,-75.74397067,45.34078622,2014-01-09,13:47,01 - Clear,06 - Ice,10 - No control,01 - Non intersection,01 - Daylight,03 - P.D. only,01 - Approaching,Crestview - Meadowlands
2937,MONTREAL RD @ DEN HAAG DR/LANG'S RD,372386.718,5034222.344,-75.63601495,45.44466437,2014-01-08,13:59,01 - Clear,06 - Ice,01 - Traffic signal,03 - At intersection,01 - Daylight,03 - P.D. only,07 - SMV other,Carson Grove - Carson Meadows
2938,VANIER PKWY SB btwn MCARTHUR AVE & VANIER PKWY,370212.1144,5032669.04,-75.66401707,45.43089527,2014-01-08,15:37,01 - Clear,02 - Wet,10 - No control,01 - Non intersection,01 - Daylight,03 - P.D. only,03 - Rear end,Vanier South
2939,GREENBANK RD @ MALVERN DR/FOXFIELD DR,363312.1934,5016195.194,-75.75414177,45.28327667,2014-01-08,17:40,01 - Clear,06 - Ice,01 - Traffic signal,02 - Intersection related,07 - Dark,03 - P.D. only,03 - Rear end,New Barrhaven
2940,RICHMOND RD @ HOLLY ACRES RD/NANAIMO DR,359058.1646,5022749.257,-75.80764626,45.34259184,2014-01-08,18:11,01 - Clear,06 - Ice,01 - Traffic signal,03 - At intersection,07 - Dark,03 - P.D. only,05 - Turning movement,Greenbelt