Record,Location,X,Y,lon,lat,Date,Time,Environment,Road_Surface,Traffic_Control,Collision_Location,Light,Collision_Classification,Impact_type,Neighborhood
2941,MARCH RD btwn KLONDIKE RD & MORGAN'S GRANT WAY,349336.4818,5023980.759,-75.93158073,45.35435776,2014-01-04,13:35,01 - Clear,02 - Wet,10 - No control,01 - Non intersection,01 - Daylight,03 - P.D. only,03 - Rear end,South March
2942,BASELINE RD @ WOODROFFE AVE,362550.1972,5023770.758,-75.76297098,45.35150445,2014-01-04,10:45,01 - Clear,02 - Wet,01 - Traffic signal,03 - At intersection,01 - Daylight,03 - P.D. only,03 - Rear end,Iris
2943,COURTYARD CRES @ SABLE RIDGE DR,372641.7312,5024469.756,-75.63409692,45.35689016,2014-01-05,11:40,03 - Snow,05 - Packed snow,03 - Yield sign,03 - At intersection,01 - Daylight,03 - P.D. only,07 - SMV other,Blossom Park - Blossom Park West - Sawmill Creek/ Timbermill
2944,ALBION RD btwn LESTER RD & LEITRIM RD,372753.0449,5022192.318,-75.63298922,45.3363878,2014-01-14,7:20,01 - Clear,02 - Wet,10 - No control,01 - Non intersection,03 - Dawn,03 - P.D. only,03 - Rear end,Greenbelt
2945,LAMBETH WALK btwn ELMIRA DR & GATEWAY RD,361624.2696,5024032.357,-75.77475698,45.35393394,2014-01-01,15:10,01 - Clear,05 - Packed snow,10 - No control,01 - Non intersection,01 - Daylight,03 - P.D. only,01 - Approaching,Iris
2946,SNAKE ISLAND RD @ STAGECOACH RD,378063.2645,5006582.146,-75.56754749,45.1953992,2014-01-01,16:43,01 - Clear,01 - Dry,02 - Stop sign,02 - Intersection related,05 - Dusk,03 - P.D. only,03 - Rear end,Kars - Osgoode
2947,DU GRAND BOIS AVE @ INNES RD,383109.7554,5035763.323,-75.49871285,45.45740977,2014-01-02,16:20,01 - Clear,06 - Ice,02 - Stop sign,02 - Intersection related,05 - Dusk,03 - P.D. only,03 - Rear end,Avalon
2948,TRIM RD btwn HENN DR & SMITH RD,388760.5597,5031867.287,-75.42713724,45.42170118,2014-01-02,18:20,01 - Clear,02 - Wet,10 - No control,04 - At/near private drive,07 - Dark,03 - P.D. only,05 - Turning movement,Navan
2949,MERIVALE RD btwn GILBEY DR & KIMWAY CRES,364694.3735,5024738.538,-75.73549138,45.36003255,2014-01-03,9:37,01 - Clear,06 - Ice,10 - No control,01 - Non intersection,01 - Daylight,03 - P.D. only,01 - Approaching,Cityview - Skyline - Fisher Heights
2950,PAUL ANKA DR btwn UPLANDS DR & SAMPLE RD,369425.817,5023529.631,-75.67526198,45.34873495,2014-01-05,13:30,03 - Snow,04 - Slush,10 - No control,01 - Non intersection,01 - Daylight,03 - P.D. only,06 - SMV unattended vehicle,Hunt Club East - Western Community
2951,"EGLISE, RUE DE L @ COTE ST",371369.7009,5033177.353,-75.64915573,45.43535962,2014-01-05,5:05,03 - Snow,04 - Slush,02 - Stop sign,03 - At intersection,07 - Dark,03 - P.D. only,02 - Angle,Vanier South
2952,BILBERRY DR btwn DES FORETS AVE & DU BOIS AVE,380985.7663,5038265.827,-75.52547873,45.48016007,2014-01-05,12:00,03 - Snow,04 - Slush,10 - No control,01 - Non intersection,01 - Daylight,03 - P.D. only,07 - SMV other,Orleans South West
2953,GLADECREST CRT @ VALLEY STREAM DR,359905.1757,5021792.254,-75.79694548,45.33391469,2014-01-06,7:50,02 - Rain,06 - Ice,03 - Yield sign,03 - At intersection,03 - Dawn,03 - P.D. only,02 - Angle,Briar Green - Leslie Park
2954,CONLEY RD btwn BLEEKS RD & COPELAND RD,351353.2525,5004711.622,-75.90764824,45.18083691,2014-01-07,14:54,06 - Strong wind,05 - Packed snow,10 - No control,01 - Non intersection,01 - Daylight,03 - P.D. only,07 - SMV other,Munster Hamlet - Richmond
2955,BANK ST @ ST. BERNARD ST,373003.7259,5023709.259,-75.62958202,45.35001237,2014-01-09,14:07,01 - Clear,01 - Dry,01 - Traffic signal,02 - Intersection related,01 - Daylight,03 - P.D. only,03 - Rear end,Blossom Park - Blossom Park West - Sawmill Creek/ Timbermill
2956,VIEWMOUNT DR btwn SULLIVAN AVE & PARKSIDE CRES,364040.562,5022598.267,-75.74409248,45.34083019,2014-01-09,14:45,01 - Clear,06 - Ice,10 - No control,01 - Non intersection,01 - Daylight,03 - P.D. only,07 - SMV other,Crestview - Meadowlands
2957,HWY 417 MAITLAND IC126R26/62 @ MAITLAND AVE,363145.3978,5025983.751,-75.7551142,45.37136746,2014-01-08,18:16,01 - Clear,01 - Dry,01 - Traffic signal,03 - At intersection,07 - Dark,03 - P.D. only,05 - Turning movement,Carlingwood West - Glabar Park - McKellar Heights
2958,MERIVALE RD @ WOODFIELD DR/ROYDON PL,365462.7011,5022298.245,-75.72598446,45.3380091,2014-01-08,18:15,01 - Clear,01 - Dry,01 - Traffic signal,02 - Intersection related,07 - Dark,03 - P.D. only,03 - Rear end,Tanglewood
2959,WOODROFFE AVE btwn FIELD ST & ADIRONDACK DR,362425.2969,5024088.003,-75.7645279,45.35436927,2014-01-08,18:42,01 - Clear,01 - Dry,10 - No control,01 - Non intersection,07 - Dark,03 - P.D. only,07 - SMV other,Iris
2960,OTTAWA RIVER PKWY @ PORTAGE BRIDGE,366517.1061,5031314.811,-75.71140523,45.41904617,2014-01-08,16:30,01 - Clear,06 - Ice,01 - Traffic signal,02 - Intersection related,05 - Dusk,03 - P.D. only,03 - Rear end,LeBreton Flats
2961,TYRRELL PL @ MOODIE DR,357327.1554,5019855.237,-75.8300401,45.31668295,2014-01-04,13:51,01 - Clear,05 - Packed snow,01 - Traffic signal,02 - Intersection related,01 - Daylight,03 - P.D. only,03 - Rear end,Bells Corners East
2962,HUNT CLUB RD @ PIKE ST/MAPLE PARK PRIV,373296.7385,5025089.272,-75.62565181,45.36240064,2014-01-04,12:20,01 - Clear,06 - Ice,01 - Traffic signal,02 - Intersection related,01 - Daylight,03 - P.D. only,03 - Rear end,Greenboro East
2963,MURRAY ST btwn DALHOUSIE ST & CUMBERLAND ST,368162.0784,5032674.262,-75.69021369,45.431131,2014-01-01,1:52,01 - Clear,01 - Dry,10 - No control,01 - Non intersection,07 - Dark,03 - P.D. only,06 - SMV unattended vehicle,Byward Market
2964,SOMERSET ST    W btwn BECKINGTON PRIV & BANK ST,367634.3734,5030879.316,-75.6971862,45.41502828,2014-01-02,16:32,01 - Clear,02 - Wet,10 - No control,04 - At/near private drive,01 - Daylight,03 - P.D. only,02 - Angle,Centretown
2965,HIGHWAY 417 btwn HWY417 IC119A RAMP75 & HWY417 IC118 RAMP57,368624.3629,5030533.819,-75.68458345,45.41183001,2014-01-02,9:20,01 - Clear,06 - Ice,10 - No control,01 - Non intersection,01 - Daylight,03 - P.D. only,07 - SMV other,The Glebe
2966,BANK ST @ CONROY RD,375044.7501,5022239.259,-75.6037463,45.33658447,2014-01-01,20:53,01 - Clear,05 - Packed snow,01 - Traffic signal,02 - Intersection related,07 - Dark,03 - P.D. only,03 - Rear end,Greenbelt
2967,GLADWIN CRES @ LANCASTER RD,373459.2265,5029475.809,-75.62296786,45.4018529,2014-01-02,8:01,01 - Clear,01 - Dry,02 - Stop sign,03 - At intersection,01 - Daylight,03 - P.D. only,02 - Angle,Industrial Park
2968,INDUSTRIAL AVE @ RIVERSIDE DR,370684.7186,5030592.3,-75.65825546,45.41216526,2014-01-02,17:15,01 - Clear,01 - Dry,01 - Traffic signal,02 - Intersection related,05 - Dusk,03 - P.D. only,03 - Rear end,Industrial Park
2969,TERRY FOX DR btwn CASTLEFRANK RD & TRANS CANADA TRAIL,353248.5084,5016005.442,-75.88243439,45.2823349,2014-01-02,18:56,01 - Clear,01 - Dry,10 - No control,01 - Non intersection,07 - Dark,03 - P.D. only,03 - Rear end,Glen Cairn - Kanata South Business Park
2970,BANK ST @ GROVE AVE,368847.7107,5028373.309,-75.68201085,45.39237005,2014-01-03,9:45,01 - Clear,04 - Slush,02 - Stop sign,02 - Intersection related,01 - Daylight,03 - P.D. only,07 - SMV other,Old Ottawa South
2971,BASELINE RD @ FARLANE BLVD,365356.6921,5025520.003,-75.72694236,45.36700714,2014-01-03,9:53,01 - Clear,06 - Ice,01 - Traffic signal,02 - Intersection related,01 - Daylight,03 - P.D. only,04 - Sideswipe,Civic Hospital - Experimental Farm - Central Park
2972,HIGHWAY 417 btwn HWY417 IC110 RAMP66 & HWY417 IC110 RAMP56,375824.2334,5029198.088,-75.59280172,45.39911817,2014-01-05,7:15,03 - Snow,04 - Slush,10 - No control,01 - Non intersection,03 - Dawn,03 - P.D. only,07 - SMV other,Greenbelt
2973,DAVIDSON RD btwn CONROY RD & HAWTHORNE RD,376026.7334,5024359.199,-75.59091346,45.35555973,2014-01-06,8:17,04 - Freezing Rain,06 - Ice,10 - No control,01 - Non intersection,01 - Daylight,03 - P.D. only,07 - SMV other,Greenbelt
2974,BANTREE ST @ NEWMARKET ST,373673.2209,5030482.323,-75.62009408,45.41088801,2014-01-06,10:06,05 - Drifting Snow,06 - Ice,02 - Stop sign,02 - Intersection related,01 - Daylight,03 - P.D. only,02 - Angle,Industrial Park
2975,JOCKVALE RD @ STRANDHERD DR,363560.4805,5014577.33,-75.75116861,45.26869839,2014-01-07,15:00,01 - Clear,01 - Dry,01 - Traffic signal,03 - At intersection,01 - Daylight,03 - P.D. only,02 - Angle,Barrhaven West - Old Barrhaven
2976,PINECREST RD @ RICHMOND RD,360072.1635,5024471.766,-75.79451571,45.35801179,2014-01-07,15:04,01 - Clear,04 - Slush,01 - Traffic signal,03 - At intersection,01 - Daylight,03 - P.D. only,02 - Angle,Whitehaven - Queensway Terrace North
2977,ST. PATRICK ST @ SUSSEX DR,367665.4755,5032462.844,-75.69658678,45.42927355,2014-01-09,13:15,01 - Clear,01 - Dry,01 - Traffic signal,02 - Intersection related,01 - Daylight,03 - P.D. only,04 - Sideswipe,Byward Market
2978,BAYSHORE DR btwn WOODRIDGE CRES S & BAYSHORE CS,359216.939,5023536.122,-75.80553382,45.34965977,2014-01-09,13:00,01 - Clear,01 - Dry,10 - No control,01 - Non intersection,01 - Daylight,03 - P.D. only,05 - Turning movement,Bayshore
2979,MERIVALE RD @ WOODFIELD DR/ROYDON PL,365463.2081,5022299.259,-75.72597787,45.33801818,2014-01-14,16:45,01 - Clear,01 - Dry,01 - Traffic signal,02 - Intersection related,05 - Dusk,03 - P.D. only,03 - Rear end,Tanglewood
2980,TERRY FOX DR @ PALLADIUM DR/KATIMAVIK RD,351269.211,5018182.536,-75.90745884,45.30205863,2014-01-13,20:45,01 - Clear,02 - Wet,01 - Traffic signal,02 - Intersection related,07 - Dark,03 - P.D. only,03 - Rear end,Katimavik - Hazeldean
2981,HIGHWAY 417 btwn RAMP & HWY417 IC145 RAMP55,346453.7811,5014960.573,-75.96912937,45.27336821,2014-01-25,21:01,03 - Snow,03 - Loose snow,10 - No control,01 - Non intersection,07 - Dark,03 - P.D. only,07 - SMV other,Stittsville - Basswood
2982,HIGHWAY 417 btwn HWY417 IC122 RAMP15 & HWY417 IC121B RAMP51,366544.3444,5029506.25,-75.71128377,45.40277084,2014-01-25,18:25,03 - Snow,03 - Loose snow,10 - No control,01 - Non intersection,07 - Dark,03 - P.D. only,07 - SMV other,Little Italy
2983,HIGHWAY 417 btwn HWY417 IC140 RAMP25 & HWY417 IC139 RAMP15,351834.8985,5019311.276,-75.90013889,45.31217766,2014-01-25,19:05,03 - Snow,03 - Loose snow,10 - No control,01 - Non intersection,07 - Dark,03 - P.D. only,07 - SMV other,Katimavik - Hazeldean
2984,HIGHWAY 417 btwn TRANSIT & HWY417 IC127 RAMP16,361796.6324,5024604.089,-75.77249139,45.35906436,2014-01-25,21:48,01 - Clear,06 - Ice,10 - No control,01 - Non intersection,07 - Dark,03 - P.D. only,07 - SMV other,Whitehaven - Queensway Terrace North
2985,HIGHWAY 417 btwn HWY417 IC140 RAMP25 & HWY417 IC139 RAMP15,351759.176,5019241.008,-75.90111122,45.31155044,2014-01-25,19:00,06 - Strong wind,06 - Ice,10 - No control,01 - Non intersection,07 - Dark,03 - P.D. only,07 - SMV other,Katimavik - Hazeldean
2986,BANK ST @ HUNT CLUB RD,371605.0328,5024098.975,-75.64737752,45.35365353,2014-01-11,7:50,04 - Freezing Rain,06 - Ice,01 - Traffic signal,02 - Intersection related,03 - Dawn,03 - P.D. only,04 - Sideswipe,South Keys - Heron Gate - Greenboro West
2987,STAGECOACH RD btwn DALMENY RD & FAWN LANE,378504.5031,4997952.736,-75.5632056,45.11770775,2014-01-11,19:07,"07 - Fog, mist, smoke, dust",02 - Wet,10 - No control,01 - Non intersection,07 - Dark,03 - P.D. only,07 - SMV other,Kars - Osgoode
2988,SAUNDERSON DR @ SMYTH RD,372793.7313,5029324.311,-75.63148859,45.40055474,2014-01-11,10:02,02 - Rain,06 - Ice,01 - Traffic signal,02 - Intersection related,01 - Daylight,03 - P.D. only,03 - Rear end,Elmvale - Eastway - Riverview - Riverview Park West
2989,RICHMOND RD btwn STEEPLE HILL CRES & CAMBRIAN RD,359109.5826,5009819.301,-75.80840536,45.22624259,2014-01-11,10:38,04 - Freezing Rain,04 - Slush,10 - No control,01 - Non intersection,01 - Daylight,03 - P.D. only,07 - SMV other,Munster Hamlet - Richmond
2990,MOJAVE CRES btwn HORSESHOE CRES & CHEROKEE WAY (1),349685.7049,5015308.025,-75.9279096,45.27629583,2014-01-17,20:00,01 - Clear,05 - Packed snow,10 - No control,01 - Non intersection,07 - Dark,03 - P.D. only,06 - SMV unattended vehicle,Stittsville
2991,INNES RD @ 298 E OF WILDFLOWER DR/LOBLAWS SC,383191.3777,5035796.783,-75.49766404,45.45770166,2014-01-24,9:30,01 - Clear,01 - Dry,01 - Traffic signal,02 - Intersection related,01 - Daylight,03 - P.D. only,03 - Rear end,Avalon
2992,MONTREAL RD btwn BEGIN ST & PARK ST,370483.4373,5033296.972,-75.6604661,45.43651971,2014-01-13,11:00,02 - Rain,02 - Wet,10 - No control,04 - At/near private drive,01 - Daylight,03 - P.D. only,05 - Turning movement,Vanier South
2993,RAVEN AVE @ KIRKWOOD AVE,364690.1911,5026772.784,-75.73529814,45.37833673,2014-01-13,21:15,01 - Clear,02 - Wet,02 - Stop sign,03 - At intersection,07 - Dark,03 - P.D. only,02 - Angle,Carlington
2994,TURNBERRY RD btwn SILVER BARK AVE & CLAIBORNE WAY,382362.1888,5036412.265,-75.5081676,45.46333178,2014-01-18,19:15,01 - Clear,01 - Dry,10 - No control,04 - At/near private drive,07 - Dark,03 - P.D. only,06 - SMV unattended vehicle,Queenswood Heights
2995,PRINCE OF WALES DR btwn NORMANDY CRES & FALAISE RD (1),367489.0968,5024656.859,-75.69983252,45.35905329,2014-01-19,14:49,03 - Snow,04 - Slush,10 - No control,01 - Non intersection,01 - Daylight,03 - P.D. only,07 - SMV other,Carleton Heights - Rideauview
2996,SOMERSET ST    W btwn PERCY ST & BAY ST,367134.9688,5030579.471,-75.70360422,45.41237503,2014-01-15,17:56,01 - Clear,01 - Dry,10 - No control,01 - Non intersection,07 - Dark,03 - P.D. only,06 - SMV unattended vehicle,Chinatown
2997,TORMEY ST btwn COBOURG ST & BRIGADIER PRIV,369125.8296,5032882.691,-75.6778707,45.43291838,2014-01-15,18:29,01 - Clear,01 - Dry,10 - No control,01 - Non intersection,07 - Dark,03 - P.D. only,01 - Approaching,Lower Town
2998,HAZEL ST btwn DRUMMOND ST & GLENORA ST,369031.8802,5030119.88,-75.6794315,45.40806825,2014-01-13,13:00,01 - Clear,06 - Ice,10 - No control,04 - At/near private drive,01 - Daylight,03 - P.D. only,06 - SMV unattended vehicle,Old Ottawa East
2999,KINCARDINE DR btwn TO BE DETERMINED & NAIRN ST,352080.7054,5016938.891,-75.89723041,45.29081384,2014-01-18,8:39,01 - Clear,02 - Wet,10 - No control,04 - At/near private drive,01 - Daylight,03 - P.D. only,06 - SMV unattended vehicle,Glen Cairn - Kanata South Business Park
3000,NELSON ST btwn OSGOODE ST & SOMERSET ST E,369076.9626,5031791.234,-75.67863764,45.42310236,2014-01-17,0:00,01 - Clear,02 - Wet,10 - No control,01 - Non intersection,00 - Unknown,03 - P.D. only,06 - SMV unattended vehicle,Sandy Hill
3001,LONGFIELDS DR btwn DEERCROFT AVE & STRANDHERD DR,364500.1413,5015260.777,-75.73911265,45.27476891,2014-01-18,10:07,02 - Rain,02 - Wet,10 - No control,04 - At/near private drive,01 - Daylight,03 - P.D. only,02 - Angle,New Barrhaven
3002,WALKLEY RD @ DON REID DR/RYDER ST,372602.366,5027284.537,-75.63421298,45.38222027,2014-01-22,11:59,01 - Clear,06 - Ice,01 - Traffic signal,02 - Intersection related,01 - Daylight,03 - P.D. only,03 - Rear end,Playfair Park - Lynda Park - Guildwood Estates
3003,BLACKBURN BYPASS @ NAVAN RD,379618.2267,5033276.96,-75.54372805,45.4354219,2014-02-03,10:08,01 - Clear,01 - Dry,01 - Traffic signal,03 - At intersection,01 - Daylight,03 - P.D. only,02 - Angle,Greenbelt
3004,CHARLEVOIX ST btwn BEECHWOOD AVE & BARRETTE ST,369201.2864,5033577.849,-75.67681547,45.43916619,2014-02-04,13:10,01 - Clear,02 - Wet,10 - No control,04 - At/near private drive,01 - Daylight,03 - P.D. only,02 - Angle,Vanier North
3005,HIGHWAY 417 btwn HWY417 IC110 RAMP66 & HWY417 IC110 RAMP56,375688.0978,5029568.175,-75.59448717,45.40246181,2014-01-25,0:00,06 - Strong wind,06 - Ice,10 - No control,01 - Non intersection,07 - Dark,03 - P.D. only,07 - SMV other,Greenbelt
3006,MONTREAL RD @ OGILVIE RD,375655.242,5034557.854,-75.59418907,45.44735942,2014-01-21,21:34,01 - Clear,01 - Dry,01 - Traffic signal,02 - Intersection related,07 - Dark,03 - P.D. only,03 - Rear end,Beacon Hill South - Cardinal Heights
3007,BAYSHORE DR @ RICHMOND RD,359373.1922,5023369.286,-75.80355828,45.34814643,2014-01-22,7:45,01 - Clear,01 - Dry,01 - Traffic signal,02 - Intersection related,03 - Dawn,03 - P.D. only,03 - Rear end,Bayshore
3008,INDUSTRIAL AVE @ ALTA VISTA DR/SANDFORD FLEMIN,370885.7377,5030558.33,-75.65569207,45.41184066,2014-01-20,10:04,01 - Clear,01 - Dry,01 - Traffic signal,03 - At intersection,01 - Daylight,03 - P.D. only,05 - Turning movement,Industrial Park
3009,CARLING AVE EB btwn CARLING AVE EB OFF RAMP/OTTAWA RIVER PKWY & TRANSI,360948.116,5025209.023,-75.78325232,45.36457599,2014-01-22,8:26,01 - Clear,01 - Dry,10 - No control,07 - Overpass or bridge,01 - Daylight,03 - P.D. only,03 - Rear end,Whitehaven - Queensway Terrace North
3010,HWY417 IC110 RAMP54 btwn HWY417 IC110 RAMP58 & HIGHWAY 417,375610.4001,5029122.415,-75.59554355,45.39845897,2014-01-17,13:35,03 - Snow,02 - Wet,10 - No control,01 - Non intersection,01 - Daylight,03 - P.D. only,07 - SMV other,Greenbelt
3011,HIGHWAY 417 btwn HWY417 IC104 RAMP15 & HWY417 IC96 RAMP51,383110.8016,5025338.882,-75.50035552,45.36361885,2014-01-18,16:30,03 - Snow,06 - Ice,10 - No control,01 - Non intersection,01 - Daylight,03 - P.D. only,07 - SMV other,Greenbelt
3012,HIGHWAY 417 btwn HWY417 IC127 RAMP67 & HWY417 IC126 RAMP16,362363.4036,5025037.482,-75.7652072,45.36291769,2014-01-19,13:20,03 - Snow,03 - Loose snow,10 - No control,01 - Non intersection,01 - Daylight,03 - P.D. only,04 - Sideswipe,Carlingwood West - Glabar Park - McKellar Heights
3013,MAITLAND AVE btwn TERREBONNE DR & CAMEO DR,364051.4494,5025136.955,-75.74364935,45.36367209,2014-01-07,14:56,01 - Clear,01 - Dry,10 - No control,01 - Non intersection,01 - Daylight,03 - P.D. only,05 - Turning movement,Civic Hospital - Experimental Farm - Central Park
3014,FALLOWFIELD RD btwn EAGLESON RD & RICHMOND RD,356859.2782,5013027.768,-75.83672361,45.25528307,2014-01-02,23:00,03 - Snow,03 - Loose snow,10 - No control,01 - Non intersection,07 - Dark,03 - P.D. only,07 - SMV other,Munster Hamlet - Richmond
3015,FAIRBANKS AVE @ PLEASANT PARK RD,370857.4905,5028523.022,-75.65632554,45.39353042,2014-01-06,16:33,04 - Freezing Rain,06 - Ice,02 - Stop sign,03 - At intersection,01 - Daylight,03 - P.D. only,02 - Angle,Alta Vista
3016,ALBION RD @ BANK ST,371945.4933,5024128.265,-75.64302878,45.35388456,2014-01-06,21:17,01 - Clear,01 - Dry,01 - Traffic signal,03 - At intersection,07 - Dark,03 - P.D. only,05 - Turning movement,Emerald Woods - Sawmill Creek
3017,RUSSELL RD S @ ST. LAURENT BLVD,373569.6106,5029261.962,-75.62158783,45.39991797,2014-01-14,18:45,01 - Clear,02 - Wet,01 - Traffic signal,02 - Intersection related,07 - Dark,03 - P.D. only,03 - Rear end,Hawthorne Meadows - Sheffield Glen
3018,ROGER STEVENS DR btwn DWYER HILL RD & MALAKOFF RD,357913.649,4992317.577,-75.82549366,45.06884686,2014-01-14,19:33,01 - Clear,01 - Dry,10 - No control,01 - Non intersection,07 - Dark,03 - P.D. only,07 - SMV other,Munster Hamlet - Richmond
3019,HIGHWAY 417 btwn HWY417 IC129 RAMP26 & HWY417 IC129 RAMP61,360543.5863,5023622.186,-75.78859481,45.35032998,2014-01-25,23:20,03 - Snow,06 - Ice,10 - No control,01 - Non intersection,07 - Dark,03 - P.D. only,07 - SMV other,Whitehaven - Queensway Terrace North
3020,BRIARCLIFFE DR @ KINDLE CRT,373797.251,5035830.661,-75.61776013,45.4589973,2014-01-21,15:04,01 - Clear,01 - Dry,02 - Stop sign,02 - Intersection related,01 - Daylight,03 - P.D. only,02 - Angle,Gloucester
3021,MONTREAL RD btwn BETHAMY LANE & OGILVIE RD,375409.9385,5034398.047,-75.59734756,45.4459464,2014-01-11,19:32,04 - Freezing Rain,06 - Ice,10 - No control,01 - Non intersection,07 - Dark,03 - P.D. only,07 - SMV other,Beacon Hill South - Cardinal Heights
3022,BOREALIS CRES btwn TO BE DETERMINED & DEN HAAG DR,372751.5413,5033527.002,-75.63144783,45.43837266,2014-01-11,10:45,04 - Freezing Rain,06 - Ice,10 - No control,04 - At/near private drive,01 - Daylight,03 - P.D. only,06 - SMV unattended vehicle,Carson Grove - Carson Meadows
3023,FRANKTOWN RD btwn SKEEL CRT & DWYER HILL RD,347628.6406,4998038.691,-75.95561056,45.12102597,2014-01-11,11:31,02 - Rain,02 - Wet,10 - No control,01 - Non intersection,01 - Daylight,03 - P.D. only,07 - SMV other,Munster Hamlet - Richmond
3024,FRANK KENNY RD btwn MCFADDEN RD & RUSSELL RD,392191.2863,5027273.406,-75.384121,45.37995043,2014-01-11,12:11,04 - Freezing Rain,06 - Ice,10 - No control,01 - Non intersection,01 - Daylight,03 - P.D. only,07 - SMV other,Navan - Vars
3025,RIVERSIDE DR NB btwn BANK ST & RIVERSIDE DR NB RAMP FROM EB TO WB,369342.7399,5027940.941,-75.67574577,45.38843429,2014-01-02,10:00,01 - Clear,05 - Packed snow,10 - No control,04 - At/near private drive,01 - Daylight,03 - P.D. only,02 - Angle,Alta Vista
3026,BANK ST btwn BANK ST EXTENSION NB & JOHNSTON RD,370806.1031,5024935.599,-75.65746131,45.36125687,2014-01-02,13:09,01 - Clear,01 - Dry,10 - No control,01 - Non intersection,01 - Daylight,03 - P.D. only,03 - Rear end,South Keys - Heron Gate - Greenboro West
3027,BUNCHBERRY WAY btwn WILLOWMERE WAY N & WILLOWMERE WAY S,373856.2736,5019634.99,-75.61927146,45.31327015,2014-08-14,10:30,01 - Clear,01 - Dry,10 - No control,01 - Non intersection,01 - Daylight,03 - P.D. only,01 - Approaching,Greenbelt
3028,CLYDE AVE btwn CARLING AVE & DOHENY ST,363584.1034,5026716.493,-75.74942658,45.37792391,2014-01-15,7:50,01 - Clear,01 - Dry,10 - No control,04 - At/near private drive,03 - Dawn,03 - P.D. only,04 - Sideswipe,Carlingwood West - Glabar Park - McKellar Heights
3029,HIGHWAY 417 btwn HWY417 IC138 RAMP61 & HWY417 IC134 RAMP36,355532.5148,5021773.532,-75.85273188,45.33407599,2014-01-11,9:40,02 - Rain,04 - Slush,10 - No control,01 - Non intersection,01 - Daylight,03 - P.D. only,07 - SMV other,Greenbelt
3030,BRONSON AVE @ CATHERINE ST/RAYMOND ST,367252.7085,5029796.313,-75.70219933,45.4053179,2014-01-19,16:15,03 - Snow,02 - Wet,01 - Traffic signal,03 - At intersection,01 - Daylight,03 - P.D. only,05 - Turning movement,Centretown West
3031,ST. MORITZ CRT btwn FORTUNE DR & FORTUNE DR,379518.7824,5037429.804,-75.54436799,45.47279673,2014-01-08,16:00,01 - Clear,05 - Packed snow,10 - No control,01 - Non intersection,05 - Dusk,03 - P.D. only,06 - SMV unattended vehicle,Orleans South West
3032,WOODROFFE AVE btwn FALLOWFIELD RD & EARL MULLIGAN DR,365094.7825,5017882.658,-75.73121592,45.29830975,2014-01-16,12:14,01 - Clear,01 - Dry,10 - No control,01 - Non intersection,01 - Daylight,03 - P.D. only,04 - Sideswipe,Greenbelt
3033,BEECHWOOD AVE btwn ST. PATRICK ST & MACKAY ST,369177.7175,5033579.401,-75.67711649,45.43918233,2014-01-18,9:55,01 - Clear,01 - Dry,10 - No control,04 - At/near private drive,01 - Daylight,03 - P.D. only,02 - Angle,Lindenlea - New Edinburgh
3034,MONTREAL RD @ ST. LAURENT BLVD,371547.1418,5033817.115,-75.64680131,45.44109898,2014-01-18,12:45,03 - Snow,02 - Wet,01 - Traffic signal,03 - At intersection,01 - Daylight,03 - P.D. only,03 - Rear end,Cummings
3035,QUEEN ST btwn O'CONNOR ST & METCALFE ST,367590.853,5031644.215,-75.69764471,45.4219145,2014-01-22,0:00,01 - Clear,01 - Dry,10 - No control,01 - Non intersection,00 - Unknown,03 - P.D. only,06 - SMV unattended vehicle,Downtown
3036,ATLANTIS AVE btwn LANARK AVE & WORKMAN AVE,362849.6197,5028706.789,-75.75856981,45.39589355,2014-01-20,18:00,01 - Clear,05 - Packed snow,10 - No control,01 - Non intersection,07 - Dark,03 - P.D. only,06 - SMV unattended vehicle,Westboro Beach
3037,COWICHAN WAY btwn OKANAGAN DR & TO BE DETERMINED,359508.8094,5022104.199,-75.80196762,45.33675259,2014-02-04,14:06,01 - Clear,03 - Loose snow,10 - No control,01 - Non intersection,01 - Daylight,03 - P.D. only,06 - SMV unattended vehicle,Qualicum - Redwood Park
3038,CHAPEL ST btwn RIDEAU ST & BESSERER ST,368895.4501,5032633.385,-75.68084726,45.43069637,2014-01-27,13:00,03 - Snow,03 - Loose snow,10 - No control,01 - Non intersection,01 - Daylight,03 - P.D. only,06 - SMV unattended vehicle,Lowe
3039,HIGHWAY 417 btwn HWY417 IC120B RAMP36 & HWY417 IC119B RAMP76,367980.9157,5030151.306,-75.6928523,45.40844667,2014-01-25,21:14,01 - Clear,05 - Packed snow,10 - No control,01 - Non intersection,07 - Dark,03 - P.D. only,07 - SMV other,The Glebe
3040,HIGHWAY 417 btwn HWY417 IC180 RAMP35 & HWY417 IC169 RAMP51,321391.9049,5029217.152,-76.28805698,45.40269587,2014-01-25,18:00,03 - Snow,03 - Loose snow,10 - No control,01 - Non intersection,07 - Dark,03 - P.D. only,07 - SMV other,Mississipp
3041,ALBERT ST @ O'CONNOR ST,367539.1821,5031522.971,-75.69832035,45.42082822,2014-01-22,18:50,01 - Clear,01 - Dry,01 - Traffic signal,02 - Intersection related,07 - Dark,03 - P.D. only,06 - SMV unattended vehicle,Downtown
3042,CARLING AVE EB btwn CARLING AVE & ROSEVIEW AVE,359346.6809,5024191.353,-75.8038059,45.35554546,2014-01-20,11:52,01 - Clear,02 - Wet,10 - No control,01 - Non intersection,01 - Daylight,03 - P.D. only,04 - Sideswipe,Whitehaven - Queensway Terrace North