Record,Location,X,Y,lon,lat,Date,Time,Environment,Road_Surface,Traffic_Control,Collision_Location,Light,Collision_Classification,Impact_type,Neighborhood
3043,MOODIE DR @ 325 N OF CORKSTOWN RD/NORTEL S ENT,356249.6523,5023062.413,-75.84344889,45.34562125,2014-01-03,10:09,01 - Clear,06 - Ice,01 - Traffic signal,02 - Intersection related,01 - Daylight,03 - P.D. only,03 - Rear end,Greenbelt
3044,DIAMONDVIEW RD @ THOMAS A. DOLAN PKWY,335556.5135,5025182.551,-76.10737464,45.36591186,2014-01-11,15:55,"07 - Fog, mist, smoke, dust",02 - Wet,02 - Stop sign,03 - At intersection,01 - Daylight,03 - P.D. only,02 - Angle,Car
3045,BARNSDALE RD btwn EAGLESON RD & TWIN ELM RD,358672.7943,5006828.62,-75.81429063,45.19936526,2014-01-11,7:51,02 - Rain,06 - Ice,10 - No control,01 - Non intersection,03 - Dawn,03 - P.D. only,07 - SMV other,Munster Hamlet - Richmond
3046,LEES AVE @ KING EDWARD AVE/MANN AVE,369179.3052,5031335.505,-75.67738954,45.41899246,2014-01-16,2:28,01 - Clear,01 - Dry,01 - Traffic signal,02 - Intersection related,07 - Dark,03 - P.D. only,07 - SMV other,Sandy Hill
3047,SOMERSET ST    W btwn BRONSON AVE & PERCY ST,367090.3554,5030552.601,-75.70417755,45.41213723,2014-01-22,13:40,01 - Clear,01 - Dry,10 - No control,01 - Non intersection,01 - Daylight,03 - P.D. only,06 - SMV unattended vehicle,Chinatown
3048,O'CONNOR ST @ SOMERSET ST,367855.7101,5031012.574,-75.69434148,45.41620738,2014-01-01,0:42,03 - Snow,02 - Wet,01 - Traffic signal,03 - At intersection,07 - Dark,03 - P.D. only,05 - Turning movement,Centretown
3049,CONSTELLATION CRES btwn TURN LANE & CENTREPOINTE DR,362433.2424,5023150.464,-75.76453577,45.34593271,2014-01-02,14:30,01 - Clear,01 - Dry,10 - No control,01 - Non intersection,01 - Daylight,03 - P.D. only,04 - Sideswipe,Centrepointe
3050,LANTHIER DR @ VANTAGE DR,383600.7614,5035849.321,-75.49242193,45.4581283,2014-01-10,19:30,02 - Rain,06 - Ice,02 - Stop sign,02 - Intersection related,07 - Dark,03 - P.D. only,03 - Rear end,Avalon
3051,BROADVIEW AVE btwn PRINCETON AVE & AVONDALE AVE,362884.2288,5027364.433,-75.75828581,45.38381235,2014-01-11,12:42,02 - Rain,06 - Ice,10 - No control,01 - Non intersection,01 - Daylight,03 - P.D. only,04 - Sideswipe,Carlingwood - McKellar Park - Laurentien View
3052,WEST HUNT CLUB RD @ WOODROFFE AVE,363670.184,5021246.742,-75.74897885,45.32870045,2014-01-02,12:50,01 - Clear,06 - Ice,01 - Traffic signal,02 - Intersection related,01 - Daylight,03 - P.D. only,03 - Rear end,Woodvale - Craig Henry - Manordale - Estates of Arlington Wo
3053,HIGHWAY 417 btwn HWY417 IC119A RAMP75 & HWY417 IC118 RAMP57,368708.8613,5030573.58,-75.68349886,45.41218006,2014-01-02,7:31,01 - Clear,06 - Ice,10 - No control,01 - Non intersection,03 - Dawn,03 - P.D. only,07 - SMV other,Old Ottawa East
3054,HIGHWAY 417 btwn HWY417 IC119A RAMP75 & HWY417 IC118 RAMP57,368706.8725,5030571.094,-75.68352459,45.41215787,2014-01-02,8:44,01 - Clear,06 - Ice,10 - No control,01 - Non intersection,01 - Daylight,03 - P.D. only,07 - SMV other,Old Ottawa East
3055,HIGHWAY 416 btwn HWY416 IC75A RAMP26 & HWY416 IC72 RAMP62,359240.9157,5020443.051,-75.80556812,45.32182635,2014-01-11,7:22,02 - Rain,06 - Ice,10 - No control,01 - Non intersection,03 - Dawn,03 - P.D. only,07 - SMV other,Greenbelt
3056,HIGHWAY 416 btwn HWY416 IC66 RAMP62 & HWY416 IC72 RAMP24,359307.3079,5016115.759,-75.80519709,45.28288386,2014-01-11,8:27,02 - Rain,06 - Ice,10 - No control,01 - Non intersection,01 - Daylight,03 - P.D. only,04 - Sideswipe,Greenbelt
3057,BANK ST btwn RIVERSIDE DR & BILLINGS TRANSIT,369412.1245,5027777.269,-75.6748812,45.38695523,2014-01-15,10:58,01 - Clear,01 - Dry,10 - No control,04 - At/near private drive,01 - Daylight,03 - P.D. only,05 - Turning movement,Alta Vista
3058,PINERIDGE RD btwn GLENNVIEW PL & TALL FOREST DR (1),343176.5407,5022850.061,-76.01028471,45.34454754,2014-01-19,17:20,03 - Snow,05 - Packed snow,10 - No control,01 - Non intersection,05 - Dusk,03 - P.D. only,01 - Approaching,Carp - Hardwood Plains
3059,UPLANDS DR @ AIRPORT PKWY RAMP 35,371123.2589,5021373.133,-75.65389107,45.32917295,2014-01-19,17:30,03 - Snow,03 - Loose snow,01 - Traffic signal,03 - At intersection,05 - Dusk,03 - P.D. only,02 - Angle,Greenbelt
3060,HIGHWAY 417 btwn HWY417 IC129 RAMP61 & TRANSIT,361485.6804,5024359.607,-75.77648812,45.35688974,2014-01-01,18:25,01 - Clear,01 - Dry,10 - No control,01 - Non intersection,07 - Dark,03 - P.D. only,07 - SMV other,Whitehaven - Queensway Terrace North
3061,HIGHWAY 417 btwn HWY417 IC118 RAMP76 & HWY417 IC118 RAMP67,369433.7495,5031042.918,-75.67417708,45.41633642,2014-01-02,17:00,01 - Clear,01 - Dry,10 - No control,01 - Non intersection,05 - Dusk,03 - P.D. only,03 - Rear end,Old Ottawa East
3062,HIGHWAY 417 btwn HWY417 IC115 RAMP36 & HWY417 IC115 RAMP26,372323.8056,5031507.019,-75.63719147,45.42023926,2014-01-03,9:16,01 - Clear,06 - Ice,10 - No control,01 - Non intersection,01 - Daylight,03 - P.D. only,07 - SMV other,Overbrook
3063,HIGHWAY 417 btwn HWY417 IC126 RAMP61 & HWY417 IC124 RAMP76,364106.6365,5027122.24,-75.74270656,45.38153072,2014-01-03,9:10,01 - Clear,99 - Other,10 - No control,01 - Non intersection,01 - Daylight,03 - P.D. only,07 - SMV other,Westboro
3064,HIGHWAY 416 btwn HWY416 IC66 RAMP53 & HWY416 IC57 RAMP34,360945.8108,5012927.279,-75.78467323,45.25406464,2014-01-03,10:40,01 - Clear,06 - Ice,10 - No control,01 - Non intersection,01 - Daylight,03 - P.D. only,03 - Rear end,Munster Hamlet - Richmond
3065,RIVER RD btwn KILBY LANE & WATERFRONT CRT,372702.6143,5006659.785,-75.63575608,45.19663442,2014-01-18,13:45,03 - Snow,06 - Ice,10 - No control,01 - Non intersection,01 - Daylight,03 - P.D. only,07 - SMV other,Manotick
3066,AVIATION PKWY @ MONTREAL RD,372146.7166,5034109.343,-75.63909809,45.4436708,2014-01-22,14:41,01 - Clear,01 - Dry,01 - Traffic signal,03 - At intersection,01 - Daylight,03 - P.D. only,02 - Angle,Cummings
3067,INDUSTRIAL AVE btwn TRAINYARDS DR & RUSSELL RD,372171.8805,5030404.211,-75.63928328,45.41033133,2014-01-22,15:02,01 - Clear,01 - Dry,10 - No control,04 - At/near private drive,01 - Daylight,03 - P.D. only,05 - Turning movement,Industrial Park
3068,RIDDELL DR btwn CAMPBELL REID CRT & MORAN ST,347235.9845,5026375.294,-75.95818249,45.37603464,2014-01-17,16:40,01 - Clear,02 - Wet,10 - No control,01 - Non intersection,05 - Dusk,03 - P.D. only,07 - SMV other,Carp - Hardwood Plains
3069,WALKLEY RD btwn 152 E OF HEATHERINGTON RD & HOLLY LANE,372120.6605,5027000.565,-75.64040203,45.37971166,2014-01-20,9:30,01 - Clear,01 - Dry,10 - No control,04 - At/near private drive,01 - Daylight,03 - P.D. only,07 - SMV other,Ledbury - Heron Gate - Ridgemont - Elmwood
3070,HIGHWAY 417 btwn HWY417 IC131 RAMP55 & HWY417 IC130 RAMP35,358998.6379,5023034.74,-75.80837451,45.34516522,2014-01-09,19:10,01 - Clear,01 - Dry,10 - No control,01 - Non intersection,07 - Dark,03 - P.D. only,03 - Rear end,Bayshore
3071,HIGHWAY 417 btwn HWY417 IC122 RAMP51 & HWY417 IC122 RAMP15,365496.5309,5028986.799,-75.72473112,45.39818857,2014-01-08,17:52,01 - Clear,01 - Dry,10 - No control,01 - Non intersection,07 - Dark,03 - P.D. only,03 - Rear end,Civic Hospital - Experimental Farm - Central Park
3072,HIGHWAY 417 btwn HWY417 IC155 RAMP61 & HWY417 IC145 RAMP56,343125.7524,5016829.059,-76.01139864,45.29037096,2014-01-11,8:45,04 - Freezing Rain,06 - Ice,10 - No control,01 - Non intersection,01 - Daylight,03 - P.D. only,07 - SMV other,Carp - Hardwood Plains
3073,HIGHWAY 417 btwn HWY417 IC117 RAMP36 & HWY417 IC117 RAMP26,370762.5404,5031199.023,-75.6571801,45.41761698,2014-01-15,17:30,01 - Clear,01 - Dry,10 - No control,01 - Non intersection,05 - Dusk,03 - P.D. only,03 - Rear end,Industrial Park
3074,HIGHWAY 417 btwn HWY 417 ANDERSON IC104R61 & HWY 417 BOUNDARY IC96R16,383404.8525,5025384.418,-75.49659527,45.36399564,2014-01-11,13:15,02 - Rain,04 - Slush,10 - No control,07 - Overpass or bridge,01 - Daylight,03 - P.D. only,99 - Other,Greenbelt
3075,HIGHWAY 417 btwn HWY417 IC123 RAMP62 & HWY417 IC122 RAMP16,364825.8859,5028160.96,-75.73339688,45.39081566,2014-01-16,18:30,01 - Clear,01 - Dry,10 - No control,01 - Non intersection,07 - Dark,03 - P.D. only,03 - Rear end,Island Park
3076,HIGHWAY 417 btwn HWY417 IC117 RAMP51 & HWY417 IC117 RAMP35,370701.5328,5031173.699,-75.65796292,45.41739487,2014-01-16,22:25,01 - Clear,01 - Dry,10 - No control,01 - Non intersection,07 - Dark,03 - P.D. only,04 - Sideswipe,Industrial Park
3077,KANATA AVE @ TERRY FOX DR,349305.8675,5019211.331,-75.93240031,45.31144317,2014-01-10,8:09,01 - Clear,03 - Loose snow,01 - Traffic signal,03 - At intersection,01 - Daylight,03 - P.D. only,05 - Turning movement,Kanata Lakes - Marchwood Lakeside - Morgan's Grant - Kanata
3078,FINDLAY AVE @ TORRINGTON PL,367934.2132,5028790.31,-75.69362311,45.39620506,2014-01-14,9:01,01 - Clear,02 - Wet,02 - Stop sign,03 - At intersection,01 - Daylight,03 - P.D. only,02 - Angle,The Glebe
3079,RICHMOND RD btwn GRENON AVE & MARIELLE CRT,359905.7219,5024194.555,-75.79667088,45.35553056,2014-01-14,10:20,01 - Clear,01 - Dry,10 - No control,04 - At/near private drive,01 - Daylight,03 - P.D. only,02 - Angle,Whitehaven - Queensway Terrace North
3080,WOODROFFE AVE @ QUEENSBURY DR/RIDEAUCREST DR,365727.4201,5016329.482,-75.72334104,45.2842798,2014-01-11,7:15,02 - Rain,06 - Ice,01 - Traffic signal,03 - At intersection,03 - Dawn,03 - P.D. only,04 - Sideswipe,Chapman Mills - Rideau Crest - Davidson Heights
3081,RIVERSIDE DR NB btwn NEIL WAY & PLEASANT PARK RD,369530.0759,5028379.043,-75.67329614,45.3923589,2014-01-16,16:10,01 - Clear,01 - Dry,10 - No control,01 - Non intersection,01 - Daylight,03 - P.D. only,03 - Rear end,Alta Vista
3082,BESSERER ST @ DALHOUSIE ST,368252.7017,5032159,-75.689122,45.42648664,2014-01-16,17:13,01 - Clear,01 - Dry,01 - Traffic signal,03 - At intersection,05 - Dusk,03 - P.D. only,05 - Turning movement,Byward Market - Parliament Hill
3083,RUSSELL RD btwn RUSSELL RD & WALKLEY RD,374706.8134,5028461.53,-75.60717723,45.39260345,2014-01-03,7:04,01 - Clear,06 - Ice,10 - No control,01 - Non intersection,03 - Dawn,03 - P.D. only,07 - SMV other,Industrial Park
3084,WOODROFFE AVE @ QUEENSBURY DR/RIDEAUCREST DR,365727.7015,5016329.207,-75.72333748,45.2842773,2014-01-11,8:00,04 - Freezing Rain,06 - Ice,01 - Traffic signal,02 - Intersection related,01 - Daylight,03 - P.D. only,03 - Rear end,Chapman Mills - Rideau Crest - Davidson Heights
3085,HIGHWAY 417 btwn HWY417 IC119A RAMP75 & HWY417 IC118 RAMP57,368629.3125,5030533.308,-75.68452029,45.41182496,2014-01-01,21:45,01 - Clear,06 - Ice,10 - No control,01 - Non intersection,07 - Dark,03 - P.D. only,99 - Other,The Glebe
3086,HIGHWAY 417 btwn HWY417 IC110 RAMP66 & HWY417 IC110 RAMP56,375843.7621,5029079.545,-75.59256938,45.3980496,2014-01-03,8:49,01 - Clear,01 - Dry,10 - No control,01 - Non intersection,01 - Daylight,03 - P.D. only,04 - Sideswipe,Greenbelt
3087,HWY417 IC144 RAMP35 btwn HIGHWAY 417 & CARP RD,347389.5486,5015793.498,-75.95713223,45.28080714,2014-01-04,11:30,01 - Clear,06 - Ice,10 - No control,01 - Non intersection,01 - Daylight,03 - P.D. only,07 - SMV other,Stittsville - Basswood
3088,CHAMPAGNE AVE   S btwn YOUNG ST & BEECH ST,366463.0314,5029187.231,-75.71236224,45.39990755,2014-01-12,12:30,03 - Snow,04 - Slush,10 - No control,01 - Non intersection,01 - Daylight,03 - P.D. only,06 - SMV unattended vehicle,Centretown West
3089,TISCHART CRES btwn DOYON AVE & KEYROCK DR,349338.652,5020484.228,-75.93186777,45.32289498,2014-01-19,18:00,03 - Snow,03 - Loose snow,10 - No control,04 - At/near private drive,07 - Dark,03 - P.D. only,06 - SMV unattended vehicle,Kanata Lakes - Marchwood Lakeside - Morgan's Grant - Kanata
3090,RIDEAU VALLEY DR    N btwn SOUTHWICK DR & RIDEAU NARROWS DR,371668.5678,5007229.715,-75.64883918,45.20186143,2014-01-19,20:58,03 - Snow,06 - Ice,10 - No control,01 - Non intersection,07 - Dark,03 - P.D. only,07 - SMV other,Manotick
3091,HIGHWAY 417 btwn HWY417 IC127 RAMP25 & HWY417 IC126 RAMP51,362678.495,5025256.59,-75.76115975,45.36486326,2014-02-03,9:05,01 - Clear,05 - Packed snow,10 - No control,01 - Non intersection,01 - Daylight,03 - P.D. only,04 - Sideswipe,Braemar Park - Bel Air Heights - Copeland Park
3092,HIGHWAY 417 btwn HWY417 IC119A RAMP75 & HWY417 IC118 RAMP57,368650.8569,5030547.23,-75.68424326,45.41194826,2014-01-03,21:45,01 - Clear,06 - Ice,10 - No control,01 - Non intersection,07 - Dark,03 - P.D. only,07 - SMV other,The Glebe
3093,HWY417 IC118 RAMP76 btwn HIGHWAY 417 & HWY417 IC118 RAMP43,369383.3686,5031055.016,-75.67481914,45.41644992,2014-01-03,22:25,01 - Clear,01 - Dry,10 - No control,01 - Non intersection,07 - Dark,03 - P.D. only,04 - Sideswipe,Old Ottawa East
3094,HIGHWAY 417 btwn HWY417 IC118 RAMP67 & HWY417 IC117 RAMP36,370260.3939,5031123.295,-75.66360553,45.41698277,2014-01-03,19:24,01 - Clear,06 - Ice,10 - No control,01 - Non intersection,07 - Dark,03 - P.D. only,03 - Rear end,Ol
3095,HIGHWAY 416 btwn HWY416 IC75A RAMP26 & HWY416 IC72 RAMP62,359184.6381,5020909.359,-75.80623471,45.32602658,2014-01-03,21:40,01 - Clear,01 - Dry,10 - No control,01 - Non intersection,07 - Dark,03 - P.D. only,07 - SMV other,Greenbelt
3096,VANIER PKWY NB btwn MONTREAL RD & MCARTHUR AVE,370089.9468,5033035.934,-75.66552959,45.43420785,2014-01-18,13:54,03 - Snow,02 - Wet,10 - No control,01 - Non intersection,01 - Daylight,03 - P.D. only,03 - Rear end,Vanier South
3097,RIDEAU VALLEY DR    N btwn RIDEAU NARROWS DR & PHELAN RD E,372346.9595,5006205.151,-75.64034383,45.19257783,2014-01-18,14:05,03 - Snow,06 - Ice,10 - No control,01 - Non intersection,01 - Daylight,03 - P.D. only,07 - SMV other,Manotick
3098,FIELD ST @ WOODROFFE AVE,362417.1853,5024106.254,-75.76462929,45.35453416,2014-01-22,15:17,01 - Clear,01 - Dry,02 - Stop sign,03 - At intersection,01 - Daylight,03 - P.D. only,02 - Angle,Iris
3099,ALBERT ST btwn KENT ST & BANK ST,367276.7754,5031354.461,-75.70169442,45.4193355,2014-01-20,16:58,01 - Clear,01 - Dry,10 - No control,01 - Non intersection,05 - Dusk,03 - P.D. only,04 - Sideswipe,Downtown
3100,ALBERT ST btwn BRICKHILL ST & COMMISSIONER ST,366631.788,5030808.675,-75.71000352,45.41448198,2014-01-20,17:28,01 - Clear,01 - Dry,10 - No control,01 - Non intersection,05 - Dusk,03 - P.D. only,03 - Rear end,LeBreton Flats
3101,HIGHWAY 7 btwn HAZELDEAN IC RAMP 53 & HIGHWAY 7,342215.7971,5008308.19,-76.02364034,45.21374483,2014-01-11,10:45,02 - Rain,06 - Ice,10 - No control,01 - Non intersection,01 - Daylight,03 - P.D. only,07 - SMV other,Munster Hamlet - Richmond
3102,HIGHWAY 417 btwn HWY417 IC180 RAMP35 & HWY417 IC169 RAMP51,318668.8525,5030953.731,-76.32279189,45.41838178,2014-01-11,8:17,02 - Rain,06 - Ice,10 - No control,01 - Non intersection,01 - Daylight,03 - P.D. only,07 - SMV other,Arnprior
3103,HWY416 IC75A RAMP26 btwn HIGHWAY 417 & HIGHWAY 416,358778.8827,5021859.119,-75.81130684,45.33460389,2014-01-11,17:30,02 - Rain,02 - Wet,10 - No control,01 - Non intersection,05 - Dusk,03 - P.D. only,07 - SMV other,Nepean
3104,HIGHWAY 417 btwn HWY417 IC104 RAMP16 & HWY417 IC104 RAMP61,380039.7327,5025954.649,-75.53945857,45.36949549,2014-01-12,2:45,02 - Rain,02 - Wet,10 - No control,01 - Non intersection,07 - Dark,03 - P.D. only,07 - SMV other,Greenbelt
3105,HIGHWAY 417 btwn HWY417 IC104 RAMP16 & HWY417 IC104 RAMP61,380070.8576,5025947.292,-75.53906239,45.36942595,2014-01-11,9:10,02 - Rain,04 - Slush,10 - No control,01 - Non intersection,01 - Daylight,03 - P.D. only,07 - SMV other,Greenbelt
3106,BOTELER ST @ DALHOUSIE ST/MACDONALDCARTIER BR ,367696.9091,5033070.236,-75.69610752,45.43473583,2014-01-02,19:00,01 - Clear,02 - Wet,02 - Stop sign,02 - Intersection related,07 - Dark,03 - P.D. only,04 - Sideswipe,Lower Town
3107,OTTAWA RIVER PKWY @ REMIC RAPIDS ENT/TUNNEY'S ,364265.1213,5030244.122,-75.74030672,45.40960738,2014-01-08,7:26,01 - Clear,06 - Ice,01 - Traffic signal,02 - Intersection related,03 - Dawn,03 - P.D. only,07 - SMV other,Island Park
3108,OTTAWA RIVER PKWY btwn WOODROFFE AVE & TURN LANE,361432.8346,5027014.708,-75.77685819,45.38078441,2014-01-08,7:33,01 - Clear,06 - Ice,10 - No control,01 - Non intersection,03 - Dawn,03 - P.D. only,03 - Rear end,Woodroffe - Lincoln Heights
3109,OTTAWA RIVER PKWY @ VIMY PLACE PRIV,365974.3188,5030799.629,-75.71840404,45.41445837,2014-01-17,22:30,00 - Unknown,02 - Wet,01 - Traffic signal,03 - At intersection,07 - Dark,03 - P.D. only,07 - SMV other,LeBreton Flats
3110,WOODROFFE AVE @ DEERFOX DR/STONEWAY DR,365886.2051,5015940.185,-75.72136507,45.28076314,2014-01-07,18:45,01 - Clear,06 - Ice,01 - Traffic signal,02 - Intersection related,07 - Dark,03 - P.D. only,03 - Rear end,Chapman Mills - Rideau Crest - Davidson Heights
3111,EAGLESON RD btwn Continuation of EAGLESON RD & FERNBANK RD,354731.142,5015753.916,-75.86356195,45.27996786,2014-01-15,5:50,01 - Clear,01 - Dry,10 - No control,01 - Non intersection,07 - Dark,03 - P.D. only,07 - SMV other,Bridlewood - Emerald Meadows
3112,HOMESTEAD ST btwn OLD COUNTRY GT & VALLEY RIDGE ST,366919.3253,5023992.679,-75.70718788,45.35312785,2014-01-06,18:00,01 - Clear,05 - Packed snow,10 - No control,01 - Non intersection,07 - Dark,03 - P.D. only,06 - SMV unattended vehicle,Borden Farm - Stewart Farm - Parkwood Hills - Fisher Glen
3113,AIRPORT PKWY @ HUNT CLUB RD,371019.0076,5023703.478,-75.65490901,45.35015056,2014-01-11,8:40,04 - Freezing Rain,06 - Ice,01 - Traffic signal,02 - Intersection related,01 - Daylight,03 - P.D. only,03 - Rear end,Hunt Club East - Western Community
3114,LADY GREY DR btwn SUSSEX DR & END,367418.2534,5032972.882,-75.69968108,45.43388488,2014-01-16,0:00,01 - Clear,01 - Dry,10 - No control,01 - Non intersection,00 - Unknown,03 - P.D. only,06 - SMV unattended vehicle,Byward Market - Parliament Hill
3115,GREENBANK RD @ BERRIGAN DR/WESSEX RD,363723.1747,5015277.692,-75.74901234,45.27498665,2014-01-16,17:17,01 - Clear,01 - Dry,01 - Traffic signal,02 - Intersection related,05 - Dusk,03 - P.D. only,03 - Rear end,New Barrhaven
3116,FALLOWFIELD RD btwn KIMINI DR & SHEA RD,353331.2866,5010424.801,-75.88192433,45.23211294,2014-01-16,17:37,01 - Clear,01 - Dry,10 - No control,01 - Non intersection,05 - Dusk,03 - P.D. only,07 - SMV other,Munster Hamlet - Richmond
3117,DATA CENTRE RD @ HERON RD,368940.4904,5026732.541,-75.68103924,45.37759843,2014-01-03,13:03,01 - Clear,02 - Wet,02 - Stop sign,02 - Intersection related,01 - Daylight,03 - P.D. only,04 - Sideswipe,Alta Vista
3118,CAMPEAU DR @ HERLIHEY WAY,350509.5988,5019177.738,-75.91705257,45.31106357,2014-01-03,14:07,03 - Snow,05 - Packed snow,01 - Traffic signal,02 - Intersection related,01 - Daylight,03 - P.D. only,04 - Sideswipe,Kanata
3119,MAIN ST btwn CLEGG ST & MCNAUGHTON AVE,369291.9861,5029873.66,-75.67614118,45.40582893,2014-01-11,6:47,04 - Freezing Rain,06 - Ice,10 - No control,01 - Non intersection,07 - Dark,03 - P.D. only,05 - Turning movement,Old Ottawa East
3120,"MCARTHUR AVE btwn EGLISE, RUE DE L & MAY ST",371485.0833,5032829.106,-75.64772833,45.43221525,2014-01-12,2:01,02 - Rain,02 - Wet,10 - No control,04 - At/near private drive,07 - Dark,03 - P.D. only,02 - Angle,Castle Heights
3121,HIGHWAY 417 btwn HWY417 IC117 RAMP51 & HWY417 IC117 RAMP35,370596.7838,5031157.584,-75.65930332,45.41725974,2014-01-03,13:22,01 - Clear,06 - Ice,10 - No control,01 - Non intersection,01 - Daylight,03 - P.D. only,03 - Rear end,Industrial Park
3122,HIGHWAY 417 btwn HWY417 IC118 RAMP76 & HWY417 IC118 RAMP67,369672.9406,5031142.332,-75.67110818,45.41720877,2014-01-05,0:10,01 - Clear,02 - Wet,10 - No control,01 - Non intersection,07 - Dark,03 - P.D. only,07 - SMV other,Sandy Hill
3123,HWY417 IC127 RAMP25 btwn WOODROFFE AVE & HIGHWAY 417,362363.3282,5025005.559,-75.76521188,45.36263045,2014-01-03,22:25,01 - Clear,06 - Ice,10 - No control,01 - Non intersection,07 - Dark,03 - P.D. only,07 - SMV other,Braemar Park - Bel Air Heights - Copeland Park
3124,HIGHWAY 417 btwn HWY417 IC118 RAMP35 & HWY417 IC117 RAMP51,369840.1097,5031137.837,-75.66897305,45.41715281,2014-01-04,17:15,01 - Clear,02 - Wet,10 - No control,01 - Non intersection,05 - Dusk,03 - P.D. only,03 - Rear end,Old Ottawa East
3125,HIGHWAY 417 btwn HWY417 IC117 RAMP51 & HWY417 IC117 RAMP35,370860.8551,5031213.233,-75.65592215,45.41773556,2014-01-04,17:20,03 - Snow,02 - Wet,10 - No control,01 - Non intersection,05 - Dusk,03 - P.D. only,03 - Rear end,Industrial Park
3126,MEADOWLANDS DR btwn HOGAN ST & NESS ST,366406.5925,5024939.702,-75.7136131,45.36169422,2014-01-15,12:28,01 - Clear,02 - Wet,10 - No control,01 - Non intersection,01 - Daylight,03 - P.D. only,03 - Rear end,Borden Farm - Stewart Farm - Parkwood Hills - Fisher Glen
3127,ALERT RD btwn HIGH RD & THAD JOHNSON PRIV,372133.5347,5021062.706,-75.64104629,45.32628362,2014-01-15,13:25,01 - Clear,02 - Wet,10 - No control,01 - Non intersection,01 - Daylight,03 - P.D. only,07 - SMV other,Greenbelt
3128,PRINCE OF WALES DR @ STRANDHERD DR,367175.7968,5014824.444,-75.70506905,45.27061055,2014-01-19,22:25,01 - Clear,02 - Wet,01 - Traffic signal,03 - At intersection,07 - Dark,03 - P.D. only,04 - Sideswipe,Greenbelt
3129,HIGHWAY 417 btwn HWY417 IC126 RAMP61 & HWY417 IC124 RAMP76,363210.8768,5025935.832,-75.75428397,45.37093083,2014-01-03,16:59,01 - Clear,01 - Dry,10 - No control,01 - Non intersection,05 - Dusk,03 - P.D. only,04 - Sideswipe,Carlingwood West - Glabar Park - McKellar Heights
3130,HIGHWAY 417 btwn HWY417 IC124 RAMP76 & HWY417 IC124 RAMP67,364156.6538,5027185.641,-75.74206032,45.38209695,2014-01-02,15:56,01 - Clear,01 - Dry,10 - No control,01 - Non intersection,01 - Daylight,03 - P.D. only,03 - Rear end,Westboro
3131,HIGHWAY 417 btwn HWY417 IC122 RAMP15 & HWY417 IC121B RAMP51,366059.8407,5029312.466,-75.71749626,45.40106978,2014-01-03,22:52,01 - Clear,06 - Ice,10 - No control,01 - Non intersection,07 - Dark,03 - P.D. only,07 - SMV other,Civic Hospital - Experimental Farm - Central Park
3132,HIGHWAY 416 btwn HWY416 IC66 RAMP24 & HWY416 IC57 RAMP62,360570.7093,5013906.602,-75.78934193,45.26290654,2014-01-03,20:00,01 - Clear,01 - Dry,10 - No control,01 - Non intersection,07 - Dark,03 - P.D. only,07 - SMV other,Munster Hamlet - Richmond
3133,HIGHWAY 417 btwn HWY417 IC119B RAMP57 & HWY417 IC119A RAMP75,368421.9885,5030422.437,-75.68718309,45.41084626,2014-01-04,1:10,01 - Clear,06 - Ice,10 - No control,01 - Non intersection,07 - Dark,03 - P.D. only,07 - SMV other,The Glebe
3134,WEST HUNT CLUB RD EB btwn 545 E OF ROYDON PL/SUNDERLAND ST & ANTARES D,366930.5097,5022379.061,-75.70724784,45.33860782,2014-01-18,15:11,01 - Clear,02 - Wet,10 - No control,01 - Non intersection,01 - Daylight,03 - P.D. only,07 - SMV other,Industrial Park
3135,CHAMPNEUF DR @ KINDERSLEY AVE,381707.5388,5035988.279,-75.51660406,45.45958949,2014-01-18,15:29,01 - Clear,06 - Ice,02 - Stop sign,03 - At intersection,01 - Daylight,03 - P.D. only,02 - Angle,Orleans Village - Chateauneuf
3136,INNES RD/PRESTWICK DR @ LANTHIER DR,383540.9495,5035989.095,-75.4931642,45.45939261,2014-01-22,15:42,01 - Clear,01 - Dry,01 - Traffic signal,03 - At intersection,01 - Daylight,03 - P.D. only,05 - Turning movement,Queenswood Heights
3137,WILLIAM MOONEY RD btwn SENTINEL PINE WAY & HUNTLEY MANOR DR,344330.4687,5017232.879,-75.99600854,45.29393797,2014-01-20,7:10,01 - Clear,05 - Packed snow,10 - No control,01 - Non intersection,03 - Dawn,03 - P.D. only,07 - SMV other,Stittsville - Basswood
3138,CASTLEFRANK RD @ HAZELDEAN RD,352677.3711,5017677.529,-75.8895528,45.2974199,2014-01-20,17:45,01 - Clear,01 - Dry,01 - Traffic signal,02 - Intersection related,07 - Dark,03 - P.D. only,04 - Sideswipe,Glen Cairn - Kanata South Business Park
3139,HIGHWAY 417 btwn HWY417 IC117 RAMP36 & HWY417 IC117 RAMP26,370764.8425,5031200.174,-75.65715054,45.41762712,2014-01-12,18:30,01 - Clear,01 - Dry,10 - No control,01 - Non intersection,07 - Dark,03 - P.D. only,04 - Sideswipe,Industrial Park
3140,CYRVILLE RD @ ST. LAURENT BLVD,372242.2004,5032111.1,-75.63815139,45.42568237,2014-01-22,21:11,01 - Clear,01 - Dry,01 - Traffic signal,02 - Intersection related,07 - Dark,03 - P.D. only,07 - SMV other,Overbrook
3141,HWY417 IC118 RAMP67 btwn HWY417 IC118 RAMP64 & HIGHWAY 417,369715.0512,5031163.34,-75.67056742,45.41739389,2014-01-12,21:20,01 - Clear,01 - Dry,10 - No control,01 - Non intersection,07 - Dark,03 - P.D. only,07 - SMV other,Sandy Hill
3142,OTTAWA RIVER PKWY EB btwn TURN LANE & TRANSIT,361442.7111,5027055.758,-75.77672738,45.38115297,2014-01-03,8:30,01 - Clear,99 - Other,10 - No control,01 - Non intersection,01 - Daylight,03 - P.D. only,07 - SMV other,Woodroffe - Lincoln Heights