Record,Location,X,Y,lon,lat,Date,Time,Environment,Road_Surface,Traffic_Control,Collision_Location,Light,Collision_Classification,Impact_type,Neighborhood
3143,OTTAWA RIVER PKWY WB btwn TUNNEY'S PASTURE/REMIC RAPIDS ENT & PARKDALE,364070.6843,5030062.771,-75.74281233,45.40799211,2014-01-20,17:00,01 - Clear,01 - Dry,10 - No control,01 - Non intersection,05 - Dusk,03 - P.D. only,03 - Rear end,Island Park
3144,COLONEL BY DR btwn RIDEAU ST & MACKENZIE AVE,367957.6708,5031989.579,-75.69291362,45.42498895,2014-01-21,9:40,01 - Clear,01 - Dry,10 - No control,04 - At/near private drive,01 - Daylight,03 - P.D. only,02 - Angle,Byward Market - Parliament Hill
3145,GREENBANK RD @ HWY 417 IC129 RAMP57/IRIS ST,360531.9623,5023312.495,-75.78877804,45.34754431,2014-01-02,15:07,01 - Clear,01 - Dry,01 - Traffic signal,02 - Intersection related,01 - Daylight,03 - P.D. only,03 - Rear end,Iris
3146,KING EDWARD AVE @ SUSSEX DR,367664.274,5033504.019,-75.69646919,45.43864179,2014-01-09,15:15,01 - Clear,02 - Wet,01 - Traffic signal,02 - Intersection related,01 - Daylight,03 - P.D. only,03 - Rear end,Byward Market - Parliament Hill
3147,MERIVALE RD @ 210 S OF MEADOWLANDS DR,364946.0785,5023531.974,-75.73242562,45.34915451,2014-01-10,11:51,03 - Snow,02 - Wet,01 - Traffic signal,02 - Intersection related,01 - Daylight,03 - P.D. only,03 - Rear end,Borden Farm - Stewart Farm - Parkwood Hills - Fisher Glen
3148,LYON ST @ SOMERSET ST,367366.7003,5030717.326,-75.7006264,45.41359472,2014-01-11,9:00,04 - Freezing Rain,06 - Ice,01 - Traffic signal,02 - Intersection related,01 - Daylight,03 - P.D. only,03 - Rear end,Centretown
3149,DUNROBIN RD @ KINBURN SIDE RD,338029.5988,5035930.389,-76.07508039,45.4625115,2014-01-11,18:41,04 - Freezing Rain,06 - Ice,02 - Stop sign,02 - Intersection related,07 - Dark,03 - P.D. only,07 - SMV other,Woodlawn
3150,CARLING AVE @ HOLLAND AVE,365416.6987,5028039.307,-75.72586712,45.38967016,2014-01-16,17:49,01 - Clear,01 - Dry,01 - Traffic signal,03 - At intersection,07 - Dark,03 - P.D. only,03 - Rear end,Civic Hospital - Experimental Farm - Central Park
3151,CARP RD @ STITTSVILLE MAIN ST,349523.7722,5014331.471,-75.93006137,45.26751877,2014-01-16,18:40,01 - Clear,01 - Dry,01 - Traffic signal,03 - At intersection,07 - Dark,03 - P.D. only,05 - Turning movement,Stittsville
3152,BURRIS LANE @ MERIVALE RD,364880.7064,5025067.773,-75.73307316,45.36297901,2014-01-03,13:30,01 - Clear,06 - Ice,01 - Traffic signal,02 - Intersection related,01 - Daylight,03 - P.D. only,03 - Rear end,Cityview - Skyline - Fisher Heights
3153,WALKLEY RD @ HEATHERINGTON RD,371766.7248,5026794.78,-75.64494873,45.37789401,2014-01-07,8:00,01 - Clear,02 - Wet,01 - Traffic signal,02 - Intersection related,01 - Daylight,03 - P.D. only,04 - Sideswipe,Ledbury - Heron Gate - Ridgemont - Elmwood
3154,RUSSELL RD btwn MILTON RD & SAND RD,390085.29,5025452.977,-75.41132135,45.36383154,2014-01-11,6:15,04 - Freezing Rain,06 - Ice,10 - No control,01 - Non intersection,07 - Dark,03 - P.D. only,07 - SMV other,Navan - Vars
3155,IRIS ST @ WOODROFFE AVE,362283.1991,5024441.266,-75.76630027,45.35755957,2014-01-11,7:33,04 - Freezing Rain,06 - Ice,01 - Traffic signal,02 - Intersection related,03 - Dawn,03 - P.D. only,03 - Rear end,Iris
3156,HOG'S BACK RD btwn PRINCE OF WALES DR & COLONEL BY DR,367408.8514,5025712.831,-75.70072289,45.36856186,2014-01-11,8:45,02 - Rain,02 - Wet,10 - No control,01 - Non intersection,01 - Daylight,03 - P.D. only,04 - Sideswipe,Carleton Heights - Rideauview
3157,KANATA AVE btwn WALDEN DR & KNUDSON DR,350093.2386,5020566.803,-75.92223524,45.32358972,2014-01-11,12:25,02 - Rain,06 - Ice,10 - No control,01 - Non intersection,01 - Daylight,03 - P.D. only,07 - SMV other,Kanata Lakes - Marchwood Lakeside - Morgan's Grant - Kanata
3158,HIGHWAY 417 btwn HWY417 IC122 RAMP61 & HWY417 IC121B RAMP16,366557.7696,5029530.632,-75.71110924,45.40298904,2014-01-05,9:50,03 - Snow,04 - Slush,10 - No control,01 - Non intersection,01 - Daylight,03 - P.D. only,04 - Sideswipe,Little Italy
3159,HWY416 IC72 RAMP34 btwn HIGHWAY 416 & WEST HUNT CLUB RD,359335.4183,5019579.894,-75.80445779,45.31405228,2014-01-03,18:15,01 - Clear,06 - Ice,10 - No control,01 - Non intersection,07 - Dark,03 - P.D. only,07 - SMV other,Greenbelt
3160,DWYER HILL RD btwn ROGER STEVENS DR & FLOOD RD,355541.3215,4987177.622,-75.85613769,45.0227685,2014-01-15,13:58,01 - Clear,01 - Dry,10 - No control,01 - Non intersection,01 - Daylight,03 - P.D. only,07 - SMV other,Munster Hamlet - Richmond
3161,WOODROFFE AVE btwn KNOXDALE RD/MEDHURST DR & NORICE ST,363362.9092,5021969.706,-75.75281295,45.33523134,2014-01-22,8:30,01 - Clear,01 - Dry,10 - No control,01 - Non intersection,01 - Daylight,03 - P.D. only,03 - Rear end,Woodvale - Craig Henry - Manordale - Estates of Arlington Wo
3162,BISCAYNE CRES @ VIEWMOUNT DR,365910.707,5023122.78,-75.72016689,45.34538926,2014-01-22,9:00,01 - Clear,01 - Dry,02 - Stop sign,02 - Intersection related,01 - Daylight,03 - P.D. only,03 - Rear end,Borden Farm - Stewart Farm - Parkwood Hills - Fisher Glen
3163,HIGHWAY 417 btwn HWY417 IC118 RAMP35 & HWY417 IC117 RAMP51,369816.9109,5031136.87,-75.66926956,45.41714626,2014-01-03,13:15,01 - Clear,01 - Dry,10 - No control,01 - Non intersection,01 - Daylight,03 - P.D. only,03 - Rear end,Old Ottawa East
3164,HIGHWAY 417 btwn HWY417 IC121A RAMP51 & HWY417 IC120A RAMP52,367231.4166,5029722.317,-75.70248067,45.40465401,2014-01-03,7:08,01 - Clear,06 - Ice,10 - No control,01 - Non intersection,03 - Dawn,03 - P.D. only,07 - SMV other,The Glebe Annex
3165,HIGHWAY 417 btwn HWY417 IC122 RAMP61 & HWY417 IC121B RAMP16,366447.5348,5029493.288,-75.7125219,45.40266274,2014-01-04,8:03,01 - Clear,06 - Ice,10 - No control,01 - Non intersection,01 - Daylight,03 - P.D. only,07 - SMV other,Little Italy
3166,HIGHWAY 417 btwn RAMP & HWY417 IC129 RAMP76,360220.1415,5023370.897,-75.79275049,45.34809452,2014-01-03,8:10,05 - Drifting Snow,06 - Ice,10 - No control,01 - Non intersection,01 - Daylight,03 - P.D. only,04 - Sideswipe,Whitehaven - Queensway Terrace North
3167,TERRY FOX DR @ WESTPHALIAN AVE,353455.2261,5015759.789,-75.87982363,45.28011017,2014-01-18,15:30,01 - Clear,01 - Dry,01 - Traffic signal,02 - Intersection related,01 - Daylight,03 - P.D. only,07 - SMV other,Glen Cairn - Kanata South Business Park
3168,BANK ST @ CONROY RD,375042.352,5022240.897,-75.60377666,45.33659945,2014-01-18,17:14,03 - Snow,06 - Ice,01 - Traffic signal,02 - Intersection related,05 - Dusk,03 - P.D. only,03 - Rear end,Greenbelt
3169,ST. JEAN ST @ ST. JOSEPH BLVD,380970.7512,5037201.845,-75.52583573,45.47058888,2014-01-22,15:15,01 - Clear,01 - Dry,01 - Traffic signal,03 - At intersection,01 - Daylight,03 - P.D. only,03 - Rear end,Orleans Village - Chateauneuf
3170,VANIER PKWY/CRICHTON ST @ BEECHWOOD AVE/ST. PA,369127.7339,5033487.104,-75.67776738,45.43835648,2014-01-22,15:57,01 - Clear,01 - Dry,01 - Traffic signal,02 - Intersection related,01 - Daylight,03 - P.D. only,03 - Rear end,Vanier North
3171,MAPLE DR btwn BIRCH DR & NATIONAL CAPITAL COMM DRWY,366593.5699,5028074.944,-75.71083431,45.38988797,2014-01-20,17:58,01 - Clear,02 - Wet,10 - No control,04 - At/near private drive,07 - Dark,03 - P.D. only,02 - Angle,Civic Hospital - Experimental Farm - Central Park
3172,SECOND LINE RD    S btwn CENTURY RD E & CARSONBY RD E,365982.2731,5006181.654,-75.72134087,45.19294735,2014-01-20,18:00,01 - Clear,05 - Packed snow,10 - No control,01 - Non intersection,07 - Dark,03 - P.D. only,07 - SMV other,Manotick - North Gower
3173,HIGHWAY 417 btwn HWY417 IC117 RAMP51 & HWY417 IC117 RAMP35,370851.2269,5031209.763,-75.65604562,45.41770525,2014-01-13,10:04,01 - Clear,01 - Dry,10 - No control,01 - Non intersection,01 - Daylight,03 - P.D. only,07 - SMV other,Industrial Park
3174,HIGHWAY 417 btwn HWY417 IC134 RAMP36 & HWY417 IC134 RAMP26,356327.7985,5022241.005,-75.84253728,45.33822441,2014-01-05,23:50,04 - Freezing Rain,06 - Ice,10 - No control,01 - Non intersection,07 - Dark,03 - P.D. only,07 - SMV other,Greenbelt
3175,HIGHWAY 417 btwn HWY417 IC117 RAMP26 & HWY417 IC117 RAMP61,371012.3693,5031311.711,-75.65397319,45.4186073,2014-01-02,17:15,01 - Clear,01 - Dry,10 - No control,01 - Non intersection,05 - Dusk,03 - P.D. only,03 - Rear end,Industrial Park
3176,HIGHWAY 417 btwn HWY417 IC140 RAMP35 & HWY417 IC140 RAMP25,351260.6608,5018817.004,-75.90750839,45.30776831,2014-01-16,23:15,01 - Clear,01 - Dry,10 - No control,01 - Non intersection,07 - Dark,03 - P.D. only,03 - Rear end,Katimavik - Hazeldean
3177,HIGHWAY 417 btwn HWY417 IC115 RAMP35 & HIGHWAY 417,372464.7352,5031501.315,-75.63539168,45.42017432,2014-01-17,6:45,01 - Clear,06 - Ice,10 - No control,01 - Non intersection,07 - Dark,03 - P.D. only,07 - SMV other,Industrial Park
3178,HIGHWAY 417 btwn HWY417 IC127 RAMP67 & HWY417 IC126 RAMP16,362947.3925,5025569.416,-75.75769065,45.36765578,2014-01-05,22:20,04 - Freezing Rain,06 - Ice,10 - No control,01 - Non intersection,07 - Dark,03 - P.D. only,06 - SMV unattended vehicle,Carlingwood West - Glabar Park - McKellar Heights
3179,MACDONALD-CARTIER BR btwn RAMP & END (2),367359.5175,5033232.114,-75.70039876,45.43622262,2014-01-10,6:55,03 - Snow,02 - Wet,10 - No control,07 - Overpass or bridge,03 - Dawn,03 - P.D. only,07 - SMV other,Bywar
3180,RUSSELL RD btwn RUSSELL RD & CARLSBAD LANE,386657.8401,5025977.649,-75.45497883,45.36896071,2014-01-09,20:10,01 - Clear,01 - Dry,10 - No control,01 - Non intersection,07 - Dark,03 - P.D. only,03 - Rear end,Navan - Vars
3181,MARCH RD btwn SECOND LINE RD & DUNROBIN RD,346471.1435,5025664.914,-75.9680074,45.36968837,2014-01-15,7:54,03 - Snow,01 - Dry,10 - No control,01 - Non intersection,03 - Dawn,03 - P.D. only,07 - SMV other,Carp - Hardwood Plains
3182,GLADSTONE AVE btwn LYON ST N & KENT ST,367721.3835,5030445.122,-75.69613004,45.41111372,2014-01-15,9:05,03 - Snow,02 - Wet,10 - No control,01 - Non intersection,01 - Daylight,03 - P.D. only,04 - Sideswipe,Centretown
3183,OR174 IC105 RAMP16 btwn REGIONAL ROAD 174 & OR174 IC105 RAMP36,379288.0819,5037003.671,-75.54738276,45.46898736,2014-01-12,12:30,03 - Snow,03 - Loose snow,10 - No control,01 - Non intersection,01 - Daylight,03 - P.D. only,04 - Sideswipe,Greenbelt
3184,DUNROBIN RD @ MARCH RD,347174.8362,5026066.722,-75.95898967,45.37326174,2014-01-12,13:30,01 - Clear,02 - Wet,01 - Traffic signal,02 - Intersection related,01 - Daylight,03 - P.D. only,03 - Rear end,Carp - Hardwood Plains
3185,CHAPMAN MILLS DR btwn LEAMINGTON WAY & TEMAGAMI DR,365295.9222,5014815.215,-75.7290255,45.27069173,2014-01-14,19:50,03 - Snow,06 - Ice,10 - No control,01 - Non intersection,07 - Dark,03 - P.D. only,03 - Rear end,New Barrhaven
3186,RIVERSIDE DR btwn HOG'S BACK RD & RIDGEWOOD AVE,368175.3015,5026162.862,-75.69088147,45.37254224,2014-01-16,18:30,01 - Clear,02 - Wet,10 - No control,01 - Non intersection,07 - Dark,03 - P.D. only,03 - Rear end,Riverside Park
3187,GREENBANK RD @ HARRISON ST/ASHGROVE CRES,360839.6817,5022008.255,-75.78499913,45.33578426,2014-01-07,10:47,01 - Clear,02 - Wet,01 - Traffic signal,02 - Intersection related,01 - Daylight,03 - P.D. only,03 - Rear end,Briar Green - Leslie Park
3188,FLOWER AVE @ WOODROFFE AVE,361812.694,5026115.785,-75.77211196,45.37266518,2014-01-07,11:19,01 - Clear,06 - Ice,02 - Stop sign,02 - Intersection related,01 - Daylight,03 - P.D. only,03 - Rear end,Carlingwood - McKellar Park - Laurentien View
3189,STRANDHERD DR btwn FALLOWFIELD RD & MARAVISTA DR,361191.6735,5014747.937,-75.78133439,45.27042745,2014-01-27,6:55,03 - Snow,03 - Loose snow,10 - No control,01 - Non intersection,07 - Dark,03 - P.D. only,99 - Other,Munster Hamlet - Richmond
3190,TRIM RD btwn DEMETER ST & VALIN ST,386407.0888,5037597.372,-75.45625476,45.47353338,2014-01-03,8:30,01 - Clear,01 - Dry,10 - No control,01 - Non intersection,01 - Daylight,03 - P.D. only,07 - SMV other,Cardinal Creek
3191,HINTON AVE @ WELLINGTON ST,365005.2021,5029194.319,-75.73098089,45.40009821,2014-01-12,11:05,03 - Snow,02 - Wet,02 - Stop sign,03 - At intersection,01 - Daylight,03 - P.D. only,02 - Angle,Islan
3192,HWY417 IC120B RAMP36 btwn HIGHWAY 417 & CATHERINE ST,367765.61,5030041.687,-75.69561659,45.40747975,2014-01-03,9:25,01 - Clear,06 - Ice,10 - No control,01 - Non intersection,01 - Daylight,03 - P.D. only,07 - SMV other,Centretown
3193,HWY 417 WOODROFF IC127R62 @ WOODROFFE AVE,362050.2535,5025019.745,-75.76920627,45.36278374,2014-01-03,17:30,01 - Clear,01 - Dry,03 - Yield sign,02 - Intersection related,05 - Dusk,03 - P.D. only,03 - Rear end,Whitehaven - Queensway Terrace North
3194,HIGHWAY 417 btwn HWY417 IC112 RAMP66 & HWY417 IC112 RAMP56,374382.5404,5030929.945,-75.61096991,45.41484532,2014-01-05,14:10,03 - Snow,03 - Loose snow,10 - No control,01 - Non intersection,01 - Daylight,03 - P.D. only,07 - SMV other,Industrial Park
3195,"MCARTHUR AVE btwn EGLISE, RUE DE L & MAY ST",371496.9208,5032829.902,-75.64757695,45.43222129,2014-01-16,9:00,01 - Clear,01 - Dry,10 - No control,01 - Non intersection,01 - Daylight,03 - P.D. only,03 - Rear end,Castle Heights
3196,WALKLEY RD btwn HARDING RD & HALIFAX DR,373580.3656,5027863.295,-75.62164545,45.38733234,2014-01-16,9:40,01 - Clear,01 - Dry,10 - No control,01 - Non intersection,01 - Daylight,03 - P.D. only,04 - Sideswipe,Urbandale
3197,BRIDGE ST @ MILL ST,368855.2795,5010076.886,-75.68427923,45.22774145,2014-01-23,11:45,01 - Clear,06 - Ice,01 - Traffic signal,02 - Intersection related,01 - Daylight,03 - P.D. only,03 - Rear end,Manotick
3198,FERNBANK RD btwn MUNSTER RD & LUCAS LANE,345241.8491,5007086.417,-75.98521481,45.20258348,2014-01-31,1:10,01 - Clear,02 - Wet,10 - No control,01 - Non intersection,07 - Dark,03 - P.D. only,07 - SMV other,Munster Hamlet - Richmond
3199,HIGHWAY 416 btwn HWY416 IC66 RAMP24 & HWY416 IC57 RAMP62,360560.4944,5013931.603,-75.78946927,45.26313231,2014-01-03,10:10,05 - Drifting Snow,05 - Packed snow,10 - No control,01 - Non intersection,01 - Daylight,03 - P.D. only,07 - SMV other,Munster Hamlet - Richmond
3200,HIGHWAY 417 btwn HWY417 IC130 RAMP26 & HIGHWAY 417,359412.4828,5023106.165,-75.80308596,45.34577581,2014-01-03,8:35,01 - Clear,01 - Dry,10 - No control,01 - Non intersection,01 - Daylight,03 - P.D. only,04 - Sideswipe,Bayshore
3201,HIGHWAY 417 btwn HWY417 IC126 RAMP61 & HWY417 IC124 RAMP76,364106.0201,5027122.899,-75.74271436,45.3815367,2014-01-03,16:00,01 - Clear,01 - Dry,10 - No control,01 - Non intersection,01 - Daylight,03 - P.D. only,04 - Sideswipe,Westboro
3202,WOODROFFE AVE @ ALGONQUIN COLLEGE/TRANSITWAY S,362823.6879,5023271.266,-75.75953949,45.34698749,2014-01-18,19:56,01 - Clear,02 - Wet,01 - Traffic signal,03 - At intersection,07 - Dark,03 - P.D. only,05 - Turning movement,Crestview - Meadowlands
3203,MONTREAL RD btwn AVIATION PKWY & DEN HAAG DR (2),372377.0856,5034215.754,-75.63613898,45.444606,2014-01-22,16:10,01 - Clear,01 - Dry,10 - No control,01 - Non intersection,01 - Daylight,03 - P.D. only,03 - Rear end,Carson Grove - Carson Meadows
3204,CARLING AVE WB btwn CARLING AVE WB RAMP/OTTAWA RIVER PKWY & TRANSIT,361044.9474,5025290.645,-75.78200704,45.36530266,2014-01-22,16:20,01 - Clear,01 - Dry,10 - No control,01 - Non intersection,01 - Daylight,03 - P.D. only,03 - Rear end,Woodroffe - Lincoln Heights
3205,TRIM RD btwn TAYLOR CREEK DR & ST. JOSEPH BLVD,384616.1663,5039425.809,-75.47885959,45.49019087,2014-01-20,18:05,01 - Clear,01 - Dry,10 - No control,01 - Non intersection,07 - Dark,03 - P.D. only,03 - Rear end,Industrial Park
3206,RIDEAU ST @ WALLER ST,368282.4029,5032275.773,-75.68872743,45.42753462,2014-01-30,11:15,01 - Clear,01 - Dry,01 - Traffic signal,02 - Intersection related,01 - Daylight,03 - P.D. only,99 - Other,Byward Market - Parliament Hill
3207,HIGHWAY 417 btwn HWY417 IC163 RAMP15 & HWY417 IC155 RAMP51,331674.5238,5021363.021,-76.15713718,45.33170136,2014-01-06,0:20,04 - Freezing Rain,06 - Ice,10 - No control,01 - Non intersection,07 - Dark,03 - P.D. only,07 - SMV other,Carp - Hardwood Plains
3208,HIGHWAY 417 btwn HWY417 IC115 RAMP36 & HWY417 IC115 RAMP26,372080.1336,5031479.267,-75.64030851,45.42001303,2014-01-05,22:24,04 - Freezing Rain,06 - Ice,10 - No control,01 - Non intersection,07 - Dark,03 - P.D. only,99 - Other,Overbrook
3209,HIGHWAY 417 btwn HWY417 IC134 RAMP61 & HWY417 IC131 RAMP66,357149.6313,5022610.441,-75.83201283,45.34148779,2014-01-17,9:15,03 - Snow,03 - Loose snow,10 - No control,01 - Non intersection,01 - Daylight,03 - P.D. only,07 - SMV other,Greenbelt
3210,WOODROFFE AVE btwn TURN LANE & GRENFELL CRES,364489.9494,5019371.202,-75.73874786,45.31175524,2014-01-20,12:19,01 - Clear,01 - Dry,10 - No control,04 - At/near private drive,01 - Daylight,03 - P.D. only,03 - Rear end,Merivale Gardens - Grenfell Glen - Pineglen - Country Place
3211,CAMPEAU DR @ TERON RD/COLCHESTER SQ,352563.7225,5020468.286,-75.89073277,45.32253949,2014-01-10,12:55,03 - Snow,06 - Ice,01 - Traffic signal,02 - Intersection related,01 - Daylight,03 - P.D. only,03 - Rear end,Beaverbrook
3212,ST. LAURENT BLVD @ WALKLEY RD,373902.8666,5028046.855,-75.61750176,45.38895219,2014-01-10,13:58,01 - Clear,02 - Wet,01 - Traffic signal,02 - Intersection related,01 - Daylight,03 - P.D. only,02 - Angle,Hawthorne Meadows
3213,MARCH RD btwn BEARHILL RD & ROB LYTLE'S LANE,338836.7641,5018646.605,-76.06595098,45.30694696,2014-01-14,19:45,01 - Clear,01 - Dry,10 - No control,01 - Non intersection,07 - Dark,03 - P.D. only,07 - SMV other,Carp - Hardwood Plains
3214,HWY 417 INNES IC112R58 @ INNES RD,374225.517,5030712.815,-75.61300648,45.41290729,2014-01-17,8:45,01 - Clear,02 - Wet,03 - Yield sign,02 - Intersection related,01 - Daylight,03 - P.D. only,03 - Rear end,Industrial Park
3215,HIGHWAY 417 btwn RAMP & HWY417 IC88 RAMP51,393340.9717,5022602.048,-75.37028055,45.33777832,2014-01-19,17:59,05 - Drifting Snow,06 - Ice,10 - No control,01 - Non intersection,07 - Dark,03 - P.D. only,07 - SMV other,Navan - Vars
3216,TERRY FOX DR btwn HAZELDEAN RD & 135 S OF HAZELDEAN RD/SOBEY'S SC,352222.6691,5017222.55,-75.89539353,45.29335672,2014-01-12,15:19,01 - Clear,02 - Wet,10 - No control,01 - Non intersection,01 - Daylight,03 - P.D. only,03 - Rear end,Glen Cairn - Kanata South Business Park
3217,CLEMENTINE BLVD @ OHIO ST,369456.7253,5027540.792,-75.67434267,45.38482337,2014-01-12,15:30,01 - Clear,06 - Ice,10 - No control,02 - Intersection related,01 - Daylight,03 - P.D. only,02 - Angle,Alta Vista
3218,NORTHVIEW RD btwn WALLFORD WAY & GREENCREST PL,365245.1709,5024989.861,-75.72843074,45.36224664,2014-01-16,0:00,01 - Clear,01 - Dry,10 - No control,01 - Non intersection,00 - Unknown,03 - P.D. only,06 - SMV unattended vehicle,Cityview - Skyline - Fisher Heights
3219,BYRON AVE @ ISLAND PARK DR,364255.69,5028604.565,-75.74062487,45.39485578,2014-01-16,20:12,01 - Clear,01 - Dry,01 - Traffic signal,02 - Intersection related,07 - Dark,03 - P.D. only,03 - Rear end,Island Park
3220,SPEERS CRES btwn BRIDLEWOOD DR & BRIDLEWOOD DR,354626.4298,5017517.239,-75.86471947,45.29584205,2014-01-14,16:00,01 - Clear,01 - Dry,10 - No control,01 - Non intersection,01 - Daylight,03 - P.D. only,06 - SMV unattended vehicle,Bridlewood - Emerald Meadows
3221,BAY ST @ GLADSTONE AVE,367462.2037,5030289.831,-75.69946068,45.40973971,2014-01-07,14:46,01 - Clear,01 - Dry,02 - Stop sign,03 - At intersection,01 - Daylight,03 - P.D. only,02 - Angle,Centretown
3222,LIMEBANK RD @ SPRATT RD,369776.9993,5016878.729,-75.67165323,45.28885916,2014-01-03,7:43,00 - Unknown,06 - Ice,01 - Traffic signal,03 - At intersection,03 - Dawn,03 - P.D. only,05 - Turning movement,Gloucester
3223,LIMEBANK RD btwn TOM ROBERTS RD & LEITRIM RD,368601.0554,5019768.596,-75.68627109,45.31496945,2014-01-12,22:55,01 - Clear,01 - Dry,10 - No control,01 - Non intersection,07 - Dark,03 - P.D. only,03 - Rear end,Greenbelt
3224,MAIN ST btwn HERRIDGE ST & CLEGG ST,369226.8233,5030031.06,-75.67695295,45.40725116,2014-01-13,6:17,01 - Clear,02 - Wet,10 - No control,04 - At/near private drive,07 - Dark,03 - P.D. only,05 - Turning movement,Old Ottawa East
3225,HIGHWAY 417 btwn HWY417 IC118 RAMP67 & HWY417 IC117 RAMP36,369758.4354,5031160.116,-75.67001357,45.41736085,2014-01-04,17:35,01 - Clear,02 - Wet,10 - No control,01 - Non intersection,05 - Dusk,03 - P.D. only,03 - Rear end,Sandy Hill
3226,HIGHWAY 417 btwn HWY417 IC122 RAMP16 & HWY417 IC122 RAMP61,365336.0011,5028899.443,-75.72679208,45.39741646,2014-01-03,16:00,01 - Clear,01 - Dry,10 - No control,01 - Non intersection,05 - Dusk,03 - P.D. only,03 - Rear end,Civi
3227,HIGHWAY 417 btwn HWY417 IC124 RAMP76 & HWY417 IC124 RAMP67,364201.7839,5027242.879,-75.74147721,45.38260814,2014-01-03,20:20,01 - Clear,06 - Ice,10 - No control,01 - Non intersection,07 - Dark,03 - P.D. only,99 - Other,Westboro
3228,HWY417 IC127 RAMP25 btwn WOODROFFE AVE & HIGHWAY 417,362289.6219,5024929.183,-75.76616154,45.36194928,2014-01-04,1:39,01 - Clear,06 - Ice,10 - No control,01 - Non intersection,07 - Dark,03 - P.D. only,99 - Other,Braemar Park - Bel Air Heights - Copeland Park
3229,TENTH LINE RD @ CHARLEMAGNE BLVD N/TOMPKINS AV,383183.9299,5037978.135,-75.49741136,45.47732836,2014-01-16,9:43,01 - Clear,02 - Wet,01 - Traffic signal,02 - Intersection related,01 - Daylight,03 - P.D. only,03 - Rear end,Queenswood Heights
3230,FROBISHER LANE W @ RIVERSIDE DR,370117.7012,5029602.493,-75.66563004,45.4033125,2014-01-16,10:54,01 - Clear,01 - Dry,01 - Traffic signal,03 - At intersection,01 - Daylight,03 - P.D. only,02 - Angle,Industrial Park
3231,HUNTMAR DR @ PALLADIUM DR N,349074.4152,5017957.394,-75.93546397,45.30017449,2014-01-30,19:30,01 - Clear,03 - Loose snow,02 - Stop sign,02 - Intersection related,07 - Dark,03 - P.D. only,03 - Rear end,Stittsville - Basswood
3232,CAMPEAU DR/HWY 417 MARCH IC138R63 @ MARCH RD,352841.0746,5020476.987,-75.88719426,45.32259886,2014-01-31,17:45,01 - Clear,02 - Wet,01 - Traffic signal,02 - Intersection related,07 - Dark,03 - P.D. only,03 - Rear end,Greenbelt
3233,HIGHWAY 417 btwn HWY417 IC126 RAMP25 & HWY417 IC124 RAMP57,363340.1402,5026061.362,-75.75261897,45.37204955,2014-01-03,10:00,01 - Clear,06 - Ice,10 - No control,01 - Non intersection,01 - Daylight,03 - P.D. only,04 - Sideswipe,Carlington
3234,HIGHWAY 417 btwn HWY 417 ANDERSON IC104R61 & HWY 417 BOUNDARY IC96R16,382030.0804,5025551.53,-75.51411572,45.36565201,2014-01-03,5:50,01 - Clear,00 - Unknown,10 - No control,01 - Non intersection,07 - Dark,03 - P.D. only,07 - SMV other,Greenbelt
3235,HWY417 IC122 RAMP15 btwn HWY417 IC122 RAMP51 & HIGHWAY 417,365631.5348,5029070.183,-75.72299661,45.39892713,2014-01-03,7:45,01 - Clear,01 - Dry,10 - No control,01 - Non intersection,03 - Dawn,03 - P.D. only,03 - Rear end,Civic Hospital - Experimental Farm - Central Park
3236,HWY417 IC138 RAMP35 btwn HIGHWAY 417 & EAGLESON RD,352939.2861,5020023.451,-75.88598564,45.31851112,2014-01-01,13:45,01 - Clear,01 - Dry,10 - No control,01 - Non intersection,01 - Daylight,03 - P.D. only,07 - SMV other,Katimavik - Hazeldean
3237,INNES RD @ TENTH LINE RD,383952.2673,5036160.321,-75.48787807,45.46088667,2014-01-20,6:59,01 - Clear,04 - Slush,01 - Traffic signal,02 - Intersection related,03 - Dawn,03 - P.D. only,03 - Rear end,Queenswood Heights
3238,COLONEL BY DR @ HOG'S BACK RD,367604.2397,5025875.783,-75.69820805,45.37001058,2014-01-20,7:13,01 - Clear,01 - Dry,01 - Traffic signal,03 - At intersection,03 - Dawn,03 - P.D. only,05 - Turning movement,Carleto
3239,CARLING AVE @ CROYDON AVE,360659.1876,5025043.278,-75.78695903,45.36310771,2014-01-22,16:50,01 - Clear,01 - Dry,01 - Traffic signal,03 - At intersection,05 - Dusk,03 - P.D. only,05 - Turning movement,Whitehaven - Queensway Terrace North
3240,BASELINE RD @ COLLEGE SQUARE SC,362761.201,5023898.562,-75.76026332,45.35263701,2014-01-22,16:45,01 - Clear,01 - Dry,01 - Traffic signal,02 - Intersection related,05 - Dusk,03 - P.D. only,03 - Rear end,Braemar Park - Bel Air Heights - Copeland Park
3241,HOLLAND AVE @ RUSKIN ST,365280.2093,5028351.317,-75.72757182,45.39248936,2014-01-20,19:03,01 - Clear,02 - Wet,02 - Stop sign,03 - At intersection,07 - Dark,03 - P.D. only,02 - Angle,Civic Hospital - Experimental Farm - Central Park
3242,FERNBANK RD btwn DWYER HILL RD & MUNSTER RD,345146.4275,5006998.969,-75.98643647,45.20180205,2014-01-20,19:32,01 - Clear,01 - Dry,10 - No control,01 - Non intersection,07 - Dark,03 - P.D. only,99 - Other,Munster Hamlet - Richmond
3243,HUNT CLUB RD @ UPLANDS DR,370156.7272,5023122.727,-75.66598905,45.34500601,2014-02-03,16:15,01 - Clear,01 - Dry,01 - Traffic signal,02 - Intersection related,01 - Daylight,03 - P.D. only,03 - Rear end,Hunt Club East - Western Community