Record,Location,X,Y,lon,lat,Date,Time,Environment,Road_Surface,Traffic_Control,Collision_Location,Light,Collision_Classification,Impact_type,Neighborhood
3244,HIGHWAY 417 btwn HWY417 IC127 RAMP63 & HWY417 IC127 RAMP67,362145.6435,5024868.1,-75.76800632,45.36141145,2014-01-09,17:16,01 - Clear,01 - Dry,10 - No control,01 - Non intersection,05 - Dusk,03 - P.D. only,03 - Rear end,Carlingwood West - Glabar Park - McKellar Heights
3245,BANK ST btwn WALKLEY RD & SURREY AVE,370355.5978,5025896.416,-75.66308372,45.36994427,2014-01-20,11:30,01 - Clear,02 - Wet,10 - No control,01 - Non intersection,01 - Daylight,03 - P.D. only,03 - Rear end,Ledbury - Heron Gate - Ridgemont - Elmwood
3246,CEDARVIEW RD btwn BRUIN RD & HWY416 IC72 RAMP62,359302.2207,5020642.089,-75.80476428,45.32361255,2014-01-21,7:11,01 - Clear,02 - Wet,10 - No control,04 - At/near private drive,03 - Dawn,03 - P.D. only,03 - Rear end,Greenbelt
3247,SMYTH RD @ RIVERSIDE HOSPITAL,369987.4004,5029120.62,-75.66735802,45.39898893,2014-01-10,13:57,01 - Clear,02 - Wet,01 - Traffic signal,02 - Intersection related,01 - Daylight,03 - P.D. only,04 - Sideswipe,Alta Vista
3248,HUNT CLUB RD btwn TURN LANE & RIVERSIDE DR,368014.161,5021936.386,-75.69347894,45.33452792,2014-01-10,13:40,01 - Clear,01 - Dry,10 - No control,04 - At/near private drive,01 - Daylight,03 - P.D. only,02 - Angle,Hunt Club Woods - Quintarra - Revelstoke - Riverside South P
3249,HIGHWAY 417 btwn RAMP & HWY417 IC88 RAMP51,392339.7072,5022880.375,-75.38300427,45.34040806,2014-01-11,5:50,04 - Freezing Rain,06 - Ice,10 - No control,01 - Non intersection,07 - Dark,03 - P.D. only,07 - SMV other,Navan - Vars
3250,HIGHWAY 417 btwn RAMP & HWY417 IC88 RAMP51,392537.5034,5022834.761,-75.38048899,45.33997296,2014-01-19,20:10,03 - Snow,06 - Ice,10 - No control,01 - Non intersection,07 - Dark,03 - P.D. only,07 - SMV other,Navan - Vars
3251,HIGHWAY 417 btwn HWY417 IC118 RAMP35 & HWY417 IC117 RAMP51,369818.8497,5031136.341,-75.66924486,45.41714132,2014-01-20,7:08,01 - Clear,01 - Dry,10 - No control,01 - Non intersection,03 - Dawn,03 - P.D. only,03 - Rear end,Old Ottawa East
3252,HIGHWAY 417 btwn HWY417 IC115 RAMP36 & HWY417 IC115 RAMP26,372421.3099,5031516.506,-75.63594441,45.4203152,2014-01-21,7:00,01 - Clear,01 - Dry,10 - No control,01 - Non intersection,03 - Dawn,03 - P.D. only,03 - Rear end,Overbrook
3253,HIGHWAY 417 btwn HWY417 IC115 RAMP36 & HWY417 IC115 RAMP26,372424.4722,5031517.033,-75.63590394,45.42031964,2014-01-21,9:19,01 - Clear,01 - Dry,10 - No control,01 - Non intersection,01 - Daylight,03 - P.D. only,03 - Rear end,Overbrook
3254,PINECREST RD @ RICHMOND RD,360073.6844,5024471.259,-75.79449636,45.35800711,2014-01-03,7:00,04 - Freezing Rain,06 - Ice,01 - Traffic signal,02 - Intersection related,03 - Dawn,03 - P.D. only,03 - Rear end,Whitehaven - Queensway Terrace North
3255,HARWOOD AVE @ PINECREST RD,360209.6751,5024121.776,-75.7927999,45.35485174,2014-01-12,17:49,01 - Clear,02 - Wet,02 - Stop sign,03 - At intersection,07 - Dark,03 - P.D. only,02 - Angle,Whitehaven - Queensway Terrace North
3256,CONROY RD @ ST. LAURENT BLVD,373069.4605,5027159.048,-75.62826656,45.38104581,2014-01-16,20:17,01 - Clear,01 - Dry,01 - Traffic signal,02 - Intersection related,07 - Dark,03 - P.D. only,99 - Other,Industrial Park
3257,BOOTH ST @ TRANSITWAY,366372.2081,5030744.826,-75.71332772,45.41393037,2014-01-16,20:48,01 - Clear,01 - Dry,01 - Traffic signal,03 - At intersection,07 - Dark,03 - P.D. only,02 - Angle,LeBreton Flats
3258,HWY417 IC131 RAMP55 btwn HIGHWAY 417 & HWY416 IC75B RAMP25,358484.9458,5022804.694,-75.81495419,45.34313477,2014-01-24,8:05,01 - Clear,01 - Dry,10 - No control,01 - Non intersection,01 - Daylight,03 - P.D. only,03 - Rear end,Greenbelt
3259,HIGHWAY 417 btwn HWY417 IC117 RAMP26 & HWY417 IC117 RAMP61,370871.8936,5031238.16,-75.65577778,45.4179588,2014-01-24,19:05,01 - Clear,01 - Dry,10 - No control,01 - Non intersection,07 - Dark,03 - P.D. only,03 - Rear end,Industrial Park
3260,HWY417 IC131 RAMP63 btwn HWY417 IC131 RAMP53 & HWY417 IC131 RAMP66,358465.8598,5022402.189,-75.81524138,45.33951447,2014-01-26,20:20,03 - Snow,03 - Loose snow,10 - No control,01 - Non intersection,07 - Dark,03 - P.D. only,07 - SMV other,Greenbelt
3261,ST. LAURENT BLVD @ TREMBLAY RD,372595.2069,5031242.843,-75.63376029,45.41783608,2014-01-03,12:41,01 - Clear,06 - Ice,01 - Traffic signal,02 - Intersection related,01 - Daylight,03 - P.D. only,03 - Rear end,Industrial Park
3262,LEWIS ST @ METCALFE ST,368120.2051,5030923.322,-75.69097385,45.41538043,2014-01-13,7:50,01 - Clear,02 - Wet,02 - Stop sign,03 - At intersection,03 - Dawn,03 - P.D. only,05 - Turning movement,Centretown
3263,DRAPER AVE btwn CORNELL ST & LISA AVE,360441.7309,5022855.869,-75.78998081,45.34344276,2014-01-13,0:00,01 - Clear,06 - Ice,10 - No control,01 - Non intersection,00 - Unknown,03 - P.D. only,06 - SMV unattended vehicle,Qualicum - Redwood Park
3264,HIGHWAY 416 btwn HWY416 IC75A RAMP43 & HWY416 IC72 RAMP34,359219.9216,5020597.722,-75.80581889,45.32321972,2014-01-06,0:10,04 - Freezing Rain,06 - Ice,10 - No control,01 - Non intersection,07 - Dark,03 - P.D. only,04 - Sideswipe,Greenbelt
3265,HIGHWAY 417 btwn HWY 417 ANDERSON IC104R61 & HWY 417 BOUNDARY IC96R16,384996.8016,5024988.467,-75.47634124,45.36025286,2014-01-05,22:43,04 - Freezing Rain,06 - Ice,10 - No control,01 - Non intersection,07 - Dark,03 - P.D. only,07 - SMV other,Greenbelt
3266,HIGHWAY 417 btwn HWY417 IC127 RAMP67 & HWY417 IC126 RAMP16,362667.2621,5025281.568,-75.76130021,45.36508893,2014-01-05,22:40,04 - Freezing Rain,06 - Ice,10 - No control,01 - Non intersection,07 - Dark,03 - P.D. only,03 - Rear end,Carlingwood West - Glabar Park - McKellar Heights
3267,HIGHWAY 417 btwn HWY417 IC127 RAMP63 & HWY417 IC127 RAMP67,362106.6384,5024844.388,-75.76850691,45.36120128,2014-01-05,22:15,04 - Freezing Rain,06 - Ice,10 - No control,01 - Non intersection,07 - Dark,03 - P.D. only,07 - SMV other,Whitehaven - Queensway Terrace North
3268,PRINCE OF WALES DR btwn BLAZER AVE & DEAKIN ST,367384.1205,5021492.816,-75.70157264,45.33059323,2014-01-16,18:15,01 - Clear,01 - Dry,10 - No control,01 - Non intersection,07 - Dark,03 - P.D. only,03 - Rear end,Industrial Park
3269,WHITESTONE DR btwn STATE ST & GRENWICH CIRC,364300.5947,5025754.717,-75.74039487,45.36920952,2014-01-31,17:00,01 - Clear,02 - Wet,10 - No control,01 - Non intersection,05 - Dusk,03 - P.D. only,06 - SMV unattended vehicle,Civic Hospital - Experimental Farm - Central Park
3270,COADY WAY btwn BEAVERBROOK RD & END,351090.5768,5020937.133,-75.90947915,45.32685698,2014-02-01,9:00,01 - Clear,01 - Dry,10 - No control,01 - Non intersection,01 - Daylight,03 - P.D. only,06 - SMV unattended vehicle,Beaverbrook
3271,CROYDON AVE @ RICHMOND RD,360547.2077,5025272.266,-75.7883625,45.36517705,2014-02-02,12:00,01 - Clear,02 - Wet,01 - Traffic signal,02 - Intersection related,01 - Daylight,03 - P.D. only,03 - Rear end,Woodroffe - Lincoln Heights
3272,HIGHWAY 417 btwn HWY417 IC124 RAMP57 & HWY417 IC124 RAMP55,364216.0934,5027226.368,-75.74129649,45.38245837,2014-01-03,6:24,01 - Clear,06 - Ice,10 - No control,01 - Non intersection,07 - Dark,03 - P.D. only,99 - Other,Carlington
3273,HIGHWAY 417 btwn HWY417 IC122 RAMP51 & HWY417 IC122 RAMP15,365321.2528,5028865.976,-75.72698454,45.39711661,2014-01-01,8:11,01 - Clear,06 - Ice,10 - No control,01 - Non intersection,01 - Daylight,03 - P.D. only,07 - SMV other,Civi
3274,HIGHWAY 417 btwn HWY417 IC124 RAMP57 & HWY417 IC124 RAMP55,364214.9927,5027228.569,-75.74131028,45.38247826,2014-01-03,6:24,01 - Clear,06 - Ice,10 - No control,01 - Non intersection,07 - Dark,03 - P.D. only,03 - Rear end,Carlington
3275,GLENORA ST btwn HAZEL ST & END,369062.2923,5030217.31,-75.67903033,45.4089421,2014-01-19,0:00,03 - Snow,03 - Loose snow,10 - No control,01 - Non intersection,00 - Unknown,03 - P.D. only,06 - SMV unattended vehicle,Old Ottawa East
3276,GLOUCESTER ST btwn BRONSON AVE & PERCY ST,366893.1125,5030826.826,-75.70666273,45.41462216,2014-01-19,0:00,01 - Clear,05 - Packed snow,10 - No control,01 - Non intersection,00 - Unknown,03 - P.D. only,06 - SMV unattended vehicle,Downtown
3277,SHEA RD btwn GARVIN RD & HEMPHILL ST,356753.046,5007847.443,-75.83861789,45.20867702,2014-01-19,22:00,00 - Unknown,01 - Dry,10 - No control,01 - Non intersection,07 - Dark,03 - P.D. only,07 - SMV other,Munster Hamlet - Richmond
3278,DEANCOURT CRES btwn BRIARFIELD CRES & BRIARFIELD CRES,383902.1262,5038144.265,-75.48819978,45.47874205,2014-01-21,17:40,01 - Clear,01 - Dry,10 - No control,01 - Non intersection,00 - Unknown,03 - P.D. only,06 - SMV unattended vehicle,Fallingbrook
3279,WOODRIDGE CRES btwn 220 W OF BAYSHORE DR/BAYSHORE SC & BAYSHORE DR,359108.9542,5023421.04,-75.80692445,45.34863263,2014-01-22,18:00,01 - Clear,01 - Dry,10 - No control,04 - At/near private drive,07 - Dark,03 - P.D. only,05 - Turning movement,Bayshore
3280,MARIER AVE @ MONTREAL RD,370420.7222,5033261.338,-75.66127236,45.43620498,2014-01-20,20:40,01 - Clear,01 - Dry,01 - Traffic signal,03 - At intersection,07 - Dark,03 - P.D. only,02 - Angle,Vanier South
3281,ST. PATRICK ST WB btwn FORSEY ST & ISLAND LODGE RD,368681.2959,5033243.64,-75.68350473,45.43620681,2014-01-20,19:00,01 - Clear,02 - Wet,10 - No control,01 - Non intersection,07 - Dark,03 - P.D. only,03 - Rear end,Lower Town
3282,HIGHWAY 417 btwn HWY417 IC126 RAMP61 & HWY417 IC124 RAMP76,364038.8754,5027024.934,-75.74358341,45.3806609,2014-01-13,17:15,01 - Clear,01 - Dry,10 - No control,01 - Non intersection,05 - Dusk,03 - P.D. only,03 - Rear end,Carlingwood West - Glabar Park - McKellar Heights
3283,HIGHWAY 417 btwn REGIONAL ROAD 174 & HWY417 IC113 RAMP62,373297.2904,5031740.341,-75.62472144,45.42224394,2014-01-08,14:07,01 - Clear,01 - Dry,10 - No control,01 - Non intersection,01 - Daylight,03 - P.D. only,07 - SMV other,Pineview
3284,HIGHWAY 417 btwn HIGHWAY 417 & HWY417 IC140 RAMP36,350348.538,5018263.012,-75.91919058,45.30284308,2014-01-13,21:35,02 - Rain,02 - Wet,10 - No control,01 - Non intersection,07 - Dark,03 - P.D. only,03 - Rear end,Kanata Lakes - Marchwood Lakeside - Morgan's Grant - Kanata
3285,HWY 417 ST.LAURE IC115R51 @ ST. LAURENT BLVD,372530.4093,5031410.569,-75.63456508,45.41935147,2014-01-13,22:01,01 - Clear,02 - Wet,01 - Traffic signal,02 - Intersection related,07 - Dark,03 - P.D. only,04 - Sideswipe,Industrial Park
3286,MOODIE DR @ ROBERTSON RD,357066.6521,5020455.478,-75.83329913,45.32210342,2014-01-20,18:10,01 - Clear,05 - Packed snow,01 - Traffic signal,02 - Intersection related,07 - Dark,03 - P.D. only,03 - Rear end,Bells Corners West
3287,BEL-AIR DR btwn GARFIELD AVE & GARFIELD AVE,363167.3402,5025472.818,-75.75489445,45.36676832,2014-01-10,12:45,01 - Clear,02 - Wet,10 - No control,04 - At/near private drive,01 - Daylight,03 - P.D. only,06 - SMV unattended vehicle,Braemar Park - Bel Air Heights - Copeland Park
3288,DU PLATEAU ST btwn AVEBURY DR & ESPRIT DR,384801.0042,5036404.694,-75.47698722,45.46298863,2014-01-10,14:43,01 - Clear,06 - Ice,10 - No control,01 - Non intersection,01 - Daylight,03 - P.D. only,01 - Approaching,Avalon
3289,HIGHWAY 417 btwn HWY417 IC126 RAMP16 & HWY417 IC126 RAMP61,363149.0185,5025846.398,-75.7550842,45.37013127,2014-01-21,14:50,01 - Clear,01 - Dry,10 - No control,01 - Non intersection,01 - Daylight,03 - P.D. only,07 - SMV other,Carlingwood West - Glabar Park - McKellar Heights
3290,HIGHWAY 417 btwn HWY417 IC127 RAMP35 & HWY417 IC127 RAMP25,362107.8422,5024813.805,-75.7684951,45.360926,2014-01-21,9:20,01 - Clear,01 - Dry,10 - No control,01 - Non intersection,01 - Daylight,03 - P.D. only,03 - Rear end,Iris
3291,HIGHWAY 417 btwn HWY417 IC118 RAMP35 & HWY417 IC117 RAMP51,370425.2719,5031129.958,-75.6614982,45.41702728,2014-01-21,15:45,01 - Clear,01 - Dry,10 - No control,01 - Non intersection,01 - Daylight,03 - P.D. only,03 - Rear end,Industrial Park
3292,HIGHWAY 417 btwn HWY417 IC118 RAMP57 & HWY417 IC118 RAMP35,369610.3022,5031112.692,-75.67191233,45.41694789,2014-01-21,21:10,01 - Clear,01 - Dry,10 - No control,01 - Non intersection,07 - Dark,03 - P.D. only,03 - Rear end,Sandy Hill
3293,LIMEBANK RD @ RIDEAU RD,370876.4392,5014016.345,-75.65801973,45.26300145,2014-01-13,11:02,01 - Clear,01 - Dry,02 - Stop sign,03 - At intersection,01 - Daylight,03 - P.D. only,02 - Angle,Greenbelt
3294,ProposedCANYON WALK DR @ EARL ARMSTRONG RD,369394.556,5015635.719,-75.67669003,45.27771,2014-01-13,11:37,01 - Clear,02 - Wet,01 - Traffic signal,02 - Intersection related,01 - Daylight,03 - P.D. only,03 - Rear end,Gloucester
3295,HWY 417 ST.LAURE IC115R51 @ ST. LAURENT BLVD,372530.3147,5031410.651,-75.63456628,45.41935222,2014-01-17,11:30,01 - Clear,01 - Dry,01 - Traffic signal,02 - Intersection related,01 - Daylight,03 - P.D. only,03 - Rear end,Industrial Park
3296,KENT ST btwn GILMOUR ST & JAMES ST,367655.6577,5030604.404,-75.69694934,45.41255279,2014-01-26,9:58,03 - Snow,02 - Wet,10 - No control,01 - Non intersection,01 - Daylight,03 - P.D. only,04 - Sideswipe,Centretown
3297,BESSERER ST @ KING EDWARD AVE,368550.7052,5032341.85,-75.68529046,45.42810476,2014-01-07,16:10,01 - Clear,06 - Ice,01 - Traffic signal,02 - Intersection related,05 - Dusk,03 - P.D. only,03 - Rear end,Sand
3298,ALBION RD @ BANK ST,371946.2209,5024129.753,-75.6430193,45.35389788,2014-01-07,13:30,01 - Clear,03 - Loose snow,01 - Traffic signal,02 - Intersection related,01 - Daylight,03 - P.D. only,03 - Rear end,Emerald Woods - Sawmill Creek
3299,COLDREY AVE @ KIRKWOOD AVE,364438.6955,5027136.793,-75.73846508,45.38163347,2014-01-13,15:37,01 - Clear,02 - Wet,01 - Traffic signal,03 - At intersection,01 - Daylight,03 - P.D. only,05 - Turning movement,Carlington
3300,HIGHWAY 417 btwn HWY417 IC127 RAMP63 & HWY417 IC127 RAMP67,362149.038,5024873.665,-75.76796235,45.36146125,2014-01-06,7:00,02 - Rain,04 - Slush,10 - No control,01 - Non intersection,03 - Dawn,03 - P.D. only,04 - Sideswipe,Carlingwood West - Glabar Park - McKellar Heights
3301,HIGHWAY 417 btwn HWY417 IC104 RAMP15 & HWY417 IC96 RAMP51,383542.9713,5025263.627,-75.49485168,45.36289335,2014-01-06,8:03,04 - Freezing Rain,06 - Ice,10 - No control,01 - Non intersection,01 - Daylight,03 - P.D. only,07 - SMV other,Greenbelt
3302,HIGHWAY 417 btwn HWY417 IC112 RAMP65 & HWY417 IC112 RAMP55,374419.2221,5030840.237,-75.61051397,45.41403452,2014-01-03,4:09,04 - Freezing Rain,06 - Ice,10 - No control,01 - Non intersection,07 - Dark,03 - P.D. only,07 - SMV other,Industrial Park
3303,HIGHWAY 417 btwn HWY417 IC118 RAMP57 & HWY417 IC118 RAMP35,369422.4424,5031018.454,-75.67432474,45.41611734,2014-01-02,0:29,01 - Clear,06 - Ice,10 - No control,01 - Non intersection,07 - Dark,03 - P.D. only,07 - SMV other,Old Ottawa East
3304,TENTH LINE RD btwn INNES RD & VANGUARD DR,383989.2761,5036072.615,-75.48741904,45.46009338,2014-01-03,19:55,04 - Freezing Rain,06 - Ice,10 - No control,01 - Non intersection,07 - Dark,03 - P.D. only,03 - Rear end,Avalon
3305,MERIVALE RD btwn WOODWARD AVE & LAPERRIERE AVE,364856.2363,5027099.014,-75.73313852,45.38125787,2014-01-16,12:35,01 - Clear,01 - Dry,10 - No control,04 - At/near private drive,01 - Daylight,03 - P.D. only,02 - Angle,Carlington
3306,BAYVIEW RD @ SCOTT ST/ALBERT ST,365518.53,5030072.325,-75.72431649,45.40795397,2014-01-03,13:43,01 - Clear,06 - Ice,01 - Traffic signal,03 - At intersection,01 - Daylight,03 - P.D. only,02 - Angle,Mechanicsville
3307,WELLINGTON ST    W btwn SHERBROOKE AVE & PINHEY ST,365452.9475,5029542.922,-75.72521936,45.40319622,2014-01-16,13:45,01 - Clear,01 - Dry,10 - No control,01 - Non intersection,01 - Daylight,03 - P.D. only,04 - Sideswipe,Civi
3308,ST. PATRICK ST WB btwn FORSEY ST & ISLAND LODGE RD,368599.8153,5033223.979,-75.68454862,45.43603735,2014-01-17,10:10,03 - Snow,03 - Loose snow,10 - No control,01 - Non intersection,01 - Daylight,03 - P.D. only,04 - Sideswipe,Lower Town
3309,STAR TOP RD btwn CYRVILLE RD & ALGOMA RD,373871.4918,5031353.403,-75.61743925,45.41870601,2014-01-20,12:40,01 - Clear,01 - Dry,10 - No control,04 - At/near private drive,01 - Daylight,03 - P.D. only,02 - Angle,Industrial Park
3310,SOMERSET ST    W btwn BRONSON AVE & PERCY ST,366993.514,5030493.944,-75.70542208,45.41161807,2014-01-14,7:00,01 - Clear,01 - Dry,10 - No control,01 - Non intersection,03 - Dawn,03 - P.D. only,06 - SMV unattended vehicle,Chinatown
3311,FALLOWFIELD RD @ WOLFGANG DR,363406.2109,5016944.894,-75.75285487,45.29001464,2014-01-05,12:30,03 - Snow,02 - Wet,02 - Stop sign,03 - At intersection,01 - Daylight,03 - P.D. only,05 - Turning movement,Greenbelt
3312,SPRATT RD btwn RIDEAU RD & BLACK CANARY DR,369170.69,5012944.879,-75.67989181,45.25351867,2014-01-20,21:37,01 - Clear,01 - Dry,10 - No control,01 - Non intersection,07 - Dark,03 - P.D. only,07 - SMV other,Manotick
3313,LAURIER AVE @ NICHOLAS ST,368373.637,5031798.523,-75.68762322,45.42323221,2014-01-20,22:21,01 - Clear,01 - Dry,01 - Traffic signal,02 - Intersection related,07 - Dark,03 - P.D. only,04 - Sideswipe,Sandy Hill
3314,HIGHWAY 417 btwn HWY417 IC117 RAMP25 & HWY417 IC115 RAMP51,371787.6045,5031426.055,-75.6440532,45.41956232,2014-01-09,7:30,01 - Clear,01 - Dry,10 - No control,01 - Non intersection,03 - Dawn,03 - P.D. only,07 - SMV other,Industrial Park
3315,HWY417 IC127 RAMP67 btwn HWY417 IC127 RAMP62 & HIGHWAY 417,362218.7554,5024953.727,-75.76706321,45.36217593,2014-01-09,11:00,01 - Clear,01 - Dry,10 - No control,01 - Non intersection,01 - Daylight,03 - P.D. only,07 - SMV other,Glabar Park
3316,HIGHWAY 417 btwn HWY417 IC115 RAMP36 & HWY417 IC115 RAMP26,372438.1755,5031520.195,-75.63572843,45.42034676,2014-01-14,9:15,01 - Clear,02 - Wet,10 - No control,01 - Non intersection,01 - Daylight,03 - P.D. only,03 - Rear end,Overbrook
3317,HIGHWAY 417 btwn HWY417 IC122 RAMP51 & HWY417 IC122 RAMP15,365342.2408,5028880.724,-75.72671468,45.39724749,2014-01-08,8:30,01 - Clear,01 - Dry,10 - No control,01 - Non intersection,01 - Daylight,03 - P.D. only,99 - Other,Civi
3318,HIGHWAY 417 btwn HWY417 IC117 RAMP61 & HWY417 IC115 RAMP36,371986.6105,5031470.477,-75.64150459,45.41994293,2014-01-09,9:30,01 - Clear,01 - Dry,10 - No control,01 - Non intersection,01 - Daylight,03 - P.D. only,03 - Rear end,Overbrook
3319,WOODROFFE AVE btwn KNOXDALE RD/MEDHURST DR & NORICE ST,363364.9371,5021966.664,-75.75278744,45.3352038,2014-01-21,7:39,01 - Clear,99 - Other,10 - No control,01 - Non intersection,03 - Dawn,03 - P.D. only,03 - Rear end,Woodvale - Craig Henry - Manordale - Estates of Arlington Wo
3320,PRINCE ALBERT ST @ QUILL ST,370744.2098,5031929.836,-75.65731648,45.42419426,2014-01-10,12:50,03 - Snow,06 - Ice,02 - Stop sign,03 - At intersection,01 - Daylight,03 - P.D. only,02 - Angle,Overbrook
3321,HWY417 IC117 RAMP36 btwn HIGHWAY 417 & VANIER PKWY,370435.9846,5031151.534,-75.66135846,45.4172204,2014-01-21,19:00,01 - Clear,01 - Dry,10 - No control,01 - Non intersection,07 - Dark,03 - P.D. only,03 - Rear end,Industrial Park
3322,HWY 417 RIVERSID IC117R51/HWY 417 RIVERSID IC1,370710.7212,5031025.881,-75.6578653,45.416064,2014-01-16,7:43,01 - Clear,01 - Dry,10 - No control,02 - Intersection related,03 - Dawn,03 - P.D. only,07 - SMV other,Industrial Park
3323,HWY417 IC117 RAMP36 btwn HIGHWAY 417 & VANIER PKWY,370420.3235,5031149.713,-75.66155879,45.41720549,2014-01-21,18:45,01 - Clear,01 - Dry,10 - No control,01 - Non intersection,07 - Dark,03 - P.D. only,03 - Rear end,Industrial Park
3324,HIGHWAY 416 btwn HWY416 IC66 RAMP53 & HWY416 IC57 RAMP34,361072.1765,5012635.086,-75.78309647,45.25142536,2014-01-03,10:40,06 - Strong wind,06 - Ice,10 - No control,01 - Non intersection,01 - Daylight,03 - P.D. only,03 - Rear end,Munster Hamlet - Richmond
3325,NORMAN ST btwn ROCHESTER ST & BOOTH ST,366900.2315,5029274.42,-75.70676733,45.40065341,2014-01-13,0:00,01 - Clear,01 - Dry,10 - No control,01 - Non intersection,00 - Unknown,03 - P.D. only,06 - SMV unattended vehicle,The Glebe Annex
3326,BRONSON AVE btwn ARLINGTON AVE & RAYMOND ST,367227.9852,5029857.491,-75.70250738,45.40587057,2014-01-27,14:18,01 - Clear,02 - Wet,10 - No control,01 - Non intersection,01 - Daylight,03 - P.D. only,04 - Sideswipe,Centretown West
3327,VANSON AVE btwn WILLETH AVE & HILLIARD AVE,366001.9072,5025421.217,-75.71871864,45.36606225,2014-01-27,19:00,01 - Clear,05 - Packed snow,10 - No control,01 - Non intersection,07 - Dark,03 - P.D. only,06 - SMV unattended vehicle,Cityview - Skyline - Fisher Heights
3328,HIGHWAY 417 btwn HWY417 IC119B RAMP76 & HWY417 IC119A RAMP67,368284.741,5030355.545,-75.68894496,45.41025685,2014-01-03,12:50,01 - Clear,01 - Dry,10 - No control,01 - Non intersection,01 - Daylight,03 - P.D. only,99 - Other,Centretown
3329,BAYFIELD AVE @ CARLING AVE,352346.1198,5022371.753,-75.89332548,45.33968204,2014-01-08,9:00,01 - Clear,06 - Ice,02 - Stop sign,03 - At intersection,01 - Daylight,03 - P.D. only,02 - Angle,Greenbelt
3330,GROVEHURST DR btwn CRESTWAY DR & RUTLEGE ST,366433.2621,5015660.088,-75.71442744,45.2781951,2014-01-11,21:00,01 - Clear,01 - Dry,10 - No control,01 - Non intersection,07 - Dark,03 - P.D. only,06 - SMV unattended vehicle,Chapman Mills - Rideau Crest - Davidson Heights
3331,PRINCE OF WALES DR @ WEST HUNT CLUB RD,367458.7103,5021892.264,-75.70057057,45.33418074,2014-01-13,15:15,01 - Clear,06 - Ice,01 - Traffic signal,02 - Intersection related,01 - Daylight,03 - P.D. only,03 - Rear end,Industrial Park
3332,HIGHWAY 416 btwn HWY416 IC75A RAMP26 & HWY416 IC72 RAMP62,359241.9645,5020438.463,-75.80555524,45.32178499,2014-01-05,13:05,05 - Drifting Snow,06 - Ice,10 - No control,01 - Non intersection,01 - Daylight,03 - P.D. only,07 - SMV other,Greenbelt
3333,HWY416 IC49 RAMP42 btwn HIGHWAY 416 & ROGER STEVENS DR,369359.4616,5000886.705,-75.67904886,45.14500212,2014-01-05,15:20,05 - Drifting Snow,06 - Ice,10 - No control,01 - Non intersection,01 - Daylight,03 - P.D. only,07 - SMV other,Kars - Osgoode
3334,HIGHWAY 416 btwn HWY416 IC57 RAMP52 & HWY416 IC57 RAMP24,364755.7485,5008033.976,-75.73672645,45.2097201,2014-01-05,14:15,03 - Snow,03 - Loose snow,10 - No control,01 - Non intersection,01 - Daylight,03 - P.D. only,07 - SMV other,Manotick
3335,HIGHWAY 417 btwn HWY417 IC126 RAMP61 & HWY417 IC124 RAMP76,363486.7088,5026289.261,-75.75072081,45.3740879,2014-01-05,22:15,02 - Rain,06 - Ice,10 - No control,01 - Non intersection,07 - Dark,03 - P.D. only,07 - SMV other,Carlingwood West - Glabar Park - McKellar Heights
3336,HIGHWAY 417 btwn HWY417 IC117 RAMP51 & HWY417 IC117 RAMP35,370703.9428,5031172.153,-75.65793233,45.41738074,2014-01-08,13:45,01 - Clear,06 - Ice,10 - No control,01 - Non intersection,01 - Daylight,03 - P.D. only,07 - SMV other,Industrial Park
3337,HIGHWAY 417 btwn HWY417 IC144 RAMP61 & HWY417 IC142 RAMP16,347858.173,5016286.448,-75.95111641,45.28521433,2014-01-08,16:35,01 - Clear,01 - Dry,10 - No control,01 - Non intersection,05 - Dusk,03 - P.D. only,07 - SMV other,Stittsville - Basswood
3338,ANDERSON RD btwn INNES RD & DESJARDINS ST,376790.6253,5031611.04,-75.58010712,45.4207298,2014-01-04,19:50,01 - Clear,01 - Dry,10 - No control,01 - Non intersection,07 - Dark,03 - P.D. only,07 - SMV other,Greenbelt
3339,BANNER RD @ GREENBANK RD,361022.1796,5021567.759,-75.7827209,45.33180608,2014-01-16,17:40,01 - Clear,01 - Dry,01 - Traffic signal,03 - At intersection,07 - Dark,03 - P.D. only,03 - Rear end,Woodvale - Craig Henry - Manordale - Estates of Arlington Wo
3340,CENTRAL PARK DR N @ MERIVALE RD,364952.3969,5025874.348,-75.73205992,45.3702303,2014-01-03,22:39,01 - Clear,06 - Ice,01 - Traffic signal,02 - Intersection related,07 - Dark,03 - P.D. only,03 - Rear end,Civic Hospital - Experimental Farm - Central Park
3341,CARLING AVE WB btwn MERIVALE RD & HARMER AVE S,365125.33,5027863.381,-75.72960934,45.38811238,2014-01-17,11:45,01 - Clear,02 - Wet,10 - No control,04 - At/near private drive,01 - Daylight,03 - P.D. only,02 - Angle,Civic Hospital - Experimental Farm - Central Park
3342,COLLINS AVE @ EDGE HILL PL,370266.2061,5026725.266,-75.66411495,45.37741035,2014-01-17,11:58,01 - Clear,05 - Packed snow,02 - Stop sign,03 - At intersection,01 - Daylight,03 - P.D. only,02 - Angle,Ledbury - Heron Gate - Ridgemont - Elmwood
3343,LEMIEUX ST @ ST. LAURENT BLVD,372391.7247,5031743.832,-75.63629122,45.42236343,2014-01-20,14:41,01 - Clear,02 - Wet,01 - Traffic signal,02 - Intersection related,01 - Daylight,03 - P.D. only,03 - Rear end,Overbrook
3344,HWY417 IC117 RAMP51 btwn HIGHWAY 417 & HWY417 IC117 RAMP53,370685.5313,5031041.328,-75.65818505,45.41620536,2014-01-20,14:50,01 - Clear,01 - Dry,10 - No control,01 - Non intersection,01 - Daylight,03 - P.D. only,04 - Sideswipe,Industrial Park