Record,Location,X,Y,lon,lat,Date,Time,Environment,Road_Surface,Traffic_Control,Collision_Location,Light,Collision_Classification,Impact_type,Neighborhood
3345,BANK ST @ WALKLEY RD,370337.345,5025948.495,-75.66330981,45.37041457,2014-01-07,10:35,01 - Clear,06 - Ice,01 - Traffic signal,02 - Intersection related,01 - Daylight,03 - P.D. only,04 - Sideswipe,Ledbury - Heron Gate - Ridgemont - Elmwood
3346,WEST HUNT CLUB RD EB btwn CLEOPATRA DR & 210 W OF MERIVALE RD,365309.7177,5021746.436,-75.72800372,45.3330572,2014-01-08,13:06,01 - Clear,06 - Ice,10 - No control,01 - Non intersection,01 - Daylight,03 - P.D. only,03 - Rear end,Merivale Gardens - Grenfell Glen - Pineglen - Country Place
3347,HIGHWAY 416 btwn HWY416 IC66 RAMP34 & HWY416 IC72 RAMP53,359806.909,5017231.093,-75.7987055,45.29288082,2014-01-03,0:15,01 - Clear,06 - Ice,10 - No control,01 - Non intersection,07 - Dark,03 - P.D. only,07 - SMV other,Greenbelt
3348,HIGHWAY 417 btwn HWY417 IC180 RAMP35 & HWY417 IC169 RAMP51,324856.3003,5025533.282,-76.24395331,45.36945579,2014-01-03,18:00,01 - Clear,06 - Ice,10 - No control,01 - Non intersection,07 - Dark,03 - P.D. only,07 - SMV other,Antrim
3349,HIGHWAY 417 btwn HWY417 IC115 RAMP25 & REGIONAL ROAD 174,373214.8709,5031672.348,-75.62578394,45.42164024,2014-01-03,16:45,01 - Clear,06 - Ice,10 - No control,01 - Non intersection,05 - Dusk,03 - P.D. only,07 - SMV other,Industrial Park
3350,AVIATION PKWY btwn TO BE DETERMINED & HWY417 IC113 RAMP35,373253.3712,5032113.665,-75.62523071,45.42560722,2014-01-03,17:20,01 - Clear,01 - Dry,10 - No control,01 - Non intersection,05 - Dusk,03 - P.D. only,03 - Rear end,Industrial Park
3351,HIGHWAY 416 btwn HWY416 IC75B RAMP25 & HWY416 IC75A RAMP26,358728.0169,5022001.221,-75.81194029,45.33588644,2014-01-06,0:20,04 - Freezing Rain,06 - Ice,10 - No control,01 - Non intersection,07 - Dark,03 - P.D. only,07 - SMV other,Nepean
3352,HWY417 IC140 RAMP36 btwn TERRY FOX DR & HIGHWAY 417,350408.639,5018298.962,-75.91842094,45.30316267,2014-01-14,18:10,01 - Clear,06 - Ice,10 - No control,01 - Non intersection,07 - Dark,03 - P.D. only,07 - SMV other,Kanata Lakes - Marchwood Lakeside - Morgan's Grant - Kanata
3353,BELL ST @ GLADSTONE AVE,366945.6978,5029969.817,-75.70609898,45.40690637,2014-01-21,8:34,01 - Clear,01 - Dry,02 - Stop sign,03 - At intersection,01 - Daylight,03 - P.D. only,02 - Angle,Centretown West
3354,BRONSON AVE @ IMPERIAL AVE/PLYMOUTH ST,367319.1994,5029644.388,-75.70136929,45.40394499,2014-01-10,15:12,01 - Clear,02 - Wet,10 - No control,03 - At intersection,01 - Daylight,03 - P.D. only,05 - Turning movement,Centretown West
3355,NAVAHO DR btwn WOODROFFE AVE & Continuation of NAVAHO DR,362750.8553,5023519.417,-75.76043978,45.34922635,2014-01-13,12:21,01 - Clear,01 - Dry,10 - No control,04 - At/near private drive,01 - Daylight,03 - P.D. only,02 - Angle,Crestview - Meadowlands
3356,OGILVIE RD @ CITY PARK DR E/CSIS HQ ACCESS,374187.3064,5033011.525,-75.61317082,45.43359367,2014-01-14,11:57,01 - Clear,02 - Wet,01 - Traffic signal,02 - Intersection related,01 - Daylight,03 - P.D. only,03 - Rear end,Industrial Park
3357,BAY ST btwn LAURIER AVE W & GLOUCESTER ST,367045.8588,5030981.096,-75.70469186,45.41599666,2014-01-13,10:00,01 - Clear,03 - Loose snow,10 - No control,01 - Non intersection,01 - Daylight,03 - P.D. only,06 - SMV unattended vehicle,Downtown
3358,HIGHWAY 417 btwn HWY417 IC122 RAMP51 & HWY417 IC122 RAMP15,365316.1149,5028864.706,-75.72705031,45.39710562,2014-01-08,18:10,01 - Clear,02 - Wet,10 - No control,01 - Non intersection,07 - Dark,03 - P.D. only,03 - Rear end,Civi
3359,HIGHWAY 417 btwn HWY417 IC104 RAMP15 & HWY417 IC96 RAMP51,386413.9218,5023994.001,-75.45841979,45.35114194,2014-01-18,17:15,03 - Snow,06 - Ice,10 - No control,01 - Non intersection,05 - Dusk,03 - P.D. only,07 - SMV other,Greenbelt
3360,HIGHWAY 417 btwn HWY417 IC96 RAMP61 & HWY417 IC88 RAMP16,389383.295,5023573.965,-75.42060228,45.34701101,2014-01-18,18:20,03 - Snow,06 - Ice,10 - No control,01 - Non intersection,07 - Dark,03 - P.D. only,07 - SMV other,Navan - Vars
3361,HIGHWAY 417 btwn HWY417 IC129 RAMP61 & TRANSIT,360840.3381,5023856.547,-75.78478137,45.3524151,2014-01-18,20:30,01 - Clear,02 - Wet,10 - No control,01 - Non intersection,07 - Dark,03 - P.D. only,04 - Sideswipe,Whitehaven - Queensway Terrace North
3362,HWY416 IC75A RAMP43 btwn HWY416 IC75A RAMP63 & HIGHWAY 416,358569.0034,5022025.272,-75.81396636,45.33611506,2014-01-22,13:00,01 - Clear,03 - Loose snow,10 - No control,01 - Non intersection,01 - Daylight,03 - P.D. only,07 - SMV other,Greenbelt
3363,TENTH LINE RD btwn 275 N OF DES EPINETTES AVE/FALLINGBROOK SC & DES EP,383540.5949,5037131.381,-75.49298576,45.46966991,2014-01-11,6:20,04 - Freezing Rain,06 - Ice,10 - No control,01 - Non intersection,07 - Dark,03 - P.D. only,07 - SMV other,Orlans
3364,CROYDON AVE @ RICHMOND RD,360545.1798,5025273.28,-75.78838827,45.36518634,2014-01-11,6:23,02 - Rain,06 - Ice,01 - Traffic signal,03 - At intersection,07 - Dark,03 - P.D. only,07 - SMV other,Woodroffe - Lincoln Heights
3365,GLADSTONE AVE @ LYON ST,367583.7135,5030362.839,-75.69789919,45.41038572,2014-01-11,6:30,04 - Freezing Rain,06 - Ice,01 - Traffic signal,03 - At intersection,07 - Dark,03 - P.D. only,07 - SMV other,Centretown
3366,ALTA VISTA DR btwn WESMAR DR & HERON RD,370485.5282,5026950.019,-75.66128501,45.37941208,2014-01-09,16:36,01 - Clear,01 - Dry,10 - No control,01 - Non intersection,05 - Dusk,03 - P.D. only,03 - Rear end,Alta Vista
3367,OTTAWA RIVER PKWY @ PORTAGE BRIDGE,366516.7148,5031314.887,-75.71141022,45.41904689,2014-01-11,8:01,04 - Freezing Rain,06 - Ice,01 - Traffic signal,02 - Intersection related,01 - Daylight,03 - P.D. only,07 - SMV other,LeBreton Flats
3368,ALBION RD @ LESTER RD,372694.2362,5022333.256,-75.63372014,45.3376616,2014-01-11,7:25,04 - Freezing Rain,06 - Ice,01 - Traffic signal,02 - Intersection related,03 - Dawn,03 - P.D. only,03 - Rear end,Greenbelt
3369,BRONSON AVE @ POWELL AVE,367388.3859,5029477.467,-75.70050676,45.4024369,2014-01-13,16:10,01 - Clear,02 - Wet,01 - Traffic signal,02 - Intersection related,01 - Daylight,03 - P.D. only,03 - Rear end,The Glebe
3370,HIGHWAY 417 btwn HWY417 IC127 RAMP63 & HWY417 IC127 RAMP67,362135.3707,5024862.23,-75.76813812,45.36135947,2014-01-08,18:29,01 - Clear,01 - Dry,10 - No control,01 - Non intersection,07 - Dark,03 - P.D. only,03 - Rear end,Carlingwood West - Glabar Park - McKellar Heights
3371,HIGHWAY 417 btwn HWY417 IC127 RAMP63 & HWY417 IC127 RAMP67,362140.7517,5024865.165,-75.7680691,45.36138544,2014-01-08,17:45,01 - Clear,01 - Dry,10 - No control,01 - Non intersection,07 - Dark,03 - P.D. only,03 - Rear end,Carlingwood West - Glabar Park - McKellar Heights
3372,HIGHWAY 417 btwn HWY417 IC118 RAMP57 & HWY417 IC118 RAMP35,369132.6014,5030821.403,-75.67805336,45.41437106,2014-01-08,10:20,01 - Clear,01 - Dry,10 - No control,01 - Non intersection,01 - Daylight,03 - P.D. only,03 - Rear end,Old Ottawa East
3373,HIGHWAY 417 btwn HWY417 IC118 RAMP35 & HWY417 IC117 RAMP51,369786.0163,5031136.844,-75.66966427,45.4171489,2014-01-09,18:20,01 - Clear,01 - Dry,10 - No control,01 - Non intersection,07 - Dark,03 - P.D. only,04 - Sideswipe,Old Ottawa East
3374,CARLING AVE @ CROYDON AVE,360658.6806,5025043.278,-75.7869655,45.36310775,2014-01-17,10:55,03 - Snow,02 - Wet,01 - Traffic signal,03 - At intersection,01 - Daylight,03 - P.D. only,02 - Angle,Whitehaven - Queensway Terrace North
3375,GREENFIELD AVE btwn CONCORD ST N & TO BE DETERMINED,369063.9547,5031103.565,-75.67889354,45.41691616,2014-01-14,9:15,01 - Clear,01 - Dry,10 - No control,04 - At/near private drive,01 - Daylight,03 - P.D. only,02 - Angle,Old Ottawa East
3376,CARP RD @ STITTSVILLE MAIN ST,349525.2931,5014329.95,-75.93004213,45.26750499,2014-01-09,17:25,01 - Clear,01 - Dry,01 - Traffic signal,02 - Intersection related,05 - Dusk,03 - P.D. only,03 - Rear end,Stittsville
3377,LEWIS ST @ METCALFE ST,368121.2191,5030923.829,-75.69096083,45.4153849,2014-01-09,18:25,01 - Clear,01 - Dry,02 - Stop sign,03 - At intersection,07 - Dark,03 - P.D. only,05 - Turning movement,Centretown
3378,STONEWAY DR btwn FOREST GATE WAY & MOUNTAIN ASH DR,366208.6368,5016874.76,-75.71713992,45.28914429,2014-01-17,13:00,03 - Snow,02 - Wet,10 - No control,01 - Non intersection,01 - Daylight,03 - P.D. only,06 - SMV unattended vehicle,Greenbelt
3379,BELMEADE RD btwn 6TH LINE RD & BANK ST,385579.0282,4999863.22,-75.47299283,45.13412459,2014-01-17,16:43,01 - Clear,02 - Wet,10 - No control,01 - Non intersection,05 - Dusk,03 - P.D. only,07 - SMV other,Osgoode
3380,WEST HUNT CLUB RD WB btwn 545 E OF ROYDON PL/SUNDERLAND ST & ANTARES D,367066.6275,5022161.972,-75.70553853,45.33664242,2014-01-14,5:15,01 - Clear,01 - Dry,10 - No control,01 - Non intersection,07 - Dark,03 - P.D. only,07 - SMV other,Industrial Park
3381,BANK ST @ WALKLEY RD,370337.3724,5025948.215,-75.66330949,45.37041205,2014-01-20,16:20,01 - Clear,01 - Dry,01 - Traffic signal,02 - Intersection related,01 - Daylight,03 - P.D. only,04 - Sideswipe,Ledbury - Heron Gate - Ridgemont - Elmwood
3382,ARGYLE AVE @ O'CONNOR ST,368184.7108,5030486.333,-75.69020596,45.41144271,2014-01-08,15:16,01 - Clear,02 - Wet,01 - Traffic signal,03 - At intersection,01 - Daylight,03 - P.D. only,05 - Turning movement,Centretown
3383,HAZELDEAN RD @ SPRINGBROOK DR,349870.5886,5015110.692,-75.9255712,45.27450833,2014-01-08,19:06,01 - Clear,01 - Dry,01 - Traffic signal,03 - At intersection,07 - Dark,03 - P.D. only,07 - SMV other,Stittsville
3384,COBDEN RD btwn BADGER CRES & BADGER CRES,361496.5445,5023535.996,-75.77644391,45.34947805,2014-01-20,22:25,01 - Clear,01 - Dry,10 - No control,01 - Non intersection,07 - Dark,03 - P.D. only,06 - SMV unattended vehicle,Iris
3385,INNES RD @ TENTH LINE RD,383951.7603,5036160.828,-75.48788447,45.46089129,2014-01-07,7:01,01 - Clear,01 - Dry,01 - Traffic signal,02 - Intersection related,03 - Dawn,03 - P.D. only,03 - Rear end,Queenswood Heights
3386,BEECHWOOD AVE @ CHARLEVOIX ST/MACKAY ST,369187.1056,5033594.82,-75.67699449,45.4393202,2014-01-10,17:40,01 - Clear,02 - Wet,01 - Traffic signal,02 - Intersection related,07 - Dark,03 - P.D. only,04 - Sideswipe,Lindenlea - New Edinburgh
3387,BLAIS RD btwn BANK ST & HAWTHORNE RD,377026.4997,5020231.269,-75.5787573,45.3183163,2014-01-21,10:23,01 - Clear,05 - Packed snow,10 - No control,01 - Non intersection,01 - Daylight,03 - P.D. only,07 - SMV other,Greenbelt
3388,RIVERSIDE DR @ HERON RD,368121.1049,5026647.982,-75.69151113,45.37691212,2014-01-10,12:45,00 - Unknown,02 - Wet,01 - Traffic signal,02 - Intersection related,01 - Daylight,03 - P.D. only,03 - Rear end,Riverside Park
3389,BANK ST @ SUNNYSIDE AVE,368736.1476,5028579.151,-75.68340887,45.39423235,2014-01-10,13:30,03 - Snow,04 - Slush,01 - Traffic signal,02 - Intersection related,01 - Daylight,03 - P.D. only,03 - Rear end,Old Ottawa South
3390,CRAIG HENRY DR btwn MARKHAM AVE & CONOVER ST,361829.2519,5021629.29,-75.77241806,45.33229461,2014-01-19,14:50,03 - Snow,03 - Loose snow,10 - No control,01 - Non intersection,01 - Daylight,03 - P.D. only,07 - SMV other,Woodvale - Craig Henry - Manordale - Estates of Arlington Wo
3391,INNES RD btwn PRESTWICK DR & TENTH LINE RD,383766.209,5036083.262,-75.49026921,45.46021442,2014-01-21,11:30,01 - Clear,01 - Dry,10 - No control,04 - At/near private drive,01 - Daylight,03 - P.D. only,02 - Angle,Queenswood Heights
3392,INDUSTRIAL AVE @ RIVERSIDE DR,370685.274,5030592.748,-75.6582483,45.41216924,2014-01-14,7:08,01 - Clear,02 - Wet,01 - Traffic signal,02 - Intersection related,03 - Dawn,03 - P.D. only,03 - Rear end,Industrial Park
3393,HIGHWAY 417 btwn HWY417 IC118 RAMP57 & HWY417 IC118 RAMP35,369438.2687,5031025.887,-75.67412158,45.41618276,2014-01-22,9:00,01 - Clear,01 - Dry,10 - No control,01 - Non intersection,01 - Daylight,03 - P.D. only,03 - Rear end,Old Ottawa East
3394,HIGHWAY 417 btwn HWY417 IC122 RAMP16 & HWY417 IC122 RAMP61,365308.8476,5028878.722,-75.72714141,45.39723237,2014-01-22,15:15,01 - Clear,01 - Dry,10 - No control,01 - Non intersection,01 - Daylight,03 - P.D. only,04 - Sideswipe,Civi
3395,HIGHWAY 417 @ HWY 417 NICHOLAS IC118R67,369739.8336,5031160.519,-75.67025117,45.4173662,2014-01-18,7:15,01 - Clear,01 - Dry,10 - No control,02 - Intersection related,03 - Dawn,03 - P.D. only,07 - SMV other,Sandy Hill
3396,HWY417 IC131 RAMP55 btwn HIGHWAY 417 & HWY416 IC75B RAMP25,358367.6074,5022762.844,-75.81645591,45.34276717,2014-01-19,10:18,01 - Clear,06 - Ice,10 - No control,01 - Non intersection,01 - Daylight,03 - P.D. only,07 - SMV other,Greenbelt
3397,HIGHWAY 417 btwn HWY417 IC104 RAMP16 & HWY417 IC104 RAMP61,380242.7301,5025912.098,-75.53687389,45.36909082,2014-01-11,10:30,03 - Snow,05 - Packed snow,10 - No control,01 - Non intersection,01 - Daylight,03 - P.D. only,07 - SMV other,Greenbelt
3398,RIVERSIDE DR btwn MARILYN AVE & REVELSTOKE DR,368143.8488,5024280.255,-75.69152432,45.35560585,2014-01-11,13:45,01 - Clear,04 - Slush,10 - No control,01 - Non intersection,01 - Daylight,03 - P.D. only,04 - Sideswipe,Hunt Club Woods - Quintarra - Revelstoke - Riverside South P
3399,BERRIGAN DR @ LONGFIELDS DR,364305.2377,5015646.604,-75.74155026,45.2782571,2014-01-11,8:20,04 - Freezing Rain,06 - Ice,11 - Roundabout,03 - At intersection,01 - Daylight,03 - P.D. only,03 - Rear end,New Barrhaven
3400,OTTAWA RIVER PKWY @ PORTAGE BRIDGE,366515.7008,5031315.394,-75.71142311,45.41905154,2014-01-11,8:13,04 - Freezing Rain,06 - Ice,01 - Traffic signal,02 - Intersection related,01 - Daylight,03 - P.D. only,07 - SMV other,LeBreton Flats
3401,HIGHWAY 417 btwn HWY417 IC126 RAMP61 & HWY417 IC124 RAMP76,364070.8622,5027071.731,-75.74316939,45.38107927,2014-01-10,3:54,01 - Clear,01 - Dry,10 - No control,01 - Non intersection,07 - Dark,03 - P.D. only,07 - SMV other,Carlingwood West - Glabar Park - McKellar Heights
3402,HIGHWAY 417 btwn HWY417 IC119B RAMP76 & HWY417 IC119A RAMP67,368587.8247,5030533.251,-75.68505029,45.41182823,2014-01-09,19:20,01 - Clear,01 - Dry,10 - No control,01 - Non intersection,07 - Dark,03 - P.D. only,07 - SMV other,Centretown
3403,HIGHWAY 417 btwn HWY417 IC126 RAMP61 & HWY417 IC124 RAMP76,363201.5608,5025925.026,-75.75440418,45.37083438,2014-01-08,16:00,01 - Clear,01 - Dry,10 - No control,01 - Non intersection,01 - Daylight,03 - P.D. only,04 - Sideswipe,Carlingwood West - Glabar Park - McKellar Heights
3404,HIGHWAY 417 btwn HWY417 IC122 RAMP16 & HWY417 IC122 RAMP61,365323.5217,5028891.502,-75.72695243,45.39734609,2014-01-09,15:30,01 - Clear,01 - Dry,10 - No control,01 - Non intersection,01 - Daylight,03 - P.D. only,04 - Sideswipe,Civi
3405,HIGHWAY 417 btwn HWY417 IC126 RAMP61 & HWY417 IC124 RAMP76,363198.207,5025919.809,-75.75444761,45.37078772,2014-01-09,10:10,01 - Clear,01 - Dry,10 - No control,01 - Non intersection,01 - Daylight,03 - P.D. only,03 - Rear end,Carlingwood West - Glabar Park - McKellar Heights
3406,JOCKVALE RD @ FABLE ST/WEYBRIDGE DR E,362513.187,5015143.685,-75.76444816,45.2738812,2014-01-19,9:20,03 - Snow,06 - Ice,03 - Yield sign,02 - Intersection related,01 - Daylight,03 - P.D. only,07 - SMV other,Barrhaven West - Old Barrhaven
3407,WOODROFFE AVE @ PRINCE OF WALES DR,366800.7006,5014046.679,-75.709946,45.26364543,2014-01-19,10:24,01 - Clear,01 - Dry,02 - Stop sign,02 - Intersection related,01 - Daylight,03 - P.D. only,02 - Angle,New Barrhaven
3408,AGINCOURT RD @ MAITLAND AVE,363446.6866,5025451.287,-75.75133123,45.36655126,2014-01-09,18:00,01 - Clear,06 - Ice,02 - Stop sign,02 - Intersection related,07 - Dark,03 - P.D. only,03 - Rear end,Braemar Park - Bel Air Heights - Copeland Park
3409,JOCKVALE RD @ LONGFIELDS DR,364829.2929,5014001.028,-75.73507021,45.26340567,2014-01-17,17:51,01 - Clear,02 - Wet,,03 - At intersection,07 - Dark,03 - P.D. only,02 - Angle,New Barrhaven
3410,HERON RD @ 155 W OF BANK ST/CANADIAN TIRE SC,369848.1915,5026831.01,-75.66943774,45.37840074,2014-01-17,18:00,01 - Clear,02 - Wet,01 - Traffic signal,03 - At intersection,07 - Dark,03 - P.D. only,02 - Angle,Alta Vista
3411,CARP RD btwn LLOYDALEX CRES & ROTHBOURNE RD,348089.5551,5015055.958,-75.94827433,45.27412772,2014-01-09,16:31,01 - Clear,02 - Wet,10 - No control,01 - Non intersection,01 - Daylight,03 - P.D. only,03 - Rear end,Stittsville
3412,HAZELDEAN RD btwn FRINGEWOOD DR & HUNTMAR DR,350832.7658,5015980.152,-75.91322817,45.28226967,2014-01-09,17:44,01 - Clear,01 - Dry,10 - No control,04 - At/near private drive,07 - Dark,03 - P.D. only,02 - Angle,Stittsville
3413,FALLOWFIELD RD @ GREENBANK RD,363080.1687,5016732.709,-75.75703602,45.28813251,2014-01-11,7:00,04 - Freezing Rain,06 - Ice,01 - Traffic signal,02 - Intersection related,03 - Dawn,03 - P.D. only,03 - Rear end,Greenbelt
3414,BRIDGESTONE DR btwn FOXHALL WAY & KINGBROOK DR,355189.2232,5016420.013,-75.85765584,45.28592886,2014-01-11,7:12,04 - Freezing Rain,06 - Ice,10 - No control,01 - Non intersection,03 - Dawn,03 - P.D. only,06 - SMV unattended vehicle,Bridlewood - Emerald Meadows
3415,DUNROBIN RD btwn DUNROBIN RD & MURPHY SIDE RD,344483.481,5029001.429,-75.99311353,45.39982659,2014-01-14,21:11,01 - Clear,01 - Dry,10 - No control,01 - Non intersection,07 - Dark,03 - P.D. only,03 - Rear end,Carp - Hardwood Plains
3416,CENTREPOINTE DR @ REC PATH BEN FRANKLIN PL,362420.6711,5023032.017,-75.76470997,45.34486796,2014-01-14,7:45,01 - Clear,02 - Wet,01 - Traffic signal,02 - Intersection related,03 - Dawn,03 - P.D. only,03 - Rear end,Centrepointe
3417,STONEHAVEN DR btwn EAGLESON RD & BLUEMEADOW WAY,354406.9606,5016633.33,-75.8676059,45.28790398,2014-01-21,10:36,01 - Clear,01 - Dry,10 - No control,04 - At/near private drive,01 - Daylight,03 - P.D. only,02 - Angle,Bridlewood - Emerald Meadows
3418,ORLEANS BLVD btwn BOYER RD & BEAUSEJOUR DR,381103.5222,5035744.011,-75.52436423,45.45745799,2014-01-21,11:12,01 - Clear,01 - Dry,10 - No control,04 - At/near private drive,01 - Daylight,03 - P.D. only,02 - Angle,Orleans Village - Chateauneuf
3419,CASERTA PL btwn Continuation of CASERTA PL & Continuation of CASERTA P,384375.6713,5039061.249,-75.481995,45.48693838,2014-01-09,20:10,01 - Clear,06 - Ice,10 - No control,01 - Non intersection,07 - Dark,03 - P.D. only,06 - SMV unattended vehicle,Industrial Park
3420,BASELINE RD @ MERIVALE RD,365054.6964,5025325.768,-75.73082093,45.36528548,2014-01-10,16:20,01 - Clear,01 - Dry,01 - Traffic signal,02 - Intersection related,05 - Dusk,03 - P.D. only,04 - Sideswipe,Civic Hospital - Experimental Farm - Central Park
3421,HERON RD WB btwn PRINCE OF WALES DR & HERON RD WB ON RAMP/VINCENT MASS,367338.9343,5026513.708,-75.70151397,45.3757742,2014-01-04,14:00,00 - Unknown,01 - Dry,10 - No control,07 - Overpass or bridge,01 - Daylight,03 - P.D. only,07 - SMV other,Carleton University
3422,HIGHWAY 417 btwn HWY417 IC112 RAMP65 & HWY417 IC112 RAMP55,374462.5955,5030813.332,-75.60996368,45.41378813,2014-01-03,5:10,01 - Clear,06 - Ice,10 - No control,01 - Non intersection,07 - Dark,03 - P.D. only,07 - SMV other,Industrial Park
3423,HIGHWAY 417 btwn HWY417 IC104 RAMP16 & HWY417 IC104 RAMP61,380166.1953,5025927.393,-75.53784848,45.36923667,2014-01-26,17:35,03 - Snow,02 - Wet,10 - No control,01 - Non intersection,05 - Dusk,03 - P.D. only,07 - SMV other,Greenbelt
3424,HIGHWAY 417 btwn HWY 417 ANDERSON IC104R61 & HWY 417 BOUNDARY IC96R16,382905.6802,5025441.587,-75.50295728,45.3645658,2014-01-26,20:18,01 - Clear,04 - Slush,10 - No control,01 - Non intersection,07 - Dark,03 - P.D. only,07 - SMV other,Greenbelt
3425,HIGHWAY 417 btwn HWY417 IC104 RAMP16 & HWY417 IC104 RAMP61,380211.0438,5025923.327,-75.53727663,45.36919526,2014-01-26,17:40,01 - Clear,02 - Wet,10 - No control,01 - Non intersection,07 - Dark,03 - P.D. only,07 - SMV other,Greenbelt
3426,INDUSTRIAL AVE @ RIVERSIDE DR,370683.7531,5030593.255,-75.65826766,45.41217395,2014-01-14,7:08,01 - Clear,02 - Wet,01 - Traffic signal,02 - Intersection related,03 - Dawn,03 - P.D. only,03 - Rear end,Industrial Park
3427,INDUSTRIAL AVE btwn TRAINYARDS DR & RUSSELL RD,372112.9409,5030423.188,-75.6400336,45.41050775,2014-01-14,10:54,01 - Clear,02 - Wet,10 - No control,04 - At/near private drive,01 - Daylight,03 - P.D. only,03 - Rear end,Industrial Park
3428,HIGHWAY 416 btwn HWY416 IC66 RAMP34 & HWY416 IC72 RAMP53,360063.5844,5018571.45,-75.79528395,45.30492131,2014-01-22,5:41,01 - Clear,01 - Dry,10 - No control,01 - Non intersection,07 - Dark,03 - P.D. only,07 - SMV other,Greenbelt
3429,MOODIE DR @ HWY 417 MOODIE IC134R63,356389.9334,5022479.748,-75.84171964,45.34036808,2014-01-22,19:30,01 - Clear,01 - Dry,01 - Traffic signal,02 - Intersection related,07 - Dark,03 - P.D. only,05 - Turning movement,Greenbelt
3430,HIGHWAY 417 btwn HWY417 IC119B RAMP76 & HWY417 IC119A RAMP67,368574.5296,5030526.92,-75.68522095,45.41177248,2014-01-13,10:45,01 - Clear,01 - Dry,10 - No control,01 - Non intersection,01 - Daylight,03 - P.D. only,99 - Other,Centretown
3431,HIGHWAY 417 btwn HWY417 IC118 RAMP57 & HWY417 IC118 RAMP35,369726.562,5031136.865,-75.67042384,45.41715461,2014-01-23,9:29,01 - Clear,01 - Dry,10 - No control,01 - Non intersection,01 - Daylight,03 - P.D. only,03 - Rear end,Sandy Hill
3432,EAGLESON RD btwn KATIMAVIK RD & KAKULU RD,353362.3527,5019200.391,-75.88067044,45.31107593,2014-01-11,14:34,02 - Rain,02 - Wet,10 - No control,01 - Non intersection,01 - Daylight,03 - P.D. only,04 - Sideswipe,Greenbelt
3433,WILKIE DR btwn STELLER ST & CHENIER WAY,384038.4068,5037224.657,-75.4866052,45.47045282,2014-01-05,14:30,00 - Unknown,03 - Loose snow,10 - No control,01 - Non intersection,01 - Daylight,03 - P.D. only,06 - SMV unattended vehicle,Fallingbrook
3434,CAMPEAU DR @ HUNTMAR DR,349053.6082,5018056.464,-75.93572042,45.30106727,2014-12-26,13:11,01 - Clear,01 - Dry,11 - Roundabout,02 - Intersection related,01 - Daylight,03 - P.D. only,04 - Sideswipe,Stittsville - Basswood
3435,DELIA CRES btwn THURLOW ST & PRINCESS LOUISE DR,383451.1939,5038168.383,-75.49396292,45.47900998,2014-01-10,21:00,03 - Snow,06 - Ice,10 - No control,04 - At/near private drive,07 - Dark,03 - P.D. only,06 - SMV unattended vehicle,Fallingbrook
3436,GREENBANK RD @ JOCKVALE RD,364122.4773,5014332.986,-75.74403645,45.26645259,2014-01-11,18:30,01 - Clear,02 - Wet,01 - Traffic signal,02 - Intersection related,07 - Dark,03 - P.D. only,07 - SMV other,New Barrhaven
3437,FALLOWFIELD RD btwn EAGLESON RD & RICHMOND RD,356062.0143,5012603.785,-75.84692444,45.25152651,2014-01-13,18:40,01 - Clear,02 - Wet,10 - No control,01 - Non intersection,07 - Dark,03 - P.D. only,07 - SMV other,Munster Hamlet - Richmond
3438,ARGYLE AVE btwn BANK ST & O'CONNOR ST,368151.7577,5030466.562,-75.69062946,45.4112678,2014-01-13,10:00,02 - Rain,02 - Wet,10 - No control,01 - Non intersection,01 - Daylight,03 - P.D. only,06 - SMV unattended vehicle,Centretown
3439,HIGHWAY 417 btwn HWY417 IC126 RAMP61 & HWY417 IC124 RAMP76,364108.5673,5027121.574,-75.74268199,45.38152456,2014-01-09,15:00,01 - Clear,01 - Dry,10 - No control,01 - Non intersection,01 - Daylight,03 - P.D. only,03 - Rear end,Westboro
3440,HIGHWAY 417 btwn HWY417 IC138 RAMP26 & HWY417 IC138 RAMP61,353419.269,5020532.458,-75.87981387,45.32305819,2014-01-10,17:30,01 - Clear,02 - Wet,10 - No control,01 - Non intersection,05 - Dusk,03 - P.D. only,04 - Sideswipe,Greenbelt
3441,HIGHWAY 417 btwn HWY417 IC117 RAMP26 & HWY417 IC117 RAMP61,371159.6654,5031372.838,-75.65208309,45.41914334,2014-01-10,15:35,01 - Clear,01 - Dry,10 - No control,01 - Non intersection,01 - Daylight,03 - P.D. only,03 - Rear end,Overbrook
3442,MONTREAL RD @ ST. LAURENT BLVD,371545.7029,5033817.341,-75.64681967,45.44110115,2014-01-19,11:53,03 - Snow,03 - Loose snow,01 - Traffic signal,02 - Intersection related,01 - Daylight,03 - P.D. only,04 - Sideswipe,Cummings
3443,HUNT CLUB RD @ RIVERSIDE DR,368036.196,5021946.259,-75.69319657,45.33461477,2014-01-17,17:33,03 - Snow,02 - Wet,01 - Traffic signal,02 - Intersection related,05 - Dusk,03 - P.D. only,04 - Sideswipe,Hunt Club Woods - Quintarra - Revelstoke - Riverside South P
3444,BANK ST btwn HERON RD & ANOKA ST,369998.2549,5026846.219,-75.66751987,45.37852363,2014-01-17,18:49,01 - Clear,01 - Dry,10 - No control,01 - Non intersection,07 - Dark,03 - P.D. only,03 - Rear end,Alta Vista
3445,AVIATION PKWY @ OGILVIE RD,373111.7281,5032377.346,-75.62700399,45.42799354,2014-01-03,10:15,01 - Clear,02 - Wet,01 - Traffic signal,02 - Intersection related,01 - Daylight,03 - P.D. only,03 - Rear end,Industrial Park