Record,Location,X,Y,lon,lat,Date,Time,Environment,Road_Surface,Traffic_Control,Collision_Location,Light,Collision_Classification,Impact_type,Neighborhood
3446,RIVERSIDE DR @ BROOKFIELD RD/HOG'S BACK RD,368164.677,5026231.352,-75.69100831,45.37315945,2014-01-11,7:17,04 - Freezing Rain,06 - Ice,01 - Traffic signal,02 - Intersection related,03 - Dawn,03 - P.D. only,03 - Rear end,Riverside Park
3447,HWY417 IC126 RAMP52 btwn MAITLAND AVE & HWY417 IC126 RAMP51,363236.089,5025810.512,-75.75397695,45.36980112,2014-01-11,8:00,04 - Freezing Rain,06 - Ice,10 - No control,01 - Non intersection,01 - Daylight,03 - P.D. only,07 - SMV other,Carlington
3448,BASELINE RD @ CENTREPOINTE DR W/COBDEN RD,361633.2018,5023208.949,-75.77473762,45.34652423,2014-01-11,7:15,04 - Freezing Rain,06 - Ice,01 - Traffic signal,03 - At intersection,03 - Dawn,03 - P.D. only,02 - Angle,Iris
3449,WOODROFFE AVE @ QUEENSBURY DR/RIDEAUCREST DR,365727.789,5016328.608,-75.72333644,45.2842719,2014-01-11,7:30,04 - Freezing Rain,06 - Ice,01 - Traffic signal,02 - Intersection related,03 - Dawn,03 - P.D. only,03 - Rear end,Chapman Mills - Rideau Crest - Davidson Heights
3450,BELFAST RD @ ST. LAURENT BLVD,372861.5267,5030578.442,-75.63044959,45.41183225,2014-01-15,13:50,01 - Clear,01 - Dry,01 - Traffic signal,02 - Intersection related,01 - Daylight,03 - P.D. only,02 - Angle,Industrial Park
3451,CARINO CRES btwn Continuation of CARINO CRES & Continuation of CARINO ,386175.1829,5041813.024,-75.45852141,45.51148849,2014-01-22,8:30,01 - Clear,01 - Dry,10 - No control,04 - At/near private drive,01 - Daylight,03 - P.D. only,99 - Other,Cumberland - Estates
3452,JEANNE D'ARC BLVD @ ORLEANS BLVD S,380940.7445,5036250.833,-75.52636676,45.46203572,2014-01-21,20:15,01 - Clear,01 - Dry,01 - Traffic signal,03 - At intersection,07 - Dark,03 - P.D. only,05 - Turning movement,Orleans Village - Chateauneuf
3453,BOTELER ST @ PARENT AVE,367555.1952,5032991.345,-75.69792866,45.43403872,2014-01-10,18:00,01 - Clear,06 - Ice,02 - Stop sign,02 - Intersection related,07 - Dark,03 - P.D. only,03 - Rear end,Lower Town
3454,RIVERSIDE DR RAMP 42A @ RIVERSIDE DR,368444.3229,5027268.438,-75.6873047,45.38246552,2014-01-10,18:00,01 - Clear,02 - Wet,03 - Yield sign,02 - Intersection related,07 - Dark,03 - P.D. only,03 - Rear end,Alta Vista
3455,HIGHWAY 7 btwn HWY417 IC145 RAMP55 & RAMP,346292.3364,5013293.571,-75.97132613,45.25837737,2014-01-27,9:54,05 - Drifting Snow,03 - Loose snow,10 - No control,01 - Non intersection,01 - Daylight,03 - P.D. only,04 - Sideswipe,Stittsville - Basswood
3456,HIGHWAY 417 btwn HWY417 IC163 RAMP16 & HWY417 IC169 RAMP61,326366.3629,5024231.668,-76.22473228,45.35769831,2014-01-27,9:20,05 - Drifting Snow,05 - Packed snow,10 - No control,01 - Non intersection,01 - Daylight,03 - P.D. only,07 - SMV other,Antrim
3457,HIGHWAY 416 btwn HWY416 IC57 RAMP24 & HWY416 IC49 RAMP42,367828.172,5003741.986,-75.69815884,45.17083251,2014-01-27,7:40,03 - Snow,05 - Packed snow,10 - No control,01 - Non intersection,03 - Dawn,03 - P.D. only,03 - Rear end,Manotick - North Gower
3458,HIGHWAY 417 btwn HWY417 IC180 RAMP35 & HWY417 IC169 RAMP51,322024.8122,5028543.981,-76.27999587,45.39662304,2014-01-27,9:45,05 - Drifting Snow,06 - Ice,10 - No control,01 - Non intersection,01 - Daylight,03 - P.D. only,04 - Sideswipe,Mississipp
3459,HWY417 IC131 RAMP53 btwn HIGHWAY 417 & HWY417 IC131 RAMP63,358192.7166,5022655.822,-75.81869898,45.34181751,2014-01-27,9:30,05 - Drifting Snow,03 - Loose snow,10 - No control,01 - Non intersection,01 - Daylight,03 - P.D. only,03 - Rear end,Greenbelt
3460,WALKLEY RD btwn THORNDALE DR & AVONCOURT WAY,369595.9842,5025509.802,-75.67283102,45.36653628,2014-01-14,14:15,01 - Clear,02 - Wet,10 - No control,01 - Non intersection,01 - Daylight,03 - P.D. only,04 - Sideswipe,Riverside Park
3461,HIGHWAY 417 btwn HWY417 IC127 RAMP63 & HWY417 IC127 RAMP67,362152.1537,5024876.785,-75.76792222,45.36148907,2014-01-23,17:45,01 - Clear,01 - Dry,10 - No control,01 - Non intersection,07 - Dark,03 - P.D. only,03 - Rear end,Carlingwood West - Glabar Park - McKellar Heights
3462,HIGHWAY 416 btwn HWY416 IC66 RAMP62 & HWY416 IC72 RAMP24,360069.9248,5018625.595,-75.79519707,45.30540802,2014-01-23,18:45,01 - Clear,01 - Dry,10 - No control,01 - Non intersection,07 - Dark,03 - P.D. only,04 - Sideswipe,Greenbelt
3463,HWY417 IC123 RAMP62 btwn ISLAND PARK DR & HIGHWAY 417,364798.7794,5028126.945,-75.73374717,45.39051192,2014-01-19,16:15,01 - Clear,06 - Ice,10 - No control,01 - Non intersection,01 - Daylight,03 - P.D. only,07 - SMV other,Island Park
3464,CAMPEAU DR/HWY 417 MARCH IC138R63 @ MARCH RD,352840.7755,5020476.71,-75.8871981,45.32259639,2014-01-24,8:40,01 - Clear,01 - Dry,01 - Traffic signal,02 - Intersection related,01 - Daylight,03 - P.D. only,03 - Rear end,Greenbelt
3465,HIGHWAY 417 btwn HWY417 IC119B RAMP57 & HWY417 IC119A RAMP75,368427.4575,5030426.415,-75.68711271,45.41088156,2014-01-24,17:30,01 - Clear,01 - Dry,10 - No control,01 - Non intersection,05 - Dusk,03 - P.D. only,03 - Rear end,The Glebe
3466,QUEENSDALE AVE btwn BANK ST & SIXTH ST,373358.0357,5023458.441,-75.6250956,45.34772106,2014-01-11,12:00,02 - Rain,02 - Wet,10 - No control,04 - At/near private drive,01 - Daylight,03 - P.D. only,02 - Angle,Blossom Park - Blossom Park West - Sawmill Creek/ Timbermill
3467,BRONSON AVE/BRONSON/HERON RAMP 35 @ HERON RD,368641.6183,5026698.192,-75.68485936,45.37731666,2014-01-11,9:07,04 - Freezing Rain,06 - Ice,01 - Traffic signal,02 - Intersection related,01 - Daylight,03 - P.D. only,04 - Sideswipe,Riverside Park
3468,CORSHAM AVE btwn VARENNES BLVD & SHEENBORO CRES,384890.1043,5038332.76,-75.47553377,45.48032531,2014-01-10,0:00,01 - Clear,01 - Dry,10 - No control,01 - Non intersection,00 - Unknown,03 - P.D. only,06 - SMV unattended vehicle,Fallingbrook
3469,HOLLY ACRES RD btwn AERO DR & TRANSIT,358426.3176,5023052.851,-75.81567536,45.34537218,2014-01-13,17:48,02 - Rain,02 - Wet,10 - No control,01 - Non intersection,07 - Dark,03 - P.D. only,04 - Sideswipe,Bayshore
3470,GREENBANK RD @ MALVERN DR/FOXFIELD DR,363311.6864,5016194.687,-75.75414829,45.28327215,2014-01-13,19:57,02 - Rain,02 - Wet,01 - Traffic signal,03 - At intersection,07 - Dark,03 - P.D. only,05 - Turning movement,Barrhaven West - Old Barrhaven
3471,KING EDWARD AVE @ LAURIER AVE,368739.2002,5032035.343,-75.6829216,45.42532971,2014-01-10,11:30,01 - Clear,02 - Wet,01 - Traffic signal,03 - At intersection,01 - Daylight,03 - P.D. only,04 - Sideswipe,Sandy Hill
3472,BELL ST @ POWELL AVE,367201.2181,5029386.317,-75.70290891,45.40163347,2014-01-13,8:33,01 - Clear,06 - Ice,02 - Stop sign,02 - Intersection related,01 - Daylight,03 - P.D. only,06 - SMV unattended vehicle,The Glebe Annex
3473,WOODROFFE AVE btwn TURN LANE & MAJESTIC DR,363458.7267,5021735.486,-75.75161831,45.33311584,2014-01-19,13:45,03 - Snow,02 - Wet,10 - No control,01 - Non intersection,01 - Daylight,03 - P.D. only,03 - Rear end,Woodvale - Craig Henry - Manordale - Estates of Arlington Wo
3474,DES EPINETTES AVE @ JEANNE D'ARC BLVD,382226.2411,5035958.825,-75.50997719,45.4592672,2014-01-19,13:57,01 - Clear,02 - Wet,01 - Traffic signal,03 - At intersection,01 - Daylight,03 - P.D. only,02 - Angle,Orleans Village - Chateauneuf
3475,DUNROBIN RD btwn VANCES SIDE RD & PORCUPINE TR,341812.375,5032014.207,-76.02700473,45.42708267,2014-01-15,17:34,01 - Clear,01 - Dry,10 - No control,04 - At/near private drive,05 - Dusk,03 - P.D. only,04 - Sideswipe,Dunrobin
3476,ST. LAURENT BLVD @ COVENTRY RD/OGILVIE RD,372306.4679,5031950.637,-75.63735219,45.4242324,2014-01-17,17:30,01 - Clear,02 - Wet,01 - Traffic signal,02 - Intersection related,05 - Dusk,03 - P.D. only,03 - Rear end,Overbrook
3477,HWY417 IC138 RAMP63 btwn MARCH RD & HWY417 IC138 RAMP62,352942.0051,5020481.79,-75.88590641,45.32263516,2014-01-22,8:50,01 - Clear,06 - Ice,10 - No control,01 - Non intersection,01 - Daylight,03 - P.D. only,03 - Rear end,Greenbelt
3478,CARRONBRIDGE CIR @ WESTHALL WAY E,354701.1521,5015649.73,-75.86395467,45.2790325,2014-03-24,7:00,01 - Clear,01 - Dry,,02 - Intersection related,01 - Daylight,03 - P.D. only,06 - SMV unattended vehicle,Glen Cairn - Kanata South Business Park
3479,BANK ST @ GLADSTONE AVE,367916.7064,5030562.824,-75.69361981,45.41215517,2014-01-12,13:14,01 - Clear,03 - Loose snow,01 - Traffic signal,02 - Intersection related,01 - Daylight,03 - P.D. only,05 - Turning movement,Centretown
3480,MARCONI AVE @ KINGHORN CRES/APPLECROSS CRES,349912.7219,5024279.458,-75.92419929,45.35700868,2014-01-12,14:28,01 - Clear,02 - Wet,02 - Stop sign,03 - At intersection,01 - Daylight,03 - P.D. only,99 - Other,South March
3481,GREENBANK RD @ MALVERN DR/FOXFIELD DR,363311.6864,5016194.687,-75.75414829,45.28327215,2014-01-11,7:30,04 - Freezing Rain,06 - Ice,01 - Traffic signal,02 - Intersection related,03 - Dawn,03 - P.D. only,03 - Rear end,Barrhaven West - Old Barrhaven
3482,GREENFIELD AVE btwn HAVELOCK ST & MONTCALM ST,368965.7332,5030885.27,-75.68017682,45.41496103,2014-01-11,8:27,02 - Rain,06 - Ice,10 - No control,01 - Non intersection,01 - Daylight,03 - P.D. only,01 - Approaching,Old Ottawa East
3483,HUNTMAR DR btwn RICHARDSON SIDE RD & HUNTMAR DR,348308.9655,5018871.182,-75.94514342,45.30844487,2014-01-18,20:12,01 - Clear,02 - Wet,10 - No control,01 - Non intersection,07 - Dark,03 - P.D. only,03 - Rear end,Stittsville - Basswood
3484,HOLLAND AVE btwn WELLINGTON ST W & BYRON AVE,364939.3339,5029130.487,-75.73182996,45.39952953,2014-01-20,8:05,01 - Clear,06 - Ice,10 - No control,04 - At/near private drive,01 - Daylight,03 - P.D. only,02 - Angle,Island Park
3485,COLONNADE RD @ MERIVALE RD,365364.202,5022543.736,-75.72721108,45.3402265,2014-01-21,19:35,01 - Clear,01 - Dry,01 - Traffic signal,02 - Intersection related,07 - Dark,03 - P.D. only,03 - Rear end,Tanglewood
3486,BRONSON AVE btwn BREWER WAY & RIVERSIDE DR RAMPS 34B & 42A-3,368200.3019,5027599.896,-75.6903778,45.38547002,2014-01-22,8:29,01 - Clear,01 - Dry,10 - No control,01 - Non intersection,01 - Daylight,03 - P.D. only,03 - Rear end,Carleto
3487,DUNROBIN RD btwn LILLIAN WAY & HARWOOD LANE,345739.4104,5027715.599,-75.97717861,45.38818408,2014-01-10,19:04,01 - Clear,02 - Wet,10 - No control,01 - Non intersection,07 - Dark,03 - P.D. only,07 - SMV other,Carp - Hardwood Plains
3488,TEMISKAMING CRES btwn FOXRIDGE WAY & TEMAGAMI DR (1),365270.0494,5014687.211,-75.72937079,45.26954218,2014-01-10,22:51,01 - Clear,06 - Ice,10 - No control,01 - Non intersection,07 - Dark,03 - P.D. only,06 - SMV unattended vehicle,New Barrhaven
3489,BANK ST btwn ALTA VISTA DR & WALKLEY RD,370255.6737,5026180.714,-75.66432159,45.37251164,2014-01-21,11:00,01 - Clear,01 - Dry,10 - No control,01 - Non intersection,01 - Daylight,03 - P.D. only,04 - Sideswipe,Ledbury - Heron Gate - Ridgemont - Elmwood
3490,BANK ST @ JOHNSTON RD,370851.2235,5024840.288,-75.65689817,45.36039504,2014-01-21,9:00,01 - Clear,06 - Ice,01 - Traffic signal,02 - Intersection related,01 - Daylight,03 - P.D. only,03 - Rear end,South Keys - Heron Gate - Greenboro West
3491,MEADOWLANDS DR btwn BAYNE AVE & MERIVALE RD,364799.3159,5023694.084,-75.73427874,45.35062573,2014-01-14,15:59,01 - Clear,02 - Wet,10 - No control,04 - At/near private drive,01 - Daylight,03 - P.D. only,05 - Turning movement,Crestview - Meadowlands
3492,COLONNADE RD @ PRINCE OF WALES DR,367394.7116,5023265.091,-75.70121334,45.34653889,2014-01-14,17:18,01 - Clear,01 - Dry,01 - Traffic signal,03 - At intersection,05 - Dusk,03 - P.D. only,05 - Turning movement,Industrial Park
3493,HIGHWAY 417 btwn REGIONAL ROAD 174 & HWY417 IC113 RAMP62,373283.5151,5031731.485,-75.62489868,45.42216561,2014-01-24,8:45,01 - Clear,01 - Dry,10 - No control,01 - Non intersection,01 - Daylight,03 - P.D. only,03 - Rear end,Pineview
3494,HIGHWAY 417 btwn HWY 417 ANDERSON IC104R61 & HWY 417 BOUNDARY IC96R16,383436.9131,5025383.722,-75.49618618,45.36398578,2014-01-24,16:10,01 - Clear,02 - Wet,10 - No control,01 - Non intersection,05 - Dusk,03 - P.D. only,03 - Rear end,Greenbelt
3495,HIGHWAY 417 btwn Continuation of HIGHWAY 417 & HWY417 IC134 RAMP51,355560.935,5021739.04,-75.85237284,45.33376357,2014-01-25,19:05,05 - Drifting Snow,03 - Loose snow,10 - No control,01 - Non intersection,07 - Dark,03 - P.D. only,04 - Sideswipe,Greenbelt
3496,HIGHWAY 417 btwn HWY417 IC127 RAMP67 & HWY417 IC126 RAMP16,362893.9529,5025492.787,-75.75838182,45.36697071,2014-01-25,21:22,03 - Snow,03 - Loose snow,10 - No control,01 - Non intersection,07 - Dark,03 - P.D. only,07 - SMV other,Carlingwood West - Glabar Park - McKellar Heights
3497,HIGHWAY 417 btwn HWY417 IC138 RAMP61 & HWY417 IC134 RAMP36,353755.4596,5020730.254,-75.87550614,45.32481463,2014-01-25,19:20,03 - Snow,03 - Loose snow,10 - No control,01 - Non intersection,07 - Dark,03 - P.D. only,07 - SMV other,Greenbelt
3498,FORESTBROOK ST btwn HUNTERBROOK ST N & STATEWOOD DR,348465.4244,5022992.084,-75.9427848,45.34551621,2014-01-11,15:51,02 - Rain,06 - Ice,10 - No control,01 - Non intersection,01 - Daylight,03 - P.D. only,06 - SMV unattended vehicle,Morgan's Grant
3499,BLAIR RD @ INNES RD,375578.2279,5031440.823,-75.59562158,45.41932199,2014-01-11,16:59,04 - Freezing Rain,06 - Ice,01 - Traffic signal,02 - Intersection related,05 - Dusk,03 - P.D. only,04 - Sideswipe,Greenbelt
3500,CUMBERLAND ST @ DALY AVE,368454.1553,5032191.137,-75.68654368,45.42675749,2014-01-10,19:15,01 - Clear,06 - Ice,02 - Stop sign,02 - Intersection related,07 - Dark,03 - P.D. only,03 - Rear end,Sandy Hill
3501,ROGER STEVENS DR btwn MCKENNA RD & DWYER HILL RD,353598.3924,4988682.324,-75.88064425,45.03644512,2014-01-11,10:00,04 - Freezing Rain,06 - Ice,10 - No control,01 - Non intersection,01 - Daylight,03 - P.D. only,07 - SMV other,Munster Hamlet - Richmond
3502,BEAUMARIS DR @ BERGEN AVE,359856.1725,5022697.755,-75.79746989,45.34206625,2014-01-13,17:20,02 - Rain,02 - Wet,03 - Yield sign,02 - Intersection related,05 - Dusk,03 - P.D. only,05 - Turning movement,Qualicum - Redwood Park
3503,MEADOWLANDS DR/TALLWOOD DR @ WOODROFFE AVE,363056.7233,5022730.511,-75.75662958,45.3421025,2014-01-10,17:30,01 - Clear,06 - Ice,01 - Traffic signal,02 - Intersection related,05 - Dusk,03 - P.D. only,04 - Sideswipe,Crestview - Meadowlands
3504,HIGHWAY 417 btwn HWY417 IC131 RAMP55 & HWY417 IC130 RAMP35,358833.8089,5022986.816,-75.81048296,45.34474672,2014-01-11,8:29,04 - Freezing Rain,03 - Loose snow,10 - No control,01 - Non intersection,01 - Daylight,03 - P.D. only,07 - SMV other,Greenbelt
3505,HWY417 IC130 RAMP25 btwn RICHMOND RD & HIGHWAY 417,359521.533,5023096.355,-75.80169555,45.34567904,2014-01-11,7:01,04 - Freezing Rain,06 - Ice,10 - No control,01 - Non intersection,03 - Dawn,03 - P.D. only,07 - SMV other,Qualicum - Redwood Park
3506,HIGHWAY 417 btwn HWY417 IC144 RAMP35 & HWY417 IC144 RAMP25,347478.8868,5015883.041,-75.95598584,45.28160746,2014-01-11,8:17,02 - Rain,06 - Ice,10 - No control,01 - Non intersection,01 - Daylight,03 - P.D. only,07 - SMV other,Stittsville - Basswood
3507,SPRINGWOOD CIRC btwn Continuation of SPRINGWOOD CIRC & Continuation of,350712.7285,5013830.914,-75.91495693,45.26293798,2014-01-19,14:19,03 - Snow,03 - Loose snow,10 - No control,01 - Non intersection,01 - Daylight,03 - P.D. only,07 - SMV other,Stittsville
3508,FALLOWFIELD RD btwn EAGLESON RD & RICHMOND RD,356618.6683,5012889.716,-75.83980336,45.25405861,2014-01-19,14:23,03 - Snow,03 - Loose snow,10 - No control,01 - Non intersection,01 - Daylight,03 - P.D. only,07 - SMV other,Munster Hamlet - Richmond
3509,RIVERSIDE DR NB btwn TRANSITWAY - RIVERSIDE H & SMYTH RD SOUTH SIDE RA,369777.0154,5028853.121,-75.67008023,45.39660162,2014-01-17,16:30,01 - Clear,01 - Dry,10 - No control,01 - Non intersection,01 - Daylight,03 - P.D. only,04 - Sideswipe,Alta Vista
3510,HARBOUR ST btwn LEARMONTH AVE & TO BE DETERMINED,328080.8181,5035480.144,-76.20231848,45.45886243,2014-01-17,20:53,01 - Clear,01 - Dry,10 - No control,01 - Non intersection,07 - Dark,03 - P.D. only,07 - SMV other,Fitzroy
3511,TERRY FOX DR @ PALLADIUM DR/KATIMAVIK RD,351270.7319,5018183.043,-75.9074394,45.30206309,2014-01-22,9:45,01 - Clear,06 - Ice,01 - Traffic signal,02 - Intersection related,01 - Daylight,03 - P.D. only,03 - Rear end,Katimavik - Hazeldean
3512,SHAUGHNESSY CRES btwn KNUDSON DR & WINDEYER CRES (2),350635.1793,5020402.531,-75.91533776,45.32207639,2014-01-22,10:00,01 - Clear,05 - Packed snow,10 - No control,04 - At/near private drive,01 - Daylight,03 - P.D. only,02 - Angle,Kanata Lakes - Marchwood Lakeside - Morgan's Grant - Kanata
3513,INNES RD @ 215 W OF CYRVILLE RD/HOME DEPOT W,374863.6943,5031001.693,-75.60481294,45.41544286,2014-01-28,15:57,01 - Clear,01 - Dry,01 - Traffic signal,02 - Intersection related,01 - Daylight,03 - P.D. only,04 - Sideswipe,Industrial Park
3514,CARRONBRIDGE CIR btwn WESTHALL WAY E & WESTHALL WAY W,354687.0327,5015560.341,-75.86414361,45.27822916,2014-01-06,7:15,04 - Freezing Rain,06 - Ice,10 - No control,01 - Non intersection,03 - Dawn,03 - P.D. only,07 - SMV other,Glen Cairn - Kanata South Business Park
3515,BLAIR RD @ REGIONAL RD 174 N/OR174 IC112 RAMP61,374635.3828,5032991.74,-75.60744753,45.43337105,2014-01-20,8:30,01 - Clear,02 - Wet,01 - Traffic signal,02 - Intersection related,01 - Daylight,03 - P.D. only,03 - Rear end,Industrial Park
3516,TERRY FOX DR btwn COPE DR & TRANS CANADA TRAIL,353518.0367,5015694.443,-75.87902949,45.27951782,2014-01-20,9:51,01 - Clear,02 - Wet,10 - No control,01 - Non intersection,01 - Daylight,03 - P.D. only,07 - SMV other,Glen Cairn - Kanata South Business Park
3517,ST. JOSEPH BLVD @ TENTH LINE RD,382890.8038,5038667.213,-75.50105052,45.4835609,2014-01-22,8:40,01 - Clear,01 - Dry,01 - Traffic signal,02 - Intersection related,01 - Daylight,03 - P.D. only,04 - Sideswipe,Industrial Park
3518,CHAPMAN BLVD @ SAUNDERSON DR,373098.2383,5028956.799,-75.62765034,45.39721839,2014-01-22,9:30,01 - Clear,01 - Dry,02 - Stop sign,03 - At intersection,01 - Daylight,03 - P.D. only,02 - Angle,Elmvale - Eastway - Riverview - Riverview Park West
3519,BRONSON AVE btwn BREWER WAY & RIVERSIDE DR RAMPS 34B & 42A-3,368116.6517,5027754.522,-75.69142607,45.38686886,2014-01-07,9:15,01 - Clear,06 - Ice,10 - No control,01 - Non intersection,01 - Daylight,03 - P.D. only,03 - Rear end,Carleto
3520,DUCLOS AVE/BARRINGTON ST @ VISENEAU DR,381526.0692,5035522.954,-75.51899673,45.45542283,2014-01-07,13:35,03 - Snow,06 - Ice,02 - Stop sign,02 - Intersection related,01 - Daylight,03 - P.D. only,03 - Rear end,Orleans Village - Chateauneuf
3521,NAVAHO DR @ WOODROFFE AVE/TRANSITWAY N BASELIN,362706.2419,5023493.055,-75.76101217,45.34899283,2014-01-21,13:05,01 - Clear,01 - Dry,01 - Traffic signal,02 - Intersection related,01 - Daylight,03 - P.D. only,03 - Rear end,Crestview - Meadowlands
3522,CUMMINGS AVE @ OGILVIE RD,372749.2272,5032169.825,-75.6316647,45.42616168,2014-01-15,14:00,01 - Clear,05 - Packed snow,01 - Traffic signal,02 - Intersection related,01 - Daylight,03 - P.D. only,03 - Rear end,Cummings
3523,BRONSON AVE @ SUNNYSIDE AVE/UNIVERSITY RD - CA,367923.724,5028091.294,-75.6938465,45.38991646,2014-01-14,17:58,01 - Clear,01 - Dry,01 - Traffic signal,02 - Intersection related,07 - Dark,03 - P.D. only,03 - Rear end,Carleto
3524,BLUEMEADOW WAY btwn HUNTINGS END AVE & ROSETHORN WAY,354480.7661,5016991.538,-75.86662921,45.291122,2014-01-14,16:35,01 - Clear,02 - Wet,10 - No control,04 - At/near private drive,05 - Dusk,03 - P.D. only,06 - SMV unattended vehicle,Bridlewood - Emerald Meadows
3525,WOODROFFE AVE @ HWY 417 WOODROFF IC127R26/HWY4,362085.0566,5024938.57,-75.76877146,45.36205049,2014-01-23,8:51,01 - Clear,01 - Dry,01 - Traffic signal,02 - Intersection related,01 - Daylight,03 - P.D. only,03 - Rear end,Carlingwood West - Glabar Park - McKellar Heights
3526,HAZELDEAN RD @ CARBROOKE ST/IRWIN GATE,353417.1476,5018267.359,-75.88006319,45.30267652,2014-01-29,21:25,01 - Clear,02 - Wet,01 - Traffic signal,03 - At intersection,07 - Dark,03 - P.D. only,05 - Turning movement,Katimavik - Hazeldean
3527,BASELINE RD btwn COLLEGE SQUARE SC & WOODROFFE AVE,362565.33,5023777.14,-75.76277712,45.35156063,2014-02-07,22:00,01 - Clear,01 - Dry,10 - No control,01 - Non intersection,07 - Dark,03 - P.D. only,03 - Rear end,Braemar Park - Bel Air Heights - Copeland Park
3528,RIVERDALE AVE btwn ECHO DR & GLENVIEW AVE,369256.346,5029299.075,-75.67667152,45.40066229,2014-01-29,11:12,01 - Clear,02 - Wet,10 - No control,01 - Non intersection,01 - Daylight,03 - P.D. only,06 - SMV unattended vehicle,Old Ottawa East
3529,MUNSTER RD btwn BILTMORE CRES & MANSFIELD RD,347891.3089,5004084.313,-75.95175069,45.17541202,2014-01-29,11:20,01 - Clear,05 - Packed snow,10 - No control,01 - Non intersection,01 - Daylight,03 - P.D. only,07 - SMV other,Munster Hamlet - Richmond
3530,AMBIANCE DR btwn ROSETTA AVE & Continuation of AMBIANCE DR,367011.6609,5016711.817,-75.70692408,45.28760752,2014-01-11,0:00,02 - Rain,04 - Slush,10 - No control,01 - Non intersection,00 - Unknown,03 - P.D. only,06 - SMV unattended vehicle,Chapman Mills - Rideau Crest - Davidson Heights
3531,BLACKCREEK RD btwn MITCH OWENS RD & PARKWAY RD,388111.8962,5020010.978,-75.43742389,45.31510644,2014-01-14,20:35,01 - Clear,01 - Dry,10 - No control,01 - Non intersection,07 - Dark,03 - P.D. only,07 - SMV other,Metcalfe
3532,MCARTHUR AVE @ CARMEN AVE,370904.8102,5032768.138,-75.65515191,45.43172178,2014-01-19,14:10,03 - Snow,02 - Wet,02 - Stop sign,02 - Intersection related,01 - Daylight,03 - P.D. only,02 - Angle,Vanier South
3533,HAZELDEAN RD @ TERRY FOX DR,352208.6249,5017243.211,-75.8955706,45.29354358,2014-01-27,8:48,03 - Snow,03 - Loose snow,01 - Traffic signal,02 - Intersection related,01 - Daylight,03 - P.D. only,99 - Other,Glen Cairn - Kanata South Business Park
3534,GREENBANK RD btwn HWY417 IC129 RAMP35 & HWY417 IC129 RAMP25,360504.4395,5023383.723,-75.78912123,45.3481874,2014-01-27,8:00,03 - Snow,03 - Loose snow,10 - No control,01 - Non intersection,01 - Daylight,03 - P.D. only,03 - Rear end,Iris
3535,FAIRLAKES WAY btwn GOLDENBROOK WAY & LAKERIDGE DR,385099.4174,5034348.551,-75.47350757,45.44445515,2014-01-25,8:00,01 - Clear,01 - Dry,10 - No control,01 - Non intersection,01 - Daylight,03 - P.D. only,06 - SMV unattended vehicle,Avalon
3536,HIGHWAY 417 btwn HWY417 IC119B RAMP76 & HWY417 IC119A RAMP67,368426.9603,5030443.816,-75.68711682,45.41103817,2014-02-03,9:51,01 - Clear,06 - Ice,10 - No control,01 - Non intersection,01 - Daylight,03 - P.D. only,07 - SMV other,Centretown
3537,HIGHWAY 417 btwn HWY417 IC117 RAMP61 & HWY417 IC115 RAMP36,371851.7032,5031456.769,-75.64323008,45.41983254,2014-02-04,2:55,01 - Clear,01 - Dry,10 - No control,01 - Non intersection,07 - Dark,03 - P.D. only,04 - Sideswipe,Overbrook
3538,HIGHWAY 417 btwn REGIONAL ROAD 174 & HWY417 IC113 RAMP85,373404.5218,5031752.639,-75.62334966,45.42234408,2014-02-03,6:15,01 - Clear,01 - Dry,10 - No control,01 - Non intersection,07 - Dark,03 - P.D. only,04 - Sideswipe,Pineview
3539,HIGHWAY 417 btwn HWY 417 ANDERSON IC104R61 & HWY 417 BOUNDARY IC96R16,381220.5329,5025689.835,-75.52442713,45.36698511,2014-02-03,12:30,01 - Clear,01 - Dry,10 - No control,01 - Non intersection,01 - Daylight,03 - P.D. only,07 - SMV other,Greenbelt
3540,HIGHWAY 417 btwn HWY417 IC112 RAMP66 & HWY417 IC112 RAMP56,374484.6703,5030846.073,-75.60967705,45.41408052,2014-02-03,7:30,01 - Clear,06 - Ice,10 - No control,01 - Non intersection,01 - Daylight,03 - P.D. only,03 - Rear end,Industrial Park
3541,MONTREAL RD btwn THOMSON ST & AVIATION PKWY,372136.2244,5034103.668,-75.63923298,45.44362075,2014-01-29,15:30,01 - Clear,01 - Dry,10 - No control,01 - Non intersection,01 - Daylight,03 - P.D. only,03 - Rear end,Cummings
3542,ST. JOSEPH BLVD @ REGIONAL RD 174/TRANSITWAY,376555.8106,5035059.248,-75.58260457,45.45177877,2014-01-29,8:05,01 - Clear,01 - Dry,01 - Traffic signal,02 - Intersection related,01 - Daylight,03 - P.D. only,03 - Rear end,Greenbelt
3543,ALTA VISTA DR @ BANK ST,370247.2397,5026200.739,-75.6644266,45.3726926,2014-01-30,11:11,01 - Clear,02 - Wet,01 - Traffic signal,02 - Intersection related,01 - Daylight,03 - P.D. only,04 - Sideswipe,Ledbury - Heron Gate - Ridgemont - Elmwood
3544,FISHER AVE btwn BASELINE RD & MALIBU TER,366243.2588,5025845.244,-75.71558519,45.36985644,2014-01-30,10:30,01 - Clear,02 - Wet,10 - No control,01 - Non intersection,01 - Daylight,03 - P.D. only,01 - Approaching,Civic Hospital - Experimental Farm - Central Park
3545,BILLINGS BRIDGESC RAMP NB @ RIVERSIDE DR EB,369082.4493,5027762.744,-75.67909272,45.38685487,2014-01-31,15:38,01 - Clear,02 - Wet,02 - Stop sign,03 - At intersection,01 - Daylight,03 - P.D. only,02 - Angle,Alta Vista