Record,Location,X,Y,lon,lat,Date,Time,Environment,Road_Surface,Traffic_Control,Collision_Location,Light,Collision_Classification,Impact_type,Neighborhood
3546,DYNES RD @ PRINCE OF WALES DR,367117.0838,5025925.428,-75.70442047,45.37050076,2014-01-31,16:06,01 - Clear,01 - Dry,01 - Traffic signal,02 - Intersection related,05 - Dusk,03 - P.D. only,03 - Rear end,Carleton Heights - Rideauview
3547,CELLINI CRT btwn JOHNSTON RD & JOHNSTON RD,374435.7344,5026643.581,-75.61089538,45.3762734,2014-01-22,0:00,01 - Clear,06 - Ice,10 - No control,01 - Non intersection,00 - Unknown,03 - P.D. only,06 - SMV unattended vehicle,Industrial Park
3548,COLONEL BY DR btwn UNIVERSITY RD & HOG'S BACK RD,367349.0258,5026772.713,-75.70135233,45.37810377,2014-01-31,19:41,01 - Clear,01 - Dry,10 - No control,01 - Non intersection,07 - Dark,03 - P.D. only,01 - Approaching,Carleton University
3549,AGINCOURT RD @ MAITLAND AVE,363447.9212,5025449.292,-75.75131571,45.36653321,2014-01-03,8:29,01 - Clear,06 - Ice,02 - Stop sign,02 - Intersection related,01 - Daylight,03 - P.D. only,03 - Rear end,Braemar Park - Bel Air Heights - Copeland Park
3550,HERON RD EB btwn RIVERSIDE DR & BRONSON AVE RAMP 35,368278.7728,5026648.996,-75.68949809,45.37690698,2014-01-23,7:45,01 - Clear,02 - Wet,10 - No control,01 - Non intersection,03 - Dawn,03 - P.D. only,03 - Rear end,Riverside Park
3551,MERIVALE RD btwn 170 N OF WEST HUNT CLUB RD/COSTCO SC & WEST HUNT CLUB,365583.2909,5022015.755,-75.72448066,45.33545685,2014-01-23,9:05,01 - Clear,01 - Dry,10 - No control,01 - Non intersection,01 - Daylight,03 - P.D. only,04 - Sideswipe,Tanglewood
3552,GREENBANK RD @ CANFIELD RD/CRAIG HENRY DR,361106.1728,5021365.253,-75.78167244,45.3299772,2014-01-24,10:57,01 - Clear,01 - Dry,01 - Traffic signal,03 - At intersection,01 - Daylight,03 - P.D. only,02 - Angle,Sheahan Estates - Trend Village - Arlington Woods
3553,CARLING AVE/STATION RD @ MARCH RD,350909.6518,5022244.262,-75.91166529,45.33863073,2014-01-24,11:38,01 - Clear,01 - Dry,01 - Traffic signal,03 - At intersection,01 - Daylight,03 - P.D. only,02 - Angle,South March
3554,PINECREST RD/HWY 417 PINECRE IC129R63 @ TRANSI,360388.7583,5023677.803,-75.79056433,45.35084271,2014-01-24,19:45,01 - Clear,01 - Dry,01 - Traffic signal,03 - At intersection,07 - Dark,03 - P.D. only,02 - Angle,Whitehaven - Queensway Terrace North
3555,AIRPORT PKWY/BROOKFIELD RD @ FLANNERY DR/AIRPORT PKWY RAMPS 52A/53,368694.5609,5026295.315,-75.68423557,45.37368686,2014-01-26,14:16,01 - Clear,01 - Dry,03 - Yield sign,03 - At intersection,01 - Daylight,03 - P.D. only,02 - Angle,Riverside Park
3556,QUEEN ST @ LYON ST,367017.2819,5031288.528,-75.70501814,45.41876538,2014-01-26,14:49,01 - Clear,01 - Dry,01 - Traffic signal,03 - At intersection,01 - Daylight,03 - P.D. only,05 - Turning movement,Downtown
3557,AQUAVIEW DR btwn SERRANO ST & BOIS VERT PL,384516.9905,5035762.787,-75.48072254,45.45724582,2014-02-12,0:00,01 - Clear,01 - Dry,10 - No control,01 - Non intersection,00 - Unknown,03 - P.D. only,06 - SMV unattended vehicle,Avalon
3558,BLOHM DR @ HUNTERSWOOD CRES,375021.3187,5026553.628,-75.60343239,45.37540561,2014-01-07,8:23,01 - Clear,06 - Ice,02 - Stop sign,02 - Intersection related,01 - Daylight,03 - P.D. only,03 - Rear end,Hunt Club
3559,CAMERON ST @ REGIONAL RD 174,389860.294,5042618.044,-75.41122631,45.51829137,2014-01-04,16:40,01 - Clear,01 - Dry,01 - Traffic signal,02 - Intersection related,05 - Dusk,03 - P.D. only,03 - Rear end,Cumberland - Estates
3560,NAVAHO DR @ WOODROFFE AVE/TRANSITWAY N BASELIN,362707.4765,5023494.036,-75.7609963,45.34900156,2014-01-03,14:50,01 - Clear,06 - Ice,01 - Traffic signal,02 - Intersection related,01 - Daylight,03 - P.D. only,03 - Rear end,Crestview - Meadowlands
3561,REGIONAL ROAD 174 btwn OR174 IC112 RAMP61 & TRANSIT,375199.8766,5033149.355,-75.60021119,45.43473258,2014-01-15,13:10,01 - Clear,01 - Dry,10 - No control,01 - Non intersection,01 - Daylight,03 - P.D. only,99 - Other,Greenbelt
3562,BYRON AVE @ ROOSEVELT AVE,363036.169,5028062.524,-75.75626338,45.39008106,2014-01-18,11:34,01 - Clear,02 - Wet,01 - Traffic signal,03 - At intersection,01 - Daylight,03 - P.D. only,02 - Angle,Carlingwood - McKellar Park - Laurentien View
3563,WEST HUNT CLUB RD WB btwn 354 E OF WOODROFFE AVE/REC PATH & CLEOPATRA ,364575.5076,5021639.274,-75.73738304,45.33215589,2014-01-27,8:52,03 - Snow,03 - Loose snow,10 - No control,01 - Non intersection,01 - Daylight,03 - P.D. only,04 - Sideswipe,Tanglewood
3564,HWY 417 ST.LAURE IC115R51 @ ST. LAURENT BLVD,372530.8216,5031411.665,-75.63455966,45.4193613,2014-01-27,8:58,01 - Clear,03 - Loose snow,01 - Traffic signal,02 - Intersection related,01 - Daylight,03 - P.D. only,03 - Rear end,Industrial Park
3565,DUNNING RD @ OLD MONTREAL RD,390267.6654,5042527.618,-75.40602867,45.51742801,2014-01-27,15:52,05 - Drifting Snow,05 - Packed snow,02 - Stop sign,02 - Intersection related,01 - Daylight,03 - P.D. only,03 - Rear end,Cumberland - Estates
3566,ALBION RD btwn LEITRIM RD & QUINN RD,373576.9988,5020236.05,-75.62274941,45.3187057,2014-01-27,14:40,05 - Drifting Snow,03 - Loose snow,10 - No control,04 - At/near private drive,01 - Daylight,03 - P.D. only,02 - Angle,Greenbelt
3567,HIGHWAY 417 btwn HWY417 IC117 RAMP51 & HWY417 IC117 RAMP35,370715.0966,5031169.613,-75.65779017,45.41735683,2014-02-04,15:00,01 - Clear,01 - Dry,10 - No control,01 - Non intersection,01 - Daylight,03 - P.D. only,03 - Rear end,Industrial Park
3568,HIGHWAY 417 btwn HWY417 IC129 RAMP61 & TRANSIT,360929.8594,5023926.281,-75.78363102,45.3530354,2014-01-05,22:10,04 - Freezing Rain,06 - Ice,10 - No control,01 - Non intersection,07 - Dark,03 - P.D. only,07 - SMV other,Whitehaven - Queensway Terrace North
3569,HIGHWAY 417 btwn HWY417 IC144 RAMP25 & HWY417 IC142 RAMP51,347918.6456,5016281.626,-75.95034599,45.28516724,2014-02-05,17:39,01 - Clear,04 - Slush,10 - No control,01 - Non intersection,07 - Dark,03 - P.D. only,07 - SMV other,Stittsville - Basswood
3570,HWY 417 WOODROFF IC127R62 @ WOODROFFE AVE,362050.8456,5025019.14,-75.76919878,45.36277825,2014-02-05,10:15,01 - Clear,01 - Dry,03 - Yield sign,02 - Intersection related,01 - Daylight,03 - P.D. only,03 - Rear end,Whitehaven - Queensway Terrace North
3571,CARLING AVE @ BROADVIEW AVE,363180.1796,5026639.302,-75.75459269,45.37726312,2014-01-28,17:15,01 - Clear,01 - Dry,01 - Traffic signal,02 - Intersection related,05 - Dusk,03 - P.D. only,03 - Rear end,Carlingwood - McKellar Park - Laurentien View
3572,SILVERBIRCH ST btwn HEATHERWOOD DR & PAGE RD,380991.8543,5034100.182,-75.52604644,45.4426803,2014-01-29,21:53,01 - Clear,05 - Packed snow,10 - No control,04 - At/near private drive,07 - Dark,03 - P.D. only,06 - SMV unattended vehicle,Chapel Hill South
3573,BANK ST btwn GLADSTONE AVE & MCLEOD ST,367923.8154,5030546.457,-75.69353109,45.41200727,2014-01-29,22:30,01 - Clear,02 - Wet,10 - No control,01 - Non intersection,07 - Dark,03 - P.D. only,06 - SMV unattended vehicle,Centretown
3574,ALTA VISTA DR @ BANK ST,370249.4909,5026202.635,-75.66439761,45.37270945,2014-01-24,20:05,01 - Clear,02 - Wet,01 - Traffic signal,02 - Intersection related,07 - Dark,03 - P.D. only,03 - Rear end,Ledbury - Heron Gate - Ridgemont - Elmwood
3575,CORKSTOWN RD btwn MARCH RD & MOODIE DR,356301.2711,5022697.313,-75.84282823,45.34233226,2014-01-30,17:45,01 - Clear,01 - Dry,10 - No control,01 - Non intersection,07 - Dark,03 - P.D. only,07 - SMV other,Greenbelt
3576,ERINDALE DR @ BASELINE RD,363859.1139,5024575.523,-75.74617141,45.35863662,2014-01-31,16:56,01 - Clear,03 - Loose snow,02 - Stop sign,03 - At intersection,05 - Dusk,03 - P.D. only,02 - Angle,Braemar Park - Bel Air Heights - Copeland Park
3577,BASELINE RD @ 207 E OF CLYDE AVE,364537.8504,5024999.08,-75.73745761,45.36239023,2014-01-31,17:27,01 - Clear,02 - Wet,01 - Traffic signal,03 - At intersection,05 - Dusk,03 - P.D. only,05 - Turning movement,Civic Hospital - Experimental Farm - Central Park
3578,"EGLISE, RUE DE L @ MONTREAL RD",371158.2172,5033633.84,-75.65179692,45.43948698,2014-01-23,11:46,01 - Clear,06 - Ice,01 - Traffic signal,03 - At intersection,01 - Daylight,03 - P.D. only,02 - Angle,Vanier South
3579,ERINDALE DR @ BASELINE RD,363858.1,5024574.387,-75.74618448,45.35862649,2014-01-23,11:50,01 - Clear,01 - Dry,02 - Stop sign,02 - Intersection related,01 - Daylight,03 - P.D. only,03 - Rear end,Braemar Park - Bel Air Heights - Copeland Park
3580,RYAN DR @ SOUTHWOOD DR,361004.1487,5023215.397,-75.78276376,45.34663294,2014-01-08,9:16,01 - Clear,06 - Ice,02 - Stop sign,03 - At intersection,01 - Daylight,03 - P.D. only,06 - SMV unattended vehicle,Iris
3581,LONGFIELDS DR @ WOODROFFE AVE,365421.6438,5017106.945,-75.7271435,45.29130181,2014-01-08,14:35,01 - Clear,06 - Ice,01 - Traffic signal,02 - Intersection related,01 - Daylight,03 - P.D. only,07 - SMV other,Greenbelt
3582,RIVERSIDE DR @ HERON RD,368121.6119,5026647.475,-75.69150473,45.37690751,2014-01-23,7:35,01 - Clear,01 - Dry,01 - Traffic signal,02 - Intersection related,03 - Dawn,03 - P.D. only,03 - Rear end,Riverside Park
3583,WOODROFFE AVE @ KNOXDALE RD/MEDHURST DR,363420.1969,5021827.754,-75.75209891,45.33394928,2014-01-23,9:10,01 - Clear,01 - Dry,01 - Traffic signal,02 - Intersection related,01 - Daylight,03 - P.D. only,99 - Other,Woodvale - Craig Henry - Manordale - Estates of Arlington Wo
3584,HINCKS LANE @ RIVERSIDE DR,370167.2229,5030205.819,-75.66491753,45.40873638,2014-01-12,19:27,01 - Clear,06 - Ice,02 - Stop sign,02 - Intersection related,07 - Dark,03 - P.D. only,07 - SMV other,Industrial Park
3585,AVIATION PKWY @ MONTREAL RD,372146.7166,5034109.85,-75.63909802,45.44367537,2014-01-15,11:53,01 - Clear,02 - Wet,01 - Traffic signal,03 - At intersection,01 - Daylight,03 - P.D. only,02 - Angle,Cummings
3586,RUSSELL RD btwn ROCKDALE RD & MCNEELY RD,393946.9334,5027049.28,-75.36174842,45.37771282,2014-01-25,10:13,06 - Strong wind,03 - Loose snow,10 - No control,01 - Non intersection,01 - Daylight,03 - P.D. only,07 - SMV other,Navan - Vars
3587,DIAMONDVIEW RD btwn BAIRD SIDE RD & THOMAS A. DOLAN PKWY,334844.7264,5025870.764,-76.11641897,45.37213557,2014-01-25,10:44,05 - Drifting Snow,03 - Loose snow,10 - No control,01 - Non intersection,01 - Daylight,03 - P.D. only,07 - SMV other,Car
3588,TRIM RD btwn DEMETER ST & VALIN ST,386342.5704,5037670.23,-75.45706772,45.47419641,2014-01-03,8:33,01 - Clear,06 - Ice,10 - No control,01 - Non intersection,01 - Daylight,03 - P.D. only,07 - SMV other,Cardinal Creek
3589,HUNT CLUB RD @ CANADAIR PRIV,368663.1913,5022309.598,-75.68515093,45.33782723,2014-01-27,4:55,03 - Snow,03 - Loose snow,01 - Traffic signal,03 - At intersection,07 - Dark,03 - P.D. only,02 - Angle,Hunt Club - Ottawa Airport
3590,VANIER PKWY SB btwn HWY417 IC117 RAMP36 & TO BE DETERMINED,370783.379,5031413.362,-75.65688517,45.41954355,2014-01-27,8:15,03 - Snow,03 - Loose snow,10 - No control,01 - Non intersection,01 - Daylight,03 - P.D. only,04 - Sideswipe,Overbrook
3591,DIDSBURY RD btwn TERRY FOX DR & END,350607.8089,5018903.293,-75.9158255,45.30858764,2014-01-10,17:24,01 - Clear,03 - Loose snow,10 - No control,04 - At/near private drive,05 - Dusk,03 - P.D. only,01 - Approaching,Kanata Lakes - Marchwood Lakeside - Morgan's Grant - Kanata
3592,RIVERSIDE DR NB btwn BANK ST & RIVERSIDE DR NB RAMP FROM EB TO WB,369336.8514,5027929.565,-75.67582245,45.38833248,2014-01-07,3:29,01 - Clear,01 - Dry,10 - No control,01 - Non intersection,07 - Dark,03 - P.D. only,04 - Sideswipe,Alta Vista
3593,STITTSVILLE MAIN ST @ HAZELDEAN RD,349559.837,5014880.156,-75.92955235,45.27245374,2014-01-07,12:10,01 - Clear,02 - Wet,01 - Traffic signal,02 - Intersection related,01 - Daylight,03 - P.D. only,03 - Rear end,Stittsville
3594,BANK ST btwn RIDEAU RD & TURN LANE,377142.5904,5017393.556,-75.57769093,45.29277181,2014-01-19,4:33,01 - Clear,02 - Wet,10 - No control,01 - Non intersection,07 - Dark,03 - P.D. only,07 - SMV other,Greenbelt
3595,LIMEBANK RD btwn EARL ARMSTRONG RD & RIDEAU RD,370267.6491,5015683.286,-75.66555665,45.27805724,2014-01-19,22:03,03 - Snow,06 - Ice,10 - No control,01 - Non intersection,07 - Dark,03 - P.D. only,01 - Approaching,Greenbelt
3596,BYRON AVE btwn GRANVILLE AVE & CLARENDON AVE,364557.3916,5028749.696,-75.73675427,45.39613595,2014-01-27,9:05,03 - Snow,03 - Loose snow,10 - No control,01 - Non intersection,01 - Daylight,03 - P.D. only,04 - Sideswipe,Island Park
3597,ANDERSON RD btwn DOLMAN RIDGE RD & RIDGE RD,378982.6091,5028652.765,-75.55254696,45.39388418,2014-01-27,9:13,05 - Drifting Snow,04 - Slush,10 - No control,01 - Non intersection,01 - Daylight,03 - P.D. only,07 - SMV other,Greenbelt
3598,RIVERSIDE DR @ SMYTH RD NORTH SIDE RAMP,369937.0864,5029318.184,-75.66797453,45.40077122,2014-01-27,14:15,03 - Snow,05 - Packed snow,01 - Traffic signal,02 - Intersection related,01 - Daylight,03 - P.D. only,03 - Rear end,Industrial Park
3599,GROSVENOR AVE @ SUNNYSIDE AVE,368540.7241,5028464.304,-75.6859194,45.3932168,2014-01-27,16:30,01 - Clear,03 - Loose snow,02 - Stop sign,03 - At intersection,01 - Daylight,03 - P.D. only,02 - Angle,Old Ottawa South
3600,HIGHWAY 417 btwn HWY417 IC130 RAMP26 & HIGHWAY 417,359432.7385,5023110.23,-75.80282705,45.34581081,2014-01-31,11:15,01 - Clear,02 - Wet,10 - No control,01 - Non intersection,01 - Daylight,03 - P.D. only,04 - Sideswipe,Bayshore
3601,HIGHWAY 417 btwn HWY417 IC119B RAMP57 & HWY417 IC119A RAMP75,368424.9716,5030424.426,-75.68714473,45.41086389,2014-02-05,16:43,01 - Clear,02 - Wet,10 - No control,01 - Non intersection,05 - Dusk,03 - P.D. only,03 - Rear end,The Glebe
3602,HIGHWAY 417 btwn HWY417 IC145 RAMP56 & Continuation of HIGHWAY 417,346440.8829,5014995.15,-75.96929085,45.27368011,2014-02-06,15:15,01 - Clear,01 - Dry,10 - No control,01 - Non intersection,01 - Daylight,03 - P.D. only,07 - SMV other,Stittsville - Basswood
3603,HIGHWAY 417 btwn HWY417 IC96 RAMP51 & HIGHWAY 417,387251.5868,5023852.728,-75.44775463,45.34977291,2014-02-01,16:50,03 - Snow,03 - Loose snow,10 - No control,01 - Non intersection,05 - Dusk,03 - P.D. only,07 - SMV other,Greenbelt
3604,HIGHWAY 417 btwn HWY417 IC96 RAMP51 & HIGHWAY 417,387146.2624,5023870.282,-75.44909563,45.34994322,2014-02-05,15:44,03 - Snow,03 - Loose snow,10 - No control,01 - Non intersection,01 - Daylight,03 - P.D. only,07 - SMV other,Greenbelt
3605,8TH LINE RD btwn RODNEY FARM DR & PARKWAY RD,383090.2869,5017079.523,-75.50192333,45.28930887,2014-01-29,21:00,05 - Drifting Snow,03 - Loose snow,10 - No control,01 - Non intersection,07 - Dark,03 - P.D. only,01 - Approaching,Metcalfe
3606,BRONSON AVE @ COMMISSIONER ST/SLATER ST,366769.4296,5030948.734,-75.7082275,45.41573001,2014-01-30,19:42,01 - Clear,02 - Wet,01 - Traffic signal,02 - Intersection related,07 - Dark,03 - P.D. only,05 - Turning movement,Byward Market - Parliament Hill
3607,BRIGITTA ST btwn ROMINA ST & OPUS ST,354683.2511,5015360.257,-75.86421191,45.27642903,2014-01-30,20:13,01 - Clear,03 - Loose snow,10 - No control,04 - At/near private drive,07 - Dark,03 - P.D. only,02 - Angle,Stittsville - Basswood
3608,BROUGHTON ST @ BRYANT ST,349747.2041,5020745.679,-75.92663283,45.32522154,2014-01-21,15:47,01 - Clear,05 - Packed snow,02 - Stop sign,03 - At intersection,01 - Daylight,03 - P.D. only,07 - SMV other,Kanata Lakes - Marchwood Lakeside - Morgan's Grant - Kanata
3609,GALETTA SIDE RD @ LOGGERS WAY,325001.5438,5032562.664,-76.24181115,45.43270551,2014-01-21,15:47,01 - Clear,01 - Dry,02 - Stop sign,02 - Intersection related,01 - Daylight,03 - P.D. only,07 - SMV other,Galetta
3610,LEBRETON ST    N btwn ECCLES ST & WILLOW ST,366804.5669,5030035.621,-75.70789346,45.40751097,2014-01-13,21:00,01 - Clear,01 - Dry,10 - No control,01 - Non intersection,07 - Dark,03 - P.D. only,06 - SMV unattended vehicle,Centretown West
3611,MEADOWLANDS DR btwn TURN LANE & SULLIVAN AVE,363145.5785,5022775.539,-75.75549055,45.34250027,2014-01-03,18:51,01 - Clear,06 - Ice,10 - No control,04 - At/near private drive,07 - Dark,03 - P.D. only,05 - Turning movement,Crestview - Meadowlands
3612,LAUREL ST btwn PRESTON ST & END,366372.127,5029887.986,-75.71343578,45.40622077,2014-01-03,14:00,01 - Clear,01 - Dry,10 - No control,04 - At/near private drive,01 - Daylight,03 - P.D. only,06 - SMV unattended vehicle,Little Italy
3613,DEAKIN ST @ PRINCE OF WALES DR,367393.0808,5021522.54,-75.70145458,45.33085988,2014-01-23,9:10,01 - Clear,01 - Dry,01 - Traffic signal,02 - Intersection related,01 - Daylight,03 - P.D. only,05 - Turning movement,Industrial Park
3614,VANIER PKWY NB btwn BEECHWOOD AVE/ ST. PATRICK ST/CRICHTON ST & DESCHA,369614.9127,5033378.746,-75.67155522,45.43733652,2014-01-23,17:45,01 - Clear,01 - Dry,10 - No control,01 - Non intersection,07 - Dark,03 - P.D. only,03 - Rear end,Vanier North
3615,MONTREAL RD btwn VANIER PKWY & DUROCHER ST,370127.3794,5033096.716,-75.66504315,45.43475124,2014-01-16,9:04,01 - Clear,01 - Dry,10 - No control,04 - At/near private drive,01 - Daylight,03 - P.D. only,05 - Turning movement,Vanier
3616,HERON RD @ FINN CRT,370831.9631,5026944.163,-75.65686277,45.37932682,2014-01-16,11:20,01 - Clear,02 - Wet,01 - Traffic signal,02 - Intersection related,01 - Daylight,03 - P.D. only,04 - Sideswipe,Ledbury - Heron Gate - Ridgemont - Elmwood
3617,COLONNADE RD @ PRINCE OF WALES DR,367395.2186,5023266.77,-75.70120665,45.34655395,2014-01-25,10:48,01 - Clear,02 - Wet,01 - Traffic signal,02 - Intersection related,01 - Daylight,03 - P.D. only,03 - Rear end,Industrial Park
3618,JEANNE D'ARC BLVD @ ORLEANS BLVD S,380940.2375,5036250.833,-75.52637324,45.46203578,2014-01-25,11:40,01 - Clear,02 - Wet,01 - Traffic signal,03 - At intersection,01 - Daylight,03 - P.D. only,05 - Turning movement,Orleans Village - Chateauneuf
3619,HIGHWAY 417 btwn HWY417 IC180 RAMP35 & HWY417 IC169 RAMP51,323442.6932,5027095.17,-76.26194085,45.38354955,2014-01-27,9:36,05 - Drifting Snow,05 - Packed snow,10 - No control,01 - Non intersection,01 - Daylight,03 - P.D. only,03 - Rear end,Mississipp
3620,HIGHWAY 417 btwn HWY417 IC180 RAMP35 & HWY417 IC169 RAMP51,322006.3608,5028553.696,-76.2802312,45.39671091,2014-01-27,11:30,05 - Drifting Snow,05 - Packed snow,10 - No control,01 - Non intersection,01 - Daylight,03 - P.D. only,04 - Sideswipe,Mississipp
3621,HIGHWAY 417 btwn HWY417 IC118 RAMP35 & HWY417 IC117 RAMP51,369822.7106,5031135.904,-75.66919559,45.41713703,2014-01-27,14:02,01 - Clear,02 - Wet,10 - No control,01 - Non intersection,01 - Daylight,03 - P.D. only,04 - Sideswipe,Old Ottawa East
3622,MONTREAL RD @ BATHGATE DR/BURMA RD,373225.1055,5034517.016,-75.62525782,45.44723411,2014-01-27,11:03,05 - Drifting Snow,06 - Ice,01 - Traffic signal,03 - At intersection,01 - Daylight,03 - P.D. only,02 - Angle,Carson Grove - Carson Meadows
3623,WEST HUNT CLUB RD btwn MOODIE DR & HWY416 IC72 RAMP53,358084.762,5018613.796,-75.82051134,45.30545525,2014-01-27,11:01,05 - Drifting Snow,02 - Wet,10 - No control,01 - Non intersection,01 - Daylight,03 - P.D. only,99 - Other,Greenbelt
3624,CUMMINGS AVE/LABELLE ST @ CYRVILLE RD,372859.2355,5031874.001,-75.63029992,45.4234893,2014-01-11,8:33,01 - Clear,06 - Ice,01 - Traffic signal,02 - Intersection related,01 - Daylight,03 - P.D. only,03 - Rear end,Cummings
3625,ST. LAURENT BLVD @ WALKLEY RD,373905.1482,5028046.375,-75.6174727,45.38894765,2014-01-11,14:34,01 - Clear,06 - Ice,01 - Traffic signal,02 - Intersection related,01 - Daylight,03 - P.D. only,03 - Rear end,Hawthorne Meadows
3626,NINTH LINE RD btwn ANDERSON RD & FARMERS WAY,382790.6581,5021549.607,-75.50503906,45.32956123,2014-01-07,16:32,01 - Clear,03 - Loose snow,10 - No control,04 - At/near private drive,05 - Dusk,03 - P.D. only,04 - Sideswipe,Greenbelt
3627,PARENT AVE @ ST. PATRICK ST,367821.2227,5032556.113,-75.69458461,45.43009873,2014-01-21,16:21,01 - Clear,01 - Dry,01 - Traffic signal,02 - Intersection related,01 - Daylight,03 - P.D. only,03 - Rear end,Byward Market
3628,KENT ST @ LAURIER AVE,367316.699,5031164.335,-75.70120846,45.41762124,2014-01-27,8:45,03 - Snow,03 - Loose snow,01 - Traffic signal,02 - Intersection related,01 - Daylight,03 - P.D. only,03 - Rear end,Downtown
3629,PINECREST RD @ RICHMOND RD,360073.1775,5024471.766,-75.79450277,45.35801172,2014-01-27,9:18,03 - Snow,03 - Loose snow,01 - Traffic signal,02 - Intersection related,01 - Daylight,03 - P.D. only,03 - Rear end,Whitehaven - Queensway Terrace North
3630,BEVAN AVE btwn BYRON AVE & WESLEY AVE,363761.8037,5028358.926,-75.74696165,45.39268732,2014-01-27,17:42,01 - Clear,03 - Loose snow,10 - No control,01 - Non intersection,07 - Dark,03 - P.D. only,01 - Approaching,Westboro
3631,ALBION RD @ HUNT CLUB RD,371867.5785,5024320.605,-75.643997,45.35562262,2014-01-27,17:49,03 - Snow,03 - Loose snow,01 - Traffic signal,03 - At intersection,07 - Dark,03 - P.D. only,03 - Rear end,South Keys - Heron Gate - Greenboro West
3632,HIGHWAY 417 btwn HWY417 IC127 RAMP63 & HWY417 IC127 RAMP67,362282.2197,5024973.206,-75.7662509,45.362346,2014-02-06,17:44,01 - Clear,01 - Dry,10 - No control,01 - Non intersection,07 - Dark,03 - P.D. only,03 - Rear end,Carlingwood West - Glabar Park - McKellar Heights
3633,HIGHWAY 417 btwn HWY417 IC117 RAMP26 & HWY417 IC117 RAMP61,370836.9086,5031221.97,-75.65622691,45.41781643,2014-02-06,18:58,01 - Clear,01 - Dry,10 - No control,01 - Non intersection,07 - Dark,03 - P.D. only,07 - SMV other,Industrial Park
3634,HIGHWAY 417 btwn HWY417 IC124 RAMP76 & HWY417 IC124 RAMP67,364336.7025,5027419.471,-75.73973324,45.38418563,2014-02-07,17:40,01 - Clear,01 - Dry,10 - No control,01 - Non intersection,07 - Dark,03 - P.D. only,03 - Rear end,Westboro
3635,HIGHWAY 417 btwn HWY417 IC129 RAMP25 & HWY417 IC129 RAMP35,360462.9681,5023531.103,-75.78963384,45.34951682,2014-02-11,7:48,01 - Clear,01 - Dry,10 - No control,01 - Non intersection,01 - Daylight,03 - P.D. only,03 - Rear end,Whitehaven - Queensway Terrace North
3636,HWY417 IC124 RAMP57 btwn HIGHWAY 417 & CARLING AVE,363969.3326,5026895.171,-75.74448687,45.37949919,2014-02-10,10:30,01 - Clear,01 - Dry,10 - No control,01 - Non intersection,01 - Daylight,03 - P.D. only,04 - Sideswipe,Carlington
3637,HWY417 IC104 RAMP51 btwn HIGHWAY 417 & ANDERSON RD,380075.3719,5025630.188,-75.53905309,45.36657236,2014-02-10,12:12,01 - Clear,02 - Wet,10 - No control,01 - Non intersection,01 - Daylight,03 - P.D. only,07 - SMV other,Greenbelt
3638,HIGHWAY 416 btwn HWY416 IC66 RAMP24 & HWY416 IC57 RAMP62,361016.5774,5012839.441,-75.78378163,45.25326861,2014-02-14,7:15,03 - Snow,03 - Loose snow,10 - No control,01 - Non intersection,01 - Daylight,03 - P.D. only,04 - Sideswipe,Munster Hamlet - Richmond
3639,HIGHWAY 417 btwn HWY417 IC104 RAMP15 & HWY417 IC96 RAMP51,386776.6818,5023927.408,-75.45380196,45.35050049,2014-02-14,13:25,01 - Clear,04 - Slush,10 - No control,01 - Non intersection,01 - Daylight,03 - P.D. only,07 - SMV other,Greenbelt
3640,MANN AVE btwn TURN LANE & RUSSELL AVE,369281.4114,5031389.346,-75.67607796,45.4194675,2014-01-30,0:14,01 - Clear,05 - Packed snow,10 - No control,01 - Non intersection,07 - Dark,03 - P.D. only,06 - SMV unattended vehicle,Sandy Hill
3641,COLONIAL RD @ SARSFIELD RD,395214.84,5034204.747,-75.34425039,45.44192627,2014-01-21,15:52,01 - Clear,01 - Dry,02 - Stop sign,03 - At intersection,01 - Daylight,03 - P.D. only,02 - Angle,Navan - Vars
3642,FALLOWFIELD RD @ GREENBANK RD,363080.1687,5016733.216,-75.75703596,45.28813707,2014-01-22,8:25,01 - Clear,01 - Dry,01 - Traffic signal,02 - Intersection related,01 - Daylight,03 - P.D. only,03 - Rear end,Greenbelt
3643,O'CONNOR ST @ WELLINGTON ST,367415.121,5031721.635,-75.6998802,45.42262685,2014-01-22,21:10,01 - Clear,01 - Dry,01 - Traffic signal,02 - Intersection related,07 - Dark,03 - P.D. only,04 - Sideswipe,Downtown
3644,EAGLESON RD btwn CAMBRIAN RD & PERTH ST,357944.9967,5007594.474,-75.82347194,45.20631186,2014-01-04,17:52,01 - Clear,01 - Dry,10 - No control,01 - Non intersection,07 - Dark,03 - P.D. only,07 - SMV other,Munster Hamlet - Richmond
3645,MACOUN CIRC btwn Continuation of MACOUN CIRC & Continuation of MACOUN ,372123.5103,5025655.904,-75.64054894,45.36761264,2014-01-23,20:00,01 - Clear,02 - Wet,10 - No control,01 - Non intersection,07 - Dark,03 - P.D. only,06 - SMV unattended vehicle,South Keys - Heron Gate - Greenboro West
3646,TERRY FOX DR @ PALLADIUM DR/KATIMAVIK RD,351269.718,5018182.536,-75.90745238,45.3020586,2014-01-24,8:10,01 - Clear,06 - Ice,01 - Traffic signal,02 - Intersection related,01 - Daylight,03 - P.D. only,03 - Rear end,Katimavik - Hazeldean