Record,Location,X,Y,lon,lat,Date,Time,Environment,Road_Surface,Traffic_Control,Collision_Location,Light,Collision_Classification,Impact_type,Neighborhood
3647,CARLING AVE WB btwn SHERBOURNE RD & BROADVIEW AVE,363028.376,5026543.533,-75.75654207,45.37641404,2014-01-16,17:05,01 - Clear,01 - Dry,10 - No control,01 - Non intersection,05 - Dusk,03 - P.D. only,03 - Rear end,Carlingwood - McKellar Park - Laurentien View
3648,INNES RD @ 215 W OF CYRVILLE RD/HOME DEPOT W,374864.2013,5030999.666,-75.60480675,45.41542457,2014-01-24,11:42,01 - Clear,01 - Dry,01 - Traffic signal,02 - Intersection related,01 - Daylight,03 - P.D. only,03 - Rear end,Industrial Park
3649,DWYER HILL RD btwn BLEEKS RD & COPELAND RD,346567.3261,5000841.692,-75.96886612,45.14631264,2014-01-25,11:50,05 - Drifting Snow,05 - Packed snow,10 - No control,01 - Non intersection,01 - Daylight,03 - P.D. only,07 - SMV other,Munster Hamlet - Richmond
3650,STRANDHERD DR btwn FALLOWFIELD RD & MARAVISTA DR,360945.8877,5014917.794,-75.78444728,45.2719755,2014-01-25,12:20,05 - Drifting Snow,03 - Loose snow,10 - No control,01 - Non intersection,01 - Daylight,03 - P.D. only,07 - SMV other,Munster Hamlet - Richmond
3651,HIGHWAY 416 btwn HWY416 IC57 RAMP24 & HWY416 IC49 RAMP42,369185.755,5001195.933,-75.68121769,45.14780043,2014-01-27,10:30,03 - Snow,06 - Ice,10 - No control,01 - Non intersection,01 - Daylight,03 - P.D. only,03 - Rear end,Kars - Osgoode
3652,HWY417 IC131 RAMP53 btwn HIGHWAY 417 & HWY417 IC131 RAMP63,358375.5189,5022505.678,-75.81638281,45.34045257,2014-01-27,9:38,05 - Drifting Snow,04 - Slush,10 - No control,01 - Non intersection,01 - Daylight,03 - P.D. only,03 - Rear end,Greenbelt
3653,HIGHWAY 416 btwn HWY416 IC49 RAMP42 & HWY416 IC49 RAMP24,369266.2494,5000929.929,-75.68022847,45.14539956,2014-01-27,10:40,05 - Drifting Snow,03 - Loose snow,10 - No control,01 - Non intersection,01 - Daylight,03 - P.D. only,07 - SMV other,Kars - Osgoode
3654,HIGHWAY 416 btwn HWY416 IC57 RAMP24 & HWY416 IC49 RAMP42,369216.5779,5001105.957,-75.68083736,45.14698801,2014-01-27,10:45,05 - Drifting Snow,03 - Loose snow,10 - No control,01 - Non intersection,01 - Daylight,03 - P.D. only,03 - Rear end,Kars - Osgoode
3655,HIGHWAY 417 btwn HWY417 IC88 RAMP51 & HWY417 IC88 RAMP15,395208.7672,5022446.542,-75.34648203,45.33614107,2014-01-19,17:20,01 - Clear,05 - Packed snow,10 - No control,01 - Non intersection,05 - Dusk,03 - P.D. only,07 - SMV other,Navan - Vars
3656,HIGHWAY 417 btwn HWY417 IC121A RAMP51 & HWY417 IC120A RAMP52,367243.9246,5029725.897,-75.70232045,45.4046851,2014-01-09,17:30,01 - Clear,01 - Dry,10 - No control,01 - Non intersection,05 - Dusk,03 - P.D. only,03 - Rear end,The Glebe Annex
3657,HIGHWAY 417 btwn HWY417 IC118 RAMP35 & HWY417 IC117 RAMP51,369782.9972,5031136.489,-75.66970289,45.41714598,2014-01-29,6:50,01 - Clear,01 - Dry,10 - No control,01 - Non intersection,07 - Dark,03 - P.D. only,07 - SMV other,Old Ottawa East
3658,HIGHWAY 417 btwn HWY417 IC121B RAMP16 & HWY417 IC121A RAMP16,366772.5455,5029590.597,-75.70835843,45.4035096,2014-01-29,10:10,01 - Clear,01 - Dry,10 - No control,01 - Non intersection,01 - Daylight,03 - P.D. only,03 - Rear end,Centretown West
3659,GLEBE AVE btwn LYON ST S & BANK ST,368044.7571,5029668.267,-75.69209875,45.40409467,2014-01-12,10:00,01 - Clear,05 - Packed snow,10 - No control,01 - Non intersection,01 - Daylight,03 - P.D. only,06 - SMV unattended vehicle,The Glebe
3660,WEST HUNT CLUB RD @ ANTARES DR/LASER ST,367107.9194,5022081.795,-75.70502183,45.33591734,2014-01-15,16:22,01 - Clear,01 - Dry,01 - Traffic signal,02 - Intersection related,01 - Daylight,03 - P.D. only,03 - Rear end,Industrial Park
3661,HUNT CLUB RD btwn MCCARTHY RD & RAMP,370846.3458,5023601.799,-75.65712587,45.34925196,2014-01-08,16:17,01 - Clear,02 - Wet,10 - No control,01 - Non intersection,05 - Dusk,03 - P.D. only,03 - Rear end,Hunt Club East - Western Community
3662,INNES RD WB btwn INNES RD E/BLACKBURN BYPASS & ORLEANS BLVD,380373.0253,5034247.962,-75.53393305,45.44407708,2014-01-22,8:44,01 - Clear,01 - Dry,10 - No control,01 - Non intersection,01 - Daylight,03 - P.D. only,03 - Rear end,Chapel Hill
3663,KING EDWARD AVE @ STEWART ST,368635.2214,5032205.833,-75.68422811,45.42687322,2014-01-27,9:00,01 - Clear,05 - Packed snow,01 - Traffic signal,03 - At intersection,01 - Daylight,03 - P.D. only,05 - Turning movement,Sandy Hill
3664,BELCOURT BLVD @ ST. JOSEPH BLVD,381205.7541,5037357.836,-75.52280641,45.47196669,2014-01-27,18:46,01 - Clear,04 - Slush,01 - Traffic signal,03 - At intersection,07 - Dark,03 - P.D. only,05 - Turning movement,Orleans Village - Chateauneuf
3665,CATHERINE ST @ KENT ST,367908.2145,5030188.311,-75.69377624,45.40878619,2014-01-27,18:51,01 - Clear,02 - Wet,01 - Traffic signal,03 - At intersection,07 - Dark,03 - P.D. only,05 - Turning movement,Centretown
3666,HIGHWAY 417 btwn HWY 417 ANDERSON IC104R61 & HWY 417 BOUNDARY IC96R16,386394.4456,5024068.683,-75.45865599,45.35181614,2014-01-29,11:03,01 - Clear,01 - Dry,10 - No control,01 - Non intersection,01 - Daylight,03 - P.D. only,07 - SMV other,Greenbelt
3667,HIGHWAY 417 btwn HWY417 IC124 RAMP76 & HWY417 IC124 RAMP67,364308.6447,5027382.434,-75.74009596,45.38385477,2014-02-07,14:25,01 - Clear,01 - Dry,10 - No control,01 - Non intersection,01 - Daylight,03 - P.D. only,03 - Rear end,Westboro
3668,HIGHWAY 417 btwn HWY417 IC140 RAMP25 & HWY417 IC139 RAMP15,351703.1476,5019198.175,-75.90182979,45.31116877,2014-02-04,15:27,01 - Clear,01 - Dry,10 - No control,01 - Non intersection,01 - Daylight,03 - P.D. only,07 - SMV other,Katimavik - Hazeldean
3669,HIGHWAY 417 @ HWY 417 RIVERSID IC117R35,371082.0363,5031320.636,-75.65308191,45.41868101,2014-02-08,18:00,01 - Clear,01 - Dry,10 - No control,02 - Intersection related,07 - Dark,03 - P.D. only,04 - Sideswipe,Industrial Park
3670,HIGHWAY 417 btwn HWY417 IC96 RAMP51 & HIGHWAY 417,387325.3139,5023838.685,-75.44681623,45.34963789,2014-01-30,20:56,01 - Clear,01 - Dry,10 - No control,01 - Non intersection,07 - Dark,03 - P.D. only,99 - Other,Greenbelt
3671,HIGHWAY 417 btwn HWY417 IC110 RAMP55 & HWY417 IC104 RAMP51,376681.2732,5027407.195,-75.58211696,45.38291723,2014-02-14,16:15,03 - Snow,03 - Loose snow,10 - No control,01 - Non intersection,01 - Daylight,03 - P.D. only,07 - SMV other,Greenbelt
3672,HIGHWAY 417 btwn HWY417 IC129 RAMP51 & HWY417 IC129 RAMP35,360369.6101,5023458.04,-75.79083338,45.3488668,2014-02-15,13:20,01 - Clear,01 - Dry,10 - No control,01 - Non intersection,01 - Daylight,03 - P.D. only,07 - SMV other,Qualicum - Redwood Park
3673,HIGHWAY 417 btwn HWY417 IC118 RAMP57 & HWY417 IC118 RAMP35,369667.7067,5031130.757,-75.67117657,45.41710511,2014-02-14,6:00,03 - Snow,05 - Packed snow,10 - No control,01 - Non intersection,07 - Dark,03 - P.D. only,07 - SMV other,Sandy Hill
3674,HWY417 IC121B RAMP51 btwn HIGHWAY 417 & ROCHESTER ST,366590.5686,5029513.884,-75.7106924,45.40283545,2014-02-14,7:25,03 - Snow,05 - Packed snow,10 - No control,01 - Non intersection,03 - Dawn,03 - P.D. only,03 - Rear end,Little Italy
3675,HIGHWAY 417 btwn HWY417 IC122 RAMP61 & HWY417 IC121B RAMP16,365653.09,5029114.428,-75.72271585,45.39932336,2014-02-14,4:40,03 - Snow,05 - Packed snow,10 - No control,01 - Non intersection,07 - Dark,03 - P.D. only,07 - SMV other,Civi
3676,RIDDELL DR btwn MARCH VALLEY RD & SIXTH LINE RD,349438.6,5028410.881,-75.92987704,45.39421434,2014-01-30,13:22,01 - Clear,01 - Dry,10 - No control,01 - Non intersection,01 - Daylight,03 - P.D. only,01 - Approaching,Carp - Hardwood Plains
3677,COLONNADE RD    S btwn COLONNADE RD & CONCOURSE GT,365939.0841,5022633.32,-75.71986529,45.3409827,2014-01-30,13:25,01 - Clear,02 - Wet,10 - No control,04 - At/near private drive,01 - Daylight,03 - P.D. only,05 - Turning movement,Industrial Park
3678,COVENTRY RD @ 230 W OF ST. LAURENT BLVD/ST. LA,372081.0281,5031931.822,-75.64023527,45.42408483,2014-01-21,15:45,01 - Clear,06 - Ice,01 - Traffic signal,03 - At intersection,01 - Daylight,03 - P.D. only,05 - Turning movement,Overbrook
3679,STRANDHERD DR btwn 215 W OF GREENBANK RD/BARRHAVEN MALL SC & GREENBANK,363892.6193,5014762.364,-75.74691425,45.2703355,2014-01-23,14:19,01 - Clear,01 - Dry,10 - No control,04 - At/near private drive,01 - Daylight,03 - P.D. only,05 - Turning movement,New Barrhaven
3680,BASELINE RD/HERON RD @ PRINCE OF WALES DR,366873.0376,5026439.15,-75.70747126,45.37514478,2014-01-23,11:30,01 - Clear,01 - Dry,01 - Traffic signal,02 - Intersection related,01 - Daylight,03 - P.D. only,03 - Rear end,Civic Hospital - Experimental Farm - Central Park
3681,INNES RD btwn DU GRAND BOIS AVE & 298 E OF WILDFLOWER DR,383119.2236,5035766.987,-75.49859123,45.45744168,2014-01-08,5:55,01 - Clear,06 - Ice,10 - No control,01 - Non intersection,07 - Dark,03 - P.D. only,07 - SMV other,Avalon
3682,RIVERSIDE DR RAMP 42A @ RIVERSIDE DR,368439.6257,5027266.918,-75.68736487,45.38245227,2014-01-24,9:00,01 - Clear,01 - Dry,03 - Yield sign,02 - Intersection related,01 - Daylight,03 - P.D. only,03 - Rear end,Alta Vista
3683,INNES RD btwn CLEROUX CRES & KEYSTONE CRT,379134.4948,5033511.43,-75.54987449,45.43758309,2014-02-03,11:00,01 - Clear,01 - Dry,10 - No control,01 - Non intersection,01 - Daylight,03 - P.D. only,06 - SMV unattended vehicle,Blackburn Hamlet
3684,IRIS ST btwn GATEWAY RD & PARKWAY DR,361871.0379,5024130.251,-75.77159645,45.35479475,2014-01-24,12:50,01 - Clear,01 - Dry,10 - No control,01 - Non intersection,01 - Daylight,03 - P.D. only,99 - Other,Iris
3685,FALLOWFIELD RD @ WOODROFFE AVE,365085.657,5017902.937,-75.7313298,45.29849301,2014-01-24,13:00,01 - Clear,06 - Ice,01 - Traffic signal,02 - Intersection related,01 - Daylight,03 - P.D. only,03 - Rear end,Greenbelt
3686,CARLING AVE @ HARE AVE,362381.1974,5026134.293,-75.76485225,45.37278523,2014-01-25,13:27,01 - Clear,02 - Wet,02 - Stop sign,03 - At intersection,01 - Daylight,03 - P.D. only,02 - Angle,Carlingwood - McKellar Park - Laurentien View
3687,HIGHWAY 7 btwn HWY 7 HAZELDEAN RD IC RAMP 52 & HAZELDEAN RD IC RAMP 62,346401.4058,5012337.302,-75.97001652,45.249766,2014-01-27,16:38,01 - Clear,03 - Loose snow,10 - No control,01 - Non intersection,01 - Daylight,03 - P.D. only,04 - Sideswipe,Stittsville - Basswood
3688,INNES RD @ PROVENCE AVE,386108.7499,5037084.44,-75.46015472,45.46895333,2014-01-03,14:34,01 - Clear,01 - Dry,01 - Traffic signal,03 - At intersection,01 - Daylight,03 - P.D. only,02 - Angle,Notting Hill
3689,HIGHWAY 416 btwn HWY416 IC57 RAMP53 & HWY416 IC49 RAMP34,367443.0711,5004128.806,-75.70300905,45.17434744,2014-01-29,11:55,05 - Drifting Snow,03 - Loose snow,10 - No control,01 - Non intersection,01 - Daylight,03 - P.D. only,07 - SMV other,Manotick - North Gower
3690,HIGHWAY 417 btwn HWY417 IC117 RAMP36 & HWY417 IC117 RAMP26,370615.5849,5031174.083,-75.65906092,45.41740642,2014-01-29,12:35,01 - Clear,01 - Dry,10 - No control,01 - Non intersection,01 - Daylight,03 - P.D. only,03 - Rear end,Industrial Park
3691,HIGHWAY 417 @ HWY 417 ST.LAURE IC115R51,372087.4416,5031456.483,-75.64021825,45.41980733,2014-01-30,7:50,01 - Clear,01 - Dry,10 - No control,02 - Intersection related,03 - Dawn,03 - P.D. only,07 - SMV other,Industrial Park
3692,HIGHWAY 417 btwn HWY417 IC155 RAMP61 & HWY417 IC145 RAMP56,342181.8605,5017582.413,-76.02337477,45.29720082,2014-01-26,8:30,01 - Clear,06 - Ice,10 - No control,01 - Non intersection,01 - Daylight,03 - P.D. only,07 - SMV other,Carp - Hardwood Plains
3693,ST. JOSEPH BLVD btwn PRESTONE DR & TENTH LINE RD,382358.8379,5038304.76,-75.50791172,45.48035918,2014-01-14,6:50,01 - Clear,01 - Dry,10 - No control,01 - Non intersection,07 - Dark,03 - P.D. only,04 - Sideswipe,Queenswood Heights
3694,BLACKBURN BYPASS @ NAVAN RD,379617.7022,5033274.536,-75.54373512,45.43540015,2014-01-21,9:15,01 - Clear,06 - Ice,01 - Traffic signal,02 - Intersection related,01 - Daylight,03 - P.D. only,03 - Rear end,Greenbelt
3695,ALBERT ST @ BOOTH ST,366429.9278,5030626.567,-75.71260513,45.41286123,2014-01-11,7:26,02 - Rain,06 - Ice,01 - Traffic signal,02 - Intersection related,03 - Dawn,03 - P.D. only,03 - Rear end,Centretown West
3696,ISLAND PARK DR @ RICHMOND RD,364132.1256,5028865.159,-75.74217157,45.39721103,2014-01-20,12:15,01 - Clear,01 - Dry,01 - Traffic signal,02 - Intersection related,01 - Daylight,03 - P.D. only,04 - Sideswipe,Island Park
3697,COLDREY AVE @ KIRKWOOD AVE,364439.7896,5027135.317,-75.73845129,45.3816201,2014-01-27,10:00,03 - Snow,03 - Loose snow,01 - Traffic signal,02 - Intersection related,01 - Daylight,03 - P.D. only,03 - Rear end,Carlington
3698,RENAUD RD btwn Continuation of RENAUD RD & PERCIFOR WAY,380310.0199,5031802.619,-75.53511336,45.4220825,2014-01-27,10:04,03 - Snow,03 - Loose snow,10 - No control,01 - Non intersection,01 - Daylight,03 - P.D. only,03 - Rear end,Greenbelt
3699,BERRIGAN DR btwn PLUMAS GT & WANSTEAD GT,364779.8181,5015882.477,-75.73547332,45.28033915,2014-01-27,19:03,01 - Clear,03 - Loose snow,10 - No control,01 - Non intersection,07 - Dark,03 - P.D. only,07 - SMV other,New Barrhaven
3700,WEST HUNT CLUB RD btwn MOODIE DR & RICHMOND RD,357240.4509,5018166.404,-75.83132461,45.3014931,2014-01-27,19:20,01 - Clear,05 - Packed snow,10 - No control,01 - Non intersection,07 - Dark,03 - P.D. only,07 - SMV other,Greenbelt
3701,CLEARBROOK DR btwn PIAZZA CIR & SILVERSTONE WAY,364843.9895,5015070.495,-75.73475366,45.27302747,2014-01-07,17:49,01 - Clear,03 - Loose snow,10 - No control,01 - Non intersection,07 - Dark,03 - P.D. only,01 - Approaching,New Barrhaven
3702,HWY417 IC122 RAMP16 btwn HIGHWAY 417 & WESTMOUNT AVE,365157.3195,5028750.258,-75.72909237,45.39608955,2014-02-09,21:10,03 - Snow,03 - Loose snow,10 - No control,01 - Non intersection,07 - Dark,03 - P.D. only,03 - Rear end,Civi
3703,HWY417 IC118 RAMP36 btwn NICHOLAS ST & HWY417 IC118 RAMP76,369139.7104,5031273.411,-75.67790352,45.41843741,2014-02-06,19:17,01 - Clear,01 - Dry,10 - No control,07 - Overpass or bridge,07 - Dark,03 - P.D. only,07 - SMV other,Sandy Hill
3704,HIGHWAY 417 btwn HWY417 IC119A RAMP75 & HWY417 IC118 RAMP57,369055.2171,5030766.309,-75.67904914,45.41388245,2014-02-10,6:15,01 - Clear,02 - Wet,10 - No control,01 - Non intersection,07 - Dark,03 - P.D. only,07 - SMV other,Old Ottawa East
3705,HWY417 IC118 RAMP35 btwn NICHOLAS ST & HWY417 IC118 RAMP45,369396.6042,5030972.962,-75.67466081,45.41571041,2014-02-10,10:45,01 - Clear,02 - Wet,10 - No control,01 - Non intersection,01 - Daylight,03 - P.D. only,04 - Sideswipe,Old Ottawa East
3706,HWY417 IC118 RAMP35 btwn NICHOLAS ST & HWY417 IC118 RAMP45,369484.3134,5030906.562,-75.67354899,45.41510486,2014-02-16,0:58,01 - Clear,01 - Dry,10 - No control,01 - Non intersection,07 - Dark,03 - P.D. only,07 - SMV other,Old Ottawa East
3707,HIGHWAY 416 btwn HWY416 IC49 RAMP34 & HWY416 IC49 RAMP43,369189.4884,5001087.112,-75.68118424,45.14682091,2014-02-12,8:00,01 - Clear,01 - Dry,10 - No control,01 - Non intersection,01 - Daylight,03 - P.D. only,07 - SMV other,Kars - Osgoode
3708,HIGHWAY 417 btwn HWY417 IC126 RAMP61 & HWY417 IC124 RAMP76,364088.4084,5027095.381,-75.74294253,45.38129059,2014-02-18,8:55,03 - Snow,02 - Wet,10 - No control,01 - Non intersection,01 - Daylight,03 - P.D. only,07 - SMV other,Carlingwood West - Glabar Park - McKellar Heights
3709,HIGHWAY 417 btwn HWY417 IC142 RAMP16 & HWY417 IC142 RAMP61,349001.3815,5017325.497,-75.93645149,45.29449308,2014-02-18,7:45,03 - Snow,06 - Ice,10 - No control,01 - Non intersection,01 - Daylight,03 - P.D. only,07 - SMV other,Stittsville - Basswood
3710,HWY 417 CASTLEFR IC139R61 @ KANATA AVE,351616.3697,5019224.784,-75.90293392,45.31141399,2014-01-30,13:37,01 - Clear,05 - Packed snow,01 - Traffic signal,03 - At intersection,01 - Daylight,03 - P.D. only,02 - Angle,Kanata
3711,CARLING AVE @ RICHMOND RD,360245.679,5024782.747,-75.79226627,45.36079629,2014-01-21,16:00,01 - Clear,01 - Dry,01 - Traffic signal,02 - Intersection related,01 - Daylight,03 - P.D. only,03 - Rear end,Whitehaven - Queensway Terrace North
3712,RICHMOND RD btwn WEST HUNT CLUB RD & STONEHAVEN DR,356738.4312,5016016.128,-75.83795066,45.28218186,2014-01-21,16:17,01 - Clear,01 - Dry,10 - No control,01 - Non intersection,01 - Daylight,03 - P.D. only,07 - SMV other,Greenbelt
3713,CONROY RD @ HUNT CLUB RD,373763.74,5025405.79,-75.61964715,45.36520275,2014-01-23,15:45,01 - Clear,01 - Dry,01 - Traffic signal,02 - Intersection related,01 - Daylight,03 - P.D. only,03 - Rear end,Greenboro East
3714,SUSSEX DR @ 151 S OF KING EDWARD AVE,367601.5409,5033359.493,-75.69728941,45.43734703,2014-01-23,15:00,01 - Clear,01 - Dry,01 - Traffic signal,02 - Intersection related,01 - Daylight,03 - P.D. only,03 - Rear end,Byward Market - Parliament Hill
3715,REGIONAL ROAD 174 btwn REGIONAL ROAD 174 & OR174 IC102 RAMP61,381893.6335,5038435.331,-75.51384096,45.48158546,2014-01-08,7:36,01 - Clear,06 - Ice,10 - No control,01 - Non intersection,03 - Dawn,03 - P.D. only,03 - Rear end,Chatelaine Village
3716,MONTREAL RD @ VANIER PKWY,370072.2028,5033065.339,-75.66575245,45.43447408,2014-01-17,20:40,01 - Clear,02 - Wet,01 - Traffic signal,02 - Intersection related,07 - Dark,03 - P.D. only,05 - Turning movement,Vanier
3717,PARKWAY RD @ YORKS CORNERS RD,386612.8007,5018951.192,-75.4567154,45.30574755,2014-01-20,7:48,01 - Clear,05 - Packed snow,02 - Stop sign,02 - Intersection related,03 - Dawn,03 - P.D. only,07 - SMV other,Metcalfe
3718,CENTER ST btwn MONTREAL RD & PAUL AVE,371858.21,5033857.545,-75.64282001,45.44143298,2014-01-22,17:00,01 - Clear,01 - Dry,10 - No control,01 - Non intersection,05 - Dusk,03 - P.D. only,06 - SMV unattended vehicle,Cummings
3719,MONTREAL RD btwn PALACE ST & VANIER PKWY,370011.3663,5033030.865,-75.66653449,45.43416957,2014-01-24,13:38,01 - Clear,01 - Dry,10 - No control,04 - At/near private drive,01 - Daylight,03 - P.D. only,02 - Angle,Vanier
3720,FALLOWFIELD RD btwn MERIVALE RD & WOODROFFE AVE,365482.6152,5018206.105,-75.72623175,45.30118672,2014-01-25,13:00,03 - Snow,06 - Ice,10 - No control,01 - Non intersection,01 - Daylight,03 - P.D. only,03 - Rear end,Greenbelt
3721,BRONSON AVE @ LISGAR ST,366896.6945,5030641.315,-75.70664035,45.41295266,2014-01-22,8:45,01 - Clear,01 - Dry,02 - Stop sign,03 - At intersection,01 - Daylight,03 - P.D. only,02 - Angle,Centretown West
3722,KITCHENER AVE @ BANK ST,370541.3557,5025498.533,-75.66076544,45.36634685,2014-01-04,9:52,01 - Clear,05 - Packed snow,01 - Traffic signal,02 - Intersection related,01 - Daylight,03 - P.D. only,03 - Rear end,Ledbury - Heron Gate - Ridgemont - Elmwood
3723,HUNT CLUB RD @ CANADAIR PRIV,368663.6186,5022310.915,-75.6851453,45.33783904,2014-01-08,5:55,01 - Clear,01 - Dry,01 - Traffic signal,02 - Intersection related,07 - Dark,03 - P.D. only,03 - Rear end,Hunt Club - Ottawa Airport
3724,HWY417 IC140 RAMP61 btwn TERRY FOX DR & HIGHWAY 417,351142.0638,5018804.999,-75.90902185,45.30766812,2014-01-30,8:50,01 - Clear,02 - Wet,10 - No control,01 - Non intersection,01 - Daylight,03 - P.D. only,07 - SMV other,Kanata
3725,HWY417 IC115 RAMP26 btwn Continuation of HWY417 IC115 RAMP26 & Continu,372557.2889,5031556.562,-75.63420158,45.42066245,2014-01-30,9:40,01 - Clear,01 - Dry,10 - No control,01 - Non intersection,01 - Daylight,03 - P.D. only,07 - SMV other,Cummings
3726,HIGHWAY 417 btwn HWY417 IC127 RAMP35 & HWY417 IC127 RAMP25,362101.2562,5024809.188,-75.76857969,45.360885,2014-01-28,23:30,01 - Clear,01 - Dry,10 - No control,01 - Non intersection,07 - Dark,03 - P.D. only,03 - Rear end,Iris
3727,HIGHWAY 417 btwn HWY417 IC124 RAMP67 & HWY417 IC123 RAMP62,364789.2828,5028093.707,-75.73387248,45.39021367,2014-01-30,18:35,01 - Clear,02 - Wet,10 - No control,01 - Non intersection,07 - Dark,03 - P.D. only,03 - Rear end,Island Park
3728,KAKULU RD @ CASTLEFRANK RD,352180.7497,5018501.333,-75.89580574,45.30486636,2014-01-24,10:28,01 - Clear,01 - Dry,01 - Traffic signal,02 - Intersection related,01 - Daylight,03 - P.D. only,03 - Rear end,Katimavik - Hazeldean
3729,HOLLAND AVE @ TYNDALL ST,365031.859,5028917.99,-75.73067417,45.39760957,2014-01-11,7:34,02 - Rain,06 - Ice,01 - Traffic signal,02 - Intersection related,03 - Dawn,03 - P.D. only,02 - Angle,Island Park
3730,GREENBANK RD btwn MALVERN DR & HIGHBURY PARK DR,363512.6456,5015748.337,-75.75163968,45.27923913,2014-01-22,10:05,01 - Clear,01 - Dry,10 - No control,01 - Non intersection,01 - Daylight,03 - P.D. only,04 - Sideswipe,Barrhaven West - Old Barrhaven
3731,OLD CARP RD btwn GOURLAY LANE & HUNTMAR DR,344925.0491,5022284.362,-75.9880191,45.33935936,2014-01-22,23:56,01 - Clear,06 - Ice,10 - No control,01 - Non intersection,07 - Dark,03 - P.D. only,07 - SMV other,Stittsville - Basswood
3732,ST. JOSEPH BLVD btwn ROCKCLIFFE PKWY & HART RD,377509.9936,5035537.301,-75.57033631,45.45598134,2014-01-27,10:20,03 - Snow,03 - Loose snow,10 - No control,01 - Non intersection,01 - Daylight,03 - P.D. only,07 - SMV other,Greenbelt
3733,RUSSELL RD btwn FARMERS WAY & TO BE DETERMINED,382308.4934,5026200.727,-75.51046031,45.37146229,2014-01-27,10:26,05 - Drifting Snow,03 - Loose snow,10 - No control,01 - Non intersection,01 - Daylight,03 - P.D. only,07 - SMV other,Greenbelt
3734,BASELINE RD @ MERIVALE RD,365056.1353,5025325.995,-75.73080253,45.3652874,2014-01-27,20:13,01 - Clear,02 - Wet,01 - Traffic signal,02 - Intersection related,07 - Dark,03 - P.D. only,03 - Rear end,Civic Hospital - Experimental Farm - Central Park
3735,HIGHWAY 417 btwn HWY417 IC118 RAMP57 & HWY417 IC118 RAMP35,369564.7184,5031096.165,-75.67249687,45.4168034,2014-02-11,9:15,01 - Clear,02 - Wet,10 - No control,01 - Non intersection,01 - Daylight,03 - P.D. only,03 - Rear end,Sandy Hill
3736,HIGHWAY 417 btwn HWY417 IC121B RAMP16 & HWY417 IC121A RAMP16,366763.6353,5029589.251,-75.7084724,45.40349828,2014-02-11,10:10,01 - Clear,02 - Wet,10 - No control,01 - Non intersection,01 - Daylight,03 - P.D. only,07 - SMV other,Centretown West
3737,HIGHWAY 417 btwn HWY417 IC169 RAMP26 & HWY417 IC169 RAMP61,325801.1619,5024618.056,-76.23192986,45.36119241,2014-02-11,6:55,01 - Clear,01 - Dry,10 - No control,01 - Non intersection,03 - Dawn,03 - P.D. only,07 - SMV other,Antrim
3738,HWY417 IC129 RAMP51 btwn HIGHWAY 417 & ASHLEY ST,360224.1268,5023318.849,-75.79270546,45.34762587,2014-02-11,7:50,01 - Clear,01 - Dry,10 - No control,01 - Non intersection,01 - Daylight,03 - P.D. only,04 - Sideswipe,Qualicum - Redwood Park
3739,HWY417 IC138 RAMP35 btwn HIGHWAY 417 & EAGLESON RD,352933.7415,5020018.867,-75.88605681,45.31847026,2014-02-11,9:07,01 - Clear,06 - Ice,10 - No control,01 - Non intersection,01 - Daylight,03 - P.D. only,03 - Rear end,Katimavik - Hazeldean
3740,HIGHWAY 417 btwn HWY417 IC129 RAMP26 & HWY417 IC129 RAMP61,360532.3981,5023614.306,-75.78873847,45.35025996,2014-02-18,9:06,03 - Snow,06 - Ice,10 - No control,01 - Non intersection,01 - Daylight,03 - P.D. only,07 - SMV other,Whitehaven - Queensway Terrace North
3741,HIGHWAY 417 btwn HWY 417 ANDERSON IC104R61 & HWY 417 BOUNDARY IC96R16,380805.1852,5025779.181,-75.52971489,45.36783415,2014-02-18,10:25,03 - Snow,06 - Ice,10 - No control,01 - Non intersection,01 - Daylight,03 - P.D. only,04 - Sideswipe,Greenbelt
3742,HIGHWAY 417 btwn HWY417 IC155 RAMP25 & RAMP,341905.9457,5017764.399,-76.02687899,45.29885304,2014-02-18,10:00,01 - Clear,03 - Loose snow,10 - No control,01 - Non intersection,01 - Daylight,03 - P.D. only,07 - SMV other,Carp - Hardwood Plains
3743,HIGHWAY 417 btwn HWY417 IC130 RAMP26 & HIGHWAY 417,359409.9031,5023104.552,-75.80311906,45.3457615,2014-02-18,7:42,03 - Snow,06 - Ice,10 - No control,01 - Non intersection,01 - Daylight,03 - P.D. only,99 - Other,Bayshore
3744,HIGHWAY 417 btwn HWY417 IC117 RAMP25 & HWY417 IC115 RAMP51,371498.4955,5031396.779,-75.64775089,45.41932653,2014-02-20,16:48,01 - Clear,01 - Dry,10 - No control,01 - Non intersection,01 - Daylight,03 - P.D. only,04 - Sideswipe,Industrial Park
3745,CASTLEFRANK RD S @ SHELDRAKE DR S,353289.5818,5016427.489,-75.88186963,45.28612975,2014-01-30,14:47,01 - Clear,01 - Dry,02 - Stop sign,03 - At intersection,01 - Daylight,03 - P.D. only,02 - Angle,Glen Cairn - Kanata South Business Park
3746,JOHNSTON RD btwn ALLANFORD AVE & ROWALLEN PL,373106.2024,5026034.084,-75.62795306,45.37092027,2014-01-31,6:59,02 - Rain,02 - Wet,10 - No control,01 - Non intersection,03 - Dawn,03 - P.D. only,07 - SMV other,Greenboro East
3747,RICHMOND RD @ ROBERTSON RD,357580.1242,5020747.012,-75.82671878,45.32468825,2014-01-21,16:34,01 - Clear,01 - Dry,01 - Traffic signal,03 - At intersection,01 - Daylight,03 - P.D. only,03 - Rear end,Bells Corners East
3748,MOODIE DR @ ROBERTSON RD,357067.8867,5020456.713,-75.83328325,45.32211444,2014-01-21,16:15,01 - Clear,01 - Dry,01 - Traffic signal,02 - Intersection related,01 - Daylight,03 - P.D. only,03 - Rear end,Bells Corners West