Record,Location,X,Y,lon,lat,Date,Time,Environment,Road_Surface,Traffic_Control,Collision_Location,Light,Collision_Classification,Impact_type,Neighborhood
3749,MCARTHUR AVE btwn VANIER PKWY & ENFIELD AVE,370251.2989,5032695.641,-75.6635128,45.43113095,2014-01-23,17:13,01 - Clear,01 - Dry,10 - No control,04 - At/near private drive,05 - Dusk,03 - P.D. only,02 - Angle,Vanier South
3750,JEANNE D'ARC BLVD  N btwn MILLWOOD CRT & BILBERRY DR,380302.1877,5038246.915,-75.53422429,45.48006418,2014-01-24,20:56,01 - Clear,01 - Dry,10 - No control,04 - At/near private drive,07 - Dark,03 - P.D. only,03 - Rear end,Orleans South West
3751,BANK ST @ ST. PAUL AVE,370508.6126,5025560.561,-75.66117513,45.36690803,2014-01-24,19:00,01 - Clear,01 - Dry,02 - Stop sign,02 - Intersection related,07 - Dark,03 - P.D. only,03 - Rear end,Ledbury - Heron Gate - Ridgemont - Elmwood
3752,WOODROFFE AVE/HWY 417 WOODROFF IC127R25 @ HWY ,362179.8433,5024693.072,-75.76759013,45.35983376,2014-01-20,12:45,03 - Snow,06 - Ice,01 - Traffic signal,02 - Intersection related,01 - Daylight,03 - P.D. only,03 - Rear end,Iris
3753,HUNTLEY RD btwn MANSFIELD RD & BROWNLEE RD,354845.3256,5008608.285,-75.86282592,45.21566138,2014-01-25,14:12,03 - Snow,06 - Ice,10 - No control,01 - Non intersection,01 - Daylight,03 - P.D. only,07 - SMV other,Munster Hamlet - Richmond
3754,MARCH RD btwn DIAMONDVIEW RD & THOMAS ARGUE RD,340974.0021,5020661.317,-76.0385499,45.32496939,2014-01-25,14:10,03 - Snow,04 - Slush,10 - No control,01 - Non intersection,01 - Daylight,03 - P.D. only,01 - Approaching,Carp - Hardwood Plains
3755,HIGHWAY 417 btwn HWY417 IC118 RAMP57 & HWY417 IC118 RAMP35,369616.6588,5031116.843,-75.67183058,45.41698465,2014-01-30,14:20,01 - Clear,01 - Dry,10 - No control,01 - Non intersection,01 - Daylight,03 - P.D. only,03 - Rear end,Sandy Hill
3756,HIGHWAY 417 btwn HWY417 IC138 RAMP61 & HWY417 IC134 RAMP36,353839.7967,5020788.274,-75.87442462,45.32533082,2014-01-27,12:20,03 - Snow,03 - Loose snow,10 - No control,01 - Non intersection,01 - Daylight,03 - P.D. only,03 - Rear end,Greenbelt
3757,HIGHWAY 417 btwn HWY 417 ANDERSON IC104R61 & HWY 417 BOUNDARY IC96R16,382155.9819,5025538.499,-75.5125108,45.36552088,2014-01-31,5:20,01 - Clear,02 - Wet,10 - No control,01 - Non intersection,07 - Dark,03 - P.D. only,07 - SMV other,Greenbelt
3758,OR174 IC112 RAMP61 @ REGIONAL RD 174,375178.5017,5033132.291,-75.6004868,45.4345812,2014-01-27,6:01,03 - Snow,03 - Loose snow,10 - No control,02 - Intersection related,07 - Dark,03 - P.D. only,04 - Sideswipe,Greenbelt
3759,RAMSAYVILLE RD btwn RIDGE RD & RUSSELL RD,376831.8662,5028497.038,-75.58003516,45.39270757,2014-01-28,13:59,05 - Drifting Snow,05 - Packed snow,10 - No control,01 - Non intersection,01 - Daylight,03 - P.D. only,07 - SMV other,Greenbelt
3760,CENTER ST @ MONTREAL RD,371822.1877,5033949.19,-75.64326793,45.44226101,2014-01-23,13:41,01 - Clear,01 - Dry,02 - Stop sign,03 - At intersection,01 - Daylight,03 - P.D. only,05 - Turning movement,Cummings
3761,ALBERT ST @ BRONSON AVE,366741.1432,5031016.095,-75.70858041,45.41633861,2014-01-23,15:57,01 - Clear,01 - Dry,01 - Traffic signal,03 - At intersection,01 - Daylight,03 - P.D. only,05 - Turning movement,Downtown
3762,DUNNING RD btwn WILHAVEN DR & INNES RD,391619.7068,5039433.646,-75.3892736,45.48942533,2014-01-27,5:50,03 - Snow,03 - Loose snow,10 - No control,01 - Non intersection,07 - Dark,03 - P.D. only,01 - Approaching,Cumberland - Estates
3763,WHALINGS CIRC btwn Continuation of WHALINGS CIRC & Continuation of WHA,348576.7212,5013605.602,-75.94219353,45.26104671,2014-01-26,14:45,01 - Clear,01 - Dry,10 - No control,01 - Non intersection,01 - Daylight,03 - P.D. only,06 - SMV unattended vehicle,Crossing Bridge
3764,MURRAY ST btwn SUSSEX DR & PARENT AVE,367791.7205,5032443.485,-75.69497602,45.429088,2014-01-27,10:40,03 - Snow,03 - Loose snow,10 - No control,01 - Non intersection,01 - Daylight,03 - P.D. only,06 - SMV unattended vehicle,Byward Market
3765,OTTAWA RIVER PKWY @ WOODROFFE AVE,361427.1612,5027001.098,-75.77693219,45.3806624,2014-01-27,21:26,05 - Drifting Snow,03 - Loose snow,02 - Stop sign,02 - Intersection related,07 - Dark,03 - P.D. only,07 - SMV other,Woodroffe - Lincoln Heights
3766,BANK ST btwn TURN LANE & SPRINGHILL RD,385088.269,5006392.518,-75.47818147,45.19292811,2014-01-27,21:57,01 - Clear,03 - Loose snow,10 - No control,04 - At/near private drive,07 - Dark,03 - P.D. only,05 - Turning movement,Metcalfe
3767,HIGHWAY 417 btwn HWY417 IC122 RAMP15 & HWY417 IC121B RAMP51,366570.3309,5029513.884,-75.71095089,45.40283723,2014-02-11,19:45,01 - Clear,01 - Dry,10 - No control,01 - Non intersection,07 - Dark,03 - P.D. only,07 - SMV other,Little Italy
3768,HIGHWAY 417 btwn HWY417 IC142 RAMP51 & HWY417 IC142 RAMP35,348670.0577,5016963.632,-75.94070753,45.29125766,2014-02-10,0:55,03 - Snow,03 - Loose snow,10 - No control,01 - Non intersection,07 - Dark,03 - P.D. only,07 - SMV other,Stittsville - Basswood
3769,HIGHWAY 417 btwn HIGHWAY 417 & HWY417 IC129 RAMP51,360047.2747,5023224.583,-75.79497272,45.34679162,2014-02-11,19:55,01 - Clear,01 - Dry,10 - No control,01 - Non intersection,07 - Dark,03 - P.D. only,04 - Sideswipe,Qualicum - Redwood Park
3770,HWY417 IC117 RAMP36 btwn HIGHWAY 417 & VANIER PKWY,370435.0684,5031152.076,-75.6613701,45.41722537,2014-02-12,8:00,01 - Clear,01 - Dry,10 - No control,01 - Non intersection,01 - Daylight,03 - P.D. only,03 - Rear end,Industrial Park
3771,CARLING AVE @ HWY 417 CARLING IC124R67,364332.6259,5027523.913,-75.73977269,45.38512573,2014-02-20,19:00,01 - Clear,02 - Wet,03 - Yield sign,02 - Intersection related,07 - Dark,03 - P.D. only,03 - Rear end,Westboro
3772,HIGHWAY 416 btwn HIGHWAY 416 & HWY416 IC57 RAMP52,364724.6021,5008087.412,-75.7371165,45.21020357,2014-02-21,6:00,04 - Freezing Rain,06 - Ice,10 - No control,01 - Non intersection,07 - Dark,03 - P.D. only,07 - SMV other,New Barrhaven
3773,HIGHWAY 416 btwn HWY416 IC66 RAMP34 & HWY416 IC72 RAMP53,359948.4417,5017364.452,-75.79688638,45.29406971,2014-02-21,7:02,04 - Freezing Rain,04 - Slush,10 - No control,01 - Non intersection,03 - Dawn,03 - P.D. only,07 - SMV other,Greenbelt
3774,HIGHWAY 417 btwn HWY417 IC131 RAMP66 & HWY417 IC130 RAMP26,358923.2602,5023038.989,-75.80933586,45.34520928,2014-02-21,6:00,03 - Snow,03 - Loose snow,10 - No control,01 - Non intersection,07 - Dark,03 - P.D. only,07 - SMV other,Bayshore
3775,HIGHWAY 417 btwn HWY417 IC127 RAMP63 & HWY417 IC127 RAMP67,362150.3279,5024868.316,-75.76794651,45.36141301,2014-02-21,12:40,01 - Clear,02 - Wet,10 - No control,01 - Non intersection,01 - Daylight,03 - P.D. only,03 - Rear end,Carlingwood West - Glabar Park - McKellar Heights
3776,HUNTLEY RD btwn MANSFIELD RD & BROWNLEE RD,353451.9331,5008429.208,-75.88058295,45.21414758,2014-01-31,7:32,01 - Clear,03 - Loose snow,10 - No control,01 - Non intersection,03 - Dawn,03 - P.D. only,01 - Approaching,Munster Hamlet - Richmond
3777,GREGOIRE RD btwn MARVELVILLE RD & CASTOR RD,393901.9552,5007501.83,-75.3658335,45.2018502,2014-01-31,8:11,05 - Drifting Snow,05 - Packed snow,10 - No control,01 - Non intersection,01 - Daylight,03 - P.D. only,07 - SMV other,Metcalfe
3778,INDUSTRIAL AVE btwn TRAINYARDS DR & RUSSELL RD,372113.8768,5030426.467,-75.64002119,45.41053716,2014-01-21,16:52,01 - Clear,01 - Dry,10 - No control,04 - At/near private drive,05 - Dusk,03 - P.D. only,03 - Rear end,Industrial Park
3779,GLOUCESTER ST btwn METCALFE ST & ELGIN ST,367858.8303,5031400.798,-75.69425194,45.41970021,2014-01-23,18:25,01 - Clear,01 - Dry,10 - No control,01 - Non intersection,07 - Dark,03 - P.D. only,06 - SMV unattended vehicle,Byward Market - Parliament Hill
3780,GLOUCESTER ST @ O'CONNOR ST,367679.2164,5031291.82,-75.69656067,45.41873583,2014-01-24,7:40,01 - Clear,01 - Dry,01 - Traffic signal,02 - Intersection related,03 - Dawn,03 - P.D. only,04 - Sideswipe,Downtown
3781,GREENBANK RD @ STRANDHERD DR,363933.1769,5014785.178,-75.74639471,45.27053737,2014-01-24,18:15,01 - Clear,01 - Dry,01 - Traffic signal,02 - Intersection related,07 - Dark,03 - P.D. only,03 - Rear end,New Barrhaven
3782,DALY AVE btwn MACKENZIE AVE & NICHOLAS ST,368081.962,5031973.328,-75.69132756,45.42483149,2014-01-22,10:45,01 - Clear,01 - Dry,10 - No control,04 - At/near private drive,01 - Daylight,03 - P.D. only,05 - Turning movement,Byward Market - Parliament Hill
3783,INNES RD @ SOUTHPARK DR,377840.2464,5032753.802,-75.56652743,45.43090285,2014-01-23,10:06,01 - Clear,01 - Dry,01 - Traffic signal,02 - Intersection related,01 - Daylight,03 - P.D. only,03 - Rear end,Blackburn Hamlet
3784,ROYDON PL btwn WOODFIELD DR & WEST HUNT CLUB RD,365890.954,5022305.697,-75.72051983,45.33803899,2014-01-24,11:30,01 - Clear,01 - Dry,10 - No control,04 - At/near private drive,01 - Daylight,03 - P.D. only,05 - Turning movement,Industrial Park
3785,ALTA VISTA DR @ SUMMIT AVE,370403.7148,5028244.307,-75.66215752,45.3910653,2014-01-24,9:15,01 - Clear,01 - Dry,02 - Stop sign,02 - Intersection related,01 - Daylight,03 - P.D. only,03 - Rear end,Alta Vista
3786,ROGER STEVENS DR btwn MALAKOFF RD & MCCORDICK RD,364608.6377,4998244.121,-75.73977175,45.12164182,2014-01-24,21:47,01 - Clear,01 - Dry,10 - No control,01 - Non intersection,07 - Dark,03 - P.D. only,07 - SMV other,Munster Hamlet - Richmond
3787,SHEFFIELD RD @ WALKLEY RD,375258.2421,5028784.792,-75.6000893,45.39545673,2014-01-24,17:40,01 - Clear,02 - Wet,01 - Traffic signal,02 - Intersection related,07 - Dark,03 - P.D. only,04 - Sideswipe,Industrial Park
3788,GRANVILLE ST btwn MONTFORT ST & MONTREAL RD,370819.2263,5033492.84,-75.65614841,45.43825042,2014-01-13,12:00,01 - Clear,04 - Slush,10 - No control,04 - At/near private drive,01 - Daylight,03 - P.D. only,99 - Other,Vanier North
3789,CHAMBERLAIN AVE btwn LYON ST S & KENT ST,367839.2541,5029990.595,-75.69468242,45.40701342,2014-01-13,13:53,01 - Clear,01 - Dry,10 - No control,01 - Non intersection,01 - Daylight,03 - P.D. only,04 - Sideswipe,The Glebe
3790,HIGHWAY 417 btwn HWY417 IC115 RAMP51 & HWY417 IC115 RAMP35,372288.4932,5031480.667,-75.63764624,45.42000556,2014-01-22,16:18,01 - Clear,01 - Dry,10 - No control,01 - Non intersection,01 - Daylight,03 - P.D. only,03 - Rear end,Industrial Park
3791,IRIS ST @ WOODROFFE AVE,362285.0618,5024442.467,-75.76627635,45.35757022,2014-01-27,10:50,03 - Snow,04 - Slush,01 - Traffic signal,02 - Intersection related,01 - Daylight,03 - P.D. only,03 - Rear end,Iris
3792,RIDEAU ST btwn WALLER ST & CUMBERLAND ST,368293.7605,5032282.022,-75.6885815,45.42758982,2014-01-28,14:51,01 - Clear,02 - Wet,10 - No control,04 - At/near private drive,01 - Daylight,03 - P.D. only,02 - Angle,Byward Market - Parliament Hill
3793,DEAKIN ST @ PRINCE OF WALES DR,367390.2372,5021523.488,-75.70149073,45.33086867,2014-01-28,14:56,01 - Clear,02 - Wet,01 - Traffic signal,03 - At intersection,01 - Daylight,03 - P.D. only,07 - SMV other,Industrial Park
3794,EAGLESON RD btwn FALLOWFIELD RD & AKINS RD,356243.6281,5011889.415,-75.84468476,45.24508518,2014-01-25,12:24,03 - Snow,02 - Wet,10 - No control,01 - Non intersection,01 - Daylight,03 - P.D. only,07 - SMV other,Munster Hamlet - Richmond
3795,DONALD ST @ 110 E OF ST. LAURENT BLVD ,372205.3523,5032482.386,-75.6385714,45.42902658,2014-01-25,12:26,01 - Clear,02 - Wet,01 - Traffic signal,03 - At intersection,01 - Daylight,03 - P.D. only,05 - Turning movement,Cummings
3796,BRECHIN CRES btwn EALING ST & PENRITH ST,348775.7694,5023705.878,-75.9387612,45.35191971,2014-01-27,8:30,03 - Snow,03 - Loose snow,10 - No control,04 - At/near private drive,01 - Daylight,03 - P.D. only,02 - Angle,Morgan's Grant
3797,3RD LINE RD btwn MCDIARMID RD & KAYCOURT DR,380082.7788,4997575.584,-75.54320499,45.11414793,2014-01-27,8:40,03 - Snow,03 - Loose snow,10 - No control,01 - Non intersection,01 - Daylight,03 - P.D. only,07 - SMV other,Kars - Osgoode
3798,MCNAUGHTON AVE btwn MERRITT AVE & MAIN ST,369273.3314,5029839.694,-75.6763839,45.40552503,2014-01-27,16:00,03 - Snow,05 - Packed snow,10 - No control,01 - Non intersection,01 - Daylight,03 - P.D. only,06 - SMV unattended vehicle,Old Ottawa East
3799,CARP RD/HWY 417 CARP IC144R63 @ HWY 417 CARP I,347300.5878,5015926.382,-75.95825474,45.28200826,2014-01-28,7:44,01 - Clear,02 - Wet,01 - Traffic signal,02 - Intersection related,03 - Dawn,03 - P.D. only,03 - Rear end,Stittsville - Basswood
3800,HIGHWAY 417 btwn HWY417 IC122 RAMP51 & HWY417 IC122 RAMP15,365315.0131,5028861.438,-75.72706479,45.39707631,2014-02-12,10:28,01 - Clear,01 - Dry,10 - No control,01 - Non intersection,01 - Daylight,03 - P.D. only,04 - Sideswipe,Civi
3801,HIGHWAY 417 btwn HWY417 IC117 RAMP26 & HWY417 IC117 RAMP61,370828.4641,5031216.32,-75.65633556,45.41776639,2014-02-12,7:51,01 - Clear,01 - Dry,10 - No control,01 - Non intersection,01 - Daylight,03 - P.D. only,03 - Rear end,Industrial Park
3802,HIGHWAY 417 btwn HWY417 IC118 RAMP57 & HWY417 IC118 RAMP35,369412.8943,5031012.432,-75.67444752,45.41606404,2014-02-13,11:20,01 - Clear,01 - Dry,10 - No control,01 - Non intersection,01 - Daylight,03 - P.D. only,03 - Rear end,Old Ottawa East
3803,HIGHWAY 416 btwn HWY416 IC66 RAMP34 & HWY416 IC66 RAMP63,359972.2937,5014890.154,-75.79685739,45.27180385,2014-02-21,6:40,04 - Freezing Rain,04 - Slush,10 - No control,01 - Non intersection,03 - Dawn,03 - P.D. only,07 - SMV other,Greenbelt
3804,HIGHWAY 417 btwn HWY417 IC110 RAMP64 & HWY417 IC104 RAMP16,377985.6503,5026450.811,-75.56560477,45.37417718,2014-02-21,19:20,01 - Clear,02 - Wet,10 - No control,01 - Non intersection,07 - Dark,03 - P.D. only,07 - SMV other,Greenbelt
3805,HWY417 IC124 RAMP57 btwn HIGHWAY 417 & CARLING AVE,364110.423,5027013.926,-75.74267123,45.3805558,2014-02-22,0:40,01 - Clear,06 - Ice,10 - No control,01 - Non intersection,07 - Dark,03 - P.D. only,07 - SMV other,Carlington
3806,HIGHWAY 417 btwn HWY417 IC118 RAMP57 & HWY417 IC118 RAMP35,369499.1711,5031061.586,-75.67333883,45.41649834,2014-02-22,17:10,01 - Clear,01 - Dry,10 - No control,01 - Non intersection,05 - Dusk,03 - P.D. only,99 - Other,Old Ottawa East
3807,HWY417 IC140 RAMP51 btwn HIGHWAY 417 & HWY417 IC140 RAMP53,350734.8107,5018382.074,-75.91425427,45.30388928,2014-02-22,22:51,01 - Clear,06 - Ice,10 - No control,01 - Non intersection,07 - Dark,03 - P.D. only,07 - SMV other,Katimavik - Hazeldean
3808,MANN AVE btwn TURN LANE & RUSSELL AVE,369254.56,5031376.156,-75.67642275,45.4193513,2014-01-31,8:17,01 - Clear,01 - Dry,10 - No control,01 - Non intersection,01 - Daylight,03 - P.D. only,04 - Sideswipe,Sandy Hill
3809,THIRD AVE btwn BANK ST & O'CONNOR ST,368596.0079,5029706.375,-75.68505275,45.40438753,2014-01-30,0:00,01 - Clear,04 - Slush,10 - No control,01 - Non intersection,00 - Unknown,03 - P.D. only,06 - SMV unattended vehicle,The Glebe
3810,MAPLE GROVE RD @ TERRY FOX DR,351553.6086,5017864.465,-75.9038626,45.29917767,2014-01-21,17:07,01 - Clear,01 - Dry,01 - Traffic signal,03 - At intersection,05 - Dusk,03 - P.D. only,03 - Rear end,Katimavik - Hazeldean
3811,MERIVALE RD @ CLEOPATRA DR,365950.7031,5021124.958,-75.71990342,45.32740966,2014-01-20,16:45,01 - Clear,01 - Dry,01 - Traffic signal,02 - Intersection related,05 - Dusk,03 - P.D. only,03 - Rear end,Merivale Gardens - Grenfell Glen - Pineglen - Country Place
3812,AIRPORT PKWY @ HUNT CLUB RD,371019.9498,5023702.05,-75.65489718,45.35013762,2014-01-23,18:30,01 - Clear,01 - Dry,01 - Traffic signal,02 - Intersection related,07 - Dark,03 - P.D. only,04 - Sideswipe,Hunt Club East - Western Community
3813,ISABELLA ST/HWY417 IC119AR75 @ METCALFE ST,368447.3234,5030399.672,-75.68686239,45.41063913,2014-01-23,18:45,01 - Clear,01 - Dry,01 - Traffic signal,02 - Intersection related,07 - Dark,03 - P.D. only,04 - Sideswipe,The Glebe
3814,CUMMINGS AVE btwn OGILVIE RD & LABELLE ST,372795.3615,5032081.612,-75.63108739,45.4253635,2014-01-03,7:23,01 - Clear,06 - Ice,10 - No control,01 - Non intersection,03 - Dawn,03 - P.D. only,01 - Approaching,Industrial Park
3815,CARLING AVE @ TRANSITWAY - LINCOLN FIE,361135.6952,5025353.003,-75.78084159,45.36585647,2014-01-07,14:05,01 - Clear,01 - Dry,01 - Traffic signal,02 - Intersection related,01 - Daylight,03 - P.D. only,03 - Rear end,Woodroffe - Lincoln Heights
3816,BELMEADE RD btwn Continuation of BELMEADE RD & STAGECOACH RD,379112.8904,4996208.115,-75.55573286,45.10194627,2014-01-23,8:30,01 - Clear,01 - Dry,10 - No control,01 - Non intersection,01 - Daylight,03 - P.D. only,07 - SMV other,Osgoode
3817,LEWIS ST @ METCALFE ST,368120.7121,5030924.843,-75.69096718,45.41539407,2014-01-24,15:06,01 - Clear,01 - Dry,02 - Stop sign,03 - At intersection,01 - Daylight,03 - P.D. only,02 - Angle,Centretown
3818,MERIVALE RD @ EMERALD PLAZA SC,364739.5047,5024006.398,-75.73500413,45.353441,2014-01-24,16:36,01 - Clear,02 - Wet,01 - Traffic signal,02 - Intersection related,01 - Daylight,03 - P.D. only,03 - Rear end,Cityview - Skyline - Fisher Heights
3819,YORKS CORNERS RD btwn COOPER HILL RD & PANA RD,387387.8604,5017026.643,-75.44715395,45.28834123,2014-01-24,15:06,03 - Snow,03 - Loose snow,10 - No control,01 - Non intersection,01 - Daylight,03 - P.D. only,07 - SMV other,Metcalfe
3820,FRANKTOWN RD btwn MUNSTER RD & GREEN'S RD,351968.8993,5001868.096,-75.90008373,45.15520865,2014-01-25,16:18,03 - Snow,04 - Slush,10 - No control,01 - Non intersection,01 - Daylight,03 - P.D. only,07 - SMV other,Munster Hamlet - Richmond
3821,EAGLESON RD btwn HWY417 IC138 RAMP51 & KATIMAVIK RD,353127.9468,5019789.842,-75.88360222,45.3163961,2014-01-25,16:25,03 - Snow,05 - Packed snow,10 - No control,01 - Non intersection,05 - Dusk,03 - P.D. only,07 - SMV other,Greenbelt
3822,MONTREAL RD @ ST. LAURENT BLVD,371546.1825,5033816.156,-75.64681371,45.44109044,2014-01-16,6:07,01 - Clear,01 - Dry,01 - Traffic signal,03 - At intersection,07 - Dark,03 - P.D. only,05 - Turning movement,Cummings
3823,JASMINE CRES S @ OGILVIE RD,375356.3967,5033720.742,-75.59812904,45.43985781,2014-01-16,12:09,01 - Clear,01 - Dry,02 - Stop sign,03 - At intersection,01 - Daylight,03 - P.D. only,05 - Turning movement,Beacon Hill South - Cardinal Heights
3824,WALKLEY RD btwn TAWNEY RD & BANTON ST,374189.657,5028216.519,-75.61381581,45.39045039,2014-01-27,11:15,03 - Snow,03 - Loose snow,10 - No control,04 - At/near private drive,01 - Daylight,03 - P.D. only,06 - SMV unattended vehicle,Hawthorne Meadows
3825,RICHMOND RD @ LYNHAR RD/STAFFORD RD,358139.4579,5021085.527,-75.81954777,45.32769195,2014-01-28,15:00,01 - Clear,06 - Ice,01 - Traffic signal,03 - At intersection,01 - Daylight,03 - P.D. only,03 - Rear end,Bells Corners East
3826,ROYDON PL btwn WOODFIELD DR & WEST HUNT CLUB RD,365675.9745,5022385.035,-75.72325281,45.33877155,2014-01-28,14:30,01 - Clear,02 - Wet,10 - No control,04 - At/near private drive,01 - Daylight,03 - P.D. only,02 - Angle,Industrial Park
3827,DYNES RD btwn FISHER AVE & ARNOT RD,366590.711,5025569.955,-75.7111843,45.3673489,2014-01-26,19:00,03 - Snow,04 - Slush,10 - No control,01 - Non intersection,07 - Dark,03 - P.D. only,07 - SMV other,Carleton Heights - Rideauview
3828,CARLING AVE @ PRESTON ST,366832.1081,5028936.992,-75.70767985,45.39762337,2014-01-26,19:47,01 - Clear,03 - Loose snow,01 - Traffic signal,03 - At intersection,07 - Dark,03 - P.D. only,02 - Angle,Centretown West
3829,FALLOWFIELD RD btwn MERIVALE RD & WOODROFFE AVE,365118.2435,5017922.854,-75.73091192,45.29866942,2014-01-25,12:52,03 - Snow,06 - Ice,10 - No control,01 - Non intersection,01 - Daylight,03 - P.D. only,07 - SMV other,Greenbelt
3830,LISGAR ST @ LYON ST,367276.1844,5030866.049,-75.70176389,45.41494098,2014-01-26,13:35,01 - Clear,03 - Loose snow,01 - Traffic signal,03 - At intersection,01 - Daylight,03 - P.D. only,02 - Angle,Centretown
3831,HUNT CLUB RD @ RIVERSIDE DR,368038.1419,5021945.978,-75.69317178,45.33461207,2014-01-27,11:45,05 - Drifting Snow,03 - Loose snow,01 - Traffic signal,02 - Intersection related,01 - Daylight,03 - P.D. only,03 - Rear end,Hunt Club Woods - Quintarra - Revelstoke - Riverside South P
3832,MCCORDICK RD btwn POLLOCK RD & ROGER STEVENS DR,363273.6378,4999873.804,-75.75654902,45.13641783,2014-01-27,11:00,05 - Drifting Snow,03 - Loose snow,10 - No control,01 - Non intersection,01 - Daylight,03 - P.D. only,99 - Other,Munster Hamlet - Richmond
3833,PRINCE OF WALES DR btwn RIDEAU SHORE CRT & COLONNADE RD,367372.9119,5023314.932,-75.70148519,45.34698929,2014-01-28,8:02,01 - Clear,01 - Dry,10 - No control,01 - Non intersection,03 - Dawn,03 - P.D. only,01 - Approaching,Industrial Park
3834,CAMPEAU DR @ KANATA AVE,350595.3741,5019401.691,-75.91593801,45.31307317,2014-01-28,8:05,01 - Clear,01 - Dry,01 - Traffic signal,02 - Intersection related,03 - Dawn,03 - P.D. only,03 - Rear end,Kanata Lakes - Marchwood Lakeside - Morgan's Grant - Kanata
3835,HIGHWAY 417 btwn HWY417 IC134 RAMP36 & HWY417 IC134 RAMP26,356373.6235,5022265.188,-75.8419501,45.33843865,2014-02-14,10:50,03 - Snow,03 - Loose snow,10 - No control,01 - Non intersection,01 - Daylight,03 - P.D. only,07 - SMV other,Greenbelt
3836,MAJESTIC DR @ WOODROFFE AVE,363527.6934,5021571.746,-75.75075792,45.33163675,2014-01-29,11:29,03 - Snow,02 - Wet,01 - Traffic signal,02 - Intersection related,01 - Daylight,03 - P.D. only,03 - Rear end,Woodvale - Craig Henry - Manordale - Estates of Arlington Wo
3837,HIGHWAY 417 @ HWY 417 WOODROFF IC127R16,361852.6284,5024645.613,-75.77177192,45.35943344,2014-02-22,13:00,01 - Clear,01 - Dry,10 - No control,02 - Intersection related,01 - Daylight,03 - P.D. only,03 - Rear end,Whitehaven - Queensway Terrace North
3838,HIGHWAY 417 btwn HWY417 IC117 RAMP26 & HWY417 IC117 RAMP61,370932.1928,5031272.262,-75.65500282,45.41825994,2014-02-23,14:15,01 - Clear,01 - Dry,10 - No control,01 - Non intersection,01 - Daylight,03 - P.D. only,03 - Rear end,Industrial Park
3839,HIGHWAY 417 btwn HWY417 IC96 RAMP61 & HIGHWAY 417,387486.589,5023866.24,-75.44475379,45.34986681,2014-02-24,6:15,03 - Snow,03 - Loose snow,10 - No control,01 - Non intersection,07 - Dark,03 - P.D. only,07 - SMV other,Navan - Vars
3840,HIGHWAY 417 btwn HWY417 IC117 RAMP51 & HWY417 IC117 RAMP35,370796.5077,5031193.21,-75.65674692,45.41756147,2014-02-24,15:30,01 - Clear,01 - Dry,10 - No control,01 - Non intersection,01 - Daylight,03 - P.D. only,07 - SMV other,Industrial Park
3841,HIGHWAY 417 btwn HWY417 IC129 RAMP25 & HWY417 IC129 RAMP35,360843.6835,5023829.367,-75.78474175,45.35217027,2014-02-24,15:20,01 - Clear,01 - Dry,10 - No control,01 - Non intersection,01 - Daylight,03 - P.D. only,99 - Other,Iris
3842,GLADSTONE AVE btwn BANK ST & O'CONNOR ST,368062.8629,5030650.039,-75.69174151,45.41292671,2014-01-30,20:15,01 - Clear,02 - Wet,10 - No control,04 - At/near private drive,07 - Dark,03 - P.D. only,03 - Rear end,Centretown
3843,BRONSON AVE @ FIRST AVE,367491.1292,5029234.667,-75.69922533,45.40024306,2014-01-31,11:16,01 - Clear,02 - Wet,02 - Stop sign,03 - At intersection,01 - Daylight,03 - P.D. only,02 - Angle,The Glebe
3844,ST. JOSEPH BLVD btwn BELCOURT BLVD & ST. PIERRE ST,381356.6874,5037497.253,-75.52085461,45.47320452,2014-01-21,17:21,01 - Clear,06 - Ice,10 - No control,04 - At/near private drive,05 - Dusk,03 - P.D. only,03 - Rear end,Industrial Park
3845,BAYSHORE DR btwn WOODRIDGE CRES S & BAYSHORE CS,359225.6121,5023522.776,-75.80542461,45.34953901,2014-01-22,19:30,01 - Clear,06 - Ice,10 - No control,01 - Non intersection,07 - Dark,03 - P.D. only,05 - Turning movement,Bayshore
3846,BAY ST @ GLADSTONE AVE,367462.2037,5030289.324,-75.69946074,45.40973515,2014-01-23,20:37,01 - Clear,02 - Wet,02 - Stop sign,03 - At intersection,07 - Dark,03 - P.D. only,04 - Sideswipe,Centretown
3847,BAYVIEW DR @ CONSTANCE BAY RD,338202.1333,5038629.659,-76.07269066,45.48679191,2014-01-08,15:39,01 - Clear,06 - Ice,10 - No control,03 - At intersection,01 - Daylight,03 - P.D. only,02 - Angle,Constanc
3848,BANK ST btwn CLEMOW AVE & GLEBE AVE,368234.1339,5029801.507,-75.68966272,45.40527639,2014-01-09,7:36,01 - Clear,02 - Wet,10 - No control,04 - At/near private drive,03 - Dawn,03 - P.D. only,05 - Turning movement,The Glebe
3849,WOODROFFE AVE btwn TURN LANE & NORICE ST,363075.3949,5022683.905,-75.75639684,45.34168159,2014-01-24,8:03,01 - Clear,01 - Dry,10 - No control,04 - At/near private drive,01 - Daylight,03 - P.D. only,05 - Turning movement,Crestview - Meadowlands
3850,BRIDGE ST btwn ARTHUR CRES & LONG ISLAND RD,369034.5052,5010297.516,-75.68196861,45.22971034,2014-01-24,16:37,01 - Clear,06 - Ice,10 - No control,01 - Non intersection,01 - Daylight,03 - P.D. only,03 - Rear end,Manotick