Record,Location,X,Y,lon,lat,Date,Time,Environment,Road_Surface,Traffic_Control,Collision_Location,Light,Collision_Classification,Impact_type,Neighborhood
3851,WOODROFFE AVE btwn KNOXDALE RD/MEDHURST DR & NORICE ST,363383.188,5021918.502,-75.75256031,45.33476891,2014-01-24,16:48,01 - Clear,01 - Dry,10 - No control,01 - Non intersection,05 - Dusk,03 - P.D. only,03 - Rear end,Woodvale - Craig Henry - Manordale - Estates of Arlington Wo
3852,DALY AVE btwn MACKENZIE AVE & NICHOLAS ST,368010.7175,5031911.973,-75.69224577,45.42428588,2014-01-25,16:40,03 - Snow,02 - Wet,10 - No control,01 - Non intersection,05 - Dusk,03 - P.D. only,04 - Sideswipe,Byward Market - Parliament Hill
3853,RUSSELL RD btwn TREADWELL RD & ANDERSON RD,379689.6654,5026735.902,-75.54380859,45.37656221,2014-01-28,15:57,05 - Drifting Snow,03 - Loose snow,10 - No control,01 - Non intersection,01 - Daylight,03 - P.D. only,01 - Approaching,Greenbelt
3854,CATHERINE ST @ KENT ST,367907.583,5030189.709,-75.69378413,45.40879882,2014-01-28,16:25,01 - Clear,01 - Dry,01 - Traffic signal,03 - At intersection,01 - Daylight,03 - P.D. only,02 - Angle,Centretown
3855,INNES RD WB btwn INNES RD W & INNES RD,377150.0682,5032186.687,-75.57543023,45.42587204,2014-01-29,7:00,01 - Clear,01 - Dry,10 - No control,01 - Non intersection,03 - Dawn,03 - P.D. only,03 - Rear end,Greenbelt
3856,CARP RD @ HAZELDEAN RD,348804.5759,5014361.197,-75.93922339,45.26783163,2014-01-29,8:10,01 - Clear,01 - Dry,01 - Traffic signal,03 - At intersection,01 - Daylight,03 - P.D. only,02 - Angle,Stittsville
3857,MONTREAL RD @ BATHGATE DR/BURMA RD,373226.1613,5034514.194,-75.62524472,45.44720861,2014-01-26,19:55,01 - Clear,03 - Loose snow,01 - Traffic signal,03 - At intersection,07 - Dark,03 - P.D. only,07 - SMV other,Carson Grove - Carson Meadows
3858,BANKFIELD RD btwn KILREEN LANE & PRINCE OF WALES DR,366047.335,5008787.688,-75.72019259,45.21639097,2014-01-26,20:27,03 - Snow,06 - Ice,10 - No control,01 - Non intersection,07 - Dark,03 - P.D. only,07 - SMV other,Manotick
3859,ALBION RD/COLLISTON CRES E @ WALKLEY RD,371033.6704,5026356.706,-75.65436632,45.37402205,2014-01-27,0:37,03 - Snow,03 - Loose snow,01 - Traffic signal,03 - At intersection,07 - Dark,03 - P.D. only,02 - Angle,Ledbury - Heron Gate - Ridgemont - Elmwood
3860,RICHARDSON SIDE RD btwn CARDEVCO RD & CARP RD,346061.5202,5017023.321,-75.97395695,45.29195277,2014-01-27,13:08,03 - Snow,03 - Loose snow,10 - No control,01 - Non intersection,01 - Daylight,03 - P.D. only,07 - SMV other,Stittsville - Basswood
3861,PORTOBELLO BLVD @ SUMMER DAYS WALK/STORMWIND AVE,385892.806,5035157.596,-75.46323374,45.45164258,2014-01-27,13:01,05 - Drifting Snow,03 - Loose snow,02 - Stop sign,03 - At intersection,01 - Daylight,03 - P.D. only,02 - Angle,Avalon
3862,DALHOUSIE ST @ RIDEAU ST,368207.1887,5032228.061,-75.68969468,45.42711215,2014-01-28,9:17,01 - Clear,02 - Wet,01 - Traffic signal,02 - Intersection related,01 - Daylight,03 - P.D. only,04 - Sideswipe,Byward Market - Parliament Hill
3863,BLOHM DR btwn ESSON ST & REUBENS CRT,374484.4542,5026364.661,-75.61031276,45.37375896,2014-01-29,11:32,01 - Clear,02 - Wet,10 - No control,04 - At/near private drive,01 - Daylight,03 - P.D. only,06 - SMV unattended vehicle,Hunt Club
3864,LIMEBANK RD btwn EARL ARMSTRONG RD & RIDEAU RD,370543.4753,5014950.16,-75.66213846,45.27143496,2014-01-29,11:56,03 - Snow,03 - Loose snow,10 - No control,01 - Non intersection,01 - Daylight,03 - P.D. only,07 - SMV other,Greenbelt
3865,HIGHWAY 417 btwn HWY417 IC127 RAMP63 & HWY417 IC127 RAMP67,362141.1326,5024865.768,-75.76806417,45.36139084,2014-02-25,16:48,01 - Clear,01 - Dry,10 - No control,01 - Non intersection,01 - Daylight,03 - P.D. only,03 - Rear end,Carlingwood West - Glabar Park - McKellar Heights
3866,HIGHWAY 416 btwn HWY416 IC66 RAMP53 & HWY416 IC57 RAMP34,361802.4467,5012006.31,-75.77386572,45.24570879,2014-02-25,10:35,01 - Clear,01 - Dry,10 - No control,01 - Non intersection,01 - Daylight,03 - P.D. only,07 - SMV other,Munster Hamlet - Richmond
3867,HIGHWAY 417 btwn HWY417 IC163 RAMP15 & HWY417 IC155 RAMP51,335421.3405,5020380.766,-76.10939742,45.32270905,2014-02-27,7:25,05 - Drifting Snow,03 - Loose snow,10 - No control,01 - Non intersection,01 - Daylight,03 - P.D. only,07 - SMV other,Carp - Hardwood Plains
3868,HIGHWAY 417 btwn HWY417 IC96 RAMP61 & HIGHWAY 417,387539.4734,5023859.75,-75.44408008,45.34980218,2014-02-27,9:00,03 - Snow,04 - Slush,10 - No control,01 - Non intersection,01 - Daylight,03 - P.D. only,07 - SMV other,Navan - Vars
3869,HIGHWAY 417 btwn HWY 417 ANDERSON IC104R61 & HWY 417 BOUNDARY IC96R16,387040.938,5023936.988,-75.45042846,45.35055574,2014-02-27,7:40,03 - Snow,04 - Slush,10 - No control,01 - Non intersection,01 - Daylight,03 - P.D. only,07 - SMV other,Greenbelt
3870,KIRKWOOD AVE N @ CARLING AVE,364275.3972,5027494.895,-75.74050693,45.38486949,2014-01-31,11:52,01 - Clear,01 - Dry,01 - Traffic signal,03 - At intersection,01 - Daylight,03 - P.D. only,05 - Turning movement,Westboro
3871,MONTREAL RD/HANNAH ST @ CODY AVE,370254.0242,5033168.039,-75.66341518,45.43538114,2014-01-31,12:29,01 - Clear,01 - Dry,01 - Traffic signal,03 - At intersection,01 - Daylight,03 - P.D. only,05 - Turning movement,Vanier South
3872,FARADAY ST btwn CLARENDON AVE & HARMER AVE N,364949.7889,5028559.796,-75.73176601,45.39439367,2014-01-22,6:00,01 - Clear,01 - Dry,10 - No control,04 - At/near private drive,07 - Dark,03 - P.D. only,06 - SMV unattended vehicle,Island Park
3873,WOODROFFE AVE btwn TURN LANE & NORICE ST,363094.2146,5022636.119,-75.75616235,45.34125005,2014-01-23,21:13,01 - Clear,06 - Ice,10 - No control,01 - Non intersection,07 - Dark,03 - P.D. only,03 - Rear end,Crestview - Meadowlands
3874,CONCORD ST @ ECHO DR,368946.7244,5031095.641,-75.68039228,45.41685562,2014-01-24,4:38,01 - Clear,06 - Ice,10 - No control,03 - At intersection,07 - Dark,03 - P.D. only,07 - SMV other,Old Ottawa East
3875,CONROY RD @ HUNT CLUB RD,373763.74,5025405.79,-75.61964715,45.36520275,2014-01-11,5:09,04 - Freezing Rain,06 - Ice,01 - Traffic signal,02 - Intersection related,07 - Dark,03 - P.D. only,07 - SMV other,Greenboro East
3876,REGIONAL ROAD 174 btwn OR174 IC105 RAMP51 & OR174 IC105 RAMP35,379318.3642,5036953.973,-75.54700308,45.46853698,2014-01-13,9:32,01 - Clear,01 - Dry,10 - No control,01 - Non intersection,01 - Daylight,03 - P.D. only,99 - Other,Greenbelt
3877,BENTLEY AVE @ SUNDERLAND ST,366148.0339,5021836.936,-75.71729808,45.33379872,2014-01-24,8:02,01 - Clear,06 - Ice,02 - Stop sign,02 - Intersection related,01 - Daylight,03 - P.D. only,03 - Rear end,Industrial Park
3878,MEADOWLANDS DR @ VIEWMOUNT DR,363739.2095,5023104.563,-75.74787707,45.34541117,2014-01-23,17:40,01 - Clear,01 - Dry,01 - Traffic signal,03 - At intersection,07 - Dark,03 - P.D. only,05 - Turning movement,Crestview - Meadowlands
3879,CARRUTHERS AVE @ SCOTT ST,365153.984,5029849.409,-75.72900046,45.40597975,2014-01-24,17:23,01 - Clear,02 - Wet,01 - Traffic signal,02 - Intersection related,05 - Dusk,03 - P.D. only,03 - Rear end,Mechanicsville
3880,INNES RD btwn 260 E OF BELCOURT BLVD/WALMART SC & JEANNE D'ARC BLVD/ME,382458.1328,5035463.288,-75.50709077,45.45478304,2014-01-24,17:29,01 - Clear,01 - Dry,10 - No control,01 - Non intersection,05 - Dusk,03 - P.D. only,03 - Rear end,Orleans Village - Chateauneuf
3881,PRINCE OF WALES DR btwn HOLBORN AVE & RIDEAU GLEN DR,367453.2283,5017858.192,-75.70115071,45.29788325,2014-01-25,21:38,05 - Drifting Snow,03 - Loose snow,10 - No control,01 - Non intersection,07 - Dark,03 - P.D. only,07 - SMV other,Greenbelt
3882,CATHERINE ST @ METCALFE ST,368393.9445,5030486.526,-75.68753307,45.41142546,2014-01-22,9:53,01 - Clear,01 - Dry,01 - Traffic signal,03 - At intersection,01 - Daylight,03 - P.D. only,05 - Turning movement,Centretown
3883,TONILEE DR btwn MARLEY CRES & WILBURY RD,373837.4785,5032647.666,-75.6176924,45.43035448,2014-01-27,0:00,03 - Snow,05 - Packed snow,10 - No control,01 - Non intersection,00 - Unknown,03 - P.D. only,06 - SMV unattended vehicle,Industrial Park
3884,BANK ST @ RIVERSIDE DR N,369226.1366,5027984.794,-75.67722899,45.3888396,2014-01-29,8:24,01 - Clear,02 - Wet,01 - Traffic signal,02 - Intersection related,01 - Daylight,03 - P.D. only,03 - Rear end,Alta Vista
3885,THIRD AVE btwn BANK ST & O'CONNOR ST,368397.5473,5029587.811,-75.68760297,45.40333879,2014-01-28,8:30,01 - Clear,05 - Packed snow,10 - No control,04 - At/near private drive,01 - Daylight,03 - P.D. only,02 - Angle,The Glebe
3886,INNES RD @ JEANNE D'ARC BLVD/MER BLEUE RD,382640.1517,5035567.074,-75.50474747,45.45569656,2014-01-26,21:20,03 - Snow,03 - Loose snow,01 - Traffic signal,02 - Intersection related,07 - Dark,03 - P.D. only,07 - SMV other,Chapel Hill South
3887,WALKLEY RD btwn MCCARTHY RD & WEXFORD WAY,369271.3,5025314.431,-75.67700091,45.36480832,2014-01-26,21:42,01 - Clear,05 - Packed snow,10 - No control,04 - At/near private drive,07 - Dark,03 - P.D. only,03 - Rear end,Riverside Park
3888,FIRST LINE RD btwn PHELAN RD E & ROGER STEVENS DR,371063.9458,5003289.602,-75.6570579,45.16646555,2014-01-27,5:06,03 - Snow,03 - Loose snow,10 - No control,01 - Non intersection,07 - Dark,03 - P.D. only,07 - SMV other,Manotick - North Gower
3889,8TH LINE RD @ MITCH OWENS RD,382363.2755,5018773.034,-75.51092529,45.3046267,2014-01-27,5:59,03 - Snow,03 - Loose snow,02 - Stop sign,03 - At intersection,07 - Dark,03 - P.D. only,07 - SMV other,Metcalfe
3890,BANK ST @ WALKLEY RD,370337.345,5025948.495,-75.66330981,45.37041457,2014-01-27,13:12,05 - Drifting Snow,05 - Packed snow,01 - Traffic signal,02 - Intersection related,01 - Daylight,03 - P.D. only,03 - Rear end,Ledbury - Heron Gate - Ridgemont - Elmwood
3891,CARLING AVE EB btwn EDGEWORTH AVE & FOX CRES,361425.0706,5025512.334,-75.77712957,45.3672668,2014-01-27,13:14,03 - Snow,03 - Loose snow,10 - No control,01 - Non intersection,01 - Daylight,03 - P.D. only,04 - Sideswipe,Carlingwood West - Glabar Park - McKellar Heights
3892,SUNVIEW DR btwn BURNINGTREE CRT & DES PERDRIX CRES,381938.6507,5036292.797,-75.51360156,45.46230381,2014-01-28,10:02,01 - Clear,04 - Slush,10 - No control,01 - Non intersection,01 - Daylight,03 - P.D. only,06 - SMV unattended vehicle,Orleans Village - Chateauneuf
3893,THURSTON DR btwn CONROY RD & THOMAS SPRATT PL,373645.892,5027036.103,-75.62092411,45.3798832,2014-01-29,12:00,01 - Clear,02 - Wet,10 - No control,04 - At/near private drive,01 - Daylight,03 - P.D. only,03 - Rear end,Industrial Park
3894,JOCKVALE RD btwn BLACKLEAF DR & GOLFLINKS DR,365657.9649,5012799.217,-75.72465892,45.25252057,2014-01-28,8:40,01 - Clear,01 - Dry,10 - No control,01 - Non intersection,01 - Daylight,03 - P.D. only,04 - Sideswipe,New Barrhaven
3895,HIGHWAY 417 btwn HWY417 IC142 RAMP16 & HWY417 IC142 RAMP61,349052.691,5017374.783,-75.93579295,45.29493334,2014-02-21,8:13,02 - Rain,02 - Wet,10 - No control,01 - Non intersection,01 - Daylight,03 - P.D. only,04 - Sideswipe,Stittsville - Basswood
3896,HIGHWAY 417 btwn HWY 417 ANDERSON IC104R61 & HWY 417 BOUNDARY IC96R16,381985.3674,5025562.494,-75.51468471,45.36575558,2014-02-28,6:10,01 - Clear,01 - Dry,10 - No control,01 - Non intersection,07 - Dark,03 - P.D. only,07 - SMV other,Greenbelt
3897,HIGHWAY 417 btwn HWY 417 ANDERSON IC104R61 & HWY 417 BOUNDARY IC96R16,384599.1358,5025214.148,-75.48137993,45.36232874,2014-02-25,11:50,01 - Clear,01 - Dry,10 - No control,01 - Non intersection,01 - Daylight,03 - P.D. only,07 - SMV other,Greenbelt
3898,ELGIN ST @ NEPEAN ST,368029.7712,5031411.661,-75.69206653,45.41978252,2014-01-31,12:35,01 - Clear,01 - Dry,01 - Traffic signal,02 - Intersection related,01 - Daylight,03 - P.D. only,04 - Sideswipe,Centretown
3899,PRINCE OF WALES DR @ WEST HUNT CLUB RD,367458.2364,5021892.451,-75.7005766,45.33418246,2014-01-31,11:58,01 - Clear,02 - Wet,01 - Traffic signal,02 - Intersection related,01 - Daylight,03 - P.D. only,03 - Rear end,Industrial Park
3900,MARCH RD btwn TERRY FOX DR & SOLANDT RD,350001.6456,5023247.657,-75.92315868,45.34771859,2014-01-22,7:25,01 - Clear,05 - Packed snow,10 - No control,01 - Non intersection,03 - Dawn,03 - P.D. only,03 - Rear end,South March
3901,DES PERES BLANCS AVE btwn LAVERGNE ST & LEBRUN ST,370311.6318,5033930.95,-75.66257742,45.44224009,2014-01-24,3:53,01 - Clear,01 - Dry,10 - No control,01 - Non intersection,07 - Dark,03 - P.D. only,07 - SMV other,Vanier North
3902,ST. LAURENT BLVD @ COVENTRY RD/OGILVIE RD,372305.4539,5031952.158,-75.63736494,45.42424618,2014-01-24,6:18,01 - Clear,06 - Ice,01 - Traffic signal,03 - At intersection,07 - Dark,03 - P.D. only,07 - SMV other,Overbrook
3903,CARP RD btwn THOMAS A. DOLAN PKWY & NORMA LANE,337201.7434,5025386.75,-76.08635944,45.3676752,2014-01-13,18:29,01 - Clear,01 - Dry,10 - No control,01 - Non intersection,07 - Dark,03 - P.D. only,07 - SMV other,Carp - Hardwood Plains
3904,O'CONNOR ST @ PATTERSON AVE,368400.7095,5030129.305,-75.68749274,45.40821069,2014-01-24,8:45,01 - Clear,01 - Dry,02 - Stop sign,03 - At intersection,01 - Daylight,03 - P.D. only,02 - Angle,The Glebe
3905,GREENBANK RD @ WEST HUNT CLUB RD,361479.677,5020503.747,-75.77700645,45.32219531,2014-01-24,17:31,01 - Clear,01 - Dry,01 - Traffic signal,02 - Intersection related,05 - Dusk,03 - P.D. only,03 - Rear end,Greenbelt
3906,MONTREAL RD btwn BEGIN ST & PARK ST,370476.6599,5033295.176,-75.66055296,45.43650418,2014-01-24,17:38,01 - Clear,01 - Dry,10 - No control,01 - Non intersection,05 - Dusk,03 - P.D. only,04 - Sideswipe,Vanier South
3907,BRITTANY DR @ MONTREAL RD,371913.2188,5033995.342,-75.64209814,45.44266753,2014-01-25,23:15,01 - Clear,05 - Packed snow,01 - Traffic signal,03 - At intersection,07 - Dark,03 - P.D. only,02 - Angle,Cummings
3908,WOODROFFE AVE @ DEERFOX DR/STONEWAY DR,365887.9536,5015940.075,-75.72134279,45.280762,2014-01-27,11:30,05 - Drifting Snow,05 - Packed snow,01 - Traffic signal,03 - At intersection,01 - Daylight,03 - P.D. only,02 - Angle,Chapman Mills - Rideau Crest - Davidson Heights
3909,WOLVERTON CRES btwn CHARING RD & CHARING RD,361933.5844,5021431.972,-75.77110986,45.33051066,2014-01-27,19:45,03 - Snow,03 - Loose snow,10 - No control,04 - At/near private drive,07 - Dark,03 - P.D. only,06 - SMV unattended vehicle,Woodvale - Craig Henry - Manordale - Estates of Arlington Wo
3910,PRINCE OF WALES DR btwn WILLIAM MCEWEN DR & CARSONBY RD W,366131.4503,5004800.347,-75.71961234,45.18050526,2014-01-28,16:45,01 - Clear,02 - Wet,10 - No control,01 - Non intersection,05 - Dusk,03 - P.D. only,07 - SMV other,Manotick - North Gower
3911,SUSSEX DR btwn CLARENCE ST & YORK ST,367782.8978,5032273.229,-75.69511054,45.42755689,2014-01-28,18:25,01 - Clear,06 - Ice,10 - No control,01 - Non intersection,07 - Dark,03 - P.D. only,03 - Rear end,Byward Market - Parliament Hill
3912,PRINCE OF WALES DR btwn WINDING WAY & MERIVALE RD,367450.2183,5017566.017,-75.70122599,45.29525457,2014-01-29,9:33,01 - Clear,02 - Wet,10 - No control,01 - Non intersection,01 - Daylight,03 - P.D. only,03 - Rear end,Greenbelt
3913,HUNT CLUB RD @ RIVERSIDE DR,368036.703,5021946.259,-75.6931901,45.33461472,2014-01-28,10:00,01 - Clear,01 - Dry,01 - Traffic signal,02 - Intersection related,01 - Daylight,03 - P.D. only,03 - Rear end,Hunt Club Woods - Quintarra - Revelstoke - Riverside South P
3914,STEEPLE CHASE DR btwn MATTAWA CRES & BON ECHO CRES,355530.4425,5017960.848,-75.85314877,45.29976904,2014-01-26,22:10,03 - Snow,03 - Loose snow,10 - No control,01 - Non intersection,07 - Dark,03 - P.D. only,06 - SMV unattended vehicle,Bridlewood - Emerald Meadows
3915,BANK ST @ GLADSTONE AVE,367918.1453,5030562.091,-75.69360152,45.41214845,2014-01-26,22:33,05 - Drifting Snow,04 - Slush,01 - Traffic signal,03 - At intersection,07 - Dark,03 - P.D. only,05 - Turning movement,Centretown
3916,CROWNRIDGE DR @ HOPE SIDE RD,356071.8588,5014989.239,-75.84655284,45.27299064,2014-01-27,7:25,03 - Snow,03 - Loose snow,02 - Stop sign,03 - At intersection,03 - Dawn,03 - P.D. only,02 - Angle,Greenbelt
3917,WOODROFFE AVE btwn GRENFELL CRES & 260 N OF FALLOWFIELD RD/TRANSITWAY ,364594.3757,5019145.104,-75.73744346,45.30971194,2014-01-27,7:28,03 - Snow,03 - Loose snow,10 - No control,01 - Non intersection,03 - Dawn,03 - P.D. only,07 - SMV other,Merivale Gardens - Grenfell Glen - Pineglen - Country Place
3918,HIGHWAY 417 btwn HWY417 IC117 RAMP51 & HWY417 IC117 RAMP35,370664.1659,5031165.894,-75.65844135,45.41732817,2014-01-27,13:40,03 - Snow,03 - Loose snow,10 - No control,01 - Non intersection,01 - Daylight,03 - P.D. only,04 - Sideswipe,Industrial Park
3919,KING EDWARD AVE @ ST. PATRICK ST,368249.2083,5032823.842,-75.68908098,45.43246897,2014-01-27,13:46,01 - Clear,04 - Slush,01 - Traffic signal,03 - At intersection,01 - Daylight,03 - P.D. only,02 - Angle,Byward Market
3920,CATHERINE ST @ KENT ST,367908.2145,5030188.311,-75.69377624,45.40878619,2014-01-28,10:32,01 - Clear,02 - Wet,01 - Traffic signal,02 - Intersection related,01 - Daylight,03 - P.D. only,04 - Sideswipe,Centretown
3921,BANK ST @ GILMOUR ST,367785.6908,5030775.838,-75.69526628,45.41408361,2014-01-29,14:19,01 - Clear,02 - Wet,01 - Traffic signal,03 - At intersection,01 - Daylight,03 - P.D. only,03 - Rear end,Centretown
3922,REGIONAL ROAD 174 btwn OR174 IC105 RAMP26 & OR174 IC105 RAMP63,379479.741,5037078.222,-75.54492068,45.46963764,2014-01-29,6:15,01 - Clear,01 - Dry,10 - No control,01 - Non intersection,07 - Dark,03 - P.D. only,03 - Rear end,Orleans South West
3923,HIGHWAY 417 btwn HWY417 IC110 RAMP54 & HWY417 IC110 RAMP65,375793.6638,5029159.162,-75.59319774,45.39877104,2014-03-01,7:15,03 - Snow,03 - Loose snow,10 - No control,01 - Non intersection,01 - Daylight,03 - P.D. only,07 - SMV other,Greenbelt
3924,HIGHWAY 417 btwn HWY417 IC130 RAMP25 & HIGHWAY 417,359615.204,5023114.763,-75.80049826,45.34583736,2014-02-28,6:30,01 - Clear,01 - Dry,10 - No control,01 - Non intersection,07 - Dark,03 - P.D. only,04 - Sideswipe,Qualicum - Redwood Park
3925,FALLOWFIELD RD @ GREENBANK RD,363081.1827,5016732.202,-75.75702315,45.28812787,2014-01-30,7:59,01 - Clear,04 - Slush,01 - Traffic signal,03 - At intersection,01 - Daylight,03 - P.D. only,05 - Turning movement,Greenbelt
3926,CASTLEFRANK RD btwn SHELDRAKE DR & GLAMORGAN DR,353306.5687,5016459.273,-75.88164999,45.28641458,2014-01-31,8:50,01 - Clear,01 - Dry,10 - No control,01 - Non intersection,01 - Daylight,03 - P.D. only,06 - SMV unattended vehicle,Glen Cairn - Kanata South Business Park
3927,TENTH LINE RD btwn DES EPINETTES AVE & INNES RD,383889.332,5036289.148,-75.48866198,45.46205286,2014-01-24,6:55,01 - Clear,05 - Packed snow,10 - No control,04 - At/near private drive,03 - Dawn,03 - P.D. only,03 - Rear end,Queenswood Heights
3928,MERIVALE RD @ 170 N OF HUNTCLUB RD/COSTCO/CANA,365548.3099,5022100.927,-75.72491647,45.33622625,2014-01-24,7:28,01 - Clear,06 - Ice,01 - Traffic signal,02 - Intersection related,03 - Dawn,03 - P.D. only,03 - Rear end,Tanglewood
3929,BILLINGS BRIDGESC RAMP SB @ RIVERSIDE DR EB,369177.229,5027786.496,-75.67787938,45.38705988,2014-01-17,16:15,03 - Snow,02 - Wet,02 - Stop sign,03 - At intersection,01 - Daylight,03 - P.D. only,02 - Angle,Alta Vista
3930,BOOTH ST btwn 148 N OF MIDDLE ST/E.B. EDDY S & MIDDLE ST,366060.5886,5031365.95,-75.71723151,45.41954643,2014-01-20,6:45,01 - Clear,02 - Wet,10 - No control,01 - Non intersection,07 - Dark,03 - P.D. only,03 - Rear end,LeBreto
3931,BANK ST @ HUNT CLUB RD,371608.7365,5024097.267,-75.64733049,45.35363781,2014-01-24,8:00,01 - Clear,06 - Ice,01 - Traffic signal,02 - Intersection related,01 - Daylight,03 - P.D. only,03 - Rear end,South Keys - Heron Gate - Greenboro West
3932,AMIENS ST @ TENTH LINE RD,383352.1098,5037576.059,-75.49532483,45.47369194,2014-01-24,17:42,01 - Clear,06 - Ice,01 - Traffic signal,02 - Intersection related,07 - Dark,03 - P.D. only,03 - Rear end,Orlans
3933,ALBION RD @ HUNT CLUB RD,371868.7476,5024320.771,-75.64398206,45.35562401,2014-01-24,18:00,01 - Clear,01 - Dry,01 - Traffic signal,03 - At intersection,07 - Dark,03 - P.D. only,05 - Turning movement,South Keys - Heron Gate - Greenboro West
3934,RICHMOND RD btwn PERTH ST & CAMBRIAN RD,358990.7044,5008215.415,-75.81009364,45.21181962,2014-01-26,8:13,01 - Clear,05 - Packed snow,10 - No control,01 - Non intersection,01 - Daylight,03 - P.D. only,07 - SMV other,Munster Hamlet - Richmond
3935,LAWLER CRES btwn WINCANTON DR & WINCANTON DR,382792.6911,5039289.697,-75.50220652,45.48917241,2014-01-26,9:00,06 - Strong wind,05 - Packed snow,10 - No control,01 - Non intersection,01 - Daylight,03 - P.D. only,01 - Approaching,Chatelaine Village
3936,MONTREAL RD @ BATHGATE DR/BURMA RD,373223.3006,5034514.696,-75.62528121,45.44721341,2014-01-27,12:00,03 - Snow,05 - Packed snow,01 - Traffic signal,02 - Intersection related,01 - Daylight,03 - P.D. only,07 - SMV other,Carson Grove - Carson Meadows
3937,TOPLEY CRES btwn KARSH DR & KEYS WAY (1),374120.3797,5026287.731,-75.61497128,45.37310289,2014-01-27,23:14,03 - Snow,05 - Packed snow,10 - No control,01 - Non intersection,07 - Dark,03 - P.D. only,07 - SMV other,Hunt Club
3938,NORFOLK AVE btwn ADELINE ST & CARLING AVE,366872.8614,5028998.254,-75.70715166,45.39817097,2014-01-26,0:00,01 - Clear,01 - Dry,10 - No control,01 - Non intersection,00 - Unknown,03 - P.D. only,06 - SMV unattended vehicle,Little Italy
3939,BASELINE RD btwn NAVAHO DR & DEERFIELD DR,363235.1358,5024190.244,-75.75418071,45.35522221,2014-01-28,18:30,01 - Clear,02 - Wet,10 - No control,01 - Non intersection,07 - Dark,03 - P.D. only,03 - Rear end,Braemar Park - Bel Air Heights - Copeland Park
3940,KENNEVALE DR btwn MERNER AVE & FLANDERS ST,361984.8903,5014361.81,-75.77127077,45.266889,2014-01-28,19:03,01 - Clear,02 - Wet,10 - No control,01 - Non intersection,07 - Dark,03 - P.D. only,06 - SMV unattended vehicle,Barrhaven West - Old Barrhaven
3941,STARWOOD RD btwn ST. CLAIRE AVE & CLYDE AVE,364398.6525,5024622.375,-75.73927971,45.35901253,2014-01-28,13:30,01 - Clear,02 - Wet,10 - No control,04 - At/near private drive,01 - Daylight,03 - P.D. only,02 - Angle,Crestview - Meadowlands
3942,WALKLEY RD btwn RUSSELL RD & LANCASTER RD,374687.1162,5028504.393,-75.60742269,45.39299108,2014-01-03,14:00,01 - Clear,06 - Ice,10 - No control,01 - Non intersection,01 - Daylight,03 - P.D. only,03 - Rear end,Sheffield Glen
3943,ST. LAURENT BLVD @ WALKLEY RD,373901.5155,5028045.621,-75.61751919,45.38894122,2014-01-03,5:30,01 - Clear,01 - Dry,01 - Traffic signal,02 - Intersection related,07 - Dark,03 - P.D. only,03 - Rear end,Urbandale
3944,LESTER RD btwn ALBION RD & ALADDIN LANE,372781.3018,5022384.937,-75.63260227,45.33811818,2014-01-27,7:41,03 - Snow,03 - Loose snow,10 - No control,01 - Non intersection,03 - Dawn,03 - P.D. only,01 - Approaching,Greenbelt
3945,DE SALABERRY ST btwn EMARD CRES & EMARD CRES,375824.9047,5035472.415,-75.59188832,45.45557085,2014-01-27,7:57,03 - Snow,03 - Loose snow,10 - No control,01 - Non intersection,01 - Daylight,03 - P.D. only,07 - SMV other,Greenbelt
3946,BANFF AVE @ FOXBAR AVE,370667.2863,5025735.055,-75.65912648,45.36846318,2014-01-27,13:54,01 - Clear,03 - Loose snow,02 - Stop sign,02 - Intersection related,01 - Daylight,03 - P.D. only,99 - Other,Ledbury - Heron Gate - Ridgemont - Elmwood
3947,LEMIEUX ST @ ST. LAURENT BLVD,372392.2043,5031744.003,-75.63628507,45.42236492,2014-01-28,11:31,01 - Clear,01 - Dry,01 - Traffic signal,03 - At intersection,01 - Daylight,03 - P.D. only,02 - Angle,Overbrook
3948,BRIDGE ST @ MILL ST,368855.7677,5010077.44,-75.68427294,45.22774639,2014-01-29,16:09,01 - Clear,02 - Wet,01 - Traffic signal,02 - Intersection related,01 - Daylight,03 - P.D. only,02 - Angle,Manotick
3949,CLARENCE ST btwn WILLIAM ST & DALHOUSIE ST,368025.9695,5032492.191,-75.6919764,45.42950511,2014-01-29,14:00,01 - Clear,04 - Slush,10 - No control,01 - Non intersection,01 - Daylight,03 - P.D. only,06 - SMV unattended vehicle,Byward Market
3950,ROGER STEVENS DR btwn DWYER HILL RD & MALAKOFF RD,355878.2384,4990651.976,-75.85150972,45.0540086,2014-01-30,8:01,01 - Clear,01 - Dry,10 - No control,01 - Non intersection,01 - Daylight,03 - P.D. only,07 - SMV other,Munster Hamlet - Richmond
3951,MEADOWLANDS DR btwn BAYNE AVE & MERIVALE RD,364793.8543,5023690.684,-75.73434885,45.3505956,2014-01-31,13:24,01 - Clear,02 - Wet,10 - No control,04 - At/near private drive,01 - Daylight,03 - P.D. only,05 - Turning movement,Crestview - Meadowlands
3952,BRONSON AVE/BRONSON/HERON RAMP 35 @ HERON RD,368641.2831,5026698.547,-75.68486359,45.37731988,2014-01-31,14:05,01 - Clear,02 - Wet,01 - Traffic signal,02 - Intersection related,01 - Daylight,03 - P.D. only,99 - Other,Riverside Park