Record,Location,X,Y,lon,lat,Date,Time,Environment,Road_Surface,Traffic_Control,Collision_Location,Light,Collision_Classification,Impact_type,Neighborhood
3953,GRENON AVE btwn MICHELE DR & RICHMOND RD,359769.6335,5024056.967,-75.79842298,45.35430322,2014-01-22,8:50,01 - Clear,01 - Dry,10 - No control,01 - Non intersection,01 - Daylight,03 - P.D. only,06 - SMV unattended vehicle,Whitehaven - Queensway Terrace North
3954,MARCH RD btwn HERZBERG RD & CORKSTOWN RD,352389.0543,5021470.464,-75.89286435,45.33156916,2014-01-22,9:04,01 - Clear,01 - Dry,10 - No control,01 - Non intersection,01 - Daylight,03 - P.D. only,03 - Rear end,Greenbelt
3955,AIRPORT PKWY @ HUNT CLUB RD,371019.9498,5023702.05,-75.65489718,45.35013762,2014-01-24,7:42,01 - Clear,01 - Dry,01 - Traffic signal,02 - Intersection related,03 - Dawn,03 - P.D. only,03 - Rear end,Hunt Club East - Western Community
3956,GREENBANK RD btwn LISA AVE & TO BE DETERMINED,360556.196,5022902.871,-75.78851499,45.34385659,2014-01-24,7:45,01 - Clear,01 - Dry,10 - No control,01 - Non intersection,03 - Dawn,03 - P.D. only,03 - Rear end,Iris
3957,WOODROFFE AVE btwn KNOXDALE RD/MEDHURST DR & NORICE ST,363220.3127,5022335.498,-75.75458896,45.3385346,2014-01-22,8:37,01 - Clear,01 - Dry,10 - No control,01 - Non intersection,01 - Daylight,03 - P.D. only,03 - Rear end,Tanglewood
3958,CARP RD btwn CARP RD & KITTIWAKE DR,348588.2356,5014570.624,-75.94196175,45.26972963,2014-01-24,9:06,01 - Clear,01 - Dry,10 - No control,01 - Non intersection,01 - Daylight,03 - P.D. only,03 - Rear end,Stittsville
3959,BELFAST RD @ ST. LAURENT BLVD,372859.3023,5030575.718,-75.63047839,45.41180796,2014-01-24,9:11,01 - Clear,01 - Dry,01 - Traffic signal,02 - Intersection related,01 - Daylight,03 - P.D. only,03 - Rear end,Industrial Park
3960,EAGLESON RD @ FERNBANK RD,354797.6154,5015587.678,-75.86273146,45.27846729,2014-01-24,17:15,01 - Clear,06 - Ice,01 - Traffic signal,02 - Intersection related,05 - Dusk,03 - P.D. only,03 - Rear end,Glen Cairn - Kanata South Business Park
3961,BELCOURT BLVD @ INNES RD,382122.0859,5035266.357,-75.51141766,45.45304848,2014-01-24,17:15,01 - Clear,01 - Dry,01 - Traffic signal,02 - Intersection related,05 - Dusk,03 - P.D. only,99 - Other,Chapel Hill South
3962,PARKWAY RD btwn SALE BARN RD & JOHN QUINN RD,381361.8283,5015797.422,-75.52415298,45.27796363,2014-01-25,12:20,05 - Drifting Snow,03 - Loose snow,10 - No control,01 - Non intersection,01 - Daylight,03 - P.D. only,07 - SMV other,Osgoode
3963,JEANNE D'ARC BLVD @ ORLEANS BLVD S,380941.9791,5036248.11,-75.5263514,45.46201109,2014-01-25,15:40,01 - Clear,01 - Dry,01 - Traffic signal,02 - Intersection related,01 - Daylight,03 - P.D. only,07 - SMV other,Orleans Village - Chateauneuf
3964,RICHMOND RD btwn MCRAE AVE & CLIFTON RD,363673.0025,5028579.944,-75.74806931,45.39468347,2014-01-28,8:50,01 - Clear,01 - Dry,10 - No control,01 - Non intersection,01 - Daylight,03 - P.D. only,06 - SMV unattended vehicle,Westboro
3965,WOODRIDGE CRES btwn BAYSHORE DR & BAYSHORE PS,358939.6936,5023795.762,-75.80904332,45.35201747,2014-01-28,17:00,01 - Clear,04 - Slush,10 - No control,01 - Non intersection,05 - Dusk,03 - P.D. only,06 - SMV unattended vehicle,Bayshore
3966,HIGHWAY 417 btwn HWY417 IC115 RAMP51 & HWY417 IC115 RAMP35,372419.0854,5031495.108,-75.63597577,45.42012288,2014-01-28,19:18,01 - Clear,02 - Wet,10 - No control,01 - Non intersection,07 - Dark,03 - P.D. only,03 - Rear end,Industrial Park
3967,LYON ST @ WELLINGTON ST,366935.9358,5031427.211,-75.70603995,45.42002044,2014-01-28,18:15,01 - Clear,01 - Dry,01 - Traffic signal,03 - At intersection,07 - Dark,03 - P.D. only,03 - Rear end,Downtown
3968,DALHOUSIE ST @ MURRAY ST,368001.2061,5032573.848,-75.69228237,45.43024207,2014-01-29,10:20,01 - Clear,02 - Wet,01 - Traffic signal,03 - At intersection,01 - Daylight,03 - P.D. only,02 - Angle,Byward Market
3969,LEN PURCELL DR btwn WHISTLER RD & FIRESIDE DR,336718.178,5040208.352,-76.09157154,45.50106677,2014-01-29,1:30,01 - Clear,05 - Packed snow,10 - No control,01 - Non intersection,07 - Dark,03 - P.D. only,07 - SMV other,Buckham'
3970,KING EDWARD AVE @ LAURIER AVE,368739.2276,5032033.144,-75.68292154,45.42530993,2014-01-14,9:19,01 - Clear,02 - Wet,01 - Traffic signal,02 - Intersection related,01 - Daylight,03 - P.D. only,03 - Rear end,Sandy Hill
3971,BRIAN COBURN BLVD btwn AQUAVIEW DR & TENTH LINE RD,384532.5105,5035074.524,-75.48063571,45.45105169,2014-01-27,8:27,03 - Snow,03 - Loose snow,10 - No control,01 - Non intersection,01 - Daylight,03 - P.D. only,03 - Rear end,Avalon
3972,ST. JOSEPH BLVD btwn ROCKCLIFFE PKWY & HART RD,377203.3175,5035290.436,-75.57429327,45.45379206,2014-01-27,8:30,03 - Snow,04 - Slush,10 - No control,01 - Non intersection,01 - Daylight,03 - P.D. only,04 - Sideswipe,Greenbelt
3973,HUNT CLUB RD @ PAUL ANKA DR,369777.8847,5022897.032,-75.67085256,45.34301046,2014-01-27,14:03,03 - Snow,05 - Packed snow,01 - Traffic signal,02 - Intersection related,01 - Daylight,03 - P.D. only,03 - Rear end,Hunt Club - Ottawa Airport
3974,BANNING RD btwn BALBAIR RD & ABBEYHILL DR,353419.1336,5017658.315,-75.88009759,45.29719607,2014-01-28,8:00,01 - Clear,01 - Dry,10 - No control,01 - Non intersection,01 - Daylight,03 - P.D. only,06 - SMV unattended vehicle,Glen Cairn - Kanata South Business Park
3975,HIGHWAY 417 btwn HWY417 IC142 RAMP35 & HWY417 IC142 RAMP25,348991.2111,5017261.459,-75.93658686,45.29391748,2014-01-23,5:45,05 - Drifting Snow,06 - Ice,10 - No control,01 - Non intersection,07 - Dark,03 - P.D. only,07 - SMV other,Stittsville - Basswood
3976,HIGHWAY 417 btwn HWY417 IC117 RAMP26 & HWY417 IC117 RAMP61,370896.4145,5031247.992,-75.65546318,45.41804495,2014-01-23,15:50,01 - Clear,01 - Dry,10 - No control,01 - Non intersection,01 - Daylight,03 - P.D. only,04 - Sideswipe,Industrial Park
3977,HIGHWAY 417 btwn HWY417 IC110 RAMP64 & HWY417 IC104 RAMP16,377100.3733,5027111.352,-75.57680931,45.38021227,2014-02-01,18:30,03 - Snow,02 - Wet,10 - No control,01 - Non intersection,07 - Dark,03 - P.D. only,07 - SMV other,Greenbelt
3978,HIGHWAY 417 btwn HWY417 IC121B RAMP51 & HWY417 IC121A RAMP51,366767.8224,5029571.805,-75.70842112,45.40334094,2014-01-31,18:13,01 - Clear,01 - Dry,10 - No control,01 - Non intersection,07 - Dark,03 - P.D. only,07 - SMV other,The Glebe Annex
3979,ELGIN ST @ LAURIER AVE,367950.1317,5031548.628,-75.69306648,45.4210221,2014-01-30,9:17,01 - Clear,01 - Dry,01 - Traffic signal,02 - Intersection related,01 - Daylight,03 - P.D. only,04 - Sideswipe,Downtown
3980,ALTA VISTA DR btwn SMYTH RD & VALOUR DR,370392.2227,5029331.555,-75.66215971,45.40084904,2014-01-30,10:18,01 - Clear,01 - Dry,10 - No control,04 - At/near private drive,01 - Daylight,03 - P.D. only,03 - Rear end,Industrial Park
3981,CYRVILLE RD @ INNES RD,375047.2508,5031120.512,-75.60245103,45.41649352,2014-01-31,15:07,01 - Clear,01 - Dry,01 - Traffic signal,02 - Intersection related,01 - Daylight,03 - P.D. only,05 - Turning movement,Industrial Park
3982,BANK ST @ SOUTHKEYS SC,371083.7495,5024521.019,-75.65397326,45.35750042,2014-01-22,9:08,01 - Clear,01 - Dry,01 - Traffic signal,02 - Intersection related,01 - Daylight,03 - P.D. only,03 - Rear end,South Keys - Heron Gate - Greenboro West
3983,WOODROFFE AVE @ KNOXDALE RD/MEDHURST DR,363419.1829,5021826.74,-75.75211197,45.33394024,2014-01-22,9:00,01 - Clear,01 - Dry,01 - Traffic signal,02 - Intersection related,01 - Daylight,03 - P.D. only,03 - Rear end,Woodvale - Craig Henry - Manordale - Estates of Arlington Wo
3984,MITCH OWENS RD @ OLD PRESCOTT RD,377088.763,5015549.211,-75.57864578,45.27618265,2014-01-24,7:46,01 - Clear,01 - Dry,01 - Traffic signal,03 - At intersection,03 - Dawn,03 - P.D. only,02 - Angle,Greely
3985,REGIONAL ROAD 174 btwn OR174 IC105 RAMP26 & OR174 IC105 RAMP63,379666.2342,5037175.718,-75.5425211,45.47049487,2014-01-24,7:55,01 - Clear,01 - Dry,10 - No control,01 - Non intersection,01 - Daylight,03 - P.D. only,03 - Rear end,Orleans South West
3986,PINETRAIL CRES btwn ROCKCRESS GDN & ROCKCRESS GDN,362798.1651,5022393.747,-75.75996805,45.33909374,2014-01-22,19:00,01 - Clear,05 - Packed snow,10 - No control,04 - At/near private drive,07 - Dark,03 - P.D. only,06 - SMV unattended vehicle,Centrepointe
3987,PRINCE OF WALES DR btwn DANBURY WAY & STRATTON DR,366741.6383,5001101.773,-75.71230776,45.14717176,2014-01-22,21:39,01 - Clear,06 - Ice,10 - No control,01 - Non intersection,07 - Dark,03 - P.D. only,07 - SMV other,Manotick - North Gower
3988,HINCKS LANE E @ RIVERSIDE DR,370267.0115,5030200.52,-75.66364355,45.40867938,2014-01-24,9:19,01 - Clear,01 - Dry,02 - Stop sign,02 - Intersection related,01 - Daylight,03 - P.D. only,03 - Rear end,Industrial Park
3989,CHESTERTON DR/COOLSPRING CRES W @ VIEWMOUNT DR,366230.9646,5023515.899,-75.71603164,45.34889851,2014-01-24,10:00,01 - Clear,01 - Dry,02 - Stop sign,03 - At intersection,01 - Daylight,03 - P.D. only,02 - Angle,Borden Farm - Stewart Farm - Parkwood Hills - Fisher Glen
3990,WOODROFFE AVE btwn TURN LANE & NORICE ST,363123.2784,5022566.542,-75.75579973,45.34062159,2014-01-24,17:44,01 - Clear,01 - Dry,10 - No control,01 - Non intersection,07 - Dark,03 - P.D. only,03 - Rear end,Crestview - Meadowlands
3991,CARLING AVE @ MAITLAND AVE/SHERBOURNE RD,362942.6979,5026489.288,-75.7576423,45.37593306,2014-01-25,18:00,03 - Snow,03 - Loose snow,01 - Traffic signal,02 - Intersection related,07 - Dark,03 - P.D. only,03 - Rear end,Carlingwood - McKellar Park - Laurentien View
3992,BASELINE RD @ CLYDE AVE,364357.2815,5024890.513,-75.73977542,45.36142872,2014-01-26,13:56,01 - Clear,01 - Dry,01 - Traffic signal,02 - Intersection related,01 - Daylight,03 - P.D. only,03 - Rear end,Braemar Park - Bel Air Heights - Copeland Park
3993,SAUNDERSON DR btwn RAGLAN AVE & SMYTH RD,372738.5173,5029396.922,-75.63218378,45.40121342,2014-01-15,11:23,01 - Clear,05 - Packed snow,10 - No control,01 - Non intersection,01 - Daylight,03 - P.D. only,06 - SMV unattended vehicle,Elmvale - Eastway - Riverview - Riverview Park West
3994,CARLING AVE @ SHERWOOD DR,366485.226,5028718.991,-75.71213732,45.3956925,2014-01-15,14:50,01 - Clear,01 - Dry,01 - Traffic signal,02 - Intersection related,01 - Daylight,03 - P.D. only,07 - SMV other,Centretown West
3995,DUNBARTON CRT btwn Continuation of DUNBARTON CRT & Continuation of DUN,371188.7174,5034194.407,-75.65133149,45.44452781,2014-01-28,0:00,01 - Clear,05 - Packed snow,10 - No control,01 - Non intersection,00 - Unknown,03 - P.D. only,06 - SMV unattended vehicle,Cemetery
3996,NELSON ST btwn WILBROD ST & LAURIER AVE E,368865.5271,5032137.63,-75.68129413,45.4262385,2014-01-27,0:00,04 - Freezing Rain,03 - Loose snow,10 - No control,01 - Non intersection,00 - Unknown,03 - P.D. only,06 - SMV unattended vehicle,Sandy Hill
3997,INNES RD btwn ANDERSON RD & INNES RD,376545.67,5031995.54,-75.58318075,45.42421447,2014-01-29,11:02,05 - Drifting Snow,03 - Loose snow,10 - No control,01 - Non intersection,01 - Daylight,03 - P.D. only,07 - SMV other,Greenbelt
3998,ANDERSON RD btwn WEIR RD & DOLMAN RIDGE RD,377850.7217,5031320.401,-75.56660615,45.41800493,2014-01-13,17:35,02 - Rain,02 - Wet,10 - No control,01 - Non intersection,05 - Dusk,03 - P.D. only,01 - Approaching,Greenbelt
3999,JOHNWOODS ST @ MAPLE GROVE RD,349574.8134,5016091.977,-75.92925218,45.28335716,2014-01-14,11:46,01 - Clear,02 - Wet,02 - Stop sign,03 - At intersection,01 - Daylight,03 - P.D. only,02 - Angle,Stittsville
4000,BESSERER ST @ KING EDWARD AVE,368553.1033,5032339.143,-75.68526017,45.42808018,2014-01-27,8:39,03 - Snow,03 - Loose snow,01 - Traffic signal,03 - At intersection,01 - Daylight,03 - P.D. only,03 - Rear end,Sand
4001,BASELINE RD btwn GREENBANK RD & PINECREST RD,360624.5538,5022599.456,-75.787677,45.34112103,2014-01-27,8:42,03 - Snow,03 - Loose snow,10 - No control,01 - Non intersection,01 - Daylight,03 - P.D. only,03 - Rear end,Iris
4002,MORGAN ST btwn LAPOINTE ST & COTE ST,371310.4551,5033183.184,-75.6499121,45.43541772,2014-01-27,14:00,05 - Drifting Snow,05 - Packed snow,10 - No control,01 - Non intersection,01 - Daylight,03 - P.D. only,99 - Other,Vanier South
4003,SHAUGHNESSY CRES btwn KNUDSON DR & WINDEYER CRES (2),350700.5216,5020263.104,-75.91451724,45.32081752,2014-01-27,12:30,01 - Clear,05 - Packed snow,10 - No control,04 - At/near private drive,01 - Daylight,03 - P.D. only,02 - Angle,Kanata Lakes - Marchwood Lakeside - Morgan's Grant - Kanata
4004,HIGHWAY 416 btwn HWY416 IC72 RAMP62 & HWY416 IC72 RAMP24,359505.0059,5019577.835,-75.80229527,45.31402056,2014-02-01,18:35,03 - Snow,05 - Packed snow,10 - No control,01 - Non intersection,07 - Dark,03 - P.D. only,07 - SMV other,Greenbelt
4005,HIGHWAY 417 btwn HWY417 IC127 RAMP67 & HWY417 IC126 RAMP16,362753.4842,5025346.67,-75.760192,45.36566759,2014-02-02,4:16,01 - Clear,05 - Packed snow,10 - No control,01 - Non intersection,07 - Dark,03 - P.D. only,07 - SMV other,Carlingwood West - Glabar Park - McKellar Heights
4006,HIGHWAY 417 btwn HWY417 IC118 RAMP35 & HWY417 IC117 RAMP51,369816.7819,5031140.467,-75.66927074,45.41717864,2014-02-01,19:25,03 - Snow,05 - Packed snow,10 - No control,01 - Non intersection,07 - Dark,03 - P.D. only,07 - SMV other,Old Ottawa East
4007,HWY417 IC118 RAMP52 btwn HWY417 IC118 RAMP57 & HWY417 IC118 RAMP62,369320.541,5030891.416,-75.67564323,45.4149837,2014-02-02,2:10,03 - Snow,03 - Loose snow,10 - No control,01 - Non intersection,07 - Dark,03 - P.D. only,07 - SMV other,Old Ottawa East
4008,HIGHWAY 417 btwn HWY417 IC123 RAMP62 & HWY417 IC122 RAMP16,365010.6871,5028499.505,-75.73099565,45.39384595,2014-01-27,15:30,01 - Clear,04 - Slush,10 - No control,01 - Non intersection,01 - Daylight,03 - P.D. only,03 - Rear end,Island Park
4009,HIGHWAY 417 btwn HWY417 IC124 RAMP76 & HWY417 IC124 RAMP67,364328.8463,5027402.636,-75.73983558,45.38403482,2014-02-01,3:26,01 - Clear,01 - Dry,10 - No control,01 - Non intersection,07 - Dark,03 - P.D. only,07 - SMV other,Westboro
4010,VICTORIA ST btwn DOW ST & BOWEN ST,385347.105,5011102.661,-75.47412609,45.23527784,2014-01-28,0:00,01 - Clear,01 - Dry,10 - No control,01 - Non intersection,00 - Unknown,03 - P.D. only,06 - SMV unattended vehicle,Metcalfe
4011,CARLING AVE WB btwn POULIN AVE & ALPINE AVE,360470.8215,5024925.028,-75.78937665,45.36205869,2014-01-29,17:33,01 - Clear,01 - Dry,10 - No control,01 - Non intersection,05 - Dusk,03 - P.D. only,03 - Rear end,Whitehaven - Queensway Terrace North
4012,ALBION RD @ LESTER RD,372695.2171,5022330.6,-75.63370799,45.33763761,2014-01-30,8:00,01 - Clear,02 - Wet,01 - Traffic signal,02 - Intersection related,01 - Daylight,03 - P.D. only,03 - Rear end,Greenbelt
4013,INNES RD btwn EASTPARK DR & CLEROUX CRES,378855.8823,5033347.74,-75.55345979,45.43613988,2014-01-30,8:45,01 - Clear,02 - Wet,10 - No control,01 - Non intersection,01 - Daylight,03 - P.D. only,03 - Rear end,Blackburn Hamlet
4014,EDGEWOOD AVE btwn RICHMOND RD & LINCOLN AVE,363406.5878,5028378.855,-75.75149558,45.39289646,2014-01-31,10:30,01 - Clear,02 - Wet,10 - No control,01 - Non intersection,01 - Daylight,03 - P.D. only,06 - SMV unattended vehicle,Westboro
4015,TENTH LINE RD btwn AMIENS ST & 275 N OF DES EPINETTES AVE/FALLINGBROOK,383452.7131,5037340.384,-75.49407605,45.47156023,2014-01-22,9:18,01 - Clear,01 - Dry,10 - No control,01 - Non intersection,01 - Daylight,03 - P.D. only,07 - SMV other,Orlans
4016,ALBERT ST @ BANK ST,367385.2222,5031424.521,-75.70029996,45.41995619,2014-01-22,15:40,01 - Clear,01 - Dry,01 - Traffic signal,02 - Intersection related,01 - Daylight,03 - P.D. only,05 - Turning movement,Downtown
4017,BRONSON AVE RAMP 52 btwn HERON RD EB & BRONSON AVE RAMP 62,368849.6251,5026629.408,-75.68221269,45.37667878,2014-01-27,13:30,03 - Snow,03 - Loose snow,10 - No control,07 - Overpass or bridge,01 - Daylight,03 - P.D. only,07 - SMV other,Alta Vista
4018,GREENBANK RD @ STRANDHERD DR,363932.2621,5014784.417,-75.74640646,45.2705306,2014-01-31,18:41,01 - Clear,01 - Dry,01 - Traffic signal,02 - Intersection related,07 - Dark,03 - P.D. only,03 - Rear end,New Barrhaven
4019,GREENBANK RD @ BELLMAN DR/BATEMAN DR,361257.1825,5021017.235,-75.77978577,45.3268336,2014-01-23,8:06,01 - Clear,06 - Ice,01 - Traffic signal,02 - Intersection related,01 - Daylight,03 - P.D. only,03 - Rear end,Sheahan Estates - Trend Village - Arlington Woods
4020,LEIKIN DR btwn HOLITZNER WAY & CRESTWAY DR,366901.8244,5017427.528,-75.70823454,45.29405714,2014-01-23,8:11,01 - Clear,06 - Ice,10 - No control,01 - Non intersection,01 - Daylight,03 - P.D. only,07 - SMV other,Greenbelt
4021,CARLING AVE EB btwn WOODROFFE AVE & WOODROFFE AVE,361908.476,5025812.319,-75.77092429,45.36992682,2014-01-24,8:15,01 - Clear,01 - Dry,10 - No control,04 - At/near private drive,01 - Daylight,03 - P.D. only,02 - Angle,Carlingwood West - Glabar Park - McKellar Heights
4022,ST. LAURENT BLVD @ TREMBLAY RD,372596.2209,5031241.829,-75.63374748,45.41782686,2014-01-24,10:49,01 - Clear,01 - Dry,01 - Traffic signal,03 - At intersection,01 - Daylight,03 - P.D. only,02 - Angle,Industrial Park
4023,AIRD PL @ BATON CRT,351773.2131,5019020.364,-75.90095313,45.3095641,2014-01-24,19:23,01 - Clear,02 - Wet,03 - Yield sign,03 - At intersection,07 - Dark,03 - P.D. only,06 - SMV unattended vehicle,Katimavik - Hazeldean
4024,GREENBANK RD @ MALVERN DR/FOXFIELD DR,363311.6864,5016194.18,-75.75414835,45.28326759,2014-01-23,18:15,01 - Clear,06 - Ice,01 - Traffic signal,03 - At intersection,07 - Dark,03 - P.D. only,05 - Turning movement,Barrhaven West - Old Barrhaven
4025,BANK ST @ HUNT CLUB RD,371608.2295,5024097.267,-75.64733696,45.35363786,2014-01-25,18:20,03 - Snow,03 - Loose snow,01 - Traffic signal,02 - Intersection related,07 - Dark,03 - P.D. only,03 - Rear end,South Keys - Heron Gate - Greenboro West
4026,BANK ST btwn SLATER ST & LAURIER AVE W,367437.3767,5031337.086,-75.69964472,45.41916481,2014-01-26,14:00,01 - Clear,02 - Wet,10 - No control,01 - Non intersection,01 - Daylight,03 - P.D. only,03 - Rear end,Downtown
4027,LEES AVE @ KING EDWARD AVE/MANN AVE,369178.5922,5031334.916,-75.67739873,45.41898723,2014-01-21,18:48,01 - Clear,01 - Dry,01 - Traffic signal,03 - At intersection,07 - Dark,03 - P.D. only,05 - Turning movement,Sandy Hill
4028,LEES AVE / GRAHAM AVE @ MAIN ST,369001.7146,5030560.691,-75.67975942,45.41203728,2014-01-22,8:20,01 - Clear,01 - Dry,01 - Traffic signal,02 - Intersection related,01 - Daylight,03 - P.D. only,03 - Rear end,Old Ottawa East
4029,NEPEAN ST btwn LYON ST N & KENT ST,367331.7653,5030991.43,-75.70103791,45.41606415,2014-01-07,0:00,01 - Clear,01 - Dry,10 - No control,01 - Non intersection,00 - Unknown,03 - P.D. only,06 - SMV unattended vehicle,Centretown
4030,WOODROFFE AVE btwn IRIS ST & MIRAMICHI ST,362319.701,5024348.49,-75.7658452,45.35672178,2014-02-06,8:30,01 - Clear,01 - Dry,10 - No control,01 - Non intersection,01 - Daylight,03 - P.D. only,03 - Rear end,Iris
4031,CAHILL DR btwn TEMBY PRIV & TEMBY PRIV,372092.4132,5024885.416,-75.6410508,45.36068305,2014-02-07,16:13,01 - Clear,01 - Dry,10 - No control,01 - Non intersection,01 - Daylight,03 - P.D. only,04 - Sideswipe,Greenboro East
4032,ANDERSON RD @ INNES RD,376281.215,5031841.564,-75.58658206,45.42285616,2014-02-07,16:15,01 - Clear,01 - Dry,01 - Traffic signal,02 - Intersection related,01 - Daylight,03 - P.D. only,04 - Sideswipe,Greenbelt
4033,CARLING AVE @ OTTAWA RIVER PKWY WB,360855.8014,5025170.547,-75.78443501,45.36423718,2014-01-21,16:50,01 - Clear,01 - Dry,03 - Yield sign,02 - Intersection related,05 - Dusk,03 - P.D. only,03 - Rear end,Woodroffe - Lincoln Heights
4034,KENT ST @ LAURIER AVE,367316.192,5031164.335,-75.70121494,45.41762129,2014-01-23,9:20,01 - Clear,01 - Dry,01 - Traffic signal,02 - Intersection related,01 - Daylight,03 - P.D. only,03 - Rear end,Downtown
4035,CLEMOW AVE @ BRONSON AVE,367418.3405,5029398.506,-75.70013419,45.40172375,2014-01-26,11:45,01 - Clear,05 - Packed snow,02 - Stop sign,03 - At intersection,01 - Daylight,03 - P.D. only,07 - SMV other,The Glebe
4036,WILBROD ST btwn CHAPEL ST & AUGUSTA ST,369076.6819,5032384.667,-75.67856378,45.42844187,2014-02-02,10:41,01 - Clear,03 - Loose snow,10 - No control,04 - At/near private drive,01 - Daylight,03 - P.D. only,02 - Angle,Sandy Hill
4037,PLACE D'ORLEANS DR W @ ST. JOSEPH BLVD,381602.3769,5037683.182,-75.51768368,45.47485037,2014-02-05,17:00,01 - Clear,03 - Loose snow,01 - Traffic signal,02 - Intersection related,01 - Daylight,03 - P.D. only,03 - Rear end,Industrial Park
4038,PRINCE OF WALES DR @ WEST HUNT CLUB RD,367459.1842,5021890.555,-75.70056474,45.33416532,2014-02-10,6:40,01 - Clear,02 - Wet,01 - Traffic signal,02 - Intersection related,07 - Dark,03 - P.D. only,03 - Rear end,Industrial Park
4039,KANATA AVE @ EARL GREY DR,350954.9477,5019286.879,-75.91136304,45.31201652,2014-02-10,14:40,01 - Clear,01 - Dry,01 - Traffic signal,02 - Intersection related,01 - Daylight,03 - P.D. only,03 - Rear end,Kanata
4040,NAVAHO DR btwn DEERFIELD DR & Continuation of NAVAHO DR,363168.9818,5023949.041,-75.75505345,45.35305739,2014-02-12,11:58,01 - Clear,01 - Dry,10 - No control,04 - At/near private drive,01 - Daylight,03 - P.D. only,02 - Angle,Crestview - Meadowlands
4041,ST. LAURENT BLVD btwn BELFAST RD & INDUSTRIAL AVE,373042.9102,5030144.554,-75.62819258,45.40791067,2014-02-12,9:15,01 - Clear,01 - Dry,10 - No control,01 - Non intersection,01 - Daylight,03 - P.D. only,03 - Rear end,Industrial Park
4042,MAIN ST @ TORONTO ST,369514.2282,5029340.802,-75.67337235,45.40101395,2014-02-13,8:05,01 - Clear,01 - Dry,02 - Stop sign,02 - Intersection related,01 - Daylight,03 - P.D. only,07 - SMV other,Old Ottawa East
4043,EAGLESON RD btwn SHATNER GT & HAZELDEAN RD,353654.867,5018471.355,-75.87701201,45.30449562,2014-01-31,8:34,01 - Clear,02 - Wet,10 - No control,04 - At/near private drive,01 - Daylight,03 - P.D. only,02 - Angle,Greenbelt
4044,GLADSTONE AVE btwn PERCY ST & BAY ST,367377.2491,5030237.5,-75.70055255,45.40927645,2014-02-01,18:00,03 - Snow,04 - Slush,10 - No control,04 - At/near private drive,07 - Dark,03 - P.D. only,02 - Angle,Centretown
4045,INDUSTRIAL AVE @ TRAINYARDS DR,371688.3248,5030538.531,-75.64544208,45.41158627,2014-01-30,13:13,01 - Clear,01 - Dry,01 - Traffic signal,03 - At intersection,01 - Daylight,03 - P.D. only,05 - Turning movement,Industrial Park
4046,BAY ST @ WELLINGTON ST,366814.2241,5031350.619,-75.70760464,45.41934209,2014-02-02,0:16,03 - Snow,03 - Loose snow,01 - Traffic signal,03 - At intersection,07 - Dark,03 - P.D. only,02 - Angle,Downtown
4047,LEITRIM RD btwn FENTON RD & BANK ST,375020.6187,5021360.777,-75.60417878,45.32868266,2014-02-04,8:11,01 - Clear,02 - Wet,10 - No control,01 - Non intersection,01 - Daylight,03 - P.D. only,03 - Rear end,Greenbelt
4048,CONROY RD @ ST. LAURENT BLVD,373071.3893,5027161.198,-75.62824164,45.38106497,2014-02-04,8:58,01 - Clear,02 - Wet,01 - Traffic signal,02 - Intersection related,01 - Daylight,03 - P.D. only,03 - Rear end,Industrial Park
4049,SLATER ST btwn O'CONNOR ST & METCALFE ST,367612.6924,5031469.627,-75.69738793,45.42034165,2014-02-04,16:00,01 - Clear,04 - Slush,10 - No control,04 - At/near private drive,01 - Daylight,03 - P.D. only,02 - Angle,Downtown
4050,BAYSHORE DR @ WOODRIDGE CRES S,359233.1951,5023509.506,-75.8053293,45.34941901,2014-02-05,13:18,03 - Snow,03 - Loose snow,01 - Traffic signal,02 - Intersection related,01 - Daylight,03 - P.D. only,03 - Rear end,Bayshore
4051,TENTH LINE RD @ CHARLEMAGNE BLVD N/TOMPKINS AV,383184.4038,5037975.986,-75.49740564,45.47730897,2014-01-22,14:58,01 - Clear,01 - Dry,01 - Traffic signal,02 - Intersection related,01 - Daylight,03 - P.D. only,03 - Rear end,Queenswood Heights
4052,TALLWOOD DR @ AVENSHIRE GT/MERIDIAN PL,362815.6558,5022618.901,-75.75971849,45.34111822,2014-02-06,10:30,01 - Clear,04 - Slush,02 - Stop sign,02 - Intersection related,01 - Daylight,03 - P.D. only,04 - Sideswipe,Centrepointe
4053,BRONSON AVE @ CATHERINE ST/RAYMOND ST,367255.0782,5029797.514,-75.70216891,45.4053285,2014-02-06,10:33,01 - Clear,01 - Dry,01 - Traffic signal,03 - At intersection,01 - Daylight,03 - P.D. only,02 - Angle,Centretown West
4054,FOREST GREEN CRES btwn 8TH LINE RD & 8TH LINE RD,384828.5945,5014274.094,-75.48021842,45.26387163,2014-02-07,16:19,01 - Clear,04 - Slush,10 - No control,01 - Non intersection,01 - Daylight,03 - P.D. only,01 - Approaching,Metcalfe
4055,BRONSON AVE btwn LAURIER AVE W & GLOUCESTER ST,366810.7847,5030850.162,-75.70771156,45.41483943,2014-02-07,16:36,01 - Clear,01 - Dry,10 - No control,04 - At/near private drive,01 - Daylight,03 - P.D. only,02 - Angle,Downtown