Record,Location,X,Y,lon,lat,Date,Time,Environment,Road_Surface,Traffic_Control,Collision_Location,Light,Collision_Classification,Impact_type,Neighborhood
4056,DUMAURIER AVE @ PINECREST RD,360323.1999,5023834.764,-75.79138331,45.35226023,2014-01-22,9:45,01 - Clear,01 - Dry,01 - Traffic signal,02 - Intersection related,01 - Daylight,03 - P.D. only,03 - Rear end,Whitehaven - Queensway Terrace North
4057,BANK ST btwn FIFTH AVE & REGENT ST,368417.4713,5029355.691,-75.68737843,45.40124844,2014-01-24,7:00,01 - Clear,06 - Ice,10 - No control,01 - Non intersection,03 - Dawn,03 - P.D. only,03 - Rear end,The Glebe
4058,COOKS MILL CRES btwn COOKS MILL CRES/WHITECLIFFS AVE & WATCHHORN GROVE N,369967.5067,5016512.689,-75.66927292,45.28554796,2014-12-23,16:00,01 - Clear,01 - Dry,10 - No control,04 - At/near private drive,05 - Dusk,03 - P.D. only,02 - Angle,Gloucester
4059,FALLOWFIELD RD btwn MERIVALE RD & WOODROFFE AVE,365480.5979,5018206.158,-75.72625747,45.30118737,2014-02-08,12:37,01 - Clear,01 - Dry,10 - No control,01 - Non intersection,01 - Daylight,03 - P.D. only,03 - Rear end,Greenbelt
4060,BRUYERE ST @ KING EDWARD AVE,368141.21,5033040.86,-75.69043321,45.43443141,2014-02-09,10:45,01 - Clear,01 - Dry,02 - Stop sign,02 - Intersection related,01 - Daylight,03 - P.D. only,04 - Sideswipe,Lower Town
4061,MERIVALE RD @ 170 N OF HUNTCLUB RD/COSTCO/CANA,365545.4289,5022105.134,-75.72495271,45.33626435,2014-02-10,18:45,01 - Clear,06 - Ice,01 - Traffic signal,02 - Intersection related,07 - Dark,03 - P.D. only,04 - Sideswipe,Tanglewood
4062,MURRAY ST @ SUSSEX DR,367706.1073,5032391.654,-75.69607666,45.42862935,2014-02-10,20:29,01 - Clear,01 - Dry,01 - Traffic signal,03 - At intersection,07 - Dark,03 - P.D. only,02 - Angle,Byward Market - Parliament Hill
4063,PARKDALE AVE @ SCOTT ST,364949.7036,5029727.827,-75.73162466,45.40490337,2014-02-11,6:48,01 - Clear,01 - Dry,01 - Traffic signal,03 - At intersection,03 - Dawn,03 - P.D. only,05 - Turning movement,Mechanicsville
4064,AVIATION PKWY @ OGILVIE RD,373110.2072,5032377.853,-75.62702336,45.42799825,2014-02-11,6:55,01 - Clear,01 - Dry,01 - Traffic signal,03 - At intersection,03 - Dawn,03 - P.D. only,05 - Turning movement,Industrial Park
4065,GREENBANK RD @ LISA AVE,360553.2533,5022891.596,-75.7885538,45.34375537,2014-01-29,7:53,01 - Clear,06 - Ice,01 - Traffic signal,02 - Intersection related,03 - Dawn,03 - P.D. only,03 - Rear end,Iris
4066,LEWIS ST @ METCALFE ST,368121.726,5030923.322,-75.69095442,45.41538029,2014-01-29,10:00,01 - Clear,03 - Loose snow,02 - Stop sign,03 - At intersection,01 - Daylight,03 - P.D. only,05 - Turning movement,Centretown
4067,RICHMOND RD btwn STINSON AVE & STAFFORD RD,357982.1535,5020997.67,-75.8215638,45.32691335,2014-02-12,13:15,01 - Clear,01 - Dry,10 - No control,04 - At/near private drive,01 - Daylight,03 - P.D. only,02 - Angle,Bells Corners East
4068,LISGAR ST btwn BANK ST & O'CONNOR ST,367616.5621,5031070.256,-75.69738941,45.41674789,2014-02-12,13:19,01 - Clear,01 - Dry,10 - No control,01 - Non intersection,01 - Daylight,03 - P.D. only,99 - Other,Centretown
4069,MACARA CRES btwn MARCONI AVE & END,350110.0719,5024352.77,-75.9216738,45.35765563,2014-02-13,8:34,01 - Clear,05 - Packed snow,10 - No control,01 - Non intersection,01 - Daylight,03 - P.D. only,06 - SMV unattended vehicle,South March
4070,HUNT CLUB RD @ LORRY GREENBERG DR/SABLE RIDGE ,372823.2648,5024807.505,-75.63173369,45.35991151,2014-02-13,8:48,01 - Clear,01 - Dry,01 - Traffic signal,02 - Intersection related,01 - Daylight,03 - P.D. only,03 - Rear end,Greenboro East
4071,MERIVALE RD @ WOODFIELD DR/ROYDON PL,365461.7478,5022301.731,-75.7259962,45.33804055,2014-01-31,12:15,01 - Clear,01 - Dry,01 - Traffic signal,02 - Intersection related,01 - Daylight,03 - P.D. only,99 - Other,Tanglewood
4072,"MONTREAL RD btwn MONTREAL RD & EGLISE, RUE DE L",371090.4058,5033600.878,-75.65266804,45.43919684,2014-01-31,13:18,01 - Clear,01 - Dry,10 - No control,04 - At/near private drive,01 - Daylight,03 - P.D. only,02 - Angle,Vanier South
4073,ERINDALE DR btwn FORLAN DR & AINSLEY DR,363787.1893,5024703.937,-75.74707405,45.35979813,2014-02-01,18:15,03 - Snow,03 - Loose snow,10 - No control,01 - Non intersection,05 - Dusk,03 - P.D. only,06 - SMV unattended vehicle,Braemar Park - Bel Air Heights - Copeland Park
4074,KIRKWOOD AVE @ SWITZER AVE,364234.3195,5027587.252,-75.74102032,45.38570399,2014-02-02,12:58,01 - Clear,01 - Dry,01 - Traffic signal,03 - At intersection,01 - Daylight,03 - P.D. only,02 - Angle,Westboro
4075,LISGAR ST btwn ALLENDALE PRIV & BANK ST,367559.9344,5031037.429,-75.69811705,45.41645761,2014-02-01,22:00,03 - Snow,03 - Loose snow,10 - No control,04 - At/near private drive,07 - Dark,03 - P.D. only,02 - Angle,Centretown
4076,THURSTON DR btwn CONROY RD & THOMAS SPRATT PL,373529.5164,5026958.519,-75.62242071,45.37919656,2014-02-04,10:19,01 - Clear,01 - Dry,10 - No control,04 - At/near private drive,01 - Daylight,03 - P.D. only,05 - Turning movement,Industrial Park
4077,MONTREAL RD btwn PALACE ST & VANIER PKWY,370047.5913,5033053.27,-75.66606858,45.43436779,2014-02-04,12:51,01 - Clear,01 - Dry,10 - No control,04 - At/near private drive,01 - Daylight,03 - P.D. only,05 - Turning movement,Vanier
4078,KENWOOD AVE btwn EDISON AVE & CHURCHILL AVE N,363337.7396,5027910.152,-75.75243041,45.3886849,2014-02-04,19:20,01 - Clear,03 - Loose snow,10 - No control,01 - Non intersection,07 - Dark,03 - P.D. only,06 - SMV unattended vehicle,Westboro
4079,CARLING AVE @ 640 W OF RANGE RD/D.N.D. ENTRANC,353356.4599,5022979.081,-75.88037498,45.34507767,2014-01-27,13:09,01 - Clear,04 - Slush,01 - Traffic signal,02 - Intersection related,01 - Daylight,03 - P.D. only,07 - SMV other,Greenbelt
4080,CREEKVIEW WAY btwn FINDLAY CREEK DR & GRACEWOOD CRES,374541.0641,5019721.675,-75.61052665,45.31398244,2014-01-10,20:00,01 - Clear,06 - Ice,10 - No control,01 - Non intersection,07 - Dark,03 - P.D. only,01 - Approaching,Greenbelt
4081,GLADSTONE AVE @ ROCHESTER ST,366665.0677,5029786.618,-75.70970663,45.40528285,2014-02-06,12:00,01 - Clear,02 - Wet,01 - Traffic signal,02 - Intersection related,01 - Daylight,03 - P.D. only,03 - Rear end,Centretown West
4082,HAIG DR @ SMYTH RD,372565.7388,5029299.309,-75.63440393,45.40035189,2014-02-06,10:50,01 - Clear,02 - Wet,01 - Traffic signal,03 - At intersection,01 - Daylight,03 - P.D. only,05 - Turning movement,Elmvale - Eastway - Riverview - Riverview Park West
4083,HUTCHISON AVE btwn PARKDALE AVE & MACFARLANE AVE,365534.4557,5028550.781,-75.72430043,45.39426209,2014-02-06,0:00,01 - Clear,05 - Packed snow,10 - No control,01 - Non intersection,00 - Unknown,03 - P.D. only,06 - SMV unattended vehicle,Civic Hospital - Experimental Farm - Central Park
4084,CORAL AVE btwn BARLYN AVE & WILLETH AVE,365819.5503,5025460.162,-75.72104152,45.36642856,2014-02-07,13:40,01 - Clear,01 - Dry,10 - No control,01 - Non intersection,01 - Daylight,03 - P.D. only,06 - SMV unattended vehicle,Cityview - Skyline - Fisher Heights
4085,CONOVER ST @ CRAIG HENRY DR,361895.6651,5021625.741,-75.77157123,45.33225728,2014-01-24,8:49,01 - Clear,01 - Dry,02 - Stop sign,03 - At intersection,01 - Daylight,03 - P.D. only,05 - Turning movement,Woodvale - Craig Henry - Manordale - Estates of Arlington Wo
4086,PARKDALE AVE @ GLADSTONE AVE,365216.1947,5029119.829,-75.72829519,45.39940979,2014-01-24,11:30,01 - Clear,01 - Dry,01 - Traffic signal,03 - At intersection,01 - Daylight,03 - P.D. only,02 - Angle,Civi
4087,FROBISHER LANE W @ RIVERSIDE DR,370119.189,5029602.174,-75.66561108,45.40330949,2014-02-08,12:41,01 - Clear,01 - Dry,01 - Traffic signal,02 - Intersection related,01 - Daylight,03 - P.D. only,04 - Sideswipe,Industrial Park
4088,GRAMMERCY PK btwn NIKI WAY & WHITESTONE DR,364504.5157,5025392.995,-75.73783549,45.36593745,2014-02-09,12:21,01 - Clear,02 - Wet,10 - No control,04 - At/near private drive,01 - Daylight,03 - P.D. only,99 - Other,Civic Hospital - Experimental Farm - Central Park
4089,MAITLAND AVE/GLENMOUNT AVE @ ERINDALE DR,363697.6389,5025210.898,-75.74815657,45.36436723,2014-02-09,16:04,01 - Clear,01 - Dry,01 - Traffic signal,02 - Intersection related,01 - Daylight,03 - P.D. only,04 - Sideswipe,Braemar Park - Bel Air Heights - Copeland Park
4090,HUNTMAR DR btwn BRADLEY SIDE RD & RICHARDSON SIDE RD,348106.1772,5019099.826,-75.94770942,45.31051482,2014-02-10,21:25,01 - Clear,01 - Dry,10 - No control,01 - Non intersection,07 - Dark,03 - P.D. only,07 - SMV other,Kanata Lakes - Marchwood Lakeside - Morgan's Grant - Kanata
4091,WALKLEY RD @ 160 W OF CONROY RD ,372769.1943,5027384.156,-75.63206923,45.38310044,2014-02-11,7:22,01 - Clear,01 - Dry,01 - Traffic signal,02 - Intersection related,01 - Daylight,03 - P.D. only,03 - Rear end,Elmvale - Eastway - Riverview - Riverview Park West
4092,BYRON AVE @ HOLLAND AVE,365013.6864,5028959.316,-75.73090122,45.39798298,2014-02-02,2:52,03 - Snow,03 - Loose snow,02 - Stop sign,03 - At intersection,07 - Dark,03 - P.D. only,02 - Angle,Island Park
4093,RIVERSIDE DR @ HERON RD,368120.631,5026649.117,-75.69151704,45.37692237,2014-02-05,15:18,03 - Snow,04 - Slush,01 - Traffic signal,02 - Intersection related,01 - Daylight,03 - P.D. only,99 - Other,Riverside Park
4094,HIGHWAY 417 btwn HWY417 IC117 RAMP61 & HWY417 IC115 RAMP36,372014.689,5031472.63,-75.64114556,45.41995961,2014-02-12,13:15,01 - Clear,01 - Dry,10 - No control,01 - Non intersection,01 - Daylight,03 - P.D. only,04 - Sideswipe,Overbrook
4095,MONTREAL RD @ PALACE ST,369954.481,5032998.586,-75.66726573,45.43388444,2014-01-09,15:15,01 - Clear,04 - Slush,10 - No control,03 - At intersection,01 - Daylight,03 - P.D. only,03 - Rear end,Vanier South
4096,PRINCE OF WALES DR @ WEST HUNT CLUB RD,367461.08,5021891.503,-75.70054044,45.33417368,2014-01-31,19:24,01 - Clear,01 - Dry,01 - Traffic signal,03 - At intersection,07 - Dark,03 - P.D. only,04 - Sideswipe,Industrial Park
4097,DUNROBIN RD btwn DUNROBIN RD & MURPHY SIDE RD,343454.2448,5030185.065,-76.00616692,45.41053482,2014-01-31,0:30,01 - Clear,02 - Wet,08 - Traffic gate,05 - At railway crossing,07 - Dark,03 - P.D. only,99 - Other,Carp - Hardwood Plains
4098,INNES RD @ TENTH LINE RD,383952.2673,5036159.814,-75.48787815,45.46088211,2014-02-01,22:05,03 - Snow,03 - Loose snow,01 - Traffic signal,02 - Intersection related,07 - Dark,03 - P.D. only,03 - Rear end,Queenswood Heights
4099,FIRST AVE btwn BANK ST & O'CONNOR ST,368424.2271,5029793.573,-75.68723565,45.40518775,2014-02-02,15:31,03 - Snow,05 - Packed snow,10 - No control,01 - Non intersection,00 - Unknown,03 - P.D. only,06 - SMV unattended vehicle,The Glebe
4100,ROBERTSON RD btwn WESTCLIFFE RD & FITZGERALD RD,356571.159,5020156.465,-75.83965035,45.31944958,2014-02-01,5:45,03 - Snow,05 - Packed snow,10 - No control,04 - At/near private drive,07 - Dark,03 - P.D. only,03 - Rear end,Bells Corners West
4101,JERSEY TEA CIRC btwn NORTH BLUFF DR & NORTH BLUFF DR,369469.8838,5015898.983,-75.67569571,45.28007188,2014-02-02,23:12,01 - Clear,05 - Packed snow,10 - No control,01 - Non intersection,07 - Dark,03 - P.D. only,06 - SMV unattended vehicle,Gloucester
4102,SPRUCE RIDGE RD btwn RICHARDSON SIDE RD & HAZELDEAN RD,343878.5107,5013636.957,-76.00205363,45.26160554,2014-02-04,14:18,01 - Clear,05 - Packed snow,10 - No control,01 - Non intersection,01 - Daylight,03 - P.D. only,07 - SMV other,Stittsville - Basswood
4103,CUMBERLAND ST btwn CATHCART ST & BRUYERE ST,367958.8408,5033030.016,-75.69276523,45.43435033,2014-02-03,0:00,01 - Clear,05 - Packed snow,10 - No control,01 - Non intersection,00 - Unknown,03 - P.D. only,06 - SMV unattended vehicle,Lower Town
4104,O'CONNOR ST @ SOMERSET ST,367856.2171,5031013.841,-75.69433484,45.41621873,2014-01-28,8:34,01 - Clear,04 - Slush,01 - Traffic signal,03 - At intersection,01 - Daylight,03 - P.D. only,05 - Turning movement,Centretown
4105,RICHMOND RD @ STINSON AVE,357872.6716,5020927.079,-75.82296791,45.32628645,2014-01-28,16:08,01 - Clear,06 - Ice,01 - Traffic signal,02 - Intersection related,01 - Daylight,03 - P.D. only,02 - Angle,Bells Corners East
4106,ST. LAURENT BLVD btwn COVENTRY RD & LEMIEUX ST,372388.1759,5031754.478,-75.6363351,45.42245956,2014-02-06,12:07,01 - Clear,01 - Dry,10 - No control,01 - Non intersection,01 - Daylight,03 - P.D. only,03 - Rear end,Overbrook
4107,BOLTON ST btwn SUSSEX DR & PARENT AVE,367482.7846,5032851.96,-75.69887179,45.43279108,2014-02-06,13:11,01 - Clear,01 - Dry,10 - No control,01 - Non intersection,01 - Daylight,03 - P.D. only,06 - SMV unattended vehicle,Lower Town
4108,MONTREAL RD btwn STE. ANNE ST & MONA AVE,370748.2732,5033436.104,-75.65706282,45.43774663,2014-02-07,17:30,01 - Clear,02 - Wet,10 - No control,01 - Non intersection,05 - Dusk,03 - P.D. only,04 - Sideswipe,Vanier South
4109,HUNT CLUB RD @ LINDBERGH PRIV,368365.2689,5022132.989,-75.68897451,45.33626519,2014-02-07,18:30,05 - Drifting Snow,03 - Loose snow,02 - Stop sign,02 - Intersection related,07 - Dark,03 - P.D. only,02 - Angle,Hunt Club - Ottawa Airport
4110,FRANK KENNY RD @ WALL RD,388923.7893,5035187.794,-75.4244844,45.451556,2014-01-25,8:07,03 - Snow,03 - Loose snow,02 - Stop sign,03 - At intersection,01 - Daylight,03 - P.D. only,03 - Rear end,Navan - Vars
4111,MARIER AVE @ MONTREAL RD,370419.7083,5033261.338,-75.66128532,45.43620507,2014-01-25,19:12,05 - Drifting Snow,03 - Loose snow,01 - Traffic signal,03 - At intersection,07 - Dark,03 - P.D. only,05 - Turning movement,Vanier South
4112,CUMMINGS AVE @ MONTREAL RD,372007.7077,5034041.347,-75.64088415,45.44307239,2014-02-08,12:43,01 - Clear,01 - Dry,01 - Traffic signal,03 - At intersection,01 - Daylight,03 - P.D. only,02 - Angle,Cummings
4113,TENTH LINE RD btwn INNES RD & VANGUARD DR,383954.2952,5036153.731,-75.4878532,45.46082715,2014-02-08,12:05,01 - Clear,01 - Dry,10 - No control,01 - Non intersection,01 - Daylight,03 - P.D. only,04 - Sideswipe,Queenswood Heights
4114,KIMBERWICK CRES S @ RIVERSIDE DR,368148.2164,5022530.748,-75.69169267,45.33986378,2014-02-09,20:11,03 - Snow,02 - Wet,02 - Stop sign,02 - Intersection related,07 - Dark,03 - P.D. only,02 - Angle,Hunt Club Woods - Quintarra - Revelstoke - Riverside South P
4115,MARSH SPARROW PRIV btwn Continuation of MARSH SPARROW PRIV & END,351477.9445,5022878.262,-75.90435475,45.34429801,2014-01-04,13:55,01 - Clear,02 - Wet,10 - No control,01 - Non intersection,01 - Daylight,03 - P.D. only,06 - SMV unattended vehicle,South March
4116,HIGHWAY 417 btwn HWY417 IC155 RAMP61 & HWY417 IC145 RAMP56,342935.7338,5017030.345,-76.01380555,45.29219256,2014-04-13,22:02,01 - Clear,04 - Slush,10 - No control,01 - Non intersection,07 - Dark,03 - P.D. only,07 - SMV other,Carp - Hardwood Plains
4117,HUNT CLUB RD @ UPLANDS DR,370159.0969,5023118.649,-75.66595936,45.3449691,2014-02-05,16:20,03 - Snow,04 - Slush,01 - Traffic signal,02 - Intersection related,01 - Daylight,03 - P.D. only,04 - Sideswipe,Hunt Club East - Western Community
4118,FISHER AVE @ MEADOWLANDS DR,366574.591,5025045.446,-75.71145564,45.3626309,2014-02-12,8:45,01 - Clear,01 - Dry,01 - Traffic signal,02 - Intersection related,01 - Daylight,03 - P.D. only,03 - Rear end,Carleton Heights - Rideauview
4119,CARLINGWOOD SC @ WOODROFFE AVE,361846.6532,5026036.783,-75.77168756,45.37195156,2014-02-12,14:26,01 - Clear,01 - Dry,01 - Traffic signal,02 - Intersection related,01 - Daylight,03 - P.D. only,03 - Rear end,Carlingwood West - Glabar Park - McKellar Heights
4120,VANIER PKWY NB btwn RIVERSIDE DR & HWY417 IC117 RAMP26,370813.5477,5031203.52,-75.65652784,45.41765263,2014-01-22,8:37,01 - Clear,02 - Wet,10 - No control,07 - Overpass or bridge,01 - Daylight,03 - P.D. only,03 - Rear end,Industrial Park
4121,HUNTMAR DR btwn OLD CARP RD & BRADLEY SIDE RD,345267.492,5022309.713,-75.98364776,45.33956781,2014-01-22,9:40,01 - Clear,01 - Dry,10 - No control,01 - Non intersection,01 - Daylight,03 - P.D. only,06 - SMV unattended vehicle,Stittsville - Basswood
4122,MONTREAL RD btwn MONTREAL SQUARE SC & CENTER ST,371791.7221,5033938.067,-75.64365884,45.44216385,2014-02-01,8:51,01 - Clear,02 - Wet,10 - No control,04 - At/near private drive,01 - Daylight,03 - P.D. only,02 - Angle,Cummings
4123,RIVERSIDE DR @ SMYTH RD NORTH SIDE RAMP,369936.1442,5029317.693,-75.66798662,45.40076689,2014-02-01,23:25,03 - Snow,03 - Loose snow,01 - Traffic signal,03 - At intersection,07 - Dark,03 - P.D. only,05 - Turning movement,Industrial Park
4124,POULIN AVE @ REGINA ST,360165.2046,5025263.571,-75.79323954,45.36512909,2014-02-03,7:42,01 - Clear,01 - Dry,02 - Stop sign,02 - Intersection related,01 - Daylight,03 - P.D. only,02 - Angle,Woodroffe - Lincoln Heights
4125,QUEENSDALE AVE btwn EIGHTH ST & CONROY RD,374085.5792,5023892.575,-75.61575133,45.35155573,2014-02-02,0:00,01 - Clear,03 - Loose snow,10 - No control,01 - Non intersection,00 - Unknown,03 - P.D. only,06 - SMV unattended vehicle,Blossom Park - Blossom Park West - Sawmill Creek/ Timbermill
4126,LAURIER AVE @ NICHOLAS ST,368372.2152,5031798.27,-75.68764142,45.42323006,2014-02-04,15:32,01 - Clear,01 - Dry,01 - Traffic signal,03 - At intersection,01 - Daylight,03 - P.D. only,04 - Sideswipe,Sandy Hill
4127,DONALD ST @ NORTH RIVER RD,369967.243,5032232.582,-75.66720401,45.42699106,2014-02-04,16:03,01 - Clear,02 - Wet,02 - Stop sign,03 - At intersection,01 - Daylight,03 - P.D. only,02 - Angle,Overbrook
4128,FALLOWFIELD RD @ TRANSITWAY/VIARAIL,364467.657,5017549.206,-75.73925145,45.2953629,2014-08-11,12:21,01 - Clear,01 - Dry,01 - Traffic signal,02 - Intersection related,01 - Daylight,03 - P.D. only,03 - Rear end,New Barrhaven
4129,RICHMOND RD @ STINSON AVE,357873.6604,5020929.241,-75.82295506,45.32630583,2014-01-31,15:15,01 - Clear,02 - Wet,01 - Traffic signal,02 - Intersection related,01 - Daylight,03 - P.D. only,03 - Rear end,Bells Corners East
4130,JAMES ST @ LYON ST,367498.1321,5030503.513,-75.69897454,45.41165914,2014-02-06,13:42,01 - Clear,03 - Loose snow,01 - Traffic signal,02 - Intersection related,01 - Daylight,03 - P.D. only,03 - Rear end,Centretown
4131,MARCH RD @ TERRY FOX DR,349864.1016,5023399.762,-75.9249,45.34909612,2014-02-06,13:54,01 - Clear,01 - Dry,01 - Traffic signal,02 - Intersection related,01 - Daylight,03 - P.D. only,03 - Rear end,South March
4132,MONTREAL RD btwn PALACE ST & VANIER PKWY,370047.1074,5033049.396,-75.66607527,45.43433297,2014-02-07,20:35,"07 - Fog, mist, smoke, dust",02 - Wet,10 - No control,04 - At/near private drive,07 - Dark,03 - P.D. only,02 - Angle,Vanier South
4133,KENT ST @ SOMERSET ST,367528.123,5030813.669,-75.69855194,45.41444714,2014-01-25,19:20,03 - Snow,03 - Loose snow,01 - Traffic signal,03 - At intersection,07 - Dark,03 - P.D. only,05 - Turning movement,Centretown
4134,BANK ST @ WALKLEY RD,370338.3259,5025947.735,-75.66329739,45.37040764,2014-01-25,19:19,03 - Snow,03 - Loose snow,01 - Traffic signal,03 - At intersection,07 - Dark,03 - P.D. only,05 - Turning movement,Ledbury - Heron Gate - Ridgemont - Elmwood
4135,BELMEADE RD btwn 4TH LINE RD & 5TH LINE RD,382994.1161,4998527.344,-75.50606059,45.1223956,2014-02-07,18:00,01 - Clear,05 - Packed snow,10 - No control,01 - Non intersection,07 - Dark,03 - P.D. only,07 - SMV other,Kars - Osgoode
4136,ALLBIRCH RD @ CONSTANCE BAY RD,337866.0122,5038297.514,-76.07701286,45.4838192,2014-02-08,14:37,01 - Clear,01 - Dry,02 - Stop sign,03 - At intersection,01 - Daylight,03 - P.D. only,02 - Angle,Constanc
4137,MONTREAL RD btwn NORTH RIVER RD & MONTGOMERY ST,369769.0992,5032899.549,-75.6696479,45.4330106,2014-02-09,22:00,03 - Snow,03 - Loose snow,10 - No control,04 - At/near private drive,07 - Dark,03 - P.D. only,05 - Turning movement,Vanier South
4138,WESSEX RD btwn AMHERST CRES & GLACIER ST,363407.6816,5015089.225,-75.75305527,45.27331718,2014-02-09,22:50,01 - Clear,03 - Loose snow,10 - No control,01 - Non intersection,07 - Dark,03 - P.D. only,06 - SMV unattended vehicle,Barrhaven West - Old Barrhaven
4139,GREENBANK RD @ WEST HUNT CLUB RD,361480.1509,5020502.479,-75.77700055,45.32218386,2014-01-25,18:49,03 - Snow,05 - Packed snow,01 - Traffic signal,02 - Intersection related,07 - Dark,03 - P.D. only,03 - Rear end,Greenbelt
4140,NAVY PRIV @ PRINCE OF WALES DR,366839.4194,5028678.597,-75.70761897,45.39529775,2014-11-24,11:55,01 - Clear,01 - Dry,02 - Stop sign,02 - Intersection related,01 - Daylight,03 - P.D. only,05 - Turning movement,The Glebe
4141,BELFAST RD @ ST. LAURENT BLVD,372859.3023,5030575.718,-75.63047839,45.41180796,2014-02-06,12:16,01 - Clear,02 - Wet,01 - Traffic signal,03 - At intersection,01 - Daylight,03 - P.D. only,03 - Rear end,Industrial Park
4142,BLOHM DR btwn JOHNSTON RD & SAI CRES,374696.6624,5026521.868,-75.6075815,45.37515231,2014-02-12,14:50,01 - Clear,01 - Dry,10 - No control,04 - At/near private drive,01 - Daylight,03 - P.D. only,04 - Sideswipe,Industrial Park
4143,ARROWGRASS WAY btwn MONTMERE AVE & LINARIA WALK,386552.1818,5036336.441,-75.4546091,45.46217183,2014-02-12,9:00,01 - Clear,01 - Dry,10 - No control,04 - At/near private drive,01 - Daylight,03 - P.D. only,06 - SMV unattended vehicle,Notting Hill
4144,ARLINGTON AVE @ KENT ST,367869.2165,5030257.824,-75.69426551,45.40941516,2014-01-22,14:45,01 - Clear,01 - Dry,01 - Traffic signal,02 - Intersection related,01 - Daylight,03 - P.D. only,04 - Sideswipe,Centretown
4145,GREENBANK RD @ MONTEREY DR,360655.1039,5022449.654,-75.78730412,45.33977068,2014-01-23,7:57,03 - Snow,06 - Ice,02 - Stop sign,02 - Intersection related,01 - Daylight,03 - P.D. only,02 - Angle,Briar Green - Leslie Park
4146,DALHOUSIE ST btwn GEORGE ST & RIDEAU ST,368180.3795,5032275.783,-75.6900311,45.42754397,2014-02-01,11:40,01 - Clear,01 - Dry,10 - No control,04 - At/near private drive,01 - Daylight,03 - P.D. only,02 - Angle,Byward Market
4147,EAGLESON RD btwn KATIMAVIK RD & KAKULU RD,353252.1399,5019477.003,-75.88204889,45.31357255,2014-02-02,9:01,01 - Clear,04 - Slush,10 - No control,04 - At/near private drive,01 - Daylight,03 - P.D. only,02 - Angle,Greenbelt
4148,BAY ST @ WELLINGTON ST,366814.2241,5031351.567,-75.70760452,45.41935062,2014-02-02,15:55,01 - Clear,02 - Wet,01 - Traffic signal,03 - At intersection,01 - Daylight,03 - P.D. only,02 - Angle,Downtown
4149,ST. LAURENT BLVD btwn INDUSTRIAL AVE & BOURASSA ST,373108.1954,5029972.344,-75.62738252,45.40635483,2014-02-03,9:58,01 - Clear,02 - Wet,10 - No control,04 - At/near private drive,01 - Daylight,03 - P.D. only,05 - Turning movement,Industrial Park
4150,BRIDGE ST/MAPLE AVE @ MANOTICK MAIN ST,368700.7082,5009932.717,-75.68626595,45.22645826,2014-02-03,10:07,01 - Clear,01 - Dry,01 - Traffic signal,03 - At intersection,01 - Daylight,03 - P.D. only,05 - Turning movement,Manotick
4151,FERNSIDE ST @ ROTARY WAY,376304.6301,5021153.482,-75.58783035,45.32668786,2014-02-28,22:30,01 - Clear,03 - Loose snow,,02 - Intersection related,07 - Dark,03 - P.D. only,07 - SMV other,Greenbelt
4152,FINDLAY CREEK DR @ NETLEY CIR E,375298.8,5019968.478,-75.6008286,45.31612741,2014-01-06,4:00,04 - Freezing Rain,06 - Ice,02 - Stop sign,02 - Intersection related,07 - Dark,03 - P.D. only,07 - SMV other,Greenbelt
4153,FISHER AVE btwn 220 S OF TRENT ST & MCCOOEY LANE,365914.1629,5026608.287,-75.71969178,45.37675092,2014-02-05,17:30,01 - Clear,04 - Slush,10 - No control,01 - Non intersection,05 - Dusk,03 - P.D. only,03 - Rear end,Civic Hospital - Experimental Farm - Central Park
4154,LYON ST @ WELLINGTON ST,366935.778,5031426.926,-75.706042,45.42001789,2014-02-01,9:45,01 - Clear,02 - Wet,01 - Traffic signal,02 - Intersection related,01 - Daylight,03 - P.D. only,03 - Rear end,Downtown
4155,WOODROFFE AVE @ KNOXDALE RD/MEDHURST DR,363420.7038,5021826.234,-75.75209263,45.33393556,2014-02-01,16:58,03 - Snow,05 - Packed snow,01 - Traffic signal,03 - At intersection,01 - Daylight,03 - P.D. only,05 - Turning movement,Woodvale - Craig Henry - Manordale - Estates of Arlington Wo
4156,MONTREAL RD @ VANIER PKWY,370074.1316,5033065.592,-75.66572777,45.43447618,2014-02-06,14:12,01 - Clear,01 - Dry,01 - Traffic signal,02 - Intersection related,01 - Daylight,03 - P.D. only,02 - Angle,Vanier
4157,BANK ST btwn SUNNYSIDE AVE & HOPEWELL AVE,368752.8992,5028541.809,-75.68319978,45.39389483,2014-01-26,0:00,03 - Snow,04 - Slush,10 - No control,01 - Non intersection,00 - Unknown,03 - P.D. only,06 - SMV unattended vehicle,Old Ottawa South
4158,BAYVIEW RD @ SCOTT ST/ALBERT ST,365520.0509,5030071.311,-75.72429719,45.40794471,2014-02-07,20:40,01 - Clear,01 - Dry,01 - Traffic signal,03 - At intersection,07 - Dark,03 - P.D. only,02 - Angle,Mechanicsville