Record,Location,X,Y,lon,lat,Date,Time,Environment,Road_Surface,Traffic_Control,Collision_Location,Light,Collision_Classification,Impact_type,Neighborhood
4159,ST. JOSEPH BLVD @ REGIONAL RD 174/TRANSITWAY,376556.477,5035056.393,-75.58259647,45.45175301,2014-02-07,21:11,01 - Clear,01 - Dry,01 - Traffic signal,02 - Intersection related,07 - Dark,03 - P.D. only,03 - Rear end,Greenbelt
4160,HUNT CLUB RD @ RIVERSIDE DR,368036.196,5021945.752,-75.69319663,45.33461021,2014-01-26,14:34,01 - Clear,02 - Wet,01 - Traffic signal,02 - Intersection related,01 - Daylight,03 - P.D. only,03 - Rear end,Hunt Club Woods - Quintarra - Revelstoke - Riverside South P
4161,ST. LAURENT BLVD btwn INDUSTRIAL AVE & BOURASSA ST,373142.7216,5029898.352,-75.62695176,45.40568572,2014-01-30,17:13,01 - Clear,02 - Wet,10 - No control,01 - Non intersection,05 - Dusk,03 - P.D. only,03 - Rear end,Industrial Park
4162,PRINCE OF WALES DR @ WATERBRIDGE DR,367314.6553,5015944.305,-75.70315856,45.28067464,2014-02-08,13:30,01 - Clear,01 - Dry,01 - Traffic signal,02 - Intersection related,01 - Daylight,03 - P.D. only,03 - Rear end,Greenbelt
4163,HWY 417 ST.LAURE IC115R36 @ ST. LAURENT BLVD,372393.042,5031734.529,-75.63627566,45.4222796,2014-02-08,13:30,01 - Clear,01 - Dry,10 - No control,02 - Intersection related,01 - Daylight,03 - P.D. only,04 - Sideswipe,Overbrook
4164,FRANKTOWN RD btwn STARLIGHT PL & SILVER FOX WAY,346604.0641,4997132.943,-75.96870889,45.1129368,2014-02-10,7:27,01 - Clear,04 - Slush,07 - School bus,01 - Non intersection,01 - Daylight,03 - P.D. only,03 - Rear end,Munster Hamlet - Richmond
4165,WOODROFFE AVE NB btwn SPORTSPLEX N & TRANSIT,363781.2858,5021026.668,-75.74758784,45.32671091,2014-02-10,7:44,01 - Clear,04 - Slush,10 - No control,01 - Non intersection,01 - Daylight,03 - P.D. only,04 - Sideswipe,Merivale Gardens - Grenfell Glen - Pineglen - Country Place
4166,BASELINE RD @ LOBLAWS SC,364742.3691,5025130.796,-75.73483122,45.36355793,2014-01-29,19:33,01 - Clear,02 - Wet,01 - Traffic signal,03 - At intersection,07 - Dark,03 - P.D. only,02 - Angle,Civic Hospital - Experimental Farm - Central Park
4167,QUEEN ELIZABETH DRWY @ QUEEN ELIZABETH PL,368583.4421,5028844.966,-75.68532465,45.39663799,2014-12-09,9:10,01 - Clear,01 - Dry,02 - Stop sign,03 - At intersection,01 - Daylight,03 - P.D. only,02 - Angle,The Glebe
4168,GREENBANK RD @ BERRIGAN DR/WESSEX RD,363724.1556,5015275.477,-75.7490001,45.27496663,2014-02-10,15:04,01 - Clear,01 - Dry,01 - Traffic signal,02 - Intersection related,01 - Daylight,03 - P.D. only,02 - Angle,New Barrhaven
4169,GREENBANK RD @ STRANDHERD DR,363935.1057,5014781.574,-75.74637056,45.27050478,2014-02-11,12:35,01 - Clear,02 - Wet,01 - Traffic signal,03 - At intersection,01 - Daylight,03 - P.D. only,04 - Sideswipe,New Barrhaven
4170,THORNBURY CRES btwn HEMMINGWOOD WAY E & REDDING WAY,362226.0117,5023228.524,-75.76717098,45.34665208,2014-02-11,14:15,01 - Clear,01 - Dry,10 - No control,04 - At/near private drive,01 - Daylight,03 - P.D. only,99 - Other,Centrepointe
4171,CEDARVIEW RD @ FALLOWFIELD RD,361295.1411,5015665.39,-75.77991148,45.27867446,2014-02-11,17:00,01 - Clear,01 - Dry,01 - Traffic signal,02 - Intersection related,01 - Daylight,03 - P.D. only,04 - Sideswipe,Munster Hamlet - Richmond
4172,BASELINE RD @ WOODROFFE AVE,362549.1832,5023770.758,-75.76298392,45.35150453,2014-01-27,11:20,03 - Snow,03 - Loose snow,01 - Traffic signal,03 - At intersection,01 - Daylight,03 - P.D. only,02 - Angle,Iris
4173,HAMLET RD @ OTHELLO AVE,373262.7307,5029289.308,-75.62550343,45.40019409,2014-02-01,12:20,01 - Clear,02 - Wet,03 - Yield sign,03 - At intersection,01 - Daylight,03 - P.D. only,02 - Angle,Elmvale - Eastway - Riverview - Riverview Park West
4174,BANK ST btwn AYLMER AVE & EUCLID AVE,368698.657,5028662.774,-75.68387682,45.39498818,2014-02-01,12:30,03 - Snow,02 - Wet,10 - No control,04 - At/near private drive,01 - Daylight,03 - P.D. only,05 - Turning movement,Old Ottawa South
4175,JOCKVALE RD @ CAMBRIAN RD/GOLFLINKS DR W,365383.1647,5013222.469,-75.72810801,45.25635271,2014-02-02,17:45,01 - Clear,02 - Wet,11 - Roundabout,03 - At intersection,07 - Dark,03 - P.D. only,04 - Sideswipe,New Barrhaven
4176,HUNT CLUB RD @ LORRY GREENBERG DR/SABLE RIDGE ,372822.2178,5024808.265,-75.63174695,45.35991845,2014-02-02,17:46,01 - Clear,02 - Wet,01 - Traffic signal,03 - At intersection,07 - Dark,03 - P.D. only,05 - Turning movement,Greenboro East
4177,GREENBANK RD @ WEST HUNT CLUB RD,361480.1509,5020500.583,-75.77700076,45.3221668,2014-02-03,8:25,01 - Clear,02 - Wet,01 - Traffic signal,02 - Intersection related,01 - Daylight,03 - P.D. only,03 - Rear end,Greenbelt
4178,KING EDWARD AVE @ LAURIER AVE,368740.1811,5032033.635,-75.68290929,45.42531426,2014-02-03,10:55,01 - Clear,02 - Wet,01 - Traffic signal,02 - Intersection related,01 - Daylight,03 - P.D. only,03 - Rear end,Sandy Hill
4179,RIVERSIDE DR NB btwn INDUSTRIAL AVE & TREMBLAY RD,370697.5148,5030632.364,-75.65808663,45.41252454,2014-02-04,17:24,01 - Clear,01 - Dry,10 - No control,01 - Non intersection,07 - Dark,03 - P.D. only,03 - Rear end,Industrial Park
4180,DONALD ST btwn OKEE ST & ALESTHER ST,371897.0304,5032451.732,-75.64251544,45.42878042,2014-02-04,16:30,01 - Clear,01 - Dry,10 - No control,01 - Non intersection,01 - Daylight,03 - P.D. only,04 - Sideswipe,Castle Heights
4181,WOODROFFE AVE @ QUEENSBURY DR/RIDEAUCREST DR,365729.1233,5016327.498,-75.72331957,45.2842618,2014-02-05,18:51,01 - Clear,02 - Wet,01 - Traffic signal,02 - Intersection related,07 - Dark,03 - P.D. only,03 - Rear end,Chapman Mills - Rideau Crest - Davidson Heights
4182,EARL ARMSTRONG RD @ RIVER RD,367574.1403,5014682.502,-75.70001092,45.26929792,2014-02-05,16:55,03 - Snow,03 - Loose snow,01 - Traffic signal,03 - At intersection,05 - Dusk,03 - P.D. only,02 - Angle,Gloucester
4183,PINECREST RD @ RICHMOND RD,360072.6705,5024471.766,-75.79450924,45.35801175,2014-02-01,18:06,03 - Snow,03 - Loose snow,01 - Traffic signal,02 - Intersection related,07 - Dark,03 - P.D. only,03 - Rear end,Whitehaven - Queensway Terrace North
4184,LAURIER AVE @ LYON ST,367154.1696,5031067.621,-75.70329718,45.41676554,2014-02-01,20:52,03 - Snow,03 - Loose snow,01 - Traffic signal,03 - At intersection,07 - Dark,03 - P.D. only,05 - Turning movement,Downtown
4185,WOODRIDGE CRES btwn 220 W OF BAYSHORE DR/BAYSHORE SC & BAYSHORE DR,359169.688,5023459.269,-75.80614524,45.34897191,2014-02-06,13:25,01 - Clear,02 - Wet,10 - No control,01 - Non intersection,01 - Daylight,03 - P.D. only,03 - Rear end,Bayshore
4186,LAUREL ST btwn BAYSWATER AVE & BREEZEHILL AVE N,365983.3463,5029723.642,-75.71842225,45.40477613,2014-02-07,15:00,01 - Clear,02 - Wet,10 - No control,01 - Non intersection,01 - Daylight,03 - P.D. only,06 - SMV unattended vehicle,Centretow
4187,BRONSON AVE btwn BREWER WAY & RIVERSIDE DR RAMPS 34B & 42A-3,368205.3716,5027590.771,-75.69031424,45.38538745,2014-01-22,8:29,01 - Clear,01 - Dry,10 - No control,01 - Non intersection,01 - Daylight,03 - P.D. only,03 - Rear end,Carleto
4188,GREENBANK RD @ JOCKVALE RD,364122.1948,5014330.667,-75.74404033,45.26643175,2014-02-01,15:10,01 - Clear,06 - Ice,01 - Traffic signal,02 - Intersection related,01 - Daylight,03 - P.D. only,03 - Rear end,New Barrhaven
4189,RIVERSIDE DR @ SMYTH RD SOUTH SIDE RAMP,369789.8667,5028999.872,-75.66989677,45.39792085,2014-02-08,16:18,01 - Clear,01 - Dry,01 - Traffic signal,02 - Intersection related,01 - Daylight,03 - P.D. only,03 - Rear end,Alta Vista
4190,COLONEL BY DR/SUSSEX DR @ RIDEAU ST,367921.6095,5032045.402,-75.69336725,45.42549448,2014-02-08,16:34,01 - Clear,01 - Dry,01 - Traffic signal,03 - At intersection,01 - Daylight,03 - P.D. only,04 - Sideswipe,Byward Market - Parliament Hill
4191,MONTREAL RD @ SHEFFORD RD,376125.7305,5034853.828,-75.58813221,45.44997456,2014-02-10,7:46,01 - Clear,02 - Wet,01 - Traffic signal,02 - Intersection related,01 - Daylight,03 - P.D. only,03 - Rear end,Beacon Hill South - Cardinal Heights
4192,AMBERCREST ST btwn MEADOWCROFT CRES & MATHESON RD,373069.8338,5033200.702,-75.62742517,45.43540578,2014-02-10,7:42,01 - Clear,03 - Loose snow,10 - No control,01 - Non intersection,01 - Daylight,03 - P.D. only,02 - Angle,Carson Grove - Carson Meadows
4193,CRESTDALE ST btwn OAK MEADOWS DR & RED WILLOW DR,380493.5674,5034993.329,-75.53227768,45.45077028,2014-01-30,16:15,01 - Clear,03 - Loose snow,10 - No control,04 - At/near private drive,01 - Daylight,03 - P.D. only,02 - Angle,Orleans Village - Chateauneuf
4194,ST. JOSEPH BLVD @ REGIONAL RD 174/TRANSITWAY,376554.312,5035056.915,-75.58262407,45.45175793,2014-12-13,12:26,01 - Clear,01 - Dry,01 - Traffic signal,02 - Intersection related,01 - Daylight,03 - P.D. only,03 - Rear end,Greenbelt
4195,ALTA VISTA DR btwn SMYTH RD & VALOUR DR,370414.3703,5029521.48,-75.66185157,45.40255584,2014-02-11,15:24,01 - Clear,01 - Dry,10 - No control,04 - At/near private drive,01 - Daylight,03 - P.D. only,02 - Angle,Elmvale - Eastway - Riverview - Riverview Park West
4196,CANOTEK RD @ SHEFFORD RD,376028.4495,5035092.677,-75.58934116,45.45213349,2014-02-11,15:15,01 - Clear,01 - Dry,01 - Traffic signal,03 - At intersection,01 - Daylight,03 - P.D. only,02 - Angle,Greenbelt
4197,AQUAVIEW DR btwn LAVOIE ST & SCHUBERT CIRC,385221.5351,5035823.981,-75.47170554,45.45771565,2014-02-11,0:00,01 - Clear,01 - Dry,10 - No control,01 - Non intersection,00 - Unknown,03 - P.D. only,06 - SMV unattended vehicle,Avalon
4198,STITTSVILLE MAIN ST btwn RAVENSCROFT CRT & HOBIN ST,349649.1707,5014052.481,-75.92848862,45.26500034,2014-02-12,18:25,01 - Clear,01 - Dry,10 - No control,04 - At/near private drive,07 - Dark,03 - P.D. only,02 - Angle,Crossing Bridge
4199,NELSON ST @ SOMERSET ST,369092.3369,5031763.472,-75.67844482,45.42285115,2014-01-27,11:30,03 - Snow,04 - Slush,02 - Stop sign,03 - At intersection,01 - Daylight,03 - P.D. only,02 - Angle,Sandy Hill
4200,KINGSTON AVE btwn SILVER ST & HOLLINGTON ST,365303.6022,5026526.071,-75.7274968,45.37606415,2014-02-01,12:57,01 - Clear,04 - Slush,10 - No control,04 - At/near private drive,01 - Daylight,03 - P.D. only,02 - Angle,Civic Hospital - Experimental Farm - Central Park
4201,CLEGG ST btwn MAIN ST & MARLOWE CRES,369289.4513,5029932.975,-75.6761658,45.40636286,2014-01-31,18:00,01 - Clear,01 - Dry,10 - No control,01 - Non intersection,07 - Dark,03 - P.D. only,06 - SMV unattended vehicle,Old Ottawa East
4202,WILMONT AVE btwn WINSTON AVE & CHURCHILL AVE N,363032.2605,5028448.108,-75.75626779,45.39355081,2014-02-02,16:50,01 - Clear,04 - Slush,10 - No control,04 - At/near private drive,01 - Daylight,03 - P.D. only,06 - SMV unattended vehicle,Westboro
4203,CUMMINGS AVE btwn CLARKE AVE & QUEBEC ST,372229.1045,5033477.85,-75.63813156,45.437981,2014-02-01,18:00,03 - Snow,05 - Packed snow,10 - No control,01 - Non intersection,07 - Dark,03 - P.D. only,06 - SMV unattended vehicle,Cummings
4204,MARCH RD btwn CAMPEAU DR/HWY 417 MARCH IC138R63 & HWY417 IC138 RAMP62,352779.6921,5020613.787,-75.88796395,45.32383401,2014-02-03,6:35,01 - Clear,01 - Dry,10 - No control,01 - Non intersection,03 - Dawn,03 - P.D. only,03 - Rear end,Greenbelt
4205,WOODCLIFFE PRIV @ JEANNE D'ARC BLVD,380107.5436,5036226.327,-75.53702337,45.46190555,2014-02-03,12:18,01 - Clear,01 - Dry,02 - Stop sign,03 - At intersection,01 - Daylight,03 - P.D. only,02 - Angle,Chapel Hill
4206,CARLING AVE @ BROADVIEW AVE,363182.1084,5026637.594,-75.75456827,45.37724759,2014-02-04,17:53,01 - Clear,01 - Dry,01 - Traffic signal,03 - At intersection,07 - Dark,03 - P.D. only,05 - Turning movement,Carlingwood - McKellar Park - Laurentien View
4207,ANDERSON RD @ INNES RD,376281.215,5031841.564,-75.58658206,45.42285616,2014-02-04,17:30,01 - Clear,01 - Dry,01 - Traffic signal,02 - Intersection related,07 - Dark,03 - P.D. only,03 - Rear end,Greenbelt
4208,BURRIS LANE @ MERIVALE RD,364882.1282,5025070.364,-75.7330547,45.36300221,2014-02-05,19:00,01 - Clear,04 - Slush,01 - Traffic signal,02 - Intersection related,07 - Dark,03 - P.D. only,03 - Rear end,Cityview - Skyline - Fisher Heights
4209,ALBERT ST @ KENT ST (OTTAWA),367221.4601,5031319.893,-75.70240553,45.41902941,2014-02-05,21:43,01 - Clear,02 - Wet,01 - Traffic signal,03 - At intersection,07 - Dark,03 - P.D. only,02 - Angle,Downtown
4210,ALPINE AVE @ CARLING AVE,360496.677,5024943.279,-75.78904458,45.36222086,2014-02-01,22:59,03 - Snow,03 - Loose snow,01 - Traffic signal,03 - At intersection,07 - Dark,03 - P.D. only,03 - Rear end,Whitehaven - Queensway Terrace North
4211,QUARTZ CRES btwn HARRY DOUGLAS DR & HARRY DOUGLAS DR,351368.7177,5015187.767,-75.90647119,45.27510425,2014-02-02,16:56,01 - Clear,04 - Slush,10 - No control,04 - At/near private drive,01 - Daylight,03 - P.D. only,06 - SMV unattended vehicle,Stittsville
4212,FENTON RD btwn QUINN RD & SOUTHCLARK PL,373664.0272,5020122.177,-75.62165532,45.31767258,2014-02-06,16:40,01 - Clear,01 - Dry,10 - No control,04 - At/near private drive,01 - Daylight,03 - P.D. only,02 - Angle,Greenbelt
4213,BRONSON AVE @ CATHERINE ST/RAYMOND ST,367252.7085,5029797.327,-75.7021992,45.40532703,2014-02-07,1:08,01 - Clear,06 - Ice,01 - Traffic signal,03 - At intersection,07 - Dark,03 - P.D. only,02 - Angle,Centretown West
4214,RICHMOND RD btwn STINSON AVE & STAFFORD RD,358105.8807,5021065.554,-75.81997823,45.32751479,2014-01-23,9:09,01 - Clear,01 - Dry,10 - No control,04 - At/near private drive,01 - Daylight,03 - P.D. only,02 - Angle,Bells Corners East
4215,LOLA ST @ DONALD ST,371094.726,5032359.331,-75.65278,45.42802554,2014-02-02,0:31,03 - Snow,05 - Packed snow,01 - Traffic signal,02 - Intersection related,07 - Dark,03 - P.D. only,99 - Other,Vanier South
4216,BAY ST @ SLATER ST,366984.1717,5031078.57,-75.70546766,45.41687919,2014-02-08,18:46,01 - Clear,02 - Wet,01 - Traffic signal,03 - At intersection,07 - Dark,03 - P.D. only,05 - Turning movement,Downtown
4217,RICHMOND RD btwn ROOSEVELT AVE & ROOSEVELT AVE,362982.0279,5028119.952,-75.75694799,45.39060229,2014-02-08,18:48,01 - Clear,02 - Wet,10 - No control,01 - Non intersection,07 - Dark,03 - P.D. only,06 - SMV unattended vehicle,Westboro
4218,WOODROFFE AVE btwn TRANSIT & SPORTSPLEX S/TRANSIT,363795.3724,5020971.776,-75.74741469,45.32621581,2014-02-10,7:57,01 - Clear,02 - Wet,10 - No control,01 - Non intersection,01 - Daylight,03 - P.D. only,03 - Rear end,Merivale Gardens - Grenfell Glen - Pineglen - Country Place
4219,OTTAWA RIVER PKWY EB btwn TRANSIT & TURN LANE (1),362820.623,5029171.636,-75.75888546,45.40007857,2014-04-07,15:45,01 - Clear,01 - Dry,10 - No control,01 - Non intersection,01 - Daylight,03 - P.D. only,03 - Rear end,Westboro
4220,FIFTH AVE @ QUEEN ELIZABETH DRWY,368836.6789,5029658.221,-75.68198492,45.40393228,2014-11-07,11:40,01 - Clear,01 - Dry,01 - Traffic signal,03 - At intersection,01 - Daylight,03 - P.D. only,05 - Turning movement,The Glebe
4221,HIGHWAY 417 btwn HWY417 IC124 RAMP67 & HWY417 IC123 RAMP62,364607.6781,5027778.636,-75.73622974,45.38739425,2014-02-10,11:25,01 - Clear,01 - Dry,10 - No control,01 - Non intersection,01 - Daylight,03 - P.D. only,07 - SMV other,Westboro
4222,ARGYLE AVE N @ ELGIN ST,368494.2387,5030672.196,-75.68622786,45.41308694,2014-02-11,14:20,01 - Clear,01 - Dry,01 - Traffic signal,02 - Intersection related,01 - Daylight,03 - P.D. only,04 - Sideswipe,Centretown
4223,RIVERSIDE DR @ RIVERSIDE HOSPITAL,369713.7821,5028625.485,-75.67091775,45.3945593,2014-02-11,16:20,01 - Clear,01 - Dry,01 - Traffic signal,02 - Intersection related,01 - Daylight,03 - P.D. only,04 - Sideswipe,Alta Vista
4224,MCCORDICK RD @ ROGER STEVENS DR,364681.6415,4998309.52,-75.73883606,45.12222412,2014-02-12,18:30,01 - Clear,01 - Dry,02 - Stop sign,03 - At intersection,07 - Dark,03 - P.D. only,02 - Angle,Munster Hamlet - Richmond
4225,MARCH RD btwn DONALD B. MUNRO DR & TALL FOREST DR,343243.9944,5022730.394,-76.00943327,45.34346705,2014-02-12,18:43,01 - Clear,01 - Dry,10 - No control,01 - Non intersection,07 - Dark,03 - P.D. only,07 - SMV other,Stittsville - Basswood
4226,WOODROFFE AVE @ SPORTSPLEX N,363766.032,5021065.338,-75.7477778,45.32706014,2014-01-27,11:40,03 - Snow,03 - Loose snow,01 - Traffic signal,02 - Intersection related,01 - Daylight,03 - P.D. only,02 - Angle,Merivale Gardens - Grenfell Glen - Pineglen - Country Place
4227,RIVERSIDE DR @ WALKLEY RD,368418.2169,5024854.29,-75.68794895,45.36074604,2014-01-27,14:20,01 - Clear,03 - Loose snow,01 - Traffic signal,02 - Intersection related,01 - Daylight,03 - P.D. only,03 - Rear end,Riverside Park
4228,BAYSHORE DR @ WOODRIDGE CRES S,359234.6829,5023509.759,-75.80531029,45.34942117,2014-02-01,13:52,03 - Snow,04 - Slush,01 - Traffic signal,02 - Intersection related,01 - Daylight,03 - P.D. only,03 - Rear end,Bayshore
4229,INDUSTRIAL AVE @ RIVERSIDE DR,370687.0883,5030591.606,-75.65822528,45.4121588,2014-02-01,18:00,03 - Snow,03 - Loose snow,01 - Traffic signal,02 - Intersection related,05 - Dusk,03 - P.D. only,03 - Rear end,Industrial Park
4230,CONSTELLATION CRES @ BASELINE RD,362272.9141,5023596.318,-75.76652975,45.34995763,2014-02-03,8:46,01 - Clear,04 - Slush,01 - Traffic signal,02 - Intersection related,01 - Daylight,03 - P.D. only,03 - Rear end,Iris
4231,CAMERON ST @ REGIONAL RD 174,389862.1954,5042616.616,-75.41120222,45.51827829,2014-02-03,13:04,01 - Clear,02 - Wet,01 - Traffic signal,02 - Intersection related,01 - Daylight,03 - P.D. only,07 - SMV other,Cumberland - Estates
4232,KING EDWARD AVE @ ST. PATRICK ST,368251.071,5032821.693,-75.68905745,45.43244946,2014-02-05,0:08,01 - Clear,01 - Dry,01 - Traffic signal,02 - Intersection related,07 - Dark,03 - P.D. only,03 - Rear end,Byward Market
4233,REGIONAL RD 174 @ TRIM RD,384352.3272,5039991.289,-75.48214287,45.49530863,2014-02-05,2:30,01 - Clear,02 - Wet,01 - Traffic signal,03 - At intersection,07 - Dark,03 - P.D. only,07 - SMV other,Cumberland - Estates
4234,ST. REMY DR btwn JERRILYNN CRES & JERRILYNN CRES,362120.9165,5015827.238,-75.76936829,45.28006393,2014-02-06,14:40,01 - Clear,04 - Slush,10 - No control,01 - Non intersection,01 - Daylight,03 - P.D. only,01 - Approaching,Barrhaven West - Old Barrhaven
4235,CARP RD @ STITTSVILLE MAIN ST,349523.0899,5014330.918,-75.93007012,45.26751384,2014-02-06,14:15,01 - Clear,02 - Wet,01 - Traffic signal,02 - Intersection related,01 - Daylight,03 - P.D. only,03 - Rear end,Stittsville
4236,CRAIG HENRY DR @ IVYLEA ST/WOODVALE GR,363036.1964,5021803.255,-75.75700062,45.33376081,2014-02-04,21:53,01 - Clear,01 - Dry,02 - Stop sign,03 - At intersection,07 - Dark,03 - P.D. only,05 - Turning movement,Woodvale - Craig Henry - Manordale - Estates of Arlington Wo
4237,BANK ST btwn OSSINGTON AVE & CAMERON AVE,368912.096,5028296.757,-75.68119858,45.39167537,2014-02-05,14:11,03 - Snow,04 - Slush,10 - No control,01 - Non intersection,01 - Daylight,03 - P.D. only,06 - SMV unattended vehicle,Old Ottawa South
4238,MITCH OWENS RD btwn TURN LANE & SALE BARN RD,378711.1208,5016558.02,-75.55782061,45.28509081,2014-02-07,6:17,01 - Clear,01 - Dry,10 - No control,01 - Non intersection,07 - Dark,03 - P.D. only,07 - SMV other,Osgoode
4239,EVELYN AVE btwn MAIN ST & ROSEMERE AVE,369208.1316,5030573.325,-75.67712086,45.41213199,2014-02-07,8:15,01 - Clear,99 - Other,10 - No control,01 - Non intersection,01 - Daylight,03 - P.D. only,06 - SMV unattended vehicle,Old Ottawa East
4240,ALBION RD btwn DEL ZOTTO AVE & HIGH RD,373998.4073,5019223.571,-75.61751639,45.30955435,2014-01-28,8:30,01 - Clear,01 - Dry,10 - No control,01 - Non intersection,01 - Daylight,03 - P.D. only,07 - SMV other,Greenbelt
4241,8TH LINE RD btwn MITCH OWENS RD & RODNEY FARM DR,382441.8834,5018594.751,-75.50995097,45.30301394,2014-01-28,14:26,05 - Drifting Snow,05 - Packed snow,10 - No control,01 - Non intersection,01 - Daylight,03 - P.D. only,07 - SMV other,Metcalfe
4242,HEMMINGWOOD WAY btwn WESTPOINTE CRES & THORNBURY CRES,362265.8453,5023171.82,-75.76666928,45.3461386,2014-02-02,15:43,01 - Clear,02 - Wet,10 - No control,01 - Non intersection,01 - Daylight,03 - P.D. only,04 - Sideswipe,Centrepointe
4243,BLACKBURN BYPASS @ NAVAN RD,379618.4445,5033272.869,-75.54372589,45.43538507,2014-02-03,4:58,01 - Clear,01 - Dry,01 - Traffic signal,02 - Intersection related,07 - Dark,03 - P.D. only,07 - SMV other,Greenbelt
4244,BRANT ST @ MCARTHUR AVE,371263.1934,5032808.421,-75.65056668,45.43205026,2014-02-08,19:15,01 - Clear,01 - Dry,01 - Traffic signal,02 - Intersection related,07 - Dark,03 - P.D. only,04 - Sideswipe,Vanier South
4245,DONNELLY DR @ MERLYN WILSON RD,369254.1669,4990839.372,-75.68168018,45.05460435,2014-02-10,8:21,01 - Clear,04 - Slush,02 - Stop sign,02 - Intersection related,01 - Daylight,03 - P.D. only,02 - Angle,Munster Hamlet - Richmond
4246,ST. LAURENT BLVD btwn BOURASSA ST & SMYTH RD,373313.5308,5029508.653,-75.62482415,45.40216269,2014-02-10,8:53,01 - Clear,04 - Slush,10 - No control,01 - Non intersection,01 - Daylight,03 - P.D. only,03 - Rear end,Industrial Park
4247,GLOUCESTER ST btwn KENT ST & BANK ST,367497.5687,5031184.248,-75.69889514,45.41778423,2014-02-04,15:00,01 - Clear,03 - Loose snow,10 - No control,01 - Non intersection,01 - Daylight,03 - P.D. only,01 - Approaching,Centretown
4248,EAGLESON RD @ 146 N OF ABBEYHILL DR/HAZELDEAN ,353772.9912,5018173.256,-75.87553525,45.30180504,2014-02-04,16:20,01 - Clear,01 - Dry,01 - Traffic signal,03 - At intersection,01 - Daylight,03 - P.D. only,05 - Turning movement,Greenbelt
4249,NICHOLAS ST SB btwn LAURIER AVE E & Continuation of NICHOLAS ST,368485.1706,5031702.706,-75.68621052,45.42235994,2014-02-12,0:05,01 - Clear,03 - Loose snow,10 - No control,01 - Non intersection,07 - Dark,03 - P.D. only,04 - Sideswipe,Sandy Hill
4250,BANTREE ST @ INNES RD,373707.2441,5030406.302,-75.61967009,45.41020066,2014-02-12,6:56,01 - Clear,01 - Dry,01 - Traffic signal,03 - At intersection,03 - Dawn,03 - P.D. only,05 - Turning movement,Industrial Park
4251,KING EDWARD AVE @ SUSSEX DR,367664.1739,5033500.753,-75.69647089,45.43861241,2014-02-12,7:30,01 - Clear,01 - Dry,01 - Traffic signal,02 - Intersection related,01 - Daylight,03 - P.D. only,03 - Rear end,Byward Market - Parliament Hill
4252,MANOTICK MAIN ST btwn CURRIER ST & EASTMAN AVE,369118.122,5009560.563,-75.68099908,45.22307164,2014-02-12,16:00,01 - Clear,01 - Dry,10 - No control,01 - Non intersection,01 - Daylight,03 - P.D. only,06 - SMV unattended vehicle,Manotick
4253,BRIDGE ST/MAPLE AVE @ MANOTICK MAIN ST,368699.7784,5009932.613,-75.6862778,45.22645741,2014-01-07,8:00,01 - Clear,03 - Loose snow,01 - Traffic signal,02 - Intersection related,01 - Daylight,03 - P.D. only,03 - Rear end,Manotick
4254,MAIN ST btwn HAZEL ST & HERRIDGE ST,369215.8702,5030061.805,-75.67708884,45.4075288,2014-01-16,11:36,01 - Clear,01 - Dry,10 - No control,04 - At/near private drive,01 - Daylight,03 - P.D. only,04 - Sideswipe,Old Ottawa East
4255,MCCORMICK ST @ WELLINGTON ST,365312.6956,5029382.317,-75.72703048,45.40176327,2014-02-01,13:15,03 - Snow,03 - Loose snow,02 - Stop sign,03 - At intersection,01 - Daylight,03 - P.D. only,02 - Angle,Civi
4256,MONTREAL RD @ ST. LAURENT BLVD,371547.1247,5033817.595,-75.64680147,45.4411033,2014-02-01,15:10,03 - Snow,03 - Loose snow,01 - Traffic signal,02 - Intersection related,01 - Daylight,03 - P.D. only,03 - Rear end,Cummings
4257,PRINCE OF WALES DR @ MEADOWLANDS DR/HOG'S BACK,367372.9085,5025693.477,-75.70118415,45.36839093,2014-02-03,9:07,01 - Clear,06 - Ice,01 - Traffic signal,02 - Intersection related,01 - Daylight,03 - P.D. only,03 - Rear end,Carleton Heights - Rideauview
4258,BOUNDARY RD @ MITCH OWENS RD,388066.3391,5022162.216,-75.43764309,45.33446688,2014-02-03,21:45,01 - Clear,01 - Dry,02 - Stop sign,03 - At intersection,07 - Dark,03 - P.D. only,07 - SMV other,Metcalfe
4259,LISGAR ST btwn BRONSON AVE & PERCY ST,366972.5093,5030683.739,-75.70566646,45.41332765,2014-02-02,11:30,03 - Snow,04 - Slush,10 - No control,01 - Non intersection,01 - Daylight,03 - P.D. only,06 - SMV unattended vehicle,Centretown
4260,ARGYLE AVE E @ METCALFE ST,368441.2496,5030641.793,-75.68690872,45.4128182,2014-01-21,9:10,01 - Clear,01 - Dry,10 - No control,02 - Intersection related,01 - Daylight,03 - P.D. only,04 - Sideswipe,Centretown
4261,CONSTELLATION CRES @ BASELINE RD,362273.8619,5023597.266,-75.76651755,45.34996608,2014-02-05,7:10,01 - Clear,01 - Dry,01 - Traffic signal,02 - Intersection related,03 - Dawn,03 - P.D. only,03 - Rear end,Iris
4262,TREMBLAY RD btwn AVENUE O & AVENUE P,371711.5959,5031337.18,-75.64503637,45.41876994,2014-02-06,8:30,01 - Clear,01 - Dry,10 - No control,01 - Non intersection,01 - Daylight,03 - P.D. only,06 - SMV unattended vehicle,Industrial Park