Record,Location,X,Y,lon,lat,Date,Time,Environment,Road_Surface,Traffic_Control,Collision_Location,Light,Collision_Classification,Impact_type,Neighborhood
4263,WOODROFFE AVE @ GEORGINA DR/LENESTER AVE,361908.2648,5025369.571,-75.77097816,45.36594303,2014-02-06,16:20,01 - Clear,02 - Wet,01 - Traffic signal,02 - Intersection related,01 - Daylight,03 - P.D. only,03 - Rear end,Whitehaven - Queensway Terrace North
4264,AIRPORT PKWY/HUNT CLUB RAMP 42 btwn AIRPORT PKWY & TO BE DETERMINED,371037.0114,5023828.117,-75.65466258,45.35127032,2014-02-05,15:29,03 - Snow,03 - Loose snow,10 - No control,01 - Non intersection,01 - Daylight,03 - P.D. only,03 - Rear end,Hunt Club East - Western Community
4265,PALLADIUM DR btwn HUNTMAR DR & FRANK FINNIGAN WAY,349795.9398,5017476.452,-75.92630803,45.29580099,2014-02-05,15:41,03 - Snow,04 - Slush,10 - No control,04 - At/near private drive,01 - Daylight,03 - P.D. only,02 - Angle,Kanata Lakes - Marchwood Lakeside - Morgan's Grant - Kanata
4266,MEADOWLANDS DR btwn BAYNE AVE & MERIVALE RD,364790.1289,5023688.159,-75.7343967,45.3505732,2014-02-07,8:47,01 - Clear,02 - Wet,10 - No control,04 - At/near private drive,01 - Daylight,03 - P.D. only,05 - Turning movement,Crestview - Meadowlands
4267,UPLANDS DR @ AIRPORT PKWY RAMP 35,371121.3657,5021373.483,-75.65391517,45.32917628,2014-02-07,9:18,01 - Clear,01 - Dry,01 - Traffic signal,03 - At intersection,01 - Daylight,03 - P.D. only,02 - Angle,Greenbelt
4268,REGIONAL ROAD 174 btwn HIGHWAY 417 & HWY417 IC113 RAMP65,373378.3473,5031758.205,-75.62368331,45.42239673,2014-02-02,1:26,03 - Snow,05 - Packed snow,10 - No control,01 - Non intersection,07 - Dark,03 - P.D. only,07 - SMV other,Pineview
4269,BANK ST @ SUNNYSIDE AVE,368734.7087,5028582.31,-75.68342683,45.3942609,2014-02-03,13:33,01 - Clear,01 - Dry,01 - Traffic signal,02 - Intersection related,01 - Daylight,03 - P.D. only,04 - Sideswipe,Old Ottawa South
4270,BASELINE RD @ FISHER AVE,366165.6273,5026030.665,-75.71655314,45.37153162,2014-02-03,16:50,01 - Clear,01 - Dry,01 - Traffic signal,02 - Intersection related,05 - Dusk,03 - P.D. only,03 - Rear end,Civic Hospital - Experimental Farm - Central Park
4271,GREENBANK RD @ STRANDHERD DR,363933.6839,5014785.685,-75.74638819,45.27054189,2014-02-09,10:01,01 - Clear,01 - Dry,01 - Traffic signal,02 - Intersection related,01 - Daylight,03 - P.D. only,03 - Rear end,New Barrhaven
4272,BURGUNDY LANE btwn VINEYARD DR & VINEYARD DR,378803.1111,5036881.483,-75.55360253,45.46793955,2014-02-08,19:55,01 - Clear,01 - Dry,10 - No control,04 - At/near private drive,07 - Dark,03 - P.D. only,06 - SMV unattended vehicle,Greenbelt
4273,CASTLEFRANK RD @ HAZELDEAN RD,352677.601,5017677.86,-75.88954983,45.29742286,2014-02-10,7:50,01 - Clear,01 - Dry,01 - Traffic signal,03 - At intersection,01 - Daylight,03 - P.D. only,02 - Angle,Glen Cairn - Kanata South Business Park
4274,FOURTH AVE @ PERCY ST,367921.3396,5029214.456,-75.69373324,45.40002256,2014-02-10,9:29,01 - Clear,05 - Packed snow,02 - Stop sign,03 - At intersection,01 - Daylight,03 - P.D. only,02 - Angle,The Glebe
4275,BRONSON AVE @ SOMERSET ST,366968.2031,5030476.826,-75.70574757,45.41146629,2014-02-11,16:23,01 - Clear,01 - Dry,01 - Traffic signal,03 - At intersection,01 - Daylight,03 - P.D. only,02 - Angle,Chinatown
4276,GALLAGHER RD btwn HARNETT RD & MACKEY RD,362679.9988,4990975.618,-75.76512384,45.05639789,2014-02-11,8:07,01 - Clear,05 - Packed snow,10 - No control,01 - Non intersection,01 - Daylight,03 - P.D. only,07 - SMV other,Munster Hamlet - Richmond
4277,MITCH OWENS RD btwn DAWN TARA DR & JOHN QUINN RD,380425.3345,5017601.901,-75.53581267,45.29430078,2014-02-12,20:45,01 - Clear,01 - Dry,10 - No control,01 - Non intersection,07 - Dark,03 - P.D. only,07 - SMV other,Osgoode
4278,FERNBANK RD btwn FERNBANK RD & TERRY FOX DR,353535.9804,5014409.916,-75.87892688,45.26795807,2014-01-16,12:32,01 - Clear,01 - Dry,10 - No control,01 - Non intersection,01 - Daylight,03 - P.D. only,99 - Other,Stittsville - Basswood
4279,WOODRIDGE CRES btwn BAYSHORE PS & TRANSITWAY LINK,358651.118,5023416.057,-75.81276735,45.34862309,2014-01-19,16:30,03 - Snow,02 - Wet,10 - No control,01 - Non intersection,05 - Dusk,03 - P.D. only,06 - SMV unattended vehicle,Bayshore
4280,HAZELDEAN RD @ EDGEWATER ST,352324.6196,5017351.192,-75.89408148,45.29450738,2014-02-01,14:30,03 - Snow,03 - Loose snow,01 - Traffic signal,02 - Intersection related,01 - Daylight,03 - P.D. only,03 - Rear end,Glen Cairn - Kanata South Business Park
4281,CATHERINE ST @ KENT ST,367906.2857,5030187.617,-75.69380097,45.40878012,2014-01-07,15:34,01 - Clear,02 - Wet,01 - Traffic signal,03 - At intersection,01 - Daylight,03 - P.D. only,05 - Turning movement,Centretown
4282,HUNT CLUB RD @ LORRY GREENBERG DR/SABLE RIDGE ,372822.3169,5024805.609,-75.63174605,45.35989454,2014-02-03,15:32,01 - Clear,02 - Wet,01 - Traffic signal,02 - Intersection related,01 - Daylight,03 - P.D. only,03 - Rear end,Greenboro East
4283,WOODROFFE AVE btwn FIELD ST & ADIRONDACK DR,362438.3158,5024055.813,-75.7643655,45.35407856,2014-02-05,7:29,01 - Clear,06 - Ice,10 - No control,01 - Non intersection,01 - Daylight,03 - P.D. only,03 - Rear end,Iris
4284,SAUMURE RD btwn DEVINE RD & INDIAN CREEK RD,401481.8597,5026069.769,-75.26575379,45.36790143,2014-02-05,7:46,01 - Clear,01 - Dry,10 - No control,04 - At/near private drive,01 - Daylight,03 - P.D. only,02 - Angle,Navan - Vars
4285,HIGHWAY 7 @ WESTLEIGH BLVD,342403.6114,5008374.899,-76.02124423,45.21433512,2014-01-29,17:00,01 - Clear,06 - Ice,02 - Stop sign,02 - Intersection related,05 - Dusk,03 - P.D. only,07 - SMV other,Munster Hamlet - Richmond
4286,RICHMOND RD btwn WINSTON AVE & CHURCHILL AVE N,363214.3478,5028285.088,-75.7539617,45.39206882,2014-02-06,14:44,01 - Clear,01 - Dry,10 - No control,01 - Non intersection,01 - Daylight,03 - P.D. only,03 - Rear end,Carlingwood - McKellar Park - Laurentien View
4287,BAYSHORE DR @ WOODRIDGE CRES S,359232.2472,5023507.61,-75.80534161,45.34940203,2014-02-05,14:32,03 - Snow,03 - Loose snow,01 - Traffic signal,02 - Intersection related,01 - Daylight,03 - P.D. only,04 - Sideswipe,Bayshore
4288,TERMINAL AVE btwn SANDFORD FLEMING AVE & STEAMLINE ST,370958.9001,5030843.811,-75.65471913,45.41440239,2014-02-05,16:03,03 - Snow,04 - Slush,10 - No control,01 - Non intersection,01 - Daylight,03 - P.D. only,06 - SMV unattended vehicle,Industrial Park
4289,SOMERSET ST    W btwn MACDONALD ST & DRIVEWAY (THE),368547.9184,5031438.647,-75.68544296,45.41997831,2014-02-06,19:00,01 - Clear,03 - Loose snow,10 - No control,01 - Non intersection,07 - Dark,03 - P.D. only,06 - SMV unattended vehicle,Golden Triangle
4290,GURDWARA RD btwn LASER ST & END (2),367155.287,5022291.477,-75.70439111,45.33779981,2014-02-06,0:00,01 - Clear,01 - Dry,10 - No control,01 - Non intersection,00 - Unknown,03 - P.D. only,06 - SMV unattended vehicle,Industrial Park
4291,WOODKILTON RD btwn TO BE DETERMINED & KILMAURS SIDE RD,333786.6784,5038448.334,-76.12918645,45.48535763,2014-02-07,9:50,03 - Snow,03 - Loose snow,10 - No control,01 - Non intersection,01 - Daylight,03 - P.D. only,07 - SMV other,Dirleton
4292,HUNT CLUB RD @ UPLANDS DR,370156.7272,5023121.746,-75.66598918,45.34499718,2014-02-03,16:17,01 - Clear,01 - Dry,01 - Traffic signal,02 - Intersection related,01 - Daylight,03 - P.D. only,03 - Rear end,Hunt Club East - Western Community
4293,GLADSTONE AVE @ PRESTON ST,366491.1278,5029714.454,-75.71193744,45.40464889,2014-02-03,16:20,01 - Clear,02 - Wet,01 - Traffic signal,02 - Intersection related,01 - Daylight,03 - P.D. only,03 - Rear end,Little Italy
4294,MAIN ST @ RIVERDALE AVE,369432.2481,5029533.254,-75.67439419,45.40275314,2014-02-03,18:12,01 - Clear,01 - Dry,01 - Traffic signal,02 - Intersection related,07 - Dark,03 - P.D. only,03 - Rear end,Old Ottawa East
4295,HWY 417 INNES IC112R68 @ INNES RD,374641.2159,5030922.168,-75.60766641,45.41474957,2014-02-10,18:55,01 - Clear,01 - Dry,01 - Traffic signal,03 - At intersection,07 - Dark,03 - P.D. only,03 - Rear end,Industrial Park
4296,MILL ST btwn BRIDGE ST & CLAPP LANE,368856.7914,5010076.352,-75.68426004,45.2277365,2014-02-10,9:36,01 - Clear,04 - Slush,10 - No control,01 - Non intersection,01 - Daylight,03 - P.D. only,03 - Rear end,Manotick
4297,BANK ST btwn RIDEAU RD & TURN LANE,377158.1213,5017353.401,-75.5774988,45.29240891,2014-02-08,23:30,01 - Clear,01 - Dry,10 - No control,01 - Non intersection,07 - Dark,03 - P.D. only,07 - SMV other,Greenbelt
4298,ST. JOSEPH BLVD btwn BOYER RD & ORLEANS BLVD,380427.5444,5036847.651,-75.53283643,45.46746116,2014-02-04,18:45,01 - Clear,01 - Dry,10 - No control,04 - At/near private drive,07 - Dark,03 - P.D. only,05 - Turning movement,Industrial Park
4299,HAZELDEAN RD @ SPRINGBROOK DR,349871.0625,5015111.387,-75.9255651,45.27451456,2014-02-05,13:52,03 - Snow,04 - Slush,01 - Traffic signal,02 - Intersection related,01 - Daylight,03 - P.D. only,03 - Rear end,Stittsville
4300,BANK ST @ RIVERSIDE DR S,369306.1389,5027892.657,-75.67621945,45.38800322,2014-02-11,16:33,01 - Clear,02 - Wet,01 - Traffic signal,03 - At intersection,01 - Daylight,03 - P.D. only,02 - Angle,Alta Vista
4301,BROMLEY RD @ CARLING AVE,362560.1611,5026245.524,-75.76255458,45.37377134,2014-02-11,15:40,01 - Clear,02 - Wet,02 - Stop sign,02 - Intersection related,01 - Daylight,03 - P.D. only,04 - Sideswipe,Carlingwood - McKellar Park - Laurentien View
4302,WINDHURST DR btwn STONEWAY DR & STONEPOINTE AVE,366413.9119,5016130.665,-75.71461564,45.28243102,2014-02-12,8:53,01 - Clear,06 - Ice,10 - No control,01 - Non intersection,01 - Daylight,03 - P.D. only,06 - SMV unattended vehicle,Chapman Mills - Rideau Crest - Davidson Heights
4303,BRONSON AVE @ HERON RD RAMP 34,368503.6535,5027033.2,-75.68657752,45.38034353,2014-02-12,8:54,01 - Clear,01 - Dry,10 - No control,02 - Intersection related,01 - Daylight,03 - P.D. only,03 - Rear end,Riverside Park
4304,MACLAREN ST @ O'CONNOR ST,367900.1888,5030940.577,-75.69378246,45.41555556,2014-02-12,21:52,01 - Clear,05 - Packed snow,02 - Stop sign,02 - Intersection related,07 - Dark,03 - P.D. only,03 - Rear end,Centretown
4305,MONTREAL RD @ GRANVILLE ST/LAFONTAINE AVE,370829.0831,5033473.644,-75.65602501,45.43807677,2014-02-12,22:56,01 - Clear,01 - Dry,01 - Traffic signal,03 - At intersection,07 - Dark,03 - P.D. only,05 - Turning movement,Vanier South
4306,GREENBANK RD @ BERRIGAN DR/WESSEX RD,363723.2078,5015275.477,-75.74901218,45.27496671,2014-02-01,15:41,03 - Snow,03 - Loose snow,01 - Traffic signal,03 - At intersection,01 - Daylight,03 - P.D. only,02 - Angle,New Barrhaven
4307,MERIVALE RD btwn CLYDE AVE & GILBEY DR,364623.7011,5024621.712,-75.73640752,45.3589874,2014-02-01,15:57,03 - Snow,03 - Loose snow,10 - No control,01 - Non intersection,01 - Daylight,03 - P.D. only,03 - Rear end,Cityview - Skyline - Fisher Heights
4308,FALLOWFIELD RD @ 482 E OF HOLITMAN DR/BARRHAVE,364169.1261,5017378.009,-75.7430778,45.29384777,2014-01-09,8:08,01 - Clear,01 - Dry,01 - Traffic signal,02 - Intersection related,01 - Daylight,03 - P.D. only,03 - Rear end,New Barrhaven
4309,CARLING AVE btwn DAVIDSON'S SIDE RD & GRANDVIEW RD,355537.2175,5024125.715,-75.85243061,45.35524084,2014-01-09,17:00,04 - Freezing Rain,06 - Ice,10 - No control,01 - Non intersection,05 - Dusk,03 - P.D. only,03 - Rear end,Crystal Bay - Lakeview Park - Britannia Village
4310,MEDHURST DR btwn BROCKINGTON CRES & WOODFIELD DR,363593.3461,5021930.513,-75.74987779,45.33485941,2014-02-03,16:00,01 - Clear,02 - Wet,10 - No control,04 - At/near private drive,01 - Daylight,03 - P.D. only,03 - Rear end,Tanglewood
4311,BANNER RD @ GREENBANK RD,361022.1465,5021567.44,-75.78272136,45.33180321,2014-02-05,7:50,01 - Clear,06 - Ice,01 - Traffic signal,02 - Intersection related,01 - Daylight,03 - P.D. only,03 - Rear end,Woodvale - Craig Henry - Manordale - Estates of Arlington Wo
4312,BESSERER ST @ NICHOLAS ST,368187.1307,5032112.528,-75.68996585,45.42607444,2014-02-05,8:37,01 - Clear,02 - Wet,01 - Traffic signal,02 - Intersection related,01 - Daylight,03 - P.D. only,04 - Sideswipe,Byward Market - Parliament Hill
4313,TENTH LINE RD btwn DES EPINETTES AVE & INNES RD,383697.3732,5036763.963,-75.49104001,45.46634652,2014-02-06,17:44,01 - Clear,01 - Dry,10 - No control,01 - Non intersection,05 - Dusk,03 - P.D. only,03 - Rear end,Orlans
4314,RICHMOND RD btwn CLIFTON RD & KIRKWOOD AVE,363768.7589,5028635.479,-75.74683977,45.39517511,2014-02-06,17:48,01 - Clear,02 - Wet,10 - No control,01 - Non intersection,07 - Dark,03 - P.D. only,04 - Sideswipe,Westboro
4315,MONTREAL RD btwn ALTHA AVE & BRADLEY AVE,370645.4448,5033386.95,-75.65838359,45.43731405,2014-02-07,8:30,01 - Clear,04 - Slush,10 - No control,01 - Non intersection,01 - Daylight,03 - P.D. only,04 - Sideswipe,Vanier South
4316,MAPLE GROVE RD @ TERRY FOX DR,351553.1016,5017864.718,-75.90386904,45.29917998,2014-02-07,9:30,01 - Clear,01 - Dry,01 - Traffic signal,03 - At intersection,01 - Daylight,03 - P.D. only,02 - Angle,Katimavik - Hazeldean
4317,BASELINE RD @ CORDOVA ST,363593.1812,5024410.794,-75.74958506,45.35717676,2014-02-07,15:50,01 - Clear,02 - Wet,01 - Traffic signal,02 - Intersection related,01 - Daylight,03 - P.D. only,03 - Rear end,Braemar Park - Bel Air Heights - Copeland Park
4318,WELLINGTON ST btwn OTTAWA RIVER PKWY & TO BE DETERMINED,366379.5794,5031178.307,-75.71317938,45.41783006,2014-02-07,17:56,01 - Clear,01 - Dry,10 - No control,01 - Non intersection,07 - Dark,03 - P.D. only,04 - Sideswipe,LeBreton Flats
4319,WOODROFFE AVE @ DEERFOX DR/STONEWAY DR,365887.1199,5015938.543,-75.72135361,45.28074829,2014-02-03,20:33,03 - Snow,01 - Dry,01 - Traffic signal,02 - Intersection related,07 - Dark,03 - P.D. only,03 - Rear end,Chapman Mills - Rideau Crest - Davidson Heights
4320,HWY 417 MAITLAND IC126R36 @ MAITLAND AVE,363125.2249,5026035.662,-75.75536559,45.37183623,2014-01-21,21:45,00 - Unknown,00 - Unknown,10 - No control,02 - Intersection related,07 - Dark,03 - P.D. only,07 - SMV other,Carlingwood West - Glabar Park - McKellar Heights
4321,HUNT CLUB RD btwn CAHILL DR & LORRY GREENBERG DR,372805.2553,5024800.87,-75.63196446,45.35985355,2014-02-10,8:45,01 - Clear,01 - Dry,10 - No control,01 - Non intersection,01 - Daylight,03 - P.D. only,04 - Sideswipe,Greenboro East
4322,EAGLESON RD @ 300 N OF MICHAEL COWPLAND/EAGLES,354275.1654,5016902.828,-75.86925906,45.29033827,2014-02-05,13:54,03 - Snow,03 - Loose snow,01 - Traffic signal,02 - Intersection related,01 - Daylight,03 - P.D. only,03 - Rear end,Bridlewood - Emerald Meadows
4323,PUTMAN AVE @ SPRINGFIELD RD,369186.9329,5033912.534,-75.67695513,45.44217888,2014-02-07,8:20,01 - Clear,01 - Dry,02 - Stop sign,03 - At intersection,01 - Daylight,03 - P.D. only,02 - Angle,Lindenlea
4324,LEES AVE @ ROBINSON AVE W,369576.2073,5031231.868,-75.67233226,45.41802334,2014-02-11,17:05,01 - Clear,01 - Dry,02 - Stop sign,02 - Intersection related,05 - Dusk,03 - P.D. only,03 - Rear end,Sandy Hill
4325,FLANDERS ST btwn FRAMINGHAM CRES & PEACOCK CRES,362067.133,5014608.082,-75.77019441,45.26909828,2014-02-10,0:00,01 - Clear,05 - Packed snow,10 - No control,01 - Non intersection,00 - Unknown,03 - P.D. only,06 - SMV unattended vehicle,Barrhaven West - Old Barrhaven
4326,COLONEL BY DR @ HOG'S BACK RD,367602.8823,5025876.912,-75.69822523,45.37002086,2014-02-12,7:55,01 - Clear,01 - Dry,01 - Traffic signal,02 - Intersection related,01 - Daylight,03 - P.D. only,02 - Angle,Carleton University
4327,RIVERSIDE DR @ BROOKFIELD RD/HOG'S BACK RD,368171.3684,5026223.58,-75.69092389,45.37308892,2014-02-12,9:32,01 - Clear,01 - Dry,01 - Traffic signal,03 - At intersection,01 - Daylight,03 - P.D. only,05 - Turning movement,Riverside Park
4328,RIDEAU ST btwn NICHOLAS ST & DALHOUSIE ST,368175.1821,5032208.082,-75.69010623,45.42693529,2014-02-13,6:50,01 - Clear,01 - Dry,10 - No control,01 - Non intersection,03 - Dawn,03 - P.D. only,04 - Sideswipe,Byward Market - Parliament Hill
4329,ST. JOSEPH BLVD @ DUFORD DR/PLACE D'ORLEANS DR,381997.2094,5037995.008,-75.51258546,45.47761238,2014-02-13,8:04,01 - Clear,01 - Dry,01 - Traffic signal,03 - At intersection,01 - Daylight,03 - P.D. only,02 - Angle,Queenswood Heights
4330,GALLANTRY WAY btwn CORIOLIS CRT/GALLANTRY WAY & KHAMSIN ST,350777.0271,5016393.889,-75.91390029,45.28599625,2014-12-20,13:00,01 - Clear,01 - Dry,10 - No control,04 - At/near private drive,01 - Daylight,03 - P.D. only,06 - SMV unattended vehicle,Stittsville
4331,KANATA RD @ LORD BYNG WAY/MARITIME WAY,351429.743,5019330.715,-75.90530394,45.3123796,2014-01-25,17:20,05 - Drifting Snow,03 - Loose snow,01 - Traffic signal,02 - Intersection related,05 - Dusk,03 - P.D. only,03 - Rear end,Kanata
4332,LAURIER AVE @ LYON ST,367154.1696,5031067.621,-75.70329718,45.41676554,2014-01-24,16:00,01 - Clear,01 - Dry,01 - Traffic signal,03 - At intersection,01 - Daylight,03 - P.D. only,05 - Turning movement,Downtown
4333,CARLING AVE @ FAIRLAWN AVE/WOODROFFE AVE E,361934.6841,5025830.528,-75.77058762,45.37008852,2014-02-03,16:30,01 - Clear,01 - Dry,01 - Traffic signal,02 - Intersection related,01 - Daylight,03 - P.D. only,03 - Rear end,Carlingwood West - Glabar Park - McKellar Heights
4334,EARL MULLIGAN DR @ WOODROFFE AVE,365251.1751,5017504.564,-75.72926812,45.29489425,2014-02-03,17:56,01 - Clear,01 - Dry,01 - Traffic signal,03 - At intersection,07 - Dark,03 - P.D. only,05 - Turning movement,Greenbelt
4335,FISHER AVE btwn MCCOOEY LANE & BASELINE RD,366079.0689,5026244.209,-75.71763163,45.37346062,2014-02-05,8:47,01 - Clear,01 - Dry,10 - No control,01 - Non intersection,01 - Daylight,03 - P.D. only,03 - Rear end,Civic Hospital - Experimental Farm - Central Park
4336,ERINDALE DR @ BASELINE RD,363856.2703,5024574.575,-75.74620781,45.35862833,2014-02-06,18:05,01 - Clear,02 - Wet,02 - Stop sign,03 - At intersection,07 - Dark,03 - P.D. only,02 - Angle,Braemar Park - Bel Air Heights - Copeland Park
4337,FRANK KENNY RD btwn INNES RD & FRENCH HILL RD,387643.9321,5037452.273,-75.44046285,45.4720823,2014-02-06,4:00,01 - Clear,03 - Loose snow,10 - No control,01 - Non intersection,07 - Dark,03 - P.D. only,07 - SMV other,Navan - Vars
4338,BEATON RD @ SARSFIELD RD,392910.804,5039857.284,-75.37268312,45.49307488,2014-02-06,6:17,01 - Clear,02 - Wet,02 - Stop sign,03 - At intersection,07 - Dark,03 - P.D. only,07 - SMV other,Cumberland - Estates
4339,MEANDERING BROOK DR btwn EMERALD POND PRIV & STEDMAN ST,373096.5372,5022929.276,-75.6285054,45.34298533,2014-02-07,10:30,01 - Clear,05 - Packed snow,10 - No control,04 - At/near private drive,01 - Daylight,03 - P.D. only,02 - Angle,Blossom Park - Blossom Park West - Sawmill Creek/ Timbermill
4340,REGIONAL RD 174 @ TRIM RD,384351.3794,5039990.341,-75.48215515,45.49530021,2014-02-07,9:25,01 - Clear,01 - Dry,01 - Traffic signal,02 - Intersection related,01 - Daylight,03 - P.D. only,03 - Rear end,Chatelaine Village
4341,FALLOWFIELD RD btwn MERIVALE RD & WOODROFFE AVE,366638.2272,5018813.29,-75.71142211,45.30654933,2014-02-08,1:58,03 - Snow,03 - Loose snow,10 - No control,01 - Non intersection,07 - Dark,03 - P.D. only,07 - SMV other,Greenbelt
4342,HWY417 IC129 RAMP51 btwn ASHLEY ST & HWY417 IC129 RAMP53,360439.8398,5023293.537,-75.7899557,45.34738104,2014-02-04,8:50,01 - Clear,01 - Dry,10 - No control,01 - Non intersection,01 - Daylight,03 - P.D. only,03 - Rear end,Qualicum - Redwood Park
4343,MCCORDICK RD btwn POLLOCK RD & ROGER STEVENS DR,363238.713,4999886.65,-75.75699152,45.13653631,2014-01-27,10:55,05 - Drifting Snow,03 - Loose snow,10 - No control,07 - Overpass or bridge,01 - Daylight,03 - P.D. only,01 - Approaching,Munster Hamlet - Richmond
4344,CARLING AVE @ PINECREST  RD/GREENVIEW AVE,360006.1687,5024633.288,-75.79533995,45.35947037,2014-01-27,9:50,01 - Clear,04 - Slush,01 - Traffic signal,02 - Intersection related,01 - Daylight,03 - P.D. only,03 - Rear end,Whitehaven - Queensway Terrace North
4345,REGIONAL RD 174 EB btwn REGIONAL RD 174 & TRIM RD,384444.3662,5040023.823,-75.48096015,45.49559084,2014-02-10,11:47,01 - Clear,01 - Dry,10 - No control,01 - Non intersection,01 - Daylight,03 - P.D. only,04 - Sideswipe,Cumberland - Estates
4346,TAYLOR CREEK DR btwn LACOLLE WAY & VIMONT CRT,383980.6049,5039463.137,-75.48698344,45.49059911,2014-02-07,15:00,01 - Clear,01 - Dry,10 - No control,04 - At/near private drive,01 - Daylight,03 - P.D. only,02 - Angle,Industrial Park
4347,KING EDWARD AVE @ LAURIER AVE,368739.2002,5032033.822,-75.6829218,45.42531603,2014-02-11,18:06,01 - Clear,01 - Dry,01 - Traffic signal,03 - At intersection,07 - Dark,03 - P.D. only,05 - Turning movement,Sandy Hill
4348,APELDOORN AVE btwn FALAISE RD & STORMONT ST,367185.9041,5024744.81,-75.70369101,45.3598717,2014-02-12,10:23,01 - Clear,05 - Packed snow,10 - No control,04 - At/near private drive,01 - Daylight,03 - P.D. only,02 - Angle,Carleton Heights - Rideauview
4349,BANK ST @ WALKLEY RD,370338.3259,5025948.683,-75.66329726,45.37041617,2014-02-10,7:00,01 - Clear,04 - Slush,01 - Traffic signal,02 - Intersection related,03 - Dawn,03 - P.D. only,05 - Turning movement,Ledbury - Heron Gate - Ridgemont - Elmwood
4350,KING EDWARD AVE @ TEMPLETON ST,369059.709,5031506.314,-75.67889525,45.42054034,2014-01-24,22:30,03 - Snow,01 - Dry,01 - Traffic signal,02 - Intersection related,07 - Dark,03 - P.D. only,03 - Rear end,Sandy Hill
4351,WEST HUNT CLUB RD @ WOODROFFE AVE,363671.198,5021247.249,-75.74896585,45.32870492,2014-01-27,10:30,03 - Snow,03 - Loose snow,01 - Traffic signal,02 - Intersection related,01 - Daylight,03 - P.D. only,07 - SMV other,Merivale Gardens - Grenfell Glen - Pineglen - Country Place
4352,FERNBANK RD btwn FERNBANK RD & TERRY FOX DR,353541.5518,5014443.344,-75.8788526,45.26825847,2014-01-25,18:27,03 - Snow,03 - Loose snow,10 - No control,04 - At/near private drive,07 - Dark,03 - P.D. only,03 - Rear end,Stittsville - Basswood
4353,FALLOWFIELD RD btwn EAGLESON RD & RICHMOND RD,357635.4506,5013479.479,-75.82678721,45.2592898,2014-01-26,19:56,03 - Snow,06 - Ice,10 - No control,01 - Non intersection,07 - Dark,03 - P.D. only,07 - SMV other,Munster Hamlet - Richmond
4354,LIMEBANK RD @ SPRATT RD,369776.9993,5016879.49,-75.67165313,45.28886601,2014-02-01,17:15,03 - Snow,05 - Packed snow,01 - Traffic signal,03 - At intersection,05 - Dusk,03 - P.D. only,02 - Angle,Gloucester
4355,TENTH LINE RD @ CHARLEMAGNE BLVD N/TOMPKINS AV,383183.4229,5037978.135,-75.49741784,45.47732841,2014-02-01,17:49,03 - Snow,03 - Loose snow,01 - Traffic signal,02 - Intersection related,05 - Dusk,03 - P.D. only,02 - Angle,Queenswood Heights
4356,MAPLE GROVE RD @ TERRY FOX DR,351553.1347,5017863.517,-75.90386874,45.29916918,2014-01-24,19:31,01 - Clear,06 - Ice,01 - Traffic signal,02 - Intersection related,07 - Dark,03 - P.D. only,03 - Rear end,Katimavik - Hazeldean
4357,COURTENAY AVE btwn SHERBOURNE RD & LAUDER DR,362475.1542,5026457.438,-75.76361505,45.37568512,2014-01-25,16:44,03 - Snow,05 - Packed snow,10 - No control,01 - Non intersection,05 - Dusk,03 - P.D. only,07 - SMV other,Carlingwood - McKellar Park - Laurentien View
4358,WEST HUNT CLUB RD @ ANTARES DR/LASER ST,367106.2895,5022080.554,-75.70504278,45.33590632,2014-01-31,12:00,01 - Clear,02 - Wet,01 - Traffic signal,02 - Intersection related,01 - Daylight,03 - P.D. only,03 - Rear end,Industrial Park
4359,WALKLEY RD @ GLENHAVEN PRIV,370213.2826,5025873.387,-75.66490344,45.36975036,2014-02-05,10:15,03 - Snow,03 - Loose snow,01 - Traffic signal,02 - Intersection related,01 - Daylight,03 - P.D. only,99 - Other,Ledbury - Heron Gate - Ridgemont - Elmwood
4360,BANK ST @ RANDALL AVE,369739.2513,5027279.7,-75.67076958,45.38244801,2014-02-05,10:49,01 - Clear,02 - Wet,01 - Traffic signal,02 - Intersection related,01 - Daylight,03 - P.D. only,03 - Rear end,Alta Vista
4361,GALETTA SIDE RD btwn MORNING DEW DR & LOGGERS WAY,324848.4632,5032430.91,-76.24377297,45.43152434,2014-02-06,18:45,01 - Clear,01 - Dry,10 - No control,01 - Non intersection,07 - Dark,03 - P.D. only,07 - SMV other,Galetta
4362,OTTAWA ROAD 29 btwn GALETTA SIDE RD & GALETTA SIDE RD,319413.0728,5027609.244,-76.31338183,45.38827113,2014-02-06,21:12,01 - Clear,01 - Dry,10 - No control,01 - Non intersection,07 - Dark,03 - P.D. only,07 - SMV other,Mississipp
4363,GRANGE AVE btwn SPENCER ST & WELLINGTON ST W,364582.1065,5029074.576,-75.73639925,45.39905705,2014-02-06,0:00,01 - Clear,01 - Dry,10 - No control,01 - Non intersection,00 - Unknown,03 - P.D. only,06 - SMV unattended vehicle,Island Park
4364,REGIONAL ROAD 174 btwn Continuation of REGIONAL ROAD 174 & OR174 IC112,374375.8137,5032527.355,-75.61083024,45.42921864,2014-02-06,6:43,01 - Clear,06 - Ice,10 - No control,01 - Non intersection,03 - Dawn,03 - P.D. only,03 - Rear end,Industrial Park