Record,Location,X,Y,lon,lat,Date,Time,Environment,Road_Surface,Traffic_Control,Collision_Location,Light,Collision_Classification,Impact_type,Neighborhood
4365,MCLEOD ST btwn ELGIN ST & CARTIER ST,368434.925,5030786.224,-75.68697087,45.41411832,2014-02-04,9:00,03 - Snow,05 - Packed snow,10 - No control,01 - Non intersection,01 - Daylight,03 - P.D. only,06 - SMV unattended vehicle,Golden Triangle
4366,WOODROFFE AVE btwn IRIS ST & MIRAMICHI ST,362319.701,5024350.518,-75.76584496,45.35674003,2014-02-07,14:17,01 - Clear,01 - Dry,10 - No control,01 - Non intersection,01 - Daylight,03 - P.D. only,04 - Sideswipe,Iris
4367,RAMSAYVILLE RD btwn RIDGE RD & RUSSELL RD,377053.5473,5027907.058,-75.57729068,45.38737643,2014-02-07,14:23,01 - Clear,03 - Loose snow,10 - No control,01 - Non intersection,01 - Daylight,03 - P.D. only,07 - SMV other,Greenbelt
4368,GREY SEAL CIRC btwn BOOKTON PL & BOOKTON PL,369289.0047,5016418.826,-75.67793347,45.28476597,2014-01-30,18:30,01 - Clear,03 - Loose snow,10 - No control,01 - Non intersection,07 - Dark,03 - P.D. only,06 - SMV unattended vehicle,Gloucester
4369,WOODROFFE AVE SB btwn TO BE DETERMINED & WEST HUNT CLUB RD,363646.5204,5021292.935,-75.74927521,45.32911807,2014-01-08,15:21,01 - Clear,01 - Dry,10 - No control,01 - Non intersection,01 - Daylight,03 - P.D. only,04 - Sideswipe,Woodvale - Craig Henry - Manordale - Estates of Arlington Wo
4370,CAMPEAU DR @ TERRY FOX DR,350457.7114,5019011.995,-75.91772954,45.30957555,2014-02-02,11:30,03 - Snow,04 - Slush,01 - Traffic signal,02 - Intersection related,01 - Daylight,03 - P.D. only,03 - Rear end,Kanata
4371,FALLOWFIELD RD @ WOODROFFE AVE,365085.15,5017903.443,-75.7313362,45.2984976,2014-02-04,10:58,01 - Clear,02 - Wet,01 - Traffic signal,02 - Intersection related,01 - Daylight,03 - P.D. only,03 - Rear end,New Barrhaven
4372,FITZGERALD RD btwn ROBERTSON RD & MOODIE DR,356772.8456,5020338.221,-75.83705891,45.32107014,2014-01-27,9:30,01 - Clear,05 - Packed snow,10 - No control,01 - Non intersection,01 - Daylight,03 - P.D. only,03 - Rear end,Bells Corners West
4373,RICHARDSON SIDE RD btwn BEAVERTAIL RD & SPRUCE RIDGE RD,342503.4037,5013699.209,-76.01957017,45.26224076,2014-02-10,7:45,01 - Clear,02 - Wet,10 - No control,01 - Non intersection,03 - Dawn,03 - P.D. only,07 - SMV other,Stittsville - Basswood
4374,CUMMINGS AVE btwn WELDON DR & OGILVIE RD,372738.7676,5032189.543,-75.63179563,45.42634011,2014-02-10,16:48,01 - Clear,01 - Dry,10 - No control,04 - At/near private drive,05 - Dusk,03 - P.D. only,02 - Angle,Cummings
4375,CARLING AVE @ BAYSHORE DR/BIRCHDALE AVE,359004.871,5023991.373,-75.80819011,45.35377254,2014-02-08,17:10,01 - Clear,01 - Dry,01 - Traffic signal,02 - Intersection related,01 - Daylight,03 - P.D. only,04 - Sideswipe,Bayshore
4376,CAMPEAU DR/HWY 417 MARCH IC138R63 @ MARCH RD,352842.1319,5020476.72,-75.8871808,45.32259639,2014-02-11,18:00,01 - Clear,01 - Dry,01 - Traffic signal,02 - Intersection related,05 - Dusk,03 - P.D. only,03 - Rear end,Greenbelt
4377,KELLY FARM DR btwn SHEPODY CIRC & FINDLAY CREEK DR,375188.9544,5020120.422,-75.60220785,45.31750556,2014-02-11,8:00,01 - Clear,01 - Dry,10 - No control,01 - Non intersection,01 - Daylight,03 - P.D. only,06 - SMV unattended vehicle,Greenbelt
4378,INNES RD btwn O'TOOLE RD & DUNNING RD,389607.767,5038497.686,-75.41517027,45.48125201,2014-02-11,7:00,01 - Clear,01 - Dry,10 - No control,01 - Non intersection,03 - Dawn,03 - P.D. only,99 - Other,Navan - Vars
4379,GREENBANK RD btwn JOCKVALE RD & CAMBRIAN RD,364544.3535,5013179.856,-75.7387995,45.256041,2014-02-12,10:37,01 - Clear,01 - Dry,10 - No control,01 - Non intersection,01 - Daylight,03 - P.D. only,03 - Rear end,New Barrhaven
4380,DALHOUSIE ST @ MURRAY ST,368002.1209,5032573.595,-75.69227071,45.43023971,2014-01-30,13:30,01 - Clear,01 - Dry,01 - Traffic signal,03 - At intersection,01 - Daylight,03 - P.D. only,05 - Turning movement,Byward Market
4381,PRINCE OF WALES DR btwn NAVY PRIV & PRESTON ST,366866.733,5028718.111,-75.70726518,45.39565086,2014-02-05,8:11,01 - Clear,01 - Dry,10 - No control,04 - At/near private drive,01 - Daylight,03 - P.D. only,05 - Turning movement,The Glebe
4382,DATA CENTRE RD @ RIVERSIDE DR,368896.4351,5027671.654,-75.68147976,45.38605232,2014-01-28,6:46,01 - Clear,06 - Ice,01 - Traffic signal,02 - Intersection related,07 - Dark,03 - P.D. only,03 - Rear end,Alta Vista
4383,LACASSE AVE @ MONTREAL RD,370686.7064,5033406.848,-75.65785359,45.4374892,2014-01-28,16:15,01 - Clear,03 - Loose snow,01 - Traffic signal,02 - Intersection related,01 - Daylight,03 - P.D. only,04 - Sideswipe,Vanier South
4384,ALBION RD @ LESTER RD,372693.5613,5022334.682,-75.63372855,45.3376745,2014-02-01,17:59,03 - Snow,03 - Loose snow,01 - Traffic signal,02 - Intersection related,05 - Dusk,03 - P.D. only,05 - Turning movement,Greenbelt
4385,CARLING AVE @ KIRKWOOD AVE S,364350.6866,5027337.803,-75.73956453,45.38344961,2014-02-01,17:30,03 - Snow,03 - Loose snow,01 - Traffic signal,02 - Intersection related,05 - Dusk,03 - P.D. only,03 - Rear end,Carlington
4386,COVENTRY RD btwn BELFAST RD & ST. LAURENT SC WEST,371623.7926,5031654.658,-75.6461151,45.42163486,2014-01-23,18:46,01 - Clear,01 - Dry,10 - No control,01 - Non intersection,07 - Dark,03 - P.D. only,07 - SMV other,Overbrook
4387,REGIONAL ROAD 174 EB btwn HWY417 IC113 RAMP65 & OR174 BLAIR IC112 RAMP51,374384.1889,5032509.543,-75.61072574,45.42905754,2014-01-25,22:50,03 - Snow,03 - Loose snow,10 - No control,01 - Non intersection,07 - Dark,03 - P.D. only,07 - SMV other,Pineview
4388,HILSON AVE btwn IONA ST & CLARE ST,364142.6313,5028085.887,-75.74213112,45.3901984,2014-01-29,13:00,01 - Clear,03 - Loose snow,10 - No control,04 - At/near private drive,01 - Daylight,03 - P.D. only,06 - SMV unattended vehicle,Westboro
4389,ST. JOSEPH BLVD/OLD MONTREAL RD @ TRIM RD,384678.2792,5039286.316,-75.47808776,45.48892875,2014-02-05,10:46,01 - Clear,01 - Dry,01 - Traffic signal,03 - At intersection,01 - Daylight,03 - P.D. only,03 - Rear end,Cardinal Creek
4390,MERIVALE RD btwn GILBEY DR & KIMWAY CRES,364703.4278,5024750.666,-75.73537434,45.3601409,2014-02-04,18:00,01 - Clear,02 - Wet,10 - No control,01 - Non intersection,07 - Dark,03 - P.D. only,04 - Sideswipe,Cityview - Skyline - Fisher Heights
4391,BATEMAN DR btwn BELLMAN DR & DUNBAR CRT,361466.8409,5020902.179,-75.77712457,45.32578143,2014-01-06,1:03,04 - Freezing Rain,06 - Ice,10 - No control,01 - Non intersection,07 - Dark,03 - P.D. only,99 - Other,Woodvale - Craig Henry - Manordale - Estates of Arlington Wo
4392,BELFAST RD btwn ST. LAURENT BLVD & TRIOLE ST,372882.0169,5030585.913,-75.63018681,45.41189748,2014-02-06,7:38,01 - Clear,02 - Wet,10 - No control,04 - At/near private drive,01 - Daylight,03 - P.D. only,02 - Angle,Industrial Park
4393,WALKLEY RD btwn MELFORT ST & RUSSELL RD,374536.8169,5028424.061,-75.60935339,45.39228327,2014-02-06,7:39,01 - Clear,01 - Dry,10 - No control,01 - Non intersection,01 - Daylight,03 - P.D. only,04 - Sideswipe,Hawthorne Meadows
4394,VIEWMOUNT DR btwn MERIVALE RD & GRANT CARMAN DR,365242.3663,5022976.125,-75.72871271,45.34412759,2014-02-07,14:24,01 - Clear,02 - Wet,10 - No control,04 - At/near private drive,01 - Daylight,03 - P.D. only,05 - Turning movement,Borden Farm - Stewart Farm - Parkwood Hills - Fisher Glen
4395,REGIONAL ROAD 174 btwn RAMP & TRIM RD,384238.9587,5039887.562,-75.48360996,45.49438831,2014-02-07,15:13,01 - Clear,01 - Dry,10 - No control,01 - Non intersection,01 - Daylight,03 - P.D. only,03 - Rear end,Chatelaine Village
4396,WOODROFFE AVE btwn HWY417 IC127 RAMP52 & HWY417 IC127 RAMP53,362194.0613,5024658.001,-75.76741274,45.35951704,2014-01-09,7:28,01 - Clear,01 - Dry,10 - No control,01 - Non intersection,03 - Dawn,03 - P.D. only,03 - Rear end,Iris
4397,CANOTEK RD btwn POLYTEK ST & GREEN CREEK DR,376386.0196,5035769.632,-75.58467166,45.45818776,2014-01-15,13:30,01 - Clear,05 - Packed snow,10 - No control,01 - Non intersection,01 - Daylight,03 - P.D. only,06 - SMV unattended vehicle,Greenbelt
4398,REGIONAL ROAD 174 btwn TRANSIT & OR174 IC105 RAMP51,377138.6834,5035714.482,-75.57505716,45.45761404,2014-02-04,17:06,01 - Clear,01 - Dry,10 - No control,01 - Non intersection,01 - Daylight,03 - P.D. only,07 - SMV other,Greenbelt
4399,BANK ST @ SNAKE ISLAND RD/VICTORIA ST,383698.2101,5010120.459,-75.4952794,45.2266272,2014-02-05,14:02,01 - Clear,05 - Packed snow,01 - Traffic signal,03 - At intersection,01 - Daylight,03 - P.D. only,02 - Angle,Metcalfe
4400,DONALD ST btwn ALESTHER ST & ST. LAURENT BLVD,372076.1774,5032470.689,-75.64022365,45.42893377,2014-01-28,14:19,01 - Clear,03 - Loose snow,10 - No control,01 - Non intersection,01 - Daylight,03 - P.D. only,04 - Sideswipe,Castle Heights
4401,GREENBANK RD @ MALVERN DR/FOXFIELD DR,363312.1934,5016194.18,-75.75414189,45.28326754,2014-01-31,17:11,01 - Clear,02 - Wet,01 - Traffic signal,03 - At intersection,05 - Dusk,03 - P.D. only,05 - Turning movement,Barrhaven West - Old Barrhaven
4402,BAY ST @ WELLINGTON ST,366816.1198,5031351.567,-75.7075803,45.41935045,2014-02-10,15:15,01 - Clear,01 - Dry,01 - Traffic signal,02 - Intersection related,01 - Daylight,03 - P.D. only,04 - Sideswipe,Downtown
4403,CARP RD @ HAZELDEAN RD,348805.0829,5014360.69,-75.93921698,45.26782703,2014-02-10,17:09,01 - Clear,01 - Dry,01 - Traffic signal,03 - At intersection,05 - Dusk,03 - P.D. only,05 - Turning movement,Stittsville
4404,EDGEWOOD AVE @ RICHMOND RD,363395.6873,5028402.805,-75.75163194,45.39311287,2014-02-08,13:04,01 - Clear,02 - Wet,02 - Stop sign,03 - At intersection,01 - Daylight,03 - P.D. only,02 - Angle,Westboro
4405,WEST HUNT CLUB RD EB btwn ROYDON PL/SUNDERLAND ST & 545 E OF ROYDON PL,366206.9142,5022302.57,-75.71648915,45.33798327,2014-01-03,10:20,01 - Clear,06 - Ice,10 - No control,01 - Non intersection,01 - Daylight,03 - P.D. only,03 - Rear end,Industrial Park
4406,CLEMENTINE BLVD @ HERON RD,369548.1947,5026787.484,-75.67327353,45.37803689,2014-01-04,11:15,03 - Snow,03 - Loose snow,01 - Traffic signal,02 - Intersection related,01 - Daylight,03 - P.D. only,04 - Sideswipe,Alta Vista
4407,CORKSTOWN RD btwn MARCH RD & MOODIE DR,356319.4245,5022630.935,-75.84260352,45.34173365,2014-02-11,18:00,01 - Clear,01 - Dry,10 - No control,01 - Non intersection,07 - Dark,03 - P.D. only,07 - SMV other,Greenbelt
4408,CLEGG ST @ COLONEL BY DR,368968.1362,5029741.608,-75.68029499,45.40467053,2014-02-12,11:09,01 - Clear,01 - Dry,02 - Stop sign,02 - Intersection related,01 - Daylight,03 - P.D. only,03 - Rear end,Old Ottawa East
4409,DUFFERIN RD @ MACKAY ST,368744.9509,5033740.188,-75.68262671,45.44066874,2014-02-06,10:10,01 - Clear,02 - Wet,02 - Stop sign,03 - At intersection,01 - Daylight,03 - P.D. only,99 - Other,New Edinburgh
4410,EDITH AVE btwn KING GEORGE ST & QUEEN MARY ST,370932.2469,5032035.852,-75.65489963,45.4251304,2014-02-08,15:13,01 - Clear,02 - Wet,10 - No control,01 - Non intersection,01 - Daylight,03 - P.D. only,06 - SMV unattended vehicle,Overbrook
4411,INNES RD btwn BLAIR RD & ANDERSON RD,375662.3851,5031496.589,-75.59453836,45.41981523,2014-01-29,6:44,01 - Clear,06 - Ice,10 - No control,01 - Non intersection,07 - Dark,03 - P.D. only,03 - Rear end,Greenbelt
4412,VIEWMOUNT DR @ MERIVALE RD,365193.6971,5022949.256,-75.72933699,45.34389002,2014-02-01,18:17,03 - Snow,03 - Loose snow,01 - Traffic signal,03 - At intersection,07 - Dark,03 - P.D. only,05 - Turning movement,Tanglewood
4413,BRONSON AVE @ HOLMWOOD AVE,367701.2147,5028729.797,-75.69660648,45.39568155,2014-02-01,16:00,03 - Snow,04 - Slush,01 - Traffic signal,03 - At intersection,01 - Daylight,03 - P.D. only,03 - Rear end,The Glebe
4414,GILMOUR ST @ KENT ST,367615.2349,5030671.623,-75.69745717,45.41316124,2014-01-26,15:13,01 - Clear,03 - Loose snow,01 - Traffic signal,03 - At intersection,01 - Daylight,03 - P.D. only,02 - Angle,Centretown
4415,FALLOWFIELD RD @ DWYER HILL RD,344780.0859,5002947.29,-75.99142412,45.16536356,2014-02-04,4:32,01 - Clear,06 - Ice,02 - Stop sign,03 - At intersection,07 - Dark,03 - P.D. only,02 - Angle,Munster Hamlet - Richmond
4416,STAGECOACH RD btwn CABIN RD & SNAKE ISLAND RD,378089.2639,5006122.412,-75.56728421,45.19125994,2014-02-05,12:21,03 - Snow,03 - Loose snow,10 - No control,04 - At/near private drive,01 - Daylight,03 - P.D. only,02 - Angle,Kars - Osgoode
4417,BRONSON AVE @ POWELL AVE,367388.3859,5029477.974,-75.7005067,45.40244146,2014-01-09,8:00,01 - Clear,02 - Wet,01 - Traffic signal,03 - At intersection,01 - Daylight,03 - P.D. only,02 - Angle,The Glebe
4418,HAZELDEAN RD btwn GO/KA BOUNDARY & HUNTMAR DR/IBER RD,351314.7768,5016411.764,-75.90704393,45.28612172,2014-01-09,17:30,01 - Clear,01 - Dry,10 - No control,01 - Non intersection,05 - Dusk,03 - P.D. only,04 - Sideswipe,Stittsville - Basswood
4419,BROOKFIELD RD @ CLEMENTINE BLVD,369571.2412,5026377.526,-75.67303307,45.37434609,2014-02-06,8:07,01 - Clear,02 - Wet,02 - Stop sign,03 - At intersection,01 - Daylight,03 - P.D. only,02 - Angle,Alta Vista
4420,RICHMOND RD @ HOLLY ACRES RD/NANAIMO DR,359059.1786,5022748.243,-75.80763343,45.34258264,2014-02-06,8:22,01 - Clear,01 - Dry,01 - Traffic signal,02 - Intersection related,01 - Daylight,03 - P.D. only,04 - Sideswipe,Greenbelt
4421,ERINDALE DR @ BASELINE RD,363858.1991,5024575.269,-75.74618311,45.35863441,2014-02-07,16:04,01 - Clear,01 - Dry,02 - Stop sign,02 - Intersection related,01 - Daylight,03 - P.D. only,07 - SMV other,Braemar Park - Bel Air Heights - Copeland Park
4422,BELFAST RD @ ST. LAURENT BLVD,372861.738,5030578.815,-75.63044684,45.41183559,2014-02-07,14:30,01 - Clear,01 - Dry,01 - Traffic signal,03 - At intersection,01 - Daylight,03 - P.D. only,05 - Turning movement,Industrial Park
4423,HILDA ST btwn O'MEARA ST & ARMSTRONG ST,365583.1405,5029962.327,-75.72350473,45.40695863,2014-02-07,0:00,03 - Snow,05 - Packed snow,10 - No control,01 - Non intersection,00 - Unknown,03 - P.D. only,06 - SMV unattended vehicle,Mechanicsville
4424,SOMERSET ST    E btwn NELSON ST & SWEETLAND AVE,369132.6289,5031784.257,-75.67792729,45.42303446,2014-02-01,15:30,01 - Clear,01 - Dry,10 - No control,01 - Non intersection,01 - Daylight,03 - P.D. only,06 - SMV unattended vehicle,Sandy Hill
4425,BRONSON AVE @ LAKESIDE AVE,367654.3723,5028839.161,-75.69719078,45.39666978,2014-02-01,18:10,03 - Snow,03 - Loose snow,02 - Stop sign,02 - Intersection related,07 - Dark,03 - P.D. only,03 - Rear end,The Glebe
4426,HOLLAND AVE btwn INGLEWOOD PL & CARLING AVE,365411.3298,5028050.695,-75.72593428,45.3897731,2014-02-10,17:29,01 - Clear,02 - Wet,10 - No control,04 - At/near private drive,05 - Dusk,03 - P.D. only,05 - Turning movement,Civic Hospital - Experimental Farm - Central Park
4427,AMHERST CRES btwn VALIANT ST & WESSEX RD,363293.6725,5015079.259,-75.75450934,45.273237,2014-02-09,0:00,03 - Snow,03 - Loose snow,10 - No control,01 - Non intersection,00 - Unknown,03 - P.D. only,06 - SMV unattended vehicle,Barrhaven West - Old Barrhaven
4428,OSGOODE ST @ RANGE RD,369499.565,5032250.259,-75.67317769,45.42719353,2014-02-10,13:30,01 - Clear,04 - Slush,02 - Stop sign,02 - Intersection related,01 - Daylight,03 - P.D. only,06 - SMV unattended vehicle,Sandy Hill
4429,THORNBURY CRES btwn HEMMINGWOOD WAY W & REDDING WAY,362098.2221,5023105.291,-75.76881588,45.34555369,2014-02-07,0:00,01 - Clear,05 - Packed snow,10 - No control,01 - Non intersection,00 - Unknown,03 - P.D. only,06 - SMV unattended vehicle,Centrepointe
4430,MARCH RD @ SOLANDT RD,350489.6085,5022711.263,-75.91698141,45.34286039,2014-01-05,9:47,03 - Snow,03 - Loose snow,01 - Traffic signal,02 - Intersection related,01 - Daylight,03 - P.D. only,07 - SMV other,South March
4431,MCARTHUR AVE @ NORTH RIVER RD,369822.129,5032646.582,-75.66900362,45.43072957,2014-01-11,8:09,02 - Rain,06 - Ice,01 - Traffic signal,02 - Intersection related,01 - Daylight,03 - P.D. only,07 - SMV other,Vanier South
4432,SHEFFIELD RD @ WALKLEY RD,375260.1048,5028782.643,-75.60006582,45.39543721,2014-02-12,11:47,01 - Clear,99 - Other,01 - Traffic signal,02 - Intersection related,01 - Daylight,03 - P.D. only,03 - Rear end,Industrial Park
4433,VANIER PKWY/CRICHTON ST @ BEECHWOOD AVE/ST. PA,369127.8367,5033487.338,-75.67776604,45.43835857,2014-02-11,23:15,01 - Clear,99 - Other,01 - Traffic signal,02 - Intersection related,07 - Dark,03 - P.D. only,07 - SMV other,Vanier North
4434,PARKDALE AVE btwn INGLEWOOD PL & CARLING AVE,365618.1306,5028193.386,-75.72327589,45.39103907,2014-02-10,15:00,01 - Clear,01 - Dry,10 - No control,01 - Non intersection,01 - Daylight,03 - P.D. only,06 - SMV unattended vehicle,Civic Hospital - Experimental Farm - Central Park
4435,ELGIN ST @ WELLINGTON ST W,367665.7177,5031878.338,-75.69665829,45.42401434,2014-01-29,19:28,01 - Clear,02 - Wet,01 - Traffic signal,02 - Intersection related,07 - Dark,03 - P.D. only,04 - Sideswipe,Downtown
4436,STEVENSON AVE btwn CARLING AVE & CRERAR AVE,365275.6955,5027897.85,-75.72768504,45.38840955,2014-01-23,11:33,01 - Clear,02 - Wet,10 - No control,01 - Non intersection,01 - Daylight,03 - P.D. only,06 - SMV unattended vehicle,Carlington
4437,GREENBANK RD @ HARRISON ST/ASHGROVE CRES,360840.6956,5022007.748,-75.78498626,45.33577961,2014-02-01,18:56,03 - Snow,03 - Loose snow,01 - Traffic signal,03 - At intersection,07 - Dark,03 - P.D. only,02 - Angle,Briar Green - Leslie Park
4438,LEES AVE @ KING EDWARD AVE/MANN AVE,369178.8434,5031336.384,-75.67739533,45.41900042,2014-02-01,19:16,03 - Snow,03 - Loose snow,01 - Traffic signal,03 - At intersection,07 - Dark,03 - P.D. only,05 - Turning movement,Sandy Hill
4439,OR174 IC109 RAMP26 @ REGIONAL RD 174,379340.5492,5037001.671,-75.54671216,45.46896376,2014-01-29,9:07,01 - Clear,04 - Slush,10 - No control,02 - Intersection related,01 - Daylight,03 - P.D. only,03 - Rear end,Greenbelt
4440,EAGLESON RD @ PERTH ST/RICHMOND RD,358015.1566,5007409.397,-75.82259864,45.2046412,2014-01-30,8:59,01 - Clear,02 - Wet,01 - Traffic signal,02 - Intersection related,01 - Daylight,03 - P.D. only,03 - Rear end,Munster Hamlet - Richmond
4441,REGIONAL ROAD 174 btwn OR174 IC105 RAMP63 & OR174 IC102 RAMP36,380189.5576,5037478.22,-75.53578275,45.47316025,2014-02-04,6:45,01 - Clear,01 - Dry,10 - No control,01 - Non intersection,03 - Dawn,03 - P.D. only,04 - Sideswipe,Orleans South West
4442,REGIONAL ROAD 174 btwn OR174 IC105 RAMP63 & OR174 IC102 RAMP36,380177.2353,5037468.742,-75.53594178,45.4730763,2014-02-04,7:45,01 - Clear,01 - Dry,10 - No control,01 - Non intersection,01 - Daylight,03 - P.D. only,03 - Rear end,Orleans South West
4443,MAPLE GROVE RD @ TERRY FOX DR,351555.0304,5017864.465,-75.90384448,45.29917758,2014-02-05,12:37,03 - Snow,02 - Wet,01 - Traffic signal,02 - Intersection related,01 - Daylight,03 - P.D. only,03 - Rear end,Katimavik - Hazeldean
4444,CHAPMAN MILLS DR btwn CLEARBROOK DR & SUMMERLINE GT,365992.3965,5015123.445,-75.7201123,45.27340492,2014-02-05,12:46,01 - Clear,03 - Loose snow,10 - No control,01 - Non intersection,01 - Daylight,03 - P.D. only,02 - Angle,New Barrhaven
4445,WOODROFFE AVE btwn KNOXDALE RD/MEDHURST DR & NORICE ST,363205.5845,5022377.587,-75.7547719,45.33891454,2014-01-14,11:55,01 - Clear,01 - Dry,10 - No control,01 - Non intersection,01 - Daylight,03 - P.D. only,03 - Rear end,Tanglewood
4446,REGIONAL ROAD 174 btwn OR174 IC112 RAMP36 & OR174 IC112 RAMP26,374741.5349,5032805.277,-75.60611747,45.43168275,2014-02-06,7:30,01 - Clear,02 - Wet,10 - No control,01 - Non intersection,01 - Daylight,03 - P.D. only,03 - Rear end,Industrial Park
4447,GERRY LALONDE DR btwn AZURE ST/TRIGORIA CRES & NACARAT ST,383577.1929,5034985.977,-75.49286152,45.45036336,2014-01-02,15:40,01 - Clear,05 - Packed snow,10 - No control,01 - Non intersection,01 - Daylight,03 - P.D. only,99 - Other,Avalon
4448,BASELINE RD @ COLLEGE SQUARE SC,362759.0134,5023897.376,-75.76029137,45.35262652,2014-02-14,12:53,03 - Snow,03 - Loose snow,01 - Traffic signal,02 - Intersection related,01 - Daylight,03 - P.D. only,04 - Sideswipe,Braemar Park - Bel Air Heights - Copeland Park
4449,BANK ST @ RIVERSIDE DR S,369306.1389,5027893.605,-75.67621932,45.38801175,2014-02-14,18:30,01 - Clear,01 - Dry,01 - Traffic signal,02 - Intersection related,07 - Dark,03 - P.D. only,04 - Sideswipe,Alta Vista
4450,DWYER HILL RD btwn PURDY RD & DWYER HILL RD,350992.2399,4995721.591,-75.91307218,45.09996358,2014-01-27,10:44,05 - Drifting Snow,03 - Loose snow,10 - No control,01 - Non intersection,01 - Daylight,03 - P.D. only,04 - Sideswipe,Munster Hamlet - Richmond
4451,BANK ST @ WALKLEY RD,370337.345,5025949.002,-75.66330974,45.37041913,2014-01-25,19:19,03 - Snow,03 - Loose snow,01 - Traffic signal,02 - Intersection related,07 - Dark,03 - P.D. only,03 - Rear end,Ledbury - Heron Gate - Ridgemont - Elmwood
4452,MERIVALE RD btwn MEADOWLANDS DR W & TURN LANE,364864.5641,5023711.278,-75.73344402,45.35077485,2014-02-18,16:20,01 - Clear,02 - Wet,10 - No control,01 - Non intersection,01 - Daylight,03 - P.D. only,04 - Sideswipe,Borden Farm - Stewart Farm - Parkwood Hills - Fisher Glen
4453,RIVERSIDE DR @ HERON RD,368120.631,5026647.221,-75.69151728,45.37690531,2014-02-19,16:17,03 - Snow,03 - Loose snow,01 - Traffic signal,02 - Intersection related,01 - Daylight,03 - P.D. only,03 - Rear end,Riverside Park
4454,WEST HUNT CLUB RD @ ANTARES DR/LASER ST,367110.081,5022082.45,-75.70499417,45.33592304,2014-02-21,6:00,02 - Rain,04 - Slush,01 - Traffic signal,02 - Intersection related,07 - Dark,03 - P.D. only,07 - SMV other,Industrial Park
4455,MER BLEUE RD @ SAPHIR AVE,384025.2814,5032308.299,-75.48756474,45.4262213,2014-02-14,7:28,02 - Rain,03 - Loose snow,02 - Stop sign,03 - At intersection,01 - Daylight,03 - P.D. only,01 - Approaching,Chapel Hill South
4456,HAWTHORNE AVE @ MAIN ST,368969.1887,5030632.314,-75.68016561,45.4126847,2014-02-14,7:56,03 - Snow,03 - Loose snow,01 - Traffic signal,02 - Intersection related,01 - Daylight,03 - P.D. only,03 - Rear end,Old Ottawa East
4457,MITCH OWENS RD btwn BANK ST & TURN LANE,377809.0027,5015979.687,-75.56940388,45.27998148,2014-02-23,20:00,01 - Clear,02 - Wet,10 - No control,01 - Non intersection,07 - Dark,03 - P.D. only,07 - SMV other,Osgoode
4458,CROMWELL DR btwn COLMAN ST & END,369071.1394,5025921.319,-75.67947682,45.37028731,2014-01-27,14:45,06 - Strong wind,05 - Packed snow,10 - No control,04 - At/near private drive,01 - Daylight,03 - P.D. only,99 - Other,Riverside Park
4459,JEANNE D'ARC BLVD  N btwn VOYAGEUR DR & PADDLER WAY,379427.7598,5037936.126,-75.54545506,45.47736196,2014-02-21,17:45,01 - Clear,02 - Wet,10 - No control,01 - Non intersection,05 - Dusk,03 - P.D. only,07 - SMV other,Orleans South West
4460,TRIM RD btwn BRIARGATE PRIV & INNES RD,386540.8622,5037335.949,-75.45458759,45.47116571,2014-02-23,18:00,01 - Clear,01 - Dry,10 - No control,04 - At/near private drive,07 - Dark,03 - P.D. only,02 - Angle,Cardinal Creek
4461,PRINCE OF WALES DR btwn WELLSMERE CRT & TURN LANE,367404.3955,5022236.719,-75.7012199,45.33728493,2014-02-14,9:53,05 - Drifting Snow,03 - Loose snow,10 - No control,01 - Non intersection,01 - Daylight,03 - P.D. only,03 - Rear end,Industrial Park
4462,COLONNADE RD    N btwn COLONNADE RD & CORINTH PRIV,366278.3232,5023058.862,-75.71548412,45.34478201,2014-02-14,9:55,03 - Snow,03 - Loose snow,10 - No control,01 - Non intersection,01 - Daylight,03 - P.D. only,01 - Approaching,Industrial Park
4463,CLYDE AVE @ MAITLAND AVE,364249.2196,5025138.621,-75.74112482,45.36367033,2014-02-14,9:55,03 - Snow,03 - Loose snow,03 - Yield sign,03 - At intersection,01 - Daylight,03 - P.D. only,03 - Rear end,Civic Hospital - Experimental Farm - Central Park
4464,FALLOWFIELD RD @ TRANSITWAY/VIARAIL,364468.5643,5017548.011,-75.73924002,45.29535207,2014-02-14,8:45,03 - Snow,03 - Loose snow,01 - Traffic signal,02 - Intersection related,01 - Daylight,03 - P.D. only,03 - Rear end,New Barrhaven
4465,GREENBANK RD btwn WEST HUNT CLUB RD & FALLOWFIELD RD,361875.6776,5019590.974,-75.77206073,45.31395009,2014-01-25,8:54,06 - Strong wind,03 - Loose snow,10 - No control,01 - Non intersection,01 - Daylight,03 - P.D. only,07 - SMV other,Greenbelt
4466,RUSSLAND RD btwn DUNNING RD & Continuation of RUSSLAND RD,398620.4847,5023611.974,-75.30274058,45.34617826,2014-01-29,6:30,01 - Clear,05 - Packed snow,10 - No control,04 - At/near private drive,07 - Dark,03 - P.D. only,02 - Angle,Navan - Vars
4467,CEDARVIEW RD @ WEST HUNT CLUB RD,359718.1704,5019555.745,-75.79957923,45.31380515,2014-02-17,17:00,01 - Clear,06 - Ice,01 - Traffic signal,02 - Intersection related,01 - Daylight,03 - P.D. only,03 - Rear end,Greenbelt