Record,Location,X,Y,lon,lat,Date,Time,Environment,Road_Surface,Traffic_Control,Collision_Location,Light,Collision_Classification,Impact_type,Neighborhood
4468,CENTRAL PARK DR S @ MERIVALE RD,364985.8356,5025597.963,-75.73166673,45.36774056,2014-02-18,16:14,01 - Clear,02 - Wet,01 - Traffic signal,02 - Intersection related,01 - Daylight,03 - P.D. only,03 - Rear end,Civic Hospital - Experimental Farm - Central Park
4469,BOOTH ST @ OTTAWA RIVER PKWY/WELLINGTON ST,366264.7309,5031003.844,-75.71466846,45.41627039,2014-02-18,16:15,03 - Snow,03 - Loose snow,01 - Traffic signal,02 - Intersection related,01 - Daylight,03 - P.D. only,03 - Rear end,LeBreton Flats
4470,NAVAN RD @ PAGE RD,381660.5417,5032770.162,-75.51770759,45.43064063,2014-02-12,10:45,01 - Clear,01 - Dry,02 - Stop sign,03 - At intersection,01 - Daylight,03 - P.D. only,02 - Angle,Chapel Hill South
4471,JOHN SUTHERLAND DR @ RICHMOND RD,358785.144,5022150.747,-75.81119515,45.33722749,2014-02-12,17:15,01 - Clear,01 - Dry,01 - Traffic signal,03 - At intersection,01 - Daylight,03 - P.D. only,02 - Angle,Greenbelt
4472,HAWTHORNE RD/RUSSELL RD @ WALKLEY RD,374674.521,5028499.923,-75.60758417,45.39295212,2014-02-16,15:50,01 - Clear,01 - Dry,01 - Traffic signal,02 - Intersection related,01 - Daylight,03 - P.D. only,03 - Rear end,Sheffield Glen
4473,PRESTONE DR @ ST. JOSEPH BLVD,382325.2705,5038275.481,-75.50834565,45.48009948,2014-02-16,16:21,01 - Clear,01 - Dry,01 - Traffic signal,03 - At intersection,01 - Daylight,03 - P.D. only,02 - Angle,Queenswood Heights
4474,EVELYN AVE @ MAIN ST,369038.2349,5030470.728,-75.67930461,45.41122447,2014-01-31,12:40,01 - Clear,01 - Dry,01 - Traffic signal,02 - Intersection related,01 - Daylight,03 - P.D. only,04 - Sideswipe,Old Ottawa East
4475,MEADOWLANDS DR btwn INVERNESS AVE & DEER PARK RD,365839.4698,5024773.553,-75.72087207,45.36024885,2014-01-27,11:35,05 - Drifting Snow,03 - Loose snow,10 - No control,04 - At/near private drive,01 - Daylight,03 - P.D. only,02 - Angle,Borden Farm - Stewart Farm - Parkwood Hills - Fisher Glen
4476,BASIL MACDONALD WAY @ GRANT CARMAN DR,365351.9721,5023328.755,-75.72727102,45.34729105,2014-01-24,14:00,04 - Freezing Rain,06 - Ice,02 - Stop sign,03 - At intersection,01 - Daylight,03 - P.D. only,03 - Rear end,Borden Farm - Stewart Farm - Parkwood Hills - Fisher Glen
4477,HAWTHORNE RD @ STEVENAGE DR,375137.2475,5027313.79,-75.60184414,45.38223355,2014-02-19,16:39,01 - Clear,02 - Wet,01 - Traffic signal,03 - At intersection,01 - Daylight,03 - P.D. only,05 - Turning movement,Industrial Park
4478,EAGLESON RD @ HAZELDEAN RD/ROBERTSON RD,353674.1319,5018424.713,-75.87677096,45.30407459,2014-02-19,15:40,01 - Clear,02 - Wet,01 - Traffic signal,02 - Intersection related,01 - Daylight,03 - P.D. only,04 - Sideswipe,Greenbelt
4479,GREENBANK RD @ MARKETPLACE AVE,364007.4058,5014599.814,-75.7454709,45.26886321,2014-02-21,6:14,02 - Rain,02 - Wet,01 - Traffic signal,03 - At intersection,03 - Dawn,03 - P.D. only,05 - Turning movement,New Barrhaven
4480,COLONEL BY DR @ HAWTHORNE AVE/PRETORIA BRIDGE,368768.5396,5030526.041,-75.68274266,45.41174687,2014-02-21,6:41,02 - Rain,02 - Wet,01 - Traffic signal,03 - At intersection,03 - Dawn,03 - P.D. only,02 - Angle,Old Ottawa East
4481,WALKLEY RD btwn AUDREY AVE & TAWNEY RD,374092.6708,5028160.376,-75.61506217,45.38995485,2014-02-14,8:04,03 - Snow,03 - Loose snow,10 - No control,04 - At/near private drive,01 - Daylight,03 - P.D. only,02 - Angle,Hawthorne Meadows
4482,LIMEBANK RD btwn RIVER RD & BALMORAL DR,368452.4795,5020297.972,-75.68809783,45.31974617,2014-02-21,19:31,01 - Clear,06 - Ice,10 - No control,01 - Non intersection,07 - Dark,03 - P.D. only,07 - SMV other,Greenbelt
4483,ALBERT ST @ BOOTH ST,366428.4909,5030627.306,-75.71262339,45.41286801,2014-02-24,10:27,01 - Clear,01 - Dry,01 - Traffic signal,03 - At intersection,01 - Daylight,03 - P.D. only,02 - Angle,Centretown West
4484,BANK ST btwn PHILNOR ST & SALE BARN RD,379930.4518,5013581.064,-75.54272982,45.25817626,2014-02-24,12:12,01 - Clear,01 - Dry,10 - No control,01 - Non intersection,01 - Daylight,03 - P.D. only,07 - SMV other,Osgoode
4485,BRONSON AVE/BRONSON/HERON RAMP 35 @ HERON RD,368642.3465,5026696.707,-75.68485026,45.37730323,2014-02-05,16:28,03 - Snow,04 - Slush,01 - Traffic signal,02 - Intersection related,01 - Daylight,03 - P.D. only,03 - Rear end,Riverside Park
4486,BRONSON AVE @ CATHERINE ST/RAYMOND ST,367253.7224,5029796.82,-75.70218632,45.40532238,2014-02-21,18:39,01 - Clear,02 - Wet,01 - Traffic signal,02 - Intersection related,07 - Dark,03 - P.D. only,03 - Rear end,Centretown West
4487,RAMSAYVILLE RD @ RIDGE RD,376685.1676,5028865.432,-75.58185482,45.39603725,2014-02-21,18:54,02 - Rain,06 - Ice,02 - Stop sign,02 - Intersection related,07 - Dark,03 - P.D. only,07 - SMV other,Greenbelt
4488,WALKLEY RD btwn BANK ST & BANFF AVE,370403.7582,5025986.011,-75.66245704,45.37074591,2014-01-11,7:14,04 - Freezing Rain,06 - Ice,10 - No control,01 - Non intersection,03 - Dawn,03 - P.D. only,04 - Sideswipe,Ledbury - Heron Gate - Ridgemont - Elmwood
4489,MARCH RD @ MORGAN'S GRANT WAY/SHIRLEY'S BROOK ,349661.1017,5023618.245,-75.9274707,45.35107509,2014-02-14,8:30,03 - Snow,04 - Slush,01 - Traffic signal,03 - At intersection,01 - Daylight,03 - P.D. only,05 - Turning movement,Morgan's Grant
4490,CARP RD btwn BAIRD SIDE RD & THOMAS A. DOLAN PKWY,336358.1439,5026002.213,-76.09708924,45.37325189,2014-02-14,10:11,03 - Snow,05 - Packed snow,10 - No control,01 - Non intersection,01 - Daylight,03 - P.D. only,01 - Approaching,Car
4491,FAIRLAWN AVE btwn WOODROFFE AVE & FOX CRES,361973.2088,5025735.984,-75.77010678,45.36923468,2014-02-14,14:55,03 - Snow,03 - Loose snow,10 - No control,01 - Non intersection,01 - Daylight,03 - P.D. only,03 - Rear end,Glabar Park
4492,RIDEAU VALLEY DR btwn BARNSDALE RD & BANKFIELD RD,367509.3789,5011007.919,-75.70129976,45.23623999,2014-01-30,12:30,01 - Clear,02 - Wet,10 - No control,01 - Non intersection,01 - Daylight,03 - P.D. only,99 - Other,New Barrhaven
4493,TENTH LINE RD @ CHARLEMAGNE BLVD N/TOMPKINS AV,383184.4038,5037977.882,-75.49740534,45.47732603,2014-02-04,9:35,01 - Clear,02 - Wet,01 - Traffic signal,02 - Intersection related,01 - Daylight,03 - P.D. only,03 - Rear end,Queenswood Heights
4494,LAURIER AVE   W btwn BAY ST & LYON ST N,367051.1511,5031008.071,-75.70462084,45.4162389,2014-02-17,19:00,01 - Clear,01 - Dry,10 - No control,04 - At/near private drive,07 - Dark,03 - P.D. only,06 - SMV unattended vehicle,Downtown
4495,FALLOWFIELD RD @ WOODROFFE AVE,365085.657,5017902.937,-75.7313298,45.29849301,2014-02-18,6:21,03 - Snow,03 - Loose snow,01 - Traffic signal,03 - At intersection,03 - Dawn,03 - P.D. only,02 - Angle,Greenbelt
4496,ST. LAURENT BLVD btwn FOLEY AVE & WALKLEY RD,373838.1613,5028195.012,-75.61830728,45.39029162,2014-02-18,16:34,03 - Snow,04 - Slush,10 - No control,01 - Non intersection,01 - Daylight,03 - P.D. only,03 - Rear end,Urbandale
4497,BLAIR RD @ INNES RD,375578.7349,5031440.316,-75.59561517,45.41931738,2014-02-18,17:09,03 - Snow,04 - Slush,01 - Traffic signal,03 - At intersection,05 - Dusk,03 - P.D. only,02 - Angle,Greenbelt
4498,GREENBANK RD btwn WEST HUNT CLUB RD & FALLOWFIELD RD,363074.8903,5016751.074,-75.75710114,45.2882982,2014-02-13,8:26,01 - Clear,01 - Dry,10 - No control,01 - Non intersection,01 - Daylight,03 - P.D. only,03 - Rear end,Greenbelt
4499,EAGLESON RD btwn FLEWELLYN RD & FAULKNER TR,355403.713,5014053.113,-75.85516303,45.26461556,2014-02-18,8:42,03 - Snow,03 - Loose snow,10 - No control,01 - Non intersection,01 - Daylight,03 - P.D. only,07 - SMV other,Stittsville - Basswood
4500,HAWTHORNE RD @ LEITRIM RD,377039.2687,5022709.756,-75.57823278,45.34061526,2014-02-18,9:00,03 - Snow,06 - Ice,01 - Traffic signal,03 - At intersection,01 - Daylight,03 - P.D. only,02 - Angle,Greenbelt
4501,HARVEST CRES btwn GREY NUNS DR & GREY NUNS DR,379591.868,5036861.087,-75.54351993,45.46767203,2014-02-08,20:40,01 - Clear,05 - Packed snow,10 - No control,04 - At/near private drive,07 - Dark,03 - P.D. only,06 - SMV unattended vehicle,Industrial Park
4502,CLARENDON AVE btwn WELLINGTON ST W & BYRON AVE,364538.8043,5029006.5,-75.73696055,45.39844821,2014-01-29,14:20,01 - Clear,03 - Loose snow,10 - No control,01 - Non intersection,01 - Daylight,03 - P.D. only,06 - SMV unattended vehicle,Island Park
4503,ORLEANS BLVD @ ST. JOSEPH BLVD,380631.2307,5036980.844,-75.53021141,45.46863744,2014-01-29,18:02,01 - Clear,02 - Wet,01 - Traffic signal,03 - At intersection,07 - Dark,03 - P.D. only,05 - Turning movement,Industrial Park
4504,CHAPEL ST @ RIDEAU ST,368892.2962,5032643.908,-75.68088619,45.43079135,2014-02-19,18:11,01 - Clear,02 - Wet,01 - Traffic signal,03 - At intersection,05 - Dusk,03 - P.D. only,05 - Turning movement,Lower Town
4505,ALTA VISTA DR @ BANK ST,370245.4349,5026201.763,-75.6644495,45.37270198,2014-02-19,16:20,01 - Clear,02 - Wet,01 - Traffic signal,02 - Intersection related,01 - Daylight,03 - P.D. only,03 - Rear end,Ledbury - Heron Gate - Ridgemont - Elmwood
4506,FALLOWFIELD RD @ WOODROFFE AVE,365087.5197,5017900.346,-75.73130636,45.29846953,2014-02-21,6:49,02 - Rain,02 - Wet,01 - Traffic signal,02 - Intersection related,07 - Dark,03 - P.D. only,03 - Rear end,Greenbelt
4507,ALBION RD/COLLISTON CRES E @ WALKLEY RD,371035.1515,5026353.586,-75.65434783,45.37399384,2014-02-21,19:30,04 - Freezing Rain,06 - Ice,01 - Traffic signal,02 - Intersection related,07 - Dark,03 - P.D. only,03 - Rear end,Ledbury - Heron Gate - Ridgemont - Elmwood
4508,RIVERSIDE DR SB btwn FROBISHER LANE & HINCKS LANE,370153.0277,5030007.087,-75.6651252,45.40694959,2014-02-21,20:40,01 - Clear,06 - Ice,10 - No control,01 - Non intersection,07 - Dark,03 - P.D. only,07 - SMV other,Industrial Park
4509,VIEWMOUNT DR btwn MEADOWLANDS DR W & OAKRIDGE BLVD,363743.434,5023098.576,-75.74782388,45.34535695,2014-02-24,14:00,01 - Clear,01 - Dry,10 - No control,04 - At/near private drive,01 - Daylight,03 - P.D. only,02 - Angle,Crestview - Meadowlands
4510,LEITRIM RD btwn HIGH RD & ALBION RD,373019.812,5020127.252,-75.62987048,45.31778113,2014-02-21,20:50,03 - Snow,03 - Loose snow,10 - No control,01 - Non intersection,07 - Dark,03 - P.D. only,07 - SMV other,Greenbelt
4511,HEMLOCK RD @ ST. LAURENT BLVD,371144.7588,5034782.073,-75.65181412,45.44981952,2014-02-10,23:41,01 - Clear,01 - Dry,01 - Traffic signal,03 - At intersection,07 - Dark,03 - P.D. only,05 - Turning movement,Cemetery
4512,WEST HUNT CLUB RD @ CLEOPATRA DR/LANCELOT DR,365237.1074,5021732.494,-75.72893172,45.33293801,2014-02-11,8:16,01 - Clear,01 - Dry,01 - Traffic signal,02 - Intersection related,01 - Daylight,03 - P.D. only,03 - Rear end,Tanglewood
4513,GILLIGAN RD @ LEITRIM RD,372980.2,5020083.566,-75.63038168,45.31739191,2014-07-10,17:57,01 - Clear,01 - Dry,01 - Traffic signal,02 - Intersection related,01 - Daylight,03 - P.D. only,03 - Rear end,Greenbelt
4514,WEST HUNT CLUB RD EB btwn WOODROFFE AVE & 354 E OF WOODROFFE AVE/REC P,363757.4209,5021313.156,-75.74785813,45.32929071,2014-02-22,14:41,01 - Clear,02 - Wet,10 - No control,01 - Non intersection,01 - Daylight,03 - P.D. only,03 - Rear end,Tanglewood
4515,GREENBANK RD @ HWY 417 IC129 RAMP57/IRIS ST,360531.5367,5023312.505,-75.78878347,45.34754443,2014-01-05,14:45,01 - Clear,01 - Dry,01 - Traffic signal,02 - Intersection related,01 - Daylight,03 - P.D. only,03 - Rear end,Iris
4516,BANKFIELD RD btwn KILREEN LANE & PRINCE OF WALES DR,366249.3984,5008904.664,-75.7176057,45.21742594,2014-02-14,7:00,03 - Snow,03 - Loose snow,10 - No control,01 - Non intersection,03 - Dawn,03 - P.D. only,01 - Approaching,Manotick
4517,TRIM RD @ WATTERS RD,384966.1924,5038717.102,-75.47449792,45.48377451,2014-02-14,10:31,03 - Snow,03 - Loose snow,01 - Traffic signal,03 - At intersection,01 - Daylight,03 - P.D. only,02 - Angle,Cardinal Creek
4518,CRERAR AVE @ FISHER AVE,365453.2096,5027698.811,-75.72544273,45.38660329,2014-02-14,15:13,01 - Clear,02 - Wet,02 - Stop sign,02 - Intersection related,01 - Daylight,03 - P.D. only,03 - Rear end,Carlington
4519,RIVERSIDE DR @ TREMBLAY RD/HWY417 IC117 RAMP52,370802.5851,5031016.161,-75.65669299,45.41596789,2014-02-04,9:58,01 - Clear,01 - Dry,01 - Traffic signal,02 - Intersection related,01 - Daylight,03 - P.D. only,03 - Rear end,Industrial Park
4520,BYRON AVE @ TWEEDSMUIR AVE,363592.1831,5028304.806,-75.74913424,45.39221462,2014-02-07,17:52,01 - Clear,02 - Wet,02 - Stop sign,03 - At intersection,07 - Dark,03 - P.D. only,02 - Angle,Westboro
4521,HAWTHORNE RD @ HUNT CLUB RD,375507.1575,5026404.87,-75.59725139,45.3740183,2014-02-18,6:33,03 - Snow,03 - Loose snow,01 - Traffic signal,02 - Intersection related,03 - Dawn,03 - P.D. only,03 - Rear end,Industrial Park
4522,COLONY HEIGHTS RD @ BANKFIELD RD,368240.6102,5010048.168,-75.69210969,45.22753868,2014-02-18,6:51,03 - Snow,03 - Loose snow,02 - Stop sign,03 - At intersection,03 - Dawn,03 - P.D. only,01 - Approaching,Manotick
4523,TENTH LINE RD @ LAKEPOINTE DR,384261.6859,5035416.912,-75.48404228,45.45416303,2014-02-18,17:17,03 - Snow,02 - Wet,01 - Traffic signal,02 - Intersection related,05 - Dusk,03 - P.D. only,03 - Rear end,Avalon
4524,KIRKWOOD AVE @ RICHMOND RD,363778.1827,5028642.822,-75.74671854,45.39524039,2014-02-18,17:20,01 - Clear,04 - Slush,01 - Traffic signal,03 - At intersection,07 - Dark,03 - P.D. only,02 - Angle,Westboro
4525,COVENTRY RD @ VANIER PKWY,370676.8588,5031611.703,-75.65821958,45.42133818,2014-02-12,8:00,01 - Clear,01 - Dry,01 - Traffic signal,02 - Intersection related,01 - Daylight,03 - P.D. only,04 - Sideswipe,Overbrook
4526,HUNT CLUB RD @ RIVERSIDE DR,368036.703,5021946.259,-75.6931901,45.33461472,2014-02-14,6:50,03 - Snow,03 - Loose snow,01 - Traffic signal,02 - Intersection related,03 - Dawn,03 - P.D. only,03 - Rear end,Hunt Club Woods - Quintarra - Revelstoke - Riverside South P
4527,INDUSTRIAL AVE/INNES RD @ ST. LAURENT BLVD,373097.7017,5030003.059,-75.6275123,45.40663222,2014-02-12,11:30,03 - Snow,03 - Loose snow,01 - Traffic signal,02 - Intersection related,01 - Daylight,03 - P.D. only,03 - Rear end,Industrial Park
4528,ROBERTSON RD btwn FITZGERALD RD & MOODIE DR,356926.0336,5020376.555,-75.83510101,45.32140372,2014-02-18,9:15,03 - Snow,04 - Slush,10 - No control,04 - At/near private drive,01 - Daylight,03 - P.D. only,02 - Angle,Bells Corners West
4529,GREENBANK RD @ JOCKVALE RD,364122.1617,5014328.518,-75.744041,45.26641242,2014-02-11,8:25,01 - Clear,02 - Wet,01 - Traffic signal,02 - Intersection related,01 - Daylight,03 - P.D. only,03 - Rear end,New Barrhaven
4530,CARLING AVE @ MERIVALE RD,364895.2108,5027700.798,-75.73256763,45.38666927,2014-02-14,10:23,01 - Clear,03 - Loose snow,01 - Traffic signal,03 - At intersection,01 - Daylight,03 - P.D. only,05 - Turning movement,Carlington
4531,MERIVALE RD btwn WITHROW AVE & RITA AVE,364622.4053,5024272.793,-75.73646628,45.35584799,2014-01-31,15:33,01 - Clear,02 - Wet,10 - No control,04 - At/near private drive,01 - Daylight,03 - P.D. only,04 - Sideswipe,Cityview - Skyline - Fisher Heights
4532,CARLING AVE/STATION RD @ MARCH RD,350906.0574,5022246.179,-75.91171097,45.33864821,2014-02-14,9:00,03 - Snow,05 - Packed snow,01 - Traffic signal,03 - At intersection,01 - Daylight,03 - P.D. only,07 - SMV other,South March
4533,L'ALLEMAND ST @ MONTREAL RD,370572.1823,5033347.642,-75.65932516,45.43696727,2014-01-24,9:05,01 - Clear,01 - Dry,02 - Stop sign,02 - Intersection related,01 - Daylight,03 - P.D. only,03 - Rear end,Vanier North
4534,MERIVALE RD/LOTTA AVE @ CLYDE AVE,364521.2244,5024508.474,-75.7377291,45.35797724,2014-02-13,8:00,01 - Clear,01 - Dry,01 - Traffic signal,02 - Intersection related,01 - Daylight,03 - P.D. only,03 - Rear end,Cityview - Skyline - Fisher Heights
4535,MOODIE DR @ HWY 417 MOODIE IC134R63,356389.0266,5022479.209,-75.84173126,45.34036329,2014-02-13,9:38,01 - Clear,01 - Dry,01 - Traffic signal,03 - At intersection,01 - Daylight,03 - P.D. only,05 - Turning movement,Greenbelt
4536,FERNBANK RD btwn JINKINSON RD & BLACK'S SIDE RD,348206.2697,5009694.01,-75.94725507,45.22587152,2014-02-21,21:03,01 - Clear,06 - Ice,10 - No control,01 - Non intersection,07 - Dark,03 - P.D. only,04 - Sideswipe,Stittsville - Basswood
4537,EARLSCOURT CRES btwn QUEENSCOURT CRES & LORDS MANOR LANE,373571.612,5010486.302,-75.62416867,45.23098056,2014-02-21,21:30,01 - Clear,04 - Slush,10 - No control,01 - Non intersection,07 - Dark,03 - P.D. only,06 - SMV unattended vehicle,Manotick
4538,GREENBANK RD @ HWY 417 IC129 RAMP57/IRIS ST,360530.0803,5023313.805,-75.78880191,45.34755624,2014-02-24,15:15,01 - Clear,01 - Dry,01 - Traffic signal,03 - At intersection,01 - Daylight,03 - P.D. only,05 - Turning movement,Iris
4539,MEADOWLANDS DR btwn APELDOORN AVE & CLAYMOR AVE,366898.6374,5025285.306,-75.70728949,45.36476048,2014-02-24,17:12,01 - Clear,01 - Dry,10 - No control,04 - At/near private drive,01 - Daylight,03 - P.D. only,02 - Angle,Carleton Heights - Rideauview
4540,CAMEO DR @ MAITLAND AVE,364153.1516,5025147.362,-75.74234998,45.36375712,2014-02-14,9:42,03 - Snow,03 - Loose snow,02 - Stop sign,02 - Intersection related,01 - Daylight,03 - P.D. only,07 - SMV other,Civic Hospital - Experimental Farm - Central Park
4541,PRESLAND RD @ LOLA ST,371175.3976,5031861.633,-75.65181624,45.42353982,2014-02-14,18:01,03 - Snow,03 - Loose snow,02 - Stop sign,02 - Intersection related,07 - Dark,03 - P.D. only,03 - Rear end,Overbrook
4542,ROSS AVE btwn SPENCER ST & WELLINGTON ST W,364492.0092,5029052.612,-75.73755263,45.39886711,2014-02-22,15:13,01 - Clear,01 - Dry,10 - No control,01 - Non intersection,01 - Daylight,03 - P.D. only,04 - Sideswipe,Island Park
4543,MACOUN CIRC btwn Continuation of MACOUN CIRC & Continuation of MACOUN ,371985.0385,5025617.793,-75.64232165,45.36728302,2014-01-26,0:00,01 - Clear,01 - Dry,10 - No control,01 - Non intersection,00 - Unknown,03 - P.D. only,06 - SMV unattended vehicle,South Keys - Heron Gate - Greenboro West
4544,LONGFIELDS DR @ WOODROFFE AVE,365420.696,5017104.101,-75.72715593,45.2912763,2014-01-13,6:58,01 - Clear,06 - Ice,01 - Traffic signal,03 - At intersection,03 - Dawn,03 - P.D. only,05 - Turning movement,Greenbelt
4545,INNES RD @ JEANNE D'ARC BLVD/MER BLEUE RD,382638.2606,5035566.793,-75.50477169,45.45569425,2014-02-14,10:39,03 - Snow,03 - Loose snow,01 - Traffic signal,03 - At intersection,01 - Daylight,03 - P.D. only,02 - Angle,Chapel Hill South
4546,FISHER AVE @ HOLLAND AVE,365402.6217,5027820.409,-75.72607376,45.38770178,2014-02-12,8:25,01 - Clear,01 - Dry,02 - Stop sign,02 - Intersection related,01 - Daylight,03 - P.D. only,03 - Rear end,Civic Hospital - Experimental Farm - Central Park
4547,BASELINE RD @ WOODROFFE AVE,362547.3205,5023767.661,-75.76300805,45.35147682,2014-02-12,14:40,01 - Clear,01 - Dry,01 - Traffic signal,02 - Intersection related,01 - Daylight,03 - P.D. only,03 - Rear end,Iris
4548,GREENBANK RD btwn WEST HUNT CLUB RD & FALLOWFIELD RD,362687.1898,5017658.16,-75.76193734,45.29649221,2014-02-14,15:34,03 - Snow,03 - Loose snow,10 - No control,01 - Non intersection,01 - Daylight,03 - P.D. only,01 - Approaching,Greenbelt
4549,MONTREAL RD @ DEN HAAG DR/LANG'S RD,372386.718,5034221.33,-75.63601509,45.44465524,2014-02-11,7:46,01 - Clear,06 - Ice,01 - Traffic signal,02 - Intersection related,01 - Daylight,03 - P.D. only,03 - Rear end,Carson Grove - Carson Meadows
4550,OXFORD ST btwn PARKDALE AVE & PINEHURST AVE,365065.1887,5029477.248,-75.73018016,45.40263879,2014-02-11,18:30,01 - Clear,03 - Loose snow,10 - No control,01 - Non intersection,07 - Dark,03 - P.D. only,06 - SMV unattended vehicle,Islan
4551,HUNTLEY RD @ PERTH ST,356891.8994,5006390.411,-75.83700265,45.19555596,2014-02-18,7:01,03 - Snow,03 - Loose snow,01 - Traffic signal,03 - At intersection,03 - Dawn,03 - P.D. only,02 - Angle,Richmond
4552,RASTILA CRES/WINGALE PRIV @ TAPIOLA CRES E,372198.7818,5025301.035,-75.63963654,45.36441242,2014-02-18,7:07,03 - Snow,03 - Loose snow,03 - Yield sign,03 - At intersection,03 - Dawn,03 - P.D. only,02 - Angle,South Keys - Heron Gate - Greenboro West
4553,ARMSTRONG ST @ MERTON ST,365452.889,5029675.972,-75.72520374,45.40439337,2014-02-18,16:30,03 - Snow,04 - Slush,02 - Stop sign,03 - At intersection,01 - Daylight,03 - P.D. only,02 - Angle,Hintonburg
4554,RIVERSIDE DR @ SMYTH RD SOUTH SIDE RAMP,369788.4449,5028998.229,-75.66991515,45.39790619,2014-02-14,10:40,03 - Snow,04 - Slush,01 - Traffic signal,02 - Intersection related,01 - Daylight,03 - P.D. only,03 - Rear end,Alta Vista
4555,JINKINSON RD btwn FERNBANK RD & HAZELDEAN RD,345830.1265,5007738.713,-75.97767321,45.20841919,2014-02-14,18:05,05 - Drifting Snow,02 - Wet,10 - No control,01 - Non intersection,07 - Dark,03 - P.D. only,07 - SMV other,Munster Hamlet - Richmond
4556,BANK ST @ SLATER ST,367426.1242,5031352.681,-75.69978651,45.41930613,2014-02-18,12:10,03 - Snow,03 - Loose snow,01 - Traffic signal,02 - Intersection related,01 - Daylight,03 - P.D. only,04 - Sideswipe,Downtown
4557,RIVINGTON ST btwn CARP RD & END,341547.0343,5022677.553,-76.03109061,45.34308251,2014-02-14,13:12,01 - Clear,03 - Loose snow,10 - No control,01 - Non intersection,01 - Daylight,03 - P.D. only,01 - Approaching,Carp
4558,CARLING AVE @ HWY 417 CARLING IC124R67,364332.2542,5027523.985,-75.73977743,45.38512641,2014-02-16,10:36,01 - Clear,01 - Dry,03 - Yield sign,02 - Intersection related,01 - Daylight,03 - P.D. only,03 - Rear end,Westboro
4559,HUNTMAR DR btwn OLD CARP RD & BRADLEY SIDE RD,345302.5729,5022270.01,-75.98320341,45.33920852,2014-02-19,19:15,01 - Clear,02 - Wet,10 - No control,01 - Non intersection,07 - Dark,03 - P.D. only,07 - SMV other,Stittsville - Basswood
4560,SABLE RIDGE DR btwn QUAIL RUN AVE & CARRIAGE HILL PL,372778.835,5024357.012,-75.63236269,45.35586245,2014-02-19,18:30,01 - Clear,04 - Slush,10 - No control,04 - At/near private drive,07 - Dark,03 - P.D. only,02 - Angle,Blossom Park - Blossom Park West - Sawmill Creek/ Timbermill
4561,BRIDLE PATH DR @ CAROUSEL CRES,371901.2092,5023642.502,-75.64365983,45.34951807,2014-02-12,16:00,01 - Clear,01 - Dry,10 - No control,02 - Intersection related,01 - Daylight,03 - P.D. only,02 - Angle,Emerald Woods - Sawmill Creek
4562,WOODRIDGE CRES btwn BAYSHORE PS & TRANSITWAY LINK,358644.2464,5023263.73,-75.81287162,45.34725298,2014-02-21,21:45,04 - Freezing Rain,06 - Ice,10 - No control,04 - At/near private drive,07 - Dark,03 - P.D. only,01 - Approaching,Bayshore
4563,BASELINE RD @ FISHER AVE,366169.0633,5026026.637,-75.71650978,45.37149508,2014-02-21,0:00,04 - Freezing Rain,06 - Ice,01 - Traffic signal,02 - Intersection related,07 - Dark,03 - P.D. only,03 - Rear end,Civic Hospital - Experimental Farm - Central Park
4564,STRANDHERD DR btwn FALLOWFIELD RD & MARAVISTA DR,360863.2297,5014945.435,-75.78549751,45.27223081,2014-02-21,14:00,02 - Rain,02 - Wet,10 - No control,01 - Non intersection,01 - Daylight,03 - P.D. only,07 - SMV other,Munster Hamlet - Richmond
4565,HOLLAND AVE @ RUSKIN ST,365280.1762,5028347.713,-75.72757268,45.39245694,2014-02-24,18:20,01 - Clear,01 - Dry,02 - Stop sign,03 - At intersection,07 - Dark,03 - P.D. only,02 - Angle,Civic Hospital - Experimental Farm - Central Park
4566,BRITANNIA RD @ MARIE ST,360107.1021,5024893.618,-75.79402259,45.36180485,2014-02-14,17:45,01 - Clear,03 - Loose snow,02 - Stop sign,03 - At intersection,07 - Dark,03 - P.D. only,02 - Angle,Woodroffe - Lincoln Heights
4567,BRONSON AVE @ GLADSTONE AVE,367133.7017,5030081.817,-75.70368334,45.40789739,2014-02-14,16:50,03 - Snow,04 - Slush,01 - Traffic signal,02 - Intersection related,01 - Daylight,03 - P.D. only,04 - Sideswipe,Centretown West
4568,BASELINE RD @ CLYDE AVE,364358.1963,5024891.273,-75.73976365,45.36143548,2014-02-22,12:45,01 - Clear,01 - Dry,01 - Traffic signal,02 - Intersection related,01 - Daylight,03 - P.D. only,03 - Rear end,Civic Hospital - Experimental Farm - Central Park
4569,DONALD ST @ ST. LAURENT BLVD,372091.3432,5032472.585,-75.64002959,45.42894937,2014-02-22,15:50,01 - Clear,02 - Wet,01 - Traffic signal,02 - Intersection related,01 - Daylight,03 - P.D. only,04 - Sideswipe,Overbrook
4570,ELGIN ST @ LAURIER AVE,367948.7099,5031550.843,-75.69308436,45.42104216,2014-02-04,22:17,01 - Clear,02 - Wet,01 - Traffic signal,02 - Intersection related,07 - Dark,03 - P.D. only,99 - Other,Downtown
4571,EARL ARMSTRONG RD @ LIMEBANK RD,370155.7209,5015961.211,-75.66694653,45.28056838,2014-02-05,16:09,03 - Snow,03 - Loose snow,01 - Traffic signal,03 - At intersection,01 - Daylight,03 - P.D. only,02 - Angle,Greenbelt