Record,Location,X,Y,lon,lat,Date,Time,Environment,Road_Surface,Traffic_Control,Collision_Location,Light,Collision_Classification,Impact_type,Neighborhood
4572,GOULBOURN FORCED RD @ KANATA AVE,349776.1315,5020355.675,-75.92629926,45.32171033,2014-02-14,7:45,03 - Snow,04 - Slush,01 - Traffic signal,03 - At intersection,01 - Daylight,03 - P.D. only,02 - Angle,Kanata Lakes - Marchwood Lakeside - Morgan's Grant - Kanata
4573,HAZELDEAN RD btwn SPRINGBROOK DR & HARTIN ST,349934.7661,5015174.579,-75.92474749,45.27507909,2014-02-14,11:07,03 - Snow,03 - Loose snow,10 - No control,04 - At/near private drive,01 - Daylight,03 - P.D. only,99 - Other,Stittsville
4574,MERIVALE RD btwn RAVEN AVE & LAROSE AVE,364845.1681,5026912.856,-75.73330248,45.37958381,2014-02-14,16:04,03 - Snow,03 - Loose snow,10 - No control,01 - Non intersection,01 - Daylight,03 - P.D. only,04 - Sideswipe,Carlington
4575,SWIFT ST btwn BASKINS BEACH RD & ROBIN RD,344145.4624,5037465.166,-75.99675441,45.47600394,2014-02-09,16:30,01 - Clear,01 - Dry,10 - No control,01 - Non intersection,01 - Daylight,03 - P.D. only,06 - SMV unattended vehicle,Baskin'
4576,BOUNDARY RD @ RUSSELL RD E,386579.5149,5026011.076,-75.45597305,45.3692706,2014-02-15,14:22,01 - Clear,02 - Wet,02 - Stop sign,03 - At intersection,01 - Daylight,03 - P.D. only,05 - Turning movement,Navan - Vars
4577,PARKDALE AVE @ WELLINGTON ST,365151.1224,5029268.66,-75.72910808,45.40075455,2014-02-15,19:07,01 - Clear,02 - Wet,01 - Traffic signal,03 - At intersection,07 - Dark,03 - P.D. only,07 - SMV other,Islan
4578,MARCH RD btwn BEARHILL RD & ROB LYTLE'S LANE,338273.0706,5018083.147,-76.07317725,45.30190378,2014-02-18,7:21,03 - Snow,03 - Loose snow,10 - No control,01 - Non intersection,01 - Daylight,03 - P.D. only,07 - SMV other,Carp - Hardwood Plains
4579,GREENBANK RD @ STRANDHERD DR,363934.1909,5014784.671,-75.74638185,45.27053272,2014-02-18,7:29,03 - Snow,03 - Loose snow,01 - Traffic signal,03 - At intersection,01 - Daylight,03 - P.D. only,05 - Turning movement,New Barrhaven
4580,PARKDALE AVE @ SCOTT ST,364950.2106,5029726.306,-75.73161837,45.40488964,2014-02-18,19:18,03 - Snow,04 - Slush,01 - Traffic signal,03 - At intersection,07 - Dark,03 - P.D. only,05 - Turning movement,Islan
4581,FISHER AVE @ NORMANDY CRES N,366685.1784,5024781.575,-75.71007718,45.36024688,2014-02-18,18:50,01 - Clear,04 - Slush,02 - Stop sign,03 - At intersection,07 - Dark,03 - P.D. only,02 - Angle,Carleton Heights - Rideauview
4582,BASELINE RD @ CLYDE AVE,364358.7033,5024891.273,-75.73975718,45.36143544,2014-02-14,18:27,01 - Clear,02 - Wet,01 - Traffic signal,02 - Intersection related,07 - Dark,03 - P.D. only,03 - Rear end,Civic Hospital - Experimental Farm - Central Park
4583,BRONSON AVE @ SUNNYSIDE AVE/UNIVERSITY RD - CA,367925.0798,5028089.651,-75.69382939,45.38990155,2014-02-14,20:41,04 - Freezing Rain,04 - Slush,01 - Traffic signal,02 - Intersection related,07 - Dark,03 - P.D. only,04 - Sideswipe,Carleto
4584,PRINCE OF WALES DR @ MEADOWLANDS DR/HOG'S BACK,367369.5492,5025692.529,-75.70122715,45.3683827,2014-02-18,9:14,03 - Snow,03 - Loose snow,01 - Traffic signal,02 - Intersection related,01 - Daylight,03 - P.D. only,03 - Rear end,Carleton Heights - Rideauview
4585,CHAPEL ST btwn DALY AVE & STEWART ST,368975.322,5032499.234,-75.67984407,45.42948201,2014-02-16,14:44,01 - Clear,03 - Loose snow,10 - No control,01 - Non intersection,01 - Daylight,03 - P.D. only,06 - SMV unattended vehicle,Sandy Hill
4586,HAWTHORNE RD/RUSSELL RD @ WALKLEY RD,374673.3221,5028498.593,-75.60759967,45.39294027,2014-02-04,15:32,01 - Clear,01 - Dry,01 - Traffic signal,03 - At intersection,01 - Daylight,03 - P.D. only,04 - Sideswipe,Sheffield Glen
4587,RICHMOND RD btwn LOVITT RD & HIGHFIELD CRES,359677.0496,5023817.572,-75.79963111,45.3521564,2014-02-04,17:04,01 - Clear,01 - Dry,10 - No control,01 - Non intersection,01 - Daylight,03 - P.D. only,03 - Rear end,Whitehaven - Queensway Terrace North
4588,ANDERSON RD btwn DOLMAN RIDGE RD & RIDGE RD,378624.3959,5029511.671,-75.55699286,45.40164994,2014-02-19,22:10,01 - Clear,02 - Wet,10 - No control,01 - Non intersection,07 - Dark,03 - P.D. only,07 - SMV other,Greenbelt
4589,COOPER HILL RD btwn VEENA WAY & 9TH LINE RD,385050.4962,5015663.783,-75.47716666,45.27634989,2014-02-20,5:51,01 - Clear,05 - Packed snow,10 - No control,01 - Non intersection,07 - Dark,03 - P.D. only,07 - SMV other,Metcalfe
4590,ALTA VISTA DR @ RIDGEMONT AVE,370519.1449,5026676.369,-75.66089223,45.37694672,2014-02-10,15:15,01 - Clear,01 - Dry,01 - Traffic signal,03 - At intersection,01 - Daylight,03 - P.D. only,07 - SMV other,Ledbury - Heron Gate - Ridgemont - Elmwood
4591,GLADSTONE AVE @ KENT ST,367743.2824,5030458.623,-75.69584857,45.41123322,2014-02-13,11:45,01 - Clear,02 - Wet,01 - Traffic signal,02 - Intersection related,01 - Daylight,03 - P.D. only,07 - SMV other,Centretown
4592,WALKLEY RD btwn ST. LAURENT BLVD & MARTHA AVE,373915.1004,5028054.02,-75.61734454,45.38901545,2014-02-22,8:01,01 - Clear,02 - Wet,10 - No control,01 - Non intersection,01 - Daylight,03 - P.D. only,07 - SMV other,Hawthorne Meadows
4593,BANK ST @ DAVIDSON RD/LESTER RD,373672.0684,5022926.97,-75.62116254,45.34290832,2014-02-24,18:27,01 - Clear,01 - Dry,01 - Traffic signal,03 - At intersection,07 - Dark,03 - P.D. only,05 - Turning movement,Blossom Park - Blossom Park West - Sawmill Creek/ Timbermill
4594,MONTREAL RD @ VANIER PKWY,370074.1316,5033063.696,-75.66572802,45.43445912,2014-02-25,7:23,01 - Clear,01 - Dry,01 - Traffic signal,02 - Intersection related,01 - Daylight,03 - P.D. only,03 - Rear end,Vanier
4595,BULLOCK AVE @ CENTENNIAL BLVD,369656.256,5029519.935,-75.67153479,45.40261258,2014-02-15,11:43,01 - Clear,05 - Packed snow,03 - Yield sign,03 - At intersection,01 - Daylight,03 - P.D. only,05 - Turning movement,Old Ottawa East
4596,BASELINE RD @ MERIVALE RD,365055.1703,5025323.619,-75.73081514,45.3652661,2014-02-22,16:11,01 - Clear,02 - Wet,01 - Traffic signal,02 - Intersection related,01 - Daylight,03 - P.D. only,04 - Sideswipe,Cityview - Skyline - Fisher Heights
4597,BAY ST @ GLADSTONE AVE,367461.2889,5030287.616,-75.69947264,45.40971986,2014-02-22,16:16,01 - Clear,02 - Wet,02 - Stop sign,03 - At intersection,01 - Daylight,03 - P.D. only,02 - Angle,Centretown
4598,LEGGET DR btwn SOLANDT RD & FARRAR RD,350776.7707,5022796.619,-75.91330936,45.34360968,2014-02-06,9:19,01 - Clear,02 - Wet,10 - No control,01 - Non intersection,01 - Daylight,03 - P.D. only,03 - Rear end,South March
4599,APPLE ORCHARD RD @ MANOTICK STATION RD,374364.2321,5011410.689,-75.61394631,45.23922014,2014-02-06,15:58,01 - Clear,02 - Wet,02 - Stop sign,03 - At intersection,01 - Daylight,03 - P.D. only,02 - Angle,Osgoode
4600,CONSTELLATION CRES @ BASELINE RD,362272.881,5023597.078,-75.76653009,45.34996447,2014-02-14,10:00,03 - Snow,03 - Loose snow,01 - Traffic signal,02 - Intersection related,01 - Daylight,03 - P.D. only,03 - Rear end,Iris
4601,KING EDWARD AVE @ RIDEAU ST,368513.129,5032414.537,-75.68576122,45.42876219,2014-02-14,11:18,03 - Snow,03 - Loose snow,01 - Traffic signal,02 - Intersection related,01 - Daylight,03 - P.D. only,03 - Rear end,Lowe
4602,MILTON RD btwn SMITH RD & PERRAULT RD,387647.2725,5030873.088,-75.44152771,45.41288906,2014-02-14,19:02,05 - Drifting Snow,03 - Loose snow,10 - No control,01 - Non intersection,07 - Dark,03 - P.D. only,01 - Approaching,Navan - Vars
4603,RODEO DR @ LONGFIELDS DR,364392.9887,5015425.335,-75.74045845,45.27625869,2014-02-14,19:46,03 - Snow,03 - Loose snow,02 - Stop sign,03 - At intersection,07 - Dark,03 - P.D. only,02 - Angle,New Barrhaven
4604,BRIAR HILL DR btwn GARAND PL & AMBERDALE CRES,371475.0124,5027145.392,-75.64862564,45.3810765,2014-02-15,18:00,01 - Clear,03 - Loose snow,10 - No control,04 - At/near private drive,05 - Dusk,03 - P.D. only,06 - SMV unattended vehicle,Playfair Park - Lynda Park - Guildwood Estates
4605,BRITTANY DR btwn QUARRY RD & KRISTIN WAY,371845.5041,5034153.657,-75.64294206,45.44409847,2014-02-16,9:00,01 - Clear,01 - Dry,10 - No control,01 - Non intersection,01 - Daylight,03 - P.D. only,06 - SMV unattended vehicle,Rockcliffe - Manor Park
4606,FALLOWFIELD RD @ TRANSITWAY/VIARAIL,364468.1665,5017549.578,-75.73924491,45.29536621,2014-02-18,7:35,03 - Snow,03 - Loose snow,01 - Traffic signal,02 - Intersection related,01 - Daylight,03 - P.D. only,03 - Rear end,New Barrhaven
4607,LYON ST @ WELLINGTON ST,366935.778,5031426.926,-75.706042,45.42001789,2014-02-18,7:00,03 - Snow,04 - Slush,01 - Traffic signal,02 - Intersection related,03 - Dawn,03 - P.D. only,03 - Rear end,Downtown
4608,LONGFIELDS DR @ WHITECHAPEL,364251.2569,5015780.706,-75.74222217,45.27946831,2014-02-18,21:13,01 - Clear,04 - Slush,02 - Stop sign,03 - At intersection,07 - Dark,03 - P.D. only,02 - Angle,New Barrhaven
4609,DALHOUSIE ST btwn MURRAY ST & CLARENCE ST,368026.5546,5032530.249,-75.69196404,45.42984749,2014-02-14,18:30,01 - Clear,01 - Dry,10 - No control,01 - Non intersection,07 - Dark,03 - P.D. only,06 - SMV unattended vehicle,Byward Market
4610,INNES RD btwn HWY417 IC112 RAMP65 & HWY417 IC112 RAMP56,374418.1612,5030826.165,-75.61052951,45.41390802,2014-02-17,13:39,01 - Clear,01 - Dry,10 - No control,01 - Non intersection,01 - Daylight,03 - P.D. only,04 - Sideswipe,Industrial Park
4611,RICHMOND RD @ WOODROFFE AVE,361583.2646,5026654.523,-75.77497894,45.37753132,2014-02-18,9:00,03 - Snow,03 - Loose snow,01 - Traffic signal,02 - Intersection related,01 - Daylight,03 - P.D. only,03 - Rear end,Carlingwood - McKellar Park - Laurentien View
4612,FALLOWFIELD RD @ RICHMOND RD,357722.1095,5013529.416,-75.82567779,45.25973263,2014-02-13,8:58,01 - Clear,01 - Dry,01 - Traffic signal,02 - Intersection related,01 - Daylight,03 - P.D. only,03 - Rear end,Munster Hamlet - Richmond
4613,OGILVIE RD btwn MONTREAL RD & GREGORY CRT,375677.5487,5034364.191,-75.59393183,45.4456147,2014-02-18,12:50,02 - Rain,02 - Wet,10 - No control,01 - Non intersection,01 - Daylight,03 - P.D. only,04 - Sideswipe,Beacon Hill South - Cardinal Heights
4614,MONTREAL RD btwn AVIATION PKWY & DEN HAAG DR (2),372296.7532,5034179.628,-75.63717073,45.44428872,2014-02-19,6:50,03 - Snow,04 - Slush,10 - No control,01 - Non intersection,03 - Dawn,03 - P.D. only,04 - Sideswipe,Carson Grove - Carson Meadows
4615,EAGLESON RD btwn 240 N OF CADENCE GT/COPE DR/LOBLAWS SC & CADENCE GT/C,354608.266,5016067.677,-75.86509658,45.28279987,2014-02-07,15:13,01 - Clear,01 - Dry,10 - No control,01 - Non intersection,01 - Daylight,03 - P.D. only,05 - Turning movement,Bridlewood - Emerald Meadows
4616,GLADSTONE AVE btwn O'CONNOR ST & METCALFE ST,368205.3632,5030737.134,-75.68990987,45.41369746,2014-02-08,3:08,03 - Snow,02 - Wet,10 - No control,01 - Non intersection,07 - Dark,03 - P.D. only,07 - SMV other,Centretown
4617,CASTLEFRANK RD @ TERRY FOX DR,352993.502,5016304.047,-75.88565573,45.28503935,2014-02-20,8:07,01 - Clear,02 - Wet,01 - Traffic signal,02 - Intersection related,01 - Daylight,03 - P.D. only,03 - Rear end,Glen Cairn - Kanata South Business Park
4618,TERRY FOX DR btwn MAPLE GROVE RD & WALTER BAKER PL,351764.9339,5017629.927,-75.90119044,45.29705315,2014-02-20,10:16,01 - Clear,02 - Wet,10 - No control,04 - At/near private drive,01 - Daylight,03 - P.D. only,03 - Rear end,Katimavik - Hazeldean
4619,REGIONAL ROAD 174 btwn HWY417 IC113 RAMP67 & Continuation of REGIONAL ,373671.506,5031998.737,-75.61990405,45.42453212,2014-02-13,12:07,01 - Clear,01 - Dry,10 - No control,01 - Non intersection,01 - Daylight,03 - P.D. only,03 - Rear end,Industrial Park
4620,WEST HUNT CLUB RD @ ANTARES DR/LASER ST,367107.5921,5022081.647,-75.70502603,45.33591604,2014-02-22,11:12,01 - Clear,01 - Dry,01 - Traffic signal,03 - At intersection,01 - Daylight,03 - P.D. only,05 - Turning movement,Industrial Park
4621,BOTELER ST @ SUSSEX DR,367450.8376,5032952.919,-75.6992672,45.43370234,2014-01-20,16:42,01 - Clear,01 - Dry,01 - Traffic signal,02 - Intersection related,05 - Dusk,03 - P.D. only,03 - Rear end,Byward Market - Parliament Hill
4622,GLOUCESTER ST btwn PERCY ST & BAY ST,366985.8883,5030885.747,-75.70547006,45.41514407,2014-02-18,0:00,03 - Snow,04 - Slush,10 - No control,01 - Non intersection,00 - Unknown,03 - P.D. only,06 - SMV unattended vehicle,Downtown
4623,BANK ST @ CONROY RD,375045.224,5022238.499,-75.60374036,45.33657758,2014-02-25,8:48,01 - Clear,01 - Dry,01 - Traffic signal,02 - Intersection related,01 - Daylight,03 - P.D. only,03 - Rear end,Greenbelt
4624,PRINCE OF WALES DR @ MEADOWLANDS DR/HOG'S BACK,367371.9189,5025693.73,-75.70119675,45.36839329,2014-02-16,10:10,01 - Clear,01 - Dry,01 - Traffic signal,03 - At intersection,01 - Daylight,03 - P.D. only,02 - Angle,Carleton Heights - Rideauview
4625,MERIVALE RD @ WOODFIELD DR/ROYDON PL,365464.6076,5022296.011,-75.72596041,45.33798883,2014-02-18,17:00,03 - Snow,02 - Wet,01 - Traffic signal,02 - Intersection related,07 - Dark,03 - P.D. only,04 - Sideswipe,Tanglewood
4626,JAMES CUMMINGS AVE btwn MYRLE AVE & CYRUS CRT,356063.0754,5024046.514,-75.84572763,45.35448994,2014-02-21,0:00,01 - Clear,05 - Packed snow,10 - No control,01 - Non intersection,00 - Unknown,03 - P.D. only,06 - SMV unattended vehicle,Crystal Bay - Lakeview Park - Britannia Village
4627,JOCKVALE RD btwn WEYBRIDGE DR & TARTAN DR,363204.1141,5014851.875,-75.7556774,45.27119844,2014-02-11,7:46,01 - Clear,02 - Wet,10 - No control,01 - Non intersection,01 - Daylight,03 - P.D. only,03 - Rear end,Barrhaven West - Old Barrhaven
4628,ROGER STEVENS DR btwn HWY416 IC49 RAMP24 & SECOND LINE RD S,369895.5486,5001424.538,-75.67216253,45.14979237,2014-02-14,11:19,03 - Snow,06 - Ice,10 - No control,01 - Non intersection,01 - Daylight,03 - P.D. only,07 - SMV other,Kars - Osgoode
4629,BARNSDALE RD @ GREENBANK RD,365588.319,5010926.447,-75.72577508,45.23567538,2014-02-14,11:23,03 - Snow,03 - Loose snow,02 - Stop sign,03 - At intersection,01 - Daylight,03 - P.D. only,01 - Approaching,New Barrhaven
4630,FRANKTOWN RD btwn MUNSTER RD & GREEN'S RD,350775.1871,5000819.602,-75.91536159,45.14585249,2014-02-14,21:28,01 - Clear,01 - Dry,10 - No control,01 - Non intersection,07 - Dark,03 - P.D. only,07 - SMV other,Munster Hamlet - Richmond
4631,NEW ORCHARD AVE @ RICHMOND RD,361292.6635,5026220.789,-75.77873871,45.37365211,2014-02-16,12:00,01 - Clear,01 - Dry,01 - Traffic signal,02 - Intersection related,01 - Daylight,03 - P.D. only,03 - Rear end,Carlingwood West - Glabar Park - McKellar Heights
4632,BYRON AVE btwn HIGHLAND AVE & BRIERWOOD AVE,362798.6535,5027917.981,-75.75931343,45.38880019,2014-02-16,0:00,01 - Clear,01 - Dry,10 - No control,01 - Non intersection,00 - Unknown,03 - P.D. only,06 - SMV unattended vehicle,Carlingwood - McKellar Park - Laurentien View
4633,HODGSON CRT btwn LONGBOAT CRT & END,350464.0726,5019952.009,-75.91756178,45.31803363,2014-02-16,12:00,01 - Clear,01 - Dry,10 - No control,04 - At/near private drive,01 - Daylight,03 - P.D. only,06 - SMV unattended vehicle,Kanata Lakes - Marchwood Lakeside - Morgan's Grant - Kanata
4634,FOURTH LINE RD btwn CALLENDOR RD & DILWORTH RD,370479.8376,4994911.544,-75.66558746,45.09113383,2014-02-18,8:18,03 - Snow,05 - Packed snow,10 - No control,01 - Non intersection,01 - Daylight,03 - P.D. only,07 - SMV other,Manotick - North Gower
4635,HUNT CLUB RD btwn MOUNTAIN CRES & TURN LANE,371455.6313,5023965.454,-75.6493021,45.35246637,2014-02-18,8:22,03 - Snow,05 - Packed snow,10 - No control,01 - Non intersection,01 - Daylight,03 - P.D. only,04 - Sideswipe,South Keys - Heron Gate - Greenboro West
4636,INNES RD btwn BLAIR RD & ANDERSON RD,376013.2089,5031691.435,-75.59002803,45.42153272,2014-02-18,21:23,01 - Clear,02 - Wet,10 - No control,01 - Non intersection,07 - Dark,03 - P.D. only,07 - SMV other,Greenbelt
4637,TENTH LINE RD @ CHARLEMAGNE BLVD S/DES EPINETT,383640.9751,5036900.456,-75.49173924,45.46758093,2014-02-18,22:38,01 - Clear,02 - Wet,01 - Traffic signal,03 - At intersection,07 - Dark,03 - P.D. only,05 - Turning movement,Orlans
4638,ANALDEA DR @ BANK ST,375697.068,5020814.022,-75.59562852,45.32369517,2014-02-18,10:30,01 - Clear,06 - Ice,02 - Stop sign,02 - Intersection related,01 - Daylight,03 - P.D. only,02 - Angle,Greenbelt
4639,WELLINGTON ST    W btwn FAIRMONT AVE & IRVING AVE,365569.2351,5029713.056,-75.72371307,45.40471696,2014-02-18,0:00,03 - Snow,03 - Loose snow,10 - No control,01 - Non intersection,00 - Unknown,03 - P.D. only,06 - SMV unattended vehicle,Mechanicsville
4640,HUNT CLUB RD btwn DUNSTON TER & CAHILL DR,372328.1021,5024493.637,-75.63809623,45.3571353,2014-02-18,14:14,03 - Snow,04 - Slush,10 - No control,04 - At/near private drive,01 - Daylight,03 - P.D. only,07 - SMV other,Greenboro East
4641,CEDARVIEW RD @ WEST HUNT CLUB RD,359718.1704,5019555.238,-75.79957929,45.31380059,2014-02-18,16:10,03 - Snow,03 - Loose snow,01 - Traffic signal,02 - Intersection related,01 - Daylight,03 - P.D. only,03 - Rear end,Greenbelt
4642,PLEASANT PARK RD @ ALTA VISTA DR,370367.1449,5028466.6,-75.66259497,45.39306884,2014-02-16,13:30,01 - Clear,01 - Dry,01 - Traffic signal,02 - Intersection related,01 - Daylight,03 - P.D. only,03 - Rear end,Alta Vista
4643,CATHCART ST btwn SUSSEX DR & PARENT AVE,367611.1976,5032832.335,-75.69723325,45.43260298,2014-02-16,18:00,01 - Clear,01 - Dry,10 - No control,01 - Non intersection,07 - Dark,03 - P.D. only,06 - SMV unattended vehicle,Lower Town
4644,HAWTHORNE AVE/ISABELLA ST @ QUEEN ELIZABETH DR,368666.778,5030476.431,-75.68404905,45.41130979,2014-02-08,23:40,01 - Clear,01 - Dry,01 - Traffic signal,03 - At intersection,07 - Dark,03 - P.D. only,02 - Angle,The Glebe
4645,ACACIA AVE @ CORONA AVE/RIDEAU TER,369548.1196,5034178.922,-75.67230359,45.44454237,2014-02-20,7:10,01 - Clear,01 - Dry,02 - Stop sign,03 - At intersection,03 - Dawn,03 - P.D. only,02 - Angle,Lindenlea - New Edinburgh
4646,MARCH RD @ SOLANDT RD,350490.0051,5022711.141,-75.91697636,45.34285926,2014-02-11,16:20,01 - Clear,01 - Dry,01 - Traffic signal,02 - Intersection related,01 - Daylight,03 - P.D. only,03 - Rear end,South March
4647,WOODROFFE AVE btwn TURN LANE & KNOXDALE RD,363414.6202,5021838.401,-75.7521688,45.33404555,2014-02-13,11:30,01 - Clear,01 - Dry,10 - No control,01 - Non intersection,01 - Daylight,03 - P.D. only,03 - Rear end,Woodvale - Craig Henry - Manordale - Estates of Arlington Wo
4648,RICHMOND RD @ HOLLY ACRES RD/NANAIMO DR,359061.0413,5022748.496,-75.80760964,45.34258477,2014-02-05,13:58,03 - Snow,03 - Loose snow,01 - Traffic signal,03 - At intersection,01 - Daylight,03 - P.D. only,05 - Turning movement,Greenbelt
4649,KLONDIKE RD @ MARCH RD,349261.8083,5024060.569,-75.93252656,45.35508065,2014-02-25,9:15,01 - Clear,01 - Dry,01 - Traffic signal,02 - Intersection related,01 - Daylight,03 - P.D. only,03 - Rear end,Morgan's Grant
4650,BLAIR RD @ REGIONAL RD 174 N/OR174 IC112 RAMP61,374634.0427,5032992.024,-75.60746461,45.43337374,2014-02-25,10:04,01 - Clear,01 - Dry,01 - Traffic signal,02 - Intersection related,01 - Daylight,03 - P.D. only,03 - Rear end,Industrial Park
4651,EVERLASTING CRES btwn SULTAN ST & END (1),385108.9976,5038766.64,-75.47266332,45.48420379,2014-02-19,20:12,01 - Clear,01 - Dry,10 - No control,04 - At/near private drive,07 - Dark,03 - P.D. only,06 - SMV unattended vehicle,Springridge
4652,PINECREST RD @ RICHMOND RD,360071.6566,5024471.766,-75.79452218,45.35801183,2014-02-23,11:59,01 - Clear,01 - Dry,01 - Traffic signal,03 - At intersection,01 - Daylight,03 - P.D. only,05 - Turning movement,Whitehaven - Queensway Terrace North
4653,RICHMOND RD btwn ROBERTSON RD & STINSON AVE,357720.5552,5020835.451,-75.82491807,45.32547346,2014-02-11,16:22,01 - Clear,01 - Dry,10 - No control,01 - Non intersection,01 - Daylight,03 - P.D. only,03 - Rear end,Bells Corners East
4654,FOXHALL WAY btwn KINGBROOK DR & END,355505.8688,5016567.957,-75.85360449,45.28723732,2014-02-12,4:51,01 - Clear,05 - Packed snow,10 - No control,01 - Non intersection,07 - Dark,03 - P.D. only,07 - SMV other,Bridlewood - Emerald Meadows
4655,MCARTHUR AVE btwn MAY ST & ST. LAURENT BLVD,371708.1832,5032853.877,-75.64487395,45.43241682,2014-02-14,11:27,03 - Snow,03 - Loose snow,10 - No control,01 - Non intersection,01 - Daylight,03 - P.D. only,04 - Sideswipe,Castle Heights
4656,MAPLE GROVE RD @ TERRY FOX DR,351553.1016,5017865.225,-75.903869,45.29918455,2014-02-14,9:30,03 - Snow,03 - Loose snow,01 - Traffic signal,02 - Intersection related,01 - Daylight,03 - P.D. only,02 - Angle,Katimavik - Hazeldean
4657,NAVAHO DR @ WOODROFFE AVE/TRANSITWAY N BASELIN,362706.7489,5023493.055,-75.7610057,45.34899279,2014-02-14,23:44,01 - Clear,03 - Loose snow,01 - Traffic signal,02 - Intersection related,07 - Dark,03 - P.D. only,02 - Angle,Crestview - Meadowlands
4658,AMIENS ST btwn PRESTWICK DR & TAMMY ST,383182.4534,5037497.53,-75.49750692,45.47300447,2014-02-16,16:02,01 - Clear,01 - Dry,10 - No control,01 - Non intersection,01 - Daylight,03 - P.D. only,06 - SMV unattended vehicle,Queenswood Heights
4659,MCCARTHY RD @ SOUTHMORE DR,369448.9261,5024838.689,-75.67479592,45.36051137,2014-02-18,8:28,03 - Snow,03 - Loose snow,02 - Stop sign,03 - At intersection,01 - Daylight,03 - P.D. only,02 - Angle,Hunt Club Woods - Quintarra - Revelstoke - Riverside South P
4660,ST. JOSEPH BLVD btwn ST. JEAN ST & BELCOURT BLVD,381188.1525,5037344.379,-75.52303359,45.47184754,2014-02-18,8:35,03 - Snow,03 - Loose snow,10 - No control,01 - Non intersection,01 - Daylight,03 - P.D. only,03 - Rear end,Orleans Village - Chateauneuf
4661,MERIVALE RD/LOTTA AVE @ CLYDE AVE,364520.0213,5024508.939,-75.7377444,45.35798152,2014-01-17,12:20,02 - Rain,02 - Wet,01 - Traffic signal,02 - Intersection related,01 - Daylight,03 - P.D. only,03 - Rear end,Crestview - Meadowlands
4662,WOODROFFE AVE @ QUEENSBURY DR/RIDEAUCREST DR,365727.7015,5016327.686,-75.72333767,45.28426361,2014-02-18,9:00,03 - Snow,03 - Loose snow,01 - Traffic signal,03 - At intersection,01 - Daylight,03 - P.D. only,05 - Turning movement,Chapman Mills - Rideau Crest - Davidson Heights
4663,MCBEAN ST @ PERTH ST,356743.766,5006254.979,-75.838902,45.19434823,2014-02-18,7:45,01 - Clear,05 - Packed snow,01 - Traffic signal,02 - Intersection related,01 - Daylight,03 - P.D. only,03 - Rear end,Richmond
4664,ERINDALE DR btwn FORLAN DR & AINSLEY DR,363737.2869,5024815.624,-75.74769764,45.36080727,2014-02-19,2:00,01 - Clear,05 - Packed snow,10 - No control,01 - Non intersection,07 - Dark,03 - P.D. only,06 - SMV unattended vehicle,Braemar Park - Bel Air Heights - Copeland Park
4665,INNES RD EB btwn INNES RD & INNES RD W,376846.5238,5032160.655,-75.57931257,45.42566915,2014-02-19,15:14,01 - Clear,02 - Wet,10 - No control,04 - At/near private drive,01 - Daylight,03 - P.D. only,05 - Turning movement,Greenbelt
4666,HAWTHORNE RD btwn AGES DR & STEVENAGE DR,375127.1081,5027338.125,-75.60197013,45.38245353,2014-02-12,5:56,01 - Clear,02 - Wet,10 - No control,04 - At/near private drive,07 - Dark,03 - P.D. only,02 - Angle,Industrial Park
4667,INDUSTRIAL AVE @ RIVERSIDE DR,370685.2256,5030592.3,-75.65824898,45.41216522,2014-02-19,15:00,01 - Clear,01 - Dry,01 - Traffic signal,03 - At intersection,01 - Daylight,03 - P.D. only,03 - Rear end,Industrial Park
4668,INDUSTRIAL AVE @ RIVERSIDE DR,370686.1404,5030595.397,-75.65823688,45.412193,2014-02-13,10:15,01 - Clear,01 - Dry,01 - Traffic signal,02 - Intersection related,01 - Daylight,03 - P.D. only,03 - Rear end,Industrial Park
4669,HILLSIDE DR @ MONTREAL RD,371706.1859,5033895.53,-75.64475789,45.44178932,2014-02-13,13:00,01 - Clear,01 - Dry,02 - Stop sign,03 - At intersection,01 - Daylight,03 - P.D. only,02 - Angle,Cummings
4670,DUNCAIRN AVE @ TWEEDSMUIR AVE,363872.0104,5027631.378,-75.74564134,45.38613168,2014-02-14,15:28,03 - Snow,03 - Loose snow,02 - Stop sign,03 - At intersection,01 - Daylight,03 - P.D. only,02 - Angle,Westboro
4671,LEGGET DR @ TERRY FOX DR,350178.0396,5023444.493,-75.92088968,45.34947837,2014-02-25,9:00,01 - Clear,01 - Dry,02 - Stop sign,03 - At intersection,01 - Daylight,03 - P.D. only,02 - Angle,South March
4672,JOCKVALE RD @ EXETER DR/TARTAN DR,363324.1534,5014773.416,-75.75415695,45.27048248,2014-02-18,7:56,03 - Snow,03 - Loose snow,11 - Roundabout,03 - At intersection,01 - Daylight,03 - P.D. only,03 - Rear end,Barrhaven West - Old Barrhaven
4673,RUSSELL RD btwn CUBA AVE & SMYTH RD,373095.094,5029477.165,-75.62761844,45.40190072,2014-02-20,9:42,01 - Clear,02 - Wet,10 - No control,01 - Non intersection,01 - Daylight,03 - P.D. only,04 - Sideswipe,Elmvale - Eastway - Riverview - Riverview Park West
4674,MACKENZIE AVE @ RIDEAU ST,367869.1318,5032010.38,-75.69404228,45.4251841,2014-02-23,13:43,01 - Clear,01 - Dry,01 - Traffic signal,02 - Intersection related,01 - Daylight,03 - P.D. only,03 - Rear end,Byward Market - Parliament Hill