Record,Location,X,Y,lon,lat,Date,Time,Environment,Road_Surface,Traffic_Control,Collision_Location,Light,Collision_Classification,Impact_type,Neighborhood
4675,NOEL ST btwn TAYLOR LANE & RIDEAU TER,368897.4489,5033900.948,-75.68065667,45.44210123,2014-02-23,14:15,01 - Clear,01 - Dry,10 - No control,04 - At/near private drive,01 - Daylight,03 - P.D. only,99 - Other,New Edinburgh
4676,ARLINGTON AVE @ BRONSON AVE,367225.0791,5029866.616,-75.70254335,45.40595293,2014-02-12,13:22,01 - Clear,01 - Dry,01 - Traffic signal,03 - At intersection,01 - Daylight,03 - P.D. only,05 - Turning movement,Centretown West
4677,MITCH OWENS RD btwn TURN LANE & SALE BARN RD,378701.5918,5016548.677,-75.55794346,45.28500775,2014-02-14,5:11,03 - Snow,03 - Loose snow,10 - No control,01 - Non intersection,07 - Dark,03 - P.D. only,07 - SMV other,Osgoode
4678,EAGLESON RD @ MICHAEL COWPLAND DR/STONEHAVEN D,354383.3106,5016621.654,-75.86790854,45.28780059,2014-02-14,9:20,03 - Snow,03 - Loose snow,01 - Traffic signal,02 - Intersection related,01 - Daylight,03 - P.D. only,03 - Rear end,Glen Cairn - Kanata South Business Park
4679,CARLING AVE @ MAITLAND AVE/SHERBOURNE RD,362942.6979,5026489.795,-75.75764224,45.37593763,2014-02-14,10:30,03 - Snow,03 - Loose snow,01 - Traffic signal,02 - Intersection related,01 - Daylight,03 - P.D. only,01 - Approaching,Carlingwood - McKellar Park - Laurentien View
4680,NAUGHTON ST @ QUEEN MARY ST,371334.2281,5032068.346,-75.64975891,45.42538464,2014-02-15,2:26,01 - Clear,01 - Dry,02 - Stop sign,03 - At intersection,07 - Dark,03 - P.D. only,02 - Angle,Overbrook
4681,BELFAST RD @ COVENTRY RD,371525.1429,5031642.512,-75.64737716,45.42153499,2014-02-15,9:26,01 - Clear,02 - Wet,01 - Traffic signal,02 - Intersection related,01 - Daylight,03 - P.D. only,03 - Rear end,Overbrook
4682,EMOND ST @ MONTREAL RD,370195.2177,5033134.842,-75.66417113,45.43508795,2014-02-18,8:35,03 - Snow,03 - Loose snow,02 - Stop sign,03 - At intersection,01 - Daylight,03 - P.D. only,05 - Turning movement,Vanier
4683,PRINCE OF WALES DR @ LODGE RD S,366789.1732,5013756.428,-75.71012909,45.26103478,2014-02-18,7:50,03 - Snow,03 - Loose snow,02 - Stop sign,02 - Intersection related,01 - Daylight,03 - P.D. only,04 - Sideswipe,New Barrhaven
4684,ELMSMERE RD @ MONTREAL RD,374927.2542,5034312.677,-75.60352943,45.44522688,2014-01-25,18:38,01 - Clear,03 - Loose snow,01 - Traffic signal,02 - Intersection related,07 - Dark,03 - P.D. only,99 - Other,Beacon Hill South - Cardinal Heights
4685,KING EDWARD AVE SB btwn GUIGUES AVE & ST. PATRICK ST,368243.488,5032836.859,-75.6891524,45.43258661,2014-02-19,4:20,01 - Clear,01 - Dry,10 - No control,04 - At/near private drive,07 - Dark,03 - P.D. only,02 - Angle,Lower Town
4686,MARCH RD btwn BURNT LANDS RD & UPPER DWYER HILL RD,333683.4698,5013994.161,-76.13193699,45.26531237,2014-02-19,5:38,01 - Clear,02 - Wet,10 - No control,01 - Non intersection,07 - Dark,03 - P.D. only,07 - SMV other,Carp - Hardwood Plains
4687,SHERWAY DR btwn TEDWYN DR & BURNETT'S GROVE CIRC,363140.6705,5015625.351,-75.75639498,45.27816346,2014-02-18,18:15,01 - Clear,03 - Loose snow,10 - No control,01 - Non intersection,05 - Dusk,03 - P.D. only,06 - SMV unattended vehicle,Barrhaven West - Old Barrhaven
4688,ST. LAURENT BLVD btwn SHORE ST & BELFAST RD,372850.7715,5030604.154,-75.63058344,45.41206464,2014-02-19,16:11,02 - Rain,02 - Wet,10 - No control,04 - At/near private drive,01 - Daylight,03 - P.D. only,03 - Rear end,Industrial Park
4689,RIVERSIDE DR btwn HERON RD & RIVERSIDE DR RAMP 34,368184.1964,5027010.709,-75.6906591,45.38017013,2014-02-12,17:20,01 - Clear,01 - Dry,10 - No control,01 - Non intersection,05 - Dusk,03 - P.D. only,03 - Rear end,Riverside Park
4690,ST. LAURENT BLVD @ COVENTRY RD/OGILVIE RD,372306.1934,5031951.575,-75.63735557,45.42424087,2014-02-20,10:50,01 - Clear,01 - Dry,01 - Traffic signal,02 - Intersection related,01 - Daylight,03 - P.D. only,03 - Rear end,Overbrook
4691,CHARLOTTE ST @ RIDEAU ST,369249.709,5032860.353,-75.67629052,45.43270599,2014-02-20,12:00,01 - Clear,04 - Slush,01 - Traffic signal,02 - Intersection related,01 - Daylight,03 - P.D. only,03 - Rear end,Lower Town
4692,RIDEAU ST btwn WELLINGTON ST & MACKENZIE AVE,367828.0463,5031982.594,-75.69457081,45.42493779,2014-02-12,8:30,01 - Clear,01 - Dry,10 - No control,01 - Non intersection,01 - Daylight,03 - P.D. only,99 - Other,Byward Market - Parliament Hill
4693,ELGIN ST NB @ WELLINGTON ST/RIDEAU ST,367802.5999,5031964.016,-75.69489833,45.42477292,2014-02-13,13:05,01 - Clear,01 - Dry,01 - Traffic signal,03 - At intersection,01 - Daylight,03 - P.D. only,02 - Angle,Byward Market - Parliament Hill
4694,ELGIN ST @ SLATER ST,367890.2338,5031644.679,-75.69381948,45.42189174,2014-02-15,12:14,01 - Clear,01 - Dry,01 - Traffic signal,03 - At intersection,01 - Daylight,03 - P.D. only,02 - Angle,Downtown
4695,RIVER RD btwn MULLIGAN ST & LEITRIM RD,367982.1635,5017395.483,-75.69446623,45.29367249,2014-02-25,12:34,01 - Clear,01 - Dry,10 - No control,04 - At/near private drive,01 - Daylight,03 - P.D. only,03 - Rear end,Gloucester
4696,BRONSON AVE @ LAKESIDE AVE,367655.7496,5028838.159,-75.69717331,45.39666064,2014-02-25,13:04,01 - Clear,01 - Dry,02 - Stop sign,03 - At intersection,01 - Daylight,03 - P.D. only,03 - Rear end,The Glebe
4697,GALETTA SIDE RD btwn MOHRS RD & MORNING DEW DR,324186.3327,5032006.062,-76.25225189,45.42772003,2014-02-21,7:49,04 - Freezing Rain,06 - Ice,10 - No control,01 - Non intersection,01 - Daylight,03 - P.D. only,01 - Approaching,Galetta
4698,PRETORIA AVE btwn METCALFE ST & ELGIN ST,368507.5261,5030338.741,-75.68610121,45.41008541,2014-02-20,0:00,01 - Clear,02 - Wet,10 - No control,01 - Non intersection,00 - Unknown,03 - P.D. only,06 - SMV unattended vehicle,The Glebe
4699,ARLINGTON AVE @ KENT ST,367868.2025,5030257.824,-75.69427846,45.40941525,2014-02-23,14:39,01 - Clear,01 - Dry,01 - Traffic signal,03 - At intersection,01 - Daylight,03 - P.D. only,02 - Angle,Centretown
4700,DUNROBIN RD btwn KINBURN SIDE RD & VANCES SIDE RD,339037.615,5034820.613,-76.06226814,45.45247679,2014-02-14,6:33,03 - Snow,03 - Loose snow,10 - No control,04 - At/near private drive,07 - Dark,03 - P.D. only,07 - SMV other,Woodlawn
4701,RUSSELL RD S @ ST. LAURENT BLVD,373568.7475,5029260.976,-75.62159899,45.39990918,2014-02-14,8:01,03 - Snow,06 - Ice,01 - Traffic signal,02 - Intersection related,01 - Daylight,03 - P.D. only,03 - Rear end,Hawthorne Meadows - Sheffield Glen
4702,BANKFIELD RD btwn KILREEN LANE & PRINCE OF WALES DR,366276.1676,5008928.665,-75.71726194,45.21763956,2014-02-14,9:00,03 - Snow,03 - Loose snow,10 - No control,01 - Non intersection,01 - Daylight,03 - P.D. only,07 - SMV other,New Barrhaven
4703,AVIATION PKWY @ MONTREAL RD,372146.2096,5034109.343,-75.63910457,45.44367085,2014-02-14,12:18,03 - Snow,03 - Loose snow,01 - Traffic signal,02 - Intersection related,01 - Daylight,03 - P.D. only,03 - Rear end,Cummings
4704,FALLOWFIELD RD @ MOODIE DR,359502.1629,5014637.173,-75.80287639,45.26956423,2014-02-14,18:00,01 - Clear,04 - Slush,01 - Traffic signal,02 - Intersection related,05 - Dusk,03 - P.D. only,03 - Rear end,Munster Hamlet - Richmond
4705,ORLEANS BLVD @ MAPLE RUN AVE/BEAUSEJOUR DR S,380569.3665,5035320.795,-75.5312583,45.45370835,2014-02-15,10:26,01 - Clear,02 - Wet,01 - Traffic signal,02 - Intersection related,01 - Daylight,03 - P.D. only,07 - SMV other,Orleans Village - Chateauneuf
4706,CARP RD btwn MARCH RD & JOHN CAVANAUGH DR,343076.0165,5020723.349,-76.01173191,45.3254161,2014-02-16,22:19,01 - Clear,01 - Dry,10 - No control,01 - Non intersection,07 - Dark,03 - P.D. only,01 - Approaching,Stittsville - Basswood
4707,MAPLE GROVE RD @ TERRY FOX DR,351554.0825,5017865.412,-75.90385647,45.29918616,2014-02-18,8:15,03 - Snow,03 - Loose snow,01 - Traffic signal,03 - At intersection,01 - Daylight,03 - P.D. only,03 - Rear end,Katimavik - Hazeldean
4708,CARLING AVE @ CLYDE AVE/COLE AVE,363521.1645,5026849.594,-75.75021431,45.37912681,2014-01-29,15:37,01 - Clear,04 - Slush,01 - Traffic signal,03 - At intersection,01 - Daylight,03 - P.D. only,05 - Turning movement,Carlingwood - McKellar Park - Laurentien View
4709,MACFARLANE RD btwn GREENSIDE AVE & O'DONNELL CRT,367019.3772,5021303.823,-75.70624922,45.32892513,2014-01-22,8:05,01 - Clear,01 - Dry,10 - No control,01 - Non intersection,01 - Daylight,03 - P.D. only,03 - Rear end,Industrial Park
4710,LAURIER AVE   E btwn HENDERSON AVE & NELSON ST,368869.0604,5032112.132,-75.6812523,45.42600875,2014-01-23,9:53,01 - Clear,06 - Ice,10 - No control,01 - Non intersection,01 - Daylight,03 - P.D. only,03 - Rear end,Sandy Hill
4711,ST. JOSEPH BLVD @ JEANNE D'ARC BLVD,379861.2164,5036470.633,-75.54013547,45.46413014,2014-02-19,7:31,01 - Clear,02 - Wet,11 - Roundabout,03 - At intersection,01 - Daylight,03 - P.D. only,02 - Angle,Chapel Hill
4712,LAURIER AVE @ LYON ST,367154.0054,5031068.718,-75.70329913,45.41677543,2014-02-19,16:14,01 - Clear,02 - Wet,01 - Traffic signal,03 - At intersection,01 - Daylight,03 - P.D. only,02 - Angle,Downtown
4713,CHIMO DR btwn ANIK WAY & LARSEN CRT,352715.7032,5018997.548,-75.88893649,45.30929512,2014-02-19,15:15,01 - Clear,01 - Dry,10 - No control,01 - Non intersection,01 - Daylight,03 - P.D. only,02 - Angle,Katimavik - Hazeldean
4714,PRINCE OF WALES DR @ WEST HUNT CLUB RD,367458.7103,5021892.264,-75.70057057,45.33418074,2014-02-11,17:20,01 - Clear,02 - Wet,01 - Traffic signal,02 - Intersection related,05 - Dusk,03 - P.D. only,03 - Rear end,Industrial Park
4715,CEDARWOOD DR btwn WALKLEY RD & BAYCREST DR,371120.8014,5026620.159,-75.65321862,45.37638427,2014-02-19,0:00,01 - Clear,03 - Loose snow,10 - No control,01 - Non intersection,00 - Unknown,03 - P.D. only,06 - SMV unattended vehicle,Ledbury - Heron Gate - Ridgemont - Elmwood
4716,STONE SCHOOL RD btwn BANK ST & JOHN QUINN RD,382292.8146,5011620.199,-75.51293999,45.24027716,2014-02-19,6:05,01 - Clear,01 - Dry,10 - No control,01 - Non intersection,07 - Dark,03 - P.D. only,07 - SMV other,Osgoode
4717,ALBION RD btwn BRAMPTON RD & D'AOUST AVE,372182.8784,5023557.41,-75.64007719,45.34872543,2014-02-13,14:25,01 - Clear,01 - Dry,10 - No control,04 - At/near private drive,01 - Daylight,03 - P.D. only,04 - Sideswipe,Emerald Woods - Sawmill Creek
4718,BASELINE RD btwn CONSTELLATION CRES & WOODROFFE AVE,362283.686,5023603.696,-75.76639143,45.35002313,2014-02-13,16:20,01 - Clear,01 - Dry,10 - No control,01 - Non intersection,01 - Daylight,03 - P.D. only,03 - Rear end,Iris
4719,WELLINGTON ST btwn LYON ST N & KENT ST,366971.5393,5031450.216,-75.70558215,45.42022427,2014-02-15,20:00,01 - Clear,01 - Dry,10 - No control,01 - Non intersection,07 - Dark,03 - P.D. only,04 - Sideswipe,Downtown
4720,ST. LAURENT BLVD btwn BELFAST RD & INDUSTRIAL AVE,373065.0905,5030071.359,-75.6279194,45.40724993,2014-01-25,14:18,01 - Clear,01 - Dry,10 - No control,01 - Non intersection,01 - Daylight,03 - P.D. only,03 - Rear end,Industrial Park
4721,ST. JOSEPH BLVD btwn ORLEANS BLVD & COUSINEAU ST,380691.7177,5037018.988,-75.52943207,45.46897406,2014-02-21,11:34,02 - Rain,02 - Wet,10 - No control,01 - Non intersection,01 - Daylight,03 - P.D. only,04 - Sideswipe,Industrial Park
4722,GLADSTONE AVE @ LEBRETON ST,366855.7004,5029923.836,-75.70725436,45.40650063,2014-02-21,11:49,02 - Rain,02 - Wet,02 - Stop sign,03 - At intersection,01 - Daylight,03 - P.D. only,02 - Angle,Centretown West
4723,ST. JOSEPH BLVD btwn HART RD & R.C.M.P. COMPLEX,377641.0707,5035644.763,-75.56864467,45.45693456,2014-02-22,21:30,01 - Clear,02 - Wet,10 - No control,01 - Non intersection,07 - Dark,03 - P.D. only,07 - SMV other,Greenbelt
4724,ALBERT ST @ BOOTH ST,366429.2002,5030627.834,-75.71261426,45.41287269,2014-02-14,7:30,03 - Snow,03 - Loose snow,01 - Traffic signal,02 - Intersection related,01 - Daylight,03 - P.D. only,02 - Angle,Centretown West
4725,COVENTRY RD @ VANIER PKWY,370676.4814,5031611.095,-75.65822449,45.42133274,2014-02-14,8:12,03 - Snow,03 - Loose snow,01 - Traffic signal,02 - Intersection related,01 - Daylight,03 - P.D. only,04 - Sideswipe,Overbrook
4726,HUNT CLUB RD btwn BILLY BISHOP PRIV & HUNT CLUB PL,369520.9558,5022768.277,-75.67414759,45.34187571,2014-02-14,12:42,03 - Snow,03 - Loose snow,10 - No control,01 - Non intersection,01 - Daylight,03 - P.D. only,99 - Other,Hunt Club - Ottawa Airport
4727,BRONSON AVE @ CATHERINE ST/RAYMOND ST,367252.2015,5029796.82,-75.70220574,45.40532251,2014-02-14,7:00,03 - Snow,03 - Loose snow,01 - Traffic signal,02 - Intersection related,03 - Dawn,03 - P.D. only,03 - Rear end,Centretown West
4728,FRANK BENDER ST @ JEANNE D'ARC BLVD,381871.4266,5035885.648,-75.51452487,45.45864804,2014-02-15,10:33,01 - Clear,02 - Wet,01 - Traffic signal,03 - At intersection,01 - Daylight,03 - P.D. only,05 - Turning movement,Orleans Village - Chateauneuf
4729,OGILVIE RD @ MATHESON RD/PALMERSTON DR,373380.195,5032536.514,-75.62355133,45.42939938,2014-02-15,10:57,01 - Clear,02 - Wet,01 - Traffic signal,02 - Intersection related,01 - Daylight,03 - P.D. only,03 - Rear end,Industrial Park
4730,REGIONAL RD 174 @ TRIM RD,384352.848,5039989.927,-75.48213643,45.49529632,2014-02-17,8:40,01 - Clear,02 - Wet,01 - Traffic signal,02 - Intersection related,01 - Daylight,03 - P.D. only,99 - Other,Chatelaine Village
4731,LOUISA ST @ PRESTON ST,366522.2254,5029636.666,-75.71154996,45.40394624,2014-02-17,9:14,01 - Clear,01 - Dry,02 - Stop sign,03 - At intersection,01 - Daylight,03 - P.D. only,05 - Turning movement,Little Italy
4732,GREENBANK RD @ HWY 417 IC129 RAMP57/IRIS ST,360530.802,5023313.761,-75.78879271,45.34755579,2014-02-18,8:10,03 - Snow,03 - Loose snow,01 - Traffic signal,03 - At intersection,01 - Daylight,03 - P.D. only,02 - Angle,Iris
4733,MONTREAL RD btwn ST. LAURENT BLVD & HILLSIDE DR,371619.7034,5033856.093,-75.6458686,45.44144275,2014-01-30,12:34,01 - Clear,02 - Wet,10 - No control,04 - At/near private drive,01 - Daylight,03 - P.D. only,02 - Angle,Cummings
4734,ELGIN ST @ SLATER ST,367891.2147,5031647.843,-75.69380654,45.42192012,2014-02-02,22:33,01 - Clear,02 - Wet,01 - Traffic signal,03 - At intersection,07 - Dark,03 - P.D. only,02 - Angle,Downtown
4735,GREENBANK RD @ HWY 417 IC129 RAMP57/IRIS ST,360530.381,5023311.596,-75.78879832,45.34753634,2014-01-28,9:20,01 - Clear,02 - Wet,01 - Traffic signal,02 - Intersection related,01 - Daylight,03 - P.D. only,04 - Sideswipe,Iris
4736,MACLAREN ST btwn CARTIER ST & MACDONALD ST,368472.7022,5031281.491,-75.68642426,45.41857113,2014-02-02,16:40,01 - Clear,02 - Wet,10 - No control,04 - At/near private drive,05 - Dusk,03 - P.D. only,02 - Angle,Golden Triangle
4737,ROBERTSON RD btwn FITZGERALD RD & MOODIE DR,356887.6451,5020350.133,-75.83559342,45.32116882,2014-02-19,8:06,01 - Clear,02 - Wet,10 - No control,04 - At/near private drive,01 - Daylight,03 - P.D. only,05 - Turning movement,Bells Corners West
4738,EVANS BLVD btwn BANK ST & WILLOWDALE AVE,369955.1073,5027036.615,-75.66804561,45.38024077,2014-02-19,8:04,01 - Clear,05 - Packed snow,10 - No control,04 - At/near private drive,01 - Daylight,03 - P.D. only,06 - SMV unattended vehicle,Alta Vista
4739,OLD TENTH LINE RD @ TENTH LINE RD,383044.3848,5038357.083,-75.4991356,45.48075344,2014-02-19,15:30,01 - Clear,01 - Dry,01 - Traffic signal,02 - Intersection related,01 - Daylight,03 - P.D. only,03 - Rear end,Queenswood Heights
4740,ALBION RD @ BANK ST,371949.0976,5024128.552,-75.64298275,45.3538868,2014-01-11,7:09,04 - Freezing Rain,06 - Ice,01 - Traffic signal,03 - At intersection,07 - Dark,03 - P.D. only,02 - Angle,Blossom Park - Blossom Park West - Sawmill Creek/ Timbermill
4741,FALAISE RD @ FISHER AVE,366776.2152,5024562.282,-75.70894277,45.35826569,2014-02-14,10:55,03 - Snow,03 - Loose snow,02 - Stop sign,03 - At intersection,01 - Daylight,03 - P.D. only,02 - Angle,Carleton Heights - Rideauview
4742,JOCKVALE RD @ STRANDHERD DR,363560.4805,5014579.105,-75.7511684,45.26871436,2014-02-14,16:44,03 - Snow,03 - Loose snow,01 - Traffic signal,03 - At intersection,01 - Daylight,03 - P.D. only,05 - Turning movement,Barrhaven West - Old Barrhaven
4743,BANKFIELD RD @ PRINCE OF WALES DR,366378.2681,5008974.439,-75.71595641,45.21804252,2014-02-20,16:00,01 - Clear,02 - Wet,01 - Traffic signal,02 - Intersection related,01 - Daylight,03 - P.D. only,03 - Rear end,Manotick
4744,HAZELDEAN RD @ TERRY FOX DR,352209.9807,5017241.503,-75.89555348,45.29352812,2014-01-27,6:30,03 - Snow,03 - Loose snow,01 - Traffic signal,03 - At intersection,07 - Dark,03 - P.D. only,07 - SMV other,Glen Cairn - Kanata South Business Park
4745,CARLING AVE WB btwn SHERBOURNE RD & BROADVIEW AVE,363029.3899,5026542.52,-75.75652925,45.37640484,2014-02-13,16:30,01 - Clear,01 - Dry,10 - No control,01 - Non intersection,01 - Daylight,03 - P.D. only,04 - Sideswipe,Carlingwood - McKellar Park - Laurentien View
4746,CAMBRIDGE ST    N btwn GLADSTONE AVE & ARLINGTON AVE,367075.3028,5029934.268,-75.70444795,45.40657499,2014-02-18,15:05,03 - Snow,03 - Loose snow,10 - No control,01 - Non intersection,01 - Daylight,03 - P.D. only,06 - SMV unattended vehicle,Centretown West
4747,SHANEGAL CRES btwn DOWNPATRICK RD & DOWNPATRICK RD,370527.9858,5022964.948,-75.66127293,45.34355167,2014-02-24,0:00,01 - Clear,01 - Dry,10 - No control,01 - Non intersection,07 - Dark,03 - P.D. only,06 - SMV unattended vehicle,Hunt Club - Ottawa Airport
4748,LAURIER AVE @ WALLER ST/TRANSITWAY,368454.7468,5031858.003,-75.68657918,45.42376002,2014-03-02,1:06,03 - Snow,05 - Packed snow,01 - Traffic signal,02 - Intersection related,07 - Dark,03 - P.D. only,03 - Rear end,Sandy Hill
4749,CONROY RD @ HUNT CLUB RD,373766.1097,5025402.627,-75.61961735,45.36517406,2014-02-05,16:15,03 - Snow,03 - Loose snow,01 - Traffic signal,02 - Intersection related,01 - Daylight,03 - P.D. only,03 - Rear end,Greenboro East
4750,DONALD ST @ VANIER PKWY,370315.1005,5032270.581,-75.66275403,45.42730046,2014-02-14,8:13,03 - Snow,03 - Loose snow,01 - Traffic signal,03 - At intersection,01 - Daylight,03 - P.D. only,02 - Angle,Overbrook
4751,CARLING AVE @ PRESTON ST,366830.217,5028935.807,-75.70770415,45.39761287,2014-02-14,8:00,03 - Snow,03 - Loose snow,01 - Traffic signal,02 - Intersection related,01 - Daylight,03 - P.D. only,03 - Rear end,Centretown West
4752,LIPSTAN AVE btwn WILLETH AVE & HILLIARD AVE,365979.8909,5025603.834,-75.71897706,45.36770732,2014-02-14,13:00,01 - Clear,03 - Loose snow,10 - No control,04 - At/near private drive,01 - Daylight,03 - P.D. only,02 - Angle,Cityview - Skyline - Fisher Heights
4753,CHRYSLER ST btwn FOURTH AVE & FIFTH AVE,367799.1804,5029060.02,-75.69531319,45.39864399,2014-02-14,0:00,01 - Clear,04 - Slush,10 - No control,01 - Non intersection,00 - Unknown,03 - P.D. only,06 - SMV unattended vehicle,The Glebe
4754,COLONIAL RD btwn BIRCHGROVE RD & CANAAN RD,398349.2392,5035487.159,-75.30394897,45.45305118,2014-02-15,11:38,01 - Clear,02 - Wet,10 - No control,01 - Non intersection,01 - Daylight,03 - P.D. only,07 - SMV other,Cumberland - Estates
4755,SOMERSET ST    W btwn BECKINGTON PRIV & BANK ST,367628.2897,5030875.26,-75.69726444,45.41499233,2014-02-15,14:45,01 - Clear,01 - Dry,10 - No control,01 - Non intersection,01 - Daylight,03 - P.D. only,06 - SMV unattended vehicle,Centretown
4756,BURLINGTON CRES btwn HUNTERSFIELD DR & HUNTERSFIELD DR,373362.7223,5025195.343,-75.62479492,45.36334857,2014-02-17,0:00,01 - Clear,05 - Packed snow,10 - No control,01 - Non intersection,00 - Unknown,03 - P.D. only,06 - SMV unattended vehicle,Greenboro East
4757,ST. JOSEPH BLVD @ JEANNE D'ARC BLVD,379862.1643,5036472.529,-75.54012306,45.46414709,2014-02-17,12:15,01 - Clear,01 - Dry,11 - Roundabout,03 - At intersection,01 - Daylight,03 - P.D. only,04 - Sideswipe,Chapel Hill
4758,CHRYSLER ST btwn FIRST AVE & SECOND AVE,367651.582,5029305.856,-75.69716694,45.40086922,2014-02-14,0:00,01 - Clear,05 - Packed snow,10 - No control,01 - Non intersection,00 - Unknown,03 - P.D. only,06 - SMV unattended vehicle,The Glebe
4759,ANDERSON RD btwn INNES RD & DESJARDINS ST,377247.7035,5031627.031,-75.57426501,45.4208265,2014-02-18,9:10,02 - Rain,03 - Loose snow,10 - No control,01 - Non intersection,01 - Daylight,03 - P.D. only,07 - SMV other,Greenbelt
4760,BLAIR RD @ REGIONAL RD 174 S/OR174 IC112 RAMP15,374906.3445,5032662.743,-75.60403168,45.43038381,2014-02-18,8:30,03 - Snow,03 - Loose snow,01 - Traffic signal,02 - Intersection related,01 - Daylight,03 - P.D. only,03 - Rear end,Pineview
4761,TRIM RD btwn DEMETER ST & VALIN ST,386220.5235,5037765.18,-75.4586127,45.47506492,2014-02-04,6:20,01 - Clear,02 - Wet,10 - No control,01 - Non intersection,03 - Dawn,03 - P.D. only,03 - Rear end,Cardinal Creek
4762,OGILVIE RD @ BATHGATE DR/CITYPARK DR W,373828.7221,5032800.83,-75.61778283,45.43173344,2014-02-06,13:00,01 - Clear,02 - Wet,01 - Traffic signal,02 - Intersection related,01 - Daylight,03 - P.D. only,03 - Rear end,Industrial Park
4763,GREENBANK RD @ CANFIELD RD/CRAIG HENRY DR,361106.1728,5021365.76,-75.78167238,45.32998176,2014-02-06,8:55,01 - Clear,01 - Dry,01 - Traffic signal,03 - At intersection,01 - Daylight,03 - P.D. only,05 - Turning movement,Sheahan Estates - Trend Village - Arlington Woods
4764,DUFFERIN RD btwn TAYLOR LANE & LISGAR RD,368806.3431,5033886.567,-75.68182301,45.44198019,2014-02-19,8:32,01 - Clear,02 - Wet,10 - No control,04 - At/near private drive,01 - Daylight,03 - P.D. only,02 - Angle,New Edinburgh
4765,INNES RD @ JEANNE D'ARC BLVD/MER BLEUE RD,382638.2606,5035567.807,-75.50477153,45.45570337,2014-02-19,8:41,01 - Clear,02 - Wet,01 - Traffic signal,03 - At intersection,01 - Daylight,03 - P.D. only,05 - Turning movement,Chapel Hill South
4766,MATHESON RD btwn WHITEROCK ST & SUNWOOD CRES,373234.7097,5032787.149,-75.62537557,45.43166872,2014-01-11,11:35,04 - Freezing Rain,06 - Ice,10 - No control,01 - Non intersection,01 - Daylight,03 - P.D. only,01 - Approaching,Carson Grove - Carson Meadows
4767,LYON ST @ WELLINGTON ST,366936.6928,5031425.218,-75.70603053,45.42000244,2014-01-14,5:44,01 - Clear,02 - Wet,01 - Traffic signal,03 - At intersection,07 - Dark,03 - P.D. only,05 - Turning movement,Downtown
4768,CARP RD btwn KITTIWAKE DR & HAZELDEAN RD,348621.4656,5014539.069,-75.94154107,45.26944362,2014-02-14,17:32,01 - Clear,02 - Wet,10 - No control,04 - At/near private drive,07 - Dark,03 - P.D. only,02 - Angle,Stittsville
4769,THIRD AVE btwn CHRYSLER ST & PERCY ST,367867.625,5029273.932,-75.69441168,45.40056254,2014-02-17,11:42,01 - Clear,01 - Dry,10 - No control,01 - Non intersection,01 - Daylight,03 - P.D. only,06 - SMV unattended vehicle,The Glebe
4770,BRONSON AVE btwn MACLAREN ST & GILMOUR ST,367004.1369,5030388.298,-75.7052997,45.41066655,2014-02-16,13:00,03 - Snow,03 - Loose snow,10 - No control,01 - Non intersection,01 - Daylight,03 - P.D. only,06 - SMV unattended vehicle,Centretown West
4771,BRONSON AVE/BRONSON/HERON RAMP 35 @ HERON RD,368640.4507,5026697.655,-75.68487434,45.37731193,2014-02-13,18:01,01 - Clear,01 - Dry,01 - Traffic signal,02 - Intersection related,07 - Dark,03 - P.D. only,03 - Rear end,Riverside Park
4772,ALBERT ST @ PRESTON ST,366160.379,5030464.292,-75.71606881,45.41142481,2014-02-18,14:50,01 - Clear,04 - Slush,01 - Traffic signal,02 - Intersection related,01 - Daylight,03 - P.D. only,03 - Rear end,Centretown West
4773,BAYCREST DR @ WALKLEY RD,371422.2045,5026588.631,-75.649375,45.376072,2014-02-25,16:50,01 - Clear,01 - Dry,01 - Traffic signal,03 - At intersection,01 - Daylight,03 - P.D. only,02 - Angle,Ledbury - Heron Gate - Ridgemont - Elmwood
4774,MEADOWLANDS DR/TALLWOOD DR @ WOODROFFE AVE,363055.1493,5022730.257,-75.7566497,45.34210034,2014-02-25,19:10,01 - Clear,01 - Dry,01 - Traffic signal,02 - Intersection related,07 - Dark,03 - P.D. only,03 - Rear end,Crestview - Meadowlands
4775,BANTREE ST @ INNES RD,373706.1971,5030404.66,-75.6196837,45.41018599,2014-02-19,17:15,01 - Clear,02 - Wet,01 - Traffic signal,02 - Intersection related,01 - Daylight,03 - P.D. only,03 - Rear end,Industrial Park
4776,TERRY FOX DR @ PALLADIUM DR/KATIMAVIK RD,351271.1398,5018179.879,-75.9074345,45.3020346,2014-02-19,18:30,01 - Clear,04 - Slush,01 - Traffic signal,02 - Intersection related,07 - Dark,03 - P.D. only,03 - Rear end,Katimavik - Hazeldean
4777,BAYCREST DR @ WALKLEY RD,371420.3088,5026591.475,-75.64939881,45.37609777,2014-02-07,15:30,01 - Clear,01 - Dry,01 - Traffic signal,02 - Intersection related,01 - Daylight,03 - P.D. only,03 - Rear end,Ledbury - Heron Gate - Ridgemont - Elmwood