Record,Location,X,Y,lon,lat,Date,Time,Environment,Road_Surface,Traffic_Control,Collision_Location,Light,Collision_Classification,Impact_type,Neighborhood
4778,CAMPEAU DR @ TERRY FOX DR,350457.0079,5019009.884,-75.9177387,45.3095566,2014-02-12,7:58,01 - Clear,01 - Dry,01 - Traffic signal,03 - At intersection,01 - Daylight,03 - P.D. only,03 - Rear end,Kanata Lakes - Marchwood Lakeside - Morgan's Grant - Kanata
4779,REGIONAL ROAD 174 btwn OR174 IC112 RAMP51 & OR174 IC112 RAMP15,374867.8393,5032872.186,-75.60449392,45.43227212,2014-02-14,9:02,03 - Snow,03 - Loose snow,10 - No control,01 - Non intersection,01 - Daylight,03 - P.D. only,07 - SMV other,Greenbelt
4780,ELEANOR DR btwn TRILLIUM AVE & GREENCREST PL,365063.367,5025151.814,-75.73073147,45.36371952,2014-02-14,9:02,03 - Snow,03 - Loose snow,10 - No control,01 - Non intersection,01 - Daylight,03 - P.D. only,06 - SMV unattended vehicle,Cityview - Skyline - Fisher Heights
4781,BANK ST btwn ARLINGTON AVE & CATHERINE ST,368031.767,5030287.477,-75.69218526,45.4096673,2014-02-14,11:10,03 - Snow,05 - Packed snow,10 - No control,01 - Non intersection,01 - Daylight,03 - P.D. only,03 - Rear end,Centretown
4782,RIDEAU ST @ WALLER ST,368281.227,5032275.852,-75.68874245,45.42753544,2014-02-14,12:02,03 - Snow,03 - Loose snow,01 - Traffic signal,02 - Intersection related,01 - Daylight,03 - P.D. only,03 - Rear end,Byward Market
4783,ALBION RD @ HUNT CLUB RD,371867.4592,5024320.944,-75.64399848,45.35562569,2014-02-15,16:33,01 - Clear,01 - Dry,01 - Traffic signal,02 - Intersection related,01 - Daylight,03 - P.D. only,02 - Angle,South Keys - Heron Gate - Greenboro West
4784,TRIM RD @ DAIRY DR/TAYLOR CREEK DR,384534.5771,5039595.391,-75.4798757,45.49172593,2014-02-15,17:22,01 - Clear,06 - Ice,02 - Stop sign,03 - At intersection,07 - Dark,03 - P.D. only,03 - Rear end,Industrial Park
4785,FRANK ST btwn ELGIN ST & CARTIER ST,368485.3588,5030965.575,-75.68630339,45.41572747,2014-02-15,16:30,01 - Clear,05 - Packed snow,10 - No control,01 - Non intersection,01 - Daylight,03 - P.D. only,06 - SMV unattended vehicle,Golden Triangle
4786,CAMERON ST btwn THIRD ST & REGIONAL ROAD 174,389846.0817,5042647.896,-75.41140301,45.51856167,2014-02-17,14:30,01 - Clear,01 - Dry,10 - No control,01 - Non intersection,01 - Daylight,03 - P.D. only,04 - Sideswipe,Cumberland - Estates
4787,SOMERSET ST    W btwn MACDONALD ST & DRIVEWAY (THE),368558.6546,5031451.54,-75.68530412,45.42009334,2014-02-17,0:00,01 - Clear,01 - Dry,10 - No control,01 - Non intersection,00 - Unknown,03 - P.D. only,06 - SMV unattended vehicle,Golden Triangle
4788,WOODROFFE AVE btwn PINELAND AVE & SLACK RD,364214.9256,5020028.978,-75.74217616,45.31769719,2014-02-18,9:30,03 - Snow,03 - Loose snow,10 - No control,01 - Non intersection,01 - Daylight,03 - P.D. only,99 - Other,Merivale Gardens - Grenfell Glen - Pineglen - Country Place
4789,COVENTRY RD @ VANIER PKWY,370677.8067,5031608.859,-75.65820785,45.4213125,2014-02-18,7:45,03 - Snow,04 - Slush,01 - Traffic signal,02 - Intersection related,01 - Daylight,03 - P.D. only,03 - Rear end,Overbrook
4790,WOODROFFE AVE btwn HWY417 IC127 RAMP62 & HWY417 IC127 RAMP26,362076.5258,5024962.266,-75.76887759,45.3622644,2014-02-06,14:30,01 - Clear,01 - Dry,10 - No control,01 - Non intersection,01 - Daylight,03 - P.D. only,05 - Turning movement,Carlingwood West - Glabar Park - McKellar Heights
4791,GRENADINE ST btwn CAYMAN RD & MAPLE GROVE RD,349769.4485,5016304.872,-75.92675198,45.28526044,2014-02-05,17:20,03 - Snow,03 - Loose snow,10 - No control,04 - At/near private drive,07 - Dark,03 - P.D. only,06 - SMV unattended vehicle,Stittsville
4792,RIVERSIDE DR @ SMYTH RD SOUTH SIDE RAMP,369788.9188,5028997.028,-75.66990925,45.39789534,2014-02-10,12:20,01 - Clear,02 - Wet,01 - Traffic signal,02 - Intersection related,01 - Daylight,03 - P.D. only,03 - Rear end,Alta Vista
4793,O'CONNOR ST btwn ARGYLE AVE & CATHERINE ST,368211.379,5030444.549,-75.68987066,45.41106433,2014-02-14,15:25,03 - Snow,03 - Loose snow,10 - No control,01 - Non intersection,01 - Daylight,03 - P.D. only,04 - Sideswipe,Centretown
4794,LAURIER AVE @ NICHOLAS ST,368373.1631,5031796.374,-75.68762955,45.42321292,2014-01-16,15:58,04 - Freezing Rain,06 - Ice,01 - Traffic signal,03 - At intersection,01 - Daylight,03 - P.D. only,05 - Turning movement,Sandy Hill
4795,CRAIG HENRY DR @ KNOXDALE RD,363116.214,5021653.595,-75.75599744,45.33240754,2014-02-17,20:20,01 - Clear,01 - Dry,01 - Traffic signal,02 - Intersection related,07 - Dark,03 - P.D. only,03 - Rear end,Woodvale - Craig Henry - Manordale - Estates of Arlington Wo
4796,DAVID DR @ ROWLEY AVE,364243.0643,5023570.62,-75.74139193,45.34956218,2014-02-18,7:50,03 - Snow,05 - Packed snow,02 - Stop sign,03 - At intersection,01 - Daylight,03 - P.D. only,02 - Angle,Crestview - Meadowlands
4797,YORK ST WB btwn BYWARD MARKE SQ & SUSSEX DR,367808.83,5032268.792,-75.69477974,45.42751463,2014-02-14,17:59,03 - Snow,04 - Slush,10 - No control,01 - Non intersection,07 - Dark,03 - P.D. only,03 - Rear end,Byward Market
4798,SOUTHPORT DR btwn Continuation of SOUTHPORT DR & Continuation of SOUTH,372551.836,5024820.306,-75.63519613,45.36005297,2014-02-20,0:00,01 - Clear,01 - Dry,10 - No control,01 - Non intersection,00 - Unknown,03 - P.D. only,06 - SMV unattended vehicle,Greenboro East
4799,CRAIG HENRY DR btwn MARKHAM AVE & CONOVER ST,361864.1103,5021619.573,-75.77197449,45.33220434,2014-02-20,17:15,01 - Clear,02 - Wet,10 - No control,01 - Non intersection,01 - Daylight,03 - P.D. only,06 - SMV unattended vehicle,Woodvale - Craig Henry - Manordale - Estates of Arlington Wo
4800,ALBERT ST @ PRESTON ST,366161.3122,5030465.376,-75.71605675,45.41143448,2014-02-13,21:06,01 - Clear,01 - Dry,01 - Traffic signal,02 - Intersection related,07 - Dark,03 - P.D. only,02 - Angle,Centretown West
4801,MARCH RD btwn OLD CARP RD & KLONDIKE RD,349004.1452,5024344.692,-75.93578959,45.35765354,2014-02-13,22:55,01 - Clear,01 - Dry,10 - No control,01 - Non intersection,07 - Dark,03 - P.D. only,07 - SMV other,South March
4802,HUNT CLUB RD @ CANADAIR PRIV,368663.8471,5022311.188,-75.68514235,45.33784148,2014-02-19,10:00,01 - Clear,01 - Dry,01 - Traffic signal,02 - Intersection related,01 - Daylight,03 - P.D. only,04 - Sideswipe,Hunt Club - Ottawa Airport
4803,LABELLE ST/RAMP @ LEMIEUX ST/HWY417 IC115 RAMP,372542.1943,5031686.673,-75.63437655,45.42183459,2014-02-20,8:26,01 - Clear,02 - Wet,02 - Stop sign,03 - At intersection,01 - Daylight,03 - P.D. only,02 - Angle,Cummings
4804,HAZELDEAN RD @ HUNTMAR DR/IBER RD,350942.124,5016078.484,-75.91182513,45.28314733,2014-02-25,19:38,01 - Clear,01 - Dry,01 - Traffic signal,03 - At intersection,07 - Dark,03 - P.D. only,03 - Rear end,Stittsville
4805,KANATA AVE btwn MACASSA CIRC & CAMPEAU DR,350563.9597,5019425.089,-75.91633648,45.31328576,2014-02-25,18:50,01 - Clear,01 - Dry,10 - No control,01 - Non intersection,07 - Dark,03 - P.D. only,04 - Sideswipe,Kanata Lakes - Marchwood Lakeside - Morgan's Grant - Kanata
4806,BASELINE RD/HWY 416 RICHMOND IC75R53 @ RICHMON,358636.1388,5021819.591,-75.81313222,45.33425918,2014-02-21,14:00,01 - Clear,02 - Wet,01 - Traffic signal,03 - At intersection,01 - Daylight,03 - P.D. only,02 - Angle,Greenbelt
4807,FISHER AVE @ DEER PARK RD/DYNES RD,366410.0792,5025454.58,-75.7135044,45.36632668,2014-02-12,8:15,01 - Clear,01 - Dry,01 - Traffic signal,02 - Intersection related,01 - Daylight,03 - P.D. only,03 - Rear end,Carleton Heights - Rideauview
4808,COVENTRY RD btwn ARCOLA PRIV & LOLA ST,371116.7775,5031594.812,-75.65260115,45.42114464,2014-02-12,19:33,01 - Clear,01 - Dry,10 - No control,04 - At/near private drive,07 - Dark,03 - P.D. only,02 - Angle,Overbrook
4809,LEES AVE / GRAHAM AVE @ MAIN ST,369002.2138,5030560.317,-75.67975309,45.41203387,2014-02-14,9:05,03 - Snow,05 - Packed snow,01 - Traffic signal,02 - Intersection related,01 - Daylight,03 - P.D. only,03 - Rear end,Old Ottawa East
4810,MOODIE DR btwn WEST HUNT CLUB RD & ALTI PL,358723.7749,5016484.216,-75.81259478,45.28624429,2014-02-14,9:12,03 - Snow,03 - Loose snow,10 - No control,01 - Non intersection,01 - Daylight,03 - P.D. only,07 - SMV other,Greenbelt
4811,PLEASANT PARK RD btwn CABOT ST & LESLIE AVE,369737.131,5028430.491,-75.67064523,45.39280264,2014-02-14,13:26,03 - Snow,03 - Loose snow,10 - No control,01 - Non intersection,01 - Daylight,03 - P.D. only,07 - SMV other,Alta Vista
4812,CUMBERLAND ST @ YORK ST,368262.6987,5032521.346,-75.68894757,45.42974599,2014-02-14,13:45,03 - Snow,03 - Loose snow,01 - Traffic signal,03 - At intersection,01 - Daylight,03 - P.D. only,02 - Angle,Byward Market
4813,EARL ARMSTRONG RD @ BOWESVILLE RD,372560.8839,5017440.763,-75.63609061,45.2936533,2014-02-15,17:56,01 - Clear,02 - Wet,02 - Stop sign,03 - At intersection,07 - Dark,03 - P.D. only,02 - Angle,Greenbelt
4814,JOCKVALE RD @ EXETER DR/TARTAN DR,363323.1725,5014774.177,-75.75416936,45.27048941,2014-02-18,7:55,03 - Snow,03 - Loose snow,11 - Roundabout,03 - At intersection,01 - Daylight,03 - P.D. only,03 - Rear end,Barrhaven West - Old Barrhaven
4815,REGIONAL ROAD 174 btwn OR174 IC101 RAMP63 & OR174 IC101 RAMP45,382689.2811,5038858.206,-75.50359774,45.4853018,2014-02-17,15:46,01 - Clear,01 - Dry,10 - No control,01 - Non intersection,01 - Daylight,03 - P.D. only,03 - Rear end,Chatelaine Village
4816,RENAUD RD @ RENAUD RD S,379959.4151,5031597.213,-75.53962418,45.42027215,2014-02-17,16:11,01 - Clear,01 - Dry,10 - No control,02 - Intersection related,01 - Daylight,03 - P.D. only,03 - Rear end,Greenbelt
4817,CARLING AVE @ TAVISTOCK RD,360698.5952,5025069.483,-75.78645306,45.36334036,2014-02-18,9:47,03 - Snow,03 - Loose snow,02 - Stop sign,03 - At intersection,01 - Daylight,03 - P.D. only,03 - Rear end,Whitehaven - Queensway Terrace North
4818,SMYTH RD/OTHELLO AVE @ RUSSELL RD W,373255.6288,5029373.419,-75.62558246,45.40095158,2014-02-18,9:50,01 - Clear,04 - Slush,01 - Traffic signal,02 - Intersection related,01 - Daylight,03 - P.D. only,03 - Rear end,Elmvale - Eastway - Riverview - Riverview Park West
4819,KATIMAVIK RD @ CHIMO DR E/HEARST WAY,352961.9916,5019610.471,-75.8857362,45.31479349,2014-02-07,12:27,01 - Clear,01 - Dry,01 - Traffic signal,03 - At intersection,01 - Daylight,03 - P.D. only,02 - Angle,Katimavik - Hazeldean
4820,BRONSON AVE btwn RAYMOND ST & HWY417 IC121A RAMP51,367259.8175,5029780.453,-75.70211054,45.40517457,2014-02-09,15:43,01 - Clear,01 - Dry,10 - No control,01 - Non intersection,01 - Daylight,03 - P.D. only,04 - Sideswipe,Centretown West
4821,JOCKVALE RD btwn WEYBRIDGE DR & TARTAN DR,363031.2624,5014925.075,-75.75787151,45.27187143,2014-02-11,7:48,01 - Clear,06 - Ice,08 - Traffic gate,05 - At railway crossing,01 - Daylight,03 - P.D. only,03 - Rear end,Barrhaven West - Old Barrhaven
4822,FALLOWFIELD RD @ 482 E OF HOLITMAN DR/BARRHAVE,364166.0484,5017378.942,-75.74311693,45.29385642,2014-02-11,8:56,01 - Clear,01 - Dry,01 - Traffic signal,02 - Intersection related,01 - Daylight,03 - P.D. only,04 - Sideswipe,New Barrhaven
4823,BANK ST btwn WALKLEY RD & SURREY AVE,370381.2476,5025816.659,-75.66276688,45.36922425,2014-01-02,13:26,01 - Clear,06 - Ice,10 - No control,01 - Non intersection,01 - Daylight,03 - P.D. only,04 - Sideswipe,Ledbury - Heron Gate - Ridgemont - Elmwood
4824,MONTREAL RD @ DEN HAAG DR/LANG'S RD,372386.718,5034221.33,-75.63601509,45.44465524,2014-01-22,9:11,01 - Clear,01 - Dry,01 - Traffic signal,02 - Intersection related,01 - Daylight,03 - P.D. only,03 - Rear end,Carson Grove - Carson Meadows
4825,THIRD AVE btwn BANK ST & O'CONNOR ST,368346.6634,5029558.198,-75.68825672,45.40307696,2014-01-20,18:09,01 - Clear,01 - Dry,10 - No control,01 - Non intersection,07 - Dark,03 - P.D. only,02 - Angle,The Glebe
4826,CARP RD btwn LLOYDALEX CRES & ROTHBOURNE RD,348119.7314,5015024.232,-75.94789252,45.27384038,2014-01-22,9:21,01 - Clear,06 - Ice,10 - No control,01 - Non intersection,01 - Daylight,03 - P.D. only,03 - Rear end,Stittsville
4827,CARP RD btwn KITTIWAKE DR & HAZELDEAN RD,348773.7702,5014389.82,-75.93961341,45.26809111,2014-02-18,8:00,03 - Snow,03 - Loose snow,10 - No control,04 - At/near private drive,01 - Daylight,03 - P.D. only,05 - Turning movement,Stittsville
4828,STEVENAGE DR btwn OVERTON DR & BELGREEN DR,375606.3505,5027252.614,-75.59586355,45.38163587,2014-02-20,19:16,02 - Rain,02 - Wet,10 - No control,04 - At/near private drive,07 - Dark,03 - P.D. only,02 - Angle,Greenbelt
4829,MARCH RD btwn CARLING AVE/STATION RD & 280 S OF CARLING AVE/STATION RD,351008.327,5022135.299,-75.91041649,45.33764376,2014-02-20,19:30,01 - Clear,02 - Wet,10 - No control,04 - At/near private drive,07 - Dark,03 - P.D. only,02 - Angle,South March
4830,PRINCE OF WALES DR btwn WINDING WAY & MERIVALE RD,367450.7252,5017563.482,-75.70121985,45.29523171,2014-02-14,4:43,03 - Snow,05 - Packed snow,10 - No control,01 - Non intersection,07 - Dark,03 - P.D. only,01 - Approaching,Greenbelt
4831,KELLY FARM DR btwn SHEPODY CIRC & FINDLAY CREEK DR,375206.1542,5020108.514,-75.60199019,45.3173967,2014-02-14,4:30,03 - Snow,03 - Loose snow,10 - No control,01 - Non intersection,07 - Dark,03 - P.D. only,06 - SMV unattended vehicle,Greenbelt
4832,BRAMBLEGROVE CRES N @ LORRY GREENBERG DR,373413.6719,5025725.881,-75.62407095,45.36811715,2014-02-22,13:24,01 - Clear,01 - Dry,02 - Stop sign,03 - At intersection,01 - Daylight,03 - P.D. only,05 - Turning movement,Greenboro East
4833,ALBERT ST @ KENT ST (OTTAWA),367223.1166,5031320.521,-75.70238428,45.41903491,2014-02-22,17:33,01 - Clear,01 - Dry,01 - Traffic signal,03 - At intersection,07 - Dark,03 - P.D. only,02 - Angle,Downtown
4834,ALTA VISTA DR @ SMYTH RD,370431.6496,5029081.321,-75.66168944,45.39859383,2014-02-26,9:38,01 - Clear,01 - Dry,01 - Traffic signal,02 - Intersection related,01 - Daylight,03 - P.D. only,04 - Sideswipe,Alta Vista
4835,BLACKBURN BYPASS @ NAVAN RD,379617.7805,5033274.692,-75.5437341,45.43540154,2014-02-26,10:02,01 - Clear,01 - Dry,01 - Traffic signal,02 - Intersection related,01 - Daylight,03 - P.D. only,03 - Rear end,Greenbelt
4836,HAZELDEAN RD @ TERRY FOX DR,352208.3272,5017241.946,-75.89557451,45.29353221,2014-02-21,12:25,02 - Rain,02 - Wet,01 - Traffic signal,02 - Intersection related,01 - Daylight,03 - P.D. only,04 - Sideswipe,Glen Cairn - Kanata South Business Park
4837,WEST HUNT CLUB RD EB btwn 545 E OF ROYDON PL/SUNDERLAND ST & ANTARES D,366766.3211,5022514.993,-75.70932557,45.33984543,2014-02-18,7:55,03 - Snow,03 - Loose snow,10 - No control,01 - Non intersection,01 - Daylight,03 - P.D. only,99 - Other,Industrial Park
4838,GREENBANK RD btwn WEST HUNT CLUB RD & FALLOWFIELD RD,362259.2015,5018640.425,-75.76727991,45.30536578,2014-02-14,9:14,03 - Snow,03 - Loose snow,10 - No control,01 - Non intersection,01 - Daylight,03 - P.D. only,01 - Approaching,Greenbelt
4839,WOODROFFE AVE @ ALGONQUIN COLLEGE/TRANSITWAY S,362821.3618,5023271.406,-75.75956916,45.34698894,2014-02-14,9:17,03 - Snow,03 - Loose snow,01 - Traffic signal,02 - Intersection related,01 - Daylight,03 - P.D. only,04 - Sideswipe,Crestview - Meadowlands
4840,BASELINE RD @ JOHN SUTHERLAND DR/VALLEY STREAM,359310.3232,5021789.539,-75.80453459,45.33393672,2014-02-14,13:47,05 - Drifting Snow,03 - Loose snow,01 - Traffic signal,02 - Intersection related,01 - Daylight,03 - P.D. only,02 - Angle,Briar Green - Leslie Park
4841,CARLING AVE WB @ SAIGON CRT,364064.6445,5027195.541,-75.74323392,45.38219382,2014-02-14,13:30,03 - Snow,03 - Loose snow,01 - Traffic signal,03 - At intersection,01 - Daylight,03 - P.D. only,02 - Angle,Westboro
4842,CONROY RD @ HUNT CLUB RD,373763.74,5025405.283,-75.61964722,45.36519819,2014-01-11,9:17,04 - Freezing Rain,06 - Ice,01 - Traffic signal,02 - Intersection related,01 - Daylight,03 - P.D. only,07 - SMV other,Greenboro East
4843,CARLING AVE @ CROYDON AVE,360658.6192,5025042.471,-75.78696637,45.3631005,2014-02-17,16:32,01 - Clear,01 - Dry,01 - Traffic signal,03 - At intersection,01 - Daylight,03 - P.D. only,02 - Angle,Whitehaven - Queensway Terrace North
4844,DWYER HILL RD @ ROGER STEVENS DR,354336.542,4989351.018,-75.87121021,45.04241125,2014-02-17,16:33,01 - Clear,01 - Dry,02 - Stop sign,03 - At intersection,01 - Daylight,03 - P.D. only,02 - Angle,Munster Hamlet - Richmond
4845,RUSSELL RD @ SOUTHVALE CRES N,373797.1835,5029097.943,-75.61870427,45.39841981,2014-02-18,8:30,03 - Snow,05 - Packed snow,01 - Traffic signal,02 - Intersection related,01 - Daylight,03 - P.D. only,03 - Rear end,Sheffield Glen
4846,DAKOTA AVE @ HALIFAX DR,373561.119,5027957.298,-75.62187811,45.38818003,2014-02-18,8:55,03 - Snow,03 - Loose snow,03 - Yield sign,02 - Intersection related,01 - Daylight,03 - P.D. only,03 - Rear end,Urbandale
4847,MONTREAL RD btwn GATESTONE PRIV & SINCLAIR ST,375882.8221,5034702.915,-75.5912591,45.44864148,2014-02-10,12:17,01 - Clear,02 - Wet,10 - No control,01 - Non intersection,01 - Daylight,03 - P.D. only,03 - Rear end,Beacon Hill South - Cardinal Heights
4848,WEST HUNT CLUB RD btwn PRINCE OF WALES DR & HUNT CLUB RD,367759.9741,5021884.868,-75.69672823,45.33408722,2014-02-11,11:08,01 - Clear,01 - Dry,10 - No control,01 - Non intersection,01 - Daylight,03 - P.D. only,04 - Sideswipe,Nepean
4849,MCCARTHY RD @ WALKLEY RD,369250.2243,5025300.269,-75.67727177,45.36468284,2014-02-11,16:09,01 - Clear,01 - Dry,01 - Traffic signal,02 - Intersection related,01 - Daylight,03 - P.D. only,03 - Rear end,Riverside Park
4850,BANNER RD @ GREENBANK RD,361021.1656,5021567.759,-75.78273383,45.33180616,2014-01-23,7:40,01 - Clear,06 - Ice,01 - Traffic signal,02 - Intersection related,03 - Dawn,03 - P.D. only,03 - Rear end,Woodvale - Craig Henry - Manordale - Estates of Arlington Wo
4851,RIDGEWOOD AVE @ RIVERSIDE DR,368280.1977,5025610.293,-75.68961339,45.36756087,2014-01-26,10:44,01 - Clear,04 - Slush,01 - Traffic signal,02 - Intersection related,01 - Daylight,03 - P.D. only,03 - Rear end,Riverside Park
4852,HWY 417 INNES IC112R58 @ INNES RD,374224.0291,5030711.11,-75.61302573,45.4128921,2014-01-23,6:28,01 - Clear,01 - Dry,03 - Yield sign,02 - Intersection related,07 - Dark,03 - P.D. only,04 - Sideswipe,Industrial Park
4853,HUNT CLUB RD @ CANADAIR PRIV,368661.0035,5022312.136,-75.68517851,45.33785027,2014-01-24,11:20,01 - Clear,01 - Dry,01 - Traffic signal,02 - Intersection related,01 - Daylight,03 - P.D. only,03 - Rear end,Hunt Club - Ottawa Airport
4854,FOREST CREEK DR btwn AMY ST & AMY ST,351164.1466,5014250.773,-75.90916585,45.2666864,2014-02-18,13:15,01 - Clear,05 - Packed snow,10 - No control,01 - Non intersection,01 - Daylight,03 - P.D. only,01 - Approaching,Stittsville
4855,O'CONNOR ST @ SLATER ST,367579.7049,5031449.816,-75.69781193,45.42016636,2014-02-18,15:30,03 - Snow,03 - Loose snow,01 - Traffic signal,02 - Intersection related,01 - Daylight,03 - P.D. only,03 - Rear end,Downtown
4856,BASELINE RD @ MERIVALE RD,365054.2225,5025323.619,-75.73082724,45.36526618,2014-02-20,20:00,01 - Clear,02 - Wet,01 - Traffic signal,02 - Intersection related,07 - Dark,03 - P.D. only,99 - Other,Cityview - Skyline - Fisher Heights
4857,OLD MONTREAL RD btwn CAMERON ST & ST. PETER ST,389939.2612,5042444.294,-75.41024589,45.51671854,2014-02-21,3:24,04 - Freezing Rain,02 - Wet,10 - No control,01 - Non intersection,07 - Dark,03 - P.D. only,07 - SMV other,Cumberland - Estates
4858,FALLOWFIELD RD btwn EAGLESON RD & RICHMOND RD,357104.6083,5013191.194,-75.83358092,45.25673542,2014-02-14,5:56,03 - Snow,03 - Loose snow,10 - No control,01 - Non intersection,07 - Dark,03 - P.D. only,07 - SMV other,Munster Hamlet - Richmond
4859,PRINCE OF WALES DR btwn DANBURY WAY & STRATTON DR,366703.0712,5000915.066,-75.71282128,45.14549512,2014-02-14,7:15,03 - Snow,03 - Loose snow,10 - No control,01 - Non intersection,01 - Daylight,03 - P.D. only,07 - SMV other,Manotick - North Gower
4860,PAUL ANKA DR btwn UPLANDS DR & SAMPLE RD,369415.1316,5023438.616,-75.67541023,45.34791701,2014-02-21,17:31,01 - Clear,06 - Ice,10 - No control,01 - Non intersection,07 - Dark,03 - P.D. only,01 - Approaching,Hunt Club East - Western Community
4861,BANK ST @ JOHNSTON RD,370850.3087,5024840.476,-75.65690982,45.36039682,2014-02-22,19:50,01 - Clear,01 - Dry,01 - Traffic signal,02 - Intersection related,07 - Dark,03 - P.D. only,03 - Rear end,South Keys - Heron Gate - Greenboro West
4862,CLARENCE ST @ DALHOUSIE ST,368041.2777,5032502.65,-75.69177944,45.42959783,2014-03-03,16:25,01 - Clear,04 - Slush,01 - Traffic signal,02 - Intersection related,01 - Daylight,03 - P.D. only,03 - Rear end,Byward Market
4863,BANK ST btwn CONROY RD & KEMP DR,375063.2335,5022224.281,-75.60351263,45.33644785,2014-01-11,7:21,04 - Freezing Rain,06 - Ice,10 - No control,01 - Non intersection,03 - Dawn,03 - P.D. only,07 - SMV other,Greenbelt
4864,ALTA VISTA DR btwn CLONTARF AVE & RANDALL AVE,370392.4193,5027480.877,-75.66240322,45.38419728,2014-02-21,16:30,01 - Clear,02 - Wet,10 - No control,01 - Non intersection,01 - Daylight,03 - P.D. only,03 - Rear end,Alta Vista
4865,WEST HUNT CLUB RD @ WOODROFFE AVE,363673.0607,5021246.489,-75.74894218,45.32869793,2014-02-22,12:45,01 - Clear,02 - Wet,01 - Traffic signal,02 - Intersection related,01 - Daylight,03 - P.D. only,03 - Rear end,Merivale Gardens - Grenfell Glen - Pineglen - Country Place
4866,O'CONNOR ST @ SLATER ST,367580.2119,5031449.816,-75.69780545,45.42016631,2014-02-14,8:50,03 - Snow,05 - Packed snow,01 - Traffic signal,02 - Intersection related,01 - Daylight,03 - P.D. only,03 - Rear end,Downtown
4867,BLACKBURN BYPASS @ INNES RD W,377185.6597,5032175.927,-75.57497705,45.42577155,2014-02-14,9:50,03 - Snow,03 - Loose snow,01 - Traffic signal,02 - Intersection related,01 - Daylight,03 - P.D. only,03 - Rear end,Greenbelt
4868,CASTLEFRANK RD btwn TO BE DETERMINED & WINCHESTER DR,352819.7309,5017458.689,-75.88775897,45.295441,2014-02-14,11:40,03 - Snow,03 - Loose snow,10 - No control,04 - At/near private drive,01 - Daylight,03 - P.D. only,03 - Rear end,Glen Cairn - Kanata South Business Park
4869,CYRVILLE RD @ ST. LAURENT BLVD,372242.1947,5032110.632,-75.63815152,45.42567816,2014-02-14,11:50,03 - Snow,03 - Loose snow,01 - Traffic signal,02 - Intersection related,01 - Daylight,03 - P.D. only,01 - Approaching,Overbrook
4870,KING EDWARD AVE @ ST. PATRICK ST,368249.9359,5032824.823,-75.68907156,45.43247773,2014-01-11,11:34,03 - Snow,03 - Loose snow,01 - Traffic signal,03 - At intersection,01 - Daylight,03 - P.D. only,02 - Angle,Lower Town
4871,BANTREE ST @ INNES RD,373705.7232,5030405.321,-75.61968966,45.41019198,2014-01-15,18:46,01 - Clear,01 - Dry,01 - Traffic signal,02 - Intersection related,07 - Dark,03 - P.D. only,07 - SMV other,Industrial Park
4872,OR174 IC101 RAMP63 @ REGIONAL RD 174 EB,382611.5559,5038812.709,-75.5045991,45.48490113,2014-02-17,15:45,01 - Clear,01 - Dry,10 - No control,02 - Intersection related,01 - Daylight,03 - P.D. only,03 - Rear end,Chatelaine Village
4873,EAGLESON RD btwn HAZELDEAN RD & 146 N OF ABBEYHILL DR/HAZELDEAN MALL S,353747.5385,5018238.711,-75.87585332,45.30239579,2014-02-17,16:46,01 - Clear,01 - Dry,10 - No control,01 - Non intersection,01 - Daylight,03 - P.D. only,07 - SMV other,Greenbelt
4874,HALIFAX DR btwn CANTERBURY AVE & BINGHAM ST,373292.5466,5028094.675,-75.62528848,45.3894424,2014-02-18,8:57,03 - Snow,03 - Loose snow,10 - No control,01 - Non intersection,01 - Daylight,03 - P.D. only,03 - Rear end,Urbandale
4875,UPLANDS DR @ AIRPORT PKWY RAMP 35,371124.2093,5021376.327,-75.65387852,45.3292016,2014-02-18,14:58,03 - Snow,04 - Slush,01 - Traffic signal,03 - At intersection,01 - Daylight,03 - P.D. only,01 - Approaching,Greenbelt
4876,HWY 417 VANIER IC117R63 @ VANIER PKWY,370800.3607,5031396.642,-75.65667045,45.41939151,2014-02-11,9:00,01 - Clear,06 - Ice,01 - Traffic signal,02 - Intersection related,01 - Daylight,03 - P.D. only,03 - Rear end,Overbrook
4877,CHAPEL ST @ LAURIER AVE,369117.2874,5032265.533,-75.67806047,45.42736622,2014-02-14,9:17,03 - Snow,03 - Loose snow,01 - Traffic signal,03 - At intersection,01 - Daylight,03 - P.D. only,02 - Angle,Sandy Hill
4878,BRIDGE ST btwn KITOMAN CRES & RIVER RD,369427.0595,5010729.621,-75.67691379,45.23356248,2014-02-14,9:43,03 - Snow,03 - Loose snow,10 - No control,01 - Non intersection,01 - Daylight,03 - P.D. only,03 - Rear end,Manotick
4879,BRUNEL ST @ MONTREAL RD,372825.1357,5034418.478,-75.63038404,45.44638655,2014-02-27,15:30,01 - Clear,01 - Dry,02 - Stop sign,02 - Intersection related,01 - Daylight,03 - P.D. only,03 - Rear end,Carson Grove - Carson Meadows
4880,OLMSTEAD ST btwn MONTREAL RD & LEVIS AVE,370376.4897,5033124.953,-75.66185582,45.43498199,2014-03-02,13:29,01 - Clear,02 - Wet,10 - No control,01 - Non intersection,01 - Daylight,03 - P.D. only,04 - Sideswipe,Vanier South