Record,Location,X,Y,lon,lat,Date,Time,Environment,Road_Surface,Traffic_Control,Collision_Location,Light,Collision_Classification,Impact_type,Neighborhood
4881,ST. JOSEPH BLVD btwn JEANNE D'ARC BLVD S & NOTRE DAME ST,379889.6525,5036487.695,-75.53976928,45.46428059,2014-03-08,15:05,01 - Clear,01 - Dry,10 - No control,04 - At/near private drive,01 - Daylight,03 - P.D. only,03 - Rear end,Chapel Hill
4882,EAGLESON RD btwn HWY417 IC138 RAMP35 & HWY417 IC138 RAMP25,352970.5232,5020167.321,-75.88557325,45.31980355,2014-02-11,9:58,01 - Clear,01 - Dry,10 - No control,07 - Overpass or bridge,01 - Daylight,03 - P.D. only,03 - Rear end,Greenbelt
4883,MCCARTHY RD btwn CAHILL DR W & PLANTE DR,370310.8348,5023724.202,-75.66394304,45.35040354,2014-02-11,11:31,01 - Clear,01 - Dry,10 - No control,01 - Non intersection,01 - Daylight,03 - P.D. only,01 - Approaching,Hunt Club East - Western Community
4884,BANK ST @ WALKLEY RD,370336.3117,5025947.024,-75.66332319,45.37040143,2014-03-12,15:42,03 - Snow,05 - Packed snow,01 - Traffic signal,02 - Intersection related,01 - Daylight,03 - P.D. only,04 - Sideswipe,Ledbury - Heron Gate - Ridgemont - Elmwood
4885,GREENBANK RD btwn WEST HUNT CLUB RD & FALLOWFIELD RD,361729.858,5019944.991,-75.77387967,45.31714738,2014-03-12,16:00,03 - Snow,03 - Loose snow,10 - No control,01 - Non intersection,01 - Daylight,03 - P.D. only,07 - SMV other,Greenbelt
4886,INNES RD @ TENTH LINE RD,383949.3906,5036159.561,-75.48791497,45.46088016,2014-03-12,16:00,03 - Snow,03 - Loose snow,01 - Traffic signal,02 - Intersection related,01 - Daylight,03 - P.D. only,03 - Rear end,Queenswood Heights
4887,HOLLAND AVE btwn SCOTT ST & SPENCER ST,364747.9404,5029558.571,-75.7342224,45.40339775,2014-03-13,11:56,01 - Clear,03 - Loose snow,10 - No control,01 - Non intersection,01 - Daylight,03 - P.D. only,06 - SMV unattended vehicle,Island Park
4888,TERRY FOX DR btwn INNOVATION DR & MARCH RD,349469.6007,5023031.768,-75.92996754,45.34581006,2014-03-05,8:40,01 - Clear,02 - Wet,10 - No control,01 - Non intersection,01 - Daylight,03 - P.D. only,03 - Rear end,Morgan's Grant
4889,ESSON ST @ HUNT CLUB RD,374640.2451,5025907.774,-75.60838857,45.36963259,2014-03-06,7:20,01 - Clear,01 - Dry,02 - Stop sign,03 - At intersection,01 - Daylight,03 - P.D. only,03 - Rear end,Hunt Club
4890,FALLOWFIELD RD btwn MUNSTER RD & CONLEY RD,347209.533,5005081.288,-75.96033977,45.18442465,2014-03-13,7:55,03 - Snow,06 - Ice,10 - No control,01 - Non intersection,01 - Daylight,03 - P.D. only,03 - Rear end,Munster Hamlet - Richmond
4891,WEST HUNT CLUB RD @ WOODROFFE AVE,363672.1128,5021246.489,-75.74895427,45.32869801,2014-03-13,13:37,01 - Clear,02 - Wet,01 - Traffic signal,02 - Intersection related,01 - Daylight,03 - P.D. only,03 - Rear end,Merivale Gardens - Grenfell Glen - Pineglen - Country Place
4892,VANIER PKWY/CRICHTON ST @ BEECHWOOD AVE/ST. PA,369127.0213,5033486.785,-75.67777653,45.43835367,2014-03-02,11:47,01 - Clear,02 - Wet,01 - Traffic signal,02 - Intersection related,01 - Daylight,03 - P.D. only,03 - Rear end,Vanier North
4893,BASELINE RD/HERON RD @ PRINCE OF WALES DR,366873.2326,5026438.532,-75.70746885,45.3751392,2014-03-02,11:44,01 - Clear,01 - Dry,01 - Traffic signal,03 - At intersection,01 - Daylight,03 - P.D. only,05 - Turning movement,Civic Hospital - Experimental Farm - Central Park
4894,RICHARDSON SIDE RD @ TERRY FOX DR,348803.086,5019506.072,-75.93878598,45.31412702,2014-02-27,17:59,03 - Snow,05 - Packed snow,01 - Traffic signal,03 - At intersection,07 - Dark,03 - P.D. only,05 - Turning movement,Kanata Lakes - Marchwood Lakeside - Morgan's Grant - Kanata
4895,MOODIE DR btwn 340 S OF CARLING AVE/NORTEL NORTH ENT & 715 S OF CARLIN,356151.0558,5023289.308,-75.84468344,45.3476701,2014-02-27,17:59,03 - Snow,03 - Loose snow,10 - No control,01 - Non intersection,07 - Dark,03 - P.D. only,07 - SMV other,Greenbelt
4896,BOW VALLEY DR btwn ANTIQUE CRT & GOLDENEYE WAY,369036.2201,5015967.171,-75.68121394,45.28072519,2014-02-27,8:15,01 - Clear,01 - Dry,10 - No control,04 - At/near private drive,01 - Daylight,03 - P.D. only,02 - Angle,Gloucester
4897,AMIENS ST @ TENTH LINE RD,383353.2349,5037569.492,-75.4953115,45.47363273,2014-02-28,13:00,01 - Clear,02 - Wet,01 - Traffic signal,03 - At intersection,01 - Daylight,03 - P.D. only,05 - Turning movement,Orlans
4898,MONTREAL RD/HANNAH ST @ CODY AVE,370254.4764,5033169.589,-75.66340919,45.43539504,2014-02-28,13:28,01 - Clear,01 - Dry,01 - Traffic signal,02 - Intersection related,01 - Daylight,03 - P.D. only,04 - Sideswipe,Vanier
4899,RIVER RD btwn KELLY LANE & FLAG STATION RD,373039.6766,5005973.713,-75.63156045,45.19042868,2014-03-01,7:53,03 - Snow,03 - Loose snow,10 - No control,01 - Non intersection,01 - Daylight,03 - P.D. only,07 - SMV other,Manotick
4900,CARLING AVE @ KIRKWOOD AVE S,364351.7005,5027338.31,-75.73955153,45.38345409,2014-03-01,8:27,01 - Clear,04 - Slush,01 - Traffic signal,03 - At intersection,01 - Daylight,03 - P.D. only,05 - Turning movement,Carlington
4901,BRONSON AVE @ COMMISSIONER ST/SLATER ST,366770.1376,5030947.889,-75.70821856,45.41572235,2014-02-14,15:22,03 - Snow,03 - Loose snow,01 - Traffic signal,02 - Intersection related,01 - Daylight,03 - P.D. only,05 - Turning movement,Byward Market - Parliament Hill
4902,TWEEDSMUIR AVE @ SCOTT ST,363399.055,5028777.506,-75.75154443,45.39648408,2014-03-02,16:00,01 - Clear,02 - Wet,01 - Traffic signal,03 - At intersection,01 - Daylight,03 - P.D. only,03 - Rear end,Westboro
4903,CALEDON ST btwn DALE AVE & ALTA VISTA DR,370678.7464,5030412.303,-75.6583558,45.41054628,2014-03-02,18:05,01 - Clear,05 - Packed snow,10 - No control,01 - Non intersection,05 - Dusk,03 - P.D. only,06 - SMV unattended vehicle,Industrial Park
4904,FALLOWFIELD RD @ WOODROFFE AVE,365084.6761,5017904.138,-75.73134216,45.2985039,2014-03-03,8:45,01 - Clear,01 - Dry,01 - Traffic signal,02 - Intersection related,01 - Daylight,03 - P.D. only,03 - Rear end,New Barrhaven
4905,EAGLESON RD @ KAKULU RD,353383.0394,5019149.573,-75.88041162,45.31061723,2014-03-03,10:14,01 - Clear,01 - Dry,01 - Traffic signal,03 - At intersection,01 - Daylight,03 - P.D. only,05 - Turning movement,Greenbelt
4906,EAGLESON RD @ MICHAEL COWPLAND DR/STONEHAVEN D,354383.0999,5016622.496,-75.86791115,45.28780818,2014-03-09,13:28,01 - Clear,01 - Dry,01 - Traffic signal,03 - At intersection,01 - Daylight,03 - P.D. only,03 - Rear end,Glen Cairn - Kanata South Business Park
4907,OLD TENTH LINE RD btwn TENTH LINE RD & OR174 IC101 RAMP63,383147.0743,5038597.285,-75.49778393,45.48290304,2014-03-09,16:10,01 - Clear,01 - Dry,10 - No control,01 - Non intersection,01 - Daylight,03 - P.D. only,05 - Turning movement,Industrial Park
4908,ALTA VISTA DR @ KILBORN AVE,370365.2492,5027749.643,-75.66271444,45.38661809,2014-02-20,22:21,01 - Clear,02 - Wet,01 - Traffic signal,03 - At intersection,07 - Dark,03 - P.D. only,02 - Angle,Alta Vista
4909,DONALD ST @ VANIER PKWY,370312.187,5032270.585,-75.66279126,45.42730077,2014-03-02,0:40,03 - Snow,03 - Loose snow,01 - Traffic signal,03 - At intersection,07 - Dark,03 - P.D. only,02 - Angle,Overbrook
4910,RIDEAU ST btwn WURTEMBURG ST & RIDEAU PL,369371.2736,5032935.233,-75.67472719,45.43336851,2014-03-12,17:19,03 - Snow,03 - Loose snow,10 - No control,01 - Non intersection,01 - Daylight,03 - P.D. only,04 - Sideswipe,Sandy Hill
4911,BANK ST @ FRANK ST,367891.6982,5030604.828,-75.69393391,45.41253537,2014-03-04,10:22,01 - Clear,02 - Wet,02 - Stop sign,03 - At intersection,01 - Daylight,03 - P.D. only,02 - Angle,Centretown
4912,WALKLEY RD btwn LANCASTER RD & SHEFFIELD RD,374993.2517,5028647.018,-75.60349301,45.39424373,2014-03-06,16:16,01 - Clear,01 - Dry,10 - No control,01 - Non intersection,01 - Daylight,03 - P.D. only,03 - Rear end,Industrial Park
4913,KING EDWARD AVE @ LAURIER AVE,368739.2333,5032033.635,-75.6829214,45.42531434,2014-03-06,15:15,01 - Clear,01 - Dry,01 - Traffic signal,02 - Intersection related,01 - Daylight,03 - P.D. only,03 - Rear end,Sandy Hill
4914,HAWTHORNE RD btwn STEVENAGE DR & HUNT CLUB RD,375306.1247,5026905.165,-75.59974632,45.37853997,2014-03-06,13:45,01 - Clear,01 - Dry,10 - No control,04 - At/near private drive,01 - Daylight,03 - P.D. only,03 - Rear end,Industrial Park
4915,GARFIELD AVE @ MAITLAND AVE,363343.1657,5025561.58,-75.75263957,45.36755232,2014-03-04,11:00,01 - Clear,01 - Dry,01 - Traffic signal,03 - At intersection,01 - Daylight,03 - P.D. only,02 - Angle,Braemar Park - Bel Air Heights - Copeland Park
4916,GREENBANK RD @ HWY 417 IC129 RAMP57/IRIS ST,360531.309,5023313.254,-75.78878629,45.34755119,2014-02-27,17:20,03 - Snow,03 - Loose snow,01 - Traffic signal,02 - Intersection related,05 - Dusk,03 - P.D. only,04 - Sideswipe,Iris
4917,MARCH RD btwn DIAMONDVIEW RD & THOMAS ARGUE RD,340318.5666,5020037.604,-76.04695536,45.31939042,2014-02-27,19:00,06 - Strong wind,06 - Ice,10 - No control,01 - Non intersection,07 - Dark,03 - P.D. only,07 - SMV other,Carp - Hardwood Plains
4918,VALIN ST btwn CHARLEMAGNE BLVD & NORTHLANDS DR,384881.1465,5037602.434,-75.47576739,45.47375557,2014-02-27,15:45,01 - Clear,03 - Loose snow,10 - No control,04 - At/near private drive,01 - Daylight,03 - P.D. only,02 - Angle,Fallingbrook
4919,WOODROFFE AVE btwn HWY417 IC127 RAMP63 & HWY417 IC127 RAMP35,362122.0234,5024839.044,-75.76831117,45.36115194,2014-02-28,13:45,01 - Clear,01 - Dry,10 - No control,01 - Non intersection,01 - Daylight,03 - P.D. only,03 - Rear end,Whitehaven - Queensway Terrace North
4920,CARP RD btwn HWY417 IC144 RAMP16 & HWY417 IC144 RAMP35,347343.1843,5015885.652,-75.95771529,45.28163918,2014-02-28,16:47,01 - Clear,01 - Dry,10 - No control,07 - Overpass or bridge,01 - Daylight,03 - P.D. only,03 - Rear end,Stittsville - Basswood
4921,REGIONAL ROAD 174 btwn QUIGLEY HILL RD & CAMERON ST,388508.8225,5042409.526,-75.42855771,45.51657892,2014-03-01,9:13,03 - Snow,03 - Loose snow,10 - No control,01 - Non intersection,01 - Daylight,03 - P.D. only,07 - SMV other,Cumberland - Estates
4922,AIRPORT PKWY @ BROOKFIELD RD RAMP 34,368760.6651,5026515.046,-75.68336323,45.37565791,2014-02-28,12:40,01 - Clear,99 - Other,10 - No control,02 - Intersection related,01 - Daylight,03 - P.D. only,03 - Rear end,Riverside Park
4923,WELLINGTON ST btwn O'CONNOR ST & METCALFE ST,367555.7466,5031809.999,-75.69807215,45.42340932,2014-02-15,15:50,02 - Rain,02 - Wet,10 - No control,01 - Non intersection,01 - Daylight,03 - P.D. only,03 - Rear end,Downtown
4924,RIDGE RD btwn RAMSAYVILLE RD & ANDERSON RD,377944.8753,5028731.784,-75.5657873,45.39470431,2014-02-15,16:38,01 - Clear,01 - Dry,10 - No control,01 - Non intersection,01 - Daylight,03 - P.D. only,06 - SMV unattended vehicle,Greenbelt
4925,LOLA ST btwn KING GEORGE ST & QUEEN MARY ST,371128.8775,5032056.288,-75.65238442,45.42529565,2014-03-02,21:21,01 - Clear,01 - Dry,10 - No control,04 - At/near private drive,07 - Dark,03 - P.D. only,02 - Angle,Overbrook
4926,BRIAN COBURN BLVD @ ESPRIT DR,385141.571,5035343.882,-75.47280625,45.45340537,2014-03-03,7:38,01 - Clear,05 - Packed snow,02 - Stop sign,02 - Intersection related,01 - Daylight,03 - P.D. only,03 - Rear end,Avalon
4927,OGILVIE RD btwn NASKAPI DR & MONTREAL RD,375642.8867,5034583.126,-75.59434336,45.44758805,2014-03-04,8:03,01 - Clear,01 - Dry,10 - No control,04 - At/near private drive,01 - Daylight,03 - P.D. only,02 - Angle,Beacon Hill North
4928,INDUSTRIAL AVE btwn NEIGHBORHOOD WAY & TRAINYARDS DR,371154.807,5030531.349,-75.65225846,45.41157244,2014-03-04,8:05,01 - Clear,01 - Dry,10 - No control,04 - At/near private drive,01 - Daylight,03 - P.D. only,05 - Turning movement,Industrial Park
4929,EAGLESON RD @ HOPE SIDE RD/TERRY FOX DR,355187.77,5014616.557,-75.85785743,45.26970107,2014-03-04,13:56,01 - Clear,01 - Dry,01 - Traffic signal,03 - At intersection,01 - Daylight,03 - P.D. only,02 - Angle,Stittsville - Basswood
4930,PRINCE OF WALES DR btwn FOREST HILL AVE & BASELINE RD/HERON RD,366844.4388,5026340.002,-75.70784882,45.3742552,2014-03-05,8:35,01 - Clear,02 - Wet,10 - No control,01 - Non intersection,01 - Daylight,03 - P.D. only,03 - Rear end,Civic Hospital - Experimental Farm - Central Park
4931,STONEWAY DR btwn WINDHURST DR & LEWISTON AVE,366124.552,5016070.774,-75.71831113,45.28191742,2014-03-09,16:16,01 - Clear,01 - Dry,10 - No control,04 - At/near private drive,01 - Daylight,03 - P.D. only,06 - SMV unattended vehicle,Chapman Mills - Rideau Crest - Davidson Heights
4932,BLAIR RD @ OGILVIE RD,374509.1455,5033196.679,-75.60903173,45.43522757,2014-03-09,17:34,01 - Clear,01 - Dry,01 - Traffic signal,02 - Intersection related,01 - Daylight,03 - P.D. only,03 - Rear end,Industrial Park
4933,OLD TENTH LINE RD @ TENTH LINE RD,383040.5933,5038358.031,-75.49918394,45.48076239,2014-03-05,8:47,01 - Clear,02 - Wet,01 - Traffic signal,02 - Intersection related,01 - Daylight,03 - P.D. only,03 - Rear end,Queenswood Heights
4934,RIVER RD btwn BRIDGE ST & ROYAL PALM CRES,369921.721,5010357.889,-75.67066313,45.23017209,2014-03-12,16:33,05 - Drifting Snow,06 - Ice,10 - No control,01 - Non intersection,01 - Daylight,03 - P.D. only,07 - SMV other,Manotick
4935,RIVER RD btwn EARL ARMSTRONG RD & NICOLLS ISLAND RD,367613.0811,5013723.219,-75.69963601,45.26066289,2014-03-12,16:39,03 - Snow,03 - Loose snow,10 - No control,01 - Non intersection,01 - Daylight,03 - P.D. only,01 - Approaching,Greenbelt
4936,MARCH RD btwn SOLANDT RD & STATION RD,350550.114,5022638.464,-75.91621611,45.34220138,2014-03-05,14:40,01 - Clear,02 - Wet,10 - No control,01 - Non intersection,01 - Daylight,03 - P.D. only,03 - Rear end,South March
4937,INNES RD btwn BANTREE ST & STAR TOP RD,373839.5635,5030483.868,-75.61796897,45.41088552,2014-03-05,15:08,03 - Snow,02 - Wet,10 - No control,01 - Non intersection,01 - Daylight,03 - P.D. only,03 - Rear end,Industrial Park
4938,CARLING AVE @ MAITLAND AVE/SHERBOURNE RD,362942.1909,5026489.795,-75.75764871,45.37593767,2014-03-06,17:22,01 - Clear,01 - Dry,01 - Traffic signal,02 - Intersection related,05 - Dusk,03 - P.D. only,04 - Sideswipe,Carlingwood - McKellar Park - Laurentien View
4939,COLONNADE RD    N btwn COLONNADE RD & CORINTH PRIV,365992.149,5022885.545,-75.71915705,45.34324756,2014-03-13,15:08,01 - Clear,02 - Wet,10 - No control,01 - Non intersection,01 - Daylight,03 - P.D. only,99 - Other,Industrial Park
4940,HIGHWAY 417 btwn HWY417 IC119B RAMP57 & HWY417 IC119A RAMP75,368518.7354,5030481.123,-75.68593962,45.4113655,2014-04-07,15:30,01 - Clear,01 - Dry,10 - No control,01 - Non intersection,01 - Daylight,03 - P.D. only,04 - Sideswipe,The Glebe
4941,KIRKWOOD AVE @ RICHMOND RD,363781.0594,5028641.555,-75.74668196,45.39522874,2014-02-21,13:00,02 - Rain,02 - Wet,01 - Traffic signal,03 - At intersection,01 - Daylight,03 - P.D. only,03 - Rear end,Westboro
4942,LEACOCK DR btwn TIFFANY CRES & LEACOCK WAY,351528.622,5020664.425,-75.90391713,45.32437406,2014-02-26,8:07,01 - Clear,01 - Dry,10 - No control,04 - At/near private drive,01 - Daylight,03 - P.D. only,03 - Rear end,Beaverbrook
4943,DWYER HILL RD btwn FRANKTOWN RD & JOCK TR,349043.3631,4997961.332,-75.93763589,45.12024272,2014-02-27,19:11,03 - Snow,06 - Ice,10 - No control,01 - Non intersection,07 - Dark,03 - P.D. only,07 - SMV other,Munster Hamlet - Richmond
4944,CUMBERLAND ST btwn CLARENCE ST & YORK ST,368248.9546,5032550.036,-75.6891195,45.43000538,2014-02-27,20:20,03 - Snow,03 - Loose snow,10 - No control,04 - At/near private drive,07 - Dark,03 - P.D. only,02 - Angle,Byward Market
4945,COLONIAL RD btwn BIRCHGROVE RD & CANAAN RD,398823.1039,5035747.805,-75.297842,45.45533249,2014-02-28,3:22,05 - Drifting Snow,03 - Loose snow,10 - No control,01 - Non intersection,07 - Dark,03 - P.D. only,07 - SMV other,Cumberland - Estates
4946,WALKLEY RD @ HEATHERINGTON RD,371767.2318,5026794.78,-75.64494226,45.37789396,2014-02-28,16:50,01 - Clear,01 - Dry,01 - Traffic signal,03 - At intersection,01 - Daylight,03 - P.D. only,02 - Angle,Ledbury - Heron Gate - Ridgemont - Elmwood
4947,BRIGHTSIDE AVE btwn Continuation of BRIGHTSIDE AVE & HOPETOWN ST,351527.5956,5012291.029,-75.90471883,45.24902792,2014-02-27,0:00,06 - Strong wind,03 - Loose snow,10 - No control,01 - Non intersection,00 - Unknown,03 - P.D. only,06 - SMV unattended vehicle,Stittsville
4948,WEST HUNT CLUB RD WB btwn WOODROFFE AVE & 354 E OF WOODROFFE AVE/REC P,363842.5541,5021385.146,-75.74676356,45.32993132,2014-03-01,10:00,01 - Clear,02 - Wet,10 - No control,01 - Non intersection,01 - Daylight,03 - P.D. only,07 - SMV other,Tanglewood
4949,FAIRMONT AVE @ YOUNG ST,365823.1713,5029150.596,-75.7205391,45.39963399,2014-03-01,10:09,01 - Clear,05 - Packed snow,02 - Stop sign,02 - Intersection related,01 - Daylight,03 - P.D. only,07 - SMV other,Civic Hospital - Experimental Farm - Central Park
4950,KENT ST @ WELLINGTON ST,367097.1908,5031526.827,-75.70396707,45.42090241,2014-02-18,10:09,03 - Snow,04 - Slush,01 - Traffic signal,03 - At intersection,01 - Daylight,03 - P.D. only,02 - Angle,Downtown
4951,NAVAHO DR btwn GAGE CRES & BASELINE RD,363076.5652,5024115.504,-75.75621321,45.3545629,2014-03-03,8:17,01 - Clear,01 - Dry,10 - No control,04 - At/near private drive,01 - Daylight,03 - P.D. only,02 - Angle,Braemar Park - Bel Air Heights - Copeland Park
4952,ST. JOSEPH BLVD @ TENTH LINE RD,382886.6291,5038661.353,-75.50110485,45.48350865,2014-03-03,22:45,01 - Clear,01 - Dry,01 - Traffic signal,02 - Intersection related,07 - Dark,03 - P.D. only,03 - Rear end,Industrial Park
4953,DEERFIELD DR btwn NAVAHO DR & DEERFIELD DR,363208.3053,5023990.54,-75.75454671,45.35342752,2014-03-04,9:00,01 - Clear,01 - Dry,10 - No control,04 - At/near private drive,01 - Daylight,03 - P.D. only,02 - Angle,Crestview - Meadowlands
4954,HEATHERINGTON RD btwn WALKLEY RD & FAIRLEA CRES,371779.1644,5026766.012,-75.64479382,45.37763397,2014-03-07,15:13,01 - Clear,01 - Dry,10 - No control,04 - At/near private drive,01 - Daylight,03 - P.D. only,02 - Angle,Ledbury - Heron Gate - Ridgemont - Elmwood
4955,JACKMAN TER btwn AIRD PL & AIRD PL,352091.0045,5019178.154,-75.89688552,45.3109626,2014-03-09,0:00,01 - Clear,01 - Dry,10 - No control,01 - Non intersection,00 - Unknown,03 - P.D. only,06 - SMV unattended vehicle,Katimavik - Hazeldean
4956,DUNROBIN RD btwn MARCH RD & RIDDELL DR,347176.6706,5026226.049,-75.95895258,45.37469529,2014-03-09,20:10,01 - Clear,01 - Dry,10 - No control,01 - Non intersection,07 - Dark,03 - P.D. only,07 - SMV other,Carp - Hardwood Plains
4957,INNES RD btwn INNES RD & PAGE RD,380643.2596,5034398.773,-75.53045583,45.44540469,2014-03-06,7:29,01 - Clear,01 - Dry,10 - No control,01 - Non intersection,01 - Daylight,03 - P.D. only,03 - Rear end,Orleans Village - Chateauneuf
4958,ISABELLA ST btwn O'CONNOR ST & METCALFE ST,368309.3571,5030317.433,-75.68863542,45.4099117,2014-03-06,18:00,01 - Clear,01 - Dry,10 - No control,01 - Non intersection,01 - Daylight,03 - P.D. only,04 - Sideswipe,The Glebe
4959,MINTO PL btwn WILLINGDON RD & MARIPOSA AVE,368750.7496,5034568.723,-75.68244491,45.44812304,2014-03-02,15:30,01 - Clear,05 - Packed snow,10 - No control,04 - At/near private drive,01 - Daylight,03 - P.D. only,02 - Angle,Rockcliffe - Manor Park
4960,RICHMOND RD btwn EDGEWOOD AVE & ATHLONE AVE,363423.0933,5028421.18,-75.75127977,45.39327591,2014-03-05,12:00,03 - Snow,03 - Loose snow,10 - No control,04 - At/near private drive,01 - Daylight,03 - P.D. only,03 - Rear end,Westboro
4961,CORKSTOWN RD @ MARCH RD,352655.2434,5020881.59,-75.88952546,45.32625225,2014-03-06,17:39,01 - Clear,01 - Dry,02 - Stop sign,02 - Intersection related,05 - Dusk,03 - P.D. only,03 - Rear end,Beaverbrook
4962,CUMBERLAND ST btwn MURRAY ST & CLARENCE ST,368206.2919,5032616.459,-75.68965613,45.4306069,2014-03-06,17:38,01 - Clear,01 - Dry,10 - No control,04 - At/near private drive,01 - Daylight,03 - P.D. only,99 - Other,Byward Market
4963,MERIVALE RD btwn 170 N OF WEST HUNT CLUB RD/COSTCO SC & WEST HUNT CLUB,365597.9799,5021969.758,-75.72429891,45.3350417,2014-03-13,15:28,01 - Clear,02 - Wet,10 - No control,04 - At/near private drive,01 - Daylight,03 - P.D. only,02 - Angle,Tanglewood
4964,BANK ST @ SUNNYSIDE AVE,368737.0784,5028581.549,-75.68339667,45.39425384,2014-03-13,15:57,01 - Clear,01 - Dry,01 - Traffic signal,03 - At intersection,01 - Daylight,03 - P.D. only,04 - Sideswipe,Old Ottawa South
4965,BANK ST btwn WHITE ALDER AVE & FINDLAY CREEK DR,375835.5475,5020487.155,-75.59390917,45.32074016,2014-02-26,7:55,01 - Clear,06 - Ice,10 - No control,01 - Non intersection,01 - Daylight,03 - P.D. only,03 - Rear end,Greenbelt
4966,PRINCE OF WALES DR @ FALLOWFIELD RD,367399.71,5019166.217,-75.70166783,45.30965746,2014-02-27,21:35,05 - Drifting Snow,03 - Loose snow,01 - Traffic signal,03 - At intersection,07 - Dark,03 - P.D. only,02 - Angle,Greenbelt
4967,CEDARVIEW RD @ WEST HUNT CLUB RD,359725.9361,5019556.089,-75.79948016,45.31380764,2014-02-28,6:56,01 - Clear,02 - Wet,01 - Traffic signal,02 - Intersection related,03 - Dawn,03 - P.D. only,03 - Rear end,Greenbelt
4968,HUNT CLUB RD EB btwn 275 E OF HAWTHORNE RD/OC TRANSPO TURNAROUND & HAWTHORNE RD,375621.906,5026465.527,-75.59577784,45.37455247,2014-05-03,2:48,01 - Clear,01 - Dry,10 - No control,01 - Non intersection,07 - Dark,02 - Non-fatal injury,07 - SMV other,Greenbelt
4969,MARCH RD btwn DONALD B. MUNRO DR & TALL FOREST DR,343341.0443,5022818.773,-76.00818802,45.34425698,2014-02-28,18:44,01 - Clear,01 - Dry,10 - No control,01 - Non intersection,07 - Dark,03 - P.D. only,07 - SMV other,Stittsville - Basswood
4970,PRINCE OF WALES DR @ WEST HUNT CLUB RD,367458.7103,5021892.771,-75.70057051,45.3341853,2014-03-01,10:47,01 - Clear,02 - Wet,01 - Traffic signal,02 - Intersection related,01 - Daylight,03 - P.D. only,03 - Rear end,Industrial Park
4971,CARP RD btwn THOMAS A. DOLAN PKWY & NORMA LANE,336930.1542,5025584.744,-76.08981358,45.36946934,2014-03-01,11:05,03 - Snow,04 - Slush,10 - No control,01 - Non intersection,01 - Daylight,03 - P.D. only,07 - SMV other,Carp - Hardwood Plains
4972,WEST HUNT CLUB RD @ WOODROFFE AVE,363670.2171,5021247.437,-75.74897834,45.3287067,2014-02-19,10:57,01 - Clear,01 - Dry,01 - Traffic signal,02 - Intersection related,01 - Daylight,03 - P.D. only,02 - Angle,Woodvale - Craig Henry - Manordale - Estates of Arlington Wo
4973,CAHILL DR @ HUNT CLUB RD,372407.2608,5024540.614,-75.63707957,45.35755036,2014-03-03,8:17,01 - Clear,01 - Dry,01 - Traffic signal,02 - Intersection related,01 - Daylight,03 - P.D. only,04 - Sideswipe,Greenboro East
4974,WEST HUNT CLUB RD @ CLEOPATRA DR/LANCELOT DR,365235.2261,5021730.598,-75.72895595,45.33292111,2014-03-03,8:33,01 - Clear,06 - Ice,01 - Traffic signal,02 - Intersection related,01 - Daylight,03 - P.D. only,03 - Rear end,Tanglewood
4975,RIVERSIDE DR NB btwn INDUSTRIAL AVE & TREMBLAY RD,370760.8459,5030831.074,-75.657251,45.41430648,2014-02-28,14:30,01 - Clear,01 - Dry,10 - No control,01 - Non intersection,01 - Daylight,03 - P.D. only,03 - Rear end,Industrial Park
4976,BERTONA ST btwn CRAIG HENRY DR & CHARING RD,362615.693,5021743.805,-75.76237206,45.33326066,2014-03-04,11:25,01 - Clear,01 - Dry,10 - No control,04 - At/near private drive,01 - Daylight,03 - P.D. only,06 - SMV unattended vehicle,Woodvale - Craig Henry - Manordale - Estates of Arlington Wo
4977,INNES RD @ JEANNE D'ARC BLVD/MER BLEUE RD,382638.2275,5035566.606,-75.50477214,45.45569257,2014-03-07,15:30,01 - Clear,01 - Dry,01 - Traffic signal,02 - Intersection related,01 - Daylight,03 - P.D. only,03 - Rear end,Chapel Hill South
4978,HERON RD btwn WILDWOOD AVE & BANK ST,369963.0186,5026847.751,-75.66796953,45.3785407,2014-03-07,16:41,01 - Clear,02 - Wet,10 - No control,04 - At/near private drive,01 - Daylight,03 - P.D. only,02 - Angle,Alta Vista
4979,LEGGET DR btwn FARRAR RD & 386 W OF SCHNEIDER RD/MITEL ACCESS,351054.919,5022533.433,-75.90978482,45.34122319,2014-02-20,7:45,01 - Clear,01 - Dry,10 - No control,04 - At/near private drive,01 - Daylight,03 - P.D. only,02 - Angle,South March
4980,RIVERSIDE DR @ SMYTH RD SOUTH SIDE RAMP,369787.0231,5028999.872,-75.66993309,45.39792111,2014-03-10,21:09,03 - Snow,02 - Wet,01 - Traffic signal,02 - Intersection related,07 - Dark,03 - P.D. only,03 - Rear end,Alta Vista
4981,GREENBANK RD btwn KILBIRNIE DR & BARNSDALE RD,365288.5715,5011644.404,-75.72950513,45.24216139,2014-03-12,17:08,05 - Drifting Snow,05 - Packed snow,10 - No control,01 - Non intersection,01 - Daylight,03 - P.D. only,07 - SMV other,New Barrhaven
4982,TAPIOLA CRES btwn BRANDO CRES & SOMERO PRIV (2),372385.5009,5025452.717,-75.63723254,45.36575922,2014-03-12,17:18,03 - Snow,03 - Loose snow,10 - No control,01 - Non intersection,01 - Daylight,03 - P.D. only,01 - Approaching,Greenboro East