Record,Location,X,Y,lon,lat,Date,Time,Environment,Road_Surface,Traffic_Control,Collision_Location,Light,Collision_Classification,Impact_type,Neighborhood
4983,REGIONAL ROAD 174 EB btwn OR174 IC109 RAMP55 & TRANSIT,376476.9153,5034991.963,-75.58362292,45.45118148,2014-01-20,16:04,01 - Clear,01 - Dry,10 - No control,07 - Overpass or bridge,01 - Daylight,03 - P.D. only,03 - Rear end,Greenbelt
4984,ROYAL FERN WAY btwn EYE BRIGHT CRES & EYE BRIGHT CRES,369668.8533,5015885.931,-75.67316155,45.27993611,2014-03-04,15:53,01 - Clear,02 - Wet,10 - No control,01 - Non intersection,01 - Daylight,03 - P.D. only,06 - SMV unattended vehicle,Gloucester
4985,BILLINGS AVE @ RIVERSIDE DR,369673.1909,5028554.602,-75.67144545,45.39392528,2014-03-06,17:00,01 - Clear,01 - Dry,02 - Stop sign,03 - At intersection,01 - Daylight,03 - P.D. only,03 - Rear end,Alta Vista
4986,STITTSVILLE MAIN ST @ HAZELDEAN RD,349558.872,5014876.821,-75.92956494,45.27242379,2014-03-06,16:10,01 - Clear,01 - Dry,01 - Traffic signal,02 - Intersection related,01 - Daylight,03 - P.D. only,03 - Rear end,Stittsville
4987,AQUAPASS PL btwn GROVEMONT DR & HARBOUR VIEW ST,366667.4182,5014763.206,-75.71155495,45.27010444,2014-03-06,7:30,03 - Snow,03 - Loose snow,10 - No control,04 - At/near private drive,01 - Daylight,03 - P.D. only,06 - SMV unattended vehicle,Chapman Mills - Rideau Crest - Davidson Heights
4988,LYON ST @ WELLINGTON ST,366935.7449,5031426.166,-75.70604252,45.42001105,2014-02-26,10:37,01 - Clear,01 - Dry,01 - Traffic signal,02 - Intersection related,01 - Daylight,03 - P.D. only,04 - Sideswipe,Downtown
4989,JEANNE D'ARC BLVD @ MONTCERF CRT,381117.9262,5036287.127,-75.52409578,45.46234293,2014-02-26,11:30,01 - Clear,04 - Slush,01 - Traffic signal,02 - Intersection related,01 - Daylight,03 - P.D. only,03 - Rear end,Orleans Village - Chateauneuf
4990,MARCH RD btwn DIAMONDVIEW RD & THOMAS ARGUE RD,340664.2819,5020365.857,-76.04252208,45.32232661,2014-02-27,21:59,03 - Snow,03 - Loose snow,10 - No control,01 - Non intersection,07 - Dark,03 - P.D. only,07 - SMV other,Carp - Hardwood Plains
4991,210 W OF MERIVALE RD @ WEST HUNT CLUB RD,365429.4588,5021828.48,-75.72646613,45.33378508,2014-02-28,7:10,01 - Clear,04 - Slush,01 - Traffic signal,02 - Intersection related,03 - Dawn,03 - P.D. only,02 - Angle,Merivale Gardens - Grenfell Glen - Pineglen - Country Place
4992,CASTLEFRANK RD S @ SHELDRAKE DR S,353288.7548,5016428.272,-75.88188009,45.28613685,2014-02-28,23:07,01 - Clear,01 - Dry,02 - Stop sign,03 - At intersection,07 - Dark,03 - P.D. only,07 - SMV other,Glen Cairn - Kanata South Business Park
4993,MCCARTHY RD @ WALKLEY RD,369249.3701,5025301.049,-75.67728257,45.36468993,2014-02-28,19:00,01 - Clear,02 - Wet,01 - Traffic signal,02 - Intersection related,07 - Dark,03 - P.D. only,03 - Rear end,Riverside Park
4994,BOUNDARY RD btwn MITCH OWENS RD & DEVINE RD,388302.5395,5021594.808,-75.43472576,45.32933377,2014-03-01,11:30,03 - Snow,04 - Slush,10 - No control,01 - Non intersection,01 - Daylight,03 - P.D. only,07 - SMV other,Metcalfe
4995,NORICE ST @ WOODROFFE AVE,363194.684,5022398.253,-75.75490854,45.33910139,2014-03-01,9:30,03 - Snow,03 - Loose snow,01 - Traffic signal,02 - Intersection related,01 - Daylight,03 - P.D. only,03 - Rear end,Tanglewood
4996,FINDLAY CREEK DR btwn BUFFLEHEAD WAY & GOLDEN SEDGE WAY,374773.7253,5019792.818,-75.60754961,45.31459941,2014-02-19,13:30,01 - Clear,02 - Wet,10 - No control,01 - Non intersection,01 - Daylight,03 - P.D. only,04 - Sideswipe,Greenbelt
4997,JOCKVALE RD @ CAMBRIAN RD/GOLFLINKS DR W,365377.678,5013223.951,-75.72817773,45.25636652,2014-02-20,12:23,01 - Clear,01 - Dry,11 - Roundabout,03 - At intersection,01 - Daylight,03 - P.D. only,04 - Sideswipe,New Barrhaven
4998,ALTA VISTA DR @ KILBORN AVE,370365.2161,5027752.807,-75.66271444,45.38664656,2014-03-03,9:04,01 - Clear,01 - Dry,01 - Traffic signal,03 - At intersection,01 - Daylight,03 - P.D. only,05 - Turning movement,Alta Vista
4999,SOMERO PRIV btwn TAPIOLA CRES & TAPIOLA CRES,372321.5834,5025309.551,-75.63806796,45.36447723,2014-03-03,7:30,01 - Clear,06 - Ice,10 - No control,01 - Non intersection,01 - Daylight,03 - P.D. only,01 - Approaching,Greenboro East
5000,ASSINIBOINE DR btwn REDPINE DR & CHESTERTON DR,365518.21,5023628.809,-75.72511295,45.34997652,2014-03-04,8:15,01 - Clear,05 - Packed snow,10 - No control,01 - Non intersection,01 - Daylight,03 - P.D. only,01 - Approaching,Borden Farm - Stewart Farm - Parkwood Hills - Fisher Glen
5001,HOLLAND AVE @ SPENCER ST,364832.2273,5029371.608,-75.73316857,45.40170828,2014-03-07,16:00,01 - Clear,01 - Dry,01 - Traffic signal,02 - Intersection related,01 - Daylight,03 - P.D. only,04 - Sideswipe,Island Park
5002,GREENBANK RD @ MALVERN DR/FOXFIELD DR,363312.1603,5016194.433,-75.75414228,45.28326982,2014-03-07,17:49,01 - Clear,02 - Wet,01 - Traffic signal,03 - At intersection,01 - Daylight,03 - P.D. only,05 - Turning movement,Barrhaven West - Old Barrhaven
5003,COLONNADE RD @ PRINCE OF WALES DR,367393.2898,5023267.464,-75.70123118,45.34656037,2014-03-10,15:00,01 - Clear,01 - Dry,01 - Traffic signal,02 - Intersection related,01 - Daylight,03 - P.D. only,03 - Rear end,Industrial Park
5004,COLUMBUS AVE btwn QUILL ST & EDITH AVE,370890.5347,5032244.988,-75.65540455,45.42701605,2014-03-11,8:39,01 - Clear,02 - Wet,10 - No control,04 - At/near private drive,01 - Daylight,03 - P.D. only,02 - Angle,Overbrook
5005,UPLANDS DR @ AIRPORT PKWY RAMP 35,371124.0656,5021373.849,-75.65388069,45.32917932,2014-03-11,8:58,03 - Snow,02 - Wet,01 - Traffic signal,03 - At intersection,01 - Daylight,03 - P.D. only,02 - Angle,Greenbelt
5006,LESTER RD btwn ALBION RD & UPLANDS DR,371781.5514,5021870.973,-75.64542657,45.33358985,2014-03-12,17:34,03 - Snow,05 - Packed snow,10 - No control,01 - Non intersection,01 - Daylight,03 - P.D. only,01 - Approaching,Hunt Club - Ottawa Airport
5007,MOJAVE CRES btwn HORSESHOE CRES & CHEROKEE WAY (2),349584.3755,5015502.1,-75.92918352,45.27804864,2014-03-12,17:00,03 - Snow,03 - Loose snow,10 - No control,04 - At/near private drive,01 - Daylight,03 - P.D. only,02 - Angle,Stittsville
5008,PRESTON ST btwn YOUNG ST & GEORGE ST W,366612.5403,5029436.465,-75.71042147,45.40213691,2014-01-25,22:51,06 - Strong wind,03 - Loose snow,10 - No control,01 - Non intersection,07 - Dark,03 - P.D. only,06 - SMV unattended vehicle,Little Italy
5009,ST. JOSEPH BLVD @ JEANNE D'ARC BLVD,379860.2686,5036470.633,-75.54014758,45.46413024,2014-03-05,15:50,01 - Clear,01 - Dry,11 - Roundabout,02 - Intersection related,01 - Daylight,03 - P.D. only,02 - Angle,Chapel Hill
5010,BRONSON AVE @ SUNNYSIDE AVE/UNIVERSITY RD - CA,367923.184,5028091.547,-75.69385336,45.38991878,2014-03-06,18:37,01 - Clear,01 - Dry,01 - Traffic signal,02 - Intersection related,05 - Dusk,03 - P.D. only,03 - Rear end,Carleto
5011,CLAREMONT DR @ ST. LAURENT BLVD,371101.2213,5034892.359,-75.6523558,45.45081596,2014-03-06,16:45,01 - Clear,01 - Dry,02 - Stop sign,03 - At intersection,01 - Daylight,03 - P.D. only,02 - Angle,Manor Park
5012,DALY AVE @ NICHOLAS ST,368225.3313,5032045.626,-75.68948634,45.42546902,2014-03-13,21:50,01 - Clear,02 - Wet,01 - Traffic signal,03 - At intersection,07 - Dark,03 - P.D. only,05 - Turning movement,Byward Market - Parliament Hill
5013,WEST HUNT CLUB RD EB btwn MERIVALE RD & SUNDERLAND ST,365784.5687,5022035.089,-75.72191046,45.33561335,2014-03-14,10:05,01 - Clear,01 - Dry,10 - No control,04 - At/near private drive,01 - Daylight,03 - P.D. only,99 - Other,Industrial Park
5014,YORKVILLE ST btwn CENTRAL PARK DR & MANHATTAN CRES,364794.252,5025451.179,-75.73413009,45.36643625,2014-02-26,12:23,01 - Clear,06 - Ice,10 - No control,01 - Non intersection,01 - Daylight,03 - P.D. only,06 - SMV unattended vehicle,Civic Hospital - Experimental Farm - Central Park
5015,EAGLESON RD @ COPE DR/CADENCE GT,354620.1484,5016025.531,-75.86494936,45.28241979,2014-01-10,9:23,03 - Snow,04 - Slush,01 - Traffic signal,02 - Intersection related,01 - Daylight,03 - P.D. only,02 - Angle,Bridlewood - Emerald Meadows
5016,BRIDLE PATH DR @ PIMLICO CRES N,371331.1507,5023792.507,-75.65091389,45.35092207,2014-02-28,7:35,01 - Clear,01 - Dry,02 - Stop sign,03 - At intersection,01 - Daylight,03 - P.D. only,02 - Angle,Emerald Woods - Sawmill Creek
5017,LORRY GREENBERG DR @ ZAIDAN DR,372747.5324,5025382.091,-75.63262125,45.36508876,2014-02-28,8:02,01 - Clear,01 - Dry,02 - Stop sign,03 - At intersection,01 - Daylight,03 - P.D. only,02 - Angle,Greenboro East
5018,HAZELDEAN RD @ HUNTMAR DR/IBER RD,350940.2282,5016080.38,-75.91184912,45.28316451,2014-02-28,16:00,01 - Clear,01 - Dry,01 - Traffic signal,02 - Intersection related,01 - Daylight,03 - P.D. only,03 - Rear end,Stittsville
5019,HUNT CLUB RD @ LORRY GREENBERG DR/SABLE RIDGE ,372822.3169,5024807.505,-75.63174579,45.3599116,2014-02-28,22:45,01 - Clear,01 - Dry,01 - Traffic signal,02 - Intersection related,07 - Dark,03 - P.D. only,03 - Rear end,Greenboro East
5020,MELFORT ST @ WALKLEY RD,374446.2115,5028371.643,-75.61051782,45.39182066,2014-03-01,11:54,03 - Snow,05 - Packed snow,01 - Traffic signal,02 - Intersection related,01 - Daylight,03 - P.D. only,02 - Angle,Hawthorne Meadows
5021,BATHURST AVE btwn WEYBURN ST & CHADBURN AVE,372014.1803,5030137.034,-75.6413342,45.40794255,2014-03-01,11:54,03 - Snow,03 - Loose snow,10 - No control,04 - At/near private drive,01 - Daylight,03 - P.D. only,06 - SMV unattended vehicle,Elmvale - Eastway - Riverview - Riverview Park West
5022,HERON RD @ ALTA VISTA DR,370492.2154,5026902.791,-75.66120591,45.37898651,2014-02-24,8:40,01 - Clear,01 - Dry,01 - Traffic signal,02 - Intersection related,01 - Daylight,03 - P.D. only,03 - Rear end,Alta Vista
5023,CONROY RD @ JOHNSTON RD,373396.3001,5026309.22,-75.62421169,45.37336749,2014-03-03,10:54,01 - Clear,01 - Dry,01 - Traffic signal,03 - At intersection,01 - Daylight,03 - P.D. only,02 - Angle,Hunt Club
5024,FALLOWFIELD RD @ GREENBANK RD,363080.6757,5016733.216,-75.75702949,45.28813703,2014-03-03,11:08,01 - Clear,01 - Dry,01 - Traffic signal,02 - Intersection related,01 - Daylight,03 - P.D. only,03 - Rear end,Greenbelt
5025,PARKDALE AVE @ GLADSTONE AVE,365216.6842,5029119.219,-75.72828902,45.39940426,2014-03-04,10:00,01 - Clear,06 - Ice,01 - Traffic signal,02 - Intersection related,01 - Daylight,03 - P.D. only,03 - Rear end,Civi
5026,HWY 417 ST.LAURE IC115R51 @ ST. LAURENT BLVD,372529.9546,5031410.876,-75.63457085,45.41935428,2014-03-04,17:00,03 - Snow,03 - Loose snow,01 - Traffic signal,02 - Intersection related,01 - Daylight,03 - P.D. only,03 - Rear end,Industrial Park
5027,MEADOWLANDS DR @ MERIVALE RD,364859.1738,5023723.615,-75.73351131,45.35088632,2014-03-07,19:10,01 - Clear,01 - Dry,01 - Traffic signal,03 - At intersection,07 - Dark,03 - P.D. only,05 - Turning movement,Cityview - Skyline - Fisher Heights
5028,BILLINGS BRIDGESC RAMP SB @ RIVERSIDE DR EB,369177.9235,5027786.489,-75.67787051,45.38705975,2014-03-10,16:02,01 - Clear,01 - Dry,02 - Stop sign,02 - Intersection related,01 - Daylight,03 - P.D. only,02 - Angle,Alta Vista
5029,PRESTON ST btwn NORMAN ST & PAMILLA ST,366719.0582,5029185.778,-75.70909244,45.39987188,2014-03-12,19:10,03 - Snow,03 - Loose snow,10 - No control,04 - At/near private drive,07 - Dark,03 - P.D. only,02 - Angle,Little Italy
5030,AIRPORT PKWY btwn RAMP & TO BE DETERMINED,369917.9935,5025711.871,-75.66869413,45.36832459,2014-03-12,18:45,05 - Drifting Snow,03 - Loose snow,10 - No control,07 - Overpass or bridge,05 - Dusk,03 - P.D. only,07 - SMV other,Riverside Park
5031,FLORA ST @ LYON ST,367664.8271,5030226.41,-75.69688041,45.4091509,2014-02-04,17:18,01 - Clear,02 - Wet,02 - Stop sign,03 - At intersection,07 - Dark,03 - P.D. only,05 - Turning movement,Centretown
5032,MAITLAND AVE/GLENMOUNT AVE @ ERINDALE DR,363697.5994,5025211.834,-75.74815696,45.36437566,2014-02-07,16:40,01 - Clear,01 - Dry,01 - Traffic signal,03 - At intersection,05 - Dusk,03 - P.D. only,05 - Turning movement,Braemar Park - Bel Air Heights - Copeland Park
5033,RICHMOND RD btwn 140 E OF POULIN AVE & FOREST ST,360456.7236,5025118.612,-75.78953479,45.36380167,2014-03-05,16:10,01 - Clear,02 - Wet,10 - No control,04 - At/near private drive,01 - Daylight,03 - P.D. only,02 - Angle,Woodroffe - Lincoln Heights
5034,MONTREAL RD btwn ALTHA AVE & BRADLEY AVE,370625.9166,5033376.577,-75.65863455,45.43722256,2014-03-05,16:00,01 - Clear,02 - Wet,10 - No control,01 - Non intersection,01 - Daylight,03 - P.D. only,04 - Sideswipe,Vanier South
5035,BEARBROOK RD/ROCKCLIFFE PKWY @ ST. JOSEPH BLVD,377134.0313,5035243.37,-75.57518593,45.45337577,2014-03-06,17:10,01 - Clear,01 - Dry,01 - Traffic signal,02 - Intersection related,01 - Daylight,03 - P.D. only,03 - Rear end,Greenbelt
5036,KAREN WAY @ ST. LAURENT BLVD,371271.7178,5034481.866,-75.65023175,45.44710634,2014-03-06,17:30,01 - Clear,01 - Dry,02 - Stop sign,03 - At intersection,01 - Daylight,03 - P.D. only,02 - Angle,Cemetery
5037,CHURCHILL AVE @ RICHMOND RD,363228.2008,5028291.791,-75.753784,45.39212797,2014-02-26,14:52,01 - Clear,01 - Dry,01 - Traffic signal,03 - At intersection,01 - Daylight,03 - P.D. only,02 - Angle,Westboro
5038,LEMIEUX ST @ ST. LAURENT BLVD,372391.7247,5031745.034,-75.63629105,45.42237425,2014-01-16,20:17,01 - Clear,01 - Dry,01 - Traffic signal,03 - At intersection,07 - Dark,03 - P.D. only,02 - Angle,Overbrook
5039,CARPENTER WAY btwn BANGS ST & TRURO ST,371759.9755,5034428.418,-75.64399788,45.44657884,2014-01-21,15:42,03 - Snow,05 - Packed snow,10 - No control,01 - Non intersection,01 - Daylight,03 - P.D. only,06 - SMV unattended vehicle,Rockcliffe - Manor Park
5040,OGILVIE RD btwn CITY PARK DR & BLAIR RD (1),374203.3858,5033016.553,-75.61296463,45.43363731,2014-02-28,8:05,01 - Clear,02 - Wet,10 - No control,01 - Non intersection,01 - Daylight,03 - P.D. only,04 - Sideswipe,Industrial Park
5041,FISHER AVE @ VIEWMOUNT DR,366919.2163,5024209.761,-75.70716199,45.35508112,2014-02-28,8:57,01 - Clear,06 - Ice,01 - Traffic signal,02 - Intersection related,01 - Daylight,03 - P.D. only,03 - Rear end,Borden Farm - Stewart Farm - Parkwood Hills - Fisher Glen
5042,RAMSAYVILLE RD btwn WALKLEY EXTENSION RD & RIDGE RD,376477.5408,5029396.854,-75.58442915,45.40083998,2014-01-22,17:18,01 - Clear,01 - Dry,10 - No control,01 - Non intersection,05 - Dusk,03 - P.D. only,03 - Rear end,Greenbelt
5043,RIDEAU ST btwn KING EDWARD AVE & NELSON ST,368522.4016,5032422.786,-75.68564166,45.42883557,2014-02-01,4:15,01 - Clear,01 - Dry,10 - No control,04 - At/near private drive,07 - Dark,03 - P.D. only,05 - Turning movement,Lowe
5044,MCARTHUR AVE btwn MAYFIELD ST & VANIER PKWY,370165.0637,5032684.782,-75.66461624,45.43104131,2014-03-01,12:15,01 - Clear,01 - Dry,10 - No control,04 - At/near private drive,01 - Daylight,03 - P.D. only,02 - Angle,Vanier South
5045,CARLING AVE @ MAITLAND AVE/SHERBOURNE RD,362942.6475,5026488.411,-75.75764305,45.37592518,2014-03-01,12:55,01 - Clear,02 - Wet,01 - Traffic signal,02 - Intersection related,01 - Daylight,03 - P.D. only,03 - Rear end,Carlingwood - McKellar Park - Laurentien View
5046,WEST HUNT CLUB RD @ CLEOPATRA DR/LANCELOT DR,365235.6297,5021732.73,-75.72895054,45.33294026,2014-02-24,9:00,01 - Clear,02 - Wet,01 - Traffic signal,02 - Intersection related,01 - Daylight,03 - P.D. only,04 - Sideswipe,Tanglewood
5047,CLOVER ST @ HERON RD,369293.2227,5026764.797,-75.67653172,45.37785628,2014-02-27,21:44,01 - Clear,02 - Wet,01 - Traffic signal,03 - At intersection,07 - Dark,03 - P.D. only,02 - Angle,Alta Vista
5048,GOSSET ST btwn PARISIEN ST & KENASTON ST,372952.3219,5031336.569,-75.62918489,45.41864469,2014-03-03,8:30,01 - Clear,01 - Dry,10 - No control,04 - At/near private drive,01 - Daylight,03 - P.D. only,02 - Angle,Industrial Park
5049,BASELINE RD/HERON RD @ PRINCE OF WALES DR,366876.0762,5026438.532,-75.70743254,45.37513895,2014-01-11,7:15,02 - Rain,02 - Wet,01 - Traffic signal,02 - Intersection related,03 - Dawn,03 - P.D. only,04 - Sideswipe,Civic Hospital - Experimental Farm - Central Park
5050,BLACKBURN BYPASS EB btwn 1700 W OF NAVAN RD & NAVAN RD,378618.6116,5032638.287,-75.5565984,45.4297818,2014-03-04,18:45,03 - Snow,03 - Loose snow,10 - No control,01 - Non intersection,07 - Dark,03 - P.D. only,07 - SMV other,Greenbelt
5051,LYON ST @ SOMERSET ST,367365.2785,5030715.617,-75.70064478,45.41357947,2014-03-08,10:00,01 - Clear,01 - Dry,01 - Traffic signal,03 - At intersection,01 - Daylight,03 - P.D. only,02 - Angle,Centretown
5052,BAY ST @ SLATER ST,366983.2239,5031078.57,-75.70547977,45.41687927,2014-03-10,16:48,01 - Clear,01 - Dry,01 - Traffic signal,02 - Intersection related,01 - Daylight,03 - P.D. only,04 - Sideswipe,Downtown
5053,HUNT CLUB RD/AIRPORT PKWY/HUNT CLUB RD RAMP 53,370948.8598,5023663.188,-75.65580954,45.34979466,2014-03-11,12:00,01 - Clear,02 - Wet,02 - Stop sign,02 - Intersection related,01 - Daylight,03 - P.D. only,03 - Rear end,Hunt Club East - Western Community
5054,BANK ST @ GLEN AVE,368804.7396,5028434.789,-75.68255163,45.39292716,2014-02-18,16:16,01 - Clear,02 - Wet,01 - Traffic signal,03 - At intersection,01 - Daylight,03 - P.D. only,02 - Angle,Old Ottawa South
5055,GLADWIN CRES @ LANCASTER RD,373459.2265,5029476.823,-75.62296772,45.40186202,2014-03-05,17:58,01 - Clear,02 - Wet,02 - Stop sign,03 - At intersection,01 - Daylight,03 - P.D. only,02 - Angle,Industrial Park
5056,EAGLESON RD @ KAKULU RD,353381.0513,5019152.686,-75.88043666,45.31064538,2014-02-26,16:43,01 - Clear,01 - Dry,01 - Traffic signal,03 - At intersection,01 - Daylight,03 - P.D. only,05 - Turning movement,Greenbelt
5057,ST. PATRICK ST WB btwn MURRAY ST & ST. ANDREW ST,368361.9714,5032929.75,-75.68762627,45.43341165,2014-01-31,15:56,01 - Clear,02 - Wet,10 - No control,01 - Non intersection,01 - Daylight,03 - P.D. only,04 - Sideswipe,Lower Town
5058,MONTREAL RD @ ST. LAURENT BLVD,371546.9375,5033817.595,-75.64680386,45.44110332,2014-02-05,15:00,01 - Clear,02 - Wet,01 - Traffic signal,02 - Intersection related,01 - Daylight,03 - P.D. only,04 - Sideswipe,Cummings
5059,PALLADIUM DR btwn HUNTMAR DR & HWY417 IC142 RAMP25,349561.334,5017201.13,-75.92932392,45.29333854,2014-02-27,22:46,01 - Clear,01 - Dry,10 - No control,04 - At/near private drive,07 - Dark,03 - P.D. only,02 - Angle,Stittsville - Basswood
5060,SHEARWATER PRIV @ UPLANDS DR,369706.95,5023335.803,-75.67170005,45.34696498,2014-02-05,20:50,01 - Clear,03 - Loose snow,10 - No control,02 - Intersection related,07 - Dark,03 - P.D. only,03 - Rear end,Hunt Club East - Western Community
5061,MEADOWLANDS DR @ MERIVALE RD,364859.1738,5023725.51,-75.73351108,45.35090337,2014-03-01,20:26,01 - Clear,01 - Dry,01 - Traffic signal,02 - Intersection related,07 - Dark,03 - P.D. only,03 - Rear end,Cityview - Skyline - Fisher Heights
5062,SHOREHAM AVE btwn ELVASTON AVE & BENTWORTH CRES,361443.0067,5021323.865,-75.77738035,45.32957768,2014-03-01,13:13,03 - Snow,03 - Loose snow,10 - No control,04 - At/near private drive,01 - Daylight,03 - P.D. only,02 - Angle,Woodvale - Craig Henry - Manordale - Estates of Arlington Wo
5063,FISHER AVE @ MALIBU TER,366261.1907,5025800.798,-75.71536181,45.36945495,2014-02-28,10:58,01 - Clear,02 - Wet,02 - Stop sign,02 - Intersection related,01 - Daylight,03 - P.D. only,03 - Rear end,Civic Hospital - Experimental Farm - Central Park
5064,MERIVALE RD @ QUEEN ANNE CRES,367389.8781,5017644.788,-75.7019853,45.29596872,2014-02-28,15:39,01 - Clear,01 - Dry,02 - Stop sign,03 - At intersection,01 - Daylight,03 - P.D. only,02 - Angle,Greenbelt
5065,PURDY RD btwn ASHTON STATION RD & DWYER HILL RD,349909.501,4996313.271,-75.9267757,45.10535775,2014-03-03,11:36,01 - Clear,01 - Dry,10 - No control,01 - Non intersection,01 - Daylight,03 - P.D. only,99 - Other,Munster Hamlet - Richmond
5066,RICHMOND RD btwn WINSTON AVE & CHURCHILL AVE N,363139.9878,5028232.475,-75.75491753,45.39160161,2014-03-03,11:00,01 - Clear,01 - Dry,10 - No control,01 - Non intersection,01 - Daylight,03 - P.D. only,04 - Sideswipe,Westboro
5067,BESSERER ST @ WALLER ST,368315.5871,5032191.815,-75.68831422,45.42677619,2014-03-04,19:15,03 - Snow,03 - Loose snow,01 - Traffic signal,02 - Intersection related,07 - Dark,03 - P.D. only,04 - Sideswipe,Byward Market - Parliament Hill
5068,BANK ST @ KILBORN AVE/BELANGER AVE,369655.1417,5027427.548,-75.67182406,45.38378609,2014-03-04,20:20,01 - Clear,05 - Packed snow,01 - Traffic signal,03 - At intersection,07 - Dark,03 - P.D. only,02 - Angle,Alta Vista
5069,KENT ST @ WELLINGTON ST,367098.1717,5031528.469,-75.70395433,45.4209171,2014-03-06,19:20,01 - Clear,01 - Dry,01 - Traffic signal,02 - Intersection related,07 - Dark,03 - P.D. only,03 - Rear end,Downtown
5070,FALLOWFIELD RD @ GREENBANK RD,363080.2018,5016731.507,-75.75703574,45.28812169,2014-03-10,17:07,01 - Clear,01 - Dry,01 - Traffic signal,02 - Intersection related,01 - Daylight,03 - P.D. only,07 - SMV other,Greenbelt
5071,CAVALIER WAY btwn DES GRANDS CHAMPS & DES GRANDS CHAMPS,380635.4183,5033347.913,-75.53071798,45.43595071,2014-03-11,14:11,01 - Clear,05 - Packed snow,10 - No control,01 - Non intersection,01 - Daylight,03 - P.D. only,99 - Other,Chapel Hill South
5072,BANK ST @ QUEENSDALE AVE,373336.269,5023446.461,-75.62537501,45.34761539,2014-03-12,20:33,03 - Snow,03 - Loose snow,01 - Traffic signal,03 - At intersection,07 - Dark,03 - P.D. only,05 - Turning movement,Blossom Park - Blossom Park West - Sawmill Creek/ Timbermill
5073,RICHMOND RD btwn WEST HUNT CLUB RD & SEYTON DR,357381.8815,5019251.658,-75.8294062,45.31124778,2014-03-05,19:06,01 - Clear,01 - Dry,10 - No control,01 - Non intersection,07 - Dark,03 - P.D. only,07 - SMV other,Bells Corners West
5074,HAWTHORNE RD/RUSSELL RD @ WALKLEY RD,374673.8698,5028500.574,-75.60759239,45.39295804,2014-03-05,18:40,01 - Clear,06 - Ice,01 - Traffic signal,02 - Intersection related,07 - Dark,03 - P.D. only,03 - Rear end,Sheffield Glen
5075,DALHOUSIE ST @ YORK ST,368093.5334,5032419.776,-75.69112234,45.42884743,2014-03-07,0:16,01 - Clear,01 - Dry,01 - Traffic signal,02 - Intersection related,07 - Dark,03 - P.D. only,99 - Other,Byward Market
5076,RIDEAU RD btwn POWER RD & HAWTHORNE RD,378591.7625,5018925.313,-75.55898968,45.30640317,2014-03-07,7:44,01 - Clear,01 - Dry,10 - No control,04 - At/near private drive,01 - Daylight,03 - P.D. only,03 - Rear end,Greenbelt
5077,HUNT CLUB RD WB btwn 275 E OF HAWTHORNE RD/OC TRANSPO TURNAROUND & HAWTHORNE RD,375613.234,5026476.798,-75.59588693,45.37465476,2014-11-01,1:00,01 - Clear,01 - Dry,10 - No control,04 - At/near private drive,07 - Dark,03 - P.D. only,02 - Angle,Greenbelt
5078,HINCKS LANE @ RIVERSIDE DR,370167.2071,5030205.546,-75.66491777,45.40873393,2014-02-26,17:05,01 - Clear,01 - Dry,02 - Stop sign,02 - Intersection related,01 - Daylight,03 - P.D. only,03 - Rear end,Industrial Park
5079,DONALD ST @ PAUL EMILE LAMARCHE,371361.9505,5032387.345,-75.64936157,45.42825222,2014-02-08,15:40,01 - Clear,01 - Dry,02 - Stop sign,03 - At intersection,01 - Daylight,03 - P.D. only,05 - Turning movement,Overbrook
5080,INNES RD btwn FRANK KENNY RD & O'TOOLE RD,388564.5747,5038081.326,-75.42858304,45.47763201,2014-02-08,20:00,01 - Clear,02 - Wet,10 - No control,01 - Non intersection,07 - Dark,03 - P.D. only,07 - SMV other,Cumberland - Estates
5081,BOAKE ST btwn GARDENWAY DR & BARKMERE CRT,384885.6801,5036695.332,-75.47585725,45.46559382,2014-02-28,23:00,03 - Snow,03 - Loose snow,10 - No control,01 - Non intersection,07 - Dark,03 - P.D. only,06 - SMV unattended vehicle,Fallingbrook
5082,YOUNG ST @ PRESTON ST,366589.1762,5029485.661,-75.71071372,45.40258163,2014-03-01,13:25,01 - Clear,02 - Wet,02 - Stop sign,02 - Intersection related,01 - Daylight,03 - P.D. only,04 - Sideswipe,Little Italy
5083,SIEVERIGHT AVE btwn APPLE HILL DR & BANK ST,372209.5648,5024156.541,-75.63965499,45.35411364,2014-02-28,9:00,01 - Clear,05 - Packed snow,10 - No control,01 - Non intersection,01 - Daylight,03 - P.D. only,06 - SMV unattended vehicle,Blossom Park - Blossom Park West - Sawmill Creek/ Timbermill
5084,EIGHTH LINE RD btwn FARMERS WAY & HALL RD,384407.6825,5024771.354,-75.48389472,45.35836659,2014-02-28,18:55,01 - Clear,01 - Dry,10 - No control,01 - Non intersection,07 - Dark,03 - P.D. only,07 - SMV other,Greenbelt
5085,BANK ST @ WELLINGTON ST,367258.1809,5031629.521,-75.70189712,45.42181207,2014-02-28,23:42,01 - Clear,01 - Dry,01 - Traffic signal,02 - Intersection related,07 - Dark,03 - P.D. only,04 - Sideswipe,Downtown