Record,Location,X,Y,lon,lat,Date,Time,Environment,Road_Surface,Traffic_Control,Collision_Location,Light,Collision_Classification,Impact_type,Neighborhood
5086,WOODROFFE AVE btwn TURN LANE & TALLWOOD DR,363049.9559,5022744.851,-75.75671424,45.34223209,2014-03-03,11:43,01 - Clear,01 - Dry,10 - No control,04 - At/near private drive,01 - Daylight,03 - P.D. only,05 - Turning movement,Crestview - Meadowlands
5087,PHELAN RD @ RIDEAU VALLEY DR,372524.0797,5005468.472,-75.63818996,45.18593227,2014-03-03,11:45,01 - Clear,01 - Dry,02 - Stop sign,03 - At intersection,01 - Daylight,03 - P.D. only,99 - Other,Manotick
5088,HALTON TER btwn FLAMBOROUGH WAY & Continuation of HALTON TER,348861.4433,5024182.391,-75.93762538,45.35620211,2014-03-04,20:42,03 - Snow,03 - Loose snow,10 - No control,01 - Non intersection,07 - Dark,03 - P.D. only,06 - SMV unattended vehicle,Morgan's Grant
5089,KING EDWARD AVE @ ST. PATRICK ST,368249.1752,5032821.693,-75.68908168,45.43244963,2014-03-04,18:30,03 - Snow,03 - Loose snow,01 - Traffic signal,02 - Intersection related,05 - Dusk,03 - P.D. only,04 - Sideswipe,Byward Market
5090,ST. LAURENT BLVD btwn FOLEY AVE & WALKLEY RD,373894.6932,5028062.021,-75.61760401,45.38908945,2014-03-07,16:00,01 - Clear,01 - Dry,10 - No control,01 - Non intersection,01 - Daylight,03 - P.D. only,03 - Rear end,Hawthorne Meadows
5091,CHAPEL ST btwn TEMPLETON ST & MANN AVE,369456.3146,5031708.672,-75.67380144,45.42232454,2014-03-08,12:30,01 - Clear,01 - Dry,10 - No control,04 - At/near private drive,01 - Daylight,03 - P.D. only,02 - Angle,Sandy Hill
5092,CAMPEAU DR @ TERON RD/COLCHESTER SQ,352564.1964,5020468.474,-75.8907267,45.32254115,2014-03-06,16:25,01 - Clear,01 - Dry,01 - Traffic signal,02 - Intersection related,01 - Daylight,03 - P.D. only,04 - Sideswipe,Beaverbrook
5093,SNAKE ISLAND RD btwn KEARNS WAY & 5TH LINE RD,378497.8507,5006841.997,-75.56197866,45.19769198,2014-02-14,8:30,04 - Freezing Rain,06 - Ice,10 - No control,01 - Non intersection,01 - Daylight,03 - P.D. only,07 - SMV other,Kars - Osgoode
5094,FAIRMONT AVE btwn WELLINGTON ST W & DUHAMEL ST,365594.0598,5029635.699,-75.72340552,45.40401876,2014-03-11,14:15,01 - Clear,01 - Dry,10 - No control,01 - Non intersection,01 - Daylight,03 - P.D. only,04 - Sideswipe,Civi
5095,BREWER RD @ BRONSON AVE,368108.5732,5027763.592,-75.69152806,45.3869512,2014-03-12,20:15,03 - Snow,03 - Loose snow,01 - Traffic signal,02 - Intersection related,07 - Dark,03 - P.D. only,04 - Sideswipe,Carleto
5096,HWY417 IC113 RAMP35 btwn AVIATION PKWY & HWY417 IC113 RAMP85,373363.113,5031969.147,-75.6238486,45.42429617,2014-03-12,21:23,03 - Snow,03 - Loose snow,10 - No control,01 - Non intersection,07 - Dark,03 - P.D. only,07 - SMV other,Industrial Park
5097,CUMBERLAND ST @ YORK ST,368265.0684,5032521.6,-75.68891725,45.42974806,2014-03-03,17:20,01 - Clear,06 - Ice,01 - Traffic signal,02 - Intersection related,05 - Dusk,03 - P.D. only,03 - Rear end,Byward Market
5098,ROCHESTER ST @ SOMERSET ST,366480.2833,5030203.514,-75.71201477,45.40905028,2014-03-04,13:59,01 - Clear,02 - Wet,01 - Traffic signal,02 - Intersection related,01 - Daylight,03 - P.D. only,03 - Rear end,Little Italy
5099,HWY 417 VANIER IC117R63 @ VANIER PKWY,370800.1632,5031399.119,-75.65667264,45.41941381,2014-03-05,20:00,01 - Clear,02 - Wet,01 - Traffic signal,02 - Intersection related,07 - Dark,03 - P.D. only,03 - Rear end,Overbrook
5100,BASELINE RD @ CLYDE AVE,364357.163,5024891.935,-75.73977676,45.36144152,2014-03-05,21:06,01 - Clear,01 - Dry,01 - Traffic signal,03 - At intersection,07 - Dark,03 - P.D. only,05 - Turning movement,Civic Hospital - Experimental Farm - Central Park
5101,VANIER PKWY/CRICHTON ST @ BEECHWOOD AVE/ST. PA,369127.8245,5033487.104,-75.67776623,45.43835647,2014-03-07,7:45,01 - Clear,01 - Dry,01 - Traffic signal,02 - Intersection related,01 - Daylight,03 - P.D. only,03 - Rear end,Vanier North
5102,KING EDWARD AVE @ ST. ANDREW ST,368161.207,5032967.315,-75.69018711,45.43376786,2014-03-07,9:30,01 - Clear,01 - Dry,01 - Traffic signal,02 - Intersection related,01 - Daylight,03 - P.D. only,03 - Rear end,Lower Town
5103,CYRVILLE RD btwn STAR TOP RD & MEADOWBROOK RD,374235.7401,5031336.491,-75.61278801,45.41851779,2014-02-14,10:29,03 - Snow,03 - Loose snow,10 - No control,01 - Non intersection,01 - Daylight,03 - P.D. only,99 - Other,Industrial Park
5104,RIDEAU ST btwn SUSSEX DR & 88 W OF WILLIAM ST/FREIMAN MALL,368020.6135,5032108.115,-75.69209415,45.42604981,2014-01-14,15:51,01 - Clear,02 - Wet,10 - No control,01 - Non intersection,01 - Daylight,03 - P.D. only,07 - SMV other,Byward Market - Parliament Hill
5105,CLEGG ST @ COLONEL BY DR,368969.558,5029742.809,-75.68027667,45.40468121,2014-02-26,17:38,01 - Clear,01 - Dry,02 - Stop sign,03 - At intersection,07 - Dark,03 - P.D. only,02 - Angle,Old Ottawa East
5106,BAYSHORE DR @ WOODRIDGE CRES S,359235.0908,5023508.558,-75.80530522,45.34941034,2014-02-26,17:05,01 - Clear,01 - Dry,01 - Traffic signal,02 - Intersection related,05 - Dusk,03 - P.D. only,03 - Rear end,Bayshore
5107,MACKENZIE AVE @ RIDEAU ST,367869.7782,5032009.582,-75.69403412,45.42517686,2014-02-10,16:43,01 - Clear,02 - Wet,01 - Traffic signal,03 - At intersection,01 - Daylight,03 - P.D. only,02 - Angle,Byward Market - Parliament Hill
5108,FERNWOOD DR btwn SOUTHGATE RD & PEBBLE RD,371225.1599,5024996.711,-75.65210461,45.36176716,2014-02-28,8:40,01 - Clear,06 - Ice,10 - No control,01 - Non intersection,01 - Daylight,03 - P.D. only,02 - Angle,South Keys - Heron Gate - Greenboro West
5109,HUNTSVILLE DR btwn DRUMHELLER PL & HUNTSVILLE DR,348973.6286,5019788.976,-75.93658576,45.31666197,2014-08-18,6:30,01 - Clear,01 - Dry,10 - No control,01 - Non intersection,03 - Dawn,03 - P.D. only,06 - SMV unattended vehicle,Kanata Lakes - Marchwood Lakeside - Morgan's Grant - Kanata
5110,RUSSELL RD S @ ST. LAURENT BLVD,373570.6432,5029261.924,-75.62157465,45.39991753,2014-02-14,16:47,03 - Snow,04 - Slush,01 - Traffic signal,02 - Intersection related,01 - Daylight,03 - P.D. only,03 - Rear end,Hawthorne Meadows - Sheffield Glen
5111,BANK ST @ BILLINGS TRANSIT,369445.655,5027742.208,-75.67445764,45.38663667,2014-02-14,18:31,03 - Snow,04 - Slush,01 - Traffic signal,03 - At intersection,07 - Dark,03 - P.D. only,02 - Angle,Alta Vista
5112,BASELINE RD btwn LOBLAWS SC & MERIVALE RD,364975.642,5025277.099,-75.73183593,45.36485435,2014-03-01,16:32,01 - Clear,01 - Dry,10 - No control,01 - Non intersection,01 - Daylight,03 - P.D. only,03 - Rear end,Civic Hospital - Experimental Farm - Central Park
5113,LAJOIE ST @ MONTREAL RD,370535.7285,5033327.855,-75.65979369,45.43679267,2014-03-01,16:53,01 - Clear,01 - Dry,01 - Traffic signal,02 - Intersection related,01 - Daylight,03 - P.D. only,04 - Sideswipe,Vanier South
5114,MOUNTSHANNON DR btwn DAVENTRY CRES N & DEWBERRY CRES,364420.7436,5016867.006,-75.73993153,45.28922847,2014-02-28,23:57,01 - Clear,01 - Dry,10 - No control,01 - Non intersection,07 - Dark,03 - P.D. only,06 - SMV unattended vehicle,New Barrhaven
5115,RIVER RD btwn RYEBURN DR & LEITRIM RD,368052.3353,5016895.978,-75.69363536,45.2891717,2014-03-01,10:40,01 - Clear,04 - Slush,10 - No control,01 - Non intersection,01 - Daylight,03 - P.D. only,07 - SMV other,Gloucester
5116,MCCARTHY RD btwn WALKLEY RD & PROVOST DR,369269.1486,5025272.086,-75.6770339,45.36442751,2014-03-03,9:30,01 - Clear,01 - Dry,10 - No control,01 - Non intersection,01 - Daylight,03 - P.D. only,01 - Approaching,Hunt Club Woods - Quintarra - Revelstoke - Riverside South P
5117,BRIDGE ST btwn NORTH RIVERSIDE DR & BRIDGE ST,369155.3141,5010482.338,-75.68040635,45.23136233,2014-03-03,12:06,01 - Clear,02 - Wet,10 - No control,07 - Overpass or bridge,01 - Daylight,03 - P.D. only,03 - Rear end,Manotick
5118,CAMPEAU DR @ HERLIHEY WAY,350510.0067,5019176.536,-75.91704748,45.31105273,2014-03-04,21:57,03 - Snow,05 - Packed snow,01 - Traffic signal,03 - At intersection,07 - Dark,03 - P.D. only,05 - Turning movement,Kanata
5119,GREENBANK RD btwn LISA AVE & TO BE DETERMINED,360556.196,5022904.899,-75.78851476,45.34387484,2014-01-02,22:32,03 - Snow,05 - Packed snow,10 - No control,01 - Non intersection,07 - Dark,03 - P.D. only,07 - SMV other,Iris
5120,INDUSTRIAL AVE @ OC TRANSPO GARAGE/215m E OF RUSSELL RD,372639.512,5030159.872,-75.63334332,45.40808771,2014-08-05,13:11,01 - Clear,01 - Dry,01 - Traffic signal,02 - Intersection related,01 - Daylight,02 - Non-fatal injury,03 - Rear end,Industrial Park
5121,HAWTHORNE AVE/ISABELLA ST @ QUEEN ELIZABETH DR,368666.1854,5030479.416,-75.68405623,45.4113367,2014-03-10,20:59,03 - Snow,03 - Loose snow,01 - Traffic signal,03 - At intersection,07 - Dark,03 - P.D. only,05 - Turning movement,The Glebe
5122,GRANT CARMAN DR btwn FAMILY BROWN LANE & BASIL MACDONALD WAY,365235.1349,5023473.675,-75.72874419,45.3486051,2014-03-10,21:32,03 - Snow,05 - Packed snow,10 - No control,04 - At/near private drive,07 - Dark,03 - P.D. only,03 - Rear end,Borden Farm - Stewart Farm - Parkwood Hills - Fisher Glen
5123,PARENT AVE @ ST. PATRICK ST,367821.4446,5032557.541,-75.6945816,45.43011156,2014-03-11,19:04,01 - Clear,01 - Dry,01 - Traffic signal,03 - At intersection,07 - Dark,03 - P.D. only,03 - Rear end,Byward Market
5124,LYON ST @ WELLINGTON ST,366934.7971,5031425.218,-75.70605475,45.42000261,2014-03-11,19:51,01 - Clear,01 - Dry,01 - Traffic signal,03 - At intersection,07 - Dark,03 - P.D. only,05 - Turning movement,Downtown
5125,OR174 IC112 RAMP51 btwn REGIONAL ROAD 174 & OR174 IC112 RAMP52,374977.1706,5032730.412,-75.60311699,45.43098555,2014-03-12,21:35,03 - Snow,03 - Loose snow,10 - No control,01 - Non intersection,07 - Dark,03 - P.D. only,07 - SMV other,Greenbelt
5126,RICHARDSON SIDE RD btwn CARP RD & OAK CREEK RD,346392.6889,5017295.038,-75.96971227,45.29437826,2014-03-13,2:01,05 - Drifting Snow,05 - Packed snow,10 - No control,01 - Non intersection,07 - Dark,03 - P.D. only,07 - SMV other,Stittsville - Basswood
5127,GREENBANK RD @ MARKETPLACE AVE,364006.9341,5014602.19,-75.74547663,45.26888463,2014-03-04,14:07,03 - Snow,02 - Wet,01 - Traffic signal,03 - At intersection,01 - Daylight,03 - P.D. only,02 - Angle,New Barrhaven
5128,PRESTONE DR @ ST. JOSEPH BLVD,382327.1662,5038272.637,-75.50832186,45.48007368,2014-03-04,14:34,01 - Clear,01 - Dry,01 - Traffic signal,02 - Intersection related,01 - Daylight,03 - P.D. only,03 - Rear end,Queenswood Heights
5129,WILHAVEN DR btwn BECKETT'S CREEK RD & CANAAN RD,396293.0342,5041600.211,-75.32909373,45.50831999,2014-03-06,1:15,01 - Clear,03 - Loose snow,10 - No control,01 - Non intersection,07 - Dark,03 - P.D. only,07 - SMV other,Cumberland - Estates
5130,BELFAST RD @ COVENTRY RD,371523.2141,5031641.818,-75.6474019,45.42152893,2014-03-06,15:40,01 - Clear,02 - Wet,01 - Traffic signal,02 - Intersection related,01 - Daylight,03 - P.D. only,03 - Rear end,Overbrook
5131,NORTHWESTERN AVE btwn CLEARVIEW AVE & PREMIER AVE,364043.0289,5029609.681,-75.74322004,45.40391764,2014-02-14,22:27,01 - Clear,05 - Packed snow,10 - No control,01 - Non intersection,07 - Dark,03 - P.D. only,07 - SMV other,Champlain Park
5132,DONALD ST @ VANIER PKWY,370314.0828,5032268.69,-75.66276729,45.42728355,2014-02-14,22:33,03 - Snow,03 - Loose snow,01 - Traffic signal,02 - Intersection related,07 - Dark,03 - P.D. only,02 - Angle,Overbrook
5133,BLAIR RD @ OGILVIE RD,374509.1455,5033199.523,-75.60903132,45.43525316,2014-02-26,17:00,01 - Clear,01 - Dry,01 - Traffic signal,03 - At intersection,01 - Daylight,03 - P.D. only,05 - Turning movement,Beacon Hill South - Cardinal Heights
5134,CYRVILLE RD @ INNES RD,375048.9593,5031119.564,-75.60242934,45.41648482,2014-02-03,11:00,01 - Clear,01 - Dry,01 - Traffic signal,02 - Intersection related,01 - Daylight,03 - P.D. only,05 - Turning movement,Industrial Park
5135,BRANTHAVEN ST btwn LAKERIDGE DR & VISTAPARK DR,385016.7647,5034803.346,-75.47448983,45.44855647,2014-02-12,6:45,01 - Clear,05 - Packed snow,10 - No control,01 - Non intersection,03 - Dawn,03 - P.D. only,06 - SMV unattended vehicle,Avalon
5136,BANK ST btwn GROVE AVE & OSSINGTON AVE,368856.3292,5028363.17,-75.68190211,45.39227803,2014-02-28,9:45,01 - Clear,01 - Dry,10 - No control,01 - Non intersection,01 - Daylight,03 - P.D. only,99 - Other,Old Ottawa South
5137,STRANDHERD DR @ WOODROFFE AVE,366107.1679,5015395.402,-75.71861611,45.27584198,2014-02-28,9:00,01 - Clear,06 - Ice,01 - Traffic signal,02 - Intersection related,01 - Daylight,03 - P.D. only,03 - Rear end,Chapman Mills - Rideau Crest - Davidson Heights
5138,ST. PATRICK ST EB btwn BEAUSOLEIL DR & COBOURG ST,368726.7596,5033230.757,-75.68292537,45.43608674,2014-02-14,16:44,03 - Snow,04 - Slush,10 - No control,01 - Non intersection,01 - Daylight,03 - P.D. only,03 - Rear end,Lower Town
5139,KIRKWOOD AVE @ MERIVALE RD,364854.2084,5026646.796,-75.73321941,45.37718907,2014-03-01,20:08,03 - Snow,03 - Loose snow,01 - Traffic signal,03 - At intersection,07 - Dark,03 - P.D. only,05 - Turning movement,Carlington
5140,RIDEAU ST btwn KING EDWARD AVE & NELSON ST,368530.5689,5032425.067,-75.685537,45.42885535,2014-03-01,21:20,03 - Snow,04 - Slush,10 - No control,04 - At/near private drive,07 - Dark,03 - P.D. only,02 - Angle,Lowe
5141,BANK ST @ WILTON CRES,368577.7102,5028966.293,-75.68538217,45.39773018,2014-03-01,6:45,03 - Snow,03 - Loose snow,02 - Stop sign,02 - Intersection related,03 - Dawn,03 - P.D. only,03 - Rear end,The Glebe
5142,CHESTERTON DR btwn ASSINIBOINE DR & FOUR SEASONS DR,365907.5855,5023753.173,-75.72012882,45.35106171,2014-03-02,3:10,03 - Snow,03 - Loose snow,10 - No control,01 - Non intersection,07 - Dark,03 - P.D. only,01 - Approaching,Borden Farm - Stewart Farm - Parkwood Hills - Fisher Glen
5143,EQUESTRIAN DR btwn HUNTSMAN CRES & SPUR AVE,355151.2609,5015989.732,-75.8581834,45.28205982,2014-01-15,12:20,03 - Snow,02 - Wet,10 - No control,01 - Non intersection,01 - Daylight,03 - P.D. only,06 - SMV unattended vehicle,Bridlewood - Emerald Meadows
5144,WELLSMERE CRT btwn RIDEAU HEIGHTS DR & END,367416.1759,5022374.186,-75.70105222,45.33852078,2014-01-16,8:25,00 - Unknown,06 - Ice,10 - No control,01 - Non intersection,01 - Daylight,03 - P.D. only,06 - SMV unattended vehicle,Industrial Park
5145,EARL ARMSTRONG RD @ LIMEBANK RD,370155.247,5015958.555,-75.66695292,45.28054452,2014-03-08,13:55,01 - Clear,01 - Dry,01 - Traffic signal,03 - At intersection,01 - Daylight,03 - P.D. only,05 - Turning movement,Greenbelt
5146,BASELINE RD @ GUTHRIE ST,360245.0463,5022373.395,-75.79254449,45.33911703,2014-03-08,15:57,01 - Clear,01 - Dry,01 - Traffic signal,02 - Intersection related,01 - Daylight,03 - P.D. only,03 - Rear end,Qualicum - Redwood Park
5147,CHAPEL CRES @ LEES AVE,369690.9856,5031286.259,-75.67085869,45.4185021,2014-03-10,21:35,03 - Snow,03 - Loose snow,02 - Stop sign,03 - At intersection,07 - Dark,03 - P.D. only,02 - Angle,Sandy Hill
5148,FRANK KENNY RD @ RUSSELL RD,392562.3748,5026366.423,-75.37954475,45.37174401,2014-03-10,21:35,03 - Snow,03 - Loose snow,02 - Stop sign,02 - Intersection related,07 - Dark,03 - P.D. only,07 - SMV other,Navan - Vars
5149,SMYTH RD btwn FAIRBANKS AVE & VALOUR DR,370647.9651,5029086.108,-75.65892611,45.39861659,2014-03-12,10:25,01 - Clear,01 - Dry,10 - No control,01 - Non intersection,01 - Daylight,03 - P.D. only,04 - Sideswipe,Alta Vista
5150,THORNCLIFF PL @ NORTHSIDE RD,358365.4153,5021187.751,-75.81665437,45.32859456,2014-03-12,12:09,01 - Clear,01 - Dry,02 - Stop sign,03 - At intersection,01 - Daylight,03 - P.D. only,02 - Angle,Bells Corners East
5151,TERMINAL AVE btwn TRANSIT & RIVERSIDE DR,370653.3586,5030598.219,-75.65865528,45.41222147,2014-03-13,6:57,05 - Drifting Snow,04 - Slush,10 - No control,01 - Non intersection,01 - Daylight,03 - P.D. only,03 - Rear end,Industrial Park
5152,LEES AVE btwn MAIN ST & ROSEMERE AVE,369023.0338,5030570.997,-75.67948573,45.41212806,2014-03-11,19:10,03 - Snow,03 - Loose snow,10 - No control,01 - Non intersection,07 - Dark,03 - P.D. only,06 - SMV unattended vehicle,Old Ottawa East
5153,INNES RD btwn 260 E OF BELCOURT BLVD/WALMART SC & JEANNE D'ARC BLVD/ME,382622.7062,5035560.208,-75.50497158,45.45563673,2014-03-05,21:00,01 - Clear,02 - Wet,10 - No control,04 - At/near private drive,07 - Dark,03 - P.D. only,05 - Turning movement,Orleans Village - Chateauneuf
5154,BANK ST @ CAMERON AVE,368943.207,5028263.308,-75.68080564,45.39137156,2014-03-06,8:21,01 - Clear,02 - Wet,01 - Traffic signal,02 - Intersection related,01 - Daylight,03 - P.D. only,03 - Rear end,Old Ottawa South
5155,ALTA VISTA DR @ SMYTH RD,370432.7159,5029081.304,-75.66167583,45.39859358,2014-03-06,17:30,01 - Clear,01 - Dry,01 - Traffic signal,03 - At intersection,05 - Dusk,03 - P.D. only,05 - Turning movement,Alta Vista
5156,BASELINE RD @ MONTEREY DR,359794.1781,5022155.245,-75.79832119,45.3371896,2014-03-07,11:34,01 - Clear,01 - Dry,01 - Traffic signal,03 - At intersection,01 - Daylight,03 - P.D. only,02 - Angle,Qualicum - Redwood Park
5157,BELCOURT BLVD @ INNES RD,382123.0288,5035266.265,-75.51140562,45.45304755,2014-02-20,12:48,01 - Clear,02 - Wet,01 - Traffic signal,02 - Intersection related,01 - Daylight,03 - P.D. only,04 - Sideswipe,Chapel Hill South
5158,ST. JOSEPH BLVD btwn R.C.M.P. COMPLEX & YOUVILLE DR,379070.2559,5036126.939,-75.5503006,45.46112237,2014-02-27,7:20,03 - Snow,03 - Loose snow,10 - No control,01 - Non intersection,01 - Daylight,03 - P.D. only,05 - Turning movement,Chapel Hill
5159,BANK ST @ 80 S OF HUNT CLUB RD/TOWNGATE PLAZA ,371689.3449,5024095.239,-75.64630208,45.35361188,2014-02-12,18:18,01 - Clear,01 - Dry,01 - Traffic signal,03 - At intersection,07 - Dark,03 - P.D. only,02 - Angle,South Keys - Heron Gate - Greenboro West
5160,TRIM RD btwn PORTOBELLO BLVD & FRENETTE ST,385766.5263,5037983.685,-75.46438246,45.4770836,2014-02-13,9:33,01 - Clear,01 - Dry,10 - No control,01 - Non intersection,01 - Daylight,03 - P.D. only,99 - Other,Cardinal Creek
5161,DARLY PL @ NORICE ST,364881.1816,5023405.27,-75.73326914,45.34802001,2014-02-28,11:02,01 - Clear,05 - Packed snow,10 - No control,02 - Intersection related,01 - Daylight,03 - P.D. only,06 - SMV unattended vehicle,Crestview - Meadowlands
5162,CARLING AVE WB btwn COLE AVE & CHURCHILL AVE N,363766.5701,5027008.215,-75.74706215,45.38053344,2014-02-15,20:28,01 - Clear,01 - Dry,10 - No control,04 - At/near private drive,07 - Dark,03 - P.D. only,03 - Rear end,Westboro
5163,CYRVILLE RD btwn STAR TOP RD & MEADOWBROOK RD,374579.9054,5031263.361,-75.60840134,45.41782557,2014-02-14,11:00,03 - Snow,03 - Loose snow,10 - No control,01 - Non intersection,01 - Daylight,03 - P.D. only,01 - Approaching,Pineview
5164,GOULBURN CRES btwn MANN AVE & WIGGINS PRIV,369714.8699,5031593.089,-75.67051311,45.42126062,2014-03-01,0:00,01 - Clear,01 - Dry,10 - No control,01 - Non intersection,00 - Unknown,03 - P.D. only,06 - SMV unattended vehicle,Sandy Hill
5165,MILTON RD btwn PERRAULT RD & RUSSELL RD,388752.7925,5027993.147,-75.42789604,45.38684644,2014-03-01,22:45,03 - Snow,05 - Packed snow,10 - No control,01 - Non intersection,07 - Dark,03 - P.D. only,07 - SMV other,Navan - Vars
5166,PALMADEO DR btwn ALAMEDA WAY & GLEESON WAY,365133.4123,5015759.223,-75.73098166,45.27919986,2014-03-01,2:27,03 - Snow,03 - Loose snow,10 - No control,01 - Non intersection,07 - Dark,03 - P.D. only,06 - SMV unattended vehicle,New Barrhaven
5167,BANK ST @ RIVERSIDE DR N,369226.1898,5027982.598,-75.6772286,45.38881984,2014-03-02,9:35,01 - Clear,02 - Wet,01 - Traffic signal,03 - At intersection,01 - Daylight,03 - P.D. only,02 - Angle,Alta Vista
5168,HINTON AVE @ SPENCER ST,364912.7016,5029406.826,-75.73213642,45.40201825,2014-03-02,9:59,01 - Clear,04 - Slush,02 - Stop sign,03 - At intersection,01 - Daylight,03 - P.D. only,02 - Angle,Islan
5169,OGILVIE RD @ BATHGATE DR/CITYPARK DR W,373827.3003,5032799.629,-75.61780117,45.43172277,2014-03-03,13:35,01 - Clear,01 - Dry,01 - Traffic signal,03 - At intersection,01 - Daylight,03 - P.D. only,02 - Angle,Industrial Park
5170,ARLINGTON AVE @ KENT ST,367867.8501,5030257.402,-75.69428302,45.40941149,2014-03-03,12:40,01 - Clear,01 - Dry,01 - Traffic signal,03 - At intersection,01 - Daylight,03 - P.D. only,05 - Turning movement,Centretown
5171,GLADSTONE AVE @ LEBRETON ST,366854.2786,5029920.673,-75.70727292,45.4064723,2014-01-23,6:34,01 - Clear,01 - Dry,02 - Stop sign,02 - Intersection related,07 - Dark,03 - P.D. only,03 - Rear end,Centretown West
5172,ARGYLE AVE W @ METCALFE ST,368339.22,5030578.351,-75.68822031,45.41225665,2014-02-03,22:00,01 - Clear,01 - Dry,01 - Traffic signal,02 - Intersection related,07 - Dark,03 - P.D. only,05 - Turning movement,Centretown
5173,GLADSTONE AVE @ ROCHESTER ST,366663.1719,5029785.67,-75.70973097,45.40527449,2014-03-08,16:39,01 - Clear,01 - Dry,01 - Traffic signal,03 - At intersection,01 - Daylight,03 - P.D. only,02 - Angle,Little Italy
5174,ARLINGTON AVE @ KENT ST,367869.1834,5030256.623,-75.69426608,45.40940436,2014-03-08,16:15,01 - Clear,01 - Dry,01 - Traffic signal,03 - At intersection,01 - Daylight,03 - P.D. only,02 - Angle,Centretown
5175,RENAUD RD @ NAVAN RD,381820.4172,5032759.283,-75.51566636,45.43052516,2014-03-10,22:19,03 - Snow,03 - Loose snow,01 - Traffic signal,02 - Intersection related,07 - Dark,03 - P.D. only,07 - SMV other,Chapel Hill South
5176,NAVAN RD @ PAGE RD,381661.1818,5032769.602,-75.5176995,45.43063552,2014-03-04,19:00,01 - Clear,02 - Wet,02 - Stop sign,03 - At intersection,07 - Dark,03 - P.D. only,02 - Angle,Chapel Hill South
5177,MOODIE DR @ FITZGERALD RD/STAFFORD RD,356921.2152,5020816.609,-75.83511615,45.32536373,2014-03-12,14:18,05 - Drifting Snow,05 - Packed snow,01 - Traffic signal,03 - At intersection,01 - Daylight,03 - P.D. only,02 - Angle,Bells Corners West
5178,RICHMOND RD btwn BASELINE RD TURN LANE & NORTHSIDE RD,358343.2613,5021240.702,-75.81693125,45.32907271,2014-03-13,7:56,01 - Clear,03 - Loose snow,10 - No control,01 - Non intersection,01 - Daylight,03 - P.D. only,03 - Rear end,Bells Corners East
5179,ALBION RD btwn DEL ZOTTO AVE & HIGH RD,374233.1544,5018675.181,-75.61459986,45.30459695,2014-03-13,8:19,03 - Snow,03 - Loose snow,10 - No control,01 - Non intersection,01 - Daylight,03 - P.D. only,07 - SMV other,Greenbelt
5180,HERITAGE GLEN DR @ WOODROFFE AVE,366011.4677,5015623.266,-75.71980764,45.27790062,2014-03-04,16:01,03 - Snow,03 - Loose snow,02 - Stop sign,03 - At intersection,01 - Daylight,03 - P.D. only,02 - Angle,Chapman Mills - Rideau Crest - Davidson Heights
5181,DALHOUSIE ST btwn RIDEAU ST & BESSERER ST,368211.7788,5032221.244,-75.6896369,45.4270504,2014-03-06,9:02,01 - Clear,01 - Dry,10 - No control,01 - Non intersection,01 - Daylight,03 - P.D. only,06 - SMV unattended vehicle,Byward Market - Parliament Hill
5182,INNES RD btwn 260 E OF BELCOURT BLVD/WALMART SC & JEANNE D'ARC BLVD/ME,382472.8315,5035470.168,-75.50690178,45.45484331,2014-03-07,10:50,01 - Clear,01 - Dry,10 - No control,01 - Non intersection,01 - Daylight,03 - P.D. only,04 - Sideswipe,Chapel Hill South
5183,GLENHAVEN PRIV btwn WESTVALLEY PRIV & WESTVALLEY PRIV,370144.8864,5025988.735,-75.66576127,45.37079461,2014-03-07,13:12,01 - Clear,02 - Wet,10 - No control,01 - Non intersection,01 - Daylight,03 - P.D. only,06 - SMV unattended vehicle,Alta Vista
5184,MORLEY BLVD @ DYNES RD,367042.1821,5025859.589,-75.70538492,45.36991502,2014-02-13,6:35,01 - Clear,03 - Loose snow,02 - Stop sign,02 - Intersection related,07 - Dark,03 - P.D. only,03 - Rear end,Carleton Heights - Rideauview
5185,HEMLOCK RD @ LANSDOWNE RD,369850.9486,5034512.52,-75.66838873,45.44751582,2014-02-27,8:29,03 - Snow,03 - Loose snow,02 - Stop sign,03 - At intersection,01 - Daylight,03 - P.D. only,02 - Angle,Rockcliffe - Manor Park
5186,DIAMONDVIEW RD btwn THOMAS A. DOLAN PKWY & OLD COACH RD,336588.7017,5024039.713,-76.09427198,45.35558206,2014-02-27,6:00,03 - Snow,03 - Loose snow,10 - No control,01 - Non intersection,07 - Dark,03 - P.D. only,07 - SMV other,Carp - Hardwood Plains
5187,ALBION RD btwn BANK ST & DES MESANGES DR,371952.889,5024114.334,-75.6429363,45.3537585,2014-02-13,9:36,01 - Clear,01 - Dry,10 - No control,01 - Non intersection,01 - Daylight,03 - P.D. only,03 - Rear end,Emerald Woods - Sawmill Creek
5188,KING EDWARD AVE @ ST. ANDREW ST,368160.2261,5032970.479,-75.69019924,45.43379642,2014-02-15,13:07,01 - Clear,02 - Wet,01 - Traffic signal,03 - At intersection,01 - Daylight,03 - P.D. only,02 - Angle,Lower Town
5189,HINCKS LANE @ RIVERSIDE DR,370166.2089,5030206.326,-75.66493042,45.40874104,2014-02-28,11:03,01 - Clear,01 - Dry,02 - Stop sign,02 - Intersection related,01 - Daylight,03 - P.D. only,03 - Rear end,Industrial Park