Record,Location,X,Y,lon,lat,Date,Time,Environment,Road_Surface,Traffic_Control,Collision_Location,Light,Collision_Classification,Impact_type,Neighborhood
5190,BANK ST btwn SOUTHKEYS SC & CAHILL DR/DAZE ST,371232.7973,5024384.408,-75.65208943,45.35625713,2014-02-28,11:03,01 - Clear,01 - Dry,10 - No control,01 - Non intersection,01 - Daylight,03 - P.D. only,03 - Rear end,South Keys - Heron Gate - Greenboro West
5191,BRONSON AVE @ SUNNYSIDE AVE/UNIVERSITY RD - CA,367922.2362,5028092.495,-75.69386534,45.3899274,2014-02-20,9:28,01 - Clear,02 - Wet,01 - Traffic signal,02 - Intersection related,01 - Daylight,03 - P.D. only,03 - Rear end,Carleto
5192,WALKLEY RD @ GLENHAVEN PRIV,370213.2034,5025873.811,-75.66490439,45.36975419,2014-02-22,13:15,01 - Clear,01 - Dry,01 - Traffic signal,03 - At intersection,01 - Daylight,03 - P.D. only,02 - Angle,Ledbury - Heron Gate - Ridgemont - Elmwood
5193,TERMINAL AVE btwn SANDFORD FLEMING AVE & STEAMLINE ST,370903.7606,5030835.348,-75.65542468,45.41433145,2014-02-05,16:21,03 - Snow,03 - Loose snow,10 - No control,01 - Non intersection,01 - Daylight,03 - P.D. only,03 - Rear end,Industrial Park
5194,MEANDERING BROOK DR btwn STEDMAN ST & WILD IRIS AVE,372788.96,5022803.872,-75.632447,45.34188687,2014-02-06,10:00,01 - Clear,00 - Unknown,10 - No control,01 - Non intersection,01 - Daylight,03 - P.D. only,01 - Approaching,Blossom Park - Blossom Park West - Sawmill Creek/ Timbermill
5195,KING EDWARD AVE btwn RIDEAU ST & BESSERER ST,368517.8683,5032405.058,-75.68570188,45.42867647,2014-03-02,10:45,01 - Clear,02 - Wet,10 - No control,04 - At/near private drive,01 - Daylight,03 - P.D. only,02 - Angle,Lowe
5196,RIVERSIDE DR btwn MARILYN AVE & REVELSTOKE DR,368206.8118,5024402.665,-75.69070508,45.35670157,2014-03-02,13:37,01 - Clear,01 - Dry,10 - No control,01 - Non intersection,01 - Daylight,03 - P.D. only,03 - Rear end,Hunt Club Woods - Quintarra - Revelstoke - Riverside South P
5197,WEST HUNT CLUB RD @ CLEOPATRA DR/LANCELOT DR,365238.0697,5021730.598,-75.72891967,45.33292086,2014-03-03,14:02,01 - Clear,01 - Dry,01 - Traffic signal,03 - At intersection,01 - Daylight,03 - P.D. only,02 - Angle,Tanglewood
5198,BANKFIELD RD btwn FIRST LINE RD & LOCKMASTER CRES,367293.2899,5009510.946,-75.7042397,45.22278945,2014-03-03,15:08,01 - Clear,01 - Dry,10 - No control,04 - At/near private drive,01 - Daylight,03 - P.D. only,05 - Turning movement,Manotick
5199,LEITRIM RD btwn FARMERS WAY & FOUBERT CRT,381852.9069,5025821.162,-75.51633505,45.36809747,2014-02-17,18:57,01 - Clear,01 - Dry,10 - No control,01 - Non intersection,07 - Dark,03 - P.D. only,07 - SMV other,Greenbelt
5200,DEERCROFT AVE @ LONGFIELDS DR,364481.0964,5015293.1,-75.73935147,45.27506137,2014-03-08,19:09,01 - Clear,01 - Dry,02 - Stop sign,02 - Intersection related,07 - Dark,03 - P.D. only,03 - Rear end,New Barrhaven
5201,MEADOWLANDS DR @ MERIVALE RD,364859.1738,5023726.458,-75.73351096,45.3509119,2014-02-02,11:20,01 - Clear,02 - Wet,01 - Traffic signal,03 - At intersection,01 - Daylight,03 - P.D. only,02 - Angle,Cityview - Skyline - Fisher Heights
5202,ANDERSON RD btwn DOLMAN RIDGE RD & RIDGE RD,378968.4093,5028706.882,-75.55272016,45.3943726,2014-03-12,15:14,05 - Drifting Snow,03 - Loose snow,10 - No control,01 - Non intersection,01 - Daylight,03 - P.D. only,07 - SMV other,Greenbelt
5203,SCHOONER CRES btwn SHORELINE DR & EVERTON WAY,368125.7313,5015034.938,-75.69293723,45.27241966,2014-03-12,6:30,01 - Clear,01 - Dry,10 - No control,01 - Non intersection,01 - Daylight,03 - P.D. only,06 - SMV unattended vehicle,Gloucester
5204,EAGLESON RD btwn FLEWELLYN RD & FAULKNER TR,355349.2633,5014216.146,-75.85584024,45.26608649,2014-03-12,15:25,03 - Snow,03 - Loose snow,10 - No control,01 - Non intersection,01 - Daylight,03 - P.D. only,07 - SMV other,Greenbelt
5205,HAZELDEAN RD btwn KINCARDINE DR & TERRY FOX DR,352191.0233,5017232.024,-75.89579606,45.2934441,2014-03-13,8:22,01 - Clear,06 - Ice,10 - No control,01 - Non intersection,01 - Daylight,03 - P.D. only,07 - SMV other,Katimavik - Hazeldean
5206,HWY 417 CASTLEFR IC139R61 @ KANATA AVE,351615.3989,5019222.467,-75.90294652,45.31139321,2014-03-04,16:35,03 - Snow,06 - Ice,01 - Traffic signal,03 - At intersection,01 - Daylight,03 - P.D. only,02 - Angle,Kanata
5207,LESTER RD btwn ALBION RD & UPLANDS DR,372532.3575,5022217.199,-75.63580124,45.33663301,2014-03-04,16:55,03 - Snow,03 - Loose snow,10 - No control,01 - Non intersection,01 - Daylight,03 - P.D. only,07 - SMV other,Greenbelt
5208,ARLINGTON AVE @ KENT ST,367868.2025,5030257.824,-75.69427846,45.40941525,2014-03-06,9:53,01 - Clear,01 - Dry,01 - Traffic signal,03 - At intersection,01 - Daylight,03 - P.D. only,02 - Angle,Centretown
5209,BLAIR RD @ INNES RD,375579.2419,5031440.316,-75.59560869,45.41931733,2014-03-07,13:51,01 - Clear,01 - Dry,01 - Traffic signal,03 - At intersection,01 - Daylight,03 - P.D. only,02 - Angle,Greenbelt
5210,PRESLAND RD btwn LOLA ST & NAUGHTON ST,371210.8227,5031879.203,-75.65136123,45.42369454,2014-03-03,13:15,01 - Clear,01 - Dry,10 - No control,04 - At/near private drive,01 - Daylight,03 - P.D. only,05 - Turning movement,Overbrook
5211,WOODLAND PL btwn MARINA DR & END,372615.2269,5003695.43,-75.63727118,45.16996982,2014-02-27,8:40,03 - Snow,03 - Loose snow,10 - No control,04 - At/near private drive,01 - Daylight,03 - P.D. only,06 - SMV unattended vehicle,Manotick
5212,GREY FOX DR btwn TO BE DETERMINED & MARCH RD,336247.5055,5016584.154,-76.09910009,45.28850863,2014-02-27,10:22,03 - Snow,03 - Loose snow,10 - No control,01 - Non intersection,01 - Daylight,03 - P.D. only,07 - SMV other,Carp - Hardwood Plains
5213,BLAIS RD btwn BANK ST & HAWTHORNE RD,376441.3691,5019891.735,-75.58626874,45.31532126,2014-02-17,19:15,03 - Snow,03 - Loose snow,10 - No control,01 - Non intersection,07 - Dark,03 - P.D. only,07 - SMV other,Greenbelt
5214,COVENTRY RD @ VANIER PKWY,370675.911,5031612.651,-75.65823157,45.4213468,2014-02-18,10:57,03 - Snow,03 - Loose snow,01 - Traffic signal,02 - Intersection related,01 - Daylight,03 - P.D. only,03 - Rear end,Overbrook
5215,PINECREST RD @ BASELINE RD,360782.1788,5022695.768,-75.78565496,45.34197508,2014-02-28,11:20,01 - Clear,02 - Wet,02 - Stop sign,03 - At intersection,01 - Daylight,03 - P.D. only,07 - SMV other,Iris
5216,CROCUS AVE @ NIAGARA DR,370059.8083,5027895.066,-75.66659535,45.38795508,2014-02-28,8:55,01 - Clear,05 - Packed snow,02 - Stop sign,03 - At intersection,01 - Daylight,03 - P.D. only,02 - Angle,Alta Vista
5217,YORK ST WB btwn BYWARD MARKE SQ & SUSSEX DR,367862.7091,5032302.688,-75.69408692,45.42781476,2014-02-28,14:45,01 - Clear,01 - Dry,10 - No control,01 - Non intersection,01 - Daylight,03 - P.D. only,02 - Angle,Byward Market
5218,CASTLEFRANK RD @ WINCHESTER DR,352862.71,5017418.405,-75.88721493,45.29507558,2014-03-01,0:55,01 - Clear,01 - Dry,02 - Stop sign,02 - Intersection related,07 - Dark,03 - P.D. only,02 - Angle,Glen Cairn - Kanata South Business Park
5219,BARLOW CRES btwn HEATHER ST & STRODE AVE,345992.689,5036108.816,-75.97324226,45.46369284,2014-02-06,10:17,01 - Clear,06 - Ice,10 - No control,04 - At/near private drive,01 - Daylight,03 - P.D. only,06 - SMV unattended vehicle,Car
5220,PRESLAND RD btwn NAUGHTON ST & FRANCES ST,371451.2007,5031919.088,-75.64828448,45.42403055,2014-02-06,12:47,01 - Clear,01 - Dry,10 - No control,04 - At/near private drive,01 - Daylight,03 - P.D. only,05 - Turning movement,Overbrook
5221,STITTSVILLE MAIN ST @ HAZELDEAN RD,349557.8911,5014878.464,-75.9295773,45.27243864,2014-03-02,13:15,01 - Clear,02 - Wet,01 - Traffic signal,02 - Intersection related,01 - Daylight,03 - P.D. only,03 - Rear end,Stittsville
5222,CHARDONNAY DR btwn VALENCEVILLE CRES & VALENCEVILLE CRES,385162.0834,5036207.794,-75.47240285,45.46117567,2014-03-02,15:02,03 - Snow,05 - Packed snow,10 - No control,01 - Non intersection,01 - Daylight,03 - P.D. only,06 - SMV unattended vehicle,Avalon
5223,COVENTRY RD @ ST. LAURENT SC WEST,371922.5918,5031787.712,-75.64227929,45.42280341,2014-03-03,16:08,01 - Clear,01 - Dry,01 - Traffic signal,02 - Intersection related,01 - Daylight,03 - P.D. only,03 - Rear end,Overbrook
5224,ALBION RD btwn LESTER RD & LEITRIM RD,372871.7422,5021838.322,-75.63152363,45.33319116,2014-03-03,16:31,01 - Clear,01 - Dry,10 - No control,01 - Non intersection,01 - Daylight,03 - P.D. only,03 - Rear end,Greenbelt
5225,MONTREAL RD @ ST. LAURENT BLVD,371547.1247,5033816.647,-75.6468016,45.44109477,2014-02-20,18:18,01 - Clear,02 - Wet,01 - Traffic signal,02 - Intersection related,07 - Dark,03 - P.D. only,03 - Rear end,Cummings
5226,BANK ST @ RIVERSIDE DR N,369226.0714,5027983.546,-75.67722998,45.38882838,2014-03-08,19:48,01 - Clear,01 - Dry,01 - Traffic signal,03 - At intersection,07 - Dark,03 - P.D. only,07 - SMV other,Alta Vista
5227,CLARKSON CRES btwn PICKFORD DR & TO BE DETERMINED,353495.5591,5018712.456,-75.87901967,45.30667616,2014-03-09,1:01,01 - Clear,01 - Dry,10 - No control,01 - Non intersection,07 - Dark,03 - P.D. only,07 - SMV other,Katimavik - Hazeldean
5228,CASTLEFRANK RD btwn SHELDRAKE DR & GLAMORGAN DR,353361.3835,5016553.212,-75.88094207,45.28725608,2014-03-09,0:00,01 - Clear,01 - Dry,10 - No control,01 - Non intersection,00 - Unknown,03 - P.D. only,06 - SMV unattended vehicle,Glen Cairn - Kanata South Business Park
5229,ARLINGTON AVE @ KENT ST,367868.2356,5030256.623,-75.69427819,45.40940444,2014-03-12,14:00,03 - Snow,02 - Wet,01 - Traffic signal,03 - At intersection,01 - Daylight,03 - P.D. only,02 - Angle,Centretown
5230,BRONSON AVE @ POWELL AVE,367388.4713,5029477.214,-75.7005057,45.40243462,2014-03-13,10:24,01 - Clear,02 - Wet,01 - Traffic signal,03 - At intersection,01 - Daylight,03 - P.D. only,02 - Angle,The Glebe
5231,ST. PATRICK ST btwn DALHOUSIE ST & CUMBERLAND ST,367976.4783,5032650.827,-75.69258848,45.43093693,2014-03-13,10:27,01 - Clear,05 - Packed snow,10 - No control,04 - At/near private drive,01 - Daylight,03 - P.D. only,05 - Turning movement,Byward Market
5232,WOODROFFE AVE btwn TURN LANE & TALLWOOD DR,363054.7741,5022735.585,-75.75665386,45.34214831,2014-03-05,8:17,01 - Clear,02 - Wet,10 - No control,01 - Non intersection,01 - Daylight,03 - P.D. only,04 - Sideswipe,Crestview - Meadowlands
5233,JEANNE D'ARC BLVD  N btwn VINEYARD DR & VOYAGEUR DR,379237.0918,5037689.836,-75.54793083,45.47516638,2014-03-06,10:31,01 - Clear,02 - Wet,10 - No control,04 - At/near private drive,01 - Daylight,03 - P.D. only,03 - Rear end,Orleans South West
5234,LORNE AVE btwn ALBERT ST & PRIMROSE AVE,366542.1827,5030565.233,-75.71117876,45.41229947,2014-03-06,12:40,01 - Clear,01 - Dry,10 - No control,01 - Non intersection,01 - Daylight,03 - P.D. only,06 - SMV unattended vehicle,Centretown West
5235,CAMERON ST @ REGIONAL RD 174,389861.2475,5042615.669,-75.41121452,45.51826988,2014-02-05,11:00,01 - Clear,02 - Wet,01 - Traffic signal,03 - At intersection,01 - Daylight,03 - P.D. only,02 - Angle,Cumberland - Estates
5236,ST. PATRICK ST/ST. ANDREW ST @ BEAUSOLEIL DR,368424.5759,5033071.219,-75.68680794,45.43467884,2014-02-28,12:00,01 - Clear,01 - Dry,01 - Traffic signal,02 - Intersection related,01 - Daylight,03 - P.D. only,03 - Rear end,Lower Town
5237,COVENTRY RD btwn LOLA ST & BELFAST RD,371479.8803,5031637.965,-75.64795608,45.42149839,2014-02-27,11:20,01 - Clear,02 - Wet,10 - No control,04 - At/near private drive,01 - Daylight,03 - P.D. only,02 - Angle,Overbrook
5238,PRINCE OF WALES DR @ FALLOWFIELD RD,367399.71,5019167.738,-75.70166764,45.30967115,2014-02-22,12:57,01 - Clear,01 - Dry,01 - Traffic signal,02 - Intersection related,01 - Daylight,03 - P.D. only,03 - Rear end,Greenbelt
5239,HENDERSON AVE btwn OSGOODE ST & SOMERSET ST E,369019.5985,5031735.591,-75.67937784,45.42260697,2014-02-27,12:50,01 - Clear,02 - Wet,10 - No control,01 - Non intersection,01 - Daylight,03 - P.D. only,04 - Sideswipe,Sandy Hill
5240,PINECREST RD @ RICHMOND RD,360072.6705,5024472.273,-75.79450918,45.35801632,2014-02-28,11:49,01 - Clear,02 - Wet,01 - Traffic signal,03 - At intersection,01 - Daylight,03 - P.D. only,05 - Turning movement,Whitehaven - Queensway Terrace North
5241,GLADSTONE AVE @ KENT ST,367744.1972,5030460.331,-75.69583666,45.41124851,2014-03-01,2:03,01 - Clear,01 - Dry,01 - Traffic signal,03 - At intersection,07 - Dark,03 - P.D. only,02 - Angle,Centretown
5242,DALHOUSIE ST btwn RIDEAU ST & BESSERER ST,368210.3043,5032222.406,-75.68965559,45.42706099,2014-03-01,2:15,01 - Clear,01 - Dry,10 - No control,01 - Non intersection,07 - Dark,03 - P.D. only,03 - Rear end,Byward Market - Parliament Hill
5243,PRESTON ST @ PRINCE OF WALES DR/QUEEN ELIZABET,366898.5084,5028778.465,-75.70685177,45.3961911,2014-02-11,13:38,01 - Clear,01 - Dry,01 - Traffic signal,03 - At intersection,01 - Daylight,03 - P.D. only,02 - Angle,The Glebe
5244,RICHARD ST @ VAN VLIET RD,369143.2442,5010289.508,-75.68058499,45.22962836,2014-03-02,15:05,01 - Clear,02 - Wet,02 - Stop sign,02 - Intersection related,01 - Daylight,03 - P.D. only,99 - Other,Manotick
5245,GREENBANK RD btwn WEST HUNT CLUB RD & FALLOWFIELD RD,363000.5743,5016921.302,-75.75802849,45.28983607,2014-03-02,16:12,01 - Clear,03 - Loose snow,10 - No control,01 - Non intersection,01 - Daylight,03 - P.D. only,07 - SMV other,Greenbelt
5246,GREENBANK RD btwn MALVERN DR & HIGHBURY PARK DR,363461.4192,5015853.98,-75.75228008,45.28019398,2014-03-03,15:29,01 - Clear,01 - Dry,10 - No control,01 - Non intersection,01 - Daylight,03 - P.D. only,03 - Rear end,Barrhaven West - Old Barrhaven
5247,REGIONAL ROAD 174 btwn OR174 IC112 RAMP61 & TRANSIT,375186.0569,5033139.891,-75.60038916,45.43464882,2014-03-03,17:54,01 - Clear,01 - Dry,10 - No control,01 - Non intersection,01 - Daylight,03 - P.D. only,07 - SMV other,Beacon Hill South - Cardinal Heights
5248,TERRY FOX DR btwn PALLADIUM DR & MAPLE GROVE RD,351436.9113,5018003.892,-75.90533737,45.30044003,2014-02-22,12:16,01 - Clear,01 - Dry,10 - No control,01 - Non intersection,01 - Daylight,03 - P.D. only,03 - Rear end,Katimavik - Hazeldean
5249,BANK ST btwn ORVILLE KEMP ST & LEITRIM RD,375299.1531,5021772.577,-75.60056725,45.33235994,2014-02-25,17:02,01 - Clear,01 - Dry,10 - No control,01 - Non intersection,01 - Daylight,03 - P.D. only,03 - Rear end,Greenbelt
5250,MERIVALE RD @ WEST HUNT CLUB RD,365614.117,5021941.55,-75.72409651,45.33478649,2014-03-09,9:48,01 - Clear,01 - Dry,01 - Traffic signal,03 - At intersection,01 - Daylight,03 - P.D. only,02 - Angle,Industrial Park
5251,CATHERINE ST @ KENT ST,367908.1814,5030187.617,-75.69377675,45.40877995,2014-03-08,23:15,01 - Clear,01 - Dry,01 - Traffic signal,03 - At intersection,07 - Dark,03 - P.D. only,05 - Turning movement,Centretown
5252,SUSSEX DR btwn 262 N OF KING EDWARD AVE & STANLEY AVE,367816.4561,5033834.011,-75.69448195,45.44159724,2014-02-06,18:13,01 - Clear,06 - Ice,10 - No control,01 - Non intersection,07 - Dark,03 - P.D. only,03 - Rear end,New Edinburgh
5253,ST. JOSEPH BLVD @ JEANNE D'ARC BLVD,379861.2164,5036472.529,-75.54013518,45.46414719,2014-02-07,15:08,01 - Clear,01 - Dry,11 - Roundabout,03 - At intersection,01 - Daylight,03 - P.D. only,04 - Sideswipe,Greenbelt
5254,ALFA ST btwn TARTAN DR & HALLEY ST,362687.1573,5014147.339,-75.76234724,45.26490173,2014-03-12,15:30,05 - Drifting Snow,05 - Packed snow,10 - No control,04 - At/near private drive,01 - Daylight,03 - P.D. only,05 - Turning movement,Barrhaven West - Old Barrhaven
5255,ST. LAURENT BLVD btwn MCARTHUR AVE & DONALD ST,372086.6039,5032492.49,-75.64008743,45.42912892,2014-03-13,10:36,01 - Clear,04 - Slush,10 - No control,01 - Non intersection,01 - Daylight,03 - P.D. only,03 - Rear end,Castl
5256,BANK ST @ RIVERSIDE DR N,369224.2941,5027984.494,-75.67725256,45.38883707,2014-03-13,10:37,01 - Clear,02 - Wet,01 - Traffic signal,03 - At intersection,01 - Daylight,03 - P.D. only,02 - Angle,Alta Vista
5257,SLACK RD btwn VAAN DR & GRENFELL CRES,365113.1122,5020462.467,-75.73066824,45.3215211,2014-03-05,8:25,01 - Clear,02 - Wet,10 - No control,01 - Non intersection,01 - Daylight,03 - P.D. only,03 - Rear end,Merivale Gardens - Grenfell Glen - Pineglen - Country Place
5258,BASELINE RD/HERON RD @ PRINCE OF WALES DR,366874.7218,5026438.569,-75.70744983,45.3751394,2014-03-06,12:47,01 - Clear,01 - Dry,01 - Traffic signal,02 - Intersection related,01 - Daylight,03 - P.D. only,03 - Rear end,Civic Hospital - Experimental Farm - Central Park
5259,BRONSON AVE @ LAKESIDE AVE,367655.7131,5028838.797,-75.6971737,45.39666638,2014-03-06,12:56,01 - Clear,01 - Dry,02 - Stop sign,02 - Intersection related,01 - Daylight,03 - P.D. only,03 - Rear end,The Glebe
5260,RICHMOND RD @ WEST HUNT CLUB RD,357146.1212,5018154.358,-75.83252861,45.30139174,2014-03-12,18:40,03 - Snow,04 - Slush,01 - Traffic signal,02 - Intersection related,07 - Dark,03 - P.D. only,03 - Rear end,Greenbelt
5261,WEST HUNT CLUB RD @ WOODROFFE AVE,363673.0607,5021244.593,-75.74894241,45.32868087,2014-03-13,12:30,01 - Clear,02 - Wet,01 - Traffic signal,02 - Intersection related,01 - Daylight,03 - P.D. only,03 - Rear end,Woodvale - Craig Henry - Manordale - Estates of Arlington Wo
5262,RIDEAU ST btwn CHAPEL ST & AUGUSTA ST,368954.7196,5032681.469,-75.6800836,45.43112358,2014-03-02,0:58,03 - Snow,04 - Slush,10 - No control,01 - Non intersection,07 - Dark,03 - P.D. only,06 - SMV unattended vehicle,Lower Town
5263,CARLING AVE @ RITCHIE ST,359589.6101,5024366.48,-75.80068615,45.35710231,2014-02-27,12:18,01 - Clear,02 - Wet,01 - Traffic signal,02 - Intersection related,01 - Daylight,03 - P.D. only,03 - Rear end,Crystal Bay - Lakeview Park - Britannia Village
5264,AVENUE K @ TREMBLAY RD,371426.6549,5031306.902,-75.6486809,45.4185247,2014-02-27,6:50,03 - Snow,04 - Slush,02 - Stop sign,03 - At intersection,03 - Dawn,03 - P.D. only,03 - Rear end,Industrial Park
5265,DEAKIN ST @ PRINCE OF WALES DR,367389.1902,5021523.741,-75.70150406,45.33087104,2014-02-27,13:50,01 - Clear,02 - Wet,01 - Traffic signal,02 - Intersection related,01 - Daylight,03 - P.D. only,04 - Sideswipe,Industrial Park
5266,MERIVALE RD @ WEST HUNT CLUB RD,365612.6952,5021942.752,-75.7241145,45.33479743,2014-02-27,15:21,01 - Clear,02 - Wet,01 - Traffic signal,02 - Intersection related,01 - Daylight,03 - P.D. only,03 - Rear end,Tanglewood
5267,HAWTHORNE RD btwn DAVIDSON RD & LEITRIM RD,376999.7249,5022804.052,-75.57872353,45.34146777,2014-03-01,6:27,03 - Snow,03 - Loose snow,10 - No control,01 - Non intersection,01 - Daylight,03 - P.D. only,07 - SMV other,Greenbelt
5268,EAGLESON RD btwn FALLOWFIELD RD & AKINS RD,356312.3728,5011721.119,-75.84382655,45.24356578,2014-03-01,6:38,03 - Snow,03 - Loose snow,10 - No control,01 - Non intersection,01 - Daylight,03 - P.D. only,07 - SMV other,Munster Hamlet - Richmond
5269,KING EDWARD AVE btwn RAMP & BOLTON ST,368003.9742,5033228.572,-75.69216295,45.43613279,2014-03-01,6:42,03 - Snow,03 - Loose snow,10 - No control,01 - Non intersection,01 - Daylight,03 - P.D. only,07 - SMV other,Lower Town
5270,HUNT CLUB RD btwn BILLY BISHOP PRIV & HUNT CLUB PL,369588.6257,5022793.225,-75.67328094,45.34209394,2014-02-14,10:00,03 - Snow,05 - Packed snow,10 - No control,01 - Non intersection,01 - Daylight,03 - P.D. only,04 - Sideswipe,Hunt Club - Ottawa Airport
5271,FALLOWFIELD RD @ GREENBANK RD,363082.0975,5016729.612,-75.75701179,45.28810449,2014-03-02,16:20,01 - Clear,01 - Dry,01 - Traffic signal,02 - Intersection related,01 - Daylight,03 - P.D. only,03 - Rear end,Barrhaven West - Old Barrhaven
5272,BASELINE RD @ FISHER AVE,366167.7075,5026029.293,-75.71652676,45.37151909,2014-03-02,16:25,01 - Clear,02 - Wet,01 - Traffic signal,02 - Intersection related,01 - Daylight,03 - P.D. only,03 - Rear end,Civic Hospital - Experimental Farm - Central Park
5273,WOODROFFE AVE @ GEORGINA DR/LENESTER AVE,361909.6866,5025370.773,-75.77095987,45.36595372,2014-03-03,18:15,01 - Clear,01 - Dry,01 - Traffic signal,02 - Intersection related,05 - Dusk,03 - P.D. only,04 - Sideswipe,Whitehaven - Queensway Terrace North
5274,AIRPORT PKWY @ HUNT CLUB RD,371018.0541,5023703.946,-75.65492112,45.35015486,2014-03-03,18:20,01 - Clear,01 - Dry,01 - Traffic signal,02 - Intersection related,05 - Dusk,03 - P.D. only,03 - Rear end,Hunt Club East - Western Community
5275,REGIONAL ROAD 174 btwn HWY417 IC113 RAMP67 & Continuation of REGIONAL ,373521.9456,5031898.32,-75.62182903,45.42364332,2014-02-26,8:38,01 - Clear,01 - Dry,10 - No control,01 - Non intersection,01 - Daylight,03 - P.D. only,04 - Sideswipe,Industrial Park
5276,JEANNE D'ARC BLVD  S btwn WOODCLIFFE PRIV & HENRI LAUZON ST,380370.0116,5036194.793,-75.53367245,45.46159349,2014-02-27,7:11,03 - Snow,03 - Loose snow,10 - No control,01 - Non intersection,03 - Dawn,03 - P.D. only,03 - Rear end,Chapel Hill
5277,HUNT CLUB RD @ BRIDLE PATH DR/DAZE ST,371292.2028,5023862.608,-75.65140147,45.35155651,2014-03-01,0:54,01 - Clear,04 - Slush,01 - Traffic signal,03 - At intersection,07 - Dark,03 - P.D. only,05 - Turning movement,South Keys - Heron Gate - Greenboro West
5278,CAMERON AVE btwn BANK ST & BELLWOOD AVE,368951.3186,5028265.843,-75.68070173,45.39139362,2014-03-01,16:18,01 - Clear,03 - Loose snow,10 - No control,04 - At/near private drive,01 - Daylight,03 - P.D. only,02 - Angle,Old Ottawa South
5279,LAFONTAINE AVE @ MCARTHUR AVE,370950.1862,5032770.626,-75.65457171,45.43173988,2014-02-09,13:30,01 - Clear,01 - Dry,01 - Traffic signal,02 - Intersection related,01 - Daylight,03 - P.D. only,03 - Rear end,Vanier South
5280,JUANITA AVE btwn CHARLIE'S LANE & SEAGRAM HGTS,341122.8431,5023685.245,-76.0364293,45.3521722,2014-06-02,8:10,01 - Clear,01 - Dry,10 - No control,04 - At/near private drive,01 - Daylight,03 - P.D. only,99 - Other,Carp
5281,CLAYMOR AVE @ DYNES RD,366744.26,5025671.401,-75.70921157,45.36824814,2014-03-11,11:44,01 - Clear,02 - Wet,01 - Traffic signal,03 - At intersection,01 - Daylight,03 - P.D. only,02 - Angle,Carleton Heights - Rideauview
5282,LEEDS AVE @ SHEFFIELD RD,374858.7287,5029552.792,-75.60508228,45.4024069,2014-03-21,13:49,01 - Clear,02 - Wet,03 - Yield sign,03 - At intersection,01 - Daylight,03 - P.D. only,02 - Angle,Industrial Park
5283,RICHMOND RD btwn GRENON AVE & MARIELLE CRT,359821.3498,5024053.326,-75.79776338,45.35426641,2014-03-21,13:59,01 - Clear,01 - Dry,10 - No control,01 - Non intersection,01 - Daylight,03 - P.D. only,03 - Rear end,Whitehaven - Queensway Terrace North
5284,HAWTHORNE RD btwn HAWTHORNE RD & WHYTE SIDE RD,375565.4933,5026155.927,-75.59654236,45.37177254,2014-03-06,14:03,01 - Clear,01 - Dry,10 - No control,01 - Non intersection,01 - Daylight,03 - P.D. only,01 - Approaching,Greenbelt
5285,WEST HUNT CLUB RD @ WOODROFFE AVE,363673.0607,5021244.593,-75.74894241,45.32868087,2014-03-08,5:35,01 - Clear,01 - Dry,01 - Traffic signal,03 - At intersection,07 - Dark,03 - P.D. only,02 - Angle,Woodvale - Craig Henry - Manordale - Estates of Arlington Wo
5286,BLACKLEAF DR btwn CHEYENNE WAY & DECONA TER,365263.0404,5012668.512,-75.72970577,45.25137853,2014-03-23,12:10,01 - Clear,01 - Dry,10 - No control,04 - At/near private drive,01 - Daylight,03 - P.D. only,99 - Other,New Barrhaven
5287,HWY 417 VANIER IC117R63 @ VANIER PKWY,370799.2153,5031397.223,-75.656685,45.41939684,2014-03-24,8:44,01 - Clear,01 - Dry,01 - Traffic signal,02 - Intersection related,01 - Daylight,03 - P.D. only,03 - Rear end,Overbrook
5288,KIRKWOOD AVE @ LAPERRIERE AVE,364518.2722,5026959.49,-75.73747049,45.38003135,2014-02-08,17:06,01 - Clear,01 - Dry,01 - Traffic signal,02 - Intersection related,01 - Daylight,03 - P.D. only,03 - Rear end,Carlington
5289,BLACKBURN AVE @ OSGOODE ST,369297.7743,5032127.292,-75.67577229,45.42610576,2014-02-18,23:11,03 - Snow,03 - Loose snow,02 - Stop sign,03 - At intersection,07 - Dark,03 - P.D. only,02 - Angle,Sandy Hill
5290,STRANDHERD DR @ CLARIDGE DR,364950.0854,5015382.517,-75.73336381,45.27582598,2014-02-22,15:24,01 - Clear,02 - Wet,01 - Traffic signal,03 - At intersection,01 - Daylight,03 - P.D. only,05 - Turning movement,New Barrhaven
5291,ALBERT ST @ BOOTH ST,366428.2193,5030627.514,-75.71262683,45.4128699,2014-03-22,11:47,03 - Snow,03 - Loose snow,01 - Traffic signal,02 - Intersection related,01 - Daylight,03 - P.D. only,99 - Other,Centretown West
5292,ISABELLA ST/HWY417 IC119AR75 @ METCALFE ST,368448.5605,5030398.932,-75.68684668,45.41063236,2014-03-22,13:15,03 - Snow,04 - Slush,01 - Traffic signal,03 - At intersection,01 - Daylight,03 - P.D. only,04 - Sideswipe,The Glebe
5293,JEANNE D'ARC BLVD  N btwn DECARIE DR & BILBERRY DR,381031.1666,5038549.712,-75.52485401,45.48270928,2014-03-27,9:31,01 - Clear,01 - Dry,10 - No control,01 - Non intersection,01 - Daylight,03 - P.D. only,06 - SMV unattended vehicle,Orleans South West