Record,Location,X,Y,lon,lat,Date,Time,Environment,Road_Surface,Traffic_Control,Collision_Location,Light,Collision_Classification,Impact_type,Neighborhood
5294,EAGLESON RD @ HAZELDEAN RD/ROBERTSON RD,353673.151,5018425.408,-75.8767834,45.30408091,2014-03-27,9:58,01 - Clear,99 - Other,01 - Traffic signal,02 - Intersection related,01 - Daylight,03 - P.D. only,03 - Rear end,Greenbelt
5295,HAWTHORNE RD/RUSSELL RD @ WALKLEY RD,374674.3758,5028499.16,-75.60758613,45.39294526,2014-03-27,11:19,01 - Clear,01 - Dry,01 - Traffic signal,03 - At intersection,01 - Daylight,03 - P.D. only,03 - Rear end,Sheffield Glen
5296,COLONEL BY DR @ COLONEL BY DR SB ON RAMP 43,367640.234,5028441.498,-75.69742199,45.39309299,2014-03-28,7:25,03 - Snow,03 - Loose snow,02 - Stop sign,03 - At intersection,01 - Daylight,03 - P.D. only,03 - Rear end,Carleton University
5297,PRESTON ST btwn POPLAR ST & LAUREL ST,366398.8393,5029920.739,-75.71309048,45.40651312,2014-03-29,16:36,01 - Clear,01 - Dry,10 - No control,01 - Non intersection,01 - Daylight,03 - P.D. only,04 - Sideswipe,Little Italy
5298,CARLING AVE @ CROYDON AVE,360659.1545,5025042.518,-75.78695953,45.36310088,2014-03-29,18:01,01 - Clear,01 - Dry,01 - Traffic signal,03 - At intersection,05 - Dusk,03 - P.D. only,07 - SMV other,Whitehaven - Queensway Terrace North
5299,VANIER PKWY SB btwn RIVERSIDE DR & TO BE DETERMINED,370802.0589,5031202.91,-75.6566747,45.41764823,2014-03-20,12:04,02 - Rain,02 - Wet,10 - No control,07 - Overpass or bridge,01 - Daylight,03 - P.D. only,03 - Rear end,Industrial Park
5300,FORILLON CRES btwn GROS MORNE CRT & STEEPLE CHASE DR (1),355488.4662,5017785.328,-75.85370191,45.29819271,2014-03-20,12:00,01 - Clear,01 - Dry,10 - No control,04 - At/near private drive,01 - Daylight,03 - P.D. only,02 - Angle,Bridlewood - Emerald Meadows
5301,CUMMINGS AVE @ MONTREAL RD,372008.1816,5034042.482,-75.64087794,45.44308255,2014-03-15,16:58,01 - Clear,01 - Dry,01 - Traffic signal,03 - At intersection,01 - Daylight,03 - P.D. only,02 - Angle,Cummings
5302,BENTLEY AVE btwn SUNDERLAND ST & CAMELOT DR,365948.5339,5021705.746,-75.71985934,45.3326357,2014-03-20,21:40,03 - Snow,03 - Loose snow,10 - No control,01 - Non intersection,07 - Dark,03 - P.D. only,06 - SMV unattended vehicle,Industrial Park
5303,GREENBANK RD @ BELLMAN DR/BATEMAN DR,361256.2016,5021015.593,-75.77979847,45.3268189,2014-03-21,10:24,01 - Clear,01 - Dry,01 - Traffic signal,02 - Intersection related,01 - Daylight,03 - P.D. only,03 - Rear end,Sheahan Estates - Trend Village - Arlington Woods
5304,FOREST ST @ RICHMOND RD,360467.1501,5025138.517,-75.78939946,45.36397995,2014-03-14,15:10,01 - Clear,02 - Wet,02 - Stop sign,02 - Intersection related,01 - Daylight,03 - P.D. only,03 - Rear end,Woodroffe - Lincoln Heights
5305,MERIVALE RD btwn SLACK RD & CAPITAL DR,366029.6529,5020932.744,-75.71892012,45.32567326,2014-03-14,16:24,01 - Clear,01 - Dry,10 - No control,01 - Non intersection,01 - Daylight,03 - P.D. only,03 - Rear end,Merivale Gardens - Grenfell Glen - Pineglen - Country Place
5306,DERBY PL btwn GILMOUR ST & LEWIS ST,367871.8764,5030810.201,-75.69416085,45.41438503,2014-03-01,14:00,01 - Clear,03 - Loose snow,10 - No control,04 - At/near private drive,01 - Daylight,03 - P.D. only,02 - Angle,Centretown
5307,WISTERIA CRES btwn VINTAGE LANE & MOSSWOOD CRT (1),369858.9352,5022509.174,-75.66986943,45.33951311,2014-01-31,15:30,01 - Clear,05 - Packed snow,10 - No control,04 - At/near private drive,01 - Daylight,03 - P.D. only,06 - SMV unattended vehicle,Hunt Club - Ottawa Airport
5308,DALHOUSIE ST @ ST. PATRICK ST,367956.2788,5032641.529,-75.69284781,45.43085509,2014-03-11,16:09,01 - Clear,01 - Dry,01 - Traffic signal,03 - At intersection,01 - Daylight,03 - P.D. only,03 - Rear end,Byward Market
5309,LABELLE ST/RAMP @ LEMIEUX ST/HWY417 IC115 RAMP,372541.2134,5031688.823,-75.63438879,45.42185403,2014-03-14,6:59,01 - Clear,01 - Dry,02 - Stop sign,03 - At intersection,01 - Daylight,03 - P.D. only,05 - Turning movement,Cummings
5310,MERIVALE RD btwn CLEOPATRA DR & SLACK RD,366010.6956,5020981.085,-75.71915595,45.32610988,2014-03-21,14:07,01 - Clear,01 - Dry,10 - No control,04 - At/near private drive,01 - Daylight,03 - P.D. only,05 - Turning movement,Merivale Gardens - Grenfell Glen - Pineglen - Country Place
5311,HOG'S BACK RD btwn PRINCE OF WALES DR & COLONEL BY DR,367408.862,5025712,-75.70072286,45.36855438,2014-03-21,14:09,01 - Clear,01 - Dry,10 - No control,01 - Non intersection,01 - Daylight,03 - P.D. only,04 - Sideswipe,Carleton Heights - Rideauview
5312,BANK ST @ KILBORN AVE/BELANGER AVE,369654.1938,5027428.496,-75.67183604,45.38379471,2014-03-10,21:59,03 - Snow,04 - Slush,01 - Traffic signal,02 - Intersection related,07 - Dark,03 - P.D. only,03 - Rear end,Alta Vista
5313,BAYSHORE DR btwn CARLING AVE & WOODRIDGE CRES N,359022.4066,5023959.332,-75.80796984,45.35348288,2014-03-14,14:02,01 - Clear,01 - Dry,10 - No control,04 - At/near private drive,01 - Daylight,03 - P.D. only,05 - Turning movement,Bayshore
5314,INNES RD @ STAR TOP RD/WINDMILL LANE,374150.0955,5030665.613,-75.6139766,45.41249007,2014-03-24,8:56,01 - Clear,01 - Dry,01 - Traffic signal,03 - At intersection,01 - Daylight,03 - P.D. only,05 - Turning movement,Industrial Park
5315,HWY 417 VANIER IC117R63 @ VANIER PKWY,370800.1632,5031397.223,-75.65667289,45.41939675,2014-03-24,10:00,01 - Clear,01 - Dry,01 - Traffic signal,02 - Intersection related,01 - Daylight,03 - P.D. only,04 - Sideswipe,Overbrook
5316,BANK ST @ CONROY RD,375044.2762,5022237.551,-75.60375259,45.33656915,2014-02-21,16:51,01 - Clear,02 - Wet,01 - Traffic signal,02 - Intersection related,01 - Daylight,03 - P.D. only,07 - SMV other,Greenbelt
5317,DUNROBIN RD btwn CONSTANCE BAY RD & KINBURN SIDE RD,337086.8466,5036914.348,-76.08707076,45.47140962,2014-02-27,18:15,05 - Drifting Snow,03 - Loose snow,10 - No control,01 - Non intersection,07 - Dark,03 - P.D. only,07 - SMV other,Woodlawn
5318,"OLD MONTREAL RD btwn GRAND-CH-NE, COUR DU CRT & TED KELLY LANE",386098.9728,5040772.118,-75.45966916,45.50213241,2014-02-26,7:51,01 - Clear,03 - Loose snow,10 - No control,01 - Non intersection,01 - Daylight,03 - P.D. only,07 - SMV other,Cumberland - Estates
5319,ALBION RD @ HUNT CLUB RD,371867.6695,5024320.734,-75.64399582,45.35562378,2014-02-27,1:56,03 - Snow,03 - Loose snow,01 - Traffic signal,02 - Intersection related,07 - Dark,03 - P.D. only,02 - Angle,South Keys - Heron Gate - Greenboro West
5320,BEAVERPOND DR btwn HALLMARK PL & APPLETON DR (2),375109.9692,5031895.376,-75.6015392,45.42345903,2014-03-22,21:46,01 - Clear,02 - Wet,10 - No control,01 - Non intersection,07 - Dark,03 - P.D. only,99 - Other,Pineview
5321,STEEPLE HILL CRES btwn RICHMOND RD & PIETY HILL WAY,357584.1173,5014339.255,-75.82734988,45.26703008,2014-03-25,11:30,01 - Clear,01 - Dry,10 - No control,01 - Non intersection,01 - Daylight,03 - P.D. only,07 - SMV other,Munster Hamlet - Richmond
5322,PORTOBELLO BLVD btwn NESTING WAY & INNES RD,385581.9707,5037006.152,-75.46690339,45.4683101,2014-03-27,10:25,01 - Clear,01 - Dry,10 - No control,04 - At/near private drive,01 - Daylight,03 - P.D. only,02 - Angle,Fallingbrook
5323,PRESTON ST btwn GEORGE ST W & ABERDEEN ST,366633.3369,5029386.524,-75.7101621,45.40168572,2014-03-22,23:00,01 - Clear,01 - Dry,10 - No control,01 - Non intersection,07 - Dark,03 - P.D. only,06 - SMV unattended vehicle,Little Italy
5324,CARLING AVE @ GRANDVIEW RD/NORTEL ENTRANCE,355726.1235,5024052.512,-75.85002726,45.35456846,2014-03-28,11:22,01 - Clear,02 - Wet,01 - Traffic signal,03 - At intersection,01 - Daylight,03 - P.D. only,02 - Angle,Greenbelt
5325,MARCH RD @ 280 S OF CARLING AVE/GATEWAY MALL S,351109.8489,5022028.17,-75.90913124,45.3366731,2014-03-29,18:02,01 - Clear,01 - Dry,01 - Traffic signal,03 - At intersection,05 - Dusk,03 - P.D. only,05 - Turning movement,South March
5326,CARLING AVE @ GRENON AVE,359594.1398,5024349.563,-75.80063021,45.35694974,2014-03-29,18:18,01 - Clear,01 - Dry,01 - Traffic signal,02 - Intersection related,05 - Dusk,03 - P.D. only,04 - Sideswipe,Whitehaven - Queensway Terrace North
5327,YOUVILLE DR btwn ST. JOSEPH BLVD & JEANNE D'ARC BLVD S,379553.6677,5036606.484,-75.54404711,45.4653854,2014-03-20,16:49,02 - Rain,02 - Wet,10 - No control,04 - At/near private drive,01 - Daylight,03 - P.D. only,02 - Angle,Greenbelt
5328,RIVERSIDE DR btwn FROBISHER LANE & END,370030.5817,5029268.197,-75.66678701,45.40031275,2014-03-19,0:00,01 - Clear,01 - Dry,10 - No control,01 - Non intersection,00 - Unknown,03 - P.D. only,06 - SMV unattended vehicle,Industrial Park
5329,IRIS ST @ WOODROFFE AVE,362282.2182,5024441.52,-75.76631276,45.35756193,2014-03-21,10:50,01 - Clear,01 - Dry,01 - Traffic signal,02 - Intersection related,01 - Daylight,03 - P.D. only,03 - Rear end,Iris
5330,BELCOURT BLVD @ ST. JOSEPH BLVD,381204.2663,5037357.649,-75.52282547,45.47196517,2014-03-21,11:07,01 - Clear,02 - Wet,01 - Traffic signal,03 - At intersection,01 - Daylight,03 - P.D. only,02 - Angle,Orleans Village - Chateauneuf
5331,BLAKE BLVD btwn LAFONTAINE AVE & JEAN TALON ST,370991.0638,5033042.878,-75.65401274,45.43418561,2014-03-14,16:27,01 - Clear,02 - Wet,10 - No control,04 - At/near private drive,01 - Daylight,03 - P.D. only,02 - Angle,Vanier South
5332,WESTCLIFFE RD btwn ROBERTSON RD & TERRACE DR,356401.467,5020043.63,-75.84182641,45.31844677,2014-03-14,17:18,01 - Clear,02 - Wet,10 - No control,04 - At/near private drive,01 - Daylight,03 - P.D. only,02 - Angle,Bells Corners West
5333,DALY AVE btwn MACKENZIE AVE & NICHOLAS ST,368220.592,5032038.043,-75.68954787,45.42540122,2014-03-15,17:00,01 - Clear,01 - Dry,10 - No control,04 - At/near private drive,01 - Daylight,03 - P.D. only,99 - Other,Byward Market - Parliament Hill
5334,MORISSET AVE btwn CALDWELL AVE & MERIVALE RD,364667.1179,5026360.925,-75.73564265,45.37463286,2014-03-21,14:11,01 - Clear,01 - Dry,10 - No control,04 - At/near private drive,01 - Daylight,03 - P.D. only,02 - Angle,Carlington
5335,MONTREAL RD @ OLMSTEAD ST,370331.2915,5033214.534,-75.66242152,45.43579224,2014-03-21,14:40,01 - Clear,01 - Dry,01 - Traffic signal,03 - At intersection,01 - Daylight,03 - P.D. only,03 - Rear end,Vanier South
5336,WESTPOINTE CRES btwn HEMMINGWOOD WAY & GARDENGATE WAY (2),362275.3139,5023131.521,-75.76655314,45.34577522,2014-03-19,9:30,01 - Clear,01 - Dry,10 - No control,01 - Non intersection,01 - Daylight,03 - P.D. only,04 - Sideswipe,Centrepointe
5337,HAZEL ST @ MAIN ST,369165.2926,5030173.553,-75.67772032,45.40853892,2014-03-22,11:48,01 - Clear,01 - Dry,01 - Traffic signal,03 - At intersection,01 - Daylight,03 - P.D. only,99 - Other,Old Ottawa East
5338,HUNT CLUB RD @ MALAK ST,374192.3132,5025653.517,-75.61414209,45.36738939,2014-03-24,12:02,01 - Clear,01 - Dry,02 - Stop sign,03 - At intersection,01 - Daylight,03 - P.D. only,02 - Angle,Hunt Club
5339,MITCH OWENS RD @ STAGECOACH RD,375397.385,5014483.51,-75.600352,45.26676567,2014-02-27,18:34,03 - Snow,03 - Loose snow,01 - Traffic signal,02 - Intersection related,07 - Dark,03 - P.D. only,03 - Rear end,Osgoode
5340,MOODIE DR btwn HWY417 IC134 RAMP25 & HWY417 IC134 RAMP53,356476.8514,5021927.841,-75.84066829,45.33539557,2014-03-04,11:41,03 - Snow,02 - Wet,10 - No control,01 - Non intersection,01 - Daylight,03 - P.D. only,07 - SMV other,Greenbelt
5341,RIVERSIDE DR @ WALKLEY RD,368420.1457,5024855.425,-75.68792419,45.36075607,2014-02-27,18:00,03 - Snow,03 - Loose snow,01 - Traffic signal,02 - Intersection related,05 - Dusk,03 - P.D. only,03 - Rear end,Riverside Park
5342,LANCASTER RD @ WALKLEY RD,374906.3708,5028601.593,-75.60460897,45.39384372,2014-03-25,11:39,01 - Clear,01 - Dry,01 - Traffic signal,02 - Intersection related,01 - Daylight,03 - P.D. only,03 - Rear end,Industrial Park
5343,TERMINAL AVE btwn SANDFORD FLEMING AVE & STEAMLINE ST,371073.7551,5030854.592,-75.65325039,45.41448852,2014-03-25,7:45,01 - Clear,01 - Dry,10 - No control,04 - At/near private drive,01 - Daylight,03 - P.D. only,99 - Other,Industrial Park
5344,HUNT CLUB RD @ RIVERSIDE DR,368038.1248,5021946.446,-75.69317194,45.33461628,2014-03-27,11:40,01 - Clear,01 - Dry,01 - Traffic signal,02 - Intersection related,01 - Daylight,03 - P.D. only,03 - Rear end,Hunt Club Woods - Quintarra - Revelstoke - Riverside South P
5345,BELFAST RD btwn TRAINYARDS DR & ST. LAURENT BLVD,372271.3191,5030710.862,-75.63797107,45.41308086,2014-03-27,12:02,01 - Clear,01 - Dry,10 - No control,04 - At/near private drive,01 - Daylight,03 - P.D. only,03 - Rear end,Industrial Park
5346,CANOTEK RD @ SHEFFORD RD,376029.1015,5035098.14,-75.58933204,45.45218258,2014-03-28,11:49,01 - Clear,02 - Wet,01 - Traffic signal,02 - Intersection related,01 - Daylight,03 - P.D. only,07 - SMV other,Greenbelt
5347,OLD CARP RD btwn MARCH RD & LADY LOCHEAD LANE,343454.4047,5022478.63,-76.00676809,45.34119002,2014-03-27,19:50,01 - Clear,02 - Wet,10 - No control,01 - Non intersection,07 - Dark,03 - P.D. only,07 - SMV other,Stittsville - Basswood
5348,RAMSAYVILLE RD @ LEITRIM RD,378727.2458,5023872.557,-75.55652344,45.35090168,2014-03-29,19:27,01 - Clear,01 - Dry,02 - Stop sign,03 - At intersection,07 - Dark,03 - P.D. only,02 - Angle,Greenbelt
5349,HUNTMAR DR btwn PALLADIUM DR & MAPLE GROVE RD,350011.0639,5016995.768,-75.92360918,45.29146184,2014-03-29,22:53,01 - Clear,01 - Dry,10 - No control,01 - Non intersection,07 - Dark,03 - P.D. only,03 - Rear end,Stittsville - Basswood
5350,ROYDON PL btwn WOODFIELD DR & WEST HUNT CLUB RD,365650.3817,5022382.475,-75.72357965,45.33875073,2014-03-20,16:15,03 - Snow,02 - Wet,10 - No control,04 - At/near private drive,01 - Daylight,03 - P.D. only,02 - Angle,Industrial Park
5351,SCOTT ST @ WESTERN AVE,364205.2148,5029270.503,-75.74118929,45.40085204,2014-03-20,17:01,01 - Clear,03 - Loose snow,02 - Stop sign,02 - Intersection related,01 - Daylight,03 - P.D. only,03 - Rear end,Tunney's Pasture
5352,BRONSON AVE btwn FINDLAY AVE & BRONSON AVE SB OFF RAMP 34,367745.4398,5028523.594,-75.69606799,45.39382222,2014-03-19,16:11,01 - Clear,01 - Dry,10 - No control,07 - Overpass or bridge,01 - Daylight,03 - P.D. only,03 - Rear end,Carleto
5353,ST. JOSEPH BLVD @ TENTH LINE RD,382890.3299,5038665.505,-75.50105685,45.48354559,2014-03-09,16:35,01 - Clear,01 - Dry,01 - Traffic signal,03 - At intersection,01 - Daylight,03 - P.D. only,02 - Angle,Industrial Park
5354,LYON ST @ WELLINGTON ST,366934.7971,5031425.218,-75.70605475,45.42000261,2014-03-13,17:30,01 - Clear,04 - Slush,01 - Traffic signal,02 - Intersection related,01 - Daylight,03 - P.D. only,03 - Rear end,Downtown
5355,ROYAL YORK ST btwn MCBEAN ST & COLONEL MURRAY ST,357402.0351,5005726.724,-75.83058038,45.18954602,2014-03-14,20:02,01 - Clear,02 - Wet,10 - No control,01 - Non intersection,07 - Dark,03 - P.D. only,06 - SMV unattended vehicle,Richmond
5356,DON REID DR btwn WALKLEY RD & ST. LAURENT BLVD,372712.6642,5027064.366,-75.632835,45.38022858,2014-03-12,12:06,01 - Clear,01 - Dry,10 - No control,01 - Non intersection,01 - Daylight,03 - P.D. only,05 - Turning movement,South Keys - Heron Gate - Greenboro West
5357,KIRKWOOD AVE @ LAROSE AVE,364649.1214,5026842.594,-75.73581403,45.37896838,2014-03-12,17:38,03 - Snow,05 - Packed snow,02 - Stop sign,02 - Intersection related,01 - Daylight,03 - P.D. only,04 - Sideswipe,Carlington
5358,CRAIG HENRY DR btwn ALDRIDGE WAY & JACK AARON DR,362182.7297,5021867.955,-75.76788107,45.33441329,2014-02-15,17:54,01 - Clear,02 - Wet,10 - No control,04 - At/near private drive,05 - Dusk,03 - P.D. only,02 - Angle,Woodvale - Craig Henry - Manordale - Estates of Arlington Wo
5359,BESSERER ST btwn WALLER ST & CUMBERLAND ST,368329.6774,5032203.352,-75.68813269,45.42687871,2014-02-19,11:00,01 - Clear,02 - Wet,10 - No control,01 - Non intersection,01 - Daylight,03 - P.D. only,04 - Sideswipe,Byward Market - Parliament Hill
5360,LILLY POND ST btwn CROWNRIDGE DR & MEADOWBREEZE DR,355802.354,5015250.916,-75.8499605,45.27536487,2014-02-28,0:00,01 - Clear,03 - Loose snow,10 - No control,01 - Non intersection,00 - Unknown,03 - P.D. only,06 - SMV unattended vehicle,Bridlewood - Emerald Meadows
5361,FALLOWFIELD RD @ GREENBANK RD,363081.1496,5016730.56,-75.75702377,45.28811309,2014-03-17,8:30,01 - Clear,01 - Dry,01 - Traffic signal,02 - Intersection related,01 - Daylight,03 - P.D. only,03 - Rear end,Barrhaven West - Old Barrhaven
5362,APPLE HILL DR btwn HANK RIVERS DR & BRIGHAM WAY,372485.2699,5024244.327,-75.63612456,45.35487695,2014-03-20,0:01,03 - Snow,05 - Packed snow,10 - No control,04 - At/near private drive,07 - Dark,03 - P.D. only,02 - Angle,Blossom Park - Blossom Park West - Sawmill Creek/ Timbermill
5363,ROGER GUINDON AVE @ SMYTH RD,371935.9738,5029226.785,-75.64245711,45.39976002,2014-03-18,8:50,01 - Clear,01 - Dry,01 - Traffic signal,03 - At intersection,01 - Daylight,03 - P.D. only,05 - Turning movement,Elmvale - Eastway - Riverview - Riverview Park West
5364,GRENFELL CRES @ SLACK RD,365828.6468,5020858.358,-75.7214932,45.32502145,2014-03-13,10:30,01 - Clear,05 - Packed snow,02 - Stop sign,02 - Intersection related,01 - Daylight,03 - P.D. only,05 - Turning movement,Merivale Gardens - Grenfell Glen - Pineglen - Country Place
5365,MONTREAL RD @ SHEFFORD RD,376125.2566,5034854.523,-75.58813817,45.44998086,2014-03-24,8:00,01 - Clear,01 - Dry,01 - Traffic signal,02 - Intersection related,01 - Daylight,03 - P.D. only,03 - Rear end,Beacon Hill South - Cardinal Heights
5366,MOODIE DR @ RICHMOND RD N,357394.1234,5019689.471,-75.82920361,45.31518635,2014-03-24,14:09,01 - Clear,01 - Dry,02 - Stop sign,03 - At intersection,01 - Daylight,03 - P.D. only,02 - Angle,Bells Corners East
5367,CONSTELLATION CRES @ BASELINE RD,362271.9662,5023596.318,-75.76654185,45.34995771,2014-03-07,15:55,01 - Clear,02 - Wet,01 - Traffic signal,02 - Intersection related,01 - Daylight,03 - P.D. only,03 - Rear end,Iris
5368,BRONSON AVE @ SUNNYSIDE AVE/UNIVERSITY RD - CA,367922.2362,5028090.599,-75.69386559,45.38991034,2014-02-27,23:12,01 - Clear,01 - Dry,01 - Traffic signal,03 - At intersection,07 - Dark,03 - P.D. only,05 - Turning movement,Carleto
5369,WOODROFFE AVE btwn CARLINGWOOD SC & CARLING AVE,361855.9799,5026015.86,-75.77157091,45.37176254,2014-03-25,12:45,01 - Clear,01 - Dry,10 - No control,01 - Non intersection,01 - Daylight,03 - P.D. only,03 - Rear end,Carlingwood - McKellar Park - Laurentien View
5370,GLADSTONE AVE btwn KENT ST & BANK ST,367830.2758,5030511.068,-75.69473056,45.41169728,2014-03-25,14:04,01 - Clear,01 - Dry,10 - No control,01 - Non intersection,01 - Daylight,03 - P.D. only,04 - Sideswipe,Centretown
5371,SMYTH RD E/LANCASTER RD @ ST. LAURENT BLVD N/R,373365.6409,5029424.164,-75.62417033,45.40139739,2014-03-27,13:02,01 - Clear,01 - Dry,01 - Traffic signal,02 - Intersection related,01 - Daylight,03 - P.D. only,03 - Rear end,Sheffield Glen
5372,MARLBOROUGH AVE @ TEMPLETON ST,369644.289,5031859.576,-75.67137983,45.42366491,2014-03-28,12:50,02 - Rain,02 - Wet,02 - Stop sign,03 - At intersection,01 - Daylight,03 - P.D. only,02 - Angle,Sandy Hill
5373,BANK ST btwn TURN LANE & SNAKE ISLAND RD,383662.5466,5010216.22,-75.49571831,45.2274928,2014-03-28,2:00,03 - Snow,02 - Wet,10 - No control,01 - Non intersection,07 - Dark,03 - P.D. only,07 - SMV other,Metcalfe
5374,LAURIER AVE @ RANGE RD,369389.4186,5032432.15,-75.67456129,45.42884029,2014-01-25,19:00,01 - Clear,06 - Ice,02 - Stop sign,02 - Intersection related,07 - Dark,03 - P.D. only,05 - Turning movement,Sandy Hill
5375,HUNT CLUB RD @ CANADAIR PRIV,368661.8177,5022312.668,-75.68516805,45.33785498,2014-03-20,18:20,03 - Snow,02 - Wet,01 - Traffic signal,02 - Intersection related,07 - Dark,03 - P.D. only,03 - Rear end,Hunt Club - Ottawa Airport
5376,STRANDHERD DR btwn MCGARRY TER & LONGFIELDS DR,364528.9053,5015166.69,-75.7387574,45.27391987,2014-03-20,18:50,02 - Rain,02 - Wet,10 - No control,01 - Non intersection,07 - Dark,03 - P.D. only,07 - SMV other,New Barrhaven
5377,SAI CRES btwn BLOHM DR & BLOHM DR,374712.054,5026707.435,-75.60735874,45.37682042,2014-03-12,0:00,03 - Snow,03 - Loose snow,10 - No control,01 - Non intersection,00 - Unknown,03 - P.D. only,06 - SMV unattended vehicle,Industrial Park
5378,BOOTH ST @ OTTAWA RIVER PKWY/WELLINGTON ST,366262.8923,5031006.377,-75.71469163,45.41629335,2014-03-20,8:19,02 - Rain,02 - Wet,01 - Traffic signal,02 - Intersection related,01 - Daylight,03 - P.D. only,03 - Rear end,LeBreton Flats
5379,REDDING WAY btwn THORNBURY CRES & THORNBURY CRES,362168.3687,5023230.296,-75.76790631,45.34667275,2014-03-20,0:00,01 - Clear,04 - Slush,10 - No control,01 - Non intersection,00 - Unknown,03 - P.D. only,06 - SMV unattended vehicle,Centrepointe
5380,TARTAN DR btwn RUETER ST & HALLEY ST,362792.5703,5014352.007,-75.76098019,45.26673466,2014-03-12,16:05,03 - Snow,03 - Loose snow,10 - No control,01 - Non intersection,01 - Daylight,03 - P.D. only,03 - Rear end,Barrhaven West - Old Barrhaven
5381,NEPEAN ST @ O'CONNOR ST,367723.0796,5031226.585,-75.6960086,45.41814492,2014-03-12,18:05,03 - Snow,03 - Loose snow,02 - Stop sign,02 - Intersection related,05 - Dusk,03 - P.D. only,03 - Rear end,Centretown
5382,BELL ST    N btwn SOMERSET ST W & ECCLES ST,366814.6688,5030271.612,-75.70773473,45.40963346,2014-03-15,3:09,01 - Clear,02 - Wet,10 - No control,01 - Non intersection,07 - Dark,03 - P.D. only,07 - SMV other,Chinatown
5383,PRINCE OF WALES DR @ WEST HUNT CLUB RD,367459.1842,5021890.555,-75.70056474,45.33416532,2014-03-15,10:48,01 - Clear,02 - Wet,01 - Traffic signal,02 - Intersection related,01 - Daylight,03 - P.D. only,03 - Rear end,Industrial Park
5384,HWY 417 VANIER IC117R63 @ VANIER PKWY,370799.6523,5031398.612,-75.65667923,45.4194093,2014-03-14,10:30,01 - Clear,02 - Wet,01 - Traffic signal,03 - At intersection,01 - Daylight,03 - P.D. only,05 - Turning movement,Overbrook
5385,CONROY RD @ ROSEBELLA AVE,374289.2543,5024191.266,-75.61311028,45.35422308,2014-03-14,16:30,01 - Clear,01 - Dry,02 - Stop sign,03 - At intersection,01 - Daylight,03 - P.D. only,02 - Angle,Blossom Park - Blossom Park West - Sawmill Creek/ Timbermill
5386,MAIN ST btwn OBLATE AVE & HAZEL ST,369112.2912,5030303.008,-75.67838046,45.40970859,2014-02-20,9:32,01 - Clear,02 - Wet,10 - No control,01 - Non intersection,01 - Daylight,03 - P.D. only,06 - SMV unattended vehicle,Old Ottawa East
5387,MARITIME WAY btwn CANADIAN SHIELD AVE & GREAT LAKES AVE,351863.7153,5019596.708,-75.89974428,45.31474412,2014-01-25,12:56,05 - Drifting Snow,06 - Ice,10 - No control,01 - Non intersection,01 - Daylight,03 - P.D. only,07 - SMV other,Kanata
5388,CENTENNIAL BLVD @ MAIN ST,369479.8903,5029417.271,-75.67380089,45.40170516,2014-03-21,15:20,01 - Clear,01 - Dry,02 - Stop sign,03 - At intersection,01 - Daylight,03 - P.D. only,03 - Rear end,Old Ottawa East
5389,ANDERSON RD @ INNES RD,376278.3714,5031841.564,-75.58661839,45.42285645,2014-03-21,15:05,01 - Clear,02 - Wet,01 - Traffic signal,02 - Intersection related,01 - Daylight,03 - P.D. only,03 - Rear end,Greenbelt
5390,GLOUCESTER ST btwn LYON ST N & KENT ST,367239.7218,5031031.905,-75.7022087,45.41643655,2014-03-20,12:47,01 - Clear,02 - Wet,10 - No control,04 - At/near private drive,01 - Daylight,03 - P.D. only,06 - SMV unattended vehicle,Downtown
5391,REGIONAL ROAD 174 EB btwn OR174 IC109 RAMP55 & TRANSIT,376533.5301,5035126.485,-75.58287958,45.45238601,2014-03-22,9:56,03 - Snow,03 - Loose snow,10 - No control,01 - Non intersection,01 - Daylight,03 - P.D. only,07 - SMV other,Greenbelt
5392,COLONIAL RD btwn FRANK KENNY RD & ROCKDALE RD,390249.6257,5032065.513,-75.40807875,45.42330431,2014-03-24,5:45,01 - Clear,01 - Dry,10 - No control,01 - Non intersection,03 - Dawn,03 - P.D. only,07 - SMV other,Navan - Vars
5393,ST. LAURENT BLVD @ COVENTRY RD/OGILVIE RD,372305.2456,5031952.522,-75.63736755,45.42424948,2014-03-24,14:54,01 - Clear,01 - Dry,01 - Traffic signal,02 - Intersection related,01 - Daylight,03 - P.D. only,03 - Rear end,Overbrook
5394,WOODRIDGE CRES btwn 220 W OF BAYSHORE DR/BAYSHORE SC & BAYSHORE DR,359142.6267,5023439.565,-75.80649273,45.34879671,2014-03-06,10:30,01 - Clear,01 - Dry,10 - No control,04 - At/near private drive,01 - Daylight,03 - P.D. only,05 - Turning movement,Bayshore
5395,INDUSTRIAL AVE @ RIVERSIDE DR,370684.2447,5030590.658,-75.65826173,45.41215053,2014-03-03,14:30,01 - Clear,01 - Dry,01 - Traffic signal,02 - Intersection related,01 - Daylight,03 - P.D. only,03 - Rear end,Industrial Park
5396,VANIER PKWY NB btwn MCARTHUR AVE & VANIER PKWY,370239.0842,5032593.903,-75.66368241,45.4302167,2014-03-25,14:42,01 - Clear,01 - Dry,10 - No control,01 - Non intersection,01 - Daylight,03 - P.D. only,04 - Sideswipe,Vanier South