Record,Location,X,Y,lon,lat,Date,Time,Environment,Road_Surface,Traffic_Control,Collision_Location,Light,Collision_Classification,Impact_type,Neighborhood
5397,BLAIR RD @ MEADOWBROOK RD,375194.2606,5032310.621,-75.60040287,45.42718669,2014-03-27,13:23,03 - Snow,02 - Wet,01 - Traffic signal,02 - Intersection related,01 - Daylight,03 - P.D. only,03 - Rear end,Greenbelt
5398,BERKELEY AVE @ RICHMOND RD,362910.2122,5028062.706,-75.75787182,45.39009316,2014-03-27,14:21,01 - Clear,02 - Wet,02 - Stop sign,03 - At intersection,01 - Daylight,03 - P.D. only,02 - Angle,Carlingwood - McKellar Park - Laurentien View
5399,WEST HUNT CLUB RD @ ROYDON PL/SUNDERLAND ST,365975.1294,5022169.49,-75.71946274,45.33680609,2014-03-28,14:15,02 - Rain,02 - Wet,01 - Traffic signal,02 - Intersection related,01 - Daylight,03 - P.D. only,03 - Rear end,Industrial Park
5400,WOODROFFE AVE btwn EARL MULLIGAN DR & LONGFIELDS DR,365393.2078,5017169.504,-75.72749835,45.29186716,2014-03-28,16:48,02 - Rain,02 - Wet,10 - No control,04 - At/near private drive,01 - Daylight,03 - P.D. only,05 - Turning movement,Greenbelt
5401,LEBRETON ST    S btwn PLYMOUTH ST & DANIEL MCCANN ST,367029.5295,5029517.361,-75.70508525,45.40282785,2014-02-18,14:00,01 - Clear,03 - Loose snow,10 - No control,01 - Non intersection,01 - Daylight,03 - P.D. only,06 - SMV unattended vehicle,The Glebe Annex
5402,VISENEAU DR btwn BARRINGTON ST & BROMONT WAY,381582.0309,5035535.442,-75.51827937,45.45552904,2014-02-21,2:00,03 - Snow,04 - Slush,10 - No control,01 - Non intersection,07 - Dark,03 - P.D. only,06 - SMV unattended vehicle,Orleans Village - Chateauneuf
5403,ALBION RD @ BANK ST,371946.254,5024129.499,-75.64301891,45.35389559,2014-01-23,1:27,01 - Clear,01 - Dry,01 - Traffic signal,02 - Intersection related,07 - Dark,03 - P.D. only,99 - Other,Emerald Woods - Sawmill Creek
5404,SHELDRAKE DR btwn MORTON DR & BINSCARTH CRES,353185.1719,5016860.447,-75.88315831,45.29003281,2014-02-04,9:16,01 - Clear,02 - Wet,10 - No control,01 - Non intersection,01 - Daylight,03 - P.D. only,06 - SMV unattended vehicle,Glen Cairn - Kanata South Business Park
5405,ST. LAURENT BLVD btwn DUNBARTON CRT & MONTREAL RD,371541.4375,5033833.708,-75.64687197,45.44124882,2014-03-20,10:20,02 - Rain,04 - Slush,10 - No control,01 - Non intersection,01 - Daylight,03 - P.D. only,04 - Sideswipe,Rockcliffe - Manor Park
5406,CARLING AVE btwn BAYFIELD AVE & BURKE RD,352751.6346,5022624.133,-75.88812707,45.3419254,2014-03-20,17:50,03 - Snow,02 - Wet,10 - No control,01 - Non intersection,01 - Daylight,03 - P.D. only,03 - Rear end,Greenbelt
5407,HERZBERG RD @ CARLING AVE,352038.0939,5022301.441,-75.8972623,45.33907016,2014-03-12,22:50,03 - Snow,06 - Ice,01 - Traffic signal,03 - At intersection,07 - Dark,03 - P.D. only,07 - SMV other,Kanata Lakes - Marchwood Lakeside - Morgan's Grant - Kanata
5408,BASIN CRT @ BELLMAN DR,360990.0434,5020879.892,-75.78320893,45.32561922,2014-03-13,6:13,01 - Clear,05 - Packed snow,10 - No control,03 - At intersection,03 - Dawn,03 - P.D. only,02 - Angle,Sheahan Estates - Trend Village - Arlington Woods
5409,ST. JOSEPH BLVD btwn MARENGER ST & JEANNE D'ARC BLVD S,379839.5052,5036459.596,-75.54041475,45.46403317,2014-03-15,13:00,01 - Clear,01 - Dry,10 - No control,04 - At/near private drive,01 - Daylight,03 - P.D. only,02 - Angle,Greenbelt
5410,VANIER PKWY SB btwn QUEEN MARY ST & PRESLAND RD,370349.9664,5031940.523,-75.66235244,45.42432747,2014-03-15,14:40,01 - Clear,01 - Dry,10 - No control,01 - Non intersection,01 - Daylight,03 - P.D. only,03 - Rear end,Overbrook
5411,ROGER STEVENS DR btwn HWY416 IC49 RAMP43 & HWY416 IC49 RAMP42,369155.9562,5000951.137,-75.68162812,45.14560045,2014-03-17,0:00,01 - Clear,01 - Dry,10 - No control,01 - Non intersection,00 - Unknown,03 - P.D. only,07 - SMV other,Kars - Osgoode
5412,NOTRE DAME ST @ ORLEANS BLVD,380689.7398,5036867.847,-75.5294807,45.46761443,2014-03-17,9:20,01 - Clear,01 - Dry,02 - Stop sign,02 - Intersection related,01 - Daylight,03 - P.D. only,03 - Rear end,Orleans Village - Chateauneuf
5413,KING EDWARD AVE @ ST. PATRICK ST,368248.2274,5032823.589,-75.68909355,45.43246678,2014-02-20,9:44,01 - Clear,01 - Dry,01 - Traffic signal,02 - Intersection related,01 - Daylight,03 - P.D. only,03 - Rear end,Byward Market
5414,NORICE ST @ WOODROFFE AVE,363195.1579,5022396.544,-75.75490269,45.33908598,2014-02-20,10:07,01 - Clear,02 - Wet,01 - Traffic signal,02 - Intersection related,01 - Daylight,03 - P.D. only,03 - Rear end,Tanglewood
5415,MARCH RD btwn CORKERY RD & GREY FOX DR,336120.1072,5016281.513,-76.10074326,45.28579099,2014-03-18,5:50,01 - Clear,01 - Dry,10 - No control,01 - Non intersection,07 - Dark,03 - P.D. only,07 - SMV other,Carp - Hardwood Plains
5416,DES PERDRIX CRES btwn SUNVIEW DR & SUNVIEW DR,382125.9034,5036194.724,-75.51122288,45.46140073,2014-03-18,7:56,01 - Clear,01 - Dry,10 - No control,04 - At/near private drive,01 - Daylight,03 - P.D. only,02 - Angle,Queenswood Heights
5417,MAPLE GROVE RD @ GESNER CRT/JARLAN TER,351607.0862,5017910.563,-75.90317642,45.29958892,2014-03-21,16:22,01 - Clear,01 - Dry,02 - Stop sign,03 - At intersection,01 - Daylight,03 - P.D. only,05 - Turning movement,Katimavik - Hazeldean
5418,CARP RD @ STITTSVILLE MAIN ST,349524.3122,5014331.151,-75.93005452,45.26751586,2014-03-21,14:15,01 - Clear,01 - Dry,01 - Traffic signal,02 - Intersection related,01 - Daylight,03 - P.D. only,04 - Sideswipe,Stittsville
5419,BANKFIELD RD btwn KILREEN LANE & PRINCE OF WALES DR,365724.5176,5008597.675,-75.7243256,45.21470921,2014-03-22,10:30,03 - Snow,03 - Loose snow,10 - No control,01 - Non intersection,01 - Daylight,03 - P.D. only,01 - Approaching,Manotick
5420,BANK ST @ SUNNYSIDE AVE,368736.1305,5028580.601,-75.6834089,45.39424539,2014-03-22,11:10,03 - Snow,03 - Loose snow,01 - Traffic signal,03 - At intersection,01 - Daylight,03 - P.D. only,03 - Rear end,Old Ottawa South
5421,FIFTH LINE RD btwn GREENLAND RD & BERRY SIDE RD,345523.6026,5031994.203,-75.97958107,45.42669644,2014-03-23,19:30,00 - Unknown,00 - Unknown,10 - No control,01 - Non intersection,07 - Dark,03 - P.D. only,07 - SMV other,Carp - Hardwood Plains
5422,RICHMOND RD btwn WOODROFFE AVE & LOCKHART AVE,361600.3262,5026677.272,-75.77475849,45.37773463,2014-03-24,15:30,01 - Clear,01 - Dry,10 - No control,04 - At/near private drive,01 - Daylight,03 - P.D. only,02 - Angle,Carlingwood - McKellar Park - Laurentien View
5423,COBOURG ST @ RIDEAU ST,369128.2323,5032787.575,-75.67785242,45.43206234,2014-03-10,9:30,01 - Clear,01 - Dry,01 - Traffic signal,02 - Intersection related,01 - Daylight,03 - P.D. only,03 - Rear end,Lower Town
5424,CEDARVIEW RD @ WEST HUNT CLUB RD,359719.1513,5019553.53,-75.79956697,45.31378515,2014-03-10,11:22,01 - Clear,02 - Wet,01 - Traffic signal,03 - At intersection,01 - Daylight,03 - P.D. only,07 - SMV other,Greenbelt
5425,HAMPSTEAD PL @ WALKLEY RD,370682.2403,5026148.587,-75.65888045,45.37218259,2014-03-03,17:04,01 - Clear,01 - Dry,01 - Traffic signal,03 - At intersection,01 - Daylight,03 - P.D. only,05 - Turning movement,Ledbury - Heron Gate - Ridgemont - Elmwood
5426,KINCARDINE DR btwn TO BE DETERMINED & NAIRN ST,352099.983,5016910.577,-75.89698736,45.29055777,2014-03-03,18:01,01 - Clear,05 - Packed snow,10 - No control,04 - At/near private drive,05 - Dusk,03 - P.D. only,06 - SMV unattended vehicle,Glen Cairn - Kanata South Business Park
5427,BANK ST btwn RIVERDALE AVE & RIVERSIDE DR,369167.6526,5028034.087,-75.67796937,45.3892885,2014-03-25,18:30,01 - Clear,01 - Dry,10 - No control,01 - Non intersection,05 - Dusk,03 - P.D. only,04 - Sideswipe,Alt
5428,CLEMENTINE BLVD @ HERON RD,369547.2469,5026784.64,-75.67328601,45.37801139,2014-03-28,16:48,02 - Rain,02 - Wet,01 - Traffic signal,03 - At intersection,01 - Daylight,03 - P.D. only,05 - Turning movement,Alta Vista
5429,AVIATION PKWY @ OGILVIE RD,373110.2403,5032377.533,-75.62702298,45.42799537,2014-03-27,18:00,01 - Clear,01 - Dry,01 - Traffic signal,02 - Intersection related,05 - Dusk,03 - P.D. only,03 - Rear end,Industrial Park
5430,CARP RD @ HAZELDEAN RD,348803.1541,5014358.54,-75.93924175,45.26780781,2014-02-27,17:58,03 - Snow,03 - Loose snow,01 - Traffic signal,03 - At intersection,07 - Dark,03 - P.D. only,05 - Turning movement,Stittsville
5431,CRAIG HENRY DR btwn BERTONA ST & SOVEREIGN AVE,362608.6495,5021852.281,-75.76244924,45.3342373,2014-02-04,12:33,01 - Clear,05 - Packed snow,10 - No control,01 - Non intersection,01 - Daylight,03 - P.D. only,07 - SMV other,Woodvale - Craig Henry - Manordale - Estates of Arlington Wo
5432,CARLING AVE btwn RIFLE RD & DAVIDSON'S SIDE RD,354189.3879,5023486.577,-75.86969601,45.34958603,2014-03-21,6:45,01 - Clear,01 - Dry,10 - No control,01 - Non intersection,03 - Dawn,03 - P.D. only,07 - SMV other,Greenbelt
5433,FALLOWFIELD RD btwn GREENBANK RD & WOLFGANG DR,363163.7752,5016805.708,-75.75596169,45.28878242,2014-03-13,6:35,03 - Snow,03 - Loose snow,10 - No control,01 - Non intersection,01 - Daylight,03 - P.D. only,04 - Sideswipe,Greenbelt
5434,BANK ST @ HUNT CLUB RD,371608.7365,5024097.741,-75.64733042,45.35364208,2014-03-12,16:40,03 - Snow,03 - Loose snow,01 - Traffic signal,02 - Intersection related,01 - Daylight,03 - P.D. only,03 - Rear end,South Keys - Heron Gate - Greenboro West
5435,BRUYERE ST btwn SUSSEX DR & PARENT AVE,367661.6338,5032750.313,-75.69659918,45.43186044,2014-03-12,16:07,03 - Snow,03 - Loose snow,10 - No control,01 - Non intersection,01 - Daylight,03 - P.D. only,06 - SMV unattended vehicle,Lower Town
5436,FALLOWFIELD RD @ GREENBANK RD,363080.2018,5016731.507,-75.75703574,45.28812169,2014-03-17,11:18,01 - Clear,01 - Dry,01 - Traffic signal,02 - Intersection related,01 - Daylight,03 - P.D. only,03 - Rear end,Greenbelt
5437,THURSTON DR btwn CONROY RD & THOMAS SPRATT PL,373672.748,5027051.023,-75.62057916,45.3800148,2014-03-17,9:05,01 - Clear,01 - Dry,10 - No control,04 - At/near private drive,01 - Daylight,03 - P.D. only,02 - Angle,Industrial Park
5438,HWY 417 INNES IC112R58 @ INNES RD,374224.7807,5030712.447,-75.61301594,45.41290405,2014-02-24,13:50,01 - Clear,01 - Dry,03 - Yield sign,02 - Intersection related,01 - Daylight,03 - P.D. only,03 - Rear end,Industrial Park
5439,SLATER ST btwn BANK ST & O'CONNOR ST,367447.4754,5031369.973,-75.69951152,45.41945981,2014-03-18,8:11,01 - Clear,01 - Dry,10 - No control,01 - Non intersection,01 - Daylight,03 - P.D. only,99 - Other,Downtown
5440,GRAFTON CRES btwn EASTVALE DR & EASTVALE DR,375592.9455,5035415.84,-75.59486188,45.45508536,2014-03-18,9:00,01 - Clear,01 - Dry,10 - No control,04 - At/near private drive,01 - Daylight,03 - P.D. only,06 - SMV unattended vehicle,Beacon Hill North
5441,IONA ST btwn MAYFAIR AVE & CLARENDON AVE,364534.9231,5028471.48,-75.7370749,45.39363454,2014-03-21,15:40,01 - Clear,01 - Dry,10 - No control,04 - At/near private drive,01 - Daylight,03 - P.D. only,06 - SMV unattended vehicle,Island Park
5442,YORK ST EB btwn BY WARD MARKET SQ & SUSSEX DR,367882.9749,5032287.314,-75.69382993,45.42767461,2014-03-21,17:08,01 - Clear,01 - Dry,10 - No control,01 - Non intersection,01 - Daylight,03 - P.D. only,02 - Angle,Byward Market
5443,CEDARVIEW RD btwn CAMBRIAN RD & STRANDHERD DR,362483.6336,5012752.545,-75.76510244,45.25236798,2014-03-22,11:54,03 - Snow,03 - Loose snow,10 - No control,01 - Non intersection,01 - Daylight,03 - P.D. only,07 - SMV other,Munster Hamlet - Richmond
5444,GREENBANK RD btwn WEST HUNT CLUB RD & FALLOWFIELD RD,362286.02,5018497.922,-75.76695448,45.30408134,2014-03-22,12:13,03 - Snow,02 - Wet,10 - No control,01 - Non intersection,01 - Daylight,03 - P.D. only,03 - Rear end,Greenbelt
5445,GLAMORGAN DR btwn CASTLEFRANK RD & UXBRIDGE CRES,353333.8713,5016247.457,-75.88132268,45.28450672,2014-03-22,9:20,03 - Snow,03 - Loose snow,10 - No control,01 - Non intersection,01 - Daylight,03 - P.D. only,01 - Approaching,Glen Cairn - Kanata South Business Park
5446,WEST HUNT CLUB RD WB btwn MERIVALE RD & ROYDON PL,365956.1721,5022159.064,-75.71970589,45.33671393,2014-03-24,16:17,01 - Clear,01 - Dry,10 - No control,01 - Non intersection,01 - Daylight,03 - P.D. only,03 - Rear end,Industrial Park
5447,BELFAST RD @ TRIOLE ST,372981.9417,5030625.206,-75.62890489,45.41224129,2014-03-10,12:25,01 - Clear,02 - Wet,02 - Stop sign,02 - Intersection related,01 - Daylight,03 - P.D. only,05 - Turning movement,Industrial Park
5448,HUNT CLUB RD @ RIVERSIDE DR,368039.0727,5021944.551,-75.69316009,45.33459914,2014-03-10,18:15,01 - Clear,02 - Wet,01 - Traffic signal,02 - Intersection related,05 - Dusk,03 - P.D. only,03 - Rear end,Hunt Club Woods - Quintarra - Revelstoke - Riverside South P
5449,BANK ST @ HUNT CLUB RD,371607.3147,5024097.454,-75.64734861,45.35363963,2014-03-03,20:26,01 - Clear,01 - Dry,01 - Traffic signal,02 - Intersection related,07 - Dark,03 - P.D. only,03 - Rear end,South Keys - Heron Gate - Greenboro West
5450,KELLY AVE @ PINECREST RD,360276.2607,5023953.512,-75.79196901,45.35333244,2014-03-04,8:32,01 - Clear,01 - Dry,02 - Stop sign,02 - Intersection related,01 - Daylight,03 - P.D. only,03 - Rear end,Whitehaven - Queensway Terrace North
5451,ATTWOOD CRES btwn DEER PARK RD & DEER PARK RD,366182.6885,5025320.934,-75.71642353,45.36514411,2014-03-25,23:00,01 - Clear,01 - Dry,10 - No control,01 - Non intersection,07 - Dark,03 - P.D. only,06 - SMV unattended vehicle,Cityview - Skyline - Fisher Heights
5452,BAYVIEW RD @ SCOTT ST/ALBERT ST,365519.5109,5030072.512,-75.72430394,45.40795557,2014-03-27,17:00,01 - Clear,01 - Dry,01 - Traffic signal,02 - Intersection related,01 - Daylight,03 - P.D. only,03 - Rear end,Mechanicsville
5453,BOWHILL AVE btwn OVERLAKE DR & HILLHURST PL,365503.8549,5023736.919,-75.72528286,45.35095052,2014-03-27,19:44,01 - Clear,01 - Dry,10 - No control,04 - At/near private drive,07 - Dark,03 - P.D. only,02 - Angle,Borden Farm - Stewart Farm - Parkwood Hills - Fisher Glen
5454,RICHARDSON SIDE RD btwn DAVID MANCHESTER RD & WILLIAM MOONEY RD,344308.0531,5015395.081,-75.99644065,45.27740194,2014-03-27,7:45,01 - Clear,01 - Dry,10 - No control,07 - Overpass or bridge,01 - Daylight,03 - P.D. only,07 - SMV other,Stittsville - Basswood
5455,BATHGATE DR @ LEIGH CRES N,373773.7404,5033070.056,-75.61844772,45.43416121,2014-03-28,17:05,02 - Rain,04 - Slush,02 - Stop sign,02 - Intersection related,01 - Daylight,03 - P.D. only,03 - Rear end,Carson Grove - Carson Meadows
5456,DONNELLY DR btwn JOE DREW LANE & WEEDMARK RD,362544.6642,4984641.467,-75.76756927,44.99941142,2014-03-07,15:04,01 - Clear,01 - Dry,10 - No control,01 - Non intersection,01 - Daylight,03 - P.D. only,05 - Turning movement,Munster Hamlet - Richmond
5457,FLOWER AVE @ WOODROFFE AVE,361813.1019,5026115.531,-75.77210679,45.37266286,2014-02-08,12:49,01 - Clear,01 - Dry,02 - Stop sign,03 - At intersection,01 - Daylight,03 - P.D. only,07 - SMV other,Carlingwood - McKellar Park - Laurentien View
5458,BRONSON AVE @ SOMERSET ST,366967.2222,5030477.52,-75.70576002,45.41147262,2014-02-13,14:00,01 - Clear,01 - Dry,01 - Traffic signal,02 - Intersection related,01 - Daylight,03 - P.D. only,04 - Sideswipe,Centretown West
5459,ST. JOSEPH BLVD @ JEANNE D'ARC BLVD,379860.2686,5036471.581,-75.54014744,45.46413877,2014-03-21,7:47,01 - Clear,02 - Wet,11 - Roundabout,03 - At intersection,01 - Daylight,03 - P.D. only,04 - Sideswipe,Chapel Hill
5460,VISENEAU DR @ D'AMOUR CRES/MARKWELL CRES N,381729.3803,5035396.619,-75.51641738,45.45426381,2014-03-13,16:08,01 - Clear,01 - Dry,02 - Stop sign,03 - At intersection,01 - Daylight,03 - P.D. only,05 - Turning movement,Orleans Village - Chateauneuf
5461,BOOTH ST @ TRANSITWAY,366371.7011,5030745.807,-75.71333407,45.41393924,2014-03-12,15:45,03 - Snow,03 - Loose snow,01 - Traffic signal,02 - Intersection related,01 - Daylight,03 - P.D. only,03 - Rear end,LeBreton Flats
5462,HWY 417 MARCH IC155R61 @ MARCH RD,339743.861,5019499.33,-76.05432357,45.31457563,2014-03-15,18:27,01 - Clear,01 - Dry,02 - Stop sign,03 - At intersection,05 - Dusk,03 - P.D. only,07 - SMV other,Carp - Hardwood Plains
5463,BLAIR RD btwn MEADOWBROOK RD & LAURA PRIV,375216.0615,5032285.029,-75.60012796,45.42695424,2014-03-15,20:10,01 - Clear,01 - Dry,10 - No control,01 - Non intersection,07 - Dark,03 - P.D. only,07 - SMV other,Greenbelt
5464,HWY 417 ST.LAURE IC115R51 @ ST. LAURENT BLVD,372530.6746,5031410.516,-75.6345617,45.41935097,2014-03-17,13:30,01 - Clear,01 - Dry,01 - Traffic signal,02 - Intersection related,01 - Daylight,03 - P.D. only,03 - Rear end,Industrial Park
5465,ST. PATRICK ST WB btwn ISLAND LODGE RD & CRICHTON ST,369113.3506,5033473.669,-75.67795297,45.43823692,2014-03-17,15:21,01 - Clear,01 - Dry,10 - No control,01 - Non intersection,01 - Daylight,03 - P.D. only,04 - Sideswipe,New Edinburgh
5466,ROCKFIELD CRES @ SEYMOUR AVE,365884.0674,5024070.514,-75.72038974,45.35391914,2014-02-28,23:51,01 - Clear,05 - Packed snow,03 - Yield sign,03 - At intersection,07 - Dark,03 - P.D. only,02 - Angle,Borden Farm - Stewart Farm - Parkwood Hills - Fisher Glen
5467,COOPER ST btwn METCALFE ST & ELGIN ST,368099.9421,5031260.182,-75.69118945,45.41841322,2014-02-28,19:00,01 - Clear,01 - Dry,10 - No control,01 - Non intersection,07 - Dark,03 - P.D. only,06 - SMV unattended vehicle,Centretown
5468,DRUMMOND ST @ HERRIDGE ST,369074.62,5029987.216,-75.67890285,45.40687066,2014-03-22,5:54,01 - Clear,01 - Dry,02 - Stop sign,02 - Intersection related,07 - Dark,03 - P.D. only,99 - Other,Old Ottawa East
5469,KING EDWARD AVE btwn RAMP & BOLTON ST,368020.1758,5033211.381,-75.6919581,45.43597665,2014-03-22,9:02,03 - Snow,03 - Loose snow,10 - No control,01 - Non intersection,01 - Daylight,03 - P.D. only,07 - SMV other,Lower Town
5470,COVENTRY RD @ VANIER PKWY,370676.5034,5031613.599,-75.65822387,45.42135527,2014-03-21,13:25,01 - Clear,01 - Dry,01 - Traffic signal,03 - At intersection,01 - Daylight,03 - P.D. only,05 - Turning movement,Overbrook
5471,MERIVALE RD/LOTTA AVE @ CLYDE AVE,364520.2765,5024506.578,-75.73774143,45.35796026,2014-03-22,12:32,03 - Snow,03 - Loose snow,01 - Traffic signal,03 - At intersection,01 - Daylight,03 - P.D. only,05 - Turning movement,Cityview - Skyline - Fisher Heights
5472,REGIONAL ROAD 174 btwn QUIGLEY HILL RD & REGIONAL ROAD 174 DIVIDED,385821.3159,5041715.643,-75.46306571,45.51065355,2014-03-24,17:17,01 - Clear,01 - Dry,10 - No control,04 - At/near private drive,01 - Daylight,03 - P.D. only,05 - Turning movement,Cumberland - Estates
5473,FALLOWFIELD RD btwn EAGLESON RD & RICHMOND RD,357636.8015,5013482.023,-75.82676973,45.25931259,2014-03-24,19:32,01 - Clear,01 - Dry,10 - No control,01 - Non intersection,07 - Dark,03 - P.D. only,03 - Rear end,Munster Hamlet - Richmond
5474,CHAPEL ST @ RIDEAU ST,368890.9865,5032643.271,-75.68090301,45.43078573,2014-03-12,16:50,03 - Snow,03 - Loose snow,01 - Traffic signal,03 - At intersection,01 - Daylight,03 - P.D. only,05 - Turning movement,Lowe
5475,ALBERT ST btwn BANK ST & O'CONNOR ST,367507.8968,5031497.824,-75.69872328,45.42060476,2014-03-04,9:06,01 - Clear,03 - Loose snow,10 - No control,01 - Non intersection,01 - Daylight,03 - P.D. only,03 - Rear end,Downtown
5476,CARLING AVE @ PINECREST  RD/GREENVIEW AVE,360008.6373,5024635.032,-75.79530825,45.35948586,2014-03-04,9:48,01 - Clear,01 - Dry,01 - Traffic signal,02 - Intersection related,01 - Daylight,03 - P.D. only,03 - Rear end,Whitehaven - Queensway Terrace North
5477,KING EDWARD AVE SB btwn SUSSEX DR & __3ZA3LO,367694.1981,5033471.436,-75.69609091,45.43834593,2014-03-26,7:45,01 - Clear,01 - Dry,10 - No control,01 - Non intersection,01 - Daylight,03 - P.D. only,04 - Sideswipe,Byward Market - Parliament Hill
5478,STITTSVILLE MAIN ST @ HAZELDEAN RD,349557.9242,5014878.717,-75.92957685,45.27244091,2014-03-26,7:30,01 - Clear,01 - Dry,01 - Traffic signal,02 - Intersection related,01 - Daylight,03 - P.D. only,03 - Rear end,Stittsville
5479,CARP RD @ RICHARDSON SIDE RD,346209.0818,5017159.509,-75.97206439,45.29316956,2014-03-27,21:30,01 - Clear,01 - Dry,01 - Traffic signal,03 - At intersection,07 - Dark,03 - P.D. only,02 - Angle,Stittsville - Basswood
5480,RIVERSIDE DR NB btwn INDUSTRIAL AVE & TREMBLAY RD,370706.9935,5030653.217,-75.65796276,45.41271127,2014-03-17,15:48,01 - Clear,01 - Dry,10 - No control,01 - Non intersection,01 - Daylight,03 - P.D. only,04 - Sideswipe,Industrial Park
5481,MONTREAL RD @ VANIER PKWY,370072.2359,5033066.54,-75.66575187,45.43448488,2014-03-28,15:20,01 - Clear,01 - Dry,01 - Traffic signal,02 - Intersection related,01 - Daylight,03 - P.D. only,03 - Rear end,Vanier
5482,CHARLOTTE ST @ RIDEAU ST,369250.1829,5032859.592,-75.67628456,45.4326991,2014-03-28,16:30,02 - Rain,02 - Wet,01 - Traffic signal,03 - At intersection,01 - Daylight,03 - P.D. only,02 - Angle,Lower Town
5483,DOHENY ST btwn CAMPBELL AVE & CLYDE AVE,363516.8357,5026671.513,-75.75029075,45.37752482,2014-03-07,15:30,01 - Clear,01 - Dry,10 - No control,01 - Non intersection,01 - Daylight,03 - P.D. only,04 - Sideswipe,Carlingwood West - Glabar Park - McKellar Heights
5484,BANK ST @ CHAMBERLAIN AVE N/ISABELLA ST,368083.186,5030165.614,-75.69154407,45.40856617,2014-03-13,1:00,03 - Snow,03 - Loose snow,01 - Traffic signal,03 - At intersection,07 - Dark,03 - P.D. only,02 - Angle,The Glebe
5485,BASELINE RD @ WOODROFFE AVE,362549.2163,5023769.557,-75.76298364,45.35149372,2014-02-10,21:00,01 - Clear,01 - Dry,01 - Traffic signal,02 - Intersection related,07 - Dark,03 - P.D. only,04 - Sideswipe,Iris
5486,CARLING AVE @ MELROSE AVE,365972.1271,5028393.447,-75.71873053,45.39280834,2014-02-18,14:15,01 - Clear,04 - Slush,02 - Stop sign,03 - At intersection,01 - Daylight,03 - P.D. only,02 - Angle,Civic Hospital - Experimental Farm - Central Park
5487,RUMFORD DR @ VARENNES BLVD,385102.0981,5037887.138,-75.47289536,45.47629169,2014-03-21,8:15,01 - Clear,06 - Ice,02 - Stop sign,02 - Intersection related,01 - Daylight,03 - P.D. only,07 - SMV other,Cardinal Creek
5488,TERRY FOX DR S @ DIDSBURY RD/CENTRUM KANATA SC,350624.3838,5018914.945,-75.91561306,45.30869141,2014-03-21,18:49,01 - Clear,01 - Dry,01 - Traffic signal,02 - Intersection related,07 - Dark,03 - P.D. only,04 - Sideswipe,Kanata
5489,BASELINE RD btwn COLLEGE SQUARE SC & WOODROFFE AVE,362642.1073,5023825.481,-75.76179169,45.35198927,2014-03-13,16:20,01 - Clear,04 - Slush,10 - No control,01 - Non intersection,01 - Daylight,03 - P.D. only,03 - Rear end,Braemar Park - Bel Air Heights - Copeland Park
5490,INDUSTRIAL AVE btwn TRAINYARDS DR & RUSSELL RD,372069.982,5030440.762,-75.64057996,45.41067,2014-03-13,17:30,01 - Clear,01 - Dry,10 - No control,01 - Non intersection,01 - Daylight,03 - P.D. only,03 - Rear end,Industrial Park
5491,ELGIN ST @ WELLINGTON ST W,367664.2299,5031880.421,-75.69667704,45.42403321,2014-03-15,22:26,01 - Clear,01 - Dry,01 - Traffic signal,02 - Intersection related,07 - Dark,03 - P.D. only,05 - Turning movement,Downtown
5492,CHATELAIN AVE @ MERIVALE RD,364843.2305,5026764.596,-75.73334524,45.37824995,2014-03-15,14:00,01 - Clear,02 - Wet,02 - Stop sign,03 - At intersection,01 - Daylight,03 - P.D. only,02 - Angle,Carlington
5493,HUNTMAR DR btwn OLD CARP RD & BRADLEY SIDE RD,345764.8304,5021761.17,-75.97734756,45.33460298,2014-03-17,15:50,01 - Clear,01 - Dry,10 - No control,01 - Non intersection,01 - Daylight,03 - P.D. only,07 - SMV other,Stittsville - Basswood
5494,BANK ST btwn CAMERON AVE & CHESLEY ST,368980.7021,5028223.877,-75.68033196,45.39101333,2014-03-02,0:37,03 - Snow,03 - Loose snow,10 - No control,01 - Non intersection,07 - Dark,03 - P.D. only,07 - SMV other,Old Ottawa South
5495,CATHERINE ST btwn PERCY ST & BAY ST,367577.3644,5029990.917,-75.69802765,45.40703985,2014-03-18,9:00,01 - Clear,01 - Dry,10 - No control,01 - Non intersection,01 - Daylight,03 - P.D. only,04 - Sideswipe,Centretown
5496,LAURIER AVE   W btwn LYON ST N & KENT ST,367172.9606,5031079.976,-75.70305554,45.41687503,2014-03-18,0:00,01 - Clear,01 - Dry,10 - No control,01 - Non intersection,00 - Unknown,03 - P.D. only,06 - SMV unattended vehicle,Downtown
5497,REGIONAL ROAD 174 btwn OR174 IC105 RAMP16 & OR174 IC105 RAMP26,379302.1605,5036980.344,-75.54720628,45.46877598,2014-03-22,8:34,03 - Snow,03 - Loose snow,10 - No control,01 - Non intersection,01 - Daylight,03 - P.D. only,07 - SMV other,Greenbelt
5498,RUSSELL RD btwn MILTON RD & SAND RD,390198.8916,5025517.191,-75.40986037,45.36439545,2014-03-22,9:14,03 - Snow,03 - Loose snow,10 - No control,01 - Non intersection,01 - Daylight,03 - P.D. only,07 - SMV other,Navan - Vars