Record,Location,X,Y,lon,lat,Date,Time,Environment,Road_Surface,Traffic_Control,Collision_Location,Light,Collision_Classification,Impact_type,Neighborhood
5499,WALL RD btwn DENISE AVE & MER BLEUE RD,383994.7243,5032683.361,-75.48789486,45.42959925,2014-03-22,12:39,03 - Snow,04 - Slush,10 - No control,04 - At/near private drive,01 - Daylight,03 - P.D. only,02 - Angle,Cumberland
5500,MARCH RD btwn CORKERY RD & GREY FOX DR,336117.7451,5016289.766,-76.10077285,45.28586536,2014-03-22,16:18,01 - Clear,01 - Dry,10 - No control,01 - Non intersection,01 - Daylight,03 - P.D. only,07 - SMV other,Carp - Hardwood Plains
5501,KATIMAVIK RD btwn TRANSIT & WHITNEY DR,352321.7315,5019336.011,-75.89392802,45.31236746,2014-03-24,17:05,01 - Clear,01 - Dry,10 - No control,01 - Non intersection,01 - Daylight,03 - P.D. only,03 - Rear end,Katimavik - Hazeldean
5502,PRINCE OF WALES DR btwn 187 N OF MEADOWLANDS DR & MEADOWLANDS DR/HOG'S,367363.862,5025725.704,-75.70129554,45.36868171,2014-03-24,19:20,01 - Clear,01 - Dry,10 - No control,01 - Non intersection,07 - Dark,03 - P.D. only,04 - Sideswipe,Carleton Heights - Rideauview
5503,GLADSTONE AVE @ ROSEMOUNT AVE,365451.1939,5029224.43,-75.72528093,45.40033065,2014-01-07,9:24,01 - Clear,06 - Ice,02 - Stop sign,02 - Intersection related,01 - Daylight,03 - P.D. only,03 - Rear end,Civi
5504,NORWOOD AVE btwn HEATH ST & BALMORAL PL,370120.1991,5028989.231,-75.66567936,45.39779436,2014-03-05,12:15,01 - Clear,05 - Packed snow,10 - No control,04 - At/near private drive,01 - Daylight,03 - P.D. only,02 - Angle,Alta Vista
5505,COBDEN RD btwn EDWIN CRES & BADGER CRES,361446.2751,5023656.507,-75.77707159,45.35056646,2014-03-07,12:46,01 - Clear,01 - Dry,10 - No control,04 - At/near private drive,01 - Daylight,03 - P.D. only,05 - Turning movement,Iris
5506,EAGLESON RD @ HWY 417 EAGLESO IC138R51/PARK AN,353036.7143,5020014.102,-75.88474393,45.31842031,2014-03-26,8:57,01 - Clear,01 - Dry,01 - Traffic signal,02 - Intersection related,01 - Daylight,03 - P.D. only,03 - Rear end,Greenbelt
5507,BROPHY DR btwn EAGLESON RD & FOURTH LINE RD,359168.5656,5004763.084,-75.80820596,45.18074095,2014-03-28,15:30,02 - Rain,02 - Wet,10 - No control,01 - Non intersection,01 - Daylight,03 - P.D. only,07 - SMV other,Munster Hamlet - Richmond
5508,BASELINE RD @ WOODROFFE AVE,362551.112,5023772.4,-75.76295912,45.35151915,2014-03-28,18:30,02 - Rain,02 - Wet,01 - Traffic signal,02 - Intersection related,05 - Dusk,03 - P.D. only,03 - Rear end,Iris
5509,OGILVIE RD @ BATHGATE DR/CITYPARK DR W,373828.2482,5032798.681,-75.61778919,45.43171415,2014-03-13,17:22,01 - Clear,01 - Dry,01 - Traffic signal,02 - Intersection related,01 - Daylight,03 - P.D. only,03 - Rear end,Industrial Park
5510,Hazelnut Cres btwn Willowmere Way and Verbena Crescent,374106.1025,5019383.497,-75.61612076,45.31098269,2014-01-11,16:14,02 - Rain,05 - Packed snow,10 - No control,01 - Non intersection,05 - Dusk,03 - P.D. only,06 - SMV unattended vehicle,Greenbelt
5511,SPADINA AVE btwn SOMERSET ST W & LAUREL ST,365748.3628,5029772.767,-75.72141767,45.40523865,2014-02-22,0:00,02 - Rain,02 - Wet,10 - No control,01 - Non intersection,00 - Unknown,03 - P.D. only,06 - SMV unattended vehicle,Centretow
5512,AIRPORT PKWY @ HUNT CLUB RD,371019.0019,5023704.894,-75.6549089,45.3501633,2014-02-23,9:03,01 - Clear,01 - Dry,01 - Traffic signal,02 - Intersection related,01 - Daylight,03 - P.D. only,03 - Rear end,Hunt Club East - Western Community
5513,SAI CRES btwn BLOHM DR & BLOHM DR,374738.3179,5026615.511,-75.60703646,45.37599071,2014-03-21,18:30,01 - Clear,01 - Dry,10 - No control,01 - Non intersection,07 - Dark,03 - P.D. only,06 - SMV unattended vehicle,Industrial Park
5514,BEAVERTAIL RD btwn OLD ALMONTE RD & RICHARDSON SIDE RD,341716.987,5014119.509,-76.02955939,45.26606454,2014-03-21,23:46,01 - Clear,01 - Dry,10 - No control,01 - Non intersection,07 - Dark,03 - P.D. only,07 - SMV other,Stittsville - Basswood
5515,BRONSON AVE @ SUNNYSIDE AVE/UNIVERSITY RD - CA,367925.0798,5028091.547,-75.69382915,45.38991861,2014-03-13,19:49,01 - Clear,01 - Dry,01 - Traffic signal,02 - Intersection related,07 - Dark,03 - P.D. only,03 - Rear end,Carleto
5516,BANK ST @ STRATHCONA AVE,368139.1838,5030029.507,-75.69084625,45.40733646,2014-03-16,11:23,01 - Clear,01 - Dry,01 - Traffic signal,03 - At intersection,01 - Daylight,03 - P.D. only,03 - Rear end,The Glebe
5517,CARLING AVE @ CONNAUGHT AVE,360771.1501,5025116.567,-75.78552164,45.36375823,2014-03-16,13:00,01 - Clear,01 - Dry,01 - Traffic signal,03 - At intersection,01 - Daylight,03 - P.D. only,05 - Turning movement,Woodroffe - Lincoln Heights
5518,MANOTICK MAIN ST btwn HIGHCROFT DR & MAPLE AVE,368688.9193,5009937.832,-75.6864154,45.22650535,2014-03-17,16:02,01 - Clear,01 - Dry,10 - No control,04 - At/near private drive,01 - Daylight,03 - P.D. only,05 - Turning movement,Manotick
5519,TRENTON AVE btwn SILVER ST & HOLLINGTON ST,365400.7581,5026678.362,-75.72623775,45.37742604,2014-03-17,16:06,01 - Clear,02 - Wet,10 - No control,01 - Non intersection,01 - Daylight,03 - P.D. only,06 - SMV unattended vehicle,Carlington
5520,Burwash Landing Bay btwn Marconi Ave and Marconi Ave,349736.8727,5024639.84,-75.92641088,45.36026277,2014-02-08,10:15,01 - Clear,01 - Dry,10 - No control,04 - At/near private drive,01 - Daylight,03 - P.D. only,02 - Angle,South March
5521,Blackleaf Dr btwn Cheyenne Way and Sunita Cres,350942.5979,5016080.193,-75.91181893,45.28316267,2014-02-11,18:55,01 - Clear,01 - Dry,01 - Traffic signal,02 - Intersection related,07 - Dark,03 - P.D. only,99 - Other,Stittsville
5522,March Rd btwn Golden Line and Ramsay Concession 12 ,366311.6624,5029033.458,-75.71431471,45.39853726,2014-02-15,18:30,01 - Clear,03 - Loose snow,10 - No control,01 - Non intersection,07 - Dark,03 - P.D. only,06 - SMV unattended vehicle,Centretown West
5523,Grand Vista Circ btwn Half Moon Bay and Half Moon Bay,375175.9656,5026791.652,-75.60142422,45.37753172,2014-03-18,10:43,01 - Clear,01 - Dry,10 - No control,04 - At/near private drive,01 - Daylight,03 - P.D. only,02 - Angle,Industrial Park
5524,Capuchon Way btwn Annisettes Ridge and Fantail Walk,384826.5137,5036552.194,-75.47663705,45.46431278,2014-03-18,14:41,01 - Clear,01 - Dry,10 - No control,01 - Non intersection,01 - Daylight,03 - P.D. only,04 - Sideswipe,Fallingbrook
5525,Birchland Cres btwn Birchland Cres and Birchland Cres,362265.1566,5024488.913,-75.766525,45.35798977,2014-03-22,9:24,03 - Snow,03 - Loose snow,10 - No control,01 - Non intersection,01 - Daylight,03 - P.D. only,04 - Sideswipe,Iris
5526,March Rd btwn Golden Line and Ramsay Concession 12 ,365319.7929,5027966.863,-75.72711347,45.38902671,2014-03-04,5:30,03 - Snow,05 - Packed snow,10 - No control,01 - Non intersection,03 - Dawn,03 - P.D. only,07 - SMV other,Carlington
5527,Challengen Cres btwn Antigonish Ave and Antigonish Ave ,372944.5502,5023759.684,-75.63033018,45.35047183,2014-03-22,17:13,01 - Clear,02 - Wet,10 - No control,01 - Non intersection,01 - Daylight,03 - P.D. only,07 - SMV other,Blossom Park - Blossom Park West - Sawmill Creek/ Timbermill
5528,Via Amalfi btwn Via Verona  and Via Verona,366106.7077,5026170.755,-75.7172879,45.37279728,2014-03-23,4:58,05 - Drifting Snow,05 - Packed snow,10 - No control,01 - Non intersection,07 - Dark,03 - P.D. only,07 - SMV other,Civic Hospital - Experimental Farm - Central Park
5529,Highbury Park Dr btwn Via Verona Ave and Via San Marino St,378434.2748,5016391.784,-75.56137389,45.28362414,2014-03-23,6:00,01 - Clear,01 - Dry,10 - No control,01 - Non intersection,07 - Dark,03 - P.D. only,07 - SMV other,Osgoode
5530,Ardmore St btwn Southbridge St and Mareth Way,353089.2161,5022818.766,-75.88380071,45.34365358,2014-03-24,20:00,01 - Clear,01 - Dry,10 - No control,01 - Non intersection,07 - Dark,03 - P.D. only,07 - SMV other,Greenbelt
5531,Tennant Way btwn Mattingly Way and Southbridge St,370920.7924,5023643.914,-75.65617027,45.34962389,2014-03-25,5:56,01 - Clear,01 - Dry,10 - No control,01 - Non intersection,03 - Dawn,03 - P.D. only,07 - SMV other,Hunt Club East - Western Community
5532,Windy Ln btwn Trestle St and Chriscraft Way,360321.5543,5023834.338,-75.79140436,45.35225653,2014-01-11,6:53,04 - Freezing Rain,06 - Ice,01 - Traffic signal,03 - At intersection,07 - Dark,03 - P.D. only,02 - Angle,Whitehaven - Queensway Terrace North
5533,Cedarstone St btwn Corndav Way and Rochelle Dr,360278.9307,5014850.81,-75.79295416,45.27142571,2014-01-12,3:17,02 - Rain,02 - Wet,02 - Stop sign,02 - Intersection related,07 - Dark,03 - P.D. only,02 - Angle,Munster Hamlet - Richmond
5534,Findlay Creek Dr btwn Woodbriar Way and Gracewood Cres,361515.5328,5015269.962,-75.77714777,45.27509863,2014-03-07,16:19,01 - Clear,01 - Dry,10 - No control,04 - At/near private drive,01 - Daylight,03 - P.D. only,02 - Angle,Barrhaven West - Old Barrhaven
5535,Autumnfield St btwn Crownridge Dr and Meadowbreeze Dr,369366.896,5031277.934,-75.67500038,45.41845718,2014-03-08,8:47,01 - Clear,02 - Wet,01 - Traffic signal,02 - Intersection related,01 - Daylight,03 - P.D. only,03 - Rear end,Sandy Hill
5536,Birchland Cres btwn Birchland Cres and Birchland Cres,373763.2661,5025404.523,-75.61965338,45.36519139,2014-03-26,10:40,01 - Clear,01 - Dry,01 - Traffic signal,03 - At intersection,01 - Daylight,03 - P.D. only,02 - Angle,Greenboro East
5537,Hibiscus Way btwn Peerless St and Helena Campbell Rd,373169.5501,5031329.268,-75.6264106,45.4185578,2014-02-24,12:45,01 - Clear,01 - Dry,10 - No control,04 - At/near private drive,01 - Daylight,03 - P.D. only,99 - Other,Industrial Park
5538,Meadowhawk Cres btwn Andre Audet Ave  and Andre Audet Ave ,362928.2619,5026536.61,-75.75782103,45.37636006,2014-03-05,10:20,01 - Clear,01 - Dry,10 - No control,04 - At/near private drive,01 - Daylight,03 - P.D. only,02 - Angle,Carlingwood - McKellar Park - Laurentien View
5539,Lily Pond St btwn Crownridge Dr and Meadowbreeze Dr ,366829.2361,5028936.501,-75.70771659,45.3976192,2014-03-28,16:30,01 - Clear,01 - Dry,01 - Traffic signal,02 - Intersection related,01 - Daylight,03 - P.D. only,03 - Rear end,Centretown West
5540,Brambling Way btwn Towhee Pl and Regatta Ave ,364837.2847,5017760.334,-75.73451364,45.29723114,2014-03-28,18:30,02 - Rain,02 - Wet,10 - No control,01 - Non intersection,05 - Dusk,03 - P.D. only,03 - Rear end,New Barrhaven
5541,Rivertree St btwn Crownridge Dr and Meadowbreeze Dr,368342.6018,5032119.501,-75.68797836,45.42612308,2014-03-17,16:30,01 - Clear,01 - Dry,01 - Traffic signal,02 - Intersection related,01 - Daylight,03 - P.D. only,04 - Sideswipe,Byward Market - Parliament Hill
5542,Autumnfield St btwn Crownridge Dr and Meadowbreeze Dr,370685.1925,5030592.553,-75.65824937,45.4121675,2014-03-07,6:46,01 - Clear,01 - Dry,01 - Traffic signal,02 - Intersection related,01 - Daylight,03 - P.D. only,03 - Rear end,Industrial Park
5543,Via Amalfi btwn Via Verona  and Via Verona ,368973.9178,5026186.009,-75.68068349,45.37267783,2014-03-22,10:48,03 - Snow,03 - Loose snow,10 - No control,01 - Non intersection,01 - Daylight,03 - P.D. only,03 - Rear end,Riverside Park
5544,Nestleton St btwn Terrapin Ter and Annisettes Ridge ,371606.3668,5024099.35,-75.64736045,45.35365678,2014-03-13,20:02,01 - Clear,01 - Dry,01 - Traffic signal,02 - Intersection related,07 - Dark,03 - P.D. only,04 - Sideswipe,South Keys - Heron Gate - Greenboro West
5545,Flowing Creek Circ btwn Flowing Creek Circ and Flowing Creek Circ,368198.0335,5022900.609,-75.69100968,45.34318721,2014-03-14,3:00,01 - Clear,02 - Wet,10 - No control,01 - Non intersection,07 - Dark,03 - P.D. only,07 - SMV other,Hunt Club Woods - Quintarra - Revelstoke - Riverside South P
5546,Meadowbreeze Dr btwn Flowing Creek Circ and Hawkbirch St,348256.3135,5023236.793,-75.94543164,45.34773115,2014-03-16,5:00,01 - Clear,01 - Dry,10 - No control,01 - Non intersection,07 - Dark,03 - P.D. only,06 - SMV unattended vehicle,Morgan's Grant
5547,Terry Fox Dr btwn Second Line Rd and Richardson Side Rd,357009.0905,5009856.237,-75.83514795,45.22673378,2014-03-16,15:12,01 - Clear,01 - Dry,10 - No control,01 - Non intersection,01 - Daylight,03 - P.D. only,07 - SMV other,Stittsville - Basswood
5548,Terry Fox Dr btwn Second Line Rd and Richardson Side Rd,382628.1632,5038239.815,-75.50447748,45.47974489,2014-03-17,16:20,01 - Clear,01 - Dry,02 - Stop sign,02 - Intersection related,01 - Daylight,03 - P.D. only,02 - Angle,Queenswood Heights
5549,No Location Given,363776.1695,5027014.486,-75.74693884,45.38058906,2014-03-04,14:04,01 - Clear,01 - Dry,01 - Traffic signal,02 - Intersection related,01 - Daylight,03 - P.D. only,03 - Rear end,Westboro
5550,No Location Given,370169.3471,5029938.693,-75.66492582,45.40633269,2014-02-28,11:00,03 - Snow,04 - Slush,10 - No control,01 - Non intersection,01 - Daylight,03 - P.D. only,06 - SMV unattended vehicle,Industrial Park
5551,White Alder btwn Mocha Priv and Meadowlilly Rd ,350595.2656,5018890.731,-75.91598661,45.30847542,2014-03-18,14:15,01 - Clear,01 - Dry,10 - No control,04 - At/near private drive,01 - Daylight,03 - P.D. only,05 - Turning movement,Kanata Lakes - Marchwood Lakeside - Morgan's Grant - Kanata
5552,Panisset Ave btwn Laughlin Circ  and Laughlin Circ ,383951.2864,5036156.717,-75.48789119,45.46085435,2014-01-17,18:30,01 - Clear,02 - Wet,01 - Traffic signal,02 - Intersection related,07 - Dark,03 - P.D. only,04 - Sideswipe,Queenswood Heights
5553,Silvertip Ln btwn Brettonwood Ridge and Mission Trail Cres,367220.5595,5024273.661,-75.7033082,45.35562932,2014-03-23,10:19,01 - Clear,01 - Dry,10 - No control,01 - Non intersection,01 - Daylight,03 - P.D. only,99 - Other,Carleton Heights - Rideauview
5554,Half Moon Bay Rd btwn Tucana Way and Callisto Way,369366.9606,5035161.126,-75.67449025,45.45339658,2014-03-25,8:12,01 - Clear,05 - Packed snow,10 - No control,01 - Non intersection,01 - Daylight,03 - P.D. only,01 - Approaching,Rockcliffe - Manor Park
5555,Espin Heights btwn Abetti Ridge  and Abetti Ridge ,350531.6524,5014288.613,-75.91722203,45.26706831,2014-03-21,15:00,01 - Clear,03 - Loose snow,10 - No control,04 - At/near private drive,01 - Daylight,03 - P.D. only,06 - SMV unattended vehicle,Stittsville
5556,Cedarlakes Way btwn Spartan Grove St and Stagecoach Rd,364269.9271,5016686.786,-75.74187563,45.28761963,2014-03-24,0:00,01 - Clear,01 - Dry,10 - No control,01 - Non intersection,00 - Unknown,03 - P.D. only,06 - SMV unattended vehicle,New Barrhaven
5557,White Artic Ave btwn Grand Canal St and River Mist RD,377606.0313,5015453.542,-75.57206785,45.27526849,2014-01-21,19:10,01 - Clear,05 - Packed snow,10 - No control,01 - Non intersection,07 - Dark,03 - P.D. only,06 - SMV unattended vehicle,Greely
5558,Birchland Cres btwn Birchland Cres and Birchland Cres,360657.8512,5025043.228,-75.78697609,45.36310737,2014-03-08,17:45,01 - Clear,01 - Dry,01 - Traffic signal,03 - At intersection,05 - Dusk,03 - P.D. only,02 - Angle,Whitehaven - Queensway Terrace North
5559,Terry Fox Dr btwn Second Line Rd and Richardson Side Rd,367093.2901,5029105.612,-75.70432287,45.39911737,2014-03-26,10:44,01 - Clear,01 - Dry,01 - Traffic signal,03 - At intersection,01 - Daylight,03 - P.D. only,05 - Turning movement,Centretown West
5560,Silver Sage Ave btwn Claridge Dr and Twinflower Way,352960.0958,5019607.627,-75.88576066,45.31476803,2014-03-26,10:49,01 - Clear,01 - Dry,01 - Traffic signal,03 - At intersection,01 - Daylight,03 - P.D. only,03 - Rear end,Katimavik - Hazeldean
5561,Prestige Circ btwn Jeanne d'Arc Blvd N and Prestige Circ,370773.7852,5030388.6,-75.65714493,45.41032406,2014-03-06,12:49,01 - Clear,01 - Dry,10 - No control,04 - At/near private drive,01 - Daylight,03 - P.D. only,05 - Turning movement,Industrial Park
5562,Percifor Way btwn Travis St  and Travis St ,363080.2018,5016732.455,-75.75703562,45.28813022,2014-03-13,15:04,01 - Clear,01 - Dry,01 - Traffic signal,03 - At intersection,01 - Daylight,03 - P.D. only,05 - Turning movement,Greenbelt
5563,Longfields Dr btwn Chapman Mills Dr and Glenroy Gilbert Dr,381799.2852,5035073.238,-75.51557437,45.4513466,2014-03-28,20:40,02 - Rain,02 - Wet,01 - Traffic signal,02 - Intersection related,07 - Dark,03 - P.D. only,03 - Rear end,Chapel Hill South
5564,Contour St btwn Butterfly Walk and Trailsedge Way,368035.2812,5021945.499,-75.69320834,45.33460801,2014-03-28,21:57,01 - Clear,02 - Wet,01 - Traffic signal,03 - At intersection,07 - Dark,03 - P.D. only,02 - Angle,Hunt Club Woods - Quintarra - Revelstoke - Riverside South P
5565,Barrick Hill Rd btwn Oakglade Ave and Moorpark Ave ,383640.9751,5036900.456,-75.49173924,45.46758093,2014-03-18,8:45,01 - Clear,01 - Dry,01 - Traffic signal,02 - Intersection related,01 - Daylight,03 - P.D. only,03 - Rear end,Orlans
5566,Boothfield St btwn Grand Tully Way and Wildcarrot Cres,366673.4152,5029265.062,-75.70966544,45.4005893,2014-03-13,0:00,03 - Snow,03 - Loose snow,10 - No control,01 - Non intersection,00 - Unknown,03 - P.D. only,06 - SMV unattended vehicle,Little Italy
5567,Longfields Dr btwn Lindenshade Dr and Marketplace/Clearbrook Dr,369226.1898,5027982.598,-75.6772286,45.38881984,2014-03-07,12:33,01 - Clear,01 - Dry,01 - Traffic signal,03 - At intersection,01 - Daylight,03 - P.D. only,02 - Angle,Alta Vista
5568,Cooks Mill Cres btwn Grand Tully Way and Whitecliffs Ave ,373222.0401,5029724.836,-75.6259627,45.40411675,2014-03-08,8:42,01 - Clear,02 - Wet,10 - No control,01 - Non intersection,01 - Daylight,03 - P.D. only,04 - Sideswipe,Industrial Park
5569,Via Verona Ave btwn Via Amalfi St and Via San Marino ,375512.9632,5026395.155,-75.59717867,45.3739303,2014-08-28,17:10,01 - Clear,01 - Dry,10 - No control,01 - Non intersection,01 - Daylight,03 - P.D. only,03 - Rear end,Industrial Park
5570,Bretby Cres btwn Bamburgh Way  and Bamburgh Way ,370813.5124,5031204.85,-75.65652811,45.4176646,2014-03-14,8:28,01 - Clear,02 - Wet,10 - No control,07 - Overpass or bridge,01 - Daylight,03 - P.D. only,03 - Rear end,Industrial Park
5571,Percifor Way btwn Travis St  and Travis St ,369431.2672,5029531.546,-75.67440694,45.40273786,2014-03-14,6:30,01 - Clear,01 - Dry,01 - Traffic signal,02 - Intersection related,03 - Dawn,03 - P.D. only,05 - Turning movement,Old Ottawa East
5572,Gerry Lalonde Dr btwn Brian Coburn Blvd and Trigoria Cres,360497.1509,5024941.571,-75.78903872,45.36220545,2014-03-16,16:29,01 - Clear,01 - Dry,01 - Traffic signal,03 - At intersection,01 - Daylight,03 - P.D. only,02 - Angle,Whitehaven - Queensway Terrace North
5573,Southbridge St btwn Tennant Way and Summerhill St ,363674.8106,5028576.486,-75.74804664,45.39465221,2014-03-16,17:00,01 - Clear,01 - Dry,10 - No control,01 - Non intersection,01 - Daylight,03 - P.D. only,06 - SMV unattended vehicle,Westboro
5574,Percifor Way btwn Travis St  and Travis St ,381117.9262,5036287.127,-75.52409578,45.46234293,2014-03-17,7:40,01 - Clear,01 - Dry,01 - Traffic signal,02 - Intersection related,01 - Daylight,03 - P.D. only,03 - Rear end,Orleans Village - Chateauneuf
5575,Stalwart Cres btwn White Alder Ave  and White Alder Ave ,367949.2169,5031550.336,-75.69307795,45.42103755,2014-03-17,21:22,01 - Clear,01 - Dry,01 - Traffic signal,03 - At intersection,07 - Dark,03 - P.D. only,05 - Turning movement,Downtown
5576,Watershield Ridge btwn Gentian Heights and Springbeauty Ave ,369020.221,5028178.841,-75.67983316,45.39060449,2014-03-05,12:22,01 - Clear,02 - Wet,10 - No control,04 - At/near private drive,01 - Daylight,03 - P.D. only,02 - Angle,Old Ottawa South
5577,Caldermill Priv btwn Callisto Way and Callisto Way,357500.6308,5019431.743,-75.8278727,45.3128593,2014-03-06,7:35,01 - Clear,01 - Dry,02 - Stop sign,03 - At intersection,01 - Daylight,03 - P.D. only,02 - Angle,Bells Corners East
5578,Callisto Way btwn Triton Pl and Half Moon Bay Rd,365095.8607,5023172.185,-75.73055816,45.34590432,2014-03-18,13:30,01 - Clear,01 - Dry,01 - Traffic signal,02 - Intersection related,01 - Daylight,03 - P.D. only,03 - Rear end,Crestview - Meadowlands
5579,Maloja Way btwn Campobello Dr and Milbank Ln,373497.9401,5035755.395,-75.62159736,45.4583496,2014-03-18,15:18,01 - Clear,01 - Dry,10 - No control,04 - At/near private drive,01 - Daylight,03 - P.D. only,02 - Angle,Gloucester
5580,Magic Morning Way btwn Nightshade Pl and Evening Shadow Ave ,366906.2187,5029229.269,-75.70669654,45.40024663,2014-02-05,8:45,01 - Clear,01 - Dry,10 - No control,04 - At/near private drive,01 - Daylight,03 - P.D. only,02 - Angle,Little Italy
5581,Secone Line Rd btwn Terry Fox Dr and Brady Ave ,368700.9824,5009931.627,-75.6862626,45.22644843,2014-02-11,22:36,01 - Clear,01 - Dry,01 - Traffic signal,02 - Intersection related,07 - Dark,03 - P.D. only,05 - Turning movement,Manotick
5582,Spring Valley Dr btwn Knotridge ST and Dovehaven St,355222.9023,4988271.294,-75.86006824,45.03263274,2014-03-22,19:20,01 - Clear,01 - Dry,10 - No control,01 - Non intersection,07 - Dark,03 - P.D. only,07 - SMV other,Munster Hamlet - Richmond
5583,Terry Fox Dr btwn Westphalian Ave and Castlefrank Rd ,381145.733,5038615.397,-75.52337849,45.48328773,2014-03-22,11:30,03 - Snow,03 - Loose snow,10 - No control,01 - Non intersection,01 - Daylight,03 - P.D. only,07 - SMV other,Orleans South West
5584,Talos Circ btwn Nixon Farm Dr and Talos Circ,366371.2272,5030744.572,-75.71334028,45.41392817,2014-02-10,14:20,01 - Clear,01 - Dry,01 - Traffic signal,03 - At intersection,01 - Daylight,03 - P.D. only,02 - Angle,LeBreton Flats
5585,Terry Fox Dr btwn Huntsville Dr and Second Line Rd,367642.0728,5032383.586,-75.69689595,45.42856251,2014-02-11,9:21,01 - Clear,04 - Slush,01 - Traffic signal,02 - Intersection related,01 - Daylight,03 - P.D. only,04 - Sideswipe,Byward Market - Parliament Hill
5586,Terry Fox Dr btwn Westphalian Ave and Castlefrank Rd ,368036.2291,5021944.551,-75.69319637,45.3345994,2014-03-08,14:25,01 - Clear,01 - Dry,01 - Traffic signal,02 - Intersection related,01 - Daylight,03 - P.D. only,03 - Rear end,Hunt Club Woods - Quintarra - Revelstoke - Riverside South P
5587,Terry Fox Dr btwn Huntsville Dr and Second Line Rd,367449.2374,5017616.461,-75.70123213,45.29570854,2014-03-09,12:38,01 - Clear,01 - Dry,01 - Traffic signal,03 - At intersection,01 - Daylight,03 - P.D. only,05 - Turning movement,Greenbelt
5588,Aveia Priv btwn Old Montreal Rd and Lionel Priv ,374508.1976,5033197.627,-75.60904371,45.4352362,2014-03-26,15:53,01 - Clear,01 - Dry,01 - Traffic signal,02 - Intersection related,01 - Daylight,03 - P.D. only,03 - Rear end,Industrial Park
5589,Laguna St btwn Sunburst ST and Rotary Way,374254.6529,5026306.399,-75.61325456,45.37325756,2014-03-15,21:58,01 - Clear,01 - Dry,10 - No control,01 - Non intersection,07 - Dark,03 - P.D. only,07 - SMV other,Hunt Club
5590,Devine Rd btwn Frontier Rd and Mcvagh Rd,390846.4209,5022439.651,-75.40213151,45.33662759,2014-01-27,13:42,03 - Snow,03 - Loose snow,10 - No control,01 - Non intersection,01 - Daylight,03 - P.D. only,07 - SMV other,Navan - Vars
5591,Tourmaline Cres btwn Mancini Way and Mancini Way ,374746.1561,5031462.323,-75.60624912,45.41959912,2014-03-16,0:00,01 - Clear,01 - Dry,10 - No control,01 - Non intersection,00 - Unknown,03 - P.D. only,06 - SMV unattended vehicle,Pineview
5592,MARCH RD btwn DONALD B. MUNRO DR & TALL FOREST DR,343339.9305,5022820.153,-76.00820213,45.34426946,2014-03-28,20:00,01 - Clear,02 - Wet,10 - No control,01 - Non intersection,07 - Dark,03 - P.D. only,07 - SMV other,Stittsville - Basswood
5593,ARMSTRONG ST @ PARKDALE AVE,365091.166,5029405.507,-75.72985713,45.40199104,2014-03-29,11:55,01 - Clear,01 - Dry,01 - Traffic signal,03 - At intersection,01 - Daylight,03 - P.D. only,02 - Angle,Islan
5594,KIRKWOOD AVE @ RICHMOND RD,363778.2158,5028643.451,-75.74671805,45.39524604,2014-03-18,12:42,01 - Clear,01 - Dry,01 - Traffic signal,03 - At intersection,01 - Daylight,03 - P.D. only,03 - Rear end,Westboro
5595,RICHMOND RD @ LYNHAR RD/STAFFORD RD,358138.2714,5021086.998,-75.81956274,45.32770528,2014-03-19,8:30,01 - Clear,01 - Dry,01 - Traffic signal,02 - Intersection related,01 - Daylight,03 - P.D. only,03 - Rear end,Bells Corners East
5596,SHEPODY CIRC btwn TO BE DETERMINED & LARUE MILLS PL (1),375234.2552,5020193.431,-75.60161974,45.31815793,2014-03-01,9:00,03 - Snow,03 - Loose snow,10 - No control,04 - At/near private drive,01 - Daylight,03 - P.D. only,99 - Other,Greenbelt
5597,INNES RD @ TENTH LINE RD,383951.2864,5036158.613,-75.48789089,45.46087141,2014-03-10,21:17,03 - Snow,05 - Packed snow,01 - Traffic signal,02 - Intersection related,07 - Dark,03 - P.D. only,03 - Rear end,Queenswood Heights
5598,HAWTHORNE RD/RUSSELL RD @ WALKLEY RD,374674.8145,5028501.678,-75.60758017,45.39296788,2014-02-11,8:30,01 - Clear,01 - Dry,01 - Traffic signal,02 - Intersection related,01 - Daylight,03 - P.D. only,03 - Rear end,Sheffield Glen