Record,Location,X,Y,lon,lat,Date,Time,Environment,Road_Surface,Traffic_Control,Collision_Location,Light,Collision_Classification,Impact_type,Neighborhood
5599,ALTA VISTA DR @ BANK ST,370245.6994,5026201.687,-75.66444614,45.37270128,2014-03-01,22:55,03 - Snow,06 - Ice,01 - Traffic signal,02 - Intersection related,07 - Dark,03 - P.D. only,07 - SMV other,Ledbury - Heron Gate - Ridgemont - Elmwood
5600,HERZBERG RD btwn CARLING AVE & BAYFIELD AVE,352051.3641,5022271.109,-75.89709588,45.33879634,2014-03-12,15:00,03 - Snow,03 - Loose snow,08 - Traffic gate,05 - At railway crossing,01 - Daylight,03 - P.D. only,07 - SMV other,Kanata Lakes - Marchwood Lakeside - Morgan's Grant - Kanata
5601,ST. LAURENT BLVD @ MCARTHUR AVE,371923.1408,5032886.627,-75.64212251,45.43269089,2014-03-13,16:00,01 - Clear,03 - Loose snow,01 - Traffic signal,02 - Intersection related,01 - Daylight,03 - P.D. only,03 - Rear end,Cummings
5602,FALLOWFIELD RD @ WOODROFFE AVE,365085.6239,5017902.242,-75.7313303,45.29848675,2014-03-16,17:49,01 - Clear,01 - Dry,01 - Traffic signal,02 - Intersection related,01 - Daylight,03 - P.D. only,03 - Rear end,Greenbelt
5603,VERA ST btwn PRINCE ALBERT ST & QUEEN MARY ST,370523.4391,5031965.782,-75.66013254,45.42453846,2014-03-16,19:24,01 - Clear,01 - Dry,10 - No control,01 - Non intersection,07 - Dark,03 - P.D. only,06 - SMV unattended vehicle,Overbrook
5604,PLACE D'ORLEANS DR @ PLACE D'ORLEANS SC S,381502.5336,5037816.284,-75.51893973,45.47605889,2014-03-17,22:02,01 - Clear,01 - Dry,01 - Traffic signal,02 - Intersection related,07 - Dark,03 - P.D. only,03 - Rear end,Industrial Park
5605,AMIENS ST btwn TAMMY ST & ROXDALE AVE,383229.2897,5037516.164,-75.49690501,45.47316687,2014-03-24,15:00,01 - Clear,01 - Dry,10 - No control,01 - Non intersection,01 - Daylight,03 - P.D. only,03 - Rear end,Queenswood Heights
5606,RIDEAU ST btwn KING EDWARD AVE & NELSON ST,368587.9702,5032461.151,-75.68479882,45.42917479,2014-03-06,11:45,01 - Clear,01 - Dry,10 - No control,04 - At/near private drive,01 - Daylight,03 - P.D. only,02 - Angle,Lowe
5607,ASHMORE DR btwn WHITEWATER ST & HARBOUR VIEW ST,366904.1475,5014679.968,-75.70854875,45.26933461,2014-02-27,21:00,01 - Clear,05 - Packed snow,10 - No control,04 - At/near private drive,07 - Dark,03 - P.D. only,06 - SMV unattended vehicle,Chapman Mills - Rideau Crest - Davidson Heights
5608,MAIN ST @ SPRINGHURST AVE,369081.1831,5030373.624,-75.67876863,45.41034682,2014-03-18,7:45,01 - Clear,01 - Dry,10 - No control,03 - At intersection,01 - Daylight,03 - P.D. only,05 - Turning movement,Old Ottawa East
5609,INDUSTRIAL AVE btwn RUSSELL RD & ST. LAURENT BLVD,372730.3338,5030048.552,-75.63219853,45.40707729,2014-02-28,8:02,01 - Clear,01 - Dry,10 - No control,04 - At/near private drive,01 - Daylight,03 - P.D. only,03 - Rear end,Industrial Park
5610,BESSERER ST btwn DALHOUSIE ST & WALLER ST,368303.611,5032188.186,-75.68846772,45.42674462,2014-03-23,13:00,01 - Clear,01 - Dry,10 - No control,01 - Non intersection,01 - Daylight,03 - P.D. only,04 - Sideswipe,Byward Market - Parliament Hill
5611,INNES RD @ TENTH LINE RD,383950.3385,5036160.509,-75.4879027,45.46088858,2014-03-22,16:25,01 - Clear,02 - Wet,01 - Traffic signal,02 - Intersection related,01 - Daylight,03 - P.D. only,03 - Rear end,Queenswood Heights
5612,HOLLAND AVE @ RUSKIN ST,365278.2805,5028348.661,-75.72759678,45.39246563,2014-05-16,9:14,02 - Rain,02 - Wet,02 - Stop sign,03 - At intersection,01 - Daylight,03 - P.D. only,02 - Angle,Civic Hospital - Experimental Farm - Central Park
5613,HOLLAND AVE @ RUSKIN ST,365280.1762,5028350.557,-75.72757233,45.39248253,2014-06-04,6:22,01 - Clear,01 - Dry,02 - Stop sign,03 - At intersection,01 - Daylight,03 - P.D. only,02 - Angle,Civic Hospital - Experimental Farm - Central Park
5614,PERCY ST @ GLOUCESTER ST,366942.5912,5030858.436,-75.70602664,45.41490218,2014-02-11,11:51,01 - Clear,01 - Dry,02 - Stop sign,02 - Intersection related,01 - Daylight,03 - P.D. only,06 - SMV unattended vehicle,Downtown
5615,HAWTHORNE RD @ STEVENAGE DR,375136.2666,5027312.589,-75.60185683,45.38222285,2014-03-12,15:30,03 - Snow,03 - Loose snow,01 - Traffic signal,03 - At intersection,01 - Daylight,03 - P.D. only,05 - Turning movement,Industrial Park
5616,SAUMURE RD btwn RUSSELL RD & DEVINE RD,401072.8521,5027021.299,-75.27078854,45.37651823,2014-03-12,18:55,03 - Snow,05 - Packed snow,10 - No control,04 - At/near private drive,07 - Dark,03 - P.D. only,05 - Turning movement,Navan - Vars
5617,TARTAN DR btwn ALFA ST & RUETER ST,362717.1434,5014217.306,-75.76195701,45.26552882,2014-03-26,7:35,01 - Clear,01 - Dry,10 - No control,04 - At/near private drive,01 - Daylight,03 - P.D. only,02 - Angle,Barrhaven West - Old Barrhaven
5618,YOUNG ST btwn CHAMPAGNE AVE S & RAILWAY ST,366422.3699,5029413.873,-75.71285325,45.4019504,2014-03-26,0:00,01 - Clear,01 - Dry,10 - No control,01 - Non intersection,00 - Unknown,03 - P.D. only,06 - SMV unattended vehicle,Centretown West
5619,BANK ST @ GLADSTONE AVE,367918.1282,5030561.623,-75.6936018,45.41214424,2014-03-19,14:39,01 - Clear,01 - Dry,01 - Traffic signal,03 - At intersection,01 - Daylight,03 - P.D. only,04 - Sideswipe,Centretown
5620,PRINCE OF WALES DR @ 257 S OF PRESTON ST/SIR J,366778.1292,5028559.507,-75.70841667,45.39423164,2014-03-20,16:22,03 - Snow,02 - Wet,01 - Traffic signal,02 - Intersection related,01 - Daylight,03 - P.D. only,07 - SMV other,Civic Hospital - Experimental Farm - Central Park
5621,BILL LEATHEM DR @ LEIKIN DR S,366925.23,5017437.558,-75.7079349,45.29414532,2014-03-29,13:17,01 - Clear,01 - Dry,02 - Stop sign,02 - Intersection related,01 - Daylight,03 - P.D. only,03 - Rear end,Greenbelt
5622,VIEWMOUNT DR btwn GLENMANOR DR & MERIVALE RD,365167.6308,5022934.277,-75.72967141,45.34375748,2014-03-19,10:32,01 - Clear,01 - Dry,10 - No control,04 - At/near private drive,01 - Daylight,03 - P.D. only,02 - Angle,Crestview - Meadowlands
5623,HWY 417 PALLADI IC142R36 @ PALLADIUM DR,348771.3775,5017375.755,-75.93937935,45.29495975,2014-03-19,10:30,01 - Clear,01 - Dry,01 - Traffic signal,02 - Intersection related,01 - Daylight,03 - P.D. only,03 - Rear end,Stittsville - Basswood
5624,MAITLAND AVE @ WOODWARD DR,363272.2728,5025661.58,-75.75353268,45.36845803,2014-03-10,21:30,03 - Snow,03 - Loose snow,01 - Traffic signal,02 - Intersection related,07 - Dark,03 - P.D. only,03 - Rear end,Braemar Park - Bel Air Heights - Copeland Park
5625,ALESTHER ST @ DONALD ST,371991.4172,5032460.347,-75.64130815,45.42884887,2014-03-10,21:40,03 - Snow,04 - Slush,02 - Stop sign,03 - At intersection,07 - Dark,03 - P.D. only,02 - Angle,Overbrook
5626,RIDGEWOOD AVE @ RIVERSIDE DR,368283.0744,5025611.428,-75.68957653,45.36757082,2014-03-06,13:00,01 - Clear,01 - Dry,01 - Traffic signal,02 - Intersection related,01 - Daylight,03 - P.D. only,03 - Rear end,Riverside Park
5627,MCARTHUR AVE @ IRWIN MILLER ST,371078.2421,5032782.679,-75.65293366,45.4318362,2014-03-14,12:41,01 - Clear,01 - Dry,01 - Traffic signal,02 - Intersection related,01 - Daylight,03 - P.D. only,03 - Rear end,Vanier South
5628,DWYER HILL RD btwn DWYER HILL RD & O'NEIL RD,350888.861,4995175.17,-75.91443593,45.0950533,2014-03-17,7:46,01 - Clear,01 - Dry,10 - No control,01 - Non intersection,01 - Daylight,03 - P.D. only,07 - SMV other,Munster Hamlet - Richmond
5629,GLADSTONE AVE @ LYON ST,367582.2917,5030361.571,-75.69791751,45.41037444,2014-03-17,8:15,01 - Clear,01 - Dry,01 - Traffic signal,03 - At intersection,01 - Daylight,03 - P.D. only,04 - Sideswipe,Centretown
5630,WEST HUNT CLUB RD btwn PRINCE OF WALES DR & TURN LANE,367559.3422,5021890.555,-75.69928701,45.33415637,2014-01-17,18:30,01 - Clear,02 - Wet,10 - No control,01 - Non intersection,07 - Dark,03 - P.D. only,04 - Sideswipe,Industrial Park
5631,ALBERT ST btwn BAY ST & LYON ST N,367043.2689,5031205.366,-75.70469662,45.4180148,2014-01-24,21:31,01 - Clear,01 - Dry,10 - No control,01 - Non intersection,07 - Dark,03 - P.D. only,04 - Sideswipe,Downtown
5632,MONTREAL RD btwn THOMSON ST & AVIATION PKWY,372064.0908,5034068.962,-75.64015971,45.44331543,2014-03-06,17:14,01 - Clear,01 - Dry,10 - No control,04 - At/near private drive,01 - Daylight,03 - P.D. only,02 - Angle,Cummings
5633,EAGLESON RD @ 146 N OF ABBEYHILL DR/HAZELDEAN ,353773.5579,5018173.685,-75.87552799,45.30180886,2014-03-06,19:56,03 - Snow,03 - Loose snow,01 - Traffic signal,02 - Intersection related,07 - Dark,03 - P.D. only,03 - Rear end,Greenbelt
5634,WEST HUNT CLUB RD @ WOODROFFE AVE,363672.1128,5021245.541,-75.74895439,45.32868948,2014-03-18,17:49,01 - Clear,01 - Dry,01 - Traffic signal,02 - Intersection related,01 - Daylight,03 - P.D. only,03 - Rear end,Merivale Gardens - Grenfell Glen - Pineglen - Country Place
5635,9TH LINE RD @ MITCH OWENS RD,384106.3996,5019821.365,-75.48853292,45.31386425,2014-03-21,6:45,03 - Snow,05 - Packed snow,02 - Stop sign,02 - Intersection related,01 - Daylight,03 - P.D. only,07 - SMV other,Metcalfe
5636,HUNT CLUB RD btwn TRANSIT & DAZE ST,371279.8806,5023858.817,-75.65155922,45.35152357,2014-02-28,16:50,01 - Clear,01 - Dry,10 - No control,01 - Non intersection,01 - Daylight,03 - P.D. only,03 - Rear end,South Keys - Heron Gate - Greenboro West
5637,HUNT CLUB RD btwn TRANSIT & DAZE ST,371280.8284,5023858.817,-75.65154712,45.35152348,2014-02-28,16:50,01 - Clear,01 - Dry,10 - No control,01 - Non intersection,01 - Daylight,03 - P.D. only,03 - Rear end,South Keys - Heron Gate - Greenboro West
5638,BEVERLY ST @ STITTSVILLE MAIN ST,349844.0575,5013827.32,-75.92602573,45.26296181,2014-03-23,17:22,01 - Clear,01 - Dry,01 - Traffic signal,02 - Intersection related,01 - Daylight,03 - P.D. only,03 - Rear end,Stittsville
5639,DONALD ST @ ST. LAURENT BLVD,372095.1347,5032470.689,-75.6399814,45.42893195,2014-03-23,20:39,01 - Clear,01 - Dry,01 - Traffic signal,02 - Intersection related,07 - Dark,03 - P.D. only,99 - Other,Overbrook
5640,ST. JOSEPH BLVD btwn ORLEANS BLVD & COUSINEAU ST,380693.2202,5037019.739,-75.52941274,45.46898065,2014-01-02,10:10,01 - Clear,01 - Dry,10 - No control,01 - Non intersection,01 - Daylight,03 - P.D. only,04 - Sideswipe,Orleans Village - Chateauneuf
5641,NORTON AVE btwn CARLING AVE & SACKVILLE ST,360680.8246,5024896.093,-75.78669949,45.36178162,2014-02-13,19:00,01 - Clear,01 - Dry,10 - No control,04 - At/near private drive,07 - Dark,03 - P.D. only,06 - SMV unattended vehicle,Whitehaven - Queensway Terrace North
5642,RIDEAU RD btwn BANK ST & DONCASTER RD,377383.7452,5018079.675,-75.57451638,45.29892035,2014-03-13,10:44,03 - Snow,03 - Loose snow,10 - No control,01 - Non intersection,01 - Daylight,03 - P.D. only,07 - SMV other,Greenbelt
5643,ALTA VISTA DR btwn HERON RD & RIDGEMONT AVE,370499.8314,5026841.874,-75.66111678,45.37843768,2014-03-17,14:50,01 - Clear,01 - Dry,10 - No control,01 - Non intersection,01 - Daylight,03 - P.D. only,04 - Sideswipe,Ledbury - Heron Gate - Ridgemont - Elmwood
5644,MEDHURST DR btwn NESTOW DR & NESTOW DR,364371.0004,5022028.332,-75.73994508,45.33567399,2014-03-26,18:09,01 - Clear,01 - Dry,10 - No control,04 - At/near private drive,05 - Dusk,03 - P.D. only,05 - Turning movement,Tanglewood
5645,DAVID DR btwn WITHROW AVE & INDIAN RD,363587.6045,5023210.493,-75.74979894,45.34637704,2014-03-21,7:00,01 - Clear,01 - Dry,10 - No control,01 - Non intersection,01 - Daylight,03 - P.D. only,06 - SMV unattended vehicle,Crestview - Meadowlands
5646,LEGGET DR @ HERZBERG RD,351867.0897,5022704.502,-75.89940577,45.34270848,2014-03-21,8:45,01 - Clear,01 - Dry,02 - Stop sign,03 - At intersection,01 - Daylight,03 - P.D. only,05 - Turning movement,Kanata Lakes - Marchwood Lakeside - Morgan's Grant - Kanata
5647,ROGER STEVENS DR @ THIRD LINE RD,368210.2528,5000395.392,-75.69372329,45.14068534,2014-03-29,14:14,01 - Clear,01 - Dry,02 - Stop sign,03 - At intersection,01 - Daylight,03 - P.D. only,03 - Rear end,Manotick - North Gower
5648,INNES RD @ WILDFLOWER DR,382937.2291,5035693.399,-75.50092959,45.45679997,2014-03-29,15:04,01 - Clear,02 - Wet,01 - Traffic signal,02 - Intersection related,01 - Daylight,03 - P.D. only,03 - Rear end,Queenswood Heights
5649,INNES RD btwn HWY417 IC112 RAMP67 & HWY417 IC112 RAMP66,374789.5476,5030968.241,-75.60576493,45.41514929,2014-03-19,13:38,01 - Clear,01 - Dry,10 - No control,01 - Non intersection,01 - Daylight,03 - P.D. only,04 - Sideswipe,Industrial Park
5650,RICHARDSON SIDE RD btwn DAVID MANCHESTER RD & WILLIAM MOONEY RD,344288.1123,5015381.787,-75.99669586,45.27728344,2014-03-19,20:01,01 - Clear,01 - Dry,10 - No control,07 - Overpass or bridge,07 - Dark,03 - P.D. only,07 - SMV other,Stittsville - Basswood
5651,CHAMPLAIN ST @ PLACE D'ORLEANS DR,381595.8242,5038181.764,-75.51768954,45.47933691,2014-03-11,17:50,01 - Clear,01 - Dry,01 - Traffic signal,02 - Intersection related,01 - Daylight,03 - P.D. only,03 - Rear end,Industrial Park
5652,BERTONA ST @ CRAIG HENRY DR,362580.2135,5021846.593,-75.76281268,45.33418846,2014-03-06,16:38,01 - Clear,01 - Dry,02 - Stop sign,03 - At intersection,01 - Daylight,03 - P.D. only,02 - Angle,Woodvale - Craig Henry - Manordale - Estates of Arlington Wo
5653,SAUNDERSON DR btwn PLEASANT PARK RD & ELSETT DR,373153.4815,5028563.045,-75.62699938,45.39367018,2014-03-10,18:00,03 - Snow,03 - Loose snow,10 - No control,04 - At/near private drive,01 - Daylight,03 - P.D. only,06 - SMV unattended vehicle,Urbandale
5654,ORANGEVILLE ST/HWY 417 ROCHEST IC121BR51 @ ROC,366776.4823,5029521.306,-75.70831685,45.40288579,2014-03-14,13:15,01 - Clear,01 - Dry,01 - Traffic signal,03 - At intersection,01 - Daylight,03 - P.D. only,02 - Angle,Little Italy
5655,LAURIER AVE @ NICHOLAS ST,368374.1109,5031795.426,-75.68761757,45.4232043,2014-01-18,12:40,01 - Clear,01 - Dry,01 - Traffic signal,02 - Intersection related,01 - Daylight,03 - P.D. only,03 - Rear end,Sandy Hill
5656,RIDEAU ST btwn SUSSEX DR & 88 W OF WILLIAM ST/FREIMAN MALL,367949.9768,5032061.503,-75.69300271,45.42563679,2014-01-31,16:44,01 - Clear,01 - Dry,10 - No control,01 - Non intersection,05 - Dusk,03 - P.D. only,04 - Sideswipe,Byward Market - Parliament Hill
5657,TENTH LINE RD @ CHARLEMAGNE BLVD N/TOMPKINS AV,383183.9299,5037978.642,-75.49741128,45.47733292,2014-03-07,17:15,01 - Clear,01 - Dry,01 - Traffic signal,02 - Intersection related,01 - Daylight,03 - P.D. only,04 - Sideswipe,Queenswood Heights
5658,HIGHWAY 417 btwn HWY417 IC140 RAMP25 & HWY417 IC139 RAMP15,351353.4594,5018894.132,-75.90631779,45.30845618,2014-06-27,13:52,01 - Clear,01 - Dry,10 - No control,01 - Non intersection,01 - Daylight,03 - P.D. only,04 - Sideswipe,Katimavik - Hazeldean
5659,FALLOWFIELD RD @ GREENBANK RD,363080.2018,5016731.507,-75.75703574,45.28812169,2014-03-21,11:39,01 - Clear,02 - Wet,01 - Traffic signal,02 - Intersection related,01 - Daylight,03 - P.D. only,03 - Rear end,Greenbelt
5660,BANK ST btwn HERON RD & ANOKA ST,370003.7769,5026825.95,-75.66745204,45.37834075,2014-03-12,17:20,03 - Snow,03 - Loose snow,10 - No control,04 - At/near private drive,05 - Dusk,03 - P.D. only,02 - Angle,Alta Vista
5661,ST. LAURENT BLVD @ COVENTRY RD/OGILVIE RD,372305.2456,5031949.679,-75.63736794,45.4242239,2014-03-23,20:15,01 - Clear,01 - Dry,01 - Traffic signal,02 - Intersection related,07 - Dark,03 - P.D. only,03 - Rear end,Overbrook
5662,DES EPINETTES AVE @ PRESTWICK DR,383332.3916,5036664.57,-75.49572265,45.4654934,2014-02-04,0:18,01 - Clear,02 - Wet,02 - Stop sign,03 - At intersection,07 - Dark,03 - P.D. only,02 - Angle,Queenswood Heights
5663,NORFOLK AVE @ CARLING AVE,366883.2879,5028975.505,-75.70702136,45.39796536,2014-02-21,16:32,01 - Clear,02 - Wet,02 - Stop sign,02 - Intersection related,01 - Daylight,03 - P.D. only,03 - Rear end,Centretown West
5664,ANDERSON RD btwn DOLMAN RIDGE RD & RIDGE RD,378840.2421,5028989.792,-75.55431443,45.39693161,2014-03-21,8:51,01 - Clear,03 - Loose snow,10 - No control,01 - Non intersection,01 - Daylight,03 - P.D. only,07 - SMV other,Greenbelt
5665,JOCKVALE RD @ STRANDHERD DR,363561.7064,5014579.009,-75.75115279,45.26871339,2014-03-26,18:40,01 - Clear,01 - Dry,01 - Traffic signal,03 - At intersection,07 - Dark,03 - P.D. only,05 - Turning movement,Barrhaven West - Old Barrhaven
5666,MANSFIELD RD btwn MUNSTER RD & CONLEY RD,349268.2232,5005101.833,-75.93414241,45.18448274,2014-03-26,17:20,03 - Snow,03 - Loose snow,10 - No control,01 - Non intersection,05 - Dusk,03 - P.D. only,07 - SMV other,Munster Hamlet - Richmond
5667,QUEEN ST btwn BRONSON AVE & BAY ST,366759.7197,5031125.834,-75.70832928,45.41732437,2014-03-25,0:00,01 - Clear,01 - Dry,10 - No control,01 - Non intersection,00 - Unknown,03 - P.D. only,06 - SMV unattended vehicle,Downtown
5668,HAZELDEAN RD btwn FRINGEWOOD DR & HUNTMAR DR,350829.3278,5015979.906,-75.91327202,45.28226769,2014-03-21,18:10,01 - Clear,01 - Dry,10 - No control,01 - Non intersection,05 - Dusk,03 - P.D. only,04 - Sideswipe,Stittsville
5669,INNES RD btwn TAUVETTE ST & GRAVELLE CRES,377361.4293,5032477.886,-75.57268668,45.42847017,2014-03-24,8:01,01 - Clear,01 - Dry,10 - No control,01 - Non intersection,01 - Daylight,03 - P.D. only,04 - Sideswipe,Blackburn Hamlet
5670,CARLING AVE @ CARLINGWOOD SC,362072.5382,5025919.976,-75.76881748,45.37088212,2014-03-29,15:34,01 - Clear,01 - Dry,01 - Traffic signal,03 - At intersection,01 - Daylight,03 - P.D. only,05 - Turning movement,Carlingwood West - Glabar Park - McKellar Heights
5671,JAMIE AVE @ SUNDERLAND ST,366060.7629,5022023.379,-75.71838833,45.33548393,2014-03-29,15:43,01 - Clear,01 - Dry,02 - Stop sign,03 - At intersection,01 - Daylight,03 - P.D. only,02 - Angle,Industrial Park
5672,RAMSAYVILLE RD btwn RUSSELL RD & RUSSELL RD,377952.0782,5026411.961,-75.56603909,45.37383114,2014-03-20,6:49,02 - Rain,04 - Slush,10 - No control,07 - Overpass or bridge,03 - Dawn,03 - P.D. only,07 - SMV other,Greenbelt
5673,MCARTHUR AVE btwn MAY ST & ST. LAURENT BLVD,371899.2397,5032880.29,-75.64242881,45.43263617,2014-03-20,9:45,02 - Rain,02 - Wet,10 - No control,01 - Non intersection,01 - Daylight,03 - P.D. only,05 - Turning movement,Castle Heights
5674,ST. LAURENT BLVD btwn INDUSTRIAL AVE & BOURASSA ST,373112.8799,5029975.393,-75.62732226,45.40638181,2014-03-13,16:30,01 - Clear,01 - Dry,10 - No control,04 - At/near private drive,01 - Daylight,03 - P.D. only,02 - Angle,Industrial Park
5675,GRENON AVE btwn MICHELE DR & RICHMOND RD,359683.5688,5024135.659,-75.79951261,45.35501803,2014-03-10,21:48,03 - Snow,03 - Loose snow,10 - No control,01 - Non intersection,07 - Dark,03 - P.D. only,01 - Approaching,Whitehaven - Queensway Terrace North
5676,WISTERIA CRES btwn VINTAGE LANE & MOSSWOOD CRT (2),369843.855,5022698.531,-75.67003694,45.34121829,2014-03-11,18:17,01 - Clear,02 - Wet,10 - No control,04 - At/near private drive,05 - Dusk,03 - P.D. only,02 - Angle,Hunt Club - Ottawa Airport
5677,ST. LAURENT BLVD btwn DUNBARTON CRT & MONTREAL RD,371412.8064,5034122.098,-75.64847699,45.44385589,2014-03-14,14:50,01 - Clear,02 - Wet,10 - No control,04 - At/near private drive,01 - Daylight,03 - P.D. only,03 - Rear end,Cemetery
5678,MERIVALE RD @ WEST HUNT CLUB RD,365614.117,5021939.655,-75.72409674,45.33476944,2014-03-14,13:10,01 - Clear,01 - Dry,01 - Traffic signal,02 - Intersection related,01 - Daylight,03 - P.D. only,03 - Rear end,Industrial Park
5679,WEST HUNT CLUB RD EB btwn ANTARES DR/LASER ST & PRINCE OF WALES DR,367342.3085,5021903.303,-75.70205414,45.33429045,2014-02-14,9:30,03 - Snow,03 - Loose snow,10 - No control,01 - Non intersection,01 - Daylight,03 - P.D. only,07 - SMV other,Industrial Park
5680,MONTREAL RD/HANNAH ST @ CODY AVE,370255.1911,5033169.592,-75.66340006,45.435395,2014-02-19,8:38,01 - Clear,02 - Wet,01 - Traffic signal,03 - At intersection,01 - Daylight,03 - P.D. only,05 - Turning movement,Vanier
5681,CHARLOTTE ST @ RIDEAU ST,369250.3014,5032857.696,-75.6762833,45.43268203,2014-02-02,9:04,01 - Clear,03 - Loose snow,01 - Traffic signal,02 - Intersection related,01 - Daylight,03 - P.D. only,02 - Angle,Lower Town
5682,GLADSTONE AVE @ KENT ST,367743.2824,5030457.675,-75.69584869,45.41122469,2014-02-08,20:43,01 - Clear,03 - Loose snow,01 - Traffic signal,03 - At intersection,07 - Dark,03 - P.D. only,05 - Turning movement,Centretown
5683,INNES RD @ STONEHENGE CRES W,375201.163,5031218.459,-75.60047074,45.41735933,2014-03-07,14:30,01 - Clear,01 - Dry,01 - Traffic signal,02 - Intersection related,01 - Daylight,03 - P.D. only,04 - Sideswipe,Industrial Park
5684,LAURIER AVE @ NICHOLAS ST,368375.0588,5031797.322,-75.68760521,45.42322128,2014-03-08,2:35,01 - Clear,01 - Dry,01 - Traffic signal,02 - Intersection related,07 - Dark,03 - P.D. only,07 - SMV other,Sandy Hill
5685,CARLING AVE WB btwn WOODLAND AVE & WOODROFFE AVE,361734.9822,5025725.514,-75.77314902,45.36915987,2014-03-21,13:14,01 - Clear,01 - Dry,10 - No control,04 - At/near private drive,01 - Daylight,03 - P.D. only,02 - Angle,Carlingwood West - Glabar Park - McKellar Heights
5686,HWY 417 TERRYFO IC140R61 @ TERRY FOX DR,350808.2393,5018709.504,-75.91328759,45.30683078,2014-03-21,13:32,01 - Clear,01 - Dry,01 - Traffic signal,03 - At intersection,01 - Daylight,03 - P.D. only,03 - Rear end,Kanata Lakes - Marchwood Lakeside - Morgan's Grant - Kanata
5687,GOLDENEYE WAY btwn NAKINA WAY & NORTH BLUFF DR,369404.0953,5016254.524,-75.67648791,45.28327704,2014-03-06,7:16,01 - Clear,05 - Packed snow,10 - No control,01 - Non intersection,01 - Daylight,03 - P.D. only,06 - SMV unattended vehicle,Gloucester
5688,PRESTON ST btwn ECCLES ST & ANDERSON ST,366334.0042,5030064.457,-75.71390071,45.40781196,2014-03-06,8:20,01 - Clear,01 - Dry,10 - No control,01 - Non intersection,01 - Daylight,03 - P.D. only,04 - Sideswipe,Little Italy
5689,CLARENCE ST @ DALHOUSIE ST,368040.3298,5032505.494,-75.69179119,45.4296235,2014-03-21,2:00,04 - Freezing Rain,06 - Ice,01 - Traffic signal,02 - Intersection related,07 - Dark,03 - P.D. only,03 - Rear end,Byward Market
5690,HAZELDEAN RD @ TERRY FOX DR,352206.1892,5017242.451,-75.89560172,45.2935369,2014-03-24,7:58,01 - Clear,01 - Dry,01 - Traffic signal,03 - At intersection,01 - Daylight,03 - P.D. only,03 - Rear end,Glen Cairn - Kanata South Business Park
5691,TRAIL SIDE CIRC btwn PINE VISTA DR & PINE VISTA DR,387437.0439,5037664.956,-75.44307263,45.47402031,2014-02-04,16:21,01 - Clear,02 - Wet,10 - No control,01 - Non intersection,01 - Daylight,03 - P.D. only,06 - SMV unattended vehicle,Cardinal Creek
5692,BANKFIELD RD @ PRINCE OF WALES DR,366380.1638,5008972.543,-75.71593251,45.2180253,2014-02-21,23:41,01 - Clear,02 - Wet,01 - Traffic signal,03 - At intersection,07 - Dark,03 - P.D. only,05 - Turning movement,Manotick
5693,CONROY RD @ WALKLEY RD,372904.1965,5027463.531,-75.63033457,45.38380151,2014-02-22,10:58,01 - Clear,02 - Wet,01 - Traffic signal,02 - Intersection related,01 - Daylight,03 - P.D. only,03 - Rear end,Elmvale - Eastway - Riverview - Riverview Park West
5694,MCCARTHY RD @ PROVOST DR,369331.1897,5025134.464,-75.67625998,45.36318352,2014-03-21,8:52,01 - Clear,02 - Wet,02 - Stop sign,02 - Intersection related,01 - Daylight,03 - P.D. only,03 - Rear end,Hunt Club Woods - Quintarra - Revelstoke - Riverside South P
5695,BAY ST @ SLATER ST,366982.276,5031078.57,-75.70549188,45.41687936,2014-03-22,9:55,03 - Snow,05 - Packed snow,01 - Traffic signal,03 - At intersection,01 - Daylight,03 - P.D. only,02 - Angle,Downtown
5696,EARL GREY DR btwn ROLAND MICHENER DR & 175 S OF KANATA AVE/WALMART SC,350779.3553,5018964.254,-75.91363227,45.30912498,2014-03-27,8:33,01 - Clear,01 - Dry,10 - No control,04 - At/near private drive,01 - Daylight,03 - P.D. only,05 - Turning movement,Kanata
5697,WINDERMERE AVE btwn SHERBOURNE RD & WEMBLEY AVE,362650.824,5026654.953,-75.76134918,45.37744786,2014-03-24,4:50,01 - Clear,01 - Dry,10 - No control,01 - Non intersection,07 - Dark,03 - P.D. only,04 - Sideswipe,Carlingwood - McKellar Park - Laurentien View
5698,KITCHENER AVE @ BANK ST,370541.35,5025499.972,-75.66076532,45.3663598,2014-03-26,17:28,01 - Clear,01 - Dry,01 - Traffic signal,02 - Intersection related,01 - Daylight,03 - P.D. only,05 - Turning movement,Ledbury - Heron Gate - Ridgemont - Elmwood
5699,HWY417 IC115 RAMP61 btwn RAMP & HIGHWAY 417,372685.3223,5031562.503,-75.63256495,45.42070349,2014-03-29,16:07,01 - Clear,02 - Wet,10 - No control,01 - Non intersection,01 - Daylight,03 - P.D. only,07 - SMV other,Cummings
5700,INDIAN RD @ MEADOWLANDS DR,364032.1643,5023266.568,-75.7441196,45.3468442,2014-03-29,16:31,01 - Clear,01 - Dry,02 - Stop sign,03 - At intersection,01 - Daylight,03 - P.D. only,02 - Angle,Crestview - Meadowlands