Record,Location,X,Y,lon,lat,Date,Time,Environment,Road_Surface,Traffic_Control,Collision_Location,Light,Collision_Classification,Impact_type,Neighborhood
5701,SCOUT ST btwn NIKI WAY & WHITESTONE DR,364554.5765,5025331.442,-75.73720393,45.36537934,2014-03-19,10:23,03 - Snow,02 - Wet,10 - No control,01 - Non intersection,01 - Daylight,03 - P.D. only,06 - SMV unattended vehicle,Civic Hospital - Experimental Farm - Central Park
5702,CASTLETHORPE CRES btwn NORWICH WAY & NORWICH WAY,361563.22,5023073.7,-75.77564613,45.34531294,2014-03-20,8:45,01 - Clear,02 - Wet,10 - No control,04 - At/near private drive,01 - Daylight,03 - P.D. only,06 - SMV unattended vehicle,Centrepointe
5703,REGIONAL ROAD 174 btwn QUIGLEY HILL RD & REGIONAL ROAD 174 DIVIDED,388267.1315,5042389.781,-75.43165409,45.51643025,2014-03-20,10:52,01 - Clear,02 - Wet,10 - No control,01 - Non intersection,01 - Daylight,03 - P.D. only,07 - SMV other,Cumberland - Estates
5704,LABELLE ST/RAMP @ LEMIEUX ST/HWY417 IC115 RAMP,372541.1986,5031689.633,-75.63438887,45.42186132,2014-03-14,13:56,01 - Clear,01 - Dry,02 - Stop sign,03 - At intersection,01 - Daylight,03 - P.D. only,02 - Angle,Cummings
5705,MONTREAL RD @ OGILVIE RD,375654.2611,5034554.69,-75.59420206,45.44733105,2014-03-14,16:27,01 - Clear,01 - Dry,01 - Traffic signal,02 - Intersection related,01 - Daylight,03 - P.D. only,04 - Sideswipe,Beacon Hill South - Cardinal Heights
5706,COOPER ST @ PERCY ST,367070.1769,5030643.464,-75.70442384,45.41295659,2014-03-15,10:53,01 - Clear,02 - Wet,02 - Stop sign,03 - At intersection,01 - Daylight,03 - P.D. only,02 - Angle,Centretown
5707,BASELINE RD btwn ZENA ST & MARSON ST,365771.9596,5025777.07,-75.72160988,45.36928418,2014-03-14,15:21,01 - Clear,01 - Dry,10 - No control,04 - At/near private drive,01 - Daylight,03 - P.D. only,03 - Rear end,Cityview - Skyline - Fisher Heights
5708,RIVERSIDE DR NB btwn BANK ST & RIVERSIDE DR NB RAMP FROM EB TO WB,369334.5749,5027929.624,-75.67585151,45.38833322,2014-02-20,8:23,01 - Clear,02 - Wet,10 - No control,01 - Non intersection,01 - Daylight,03 - P.D. only,04 - Sideswipe,Alta Vista
5709,BANK ST @ CATHERINE ST,368040.2124,5030268.332,-75.69207984,45.40949428,2014-02-28,11:19,01 - Clear,01 - Dry,01 - Traffic signal,03 - At intersection,01 - Daylight,03 - P.D. only,02 - Angle,Centretown
5710,PRETORIA AVE btwn METCALFE ST & ELGIN ST,368510.8225,5030342.821,-75.68605858,45.41012182,2014-02-27,11:31,01 - Clear,03 - Loose snow,10 - No control,04 - At/near private drive,01 - Daylight,03 - P.D. only,06 - SMV unattended vehicle,The Glebe
5711,TENTH LINE RD @ CHARLEMAGNE BLVD N/TOMPKINS AV,383184.4038,5037975.986,-75.49740564,45.47730897,2014-02-27,12:28,01 - Clear,02 - Wet,01 - Traffic signal,02 - Intersection related,01 - Daylight,03 - P.D. only,03 - Rear end,Queenswood Heights
5712,JEANNE D'ARC BLVD @ MONTCERF CRT,381118.3458,5036286.583,-75.5240905,45.46233799,2014-04-08,18:37,01 - Clear,02 - Wet,01 - Traffic signal,02 - Intersection related,01 - Daylight,03 - P.D. only,03 - Rear end,Orleans Village - Chateauneuf
5713,ALPINE AVE @ CARLING AVE,360496.2031,5024943.467,-75.78905061,45.36222259,2014-04-08,17:00,01 - Clear,01 - Dry,01 - Traffic signal,02 - Intersection related,01 - Daylight,03 - P.D. only,03 - Rear end,Whitehaven - Queensway Terrace North
5714,ST. JOSEPH BLVD @ JEANNE D'ARC BLVD,379862.1643,5036471.581,-75.5401232,45.46413856,2014-07-17,11:00,01 - Clear,01 - Dry,11 - Roundabout,03 - At intersection,01 - Daylight,03 - P.D. only,02 - Angle,Chapel Hill
5715,ST. JOSEPH BLVD @ JEANNE D'ARC BLVD,379862.1643,5036472.529,-75.54012306,45.46414709,2014-07-17,14:45,01 - Clear,01 - Dry,11 - Roundabout,03 - At intersection,01 - Daylight,03 - P.D. only,04 - Sideswipe,Chapel Hill
5716,MICKELBERRY CRES btwn PLAINHILL DR & Continuation of MICKELBERRY CRES ,386473.9654,5036082.189,-75.45565134,45.45989347,2014-03-24,0:00,01 - Clear,06 - Ice,10 - No control,01 - Non intersection,00 - Unknown,03 - P.D. only,06 - SMV unattended vehicle,Notting Hill
5717,AIRPORT PKWY btwn RAMP & TO BE DETERMINED,369942.9667,5025688.544,-75.66837843,45.36811238,2014-04-03,17:05,01 - Clear,01 - Dry,10 - No control,01 - Non intersection,01 - Daylight,03 - P.D. only,03 - Rear end,Hunt Club Woods - Quintarra - Revelstoke - Riverside South P
5718,CAMPEAU DR/HWY 417 MARCH IC138R63 @ MARCH RD,352842.0495,5020476.905,-75.88718183,45.32259806,2014-04-04,17:59,02 - Rain,02 - Wet,01 - Traffic signal,02 - Intersection related,01 - Daylight,03 - P.D. only,03 - Rear end,Greenbelt
5719,WHITEWATER ST @ WOODROFFE AVE,366461.0552,5014526.376,-75.71421402,45.26799158,2014-04-04,18:15,02 - Rain,02 - Wet,02 - Stop sign,02 - Intersection related,01 - Daylight,03 - P.D. only,03 - Rear end,New Barrhaven
5720,HAZELDEAN RD btwn CASTLEFRANK RD & 246 E OF CASTLEFRANK RD,352758.5804,5017752.997,-75.88851012,45.29809344,2014-04-08,19:20,01 - Clear,01 - Dry,10 - No control,04 - At/near private drive,07 - Dark,03 - P.D. only,02 - Angle,Katimavik - Hazeldean
5721,LYON ST @ SLATER ST,367102.2307,5031153.535,-75.70394988,45.4175432,2014-04-09,20:42,01 - Clear,01 - Dry,01 - Traffic signal,02 - Intersection related,07 - Dark,03 - P.D. only,03 - Rear end,Downtown
5722,MOODIE DR @ ROBERTSON RD,357066.6521,5020454.53,-75.83329923,45.32209489,2014-04-08,8:25,02 - Rain,02 - Wet,01 - Traffic signal,03 - At intersection,01 - Daylight,03 - P.D. only,05 - Turning movement,Bells Corners West
5723,BRONSON AVE @ FIFTH AVE/MADAWASKA DR,367613.7127,5028939.314,-75.6976973,45.39757458,2014-04-11,21:59,01 - Clear,01 - Dry,01 - Traffic signal,03 - At intersection,07 - Dark,03 - P.D. only,02 - Angle,The Glebe
5724,BLACKWELL ST btwn BANTREE ST & LEEDS AVE,374501.2925,5029832.832,-75.60960796,45.40496224,2014-04-07,12:30,01 - Clear,01 - Dry,10 - No control,01 - Non intersection,01 - Daylight,03 - P.D. only,06 - SMV unattended vehicle,Industrial Park
5725,CONROY RD @ JOHNSTON RD,373399.1768,5026307.512,-75.6241752,45.37335185,2014-04-07,14:37,01 - Clear,01 - Dry,01 - Traffic signal,03 - At intersection,01 - Daylight,03 - P.D. only,03 - Rear end,Hunt Club
5726,LACASSE AVE @ MCARTHUR AVE,370823.2371,5032755.624,-75.65619601,45.43161689,2014-03-15,22:51,01 - Clear,01 - Dry,02 - Stop sign,02 - Intersection related,07 - Dark,03 - P.D. only,03 - Rear end,Vanier South
5727,WALKLEY RD btwn SHEFFIELD RD & WALKLEY EXTENSION RD,375299.7095,5028807.966,-75.59955642,45.39566107,2014-03-19,6:36,01 - Clear,01 - Dry,10 - No control,01 - Non intersection,03 - Dawn,03 - P.D. only,03 - Rear end,Industrial Park
5728,MONTREAL RD btwn BURMA RD & MONTREAL RD,373816.702,5034463.208,-75.61770333,45.44669181,2014-04-02,7:00,01 - Clear,01 - Dry,10 - No control,01 - Non intersection,01 - Daylight,03 - P.D. only,07 - SMV other,Gloucester
5729,AVENUE L @ TREMBLAY RD,371496.1919,5031314.511,-75.64779146,45.41858654,2014-04-02,9:24,01 - Clear,01 - Dry,02 - Stop sign,03 - At intersection,01 - Daylight,03 - P.D. only,05 - Turning movement,Industrial Park
5730,EAGLESON RD btwn PALOMINO DR & ROTHESAY DR,354102.1505,5017350.169,-75.87142017,45.29437571,2014-04-03,9:07,01 - Clear,01 - Dry,10 - No control,01 - Non intersection,01 - Daylight,03 - P.D. only,03 - Rear end,Bridlewood - Emerald Meadows
5731,MACLAREN ST btwn BRONSON AVE & PERCY ST,367019.8768,5030411.233,-75.70509574,45.41087151,2014-04-01,19:30,01 - Clear,01 - Dry,10 - No control,01 - Non intersection,07 - Dark,03 - P.D. only,06 - SMV unattended vehicle,Chinatown
5732,NICHOLAS ST NB btwn HWY417 IC118 RAMP52 & WALLER ST,369077.5199,5031313.158,-75.67869289,45.41880075,2014-01-13,17:40,01 - Clear,01 - Dry,10 - No control,01 - Non intersection,07 - Dark,03 - P.D. only,04 - Sideswipe,Sandy Hill
5733,SOMERSET ST    W btwn BOOTH ST & UPPER LORNE PL,366622.5277,5030281.506,-75.71018795,45.40973948,2014-01-18,19:25,01 - Clear,01 - Dry,10 - No control,01 - Non intersection,07 - Dark,03 - P.D. only,06 - SMV unattended vehicle,Chinatown
5734,RICHMOND RD btwn NEW ORCHARD AVE & WOODROFFE AVE,361564.3073,5026626.087,-75.77522424,45.37727699,2014-03-04,10:45,01 - Clear,01 - Dry,10 - No control,01 - Non intersection,01 - Daylight,03 - P.D. only,05 - Turning movement,Carlingwood West - Glabar Park - McKellar Heights
5735,GLADSTONE AVE @ CAMBRIDGE ST,367067.0743,5030037.518,-75.70454002,45.40750474,2014-03-12,13:18,03 - Snow,02 - Wet,02 - Stop sign,02 - Intersection related,01 - Daylight,03 - P.D. only,03 - Rear end,Centretown West
5736,CARLING AVE @ PARKDALE AVE,365625.5061,5028172.87,-75.72318423,45.39085383,2014-02-27,16:00,05 - Drifting Snow,03 - Loose snow,01 - Traffic signal,02 - Intersection related,01 - Daylight,03 - P.D. only,04 - Sideswipe,Civic Hospital - Experimental Farm - Central Park
5737,WOODROFFE AVE btwn STRANDHERD DR & CHAPMAN MILLS DR,366117.0545,5015375.244,-75.71849261,45.27565973,2014-02-28,17:18,01 - Clear,01 - Dry,10 - No control,01 - Non intersection,05 - Dusk,03 - P.D. only,03 - Rear end,Chapman Mills - Rideau Crest - Davidson Heights
5738,EAGLESON RD @ HAZELDEAN RD/ROBERTSON RD,353674.0988,5018423.512,-75.8767715,45.30406378,2014-04-04,21:02,02 - Rain,02 - Wet,01 - Traffic signal,02 - Intersection related,07 - Dark,03 - P.D. only,03 - Rear end,Greenbelt
5739,TRIM RD @ MILLENNIUM BLVD,386796.599,5036714.239,-75.45142116,45.46554223,2014-04-04,22:30,02 - Rain,02 - Wet,03 - Yield sign,03 - At intersection,07 - Dark,03 - P.D. only,02 - Angle,Cumberland
5740,ROSS AVE @ SCOTT ST,364356.8735,5029364.342,-75.73924092,45.4016835,2014-04-24,17:47,01 - Clear,01 - Dry,02 - Stop sign,02 - Intersection related,01 - Daylight,03 - P.D. only,02 - Angle,Tunney's Pasture
5741,ROSS AVE @ SCOTT ST,364358.1125,5029363.512,-75.7392252,45.40167593,2014-05-20,17:28,01 - Clear,01 - Dry,02 - Stop sign,03 - At intersection,01 - Daylight,03 - P.D. only,02 - Angle,Tunney's Pasture
5742,ST. JOSEPH BLVD @ JEANNE D'ARC BLVD,379860.2686,5036471.581,-75.54014744,45.46413877,2014-07-12,14:30,01 - Clear,01 - Dry,11 - Roundabout,03 - At intersection,01 - Daylight,03 - P.D. only,04 - Sideswipe,Chapel Hill
5743,ST. JOSEPH BLVD @ JEANNE D'ARC BLVD,379860.2686,5036470.633,-75.54014758,45.46413024,2014-07-16,19:35,01 - Clear,01 - Dry,11 - Roundabout,03 - At intersection,01 - Daylight,03 - P.D. only,02 - Angle,Chapel Hill
5744,RIDEAU ST btwn KING EDWARD AVE & NELSON ST,368640.0806,5032490.42,-75.68412913,45.42943339,2014-03-25,20:01,01 - Clear,01 - Dry,10 - No control,01 - Non intersection,07 - Dark,03 - P.D. only,01 - Approaching,Lowe
5745,STITTSVILLE MAIN ST @ HAZELDEAN RD,349557.9242,5014876.821,-75.92957702,45.27242385,2014-04-04,18:21,02 - Rain,02 - Wet,01 - Traffic signal,02 - Intersection related,05 - Dusk,03 - P.D. only,03 - Rear end,Stittsville
5746,BASELINE RD @ CENTREPOINTE DR E/HIGHGATE RD,362064.0563,5023465.505,-75.76921013,45.34879767,2014-02-14,9:00,03 - Snow,03 - Loose snow,01 - Traffic signal,02 - Intersection related,01 - Daylight,03 - P.D. only,04 - Sideswipe,Iris
5747,RADWAY TER btwn BROMONT WAY & BROMONT WAY,381734.6575,5035551.196,-75.51632574,45.45565399,2014-02-28,19:15,01 - Clear,06 - Ice,10 - No control,01 - Non intersection,07 - Dark,03 - P.D. only,06 - SMV unattended vehicle,Orleans Village - Chateauneuf
5748,RICHMOND RD @ WEST HUNT CLUB RD,357144.2255,5018151.514,-75.83255308,45.30136629,2014-04-07,20:20,02 - Rain,02 - Wet,01 - Traffic signal,03 - At intersection,07 - Dark,03 - P.D. only,05 - Turning movement,Greenbelt
5749,HAWTHORNE RD @ HUNT CLUB RD,375509.1717,5026406.529,-75.59722544,45.37403302,2014-08-27,21:58,01 - Clear,01 - Dry,01 - Traffic signal,02 - Intersection related,07 - Dark,03 - P.D. only,04 - Sideswipe,Industrial Park
5750,CYRVILLE RD @ INNES RD,375047.2508,5031120.512,-75.60245103,45.41649352,2014-04-07,13:05,01 - Clear,01 - Dry,01 - Traffic signal,02 - Intersection related,01 - Daylight,03 - P.D. only,99 - Other,Industrial Park
5751,ELGIN ST btwn GLOUCESTER ST & NEPEAN ST (2),368025.174,5031442.781,-75.69212127,45.42006295,2014-04-07,17:09,01 - Clear,01 - Dry,10 - No control,04 - At/near private drive,01 - Daylight,03 - P.D. only,05 - Turning movement,Golden Triangle
5752,DONALD ST @ ST. LAURENT BLVD,372095.1347,5032471.637,-75.63998127,45.42894048,2014-03-19,23:11,03 - Snow,03 - Loose snow,01 - Traffic signal,02 - Intersection related,07 - Dark,03 - P.D. only,07 - SMV other,Overbrook
5753,SHELDRAKE DR btwn MORTON DR & BINSCARTH CRES,353174.2239,5016797.887,-75.88330397,45.28947063,2014-03-24,8:46,01 - Clear,01 - Dry,10 - No control,01 - Non intersection,01 - Daylight,03 - P.D. only,04 - Sideswipe,Glen Cairn - Kanata South Business Park
5754,RIVERSIDE DR @ HERON RD,368121.5788,5026646.273,-75.6915053,45.3768967,2014-04-02,12:50,01 - Clear,01 - Dry,01 - Traffic signal,02 - Intersection related,01 - Daylight,03 - P.D. only,04 - Sideswipe,Riverside Park
5755,INSMILL CRES btwn CHELTONIA WAY & GOLDRIDGE DR S,349538.6332,5019255.326,-75.92942794,45.31182426,2014-03-13,20:00,01 - Clear,02 - Wet,10 - No control,01 - Non intersection,07 - Dark,03 - P.D. only,06 - SMV unattended vehicle,Kanata Lakes - Marchwood Lakeside - Morgan's Grant - Kanata
5756,ST. LAURENT BLVD btwn SHORE ST & BELFAST RD,372849.8236,5030605.102,-75.63059541,45.41207327,2014-01-20,16:20,01 - Clear,01 - Dry,10 - No control,01 - Non intersection,05 - Dusk,03 - P.D. only,03 - Rear end,Industrial Park
5757,BAYCREST DR btwn HERON RD & CEDARWOOD DR,371165.7893,5026893.991,-75.65260748,45.37884385,2014-01-21,12:49,01 - Clear,01 - Dry,10 - No control,04 - At/near private drive,01 - Daylight,03 - P.D. only,02 - Angle,Ledbury - Heron Gate - Ridgemont - Elmwood
5758,JOHNSTON RD @ SOUTHGATE RD,371021.196,5024938.674,-75.65471563,45.36126425,2014-03-12,14:25,01 - Clear,03 - Loose snow,02 - Stop sign,02 - Intersection related,01 - Daylight,03 - P.D. only,03 - Rear end,South Keys - Heron Gate - Greenboro West
5759,MERIVALE RD @ CAPILANO DR/WITHROW AVE,364641.9551,5024226.821,-75.73622235,45.35543267,2014-03-12,14:17,03 - Snow,03 - Loose snow,01 - Traffic signal,02 - Intersection related,01 - Daylight,03 - P.D. only,03 - Rear end,Cityview - Skyline - Fisher Heights
5760,CARLING AVE @ CLYDE AVE/COLE AVE,363522.1124,5026850.542,-75.75020209,45.37913526,2014-03-12,17:04,05 - Drifting Snow,05 - Packed snow,01 - Traffic signal,02 - Intersection related,01 - Daylight,03 - P.D. only,05 - Turning movement,Carlingwood - McKellar Park - Laurentien View
5761,MACKAY ST btwn VAUGHAN ST & BEECHWOOD AVE,369155.2288,5033611.943,-75.67739966,45.4394772,2014-04-05,15:10,01 - Clear,01 - Dry,10 - No control,04 - At/near private drive,01 - Daylight,03 - P.D. only,05 - Turning movement,New Edinburgh
5762,ROSS AVE @ SCOTT ST,364356.2168,5029362.565,-75.73924952,45.40166757,2014-05-21,16:37,01 - Clear,01 - Dry,02 - Stop sign,03 - At intersection,01 - Daylight,03 - P.D. only,02 - Angle,Island Park
5763,ST. JOSEPH BLVD @ JEANNE D'ARC BLVD,379862.1643,5036469.685,-75.54012349,45.4641215,2014-07-24,9:50,01 - Clear,01 - Dry,11 - Roundabout,03 - At intersection,01 - Daylight,03 - P.D. only,04 - Sideswipe,Chapel Hill
5764,JEANNE D'ARC BLVD  S btwn ST. JOSEPH BLVD & WOODCLIFFE PRIV,379867.3776,5036463.05,-75.54005785,45.46406125,2014-08-05,11:26,01 - Clear,01 - Dry,10 - No control,01 - Non intersection,01 - Daylight,03 - P.D. only,04 - Sideswipe,Chapel Hill
5765,DEAKIN ST btwn AURIGA DR & MACFARLANE RD,367189.1108,5021576.724,-75.70404969,45.33136558,2014-04-04,12:12,01 - Clear,01 - Dry,10 - No control,04 - At/near private drive,01 - Daylight,03 - P.D. only,02 - Angle,Industrial Park
5766,BRONSON AVE RAMP 24C btwn BRONSON AVE RAMP 24B/26 & BRONSON AVE,368686.8113,5026795.267,-75.68426983,45.37818599,2014-03-27,9:15,01 - Clear,01 - Dry,10 - No control,01 - Non intersection,01 - Daylight,03 - P.D. only,03 - Rear end,Alta Vista
5767,DEN HAAG DR btwn MERGANSER ST & CARWOOD CIRC,372409.5619,5034179.943,-75.63572879,45.44428065,2014-04-04,4:35,01 - Clear,01 - Dry,10 - No control,01 - Non intersection,07 - Dark,03 - P.D. only,07 - SMV other,Carson Grove - Carson Meadows
5768,INNES RD/PRESTWICK DR @ LANTHIER DR,383540.7905,5035988.837,-75.49316628,45.45939031,2014-02-28,23:09,01 - Clear,01 - Dry,01 - Traffic signal,02 - Intersection related,07 - Dark,03 - P.D. only,07 - SMV other,Queenswood Heights
5769,INNES RD @ TRIM RD,386566.2651,5037273.302,-75.45427318,45.47059911,2014-03-01,12:50,03 - Snow,03 - Loose snow,01 - Traffic signal,03 - At intersection,01 - Daylight,03 - P.D. only,05 - Turning movement,Cardinal Creek
5770,SALE BARN RD btwn PARKWAY RD & BANK ST,379823.6765,5014238.619,-75.54399081,45.26410405,2014-04-10,7:36,01 - Clear,01 - Dry,10 - No control,01 - Non intersection,01 - Daylight,03 - P.D. only,07 - SMV other,Osgoode
5771,RODEO DR btwn SAN MATEO DR & PALMADEO DR,364884.2171,5015721.693,-75.73416219,45.27888351,2014-04-10,8:45,01 - Clear,01 - Dry,10 - No control,04 - At/near private drive,01 - Daylight,03 - P.D. only,02 - Angle,New Barrhaven
5772,PARADISE CRES btwn GARDENWAY DR & GARDENWAY DR,385367.7144,5037201.596,-75.46961096,45.47009326,2014-02-15,18:08,01 - Clear,04 - Slush,10 - No control,01 - Non intersection,05 - Dusk,03 - P.D. only,07 - SMV other,Fallingbrook
5773,SANFORD FLEMING AVE @ TERMINAL AVE,370858.8564,5030830.537,-75.65599898,45.41429241,2014-03-16,15:55,01 - Clear,01 - Dry,02 - Stop sign,02 - Intersection related,01 - Daylight,03 - P.D. only,07 - SMV other,Industrial Park
5774,CLEARBROOK DR/MARKETPLACE AVE @ LONGFIELDS DR,364634.1998,5014953.584,-75.73744123,45.27199339,2014-04-07,22:42,02 - Rain,02 - Wet,01 - Traffic signal,03 - At intersection,07 - Dark,03 - P.D. only,05 - Turning movement,New Barrhaven
5775,BEECHWOOD AVE @ CHARLEVOIX ST/MACKAY ST,369187.2928,5033591.403,-75.67699254,45.43928944,2014-04-08,8:40,02 - Rain,02 - Wet,01 - Traffic signal,02 - Intersection related,01 - Daylight,03 - P.D. only,04 - Sideswipe,Vanier North
5776,TRIM RD btwn TAYLOR CREEK DR & ST. JOSEPH BLVD,384589.0914,5039468.783,-75.47919894,45.49058061,2014-03-24,17:18,01 - Clear,01 - Dry,10 - No control,01 - Non intersection,01 - Daylight,03 - P.D. only,03 - Rear end,Industrial Park
5777,AIRPORT PKWY btwn AIRPORT PKWY/HUNT CLUB RAMP 42 & WALKLEY RD NB RAMP,370333.1948,5024814.758,-75.66351315,45.36021395,2014-03-30,4:13,03 - Snow,03 - Loose snow,10 - No control,01 - Non intersection,07 - Dark,03 - P.D. only,04 - Sideswipe,Hunt Club East - Western Community
5778,KENT ST @ SOMERSET ST,367526.2273,5030814.617,-75.69857604,45.41445584,2014-02-24,18:30,01 - Clear,01 - Dry,01 - Traffic signal,03 - At intersection,07 - Dark,03 - P.D. only,05 - Turning movement,Centretown
5779,GREENBANK RD btwn HWY 417 IC129 RAMP57 & HWY417 IC129 RAMP53,360527.8547,5023285.362,-75.78883352,45.34730049,2014-03-11,15:50,01 - Clear,01 - Dry,10 - No control,01 - Non intersection,01 - Daylight,03 - P.D. only,04 - Sideswipe,Iris
5780,CATHERINE ST/HWY 417 O'CONN IC119BR76 @ O'CONN,368243.2709,5030392.96,-75.6894699,45.41059726,2014-01-21,20:01,01 - Clear,01 - Dry,01 - Traffic signal,03 - At intersection,07 - Dark,03 - P.D. only,02 - Angle,Centretown
5781,VALOUR DR @ SMYTH RD,370667.8703,5029085.16,-75.65867202,45.39860619,2014-04-08,8:50,02 - Rain,02 - Wet,01 - Traffic signal,02 - Intersection related,01 - Daylight,03 - P.D. only,03 - Rear end,Alta Vista
5782,BAY ST btwn LAURIER AVE W & GLOUCESTER ST,367042.7623,5030981.459,-75.70473138,45.4160002,2014-04-07,12:30,01 - Clear,01 - Dry,10 - No control,01 - Non intersection,01 - Daylight,03 - P.D. only,06 - SMV unattended vehicle,Downtown
5783,ST. JOSEPH BLVD @ JEANNE D'ARC BLVD,379860.2686,5036471.581,-75.54014744,45.46413877,2014-07-03,15:45,01 - Clear,01 - Dry,11 - Roundabout,03 - At intersection,01 - Daylight,03 - P.D. only,04 - Sideswipe,Chapel Hill
5784,ST. JOSEPH BLVD @ JEANNE D'ARC BLVD,379861.2164,5036471.581,-75.54013532,45.46413867,2014-07-09,17:25,01 - Clear,01 - Dry,11 - Roundabout,03 - At intersection,01 - Daylight,03 - P.D. only,02 - Angle,Chapel Hill
5785,BROPHY DR @ MOODIE DR,362748.0819,5006861.447,-75.76241947,45.19933744,2014-01-25,18:40,03 - Snow,06 - Ice,02 - Stop sign,02 - Intersection related,07 - Dark,03 - P.D. only,07 - SMV other,Manotick - North Gower
5786,GREENBANK RD btwn DUNDONALD DR & KILBIRNIE DR,365257.3098,5011716.875,-75.72989449,45.24281617,2014-01-28,0:00,01 - Clear,06 - Ice,10 - No control,01 - Non intersection,00 - Unknown,03 - P.D. only,07 - SMV other,New Barrhaven
5787,ST. LAURENT BLVD btwn BOURASSA ST & SMYTH RD,373306.682,5029519.699,-75.62491009,45.40226274,2014-03-30,0:00,03 - Snow,05 - Packed snow,10 - No control,01 - Non intersection,00 - Unknown,03 - P.D. only,06 - SMV unattended vehicle,Industrial Park
5788,AVIATION PKWY @ OGILVIE RD,373111.7281,5032376.332,-75.62700413,45.42798442,2014-04-05,10:00,01 - Clear,01 - Dry,01 - Traffic signal,02 - Intersection related,01 - Daylight,03 - P.D. only,03 - Rear end,Industrial Park
5789,REGIONAL ROAD 174 btwn OR174 IC102 RAMP61 & OR174 IC101 RAMP36,382245.5099,5038636.164,-75.50930887,45.48335344,2014-03-02,9:30,01 - Clear,01 - Dry,10 - No control,01 - Non intersection,01 - Daylight,03 - P.D. only,04 - Sideswipe,Chatelaine Village
5790,INDUSTRIAL AVE btwn TRAINYARDS DR & RUSSELL RD,371887.6222,5030500.559,-75.64290133,45.41122554,2014-03-06,8:51,01 - Clear,01 - Dry,10 - No control,04 - At/near private drive,01 - Daylight,03 - P.D. only,03 - Rear end,Industrial Park
5791,WILBROD ST btwn FRIEL ST & CHAPEL ST,368971.3326,5032320.558,-75.67991833,45.42787472,2014-03-30,0:00,03 - Snow,05 - Packed snow,10 - No control,01 - Non intersection,00 - Unknown,03 - P.D. only,06 - SMV unattended vehicle,Sandy Hill
5792,STRANDHERD DR btwn Continuation of STRANDHERD DR & MCKENNA CASEY DR,361804.2153,5013677.695,-75.7736515,45.26074794,2014-04-10,13:08,01 - Clear,01 - Dry,08 - Traffic gate,05 - At railway crossing,01 - Daylight,03 - P.D. only,07 - SMV other,Munster Hamlet - Richmond
5793,GREENBANK RD @ 220 N OF STRANDHERD DR,363848.8664,5014984.37,-75.7474454,45.27233679,2014-03-21,17:55,01 - Clear,02 - Wet,01 - Traffic signal,02 - Intersection related,01 - Daylight,03 - P.D. only,03 - Rear end,New Barrhaven
5794,NORTH BOWESVILLE RD @ UPLANDS DR,368302.137,5022787.542,-75.68969592,45.34216044,2014-03-06,14:50,01 - Clear,01 - Dry,02 - Stop sign,03 - At intersection,01 - Daylight,03 - P.D. only,02 - Angle,Hunt Club - Ottawa Airport
5795,MCCARTHY RD @ WALKLEY RD,369251.1391,5025299.575,-75.67726018,45.36467651,2014-03-30,4:54,03 - Snow,03 - Loose snow,01 - Traffic signal,02 - Intersection related,07 - Dark,03 - P.D. only,07 - SMV other,Riverside Park
5796,MARCH RD btwn CAMPEAU DR/HWY 417 MARCH IC138R63 & HWY417 IC138 RAMP62,352778.7821,5020617.767,-75.88797517,45.32386989,2014-03-30,9:14,03 - Snow,03 - Loose snow,10 - No control,01 - Non intersection,01 - Daylight,03 - P.D. only,07 - SMV other,Greenbelt
5797,HAWTHORNE RD/RUSSELL RD @ WALKLEY RD,374674.27,5028500.489,-75.60758729,45.39295723,2014-03-30,15:01,03 - Snow,05 - Packed snow,01 - Traffic signal,02 - Intersection related,01 - Daylight,03 - P.D. only,07 - SMV other,Sheffield Glen
5798,COLONNADE RD    N btwn COLONNADE RD & CORINTH PRIV,366268.485,5023052.887,-75.7156104,45.34472911,2014-03-11,21:34,01 - Clear,01 - Dry,10 - No control,04 - At/near private drive,07 - Dark,03 - P.D. only,05 - Turning movement,Industrial Park
5799,METCALFE ST @ SLATER ST,367732.1705,5031548.628,-75.69585132,45.42104174,2014-03-14,19:33,01 - Clear,01 - Dry,01 - Traffic signal,03 - At intersection,07 - Dark,03 - P.D. only,04 - Sideswipe,Downtown
5800,ST. LAURENT BLVD/DUNBARTON CRT @ BRITTANY DR,371331.3704,5034337.316,-75.64948878,45.44580007,2014-01-22,18:20,01 - Clear,01 - Dry,01 - Traffic signal,03 - At intersection,07 - Dark,03 - P.D. only,05 - Turning movement,Cemetery
5801,HUNT CLUB RD btwn NORTH BOWESVILLE RD & BILLY BISHOP PRIV,368690.715,5022330.181,-75.68479712,45.33800993,2014-01-23,8:06,01 - Clear,01 - Dry,10 - No control,01 - Non intersection,01 - Daylight,03 - P.D. only,03 - Rear end,Hunt Club - Ottawa Airport
5802,SMYTH RD btwn OTHELLO AVE & ST. LAURENT BLVD,373258.4544,5029374.354,-75.62554624,45.40095972,2014-04-09,17:20,01 - Clear,01 - Dry,10 - No control,01 - Non intersection,01 - Daylight,03 - P.D. only,04 - Sideswipe,Elmvale - Eastway - Riverview - Riverview Park West
5803,BRONSON AVE @ CATHERINE ST/RAYMOND ST,367253.1824,5029797.514,-75.70219313,45.40532867,2014-03-22,11:06,03 - Snow,03 - Loose snow,01 - Traffic signal,03 - At intersection,01 - Daylight,03 - P.D. only,05 - Turning movement,Centretown West