Record,Location,X,Y,lon,lat,Date,Time,Environment,Road_Surface,Traffic_Control,Collision_Location,Light,Collision_Classification,Impact_type,Neighborhood
6007,INNES RD @ TRIM RD,386567.246,5037273.556,-75.4542606,45.47060128,2014-02-26,17:50,01 - Clear,01 - Dry,01 - Traffic signal,02 - Intersection related,05 - Dusk,03 - P.D. only,02 - Angle,Cardinal Creek
6008,INNES RD @ ORLEANS BLVD,380462.2169,5034298.299,-75.53278531,45.44452033,2014-04-01,8:10,01 - Clear,01 - Dry,01 - Traffic signal,03 - At intersection,01 - Daylight,03 - P.D. only,03 - Rear end,Orleans Village - Chateauneuf
6009,ELGIN ST btwn ARGYLE AVE & CATHERINE ST,368545.6006,5030591.79,-75.68558211,45.4123588,2014-04-01,10:20,01 - Clear,01 - Dry,10 - No control,04 - At/near private drive,01 - Daylight,03 - P.D. only,02 - Angle,Golden Triangle
6010,ALBERT ST @ EMPRESS AVE,366575.2792,5030720.566,-75.71073649,45.41369419,2014-02-18,8:17,03 - Snow,03 - Loose snow,01 - Traffic signal,02 - Intersection related,01 - Daylight,03 - P.D. only,07 - SMV other,Centretown West
6011,CLARKE AVE @ ST. LAURENT BLVD,371736.1431,5033354.538,-75.64444857,45.43691886,2014-01-27,11:43,03 - Snow,03 - Loose snow,01 - Traffic signal,03 - At intersection,01 - Daylight,03 - P.D. only,02 - Angle,Cummings
6012,BENLARK RD btwn CHESTER CRES & MONTAVISTA AVE,363738.7223,5014754.346,-75.74887632,45.27027627,2014-04-02,8:50,01 - Clear,01 - Dry,10 - No control,04 - At/near private drive,01 - Daylight,03 - P.D. only,06 - SMV unattended vehicle,Barrhaven West - Old Barrhaven
6013,WOODROFFE AVE @ KNOXDALE RD/MEDHURST DR,363422.0596,5021829.331,-75.75207496,45.33396331,2014-04-03,17:25,01 - Clear,01 - Dry,01 - Traffic signal,02 - Intersection related,01 - Daylight,03 - P.D. only,03 - Rear end,Woodvale - Craig Henry - Manordale - Estates of Arlington Wo
6014,MONTREAL RD @ BATHGATE DR/BURMA RD,373225.1963,5034514.696,-75.62525698,45.44721322,2014-04-08,9:39,02 - Rain,02 - Wet,01 - Traffic signal,03 - At intersection,01 - Daylight,03 - P.D. only,05 - Turning movement,Carson Grove - Carson Meadows
6015,ROBERTSON RD @ HAANEL DR,354980.9149,5019213.132,-75.86002844,45.31107678,2014-04-08,16:27,01 - Clear,02 - Wet,02 - Stop sign,02 - Intersection related,01 - Daylight,03 - P.D. only,03 - Rear end,Greenbelt
6016,ST. JOSEPH BLVD @ JEANNE D'ARC BLVD,379861.2164,5036470.633,-75.54013547,45.46413014,2014-06-13,8:35,02 - Rain,02 - Wet,11 - Roundabout,03 - At intersection,01 - Daylight,03 - P.D. only,02 - Angle,Chapel Hill
6017,ST. JOSEPH BLVD @ JEANNE D'ARC BLVD,379863.1122,5036470.633,-75.54011123,45.46412993,2014-06-10,15:00,01 - Clear,01 - Dry,11 - Roundabout,03 - At intersection,01 - Daylight,03 - P.D. only,04 - Sideswipe,Chapel Hill
6018,BRIDGESTONE DR/STEEPLE CHASE DR @ STONEHAVEN D,355105.1582,5016985.395,-75.85867007,45.29102231,2014-04-01,9:40,01 - Clear,01 - Dry,03 - Yield sign,03 - At intersection,01 - Daylight,03 - P.D. only,02 - Angle,Bridlewood - Emerald Meadows
6019,RIVERSIDE DR @ 175 S OF HUNT CLUB  RD/RUNWAY C,368029.9218,5021766.3,-75.6932996,45.3329961,2014-03-21,17:17,01 - Clear,01 - Dry,01 - Traffic signal,03 - At intersection,01 - Daylight,03 - P.D. only,05 - Turning movement,Hunt Club Woods - Quintarra - Revelstoke - Riverside South P
6020,MERIVALE RD btwn BASELINE RD & NE/OT BOUNDARY,365052.8007,5025300.87,-75.73084816,45.36506161,2014-03-22,10:00,03 - Snow,03 - Loose snow,10 - No control,01 - Non intersection,01 - Daylight,03 - P.D. only,07 - SMV other,Cityview - Skyline - Fisher Heights
6021,PLEASANT PARK RD @ VALLEY DR,373292.7298,5028685.32,-75.62520415,45.39475675,2014-04-04,12:43,01 - Clear,01 - Dry,02 - Stop sign,03 - At intersection,01 - Daylight,03 - P.D. only,02 - Angle,Elmvale - Eastway - Riverview - Riverview Park West
6022,ST. LAURENT BLVD btwn COVENTRY RD & LEMIEUX ST,372390.8615,5031744.45,-75.63630216,45.42236908,2014-04-04,13:15,01 - Clear,01 - Dry,10 - No control,04 - At/near private drive,01 - Daylight,03 - P.D. only,02 - Angle,Overbrook
6023,RIVERSIDE DR NB btwn FROBISHER LANE & HINCKS LANE,370163.3984,5030189.452,-75.66496856,45.40858948,2014-04-03,18:07,01 - Clear,01 - Dry,10 - No control,01 - Non intersection,01 - Daylight,03 - P.D. only,04 - Sideswipe,Industrial Park
6024,MAXWELL BRIDGE RD btwn FORDELL AVE & ARNCLIFFE AVE,349530.9556,5024885.106,-75.92901694,45.36248289,2014-04-11,7:30,01 - Clear,02 - Wet,10 - No control,04 - At/near private drive,01 - Daylight,03 - P.D. only,06 - SMV unattended vehicle,South March
6025,FROBISHER LANE W @ RIVERSIDE DR,370118.4901,5029601.533,-75.66562009,45.40330379,2014-04-11,16:17,01 - Clear,01 - Dry,01 - Traffic signal,03 - At intersection,01 - Daylight,03 - P.D. only,02 - Angle,Industrial Park
6026,ORLEANS BLVD @ MAPLE RUN AVE/BEAUSEJOUR DR S,380573.2278,5035314.621,-75.53120989,45.45365238,2014-04-06,17:20,01 - Clear,01 - Dry,01 - Traffic signal,03 - At intersection,01 - Daylight,03 - P.D. only,02 - Angle,Orleans Village - Chateauneuf
6027,HUNT CLUB RD @ LINDBERGH PRIV,368361.4774,5022134.885,-75.68902263,45.3362826,2014-02-28,13:27,01 - Clear,01 - Dry,02 - Stop sign,02 - Intersection related,01 - Daylight,03 - P.D. only,03 - Rear end,Hunt Club - Ottawa Airport
6028,CARLING AVE @ KIRKWOOD AVE S,364351.2266,5027335.653,-75.7395579,45.38343022,2014-03-31,8:20,01 - Clear,01 - Dry,01 - Traffic signal,02 - Intersection related,01 - Daylight,03 - P.D. only,04 - Sideswipe,Carlington
6029,PARENT AVE btwn GUIGUES AVE & ST. PATRICK ST,367783.0791,5032615.621,-75.69506443,45.4306376,2014-04-01,10:28,01 - Clear,01 - Dry,10 - No control,01 - Non intersection,01 - Daylight,03 - P.D. only,05 - Turning movement,Lower Town
6030,BRONSON AVE @ FIRST AVE,367489.115,5029235.852,-75.69925091,45.40025391,2014-04-02,8:30,01 - Clear,01 - Dry,02 - Stop sign,02 - Intersection related,01 - Daylight,03 - P.D. only,04 - Sideswipe,The Glebe
6031,KNIGHTSBRIDGE RD @ WOODROFFE AVE,361625.1062,5026558.628,-75.77445577,45.37666507,2014-04-01,15:30,01 - Clear,01 - Dry,02 - Stop sign,03 - At intersection,01 - Daylight,03 - P.D. only,02 - Angle,Carlingwood - McKellar Park - Laurentien View
6032,LOYOLA AVE btwn EASTVALE DR & DE SALABERRY ST,375754.1125,5035074.445,-75.59285076,45.45199736,2014-01-11,5:37,04 - Freezing Rain,06 - Ice,10 - No control,01 - Non intersection,07 - Dark,03 - P.D. only,01 - Approaching,Beacon Hill North
6033,PARKDALE AVE/SPENCER ST @ OXFORD ST,365059.221,5029474.565,-75.73025672,45.40261516,2014-02-20,14:57,01 - Clear,01 - Dry,02 - Stop sign,03 - At intersection,01 - Daylight,03 - P.D. only,02 - Angle,Islan
6034,MONTREAL RD btwn BETHAMY LANE & OGILVIE RD,375529.1426,5034476.965,-75.59581254,45.4466444,2014-02-04,15:45,01 - Clear,01 - Dry,10 - No control,01 - Non intersection,01 - Daylight,03 - P.D. only,03 - Rear end,Beacon Hill South - Cardinal Heights
6035,DUNLOE AVE btwn JUSTIN AVE & THORNWOOD RD,370611.819,5034815.23,-75.65862232,45.45016824,2014-04-04,8:15,01 - Clear,01 - Dry,10 - No control,04 - At/near private drive,01 - Daylight,03 - P.D. only,06 - SMV unattended vehicle,Manor Park
6036,MERIVALE RD @ RAVEN AVE,364841.9101,5026870.68,-75.7333492,45.37920459,2014-04-04,8:00,01 - Clear,01 - Dry,02 - Stop sign,02 - Intersection related,01 - Daylight,03 - P.D. only,03 - Rear end,Carlington
6037,MERIVALE RD btwn WOODFIELD DR & 170 N OF WEST HUNT CLUB RD/COSTCO SC,365469.8101,5022279.542,-75.72589606,45.33784019,2014-04-08,16:45,02 - Rain,02 - Wet,10 - No control,01 - Non intersection,01 - Daylight,03 - P.D. only,03 - Rear end,Tanglewood
6038,BRONSON AVE btwn CLEMOW AVE & CARLING AVE,367441.0719,5029350.728,-75.69984993,45.40129183,2014-04-08,15:30,02 - Rain,02 - Wet,10 - No control,01 - Non intersection,01 - Daylight,03 - P.D. only,04 - Sideswipe,The Glebe
6039,ST. JOSEPH BLVD @ JEANNE D'ARC BLVD,379860.2686,5036469.685,-75.54014773,45.46412171,2014-04-10,15:39,01 - Clear,01 - Dry,11 - Roundabout,03 - At intersection,01 - Daylight,03 - P.D. only,02 - Angle,Chapel Hill
6040,RIVER RD btwn LORNE BRIDGE RD & ROGER STEVENS DR,372870.0989,5002087.538,-75.63424829,45.15547756,2014-03-22,11:20,03 - Snow,03 - Loose snow,10 - No control,01 - Non intersection,01 - Daylight,03 - P.D. only,07 - SMV other,Kars - Osgoode
6041,DALY AVE @ FRIEL ST,368850.7048,5032432.338,-75.6814452,45.42889153,2014-04-04,13:33,01 - Clear,01 - Dry,02 - Stop sign,03 - At intersection,01 - Daylight,03 - P.D. only,02 - Angle,Sandy Hill
6042,PRINCE OF WALES DR @ MEADOWLANDS DR/HOG'S BACK,367372.4259,5025694.237,-75.70119021,45.36839781,2014-04-04,14:32,02 - Rain,02 - Wet,01 - Traffic signal,03 - At intersection,01 - Daylight,03 - P.D. only,05 - Turning movement,Carleton Heights - Rideauview
6043,KING EDWARD AVE @ GEORGE ST,368462.2383,5032481.596,-75.68640285,45.4293702,2014-04-09,14:45,01 - Clear,01 - Dry,02 - Stop sign,03 - At intersection,01 - Daylight,03 - P.D. only,02 - Angle,Byward Market
6044,BLAKE BLVD btwn LAFONTAINE AVE & JEAN TALON ST,370953.6199,5033039.959,-75.65449165,45.43416289,2014-04-09,15:03,01 - Clear,01 - Dry,10 - No control,01 - Non intersection,01 - Daylight,03 - P.D. only,06 - SMV unattended vehicle,Vanier South
6045,HIGHWAY 417 btwn REGIONAL ROAD 174 & HWY417 IC113 RAMP85,373937.1954,5031706.842,-75.61655022,45.42187959,2014-04-04,3:14,01 - Clear,01 - Dry,10 - No control,01 - Non intersection,07 - Dark,03 - P.D. only,07 - SMV other,Pineview
6046,CHARLEMAGNE BLVD @ PRINCESS LOUISE DR E,384093.231,5038135.562,-75.48575713,45.47864207,2014-04-04,13:15,01 - Clear,02 - Wet,02 - Stop sign,02 - Intersection related,01 - Daylight,03 - P.D. only,04 - Sideswipe,Fallingbrook
6047,CHURCHILL AVE   N btwn WHITBY AVE & MADISON AVE,363188.4727,5028382.662,-75.75428059,45.39294893,2014-04-11,17:14,01 - Clear,01 - Dry,10 - No control,01 - Non intersection,01 - Daylight,03 - P.D. only,01 - Approaching,Westboro
6048,EAGLESON RD @ 146 N OF ABBEYHILL DR/HAZELDEAN ,353772.8176,5018173.951,-75.8755374,45.30181131,2014-04-11,16:50,01 - Clear,01 - Dry,01 - Traffic signal,03 - At intersection,01 - Daylight,03 - P.D. only,02 - Angle,Greenbelt
6049,INNES RD btwn JEANNE D'ARC BLVD S & WILDFLOWER DR,382751.9716,5035615.895,-75.50331023,45.45612335,2014-04-06,13:50,01 - Clear,01 - Dry,10 - No control,01 - Non intersection,01 - Daylight,03 - P.D. only,03 - Rear end,Queenswood Heights
6050,QUEEN ST @ LYON ST,367021.0734,5031285.685,-75.70497005,45.41873947,2014-03-06,7:09,01 - Clear,01 - Dry,01 - Traffic signal,02 - Intersection related,01 - Daylight,03 - P.D. only,04 - Sideswipe,Downtown
6051,BANK ST @ SUNNYSIDE AVE,368735.1826,5028582.497,-75.68342076,45.39426254,2014-03-06,18:30,01 - Clear,01 - Dry,01 - Traffic signal,02 - Intersection related,07 - Dark,03 - P.D. only,03 - Rear end,Old Ottawa South
6052,COVENTRY RD @ VANIER PKWY,370676.8588,5031610.755,-75.65821971,45.42132965,2014-04-01,12:05,01 - Clear,01 - Dry,01 - Traffic signal,02 - Intersection related,01 - Daylight,03 - P.D. only,04 - Sideswipe,Overbrook
6053,BRONSON AVE @ CARLING AVE/GLEBE AVE,367448.6876,5029337.617,-75.69975432,45.40117318,2014-04-01,14:00,01 - Clear,01 - Dry,01 - Traffic signal,02 - Intersection related,01 - Daylight,03 - P.D. only,03 - Rear end,The Glebe
6054,BOURASSA ST @ ST. LAURENT BLVD,373237.2059,5029691.661,-75.62577359,45.40381678,2014-04-02,16:32,01 - Clear,01 - Dry,01 - Traffic signal,02 - Intersection related,01 - Daylight,03 - P.D. only,03 - Rear end,Industrial Park
6055,TERRY FOX DR @ PALLADIUM DR/KATIMAVIK RD,351269.2441,5018179.879,-75.90745867,45.30203472,2014-04-02,15:10,01 - Clear,01 - Dry,01 - Traffic signal,02 - Intersection related,01 - Daylight,03 - P.D. only,03 - Rear end,Katimavik - Hazeldean
6056,MAIN ST @ TORONTO ST,369512.7468,5029341.942,-75.67339112,45.40102434,2014-01-11,7:32,04 - Freezing Rain,06 - Ice,02 - Stop sign,03 - At intersection,03 - Dawn,03 - P.D. only,05 - Turning movement,Old Ottawa East
6057,OLD TENTH LINE RD/OR174 IC101 RAMP63 @ ST. JOS,383119.7138,5038784.936,-75.49810394,45.48459442,2014-02-26,18:09,01 - Clear,01 - Dry,01 - Traffic signal,03 - At intersection,05 - Dusk,03 - P.D. only,05 - Turning movement,Industrial Park
6058,EAGLESON RD @ HAZELDEAN RD/ROBERTSON RD,353675.9946,5018423.512,-75.87674733,45.30406365,2014-02-28,9:31,01 - Clear,02 - Wet,01 - Traffic signal,02 - Intersection related,01 - Daylight,03 - P.D. only,03 - Rear end,Greenbelt
6059,HIGHWAY 417 btwn HWY417 IC127 RAMP63 & HWY417 IC127 RAMP67,362110.649,5024843.783,-75.76845579,45.36119551,2014-02-21,18:05,04 - Freezing Rain,02 - Wet,10 - No control,01 - Non intersection,05 - Dusk,03 - P.D. only,04 - Sideswipe,Whitehaven - Queensway Terrace North
6060,NEWBURY AVE btwn TIVERTON DR & BELIVEAU ST,365603.2275,5024524.075,-75.72391795,45.35802461,2014-04-04,8:30,01 - Clear,01 - Dry,10 - No control,01 - Non intersection,01 - Daylight,03 - P.D. only,99 - Other,Borden Farm - Stewart Farm - Parkwood Hills - Fisher Glen
6061,CARILLON ST @ DUROCHER ST,370017.2361,5033376.54,-75.66641368,45.43727927,2014-03-30,11:57,01 - Clear,03 - Loose snow,02 - Stop sign,03 - At intersection,01 - Daylight,03 - P.D. only,06 - SMV unattended vehicle,Vanier North
6062,NICHOLAS ST SB btwn Continuation of NICHOLAS ST & HWY417 IC118 RAMP35,368603.8156,5031615.497,-75.68470588,45.42156445,2014-04-08,17:38,01 - Clear,02 - Wet,10 - No control,01 - Non intersection,01 - Daylight,03 - P.D. only,03 - Rear end,Sandy Hill
6063,TALLWOOD DR @ AVENSHIRE GT/MERIDIAN PL,362815.0896,5022616.986,-75.75972594,45.34110103,2014-04-08,17:38,01 - Clear,01 - Dry,02 - Stop sign,02 - Intersection related,01 - Daylight,03 - P.D. only,99 - Other,Centrepointe
6064,ST. JOSEPH BLVD @ JEANNE D'ARC BLVD,379860.2686,5036469.685,-75.54014773,45.46412171,2014-06-27,8:10,01 - Clear,01 - Dry,11 - Roundabout,03 - At intersection,01 - Daylight,03 - P.D. only,02 - Angle,Chapel Hill
6065,ST. JOSEPH BLVD @ JEANNE D'ARC BLVD,379861.2164,5036468.737,-75.54013576,45.46411308,2014-06-12,20:17,01 - Clear,01 - Dry,11 - Roundabout,03 - At intersection,01 - Daylight,03 - P.D. only,02 - Angle,Chapel Hill
6066,MAITLAND AVE/GLENMOUNT AVE @ ERINDALE DR,363699.113,5025210.566,-75.74813779,45.36436412,2014-04-01,16:30,01 - Clear,01 - Dry,01 - Traffic signal,02 - Intersection related,01 - Daylight,03 - P.D. only,04 - Sideswipe,Braemar Park - Bel Air Heights - Copeland Park
6067,RIVERSIDE DR btwn TURN LANE & RAMP (2),368403.9113,5027239.308,-75.68782443,45.38220709,2014-04-03,11:10,01 - Clear,01 - Dry,10 - No control,01 - Non intersection,01 - Daylight,03 - P.D. only,04 - Sideswipe,Alta Vista
6068,SANDALWOOD DR btwn BAYCREST DR & HERON RD,371466.1978,5026898.32,-75.64877155,45.37885428,2014-03-23,16:31,01 - Clear,01 - Dry,10 - No control,04 - At/near private drive,01 - Daylight,03 - P.D. only,02 - Angle,Ledbury - Heron Gate - Ridgemont - Elmwood
6069,BANK ST @ LISGAR ST,367606.1356,5031062.673,-75.69752358,45.4166806,2014-03-23,18:40,01 - Clear,01 - Dry,01 - Traffic signal,03 - At intersection,05 - Dusk,03 - P.D. only,07 - SMV other,Centretown
6070,KELLY FARM DR btwn Continuation of KELLY FARM DR & CRESTON VALLEY WAY,374801.3684,5020175.338,-75.60714304,45.31803843,2014-04-04,12:00,01 - Clear,01 - Dry,10 - No control,04 - At/near private drive,01 - Daylight,03 - P.D. only,06 - SMV unattended vehicle,Greenbelt
6071,FISHER AVE btwn MCCOOEY LANE & BASELINE RD,366088.6201,5026214.338,-75.7175134,45.37319101,2014-04-04,15:46,01 - Clear,01 - Dry,10 - No control,01 - Non intersection,01 - Daylight,03 - P.D. only,04 - Sideswipe,Civic Hospital - Experimental Farm - Central Park
6072,MACKENZIE KING BR/WALLER ST @ NICHOLAS ST/WALL,368372.4083,5031994.166,-75.68761367,45.42499265,2014-04-09,17:30,01 - Clear,01 - Dry,01 - Traffic signal,02 - Intersection related,01 - Daylight,03 - P.D. only,03 - Rear end,Sandy Hill
6073,HAZELDEAN RD @ JOHNWOODS ST/VICTOR ST,350187.0639,5015397.394,-75.92151169,45.27706782,2014-04-09,17:33,01 - Clear,01 - Dry,01 - Traffic signal,02 - Intersection related,01 - Daylight,03 - P.D. only,04 - Sideswipe,Stittsville
6074,TERRY FOX DR @ WESTPHALIAN AVE,353455.2261,5015759.789,-75.87982363,45.28011017,2014-04-07,7:50,01 - Clear,01 - Dry,01 - Traffic signal,02 - Intersection related,01 - Daylight,03 - P.D. only,03 - Rear end,Glen Cairn - Kanata South Business Park
6075,VANIER PKWY/CRICHTON ST @ BEECHWOOD AVE/ST. PA,369127.1279,5033485.135,-75.67777539,45.43833882,2014-04-08,6:22,02 - Rain,02 - Wet,01 - Traffic signal,03 - At intersection,01 - Daylight,03 - P.D. only,05 - Turning movement,Lindenlea - New Edinburgh
6076,WILHAVEN DR btwn LOUGH DR & EMMETT RD,393855.948,5041152.759,-75.36035793,45.50460985,2014-04-11,18:10,01 - Clear,01 - Dry,10 - No control,01 - Non intersection,01 - Daylight,03 - P.D. only,07 - SMV other,Cumberland - Estates
6077,REDCAR CRES btwn LAXFORD DR & LAXFORD DR,349141.7685,5023567.047,-75.93410283,45.35064743,2014-04-04,0:00,01 - Clear,01 - Dry,10 - No control,01 - Non intersection,00 - Unknown,03 - P.D. only,06 - SMV unattended vehicle,Morgan's Grant
6078,DALY AVE btwn FRIEL ST & CHAPEL ST,368949.0694,5032491.702,-75.68018052,45.42941665,2014-04-06,0:00,01 - Clear,01 - Dry,10 - No control,01 - Non intersection,00 - Unknown,03 - P.D. only,06 - SMV unattended vehicle,Sandy Hill
6079,FITZGERALD RD @ ROBERTSON RD,356791.4283,5020290.519,-75.8368269,45.32063954,2014-04-07,12:15,01 - Clear,01 - Dry,01 - Traffic signal,02 - Intersection related,01 - Daylight,03 - P.D. only,04 - Sideswipe,Bells Corners West
6080,RICHMOND RD @ BELLFIELD ST/RIDGEVALLEY DR,359492.7467,5023528.744,-75.80201505,45.34957192,2014-04-01,16:25,01 - Clear,01 - Dry,02 - Stop sign,03 - At intersection,01 - Daylight,03 - P.D. only,05 - Turning movement,Bayshore
6081,MCNAUGHTON AVE btwn MCGILLIVRAY ST & MERRITT AVE,369171.8031,5029778.385,-75.67768875,45.40498274,2014-03-30,8:30,03 - Snow,05 - Packed snow,10 - No control,04 - At/near private drive,01 - Daylight,03 - P.D. only,06 - SMV unattended vehicle,Old Ottawa East
6082,KENT ST btwn MCLEOD ST & FLORA ST,367817.8129,5030339.681,-75.69491168,45.41015631,2014-04-02,17:03,01 - Clear,01 - Dry,10 - No control,01 - Non intersection,01 - Daylight,03 - P.D. only,04 - Sideswipe,Centretown
6083,ISABELLA ST btwn METCALFE ST & ELGIN ST,368464.7826,5030407.986,-75.68663829,45.41071235,2014-04-02,16:55,01 - Clear,01 - Dry,10 - No control,04 - At/near private drive,01 - Daylight,03 - P.D. only,05 - Turning movement,The Glebe
6084,HWY 417 INNES IC112R68 @ INNES RD,374641.4875,5030922.273,-75.60766293,45.41475049,2014-03-01,9:24,03 - Snow,05 - Packed snow,01 - Traffic signal,03 - At intersection,01 - Daylight,03 - P.D. only,03 - Rear end,Industrial Park
6085,RIVERSIDE DR @ HERON RD,368121.5788,5026649.117,-75.69150494,45.37692229,2014-03-01,7:45,01 - Clear,02 - Wet,01 - Traffic signal,03 - At intersection,01 - Daylight,03 - P.D. only,02 - Angle,Riverside Park
6086,KIRKWOOD AVE N @ CARLING AVE,364275.3972,5027493.947,-75.74050705,45.38486096,2014-02-27,10:47,03 - Snow,02 - Wet,01 - Traffic signal,03 - At intersection,01 - Daylight,03 - P.D. only,05 - Turning movement,Westboro
6087,BRIDGE ST @ WEST RIVER DR/ARTHUR CRES S,368975.7374,5010213.156,-75.68272782,45.22895663,2014-03-27,16:23,03 - Snow,06 - Ice,02 - Stop sign,02 - Intersection related,01 - Daylight,03 - P.D. only,03 - Rear end,Manotick
6088,BRONSON AVE @ COMMISSIONER ST/SLATER ST,366771.0751,5030947.62,-75.70820662,45.41571984,2014-04-14,17:05,02 - Rain,02 - Wet,01 - Traffic signal,03 - At intersection,01 - Daylight,03 - P.D. only,05 - Turning movement,Byward Market - Parliament Hill
6089,MANOR AVE btwn HILLCREST RD & DAVID THOMAS LANE,368779.7665,5034941.975,-75.68202545,45.45147876,2014-04-14,16:30,02 - Rain,02 - Wet,10 - No control,01 - Non intersection,01 - Daylight,03 - P.D. only,99 - Other,Rockcliffe - Manor Park
6090,TERRY FOX DR @ PALLADIUM DR/KATIMAVIK RD,351270.1919,5018181.775,-75.90744641,45.30205172,2014-04-15,11:10,01 - Clear,02 - Wet,01 - Traffic signal,02 - Intersection related,01 - Daylight,03 - P.D. only,03 - Rear end,Katimavik - Hazeldean
6091,BRONSON AVE @ FIFTH AVE/MADAWASKA DR,367614.1866,5028939.502,-75.69769122,45.39757622,2014-04-22,18:00,01 - Clear,01 - Dry,01 - Traffic signal,02 - Intersection related,01 - Daylight,03 - P.D. only,04 - Sideswipe,The Glebe
6092,BANK ST btwn RIDEAU RD & TURN LANE,377369.3173,5016867.744,-75.57487764,45.28801739,2014-04-24,5:34,01 - Clear,01 - Dry,10 - No control,01 - Non intersection,03 - Dawn,03 - P.D. only,07 - SMV other,Osgoode
6093,RENAUD RD @ RENAUD RD N,379766.5259,5032027.078,-75.54202313,45.42416047,2014-04-22,15:30,02 - Rain,02 - Wet,02 - Stop sign,03 - At intersection,01 - Daylight,03 - P.D. only,02 - Angle,Greenbelt
6094,DALY AVE @ CHARLOTTE ST,369334.7079,5032722.107,-75.67522241,45.43145426,2014-04-22,17:13,02 - Rain,02 - Wet,02 - Stop sign,03 - At intersection,01 - Daylight,03 - P.D. only,02 - Angle,Sandy Hill
6095,STRANDHERD DR @ 215 W OF GREENBANK RD/BARRHAVE,363745.2775,5014678.406,-75.7488018,45.26959241,2014-03-05,21:25,01 - Clear,02 - Wet,01 - Traffic signal,03 - At intersection,07 - Dark,03 - P.D. only,02 - Angle,New Barrhaven
6096,CARLING AVE @ CROYDON AVE,360660.1024,5025041.57,-75.78694754,45.36309227,2014-03-21,6:44,01 - Clear,02 - Wet,01 - Traffic signal,03 - At intersection,03 - Dawn,03 - P.D. only,05 - Turning movement,Whitehaven - Queensway Terrace North
6097,BREWER RD @ BRONSON AVE,368107.6253,5027764.54,-75.69154004,45.38695982,2014-03-24,8:56,01 - Clear,01 - Dry,01 - Traffic signal,02 - Intersection related,01 - Daylight,03 - P.D. only,03 - Rear end,Carleto
6098,CARLING AVE @ RICHMOND RD,360244.2572,5024784.356,-75.79228424,45.36081088,2014-03-27,8:37,01 - Clear,02 - Wet,01 - Traffic signal,02 - Intersection related,01 - Daylight,03 - P.D. only,03 - Rear end,Whitehaven - Queensway Terrace North
6099,ALBERT ST @ BOOTH ST,366428.2193,5030627.514,-75.71262683,45.4128699,2014-03-06,16:06,01 - Clear,01 - Dry,01 - Traffic signal,03 - At intersection,01 - Daylight,03 - P.D. only,03 - Rear end,Centretown West
6100,LAURIER AVE @ NICHOLAS ST,368373.1631,5031798.27,-75.68762931,45.42322998,2014-03-20,11:30,01 - Clear,01 - Dry,01 - Traffic signal,03 - At intersection,01 - Daylight,03 - P.D. only,03 - Rear end,Sandy Hill
6101,STRANDHERD DR @ LONGFIELDS DR,364548.3366,5015171.429,-75.7385092,45.27396086,2014-04-15,14:10,03 - Snow,02 - Wet,01 - Traffic signal,02 - Intersection related,01 - Daylight,03 - P.D. only,04 - Sideswipe,New Barrhaven
6102,ROBERTSON RD btwn WESTCLIFFE RD & FITZGERALD RD,356777.7273,5020283.611,-75.83700237,45.32057839,2014-04-09,18:48,01 - Clear,01 - Dry,10 - No control,01 - Non intersection,01 - Daylight,03 - P.D. only,03 - Rear end,Bells Corners West
6103,8TH LINE RD btwn FOREST GREEN CRES & PANA RD,384547.8364,5013554.062,-75.48391104,45.2574251,2014-04-10,12:03,01 - Clear,01 - Dry,10 - No control,01 - Non intersection,01 - Daylight,03 - P.D. only,07 - SMV other,Metcalfe
6104,KING EDWARD AVE @ GEORGE ST,368462.2052,5032482.356,-75.68640318,45.42937704,2014-04-14,12:39,01 - Clear,01 - Dry,02 - Stop sign,02 - Intersection related,01 - Daylight,03 - P.D. only,05 - Turning movement,Byward Market
6105,HAIG DR btwn RAGLAN AVE & SAUNDERSON DR,372549.1938,5029448.198,-75.63459479,45.40169313,2014-03-31,16:15,01 - Clear,01 - Dry,10 - No control,04 - At/near private drive,01 - Daylight,03 - P.D. only,06 - SMV unattended vehicle,Elmvale - Eastway - Riverview - Riverview Park West
6106,BANK ST btwn CENOTE RD & STONE SCHOOL RD,381354.1623,5012106.569,-75.52481939,45.24475599,2014-04-02,20:10,01 - Clear,01 - Dry,10 - No control,01 - Non intersection,07 - Dark,03 - P.D. only,07 - SMV other,Osgoode
6107,EMPEROR AVE btwn HOLLINGTON ST & BAKERVALE DR,365407.5669,5026990.774,-75.72611248,45.38023647,2014-04-16,19:20,01 - Clear,01 - Dry,10 - No control,01 - Non intersection,01 - Daylight,03 - P.D. only,06 - SMV unattended vehicle,Carlington
6108,DALHOUSIE ST btwn RIDEAU ST & BESSERER ST,368212.8702,5032219.998,-75.68962311,45.42703909,2014-02-08,2:56,01 - Clear,02 - Wet,10 - No control,01 - Non intersection,07 - Dark,03 - P.D. only,04 - Sideswipe,Byward Market - Parliament Hill
6109,PRINCE OF WALES DR @ FALLOWFIELD RD,367400.1839,5019164.574,-75.701662,45.30964264,2014-03-30,16:45,01 - Clear,01 - Dry,01 - Traffic signal,03 - At intersection,01 - Daylight,03 - P.D. only,04 - Sideswipe,Greenbelt
6110,MAPLE RUN AVE btwn OAK MEADOWS DR & RED WILLOW DR,380651.3243,5035125.101,-75.53024077,45.45193876,2014-03-31,7:35,01 - Clear,01 - Dry,10 - No control,01 - Non intersection,01 - Daylight,03 - P.D. only,01 - Approaching,Orleans Village - Chateauneuf