Record,Location,X,Y,lon,lat,Date,Time,Environment,Road_Surface,Traffic_Control,Collision_Location,Light,Collision_Classification,Impact_type,Neighborhood
6111,TENTH LINE RD @ CHARLEMAGNE BLVD N/TOMPKINS AV,383184.4038,5037977.882,-75.49740534,45.47732603,2014-04-17,16:30,01 - Clear,01 - Dry,01 - Traffic signal,02 - Intersection related,01 - Daylight,03 - P.D. only,03 - Rear end,Queenswood Heights
6112,MONTREAL RD @ SHEFFORD RD,376124.3087,5034853.575,-75.58815042,45.44997242,2014-04-17,16:55,01 - Clear,01 - Dry,01 - Traffic signal,02 - Intersection related,01 - Daylight,03 - P.D. only,03 - Rear end,Beacon Hill South - Cardinal Heights
6113,REGIONAL RD 174 @ TRIM RD,384353.2751,5039992.236,-75.48213059,45.49531705,2014-04-15,12:07,02 - Rain,02 - Wet,01 - Traffic signal,02 - Intersection related,01 - Daylight,03 - P.D. only,03 - Rear end,Cumberland - Estates
6114,FISHER AVE btwn TRENT ST & 220 S OF TRENT ST,365823.9224,5026839.138,-75.72081534,45.37883594,2014-04-15,13:51,03 - Snow,02 - Wet,10 - No control,04 - At/near private drive,01 - Daylight,03 - P.D. only,02 - Angle,Civic Hospital - Experimental Farm - Central Park
6115,CYRVILLE RD @ STAR TOP RD,373831.1502,5031518.563,-75.61793151,45.42019602,2014-04-24,7:46,01 - Clear,01 - Dry,01 - Traffic signal,02 - Intersection related,01 - Daylight,03 - P.D. only,03 - Rear end,Pineview
6116,AVIATION PKWY @ OGILVIE RD,373111.1729,5032379.49,-75.62701079,45.42801289,2014-04-22,17:40,01 - Clear,01 - Dry,01 - Traffic signal,02 - Intersection related,01 - Daylight,03 - P.D. only,03 - Rear end,Industrial Park
6117,RIVERSIDE DR @ WALKLEY RD,368419.1978,5024854.477,-75.68793641,45.36074763,2014-03-16,5:41,01 - Clear,01 - Dry,01 - Traffic signal,03 - At intersection,07 - Dark,03 - P.D. only,07 - SMV other,Riverside Park
6118,IRIS ST @ WOODROFFE AVE,362282.2182,5024441.52,-75.76631276,45.35756193,2014-03-18,17:00,01 - Clear,01 - Dry,01 - Traffic signal,02 - Intersection related,01 - Daylight,03 - P.D. only,04 - Sideswipe,Iris
6119,L'ALLEMAND ST @ MONTREAL RD,370573.6086,5033346.214,-75.65930712,45.43695429,2014-03-25,13:37,01 - Clear,01 - Dry,02 - Stop sign,03 - At intersection,01 - Daylight,03 - P.D. only,05 - Turning movement,Vanier South
6120,SHEA RD btwn BROWNLEE RD & GARVIN RD,356645.8968,5008035.369,-75.83996229,45.21037593,2014-03-27,8:31,01 - Clear,03 - Loose snow,10 - No control,01 - Non intersection,01 - Daylight,03 - P.D. only,07 - SMV other,Munster Hamlet - Richmond
6121,MACDONALD-CARTIER BR btwn RAMP & END (2),367419.9401,5033214.392,-75.6996288,45.43605775,2014-04-10,8:08,01 - Clear,01 - Dry,10 - No control,07 - Overpass or bridge,01 - Daylight,03 - P.D. only,03 - Rear end,Byward Market - Parliament Hill
6122,ST. LAURENT BLVD btwn INDUSTRIAL AVE & BOURASSA ST,373129.4134,5029951.585,-75.62711437,45.40616598,2014-04-15,15:10,02 - Rain,02 - Wet,10 - No control,04 - At/near private drive,01 - Daylight,03 - P.D. only,04 - Sideswipe,Industrial Park
6123,BASELINE RD btwn PINECREST RD & ROCKWAY CRES,361096.9982,5022881.319,-75.781617,45.34361947,2014-02-24,15:40,01 - Clear,01 - Dry,10 - No control,01 - Non intersection,01 - Daylight,03 - P.D. only,04 - Sideswipe,Iris
6124,BASELINE RD @ ROCKWAY CRES,361187.0456,5022932.504,-75.78046219,45.3440728,2014-06-05,15:19,01 - Clear,01 - Dry,02 - Stop sign,03 - At intersection,01 - Daylight,03 - P.D. only,03 - Rear end,Iris
6125,NAVAN RD @ PAGE RD,381660.9946,5032771.784,-75.51770155,45.43065517,2014-04-16,6:45,01 - Clear,01 - Dry,02 - Stop sign,03 - At intersection,01 - Daylight,03 - P.D. only,02 - Angle,Chapel Hill South
6126,NAVAN RD @ PAGE RD,381662.2291,5032771.784,-75.51768578,45.43065504,2014-04-26,23:22,02 - Rain,02 - Wet,02 - Stop sign,03 - At intersection,07 - Dark,03 - P.D. only,02 - Angle,Chapel Hill South
6127,LACASSE AVE @ MONTREAL RD,370686.7064,5033407.862,-75.65785345,45.43749832,2014-04-10,12:30,01 - Clear,01 - Dry,01 - Traffic signal,03 - At intersection,01 - Daylight,03 - P.D. only,04 - Sideswipe,Vanier South
6128,BRANT ST @ MCARTHUR AVE,371262.2456,5032805.577,-75.65057918,45.43202476,2014-04-12,6:25,01 - Clear,01 - Dry,01 - Traffic signal,03 - At intersection,03 - Dawn,03 - P.D. only,07 - SMV other,Vanier South
6129,KNIGHTSBRIDGE RD @ WOODROFFE AVE,361624.6983,5026560.778,-75.77446073,45.37668445,2014-04-14,15:38,01 - Clear,01 - Dry,02 - Stop sign,03 - At intersection,01 - Daylight,03 - P.D. only,02 - Angle,Carlingwood - McKellar Park - Laurentien View
6130,ELSETT DR @ SAUNDERSON DR,373172.234,5028458.318,-75.62677441,45.39272606,2014-04-14,16:55,02 - Rain,02 - Wet,02 - Stop sign,03 - At intersection,01 - Daylight,03 - P.D. only,02 - Angle,Urbandale
6131,MONTREAL RD btwn BLAIR RD & CLOVELLY RD,374040.0994,5034435.793,-75.61485166,45.44642305,2014-04-07,14:42,01 - Clear,01 - Dry,10 - No control,01 - Non intersection,01 - Daylight,03 - P.D. only,03 - Rear end,Beacon Hill South - Cardinal Heights
6132,PARKDALE AVE @ SCOTT ST,364949.2297,5029726.56,-75.73163087,45.40489201,2014-02-22,18:49,01 - Clear,06 - Ice,01 - Traffic signal,02 - Intersection related,07 - Dark,03 - P.D. only,03 - Rear end,Islan
6133,OLD SECOND LINE RD @ TERRY FOX DR,348795.2,5022408.413,-75.93862864,45.34024358,2014-04-10,20:58,02 - Rain,02 - Wet,01 - Traffic signal,02 - Intersection related,07 - Dark,03 - P.D. only,03 - Rear end,South March
6134,TRAIL SIDE CIRC @ VALIN ST,386985.223,5037679.958,-75.44884793,45.4742086,2014-02-14,9:10,03 - Snow,06 - Ice,02 - Stop sign,02 - Intersection related,01 - Daylight,03 - P.D. only,01 - Approaching,Cardinal Creek
6135,STEVENSON AVE btwn CARLING AVE & CRERAR AVE,365271.8993,5027911.137,-75.72773188,45.38852943,2014-04-11,11:31,01 - Clear,01 - Dry,10 - No control,01 - Non intersection,01 - Daylight,03 - P.D. only,06 - SMV unattended vehicle,Carlington
6136,CARLETON CATHCART ST @ STITTSVILLE MAIN ST,350635.8169,5012885.526,-75.91602413,45.25443607,2014-04-17,16:30,01 - Clear,01 - Dry,01 - Traffic signal,02 - Intersection related,01 - Daylight,03 - P.D. only,03 - Rear end,Stittsville
6137,THURSTON DR btwn CONROY RD & THOMAS SPRATT PL,373613.0681,5027015.215,-75.6213461,45.37969848,2014-04-15,14:25,03 - Snow,02 - Wet,10 - No control,04 - At/near private drive,01 - Daylight,03 - P.D. only,02 - Angle,Industrial Park
6138,BASELINE RD/HERON RD @ PRINCE OF WALES DR,366874.3099,5026437.338,-75.70745524,45.37512836,2014-04-15,15:00,02 - Rain,02 - Wet,01 - Traffic signal,02 - Intersection related,01 - Daylight,03 - P.D. only,04 - Sideswipe,Civic Hospital - Experimental Farm - Central Park
6139,SECORD AVE btwn CLOVER ST & CLEMENTINE BLVD,369384.0485,5026867.242,-75.67535876,45.37876968,2014-12-17,8:00,02 - Rain,04 - Slush,10 - No control,01 - Non intersection,01 - Daylight,03 - P.D. only,05 - Turning movement,Alta Vista
6140,PRINCE OF WALES DR btwn WATERFORD WAY & AMBERWOOD CRES,367429.5446,5020674.033,-75.70109676,45.32322191,2014-04-23,7:53,01 - Clear,01 - Dry,10 - No control,01 - Non intersection,01 - Daylight,03 - P.D. only,03 - Rear end,Industrial Park
6141,CONROY RD btwn ST. LAURENT BLVD & THURSTON DR,373112.1827,5027036.465,-75.62773807,45.3799387,2014-04-23,8:37,01 - Clear,01 - Dry,10 - No control,01 - Non intersection,01 - Daylight,03 - P.D. only,03 - Rear end,Industrial Park
6142,OLD SECOND LINE RD @ TERRY FOX DR,348795.2,5022408.413,-75.93862864,45.34024358,2014-03-30,13:42,01 - Clear,02 - Wet,01 - Traffic signal,02 - Intersection related,01 - Daylight,03 - P.D. only,04 - Sideswipe,South March
6143,VANIER PKWY/CRICHTON ST @ BEECHWOOD AVE/ST. PA,369129.2188,5033487.134,-75.6777484,45.43835661,2014-04-12,23:00,01 - Clear,01 - Dry,01 - Traffic signal,02 - Intersection related,07 - Dark,03 - P.D. only,03 - Rear end,Vanier North
6144,WEST HUNT CLUB RD @ 545 E OF ROYDON PL/SUNDERLAND ST,366352.0774,5022409.985,-75.71462378,45.33893706,2014-01-03,11:24,01 - Clear,06 - Ice,01 - Traffic signal,02 - Intersection related,01 - Daylight,03 - P.D. only,04 - Sideswipe,Industrial Park
6145,TENTH LINE RD btwn 275 N OF DES EPINETTES AVE/FALLINGBROOK SC & DES EP,383579.5048,5037038.568,-75.49250309,45.46883047,2014-01-24,17:41,01 - Clear,06 - Ice,10 - No control,01 - Non intersection,07 - Dark,03 - P.D. only,03 - Rear end,Orlans
6146,NAVAN RD @ PAGE RD,381659.2861,5032772.446,-75.51772328,45.43066131,2014-04-30,16:31,02 - Rain,02 - Wet,02 - Stop sign,03 - At intersection,01 - Daylight,03 - P.D. only,02 - Angle,Chapel Hill South
6147,NAVAN RD @ PAGE RD,381660.9946,5032770.55,-75.51770174,45.43064407,2014-04-30,17:03,02 - Rain,02 - Wet,02 - Stop sign,02 - Intersection related,01 - Daylight,03 - P.D. only,03 - Rear end,Chapel Hill South
6148,CARP RD btwn GALETTA SIDE RD & STYLES SIDE RD,328925.4152,5034502.016,-76.19156713,45.45003221,2014-04-12,2:30,01 - Clear,01 - Dry,10 - No control,01 - Non intersection,07 - Dark,03 - P.D. only,07 - SMV other,Fitzroy
6149,WEST HUNT CLUB RD btwn HWY416 IC72 RAMP63 & CEDARVIEW RD,359589.4564,5019487.548,-75.80122825,45.31320157,2014-04-12,7:42,01 - Clear,01 - Dry,10 - No control,01 - Non intersection,01 - Daylight,03 - P.D. only,03 - Rear end,Greenbelt
6150,MONTREAL RD btwn MONA AVE & LAFONTAINE AVE,370768.3493,5033450.91,-75.65680426,45.43787795,2014-04-08,15:15,02 - Rain,02 - Wet,10 - No control,04 - At/near private drive,01 - Daylight,03 - P.D. only,02 - Angle,Vanier North
6151,FALLOWFIELD RD btwn ASHDALE AVE & PRINCE OF WALES DR,367073.5451,5018961.057,-75.70585278,45.30784046,2014-04-08,15:45,02 - Rain,02 - Wet,10 - No control,01 - Non intersection,01 - Daylight,03 - P.D. only,03 - Rear end,Greenbelt
6152,COVENTRY RD btwn ARCOLA PRIV & LOLA ST,370906.0411,5031662.628,-75.65528456,45.42177476,2014-03-06,20:45,01 - Clear,01 - Dry,10 - No control,01 - Non intersection,07 - Dark,03 - P.D. only,07 - SMV other,Overbrook
6153,HAWTHORNE AVE/ISABELLA ST @ QUEEN ELIZABETH DR,368665.2376,5030476.572,-75.68406871,45.4113112,2014-03-06,19:20,01 - Clear,01 - Dry,01 - Traffic signal,03 - At intersection,07 - Dark,03 - P.D. only,05 - Turning movement,The Glebe
6154,CUMBERLAND ST btwn CATHCART ST & BRUYERE ST,367959.9072,5033026.817,-75.69275201,45.43432145,2014-04-11,11:30,01 - Clear,01 - Dry,10 - No control,01 - Non intersection,01 - Daylight,03 - P.D. only,06 - SMV unattended vehicle,Lower Town
6155,MACLAREN ST btwn CARTIER ST & MACDONALD ST,368385.6738,5031232.666,-75.68754245,45.41813973,2014-04-10,0:00,01 - Clear,01 - Dry,10 - No control,01 - Non intersection,00 - Unknown,03 - P.D. only,06 - SMV unattended vehicle,Golden Triangle
6156,BROME CRES btwn BEAUCOURT PL & PRINCESS LOUISE DR (1),384103.3509,5038632.07,-75.48554754,45.48310803,2014-04-11,19:30,01 - Clear,01 - Dry,10 - No control,01 - Non intersection,01 - Daylight,03 - P.D. only,06 - SMV unattended vehicle,Fallingbrook
6157,WOODROFFE AVE @ GEORGINA DR/LENESTER AVE,361910.1605,5025368.623,-75.77095407,45.36593434,2014-02-20,15:38,01 - Clear,01 - Dry,01 - Traffic signal,03 - At intersection,01 - Daylight,03 - P.D. only,05 - Turning movement,Whitehaven - Queensway Terrace North
6158,PRINCE OF WALES DR btwn TURN LANE & WEST HUNT CLUB RD,367445.0961,5021784.443,-75.7007579,45.3332118,2014-02-24,9:05,01 - Clear,01 - Dry,10 - No control,01 - Non intersection,01 - Daylight,03 - P.D. only,05 - Turning movement,Industrial Park
6159,GILMOUR ST btwn KENT ST & BANK ST,367723.9009,5030740.699,-75.69606015,45.413773,2014-04-12,22:35,01 - Clear,01 - Dry,10 - No control,01 - Non intersection,07 - Dark,03 - P.D. only,07 - SMV other,Centretown
6160,ELGIN ST @ WAVERLEY ST,368317.7067,5030952.093,-75.68844697,45.4156214,2014-04-13,13:48,01 - Clear,01 - Dry,01 - Traffic signal,03 - At intersection,01 - Daylight,03 - P.D. only,05 - Turning movement,Centretown
6161,WEST HUNT CLUB RD EB btwn GREENBANK RD & KNOXDALE RD,361501.9519,5020495.844,-75.77672324,45.3221224,2014-04-17,18:31,01 - Clear,01 - Dry,10 - No control,01 - Non intersection,01 - Daylight,03 - P.D. only,03 - Rear end,Woodvale - Craig Henry - Manordale - Estates of Arlington Wo
6162,WOODROFFE AVE @ HWY 417 WOODROFF IC127R26/HWY4,362083.5776,5024939.34,-75.76879024,45.36205754,2014-04-17,18:00,01 - Clear,01 - Dry,01 - Traffic signal,02 - Intersection related,01 - Daylight,03 - P.D. only,04 - Sideswipe,Carlingwood West - Glabar Park - McKellar Heights
6163,WOODROFFE AVE btwn HERITAGE GLEN DR & STRANDHERD DR,366096.2014,5015416.95,-75.71875321,45.27603682,2014-04-23,10:07,01 - Clear,01 - Dry,10 - No control,04 - At/near private drive,01 - Daylight,03 - P.D. only,05 - Turning movement,New Barrhaven
6164,DALMENY RD btwn RIVER RD & NIXON DR,375233.93,4997515.658,-75.60483133,45.11410834,2014-04-22,20:15,01 - Clear,01 - Dry,10 - No control,01 - Non intersection,05 - Dusk,03 - P.D. only,07 - SMV other,Kars - Osgoode
6165,BASELINE RD @ MERIVALE RD,365055.1703,5025324.567,-75.73081503,45.36527463,2014-04-06,19:00,01 - Clear,01 - Dry,01 - Traffic signal,02 - Intersection related,05 - Dusk,03 - P.D. only,03 - Rear end,Civic Hospital - Experimental Farm - Central Park
6166,JOHNSTON RD btwn KIWANIS CRT & PENNARD WAY,372286.482,5025697.267,-75.63846303,45.36796913,2014-04-13,5:10,02 - Rain,02 - Wet,10 - No control,01 - Non intersection,07 - Dark,03 - P.D. only,07 - SMV other,South Keys - Heron Gate - Greenboro West
6167,MANOTICK MAIN ST btwn MAPLE AVE & CLAPP LANE,368719.9101,5009918.327,-75.6860233,45.22632704,2014-04-17,8:05,01 - Clear,01 - Dry,10 - No control,04 - At/near private drive,01 - Daylight,03 - P.D. only,02 - Angle,Manotick
6168,CYR AVE btwn MCARTHUR AVE & GLADU ST,370350.8094,5032766.367,-75.66223175,45.431758,2014-02-01,18:04,03 - Snow,03 - Loose snow,10 - No control,04 - At/near private drive,07 - Dark,03 - P.D. only,05 - Turning movement,Vanier South
6169,ELGIN ST @ LISGAR ST,368076.133,5031345.576,-75.69148267,45.41918372,2014-02-01,23:34,03 - Snow,03 - Loose snow,01 - Traffic signal,02 - Intersection related,07 - Dark,03 - P.D. only,03 - Rear end,Centretown
6170,HAWTHORNE RD/RUSSELL RD @ WALKLEY RD,374674.296,5028498.981,-75.60758717,45.39294366,2014-04-12,9:29,01 - Clear,01 - Dry,01 - Traffic signal,03 - At intersection,01 - Daylight,03 - P.D. only,04 - Sideswipe,Sheffield Glen
6171,LEBRETON ST @ SOMERSET ST,366682.2009,5030319.82,-75.70942086,45.41007894,2014-04-12,10:57,01 - Clear,01 - Dry,02 - Stop sign,03 - At intersection,01 - Daylight,03 - P.D. only,02 - Angle,Centretown West
6172,DALHOUSIE ST @ RIDEAU ST,368208.1309,5032227.581,-75.6896827,45.42710775,2014-04-14,22:56,01 - Clear,01 - Dry,01 - Traffic signal,02 - Intersection related,07 - Dark,03 - P.D. only,04 - Sideswipe,Byward Market - Parliament Hill
6173,MACKENZIE AVE @ RIDEAU ST,367870.1731,5032008.632,-75.6940292,45.42516827,2014-04-15,7:00,01 - Clear,02 - Wet,01 - Traffic signal,03 - At intersection,01 - Daylight,03 - P.D. only,02 - Angle,Byward Market - Parliament Hill
6174,MONK ST btwn FIFTH AVE & THORNTON AVE,368365.4971,5029307.88,-75.68804842,45.40082297,2014-04-08,17:00,02 - Rain,02 - Wet,10 - No control,01 - Non intersection,01 - Daylight,03 - P.D. only,04 - Sideswipe,The Glebe
6175,BASELINE RD @ WOODROFFE AVE,362549.2163,5023769.557,-75.76298364,45.35149372,2014-04-11,0:00,01 - Clear,01 - Dry,01 - Traffic signal,02 - Intersection related,00 - Unknown,03 - P.D. only,04 - Sideswipe,Iris
6176,Grand Vista Circ btwn Half Moon Bay and Half Moon Bay,364595.6132,5013064.769,-75.73816031,45.25500109,2014-03-17,8:20,01 - Clear,01 - Dry,10 - No control,01 - Non intersection,01 - Daylight,03 - P.D. only,03 - Rear end,New Barrhaven
6177,Capuchon Way btwn Annisettes Ridge and Fantail Walk,363368.5531,5022493.97,-75.7526789,45.33994815,2014-01-15,6:30,01 - Clear,02 - Wet,10 - No control,04 - At/near private drive,07 - Dark,03 - P.D. only,06 - SMV unattended vehicle,Tanglewood
6178,Birchland Cres btwn Birchland Cres and Birchland Cres,367410.4623,5031008.773,-75.70003031,45.41621316,2014-02-26,17:37,01 - Clear,01 - Dry,10 - No control,01 - Non intersection,05 - Dusk,03 - P.D. only,06 - SMV unattended vehicle,Centretown
6179,March Rd btwn Golden Line and Ramsay Concession 12 ,367563.2999,5029771.199,-75.69823528,45.40506416,2014-04-18,8:22,01 - Clear,01 - Dry,10 - No control,01 - Non intersection,01 - Daylight,03 - P.D. only,06 - SMV unattended vehicle,The Glebe
6180,Challengen Cres btwn Antigonish Ave and Antigonish Ave ,361288.7466,5025442.534,-75.77887771,45.36664974,2014-04-17,19:00,01 - Clear,01 - Dry,10 - No control,01 - Non intersection,01 - Daylight,03 - P.D. only,04 - Sideswipe,Carlingwood West - Glabar Park - McKellar Heights
6181,LIMEBANK RD btwn TOM ROBERTS RD & LEITRIM RD,369250.4522,5018102.207,-75.67820613,45.29991629,2014-04-17,21:11,01 - Clear,01 - Dry,10 - No control,01 - Non intersection,07 - Dark,03 - P.D. only,07 - SMV other,Greenbelt
6182,GEORGE ST btwn DALHOUSIE ST & CUMBERLAND ST,368192.4132,5032334.547,-75.68986977,45.42807161,2014-04-22,23:50,01 - Clear,01 - Dry,10 - No control,04 - At/near private drive,07 - Dark,03 - P.D. only,02 - Angle,Byward Market
6183,ST. LAURENT BLVD btwn BOURASSA ST & SMYTH RD,373295.9496,5029555.228,-75.62504223,45.40258347,2014-04-23,18:10,01 - Clear,01 - Dry,10 - No control,04 - At/near private drive,05 - Dusk,03 - P.D. only,02 - Angle,Industrial Park
6184,KING EDWARD AVE @ SUSSEX DR,367664.1739,5033502.649,-75.69647065,45.43862947,2014-04-08,16:59,02 - Rain,02 - Wet,01 - Traffic signal,02 - Intersection related,01 - Daylight,03 - P.D. only,03 - Rear end,Byward Market - Parliament Hill
6185,COOPER ST @ METCALFE ST,367963.1812,5031178.57,-75.69294719,45.41769126,2014-04-16,14:05,01 - Clear,01 - Dry,02 - Stop sign,03 - At intersection,01 - Daylight,03 - P.D. only,02 - Angle,Centretown
6186,LEITRIM RD btwn RAMSAYVILLE RD & ANDERSON RD,380204.0899,5024756.429,-75.53754346,45.35869699,2014-04-21,6:01,01 - Clear,01 - Dry,10 - No control,01 - Non intersection,03 - Dawn,03 - P.D. only,07 - SMV other,Greenbelt
6187,HILLIARD AVE @ MILLBROOK CRES,365992.3481,5025319.988,-75.7188532,45.36515224,2014-04-22,12:49,02 - Rain,02 - Wet,03 - Yield sign,02 - Intersection related,01 - Daylight,03 - P.D. only,07 - SMV other,Cityview - Skyline - Fisher Heights
6188,WALKLEY RD btwn RIVERSIDE DR & RIVER GARDEN PRIV,368484.6007,5024846.894,-75.68710264,45.36067346,2014-04-24,18:26,01 - Clear,01 - Dry,10 - No control,01 - Non intersection,01 - Daylight,03 - P.D. only,04 - Sideswipe,Hunt Club Woods - Quintarra - Revelstoke - Riverside South P
6189,QUINLAN RD @ RUTH ST,372562.7288,5029065.494,-75.6344745,45.39824841,2014-02-27,12:27,03 - Snow,03 - Loose snow,02 - Stop sign,03 - At intersection,01 - Daylight,03 - P.D. only,02 - Angle,Elmvale - Eastway - Riverview - Riverview Park West
6190,QUEEN ST btwn BAY ST & LYON ST N,366914.2044,5031219.68,-75.70634376,45.41815507,2014-02-17,18:25,01 - Clear,02 - Wet,10 - No control,01 - Non intersection,07 - Dark,03 - P.D. only,06 - SMV unattended vehicle,Downtown
6191,MEADOWLANDS DR btwn VIEWMOUNT DR & INDIAN RD,363992.6781,5023245.645,-75.74462596,45.34665927,2014-03-01,6:29,03 - Snow,03 - Loose snow,10 - No control,01 - Non intersection,01 - Daylight,03 - P.D. only,06 - SMV unattended vehicle,Crestview - Meadowlands
6192,NICHOLAS ST NB btwn HWY417 IC118 RAMP52 & WALLER ST,368771.7321,5031504.729,-75.68257483,45.42055247,2014-04-12,10:55,01 - Clear,01 - Dry,10 - No control,01 - Non intersection,01 - Daylight,03 - P.D. only,03 - Rear end,Sandy Hill
6193,BRONSON AVE @ CATHERINE ST/RAYMOND ST,367252.7085,5029797.834,-75.70219914,45.40533159,2014-04-15,7:02,02 - Rain,02 - Wet,01 - Traffic signal,03 - At intersection,01 - Daylight,03 - P.D. only,05 - Turning movement,Centretown West
6194,CHAMPLAIN ST @ JEANNE D'ARC BLVD,381378.3229,5038722.651,-75.52038689,45.48422724,2014-04-15,8:19,02 - Rain,02 - Wet,01 - Traffic signal,03 - At intersection,01 - Daylight,03 - P.D. only,05 - Turning movement,Orleans South West
6195,BASELINE RD btwn COLLEGE SQUARE SC & WOODROFFE AVE,362589.9746,5023793.254,-75.76246074,45.35170359,2014-03-25,16:45,01 - Clear,02 - Wet,10 - No control,01 - Non intersection,01 - Daylight,03 - P.D. only,03 - Rear end,Braemar Park - Bel Air Heights - Copeland Park
6196,GREENBANK RD @ MARKETPLACE AVE,364007.882,5014602.19,-75.74546455,45.26888455,2014-03-28,9:00,01 - Clear,02 - Wet,01 - Traffic signal,02 - Intersection related,01 - Daylight,03 - P.D. only,04 - Sideswipe,New Barrhaven
6197,SMYTH RD @ BOTSFORD ST/DAUPHIN RD,372245.1552,5029259.649,-75.63850382,45.400026,2014-02-08,4:33,01 - Clear,06 - Ice,01 - Traffic signal,02 - Intersection related,07 - Dark,03 - P.D. only,02 - Angle,Elmvale - Eastway - Riverview - Riverview Park West
6198,BANK ST btwn BILLINGS TRANSIT & OHIO ST,369570.9786,5027578.132,-75.67287892,45.38514879,2014-02-08,19:39,01 - Clear,01 - Dry,10 - No control,01 - Non intersection,07 - Dark,03 - P.D. only,03 - Rear end,Alta Vista
6199,CARLING AVE @ MERIVALE RD,364894.7038,5027701.305,-75.73257405,45.38667387,2014-02-28,16:57,01 - Clear,01 - Dry,01 - Traffic signal,02 - Intersection related,01 - Daylight,03 - P.D. only,03 - Rear end,Carlington
6200,BANK ST btwn CHESLEY ST & RIVERDALE AVE,369066.6346,5028130.256,-75.6792468,45.39016308,2014-03-01,14:10,01 - Clear,04 - Slush,10 - No control,01 - Non intersection,01 - Daylight,03 - P.D. only,03 - Rear end,Old Ottawa South
6201,PINECREST RD @ QUEENSVIEW DR,360348.1015,5023784.454,-75.79107118,45.35180557,2014-04-17,19:00,01 - Clear,01 - Dry,01 - Traffic signal,02 - Intersection related,01 - Daylight,03 - P.D. only,03 - Rear end,Whitehaven - Queensway Terrace North
6202,REGIONAL ROAD 174 btwn OR174 IC105 RAMP51 & OR174 IC105 RAMP35,379436.1653,5037017.311,-75.54548714,45.46909427,2014-04-18,15:07,01 - Clear,01 - Dry,10 - No control,01 - Non intersection,01 - Daylight,03 - P.D. only,07 - SMV other,Industrial Park
6203,KING EDWARD AVE @ RIDEAU ST,368512.1811,5032413.589,-75.68577345,45.42875375,2014-03-27,13:19,01 - Clear,02 - Wet,01 - Traffic signal,03 - At intersection,01 - Daylight,03 - P.D. only,02 - Angle,Lowe
6204,CENTURY RD S @ MCCORDICK RD S,360470.1765,5003125.296,-75.791828,45.16590219,2014-04-18,12:14,01 - Clear,01 - Dry,02 - Stop sign,03 - At intersection,01 - Daylight,03 - P.D. only,02 - Angle,Munster Hamlet - Richmond
6205,WILLOW ST btwn PRESTON ST & ROCHESTER ST,366588.8354,5029931.899,-75.71066216,45.40659679,2014-04-19,0:00,01 - Clear,01 - Dry,10 - No control,01 - Non intersection,00 - Unknown,03 - P.D. only,06 - SMV unattended vehicle,Little Italy
6206,DUNROBIN RD btwn MARCH RD & RIDDELL DR,347176.9705,5026122.408,-75.95895764,45.37376269,2014-04-21,14:18,01 - Clear,01 - Dry,10 - No control,01 - Non intersection,01 - Daylight,03 - P.D. only,07 - SMV other,Carp - Hardwood Plains
6207,Capuchon Way btwn Annisettes Ridge and Fantail Walk,385457.7271,5035307.474,-75.46877071,45.45304139,2014-03-17,12:27,01 - Clear,08 - Loose sand or gravel,10 - No control,01 - Non intersection,01 - Daylight,03 - P.D. only,06 - SMV unattended vehicle,Avalon
6208,CLEARWATER CRES btwn SOUTHGATE RD & KODIAK ST (1),371406.2231,5024507.579,-75.64985957,45.35734893,2014-03-08,16:10,01 - Clear,01 - Dry,10 - No control,01 - Non intersection,01 - Daylight,03 - P.D. only,06 - SMV unattended vehicle,South Keys - Heron Gate - Greenboro West
6209,LAURIER AVE   E btwn FRIEL ST & RUSSELL AVE,369010.5026,5032198.213,-75.67943376,45.42677031,2014-04-24,9:00,01 - Clear,01 - Dry,10 - No control,04 - At/near private drive,01 - Daylight,03 - P.D. only,05 - Turning movement,Sandy Hill
6210,DONALD ST @ ST. LAURENT BLVD,372092.2911,5032471.637,-75.64001761,45.42894075,2014-04-21,12:35,01 - Clear,01 - Dry,01 - Traffic signal,02 - Intersection related,01 - Daylight,03 - P.D. only,04 - Sideswipe,Overbrook
6211,WESTERN AVE @ WELLINGTON ST,364337.2209,5028968.557,-75.73953971,45.39812398,2014-04-22,10:56,02 - Rain,02 - Wet,01 - Traffic signal,02 - Intersection related,01 - Daylight,03 - P.D. only,02 - Angle,Island Park
6212,BEGIN ST @ MONTREAL RD,370468.1291,5033287.594,-75.66066299,45.43643677,2014-04-22,16:00,02 - Rain,02 - Wet,02 - Stop sign,02 - Intersection related,01 - Daylight,03 - P.D. only,04 - Sideswipe,Vanier South
6213,BANK ST btwn WALKLEY RD & SURREY AVE,370345.9089,5025924.038,-75.66320373,45.37019371,2014-04-25,16:23,01 - Clear,01 - Dry,10 - No control,04 - At/near private drive,01 - Daylight,03 - P.D. only,05 - Turning movement,Ledbury - Heron Gate - Ridgemont - Elmwood
6214,DUNROBIN RD btwn KINBURN SIDE RD & VANCES SIDE RD,339421.5057,5034356.745,-76.05739285,45.44828388,2014-04-26,21:04,02 - Rain,02 - Wet,10 - No control,01 - Non intersection,07 - Dark,03 - P.D. only,07 - SMV other,Car