Record,Location,X,Y,lon,lat,Date,Time,Environment,Road_Surface,Traffic_Control,Collision_Location,Light,Collision_Classification,Impact_type,Neighborhood
6215,CARP RD btwn MARCH RD & JOHN CAVANAUGH DR,343835.0123,5019846.998,-76.00211922,45.31748856,2014-04-27,0:18,01 - Clear,02 - Wet,10 - No control,01 - Non intersection,07 - Dark,03 - P.D. only,07 - SMV other,Stittsville - Basswood
6216,NEWMARKET ST btwn LIVERPOOL CRT & BANTREE ST,373542.8444,5030408.018,-75.62176991,45.41023227,2014-02-27,14:45,01 - Clear,02 - Wet,10 - No control,04 - At/near private drive,01 - Daylight,03 - P.D. only,99 - Other,Industrial Park
6217,BASELINE RD @ CLYDE AVE,364360.1251,5024890.513,-75.73973912,45.36142848,2014-03-07,17:24,01 - Clear,06 - Ice,01 - Traffic signal,02 - Intersection related,01 - Daylight,03 - P.D. only,03 - Rear end,Civic Hospital - Experimental Farm - Central Park
6218,INDUSTRIAL AVE/INNES RD @ ST. LAURENT BLVD,373101.1492,5030005.567,-75.62746792,45.40665445,2014-04-12,11:44,01 - Clear,01 - Dry,01 - Traffic signal,02 - Intersection related,01 - Daylight,03 - P.D. only,04 - Sideswipe,Industrial Park
6219,ALTA VISTA DR btwn BANK ST & EDGE HILL PL,370302.5715,5026223.488,-75.66371723,45.37289212,2014-04-12,11:54,01 - Clear,01 - Dry,10 - No control,04 - At/near private drive,01 - Daylight,03 - P.D. only,02 - Angle,Ledbury - Heron Gate - Ridgemont - Elmwood
6220,AIRPORT PKWY/BROOKFIELD RD @ FLANNERY DR/AIRPORT PKWY RAMPS 52A/53,368694.9526,5026294.532,-75.68423067,45.37367978,2014-04-14,10:45,02 - Rain,02 - Wet,03 - Yield sign,02 - Intersection related,01 - Daylight,03 - P.D. only,03 - Rear end,Riverside Park
6221,BESSERER ST @ WALLER ST,368316.0956,5032190.798,-75.68830786,45.42676699,2014-04-15,9:30,02 - Rain,02 - Wet,01 - Traffic signal,02 - Intersection related,01 - Daylight,03 - P.D. only,04 - Sideswipe,Byward Market - Parliament Hill
6222,LAURIER AVE   W btwn O'CONNOR ST & METCALFE ST,367771.3492,5031440.235,-75.6953646,45.42006293,2014-03-27,15:30,01 - Clear,01 - Dry,10 - No control,01 - Non intersection,01 - Daylight,03 - P.D. only,06 - SMV unattended vehicle,Downtown
6223,LAPERRIERE AVE btwn BELLEVUE AVE & CHURCHILL AVE S,363877.7381,5026557.081,-75.74569676,45.37646484,2014-03-30,13:45,01 - Clear,02 - Wet,10 - No control,04 - At/near private drive,01 - Daylight,03 - P.D. only,02 - Angle,Carlington
6224,RIVERSIDE DR @ TREMBLAY RD/HWY417 IC117 RAMP52,370804.4478,5031014.96,-75.65666936,45.4159569,2014-02-20,17:20,01 - Clear,02 - Wet,01 - Traffic signal,02 - Intersection related,05 - Dusk,03 - P.D. only,03 - Rear end,Industrial Park
6225,WEST HUNT CLUB RD @ WOODROFFE AVE,363673.0607,5021244.593,-75.74894241,45.32868087,2014-02-24,8:10,01 - Clear,03 - Loose snow,01 - Traffic signal,02 - Intersection related,01 - Daylight,03 - P.D. only,03 - Rear end,Woodvale - Craig Henry - Manordale - Estates of Arlington Wo
6226,FALLOWFIELD RD @ MERIVALE RD,366893.1344,5018842.573,-75.7081681,45.30679033,2014-03-01,18:32,03 - Snow,02 - Wet,01 - Traffic signal,03 - At intersection,07 - Dark,03 - P.D. only,02 - Angle,Greenbelt
6227,BASELINE RD btwn CONSTELLATION CRES & WOODROFFE AVE,362460.6631,5023716.625,-75.76411987,45.35102473,2014-02-28,11:00,01 - Clear,01 - Dry,10 - No control,01 - Non intersection,01 - Daylight,03 - P.D. only,04 - Sideswipe,Iris
6228,LEVIS AVE @ OLMSTEAD ST,370390.2244,5033104.351,-75.66168304,45.43479534,2014-04-18,16:08,02 - Rain,02 - Wet,02 - Stop sign,03 - At intersection,01 - Daylight,03 - P.D. only,02 - Angle,Vanier South
6229,SIXTH LINE RD btwn BERRY SIDE RD & RIDDELL DR,349014.5193,5030463.318,-75.93510909,45.41270938,2014-04-18,23:12,01 - Clear,01 - Dry,10 - No control,01 - Non intersection,07 - Dark,03 - P.D. only,07 - SMV other,Carp - Hardwood Plains
6230,BELFAST RD btwn TRAINYARDS DR & ST. LAURENT BLVD,372843.1886,5030569.083,-75.63068514,45.41174983,2014-01-20,18:31,01 - Clear,01 - Dry,10 - No control,04 - At/near private drive,07 - Dark,03 - P.D. only,02 - Angle,Industrial Park
6231,DWYER HILL RD btwn O'NEIL RD & ROGER STEVENS DR,353685.2885,4990066.508,-75.87940676,45.04889489,2014-02-21,7:25,02 - Rain,04 - Slush,10 - No control,01 - Non intersection,01 - Daylight,03 - P.D. only,07 - SMV other,Munster Hamlet - Richmond
6232,GREENBANK RD @ 220 N OF STRANDHERD DR,363849.1086,5014983.896,-75.74744237,45.2723325,2014-04-20,13:30,01 - Clear,01 - Dry,01 - Traffic signal,02 - Intersection related,01 - Daylight,03 - P.D. only,03 - Rear end,New Barrhaven
6233,SHERWOOD DR btwn HINTON AVE S & HAMILTON AVE S,365235.2423,5028684.64,-75.72810524,45.39549242,2014-04-22,12:30,01 - Clear,02 - Wet,10 - No control,01 - Non intersection,01 - Daylight,03 - P.D. only,04 - Sideswipe,Civic Hospital - Experimental Farm - Central Park
6234,COBOURG ST @ RIDEAU ST,369127.2844,5032788.523,-75.67786441,45.43207096,2014-03-10,13:32,01 - Clear,01 - Dry,01 - Traffic signal,02 - Intersection related,01 - Daylight,03 - P.D. only,05 - Turning movement,Lower Town
6235,HERON RD @ WALKLEY RD,372267.649,5027083.455,-75.63851406,45.38044333,2014-03-21,16:33,01 - Clear,01 - Dry,01 - Traffic signal,03 - At intersection,01 - Daylight,03 - P.D. only,03 - Rear end,Ledbury - Heron Gate - Ridgemont - Elmwood
6236,RICHMOND RD @ LYNHAR RD/STAFFORD RD,358135.9264,5021087.1,-75.81959264,45.32770638,2014-04-24,11:11,01 - Clear,01 - Dry,01 - Traffic signal,03 - At intersection,01 - Daylight,03 - P.D. only,05 - Turning movement,Bells Corners East
6237,BROADVIEW AVE btwn NADOLNY SACHS PRIV & ERNEST AVE,363324.4057,5026332.84,-75.75278766,45.37449359,2014-04-24,0:00,01 - Clear,01 - Dry,10 - No control,01 - Non intersection,00 - Unknown,03 - P.D. only,06 - SMV unattended vehicle,Carlingwood West - Glabar Park - McKellar Heights
6238,FALLOWFIELD RD @ GREENBANK RD,363080.6757,5016731.03,-75.75702975,45.28811736,2014-04-22,12:41,02 - Rain,02 - Wet,01 - Traffic signal,03 - At intersection,01 - Daylight,03 - P.D. only,05 - Turning movement,Barrhaven West - Old Barrhaven
6239,BASSANO ST @ ROSSLAND AVE,364176.1717,5023848.46,-75.74221217,45.35206782,2014-04-25,16:59,01 - Clear,01 - Dry,02 - Stop sign,03 - At intersection,01 - Daylight,03 - P.D. only,02 - Angle,Crestview - Meadowlands
6240,RENAUD RD @ NAVAN RD,381817.235,5032738.445,-75.51571028,45.43033802,2014-04-28,5:42,01 - Clear,01 - Dry,01 - Traffic signal,02 - Intersection related,03 - Dawn,03 - P.D. only,03 - Rear end,Chapel Hill South
6241,GIBBARD AVE @ GREENBANK RD,361428.2621,5020615.532,-75.77764945,45.3232053,2014-03-08,15:16,01 - Clear,01 - Dry,02 - Stop sign,02 - Intersection related,01 - Daylight,03 - P.D. only,03 - Rear end,Greenbelt
6242,RICHARDSON SIDE RD @ TERRY FOX DR,348803.086,5019506.072,-75.93878598,45.31412702,2014-03-26,6:30,01 - Clear,01 - Dry,01 - Traffic signal,02 - Intersection related,01 - Daylight,03 - P.D. only,02 - Angle,Kanata Lakes - Marchwood Lakeside - Morgan's Grant - Kanata
6243,BASELINE RD @ MERIVALE RD,365055.7103,5025325.261,-75.73080805,45.36528083,2014-03-09,14:00,01 - Clear,01 - Dry,01 - Traffic signal,02 - Intersection related,01 - Daylight,03 - P.D. only,04 - Sideswipe,Civic Hospital - Experimental Farm - Central Park
6244,BAYNE AVE btwn DAVID DR & MEADOWLANDS DR W,364763.689,5023692.932,-75.73473352,45.35061841,2014-03-07,16:30,01 - Clear,01 - Dry,10 - No control,04 - At/near private drive,01 - Daylight,03 - P.D. only,02 - Angle,Crestview - Meadowlands
6245,COLONEL BY DR @ COLONEL BY DR SB ON RAMP 43,367641.1261,5028440.584,-75.69741072,45.39308468,2014-04-12,11:54,01 - Clear,01 - Dry,02 - Stop sign,02 - Intersection related,01 - Daylight,03 - P.D. only,04 - Sideswipe,Carleton University
6246,EARL GREY DR @ ROLAND MICHENER DR,350772.289,5018947.446,-75.91372394,45.30897419,2014-04-12,12:15,01 - Clear,01 - Dry,02 - Stop sign,03 - At intersection,01 - Daylight,03 - P.D. only,02 - Angle,Kanata
6247,CATHERINE ST btwn HWY417 IC121A RAMP61 & PERCY ST,367473.4526,5029926.66,-75.69936315,45.406471,2014-04-10,0:00,01 - Clear,01 - Dry,10 - No control,01 - Non intersection,00 - Unknown,03 - P.D. only,06 - SMV unattended vehicle,Centretown
6248,MOODIE DR @ WEST HUNT CLUB RD,357909.0735,5018498.456,-75.82276393,45.30443071,2014-04-15,12:13,02 - Rain,02 - Wet,01 - Traffic signal,02 - Intersection related,01 - Daylight,03 - P.D. only,03 - Rear end,Greenbelt
6249,VANIER PKWY/CRICHTON ST @ BEECHWOOD AVE/ST. PA,369130.1667,5033486.186,-75.67773641,45.43834799,2014-04-12,11:28,01 - Clear,01 - Dry,01 - Traffic signal,02 - Intersection related,01 - Daylight,03 - P.D. only,03 - Rear end,Vanier North
6250,CATHERINE ST @ METCALFE ST,368393.6901,5030486.653,-75.6875363,45.41142663,2014-04-13,11:00,01 - Clear,01 - Dry,01 - Traffic signal,02 - Intersection related,01 - Daylight,03 - P.D. only,03 - Rear end,Centretown
6251,GOLDENEYE WAY btwn ROCKY HARBOUR CRES & ANTIQUE CRT,368853.0088,5016034.116,-75.68354037,45.28134427,2014-04-01,16:04,01 - Clear,01 - Dry,10 - No control,01 - Non intersection,01 - Daylight,03 - P.D. only,99 - Other,Gloucester
6252,INDUSTRIAL AVE @ TRAINYARDS DR,371687.3769,5030539.479,-75.64545406,45.41159489,2014-04-01,16:20,01 - Clear,01 - Dry,01 - Traffic signal,03 - At intersection,01 - Daylight,03 - P.D. only,03 - Rear end,Industrial Park
6253,MACDONALD-CARTIER BR btwn RAMP & END (1),367304.1317,5033267.906,-75.70110206,45.43654961,2014-04-09,15:22,01 - Clear,01 - Dry,10 - No control,07 - Overpass or bridge,01 - Daylight,03 - P.D. only,04 - Sideswipe,Bywar
6254,MATTAWA CRES btwn STEEPLE CHASE DR & STEEPLE CHASE DR,355426.3312,5018127.333,-75.85445918,45.30127461,2014-04-06,0:00,01 - Clear,01 - Dry,10 - No control,01 - Non intersection,00 - Unknown,03 - P.D. only,06 - SMV unattended vehicle,Bridlewood - Emerald Meadows
6255,EARL MULLIGAN DR @ WOODROFFE AVE,365252.123,5017506.46,-75.7292558,45.29491123,2014-03-03,18:56,01 - Clear,01 - Dry,01 - Traffic signal,03 - At intersection,05 - Dusk,03 - P.D. only,05 - Turning movement,Greenbelt
6256,BANK ST btwn HERON RD & ANOKA ST,370001.8811,5026836.376,-75.66747487,45.37843473,2014-04-19,5:35,01 - Clear,02 - Wet,10 - No control,04 - At/near private drive,03 - Dawn,03 - P.D. only,05 - Turning movement,Alta Vista
6257,VANIER PKWY SB btwn RIVERSIDE DR & TO BE DETERMINED,370803.0478,5031201.58,-75.65666225,45.41763617,2014-04-19,12:17,01 - Clear,01 - Dry,10 - No control,07 - Overpass or bridge,01 - Daylight,03 - P.D. only,03 - Rear end,Industrial Park
6258,ST. JOSEPH BLVD btwn TAYLOR CREEK DR & TRIM RD,384337.2248,5039216.974,-75.48246154,45.48834382,2014-02-21,9:49,05 - Drifting Snow,05 - Packed snow,10 - No control,01 - Non intersection,01 - Daylight,03 - P.D. only,07 - SMV other,Industrial Park
6259,MERIVALE RD @ WEST HUNT CLUB RD,365614.117,5021941.55,-75.72409651,45.33478649,2014-04-22,13:00,02 - Rain,02 - Wet,01 - Traffic signal,02 - Intersection related,01 - Daylight,03 - P.D. only,03 - Rear end,Industrial Park
6260,FABLE ST @ SHERWAY DR,362570.2584,5015272.591,-75.76370585,45.27503642,2014-04-22,14:40,02 - Rain,02 - Wet,02 - Stop sign,02 - Intersection related,01 - Daylight,03 - P.D. only,03 - Rear end,Barrhaven West - Old Barrhaven
6261,YORK ST WB btwn BYWARD MARKE SQ & SUSSEX DR,367902.1363,5032324.084,-75.69358037,45.42800372,2014-03-31,15:40,01 - Clear,01 - Dry,10 - No control,01 - Non intersection,01 - Daylight,03 - P.D. only,06 - SMV unattended vehicle,Byward Market
6262,BANK ST btwn WALKLEY RD & SURREY AVE,370356.3354,5025892.759,-75.66307479,45.3699113,2014-04-24,12:55,01 - Clear,01 - Dry,10 - No control,01 - Non intersection,01 - Daylight,03 - P.D. only,03 - Rear end,Ledbury - Heron Gate - Ridgemont - Elmwood
6263,BANK ST @ HERON RD,369996.1939,5026853.438,-75.66754523,45.37858878,2014-04-24,12:50,01 - Clear,01 - Dry,01 - Traffic signal,02 - Intersection related,01 - Daylight,03 - P.D. only,02 - Angle,Alta Vista
6264,VANIER PKWY SB btwn COVENTRY RD & HWY417 IC117 RAMP36,370710.9821,5031550.092,-75.65779184,45.42078061,2014-04-26,10:00,02 - Rain,02 - Wet,10 - No control,01 - Non intersection,01 - Daylight,03 - P.D. only,04 - Sideswipe,Overbrook
6265,AIRPORT PKWY/ALERT/UPLANDS/LESTER/RAMP62 btwn LESTER RD & AIRPORT PKWY,371306.813,5021375.787,-75.65154931,45.32917946,2014-04-26,13:49,02 - Rain,02 - Wet,10 - No control,01 - Non intersection,01 - Daylight,03 - P.D. only,05 - Turning movement,Greenbelt
6266,CEDARVIEW RD @ HWY 416 WESTHUNT IC72R24,359607.2936,5019743.302,-75.80097249,45.31550147,2014-04-28,9:38,01 - Clear,01 - Dry,02 - Stop sign,03 - At intersection,01 - Daylight,03 - P.D. only,02 - Angle,Greenbelt
6267,GLOUCESTER ST btwn O'CONNOR ST & METCALFE ST,367695.5247,5031303.798,-75.69635079,45.41884213,2014-03-26,10:00,01 - Clear,01 - Dry,10 - No control,04 - At/near private drive,01 - Daylight,03 - P.D. only,99 - Other,Downtown
6268,BARLYN AVE btwn SUNNYCREST DR & CORAL AVE,365797.2507,5025467.304,-75.72132528,45.36649477,2014-04-01,15:10,01 - Clear,01 - Dry,10 - No control,04 - At/near private drive,01 - Daylight,03 - P.D. only,05 - Turning movement,Cityview - Skyline - Fisher Heights
6269,LISKA ST btwn CHARDONNAY DR & HIBOUX ST,384518.4762,5036066.887,-75.48065424,45.45998166,2014-03-09,0:00,01 - Clear,00 - Unknown,10 - No control,01 - Non intersection,00 - Unknown,03 - P.D. only,06 - SMV unattended vehicle,Avalon
6270,AVIATION PKWY @ MONTREAL RD,372146.2427,5034107.635,-75.63910439,45.44365548,2014-04-12,14:08,01 - Clear,01 - Dry,01 - Traffic signal,03 - At intersection,01 - Daylight,03 - P.D. only,02 - Angle,Cummings
6271,BANNER RD @ GREENBANK RD,361022.1465,5021568.388,-75.78272125,45.33181174,2014-04-15,14:40,02 - Rain,02 - Wet,01 - Traffic signal,02 - Intersection related,01 - Daylight,03 - P.D. only,03 - Rear end,Woodvale - Craig Henry - Manordale - Estates of Arlington Wo
6272,WEST HUNT CLUB RD btwn MOODIE DR & RICHMOND RD,357748.8839,5018415.043,-75.8248154,45.30369225,2014-04-15,15:39,01 - Clear,02 - Wet,10 - No control,01 - Non intersection,01 - Daylight,03 - P.D. only,05 - Turning movement,Greenbelt
6273,HINES RD @ INNOVATION DR,350049.4489,5022873.568,-75.9225829,45.34434937,2014-04-08,19:45,01 - Clear,01 - Dry,02 - Stop sign,02 - Intersection related,05 - Dusk,03 - P.D. only,03 - Rear end,South March
6274,BANK ST @ HUNT CLUB RD,371607.3147,5024096.506,-75.64734873,45.3536311,2014-04-15,8:00,02 - Rain,02 - Wet,01 - Traffic signal,02 - Intersection related,01 - Daylight,03 - P.D. only,03 - Rear end,South Keys - Heron Gate - Greenboro West
6275,BRIGHTON AVE btwn RIVERDALE AVE & BRISTOL AVE,369093.2103,5028725.871,-75.67882982,45.39551979,2014-04-01,20:40,01 - Clear,06 - Ice,10 - No control,01 - Non intersection,07 - Dark,03 - P.D. only,06 - SMV unattended vehicle,Old Ottawa South
6276,HERON RD @ ALTA VISTA DR,370490.3527,5026903.485,-75.6612296,45.37899293,2014-04-17,8:10,01 - Clear,01 - Dry,01 - Traffic signal,03 - At intersection,01 - Daylight,03 - P.D. only,05 - Turning movement,Alta Vista
6277,LAUNAY AVE btwn VARENNES BLVD & TEMPO ST,385014.9973,5038344.118,-75.47393462,45.48041316,2014-04-18,0:00,01 - Clear,01 - Dry,10 - No control,01 - Non intersection,00 - Unknown,03 - P.D. only,06 - SMV unattended vehicle,Cardinal Creek
6278,CRAIG HENRY DR btwn WOODVALE GR & KNOXDALE RD,363085.0707,5021714.362,-75.75638758,45.3329569,2014-04-18,10:50,01 - Clear,01 - Dry,10 - No control,01 - Non intersection,01 - Daylight,03 - P.D. only,06 - SMV unattended vehicle,Woodvale - Craig Henry - Manordale - Estates of Arlington Wo
6279,KING EDWARD AVE @ ST. ANDREW ST,368159.2782,5032967.635,-75.69021172,45.43377092,2014-03-07,11:11,01 - Clear,01 - Dry,01 - Traffic signal,03 - At intersection,01 - Daylight,03 - P.D. only,03 - Rear end,Lower Town
6280,BRONSON AVE @ SUNNYSIDE AVE/UNIVERSITY RD - CA,367922.2362,5028091.547,-75.69386546,45.38991887,2014-03-08,13:29,01 - Clear,01 - Dry,01 - Traffic signal,02 - Intersection related,01 - Daylight,03 - P.D. only,04 - Sideswipe,Carleto
6281,TURN LANE btwn HERON RD & WALKLEY RD,372250.5874,5027106.203,-75.63872879,45.38064965,2014-04-20,0:00,01 - Clear,01 - Dry,10 - No control,01 - Non intersection,00 - Unknown,03 - P.D. only,07 - SMV other,Ledbury - Heron Gate - Ridgemont - Elmwood
6282,MARCH RD btwn DUNROBIN RD & MURPHY CRT,347661.4936,5025809.542,-75.95279899,45.37091798,2014-04-20,21:05,01 - Clear,01 - Dry,10 - No control,01 - Non intersection,07 - Dark,03 - P.D. only,07 - SMV other,Carp - Hardwood Plains
6283,GREENBANK RD @ WEST HUNT CLUB RD,361480.1509,5020502.479,-75.77700055,45.32218386,2014-03-22,19:20,01 - Clear,02 - Wet,01 - Traffic signal,02 - Intersection related,07 - Dark,03 - P.D. only,03 - Rear end,Greenbelt
6284,KLONDIKE RD @ MARCH RD,349265.3407,5024060.673,-75.93248147,45.35508136,2014-03-27,13:27,01 - Clear,02 - Wet,01 - Traffic signal,02 - Intersection related,01 - Daylight,03 - P.D. only,02 - Angle,South March
6285,PRINCE OF WALES DR btwn BORDEN SIDE RD & NORMANDY CRES,367352.1856,5024444.354,-75.70160678,45.35715345,2014-04-22,15:40,02 - Rain,02 - Wet,10 - No control,01 - Non intersection,01 - Daylight,03 - P.D. only,03 - Rear end,Carleton Heights - Rideauview
6286,MOSS HILL TR btwn TRAILWAY CIRC & TRAILWAY CIRC,350854.5908,5014238.696,-75.91311153,45.26659807,2014-04-04,15:57,02 - Rain,02 - Wet,10 - No control,01 - Non intersection,01 - Daylight,03 - P.D. only,04 - Sideswipe,Stittsville
6287,WEST HUNT CLUB RD @ CLEOPATRA DR/LANCELOT DR,365238.0697,5021731.546,-75.72891956,45.33292939,2014-04-10,13:20,01 - Clear,01 - Dry,01 - Traffic signal,02 - Intersection related,01 - Daylight,03 - P.D. only,04 - Sideswipe,Tanglewood
6288,CHARLOTTE ST @ WILBROD ST,369418.0844,5032591.534,-75.67417407,45.43027172,2014-04-24,16:00,01 - Clear,01 - Dry,02 - Stop sign,03 - At intersection,01 - Daylight,03 - P.D. only,02 - Angle,Sandy Hill
6289,CHAMPAGNE AVE @ WELLINGTON ST,365955.5962,5030346.523,-75.71869945,45.41038308,2014-04-25,12:55,01 - Clear,01 - Dry,02 - Stop sign,03 - At intersection,01 - Daylight,03 - P.D. only,02 - Angle,LeBreton Flats
6290,KENT ST @ MCLEOD ST,367787.1786,5030391.512,-75.69529639,45.41062543,2014-04-25,13:49,01 - Clear,01 - Dry,02 - Stop sign,03 - At intersection,01 - Daylight,03 - P.D. only,02 - Angle,Centretown
6291,UPLANDS DR @ AIRPORT PKWY RAMP 35,371124.2093,5021373.483,-75.6538789,45.32917601,2014-04-26,14:35,02 - Rain,02 - Wet,01 - Traffic signal,02 - Intersection related,01 - Daylight,03 - P.D. only,03 - Rear end,Greenbelt
6292,HUNT CLUB RD @ BRIDLE PATH DR/DAZE ST,371291.255,5023865.452,-75.65141318,45.35158219,2014-04-26,15:30,02 - Rain,02 - Wet,01 - Traffic signal,02 - Intersection related,01 - Daylight,03 - P.D. only,03 - Rear end,South Keys - Heron Gate - Greenboro West
6293,MAPLE LANE btwn LANSDOWNE RD S & END,369829.0139,5034526.344,-75.66866729,45.44764225,2014-04-28,12:56,01 - Clear,01 - Dry,10 - No control,01 - Non intersection,01 - Daylight,03 - P.D. only,99 - Other,Rockcliffe - Manor Park
6294,KIRKWOOD AVE N @ CARLING AVE,364276.1661,5027495.43,-75.74049705,45.38487424,2014-04-28,14:37,01 - Clear,01 - Dry,01 - Traffic signal,03 - At intersection,01 - Daylight,03 - P.D. only,02 - Angle,Westboro
6295,DAVID DR btwn WITHROW AVE & INDIAN RD,363801.6829,5023331.942,-75.74705279,45.34745185,2014-03-17,0:00,01 - Clear,01 - Dry,10 - No control,01 - Non intersection,00 - Unknown,03 - P.D. only,06 - SMV unattended vehicle,Crestview - Meadowlands
6296,FRIEL ST btwn WILBROD ST & LAURIER AVE E,368985.0287,5032212.668,-75.67975738,45.42690271,2014-04-04,12:12,01 - Clear,01 - Dry,10 - No control,04 - At/near private drive,01 - Daylight,03 - P.D. only,02 - Angle,Sandy Hill
6297,RIVERSIDE DR RAMP 42A @ RIVERSIDE DR,368443.0912,5027267.957,-75.68732049,45.38246131,2014-03-21,10:01,01 - Clear,01 - Dry,03 - Yield sign,02 - Intersection related,01 - Daylight,03 - P.D. only,03 - Rear end,Alta Vista
6298,HUNTMAR DR @ PALLADIUM DR S,349674.8041,5017366.581,-75.92786235,45.29482008,2014-03-22,10:14,03 - Snow,05 - Packed snow,01 - Traffic signal,02 - Intersection related,01 - Daylight,03 - P.D. only,04 - Sideswipe,Stittsville - Basswood
6299,INNES RD btwn STONEHENGE CRES & BLAIR RD,375388.861,5031325.875,-75.5980574,45.41830689,2014-04-12,16:07,01 - Clear,01 - Dry,10 - No control,04 - At/near private drive,01 - Daylight,03 - P.D. only,03 - Rear end,Greenbelt
6300,ST. LAURENT BLVD btwn HEMLOCK RD & MEADOW PARK PL,371153.7658,5034763.588,-75.65170147,45.44965235,2014-04-15,17:20,01 - Clear,02 - Wet,10 - No control,04 - At/near private drive,01 - Daylight,03 - P.D. only,02 - Angle,Cemetery
6301,GLOUCESTER ST btwn O'CONNOR ST & METCALFE ST,367699.0886,5031306.799,-75.69630487,45.41886882,2014-04-15,0:00,02 - Rain,02 - Wet,10 - No control,01 - Non intersection,00 - Unknown,03 - P.D. only,06 - SMV unattended vehicle,Downtown
6302,BOTELER ST btwn CUMBERLAND ST & RAMP,367965.7625,5033235.015,-75.69265047,45.43619421,2014-04-15,9:30,02 - Rain,02 - Wet,10 - No control,04 - At/near private drive,01 - Daylight,03 - P.D. only,07 - SMV other,Lower Town
6303,BANK ST @ HUNT CLUB RD,371610.1583,5024097.454,-75.64731232,45.35363936,2014-04-16,7:09,01 - Clear,01 - Dry,01 - Traffic signal,02 - Intersection related,01 - Daylight,03 - P.D. only,03 - Rear end,South Keys - Heron Gate - Greenboro West
6304,LAVERGNE ST btwn PERRIER AVE & STE. ANNE ST,370543.8081,5033929.7,-75.65961004,45.44220704,2014-04-19,13:57,01 - Clear,01 - Dry,10 - No control,01 - Non intersection,01 - Daylight,03 - P.D. only,04 - Sideswipe,Vanier North
6305,GLADSTONE AVE btwn LYON ST N & KENT ST,367673.479,5030416.212,-75.69674568,45.4108579,2014-04-17,14:12,01 - Clear,01 - Dry,10 - No control,01 - Non intersection,01 - Daylight,03 - P.D. only,06 - SMV unattended vehicle,Centretown
6306,BANK ST @ DAVIDSON RD/LESTER RD,373672.2642,5022921.617,-75.62116079,45.34286013,2014-03-13,16:16,01 - Clear,01 - Dry,01 - Traffic signal,02 - Intersection related,01 - Daylight,03 - P.D. only,03 - Rear end,Blossom Park - Blossom Park West - Sawmill Creek/ Timbermill
6307,EARL MULLIGAN DR @ WOODROFFE AVE,365253.0709,5017508.356,-75.72924349,45.2949282,2014-03-15,15:35,01 - Clear,01 - Dry,01 - Traffic signal,02 - Intersection related,01 - Daylight,03 - P.D. only,04 - Sideswipe,Greenbelt
6308,BEGIN ST @ MONTREAL RD,370467.1812,5033287.594,-75.66067511,45.43643686,2014-04-21,14:45,01 - Clear,01 - Dry,02 - Stop sign,03 - At intersection,01 - Daylight,03 - P.D. only,02 - Angle,Vanier South
6309,FRIEL ST @ RIDEAU ST,368770.2806,5032571.532,-75.68245482,45.4301513,2014-04-20,14:00,01 - Clear,01 - Dry,01 - Traffic signal,02 - Intersection related,01 - Daylight,03 - P.D. only,03 - Rear end,Lowe
6310,ELVASTON AVE btwn CRAIG HENRY DR & BAINBRIDGE AVE,361217.7265,5021381.696,-75.78024753,45.33011619,2014-03-28,0:00,01 - Clear,01 - Dry,10 - No control,01 - Non intersection,00 - Unknown,03 - P.D. only,06 - SMV unattended vehicle,Woodvale - Craig Henry - Manordale - Estates of Arlington Wo
6311,Birchland Cres btwn Birchland Cres and Birchland Cres,349663.7063,5012491.272,-75.92844437,45.25095108,2014-03-21,12:13,01 - Clear,03 - Loose snow,10 - No control,01 - Non intersection,01 - Daylight,03 - P.D. only,06 - SMV unattended vehicle,Stittsville
6312,CASTLEFRANK RD @ TERRY FOX DR,352994.4829,5016303.86,-75.88564325,45.2850376,2014-04-22,16:00,02 - Rain,02 - Wet,01 - Traffic signal,02 - Intersection related,01 - Daylight,03 - P.D. only,03 - Rear end,Glen Cairn - Kanata South Business Park
6313,INDUSTRIAL AVE btwn TRAINYARDS DR & RUSSELL RD,372434.9229,5030295.667,-75.63593803,45.40932933,2014-04-22,16:03,02 - Rain,02 - Wet,10 - No control,01 - Non intersection,01 - Daylight,03 - P.D. only,03 - Rear end,Industrial Park
6314,BANK ST @ BILLINGS TRANSIT,369443.9644,5027740.218,-75.67447949,45.38661892,2014-04-13,15:17,01 - Clear,01 - Dry,01 - Traffic signal,02 - Intersection related,01 - Daylight,03 - P.D. only,03 - Rear end,Alta Vista
6315,MERTON ST @ WELLINGTON ST,365486.3285,5029596.453,-75.7247864,45.40367498,2014-04-16,15:30,01 - Clear,01 - Dry,02 - Stop sign,02 - Intersection related,01 - Daylight,03 - P.D. only,06 - SMV unattended vehicle,Hintonburg
6316,LYON ST @ SOMERSET ST,367367.2927,5030717.276,-75.70061883,45.41359422,2014-04-24,18:45,01 - Clear,01 - Dry,01 - Traffic signal,03 - At intersection,01 - Daylight,03 - P.D. only,02 - Angle,Centretown
6317,MOODIE DR btwn 200 N OF ROBERTSON RD & ROBERTSON RD,357053.8391,5020487.575,-75.83345917,45.32239319,2014-04-24,20:00,01 - Clear,01 - Dry,10 - No control,01 - Non intersection,07 - Dark,03 - P.D. only,04 - Sideswipe,Bells Corners West