Record,Location,X,Y,lon,lat,Date,Time,Environment,Road_Surface,Traffic_Control,Collision_Location,Light,Collision_Classification,Impact_type,Neighborhood
6318,FRANK KENNY RD E @ INNES RD,387870.252,5037735.552,-75.43752092,45.47460406,2014-04-25,17:33,01 - Clear,01 - Dry,02 - Stop sign,02 - Intersection related,01 - Daylight,03 - P.D. only,07 - SMV other,Navan - Vars
6319,LYON ST @ WELLINGTON ST,366933.4938,5031426.166,-75.70607128,45.42001125,2014-04-26,15:00,02 - Rain,02 - Wet,01 - Traffic signal,03 - At intersection,01 - Daylight,03 - P.D. only,05 - Turning movement,Downtown
6320,CARILLON ST btwn HANNAH ST & MARIER AVE,370243.3723,5033400.2,-75.66352044,45.43747102,2014-04-26,2:00,01 - Clear,01 - Dry,10 - No control,01 - Non intersection,07 - Dark,03 - P.D. only,06 - SMV unattended vehicle,Vanier North
6321,FRANK ST @ METCALFE ST,368203.2328,5030792.625,-75.68992995,45.41419695,2014-04-28,15:56,01 - Clear,01 - Dry,02 - Stop sign,02 - Intersection related,01 - Daylight,03 - P.D. only,05 - Turning movement,Centretown
6322,MARCH RD btwn BURNT LANDS RD & UPPER DWYER HILL RD,333080.5506,5013549.354,-76.13964518,45.26133421,2014-04-28,16:24,01 - Clear,01 - Dry,10 - No control,01 - Non intersection,01 - Daylight,03 - P.D. only,07 - SMV other,Carp - Hardwood Plains
6323,WALKLEY RD btwn AVONCOURT WAY & SOUTHMORE DR E,369629.0339,5025527.672,-75.67240681,45.36669401,2014-04-04,14:30,01 - Clear,01 - Dry,10 - No control,04 - At/near private drive,01 - Daylight,03 - P.D. only,02 - Angle,Riverside Park
6324,ALBION RD @ BRAMPTON RD,372179.7423,5023567.782,-75.6401158,45.34881906,2014-03-23,11:24,01 - Clear,01 - Dry,02 - Stop sign,03 - At intersection,01 - Daylight,03 - P.D. only,02 - Angle,Blossom Park - Blossom Park West - Sawmill Creek/ Timbermill
6325,SHAWGLEN WAY btwn BLACKSHIRE CIRC & BLACKSHIRE CIRC,365750.5375,5013153.729,-75.72343617,45.25570246,2014-03-23,14:05,03 - Snow,03 - Loose snow,10 - No control,04 - At/near private drive,01 - Daylight,03 - P.D. only,02 - Angle,New Barrhaven
6326,BRONSON AVE @ POWELL AVE,367387.8789,5029477.974,-75.70051317,45.40244151,2014-04-12,10:00,01 - Clear,01 - Dry,01 - Traffic signal,03 - At intersection,01 - Daylight,03 - P.D. only,02 - Angle,The Glebe
6327,PARENT AVE btwn ST. PATRICK ST & MURRAY ST,367858.2085,5032496.495,-75.69411961,45.42955898,2014-04-13,11:59,01 - Clear,01 - Dry,10 - No control,01 - Non intersection,01 - Daylight,03 - P.D. only,99 - Other,Byward Market
6328,TERRY FOX DR @ PALLADIUM DR/KATIMAVIK RD,351270.1919,5018181.775,-75.90744641,45.30205172,2014-04-11,17:30,01 - Clear,01 - Dry,01 - Traffic signal,02 - Intersection related,01 - Daylight,03 - P.D. only,03 - Rear end,Katimavik - Hazeldean
6329,MARVELVILLE RD @ YORKS CORNERS RD,391167.3448,5007625.314,-75.40061404,45.20330155,2014-04-16,8:37,01 - Clear,01 - Dry,02 - Stop sign,03 - At intersection,01 - Daylight,03 - P.D. only,02 - Angle,Metcalfe
6330,KING EDWARD AVE btwn DALY AVE & STEWART ST,368615.7093,5032243.078,-75.68447261,45.42721012,2014-04-04,22:07,02 - Rain,02 - Wet,10 - No control,01 - Non intersection,07 - Dark,03 - P.D. only,04 - Sideswipe,Sandy Hill
6331,ST. LAURENT BLVD/GUY ST @ RIDEAU SS,371859.7951,5033045.687,-75.64291035,45.43412812,2014-04-19,14:42,01 - Clear,01 - Dry,01 - Traffic signal,02 - Intersection related,01 - Daylight,03 - P.D. only,03 - Rear end,Cummings
6332,KIRKWOOD AVE N @ CARLING AVE,364276.3451,5027494.895,-75.74049483,45.38486941,2014-04-19,14:15,01 - Clear,01 - Dry,01 - Traffic signal,03 - At intersection,01 - Daylight,03 - P.D. only,05 - Turning movement,Westboro
6333,LAFRANCE DR btwn DES EPINETTES AVE & PRESTWICK DR,383273.0095,5036520.994,-75.49650484,45.46420831,2014-03-18,14:28,01 - Clear,01 - Dry,10 - No control,04 - At/near private drive,01 - Daylight,03 - P.D. only,02 - Angle,Queenswood Heights
6334,MEADOWLANDS DR    W btwn TURN LANE & MERIVALE RD,364830.7378,5023712.24,-75.73387556,45.3507864,2014-03-19,9:25,01 - Clear,01 - Dry,10 - No control,04 - At/near private drive,01 - Daylight,03 - P.D. only,02 - Angle,Crestview - Meadowlands
6335,NAVAN RD btwn CANARY ST & MILTON RD,386938.3883,5031767.468,-75.45043393,45.42101941,2014-04-21,14:45,01 - Clear,01 - Dry,10 - No control,04 - At/near private drive,01 - Daylight,03 - P.D. only,03 - Rear end,Navan - Vars
6336,CASABELLA DR @ INNES RD,384630.3526,5036463.09,-75.47915959,45.46353355,2014-04-21,15:00,01 - Clear,01 - Dry,02 - Stop sign,03 - At intersection,01 - Daylight,03 - P.D. only,02 - Angle,Fallingbrook
6337,KING EDWARD AVE @ LAURIER AVE,368742.0769,5032034.583,-75.68288494,45.42532261,2014-04-01,13:13,01 - Clear,01 - Dry,01 - Traffic signal,03 - At intersection,01 - Daylight,03 - P.D. only,07 - SMV other,Sandy Hill
6338,CUMMINGS AVE @ OGILVIE RD,372748.2463,5032167.742,-75.63167752,45.42614303,2014-04-01,15:30,01 - Clear,01 - Dry,01 - Traffic signal,02 - Intersection related,01 - Daylight,03 - P.D. only,03 - Rear end,Cummings
6339,PARADISE CRES btwn GARDENWAY DR & GARDENWAY DR,385352.5799,5037226.19,-75.46980045,45.47031628,2014-04-21,16:00,01 - Clear,01 - Dry,10 - No control,04 - At/near private drive,01 - Daylight,03 - P.D. only,06 - SMV unattended vehicle,Fallingbrook
6340,BAYSHORE DR btwn WOODRIDGE CRES S & BAYSHORE CS,359223.7164,5023529.411,-75.80544807,45.34959885,2014-04-22,16:43,02 - Rain,02 - Wet,10 - No control,01 - Non intersection,01 - Daylight,03 - P.D. only,05 - Turning movement,Bayshore
6341,BANK ST @ WALKLEY RD,370336.4302,5025948.683,-75.66332146,45.37041635,2014-04-17,16:33,01 - Clear,01 - Dry,01 - Traffic signal,02 - Intersection related,01 - Daylight,03 - P.D. only,03 - Rear end,Ledbury - Heron Gate - Ridgemont - Elmwood
6342,FOREST VALLEY DR btwn RIVERCREST DR & MEADOWGLEN DR,379767.8489,5035325.503,-75.54150385,45.45383715,2014-04-25,10:15,01 - Clear,01 - Dry,10 - No control,04 - At/near private drive,01 - Daylight,03 - P.D. only,02 - Angle,Chapel Hill
6343,MERIVALE RD @ 110 S OF BURRIS LANE/LOBLAWS SC,364812.2862,5024952.864,-75.73396042,45.36195094,2014-04-25,16:45,01 - Clear,01 - Dry,01 - Traffic signal,02 - Intersection related,01 - Daylight,03 - P.D. only,03 - Rear end,Cityview - Skyline - Fisher Heights
6344,REGIONAL ROAD 174 btwn QUIGLEY HILL RD & REGIONAL ROAD 174 DIVIDED,384876.1,5040894.38,-75.47529498,45.50337383,2014-04-26,7:47,01 - Clear,02 - Wet,10 - No control,01 - Non intersection,01 - Daylight,03 - P.D. only,07 - SMV other,Cumberland - Estates
6345,ROBERTSON RD @ WESTCLIFFE RD,356396.1779,5020053.327,-75.84189286,45.31853442,2014-04-26,18:59,02 - Rain,02 - Wet,01 - Traffic signal,02 - Intersection related,05 - Dusk,03 - P.D. only,04 - Sideswipe,Bells Corners West
6346,FALLOWFIELD RD btwn MERIVALE RD & ASHDALE AVE,366940.5278,5018876.697,-75.70755951,45.30709318,2014-04-28,16:36,01 - Clear,01 - Dry,10 - No control,01 - Non intersection,01 - Daylight,03 - P.D. only,03 - Rear end,Greenbelt
6347,BRONSON AVE @ GLADSTONE AVE,367133.2278,5030080.616,-75.70368954,45.40788663,2014-04-04,18:58,02 - Rain,02 - Wet,01 - Traffic signal,03 - At intersection,05 - Dusk,03 - P.D. only,04 - Sideswipe,Centretown West
6348,FALLOWFIELD RD @ WOODROFFE AVE,365086.5718,5017902.242,-75.73131822,45.29848667,2014-03-25,8:50,01 - Clear,01 - Dry,01 - Traffic signal,02 - Intersection related,01 - Daylight,03 - P.D. only,03 - Rear end,Greenbelt
6349,KIRKWOOD AVE @ LEPAGE AVE,364790.1683,5026652.595,-75.73403631,45.37724673,2014-03-26,10:52,01 - Clear,01 - Dry,02 - Stop sign,02 - Intersection related,01 - Daylight,03 - P.D. only,99 - Other,Carlington
6350,HOLT CRES btwn ADAMS AVE & ADAMS AVE,372716.2857,5028371.904,-75.63260884,45.39199291,2014-04-13,0:00,01 - Clear,01 - Dry,10 - No control,01 - Non intersection,00 - Unknown,03 - P.D. only,06 - SMV unattended vehicle,Urbandale
6351,WOODROFFE AVE btwn HWY417 IC127 RAMP53 & IRIS ST,362239.0926,5024547.73,-75.76685081,45.35852114,2014-04-13,16:19,01 - Clear,01 - Dry,10 - No control,04 - At/near private drive,01 - Daylight,03 - P.D. only,02 - Angle,Iris
6352,GREENBANK RD btwn HIGHBURY PARK DR & WESSEX RD,363666.3357,5015412.918,-75.74972067,45.27620817,2014-04-15,18:08,01 - Clear,02 - Wet,10 - No control,01 - Non intersection,01 - Daylight,03 - P.D. only,03 - Rear end,New Barrhaven
6353,INDUSTRIAL AVE/INNES RD @ ST. LAURENT BLVD,373100.2013,5030003.671,-75.62748029,45.40663748,2014-04-16,9:10,01 - Clear,01 - Dry,01 - Traffic signal,03 - At intersection,01 - Daylight,03 - P.D. only,05 - Turning movement,Industrial Park
6354,RIDEAU ST @ WALLER ST,368283.2218,5032275.532,-75.688717,45.42753238,2014-04-16,8:58,01 - Clear,01 - Dry,01 - Traffic signal,02 - Intersection related,01 - Daylight,03 - P.D. only,04 - Sideswipe,Byward Market - Parliament Hill
6355,KENT ST btwn SPARKS ST & QUEEN ST,367157.4951,5031427.454,-75.70320915,45.42000291,2014-04-05,23:45,01 - Clear,01 - Dry,10 - No control,01 - Non intersection,07 - Dark,03 - P.D. only,04 - Sideswipe,Downtown
6356,BANK ST @ STRATHCONA AVE,368141.0796,5030028.559,-75.69082215,45.40732776,2014-04-06,11:45,01 - Clear,01 - Dry,01 - Traffic signal,02 - Intersection related,01 - Daylight,03 - P.D. only,03 - Rear end,The Glebe
6357,WOODROFFE AVE btwn HERITAGE GLEN DR & STRANDHERD DR,366095.2535,5015423.585,-75.71876447,45.27609661,2014-04-19,14:10,01 - Clear,01 - Dry,10 - No control,01 - Non intersection,01 - Daylight,03 - P.D. only,07 - SMV other,Chapman Mills - Rideau Crest - Davidson Heights
6358,March Rd btwn Golden Line and Ramsay Concession 12 ,332526.2415,5013149.46,-76.14673044,45.25775777,2014-04-29,5:30,01 - Clear,01 - Dry,10 - No control,01 - Non intersection,07 - Dark,03 - P.D. only,07 - SMV other,Carp - Hardwood Plains
6359,BRIDGEWATER TER btwn KENNEVALE DR & BOURNE ST,362571.0226,5014666.466,-75.76376663,45.26958241,2014-04-19,21:06,01 - Clear,01 - Dry,10 - No control,01 - Non intersection,07 - Dark,03 - P.D. only,06 - SMV unattended vehicle,Barrhaven West - Old Barrhaven
6360,BANK ST @ SNAKE ISLAND RD/VICTORIA ST,383696.3144,5010120.459,-75.49530354,45.22662741,2014-03-17,12:10,01 - Clear,01 - Dry,01 - Traffic signal,02 - Intersection related,01 - Daylight,03 - P.D. only,03 - Rear end,Metcalfe
6361,BRONSON AVE @ IMPERIAL AVE/PLYMOUTH ST,367318.2294,5029643.552,-75.70138179,45.40393756,2014-03-20,7:40,02 - Rain,02 - Wet,10 - No control,02 - Intersection related,01 - Daylight,03 - P.D. only,04 - Sideswipe,Centretown West
6362,ALPINE AVE @ CARLING AVE,360496.2031,5024943.467,-75.78905061,45.36222259,2014-04-21,18:00,01 - Clear,01 - Dry,01 - Traffic signal,02 - Intersection related,01 - Daylight,03 - P.D. only,03 - Rear end,Whitehaven - Queensway Terrace North
6363,WHITETAIL DR btwn LADY SLIPPER WAY & LUPINE LANE,343420.297,5012753.524,-76.00796073,45.25368129,2014-04-19,0:00,01 - Clear,01 - Dry,10 - No control,01 - Non intersection,00 - Unknown,03 - P.D. only,06 - SMV unattended vehicle,Stittsville - Basswood
6364,CLYDE AVE btwn STARWOOD RD & LOTTA AVE,364513.6414,5024532.17,-75.73782302,45.3581911,2014-04-06,13:15,01 - Clear,01 - Dry,10 - No control,01 - Non intersection,01 - Daylight,03 - P.D. only,04 - Sideswipe,Cityview - Skyline - Fisher Heights
6365,RENAUD RD @ NAVAN RD,381815.3393,5032735.601,-75.51573495,45.43031265,2014-04-22,16:50,01 - Clear,01 - Dry,01 - Traffic signal,02 - Intersection related,01 - Daylight,03 - P.D. only,03 - Rear end,Chapel Hill South
6366,CASTLEFRANK RD btwn HAZELDEAN RD & TO BE DETERMINED,352720.0582,5017622.741,-75.88901385,45.29692399,2014-04-17,17:30,01 - Clear,01 - Dry,10 - No control,04 - At/near private drive,01 - Daylight,03 - P.D. only,02 - Angle,Glen Cairn - Kanata South Business Park
6367,CARLING AVE WB btwn CARLINGWOOD SC & IROQUOIS RD,362162.9751,5025998.042,-75.76765392,45.37157715,2014-04-17,16:30,01 - Clear,01 - Dry,10 - No control,04 - At/near private drive,01 - Daylight,03 - P.D. only,02 - Angle,Carlingwood - McKellar Park - Laurentien View
6368,ELGIN ST @ LISGAR ST,368074.2373,5031343.68,-75.69150714,45.41916683,2014-04-17,17:30,01 - Clear,01 - Dry,01 - Traffic signal,02 - Intersection related,01 - Daylight,03 - P.D. only,03 - Rear end,Centretown
6369,ANDERSON RD btwn WEIR RD & DOLMAN RIDGE RD,377786.8239,5031461.381,-75.5674016,45.41928005,2014-04-14,19:50,01 - Clear,01 - Dry,10 - No control,01 - Non intersection,07 - Dark,03 - P.D. only,07 - SMV other,Greenbelt
6370,COVENTRY RD btwn ARCOLA PRIV & LOLA ST,371220.9347,5031606.964,-75.65126874,45.42124409,2014-04-26,10:15,02 - Rain,02 - Wet,10 - No control,04 - At/near private drive,01 - Daylight,03 - P.D. only,02 - Angle,Overbrook
6371,REGIONAL ROAD 174 btwn REGIONAL ROAD 174 & OR174 IC102 RAMP15,381613.0648,5038248.601,-75.51745859,45.47993635,2014-04-26,11:51,01 - Clear,01 - Dry,10 - No control,01 - Non intersection,01 - Daylight,03 - P.D. only,07 - SMV other,Industrial Park
6372,CATHERINE ST @ METCALFE ST,368393.4357,5030486.653,-75.68753955,45.41142665,2014-04-26,22:25,02 - Rain,02 - Wet,01 - Traffic signal,02 - Intersection related,07 - Dark,03 - P.D. only,04 - Sideswipe,Centretown
6373,REGIONAL ROAD 174 btwn TRANSIT & OR174 IC105 RAMP51,379000.3833,5036767.785,-75.5510972,45.46689566,2014-04-27,2:45,01 - Clear,01 - Dry,10 - No control,01 - Non intersection,07 - Dark,03 - P.D. only,03 - Rear end,Greenbelt
6374,CONROY RD btwn QUEENSDALE AVE & DAVIDSON RD,374511.6662,5023658.638,-75.61034708,45.34940863,2014-04-28,17:18,01 - Clear,01 - Dry,10 - No control,01 - Non intersection,01 - Daylight,03 - P.D. only,03 - Rear end,Greenbelt
6375,YOUVILLE DR btwn ST. JOSEPH BLVD & JEANNE D'ARC BLVD S,379286.8244,5036598.749,-75.54746021,45.46534431,2014-04-28,16:30,01 - Clear,01 - Dry,10 - No control,01 - Non intersection,01 - Daylight,03 - P.D. only,06 - SMV unattended vehicle,Greenbelt
6376,BAYCREST DR btwn HERON RD & CEDARWOOD DR,371171.8323,5026882.505,-75.65253187,45.37873993,2014-04-05,12:59,01 - Clear,01 - Dry,10 - No control,04 - At/near private drive,01 - Daylight,03 - P.D. only,05 - Turning movement,Ledbury - Heron Gate - Ridgemont - Elmwood
6377,ST. JOSEPH BLVD/OLD MONTREAL RD @ TRIM RD,384682.2801,5039286.53,-75.47803655,45.48893021,2014-04-05,11:30,02 - Rain,02 - Wet,01 - Traffic signal,02 - Intersection related,01 - Daylight,03 - P.D. only,03 - Rear end,Cardinal Creek
6378,GLADSTONE AVE @ O'CONNOR ST,368074.2042,5030659.33,-75.69159543,45.41300928,2014-03-31,20:37,01 - Clear,01 - Dry,01 - Traffic signal,03 - At intersection,07 - Dark,03 - P.D. only,05 - Turning movement,Centretown
6379,BELFAST RD @ ST. LAURENT BLVD,372862.1459,5030575.718,-75.63044206,45.41180768,2014-04-01,18:50,01 - Clear,01 - Dry,01 - Traffic signal,02 - Intersection related,01 - Daylight,03 - P.D. only,03 - Rear end,Industrial Park
6380,CLOVER ST @ HERON RD,369292.7157,5026764.797,-75.6765382,45.37785632,2014-04-13,14:30,01 - Clear,01 - Dry,01 - Traffic signal,02 - Intersection related,01 - Daylight,03 - P.D. only,03 - Rear end,Alta Vista
6381,OLD SECOND LINE RD @ TERRY FOX DR,348795.2,5022408.413,-75.93862864,45.34024358,2014-04-13,17:57,01 - Clear,01 - Dry,01 - Traffic signal,03 - At intersection,01 - Daylight,03 - P.D. only,02 - Angle,South March
6382,HUNTLEY RD btwn FALLOWFIELD RD & MANSFIELD RD,353079.2171,5008824.724,-75.8852896,45.21773221,2014-04-15,20:15,01 - Clear,01 - Dry,10 - No control,01 - Non intersection,07 - Dark,03 - P.D. only,07 - SMV other,Munster Hamlet - Richmond
6383,CARLING AVE @ CLYDE AVE/COLE AVE,363522.1124,5026849.594,-75.7502022,45.37912673,2014-04-16,10:05,01 - Clear,01 - Dry,01 - Traffic signal,03 - At intersection,01 - Daylight,03 - P.D. only,04 - Sideswipe,Carlingwood - McKellar Park - Laurentien View
6384,BASELINE RD @ FISHER AVE,366167.1675,5026029.481,-75.71653363,45.37152083,2014-04-16,13:19,01 - Clear,01 - Dry,01 - Traffic signal,02 - Intersection related,01 - Daylight,03 - P.D. only,03 - Rear end,Civic Hospital - Experimental Farm - Central Park
6385,DALY AVE @ WALLER ST,368340.7061,5032121.397,-75.68800234,45.42614031,2014-04-06,17:04,01 - Clear,01 - Dry,01 - Traffic signal,02 - Intersection related,01 - Daylight,03 - P.D. only,03 - Rear end,Byward Market - Parliament Hill
6386,LESTER RD btwn ALBION RD & UPLANDS DR,372519.068,5022225.816,-75.6359696,45.33671182,2014-04-19,21:21,01 - Clear,01 - Dry,10 - No control,01 - Non intersection,07 - Dark,03 - P.D. only,07 - SMV other,Emerald Woods - Sawmill Creek
6387,BRONSON AVE @ CATHERINE ST/RAYMOND ST,367255.0631,5029795.866,-75.70216931,45.40531367,2014-03-21,15:30,01 - Clear,04 - Slush,01 - Traffic signal,03 - At intersection,01 - Daylight,03 - P.D. only,05 - Turning movement,Centretown
6388,GREENBANK RD @ HWY 417 IC129 RAMP57/IRIS ST,360531.7829,5023309.65,-75.78878065,45.34751872,2014-03-21,17:30,01 - Clear,01 - Dry,01 - Traffic signal,02 - Intersection related,01 - Daylight,03 - P.D. only,04 - Sideswipe,Iris
6389,MERIVALE RD btwn WITHROW AVE & RITA AVE,364638.8255,5024235.44,-75.73626125,45.35551049,2014-04-22,11:10,02 - Rain,02 - Wet,10 - No control,04 - At/near private drive,01 - Daylight,03 - P.D. only,02 - Angle,Cityview - Skyline - Fisher Heights
6390,LEITRIM RD btwn FENTON RD & BANK ST,375324.1049,5021576.843,-75.60027684,45.3305963,2014-04-21,20:00,02 - Rain,02 - Wet,10 - No control,01 - Non intersection,07 - Dark,03 - P.D. only,07 - SMV other,Greenbelt
6391,BANK ST @ MITCH OWENS RD,377758.2918,5015945.564,-75.57005519,45.27967972,2014-04-09,11:42,01 - Clear,01 - Dry,01 - Traffic signal,02 - Intersection related,01 - Daylight,03 - P.D. only,03 - Rear end,Osgoode
6392,NAVAHO DR @ WOODROFFE AVE/TRANSITWAY N BASELIN,362707.2841,5023492.274,-75.76099896,45.34898572,2014-04-22,17:56,02 - Rain,02 - Wet,01 - Traffic signal,02 - Intersection related,01 - Daylight,03 - P.D. only,03 - Rear end,Crestview - Meadowlands
6393,INNES RD btwn FRANK KENNY RD & O'TOOLE RD,388498.0817,5038038.152,-75.42944075,45.47725155,2014-04-22,18:38,02 - Rain,02 - Wet,10 - No control,01 - Non intersection,05 - Dusk,03 - P.D. only,01 - Approaching,Cumberland - Estates
6394,HADLEY CIRC btwn MOODIE DR & TO BE DETERMINED,357159.8711,5020309.958,-75.83212552,45.32078707,2014-04-17,22:00,01 - Clear,01 - Dry,10 - No control,04 - At/near private drive,07 - Dark,03 - P.D. only,06 - SMV unattended vehicle,Bells Corners East
6395,ANDERSON RD @ RIDGE RD,379028.8073,5028509.957,-75.55197849,45.39259439,2014-04-18,16:23,01 - Clear,02 - Wet,02 - Stop sign,03 - At intersection,01 - Daylight,03 - P.D. only,05 - Turning movement,Greenbelt
6396,HENDERSON AVE btwn OSGOODE ST & SOMERSET ST E,368967.1276,5031812.65,-75.68003823,45.42330513,2014-04-25,11:15,01 - Clear,01 - Dry,10 - No control,01 - Non intersection,01 - Daylight,03 - P.D. only,04 - Sideswipe,Sandy Hill
6397,MERIVALE RD btwn EMERALD PLAZA SC & MEADOWLANDS DR,364813.6762,5023824.089,-75.73407971,45.35179427,2014-04-25,13:22,01 - Clear,01 - Dry,10 - No control,01 - Non intersection,01 - Daylight,03 - P.D. only,03 - Rear end,Cityview - Skyline - Fisher Heights
6398,SHERBOURNE RD @ KEENAN AVE/KNIGHTSBRIDGE RD,362041.1102,5026945.541,-75.7690998,45.38011261,2014-04-27,10:19,01 - Clear,01 - Dry,02 - Stop sign,03 - At intersection,01 - Daylight,03 - P.D. only,05 - Turning movement,Carlingwood - McKellar Park - Laurentien View
6399,RAMSAYVILLE RD btwn WALKLEY EXTENSION RD & RIDGE RD,376550.316,5029199.311,-75.58352841,45.39905514,2014-04-29,0:12,01 - Clear,01 - Dry,10 - No control,01 - Non intersection,07 - Dark,03 - P.D. only,01 - Approaching,Greenbelt
6400,CUMBERLAND ST @ LAURIER AVE,368596.7989,5031948.988,-75.68475235,45.42456573,2014-04-10,9:23,01 - Clear,01 - Dry,01 - Traffic signal,02 - Intersection related,01 - Daylight,03 - P.D. only,04 - Sideswipe,Sandy Hill
6401,GREENBANK RD @ MALVERN DR/FOXFIELD DR,363311.2125,5016193.485,-75.75415447,45.28326137,2014-04-04,18:15,02 - Rain,02 - Wet,01 - Traffic signal,02 - Intersection related,01 - Daylight,03 - P.D. only,03 - Rear end,Barrhaven West - Old Barrhaven
6402,BRONSON AVE @ IMPERIAL AVE/PLYMOUTH ST,367319.1772,5029642.604,-75.7013698,45.40392894,2014-04-13,18:39,01 - Clear,01 - Dry,10 - No control,03 - At intersection,01 - Daylight,03 - P.D. only,05 - Turning movement,The Glebe
6403,KNOXDALE RD @ WEST HUNT CLUB RD,361864.1596,5020584.477,-75.77209316,45.32289057,2014-01-04,12:05,01 - Clear,01 - Dry,01 - Traffic signal,03 - At intersection,01 - Daylight,03 - P.D. only,03 - Rear end,Woodvale - Craig Henry - Manordale - Estates of Arlington Wo
6404,BLACKBURN BYPASS @ INNES RD W,377186.7261,5032176.638,-75.57496332,45.42577783,2014-02-11,7:22,01 - Clear,01 - Dry,01 - Traffic signal,02 - Intersection related,01 - Daylight,03 - P.D. only,03 - Rear end,Greenbelt
6405,KANATA RD @ LORD BYNG WAY/MARITIME WAY,351431.5884,5019329.829,-75.90528049,45.31237151,2014-01-02,15:00,01 - Clear,01 - Dry,01 - Traffic signal,02 - Intersection related,01 - Daylight,03 - P.D. only,03 - Rear end,Kanata
6406,RIVERSIDE DR @ 175 S OF HUNT CLUB  RD/RUNWAY C,368028.0261,5021765.352,-75.69332391,45.33298774,2014-04-16,13:20,01 - Clear,01 - Dry,01 - Traffic signal,03 - At intersection,01 - Daylight,03 - P.D. only,05 - Turning movement,Hunt Club Woods - Quintarra - Revelstoke - Riverside South P
6407,CYRVILLE RD @ ST. LAURENT BLVD,372243.1426,5032112.528,-75.63813915,45.42569513,2014-04-08,12:20,02 - Rain,02 - Wet,01 - Traffic signal,02 - Intersection related,01 - Daylight,03 - P.D. only,03 - Rear end,Overbrook
6408,HAZELDEAN RD @ TERRY FOX DR,352208.0849,5017243.399,-75.89557746,45.2935453,2014-04-08,17:53,01 - Clear,01 - Dry,01 - Traffic signal,02 - Intersection related,01 - Daylight,03 - P.D. only,04 - Sideswipe,Glen Cairn - Kanata South Business Park
6409,GREENBANK RD btwn KILBIRNIE DR & BARNSDALE RD,365461.3074,5011245.458,-75.7273537,45.2385568,2014-04-20,9:01,01 - Clear,01 - Dry,10 - No control,01 - Non intersection,01 - Daylight,03 - P.D. only,07 - SMV other,New Barrhaven
6410,BASELINE RD @ WOODROFFE AVE,362550.1641,5023770.505,-75.76297143,45.35150218,2014-03-21,20:00,01 - Clear,01 - Dry,01 - Traffic signal,02 - Intersection related,07 - Dark,03 - P.D. only,03 - Rear end,Iris
6411,KANATA AVE btwn TERRY FOX DR & RICHARDSON SIDE RD,349347.2915,5019625.608,-75.93183479,45.31516833,2014-03-23,19:18,01 - Clear,01 - Dry,10 - No control,01 - Non intersection,07 - Dark,03 - P.D. only,06 - SMV unattended vehicle,Kanata Lakes - Marchwood Lakeside - Morgan's Grant - Kanata
6412,WATERLOO ST btwn WASHINGTON ST & OLD WELLINGTON ST,371995.2917,5001513.676,-75.64545048,45.15039776,2014-04-12,17:30,01 - Clear,01 - Dry,10 - No control,01 - Non intersection,01 - Daylight,03 - P.D. only,07 - SMV other,Kars - Osgoode
6413,ROBSON CRT btwn EVANSHEN CRES & END,350551.884,5019691.675,-75.91646586,45.31568536,2014-01-16,16:00,04 - Freezing Rain,05 - Packed snow,10 - No control,01 - Non intersection,01 - Daylight,03 - P.D. only,07 - SMV other,Kanata Lakes - Marchwood Lakeside - Morgan's Grant - Kanata
6414,ARENA PL @ BANK ST,375398.383,5021518.54,-75.59933765,45.33006425,2014-04-23,8:50,01 - Clear,01 - Dry,02 - Stop sign,03 - At intersection,01 - Daylight,03 - P.D. only,05 - Turning movement,Greenbelt
6415,MCCORDICK RD btwn POLLOCK RD & ROGER STEVENS DR,363193.9235,4999978.144,-75.75755026,45.1373633,2014-01-28,13:27,05 - Drifting Snow,05 - Packed snow,10 - No control,07 - Overpass or bridge,01 - Daylight,03 - P.D. only,01 - Approaching,Munster Hamlet - Richmond
6416,TRIM RD btwn ST. JOSEPH BLVD & WATTERS RD,384712.6592,5039235.78,-75.47765623,45.48847014,2014-02-11,8:51,01 - Clear,01 - Dry,10 - No control,01 - Non intersection,01 - Daylight,03 - P.D. only,03 - Rear end,Cardinal Creek
6417,MACOUN CIRC btwn Continuation of MACOUN CIRC & Continuation of MACOUN ,372048.0829,5025696.884,-75.64150615,45.3679886,2014-04-26,0:00,01 - Clear,02 - Wet,10 - No control,01 - Non intersection,00 - Unknown,03 - P.D. only,06 - SMV unattended vehicle,South Keys - Heron Gate - Greenboro West
6418,AIRPORT PKWY @ HUNT CLUB RD,371018.0541,5023702.05,-75.65492137,45.3501378,2014-04-29,8:10,01 - Clear,01 - Dry,01 - Traffic signal,02 - Intersection related,01 - Daylight,03 - P.D. only,04 - Sideswipe,Hunt Club East - Western Community
6419,ALTA VISTA DR @ SMYTH RD,370433.1898,5029080.61,-75.66166987,45.39858729,2014-04-29,7:50,01 - Clear,01 - Dry,01 - Traffic signal,02 - Intersection related,01 - Daylight,03 - P.D. only,04 - Sideswipe,Alta Vista
6420,LONGFIELDS DR @ WOODROFFE AVE,365422.5917,5017105.997,-75.72713153,45.2912932,2014-04-14,13:05,01 - Clear,01 - Dry,01 - Traffic signal,02 - Intersection related,01 - Daylight,03 - P.D. only,07 - SMV other,Greenbelt
6421,JOCKVALE RD @ CAMBRIAN RD/GOLFLINKS DR W,365383.1978,5013223.163,-75.72810751,45.25635895,2014-04-05,19:10,01 - Clear,01 - Dry,11 - Roundabout,03 - At intersection,07 - Dark,03 - P.D. only,04 - Sideswipe,New Barrhaven