Record,Location,X,Y,lon,lat,Date,Time,Environment,Road_Surface,Traffic_Control,Collision_Location,Light,Collision_Classification,Impact_type,Neighborhood
6422,DONALD ST @ VANIER PKWY,370311.7131,5032271.346,-75.66279722,45.42730767,2014-04-05,20:34,01 - Clear,01 - Dry,01 - Traffic signal,03 - At intersection,07 - Dark,03 - P.D. only,05 - Turning movement,Overbrook
6423,MERIVALE RD btwn WOODWARD AVE & LAPERRIERE AVE,364857.1714,5027118.155,-75.73312425,45.38143002,2014-04-13,21:04,02 - Rain,02 - Wet,10 - No control,04 - At/near private drive,07 - Dark,03 - P.D. only,07 - SMV other,Carlington
6424,ALBION RD btwn ALBION RD S & BANK ST,371940.5668,5024141.822,-75.64308981,45.35400701,2014-04-16,18:10,01 - Clear,01 - Dry,10 - No control,04 - At/near private drive,01 - Daylight,03 - P.D. only,02 - Angle,Emerald Woods - Sawmill Creek
6425,ARLINGTON AVE @ BANK ST,368007.1777,5030345.57,-75.69249192,45.41019223,2014-04-16,18:15,01 - Clear,01 - Dry,02 - Stop sign,03 - At intersection,05 - Dusk,03 - P.D. only,03 - Rear end,Centretown
6426,ALICE ST btwn ST. CHARLES ST & ST. AMBROISE ST,369677.8673,5033605.126,-75.6707208,45.43936756,2014-04-08,17:20,01 - Clear,01 - Dry,10 - No control,04 - At/near private drive,01 - Daylight,03 - P.D. only,06 - SMV unattended vehicle,Vanier North
6427,WILLOW CREEK CIRC btwn BERRY GLEN ST & ASHMORE DR,366711.2525,5014400.246,-75.71104163,45.26683469,2014-04-20,9:45,02 - Rain,02 - Wet,10 - No control,04 - At/near private drive,01 - Daylight,03 - P.D. only,06 - SMV unattended vehicle,Chapman Mills - Rideau Crest - Davidson Heights
6428,ELGIN ST btwn GLADSTONE AVE & MCLEOD ST,368417.6031,5030790.946,-75.68719155,45.41416238,2014-04-20,17:00,01 - Clear,01 - Dry,10 - No control,01 - Non intersection,01 - Daylight,03 - P.D. only,06 - SMV unattended vehicle,Centretown
6429,CARMEN AVE btwn MCARTHUR AVE & STEVENS AVE,370913.033,5032732,-75.65505168,45.43139585,2014-04-20,22:54,01 - Clear,01 - Dry,10 - No control,01 - Non intersection,07 - Dark,03 - P.D. only,06 - SMV unattended vehicle,Vanier South
6430,FALLOWFIELD RD btwn MERIVALE RD & WOODROFFE AVE,365110.2685,5017916.46,-75.73101437,45.29861257,2014-03-24,8:03,01 - Clear,01 - Dry,10 - No control,01 - Non intersection,01 - Daylight,03 - P.D. only,03 - Rear end,Greenbelt
6431,CAMPEAU DR/HWY 417 MARCH IC138R63 @ MARCH RD,352842.0988,5020477.415,-75.88718116,45.32260264,2014-03-24,13:47,01 - Clear,01 - Dry,01 - Traffic signal,03 - At intersection,01 - Daylight,03 - P.D. only,02 - Angle,Greenbelt
6432,OGILVIE RD @ MATHESON RD/PALMERSTON DR,373378.7732,5032535.313,-75.62356967,45.42938872,2014-04-13,3:06,02 - Rain,02 - Wet,01 - Traffic signal,02 - Intersection related,07 - Dark,03 - P.D. only,04 - Sideswipe,Industrial Park
6433,BASELINE RD @ CENTREPOINTE DR W/COBDEN RD,361634.1553,5023208.458,-75.77472551,45.34651974,2014-04-13,22:54,02 - Rain,02 - Wet,01 - Traffic signal,02 - Intersection related,07 - Dark,03 - P.D. only,03 - Rear end,Iris
6434,O'CONNOR ST btwn COOPER ST & SOMERSET ST W,367821.152,5031067.798,-75.69477592,45.41670738,2014-04-13,15:00,01 - Clear,01 - Dry,10 - No control,01 - Non intersection,01 - Daylight,03 - P.D. only,04 - Sideswipe,Centretown
6435,MURRAY ST @ SUSSEX DR,367706.1073,5032395.445,-75.69607617,45.42866346,2014-04-23,12:34,01 - Clear,01 - Dry,01 - Traffic signal,03 - At intersection,01 - Daylight,03 - P.D. only,02 - Angle,Byward Market - Parliament Hill
6436,GRENON AVE @ RICHMOND RD,359808.0923,5024033.51,-75.79793478,45.35408914,2014-04-23,13:13,01 - Clear,01 - Dry,01 - Traffic signal,02 - Intersection related,01 - Daylight,03 - P.D. only,03 - Rear end,Whitehaven - Queensway Terrace North
6437,MERIVALE RD @ 210 S OF MEADOWLANDS DR,364943.5545,5023529.934,-75.73245808,45.34913637,2014-04-21,17:28,01 - Clear,01 - Dry,01 - Traffic signal,02 - Intersection related,01 - Daylight,03 - P.D. only,04 - Sideswipe,Borden Farm - Stewart Farm - Parkwood Hills - Fisher Glen
6438,RICHMOND RD btwn STINSON AVE & STAFFORD RD,358051.0318,5021035.269,-75.82068114,45.32724644,2014-02-01,12:35,03 - Snow,02 - Wet,10 - No control,04 - At/near private drive,01 - Daylight,03 - P.D. only,02 - Angle,Bells Corners East
6439,MEADOWLANDS DR btwn PRINCE OF WALES DR & DEBRA AVE,367341.7369,5025674.571,-75.70158444,45.3682236,2014-02-02,16:38,01 - Clear,02 - Wet,10 - No control,01 - Non intersection,01 - Daylight,03 - P.D. only,07 - SMV other,Carleton Heights - Rideauview
6440,LAURIER AVE @ NICHOLAS ST,368373.1631,5031798.27,-75.68762931,45.42322998,2014-04-27,17:59,01 - Clear,01 - Dry,01 - Traffic signal,03 - At intersection,01 - Daylight,03 - P.D. only,04 - Sideswipe,Sandy Hill
6441,KING EDWARD AVE @ SUSSEX DR,367665.048,5033504.517,-75.69645924,45.4386462,2014-04-28,8:40,01 - Clear,01 - Dry,01 - Traffic signal,02 - Intersection related,01 - Daylight,03 - P.D. only,03 - Rear end,Byward Market - Parliament Hill
6442,CARLING AVE @ HAMILTON AVE,365559.1756,5028130.546,-75.72403649,45.39047877,2014-04-29,9:20,01 - Clear,01 - Dry,02 - Stop sign,03 - At intersection,01 - Daylight,03 - P.D. only,04 - Sideswipe,Civic Hospital - Experimental Farm - Central Park
6443,LAFONTAINE AVE @ MCARTHUR AVE,370950.1862,5032770.626,-75.65457171,45.43173988,2014-04-29,10:18,01 - Clear,01 - Dry,01 - Traffic signal,03 - At intersection,01 - Daylight,03 - P.D. only,02 - Angle,Vanier South
6444,BANK ST @ CATHERINE ST,368042.0751,5030267.572,-75.69205614,45.40948727,2014-04-14,13:36,01 - Clear,01 - Dry,01 - Traffic signal,03 - At intersection,01 - Daylight,03 - P.D. only,02 - Angle,Centretown
6445,PATRICIA AVE @ RICHMOND RD,363953.2122,5028751.66,-75.74447018,45.39620493,2014-04-06,2:05,01 - Clear,01 - Dry,01 - Traffic signal,02 - Intersection related,07 - Dark,03 - P.D. only,07 - SMV other,Westboro
6446,BANK ST @ ST. BERNARD ST,373004.9032,5023709.116,-75.62956701,45.35001097,2014-04-06,11:58,01 - Clear,01 - Dry,01 - Traffic signal,03 - At intersection,01 - Daylight,03 - P.D. only,05 - Turning movement,Blossom Park - Blossom Park West - Sawmill Creek/ Timbermill
6447,LEES AVE @ KING EDWARD AVE/MANN AVE,369177.6148,5031336.384,-75.67741102,45.41900053,2014-04-14,2:40,01 - Clear,01 - Dry,01 - Traffic signal,02 - Intersection related,07 - Dark,03 - P.D. only,03 - Rear end,Sandy Hill
6448,GREENFIELD AVE @ HWY 417 NICHOLAS IC118R43,369100.4235,5031196.969,-75.67841543,45.41775322,2014-04-14,2:40,01 - Clear,01 - Dry,01 - Traffic signal,02 - Intersection related,07 - Dark,03 - P.D. only,07 - SMV other,Old Ottawa East
6449,MARGUERITE AVE btwn STEVENS AVE & WOLFF ST,370061.2568,5032436.365,-75.6659757,45.42881585,2014-03-25,13:13,01 - Clear,01 - Dry,10 - No control,01 - Non intersection,01 - Daylight,03 - P.D. only,06 - SMV unattended vehicle,Vanier South
6450,WOODROFFE AVE btwn KNOXDALE RD/MEDHURST DR & NORICE ST,363199.4233,5022383.274,-75.75484984,45.33896622,2014-04-16,16:30,01 - Clear,01 - Dry,10 - No control,01 - Non intersection,01 - Daylight,03 - P.D. only,03 - Rear end,Tanglewood
6451,FOXLEIGH CRES btwn EQUESTRIAN DR & BLUEGRASS DR,354647.5713,5016263.899,-75.86457588,45.28456273,2014-04-16,22:07,01 - Clear,01 - Dry,10 - No control,01 - Non intersection,07 - Dark,03 - P.D. only,06 - SMV unattended vehicle,Bridlewood - Emerald Meadows
6452,MEADOWLANDS DR btwn BAYNE AVE & MERIVALE RD,364798.8785,5023695.539,-75.73428415,45.35063886,2014-04-09,15:42,01 - Clear,01 - Dry,10 - No control,04 - At/near private drive,01 - Daylight,03 - P.D. only,03 - Rear end,Crestview - Meadowlands
6453,LONGFIELDS DR @ WOODROFFE AVE,365422.5917,5017105.049,-75.72713165,45.29128467,2014-01-14,4:49,01 - Clear,02 - Wet,01 - Traffic signal,03 - At intersection,07 - Dark,03 - P.D. only,07 - SMV other,Greenbelt
6454,CARLING AVE @ CLYDE AVE/COLE AVE,363523.0603,5026852.438,-75.75018976,45.37915224,2014-03-25,15:40,01 - Clear,01 - Dry,01 - Traffic signal,03 - At intersection,01 - Daylight,03 - P.D. only,05 - Turning movement,Carlingwood - McKellar Park - Laurentien View
6455,BESSERER ST @ WALLER ST,368315.5871,5032192.323,-75.68831416,45.42678076,2014-03-25,18:00,01 - Clear,01 - Dry,01 - Traffic signal,02 - Intersection related,01 - Daylight,03 - P.D. only,03 - Rear end,Byward Market - Parliament Hill
6456,WOODROFFE AVE btwn HWY417 IC127 RAMP63 & HWY417 IC127 RAMP35,362123.9191,5024844.731,-75.76828631,45.36120296,2014-04-11,15:05,01 - Clear,01 - Dry,10 - No control,07 - Overpass or bridge,01 - Daylight,03 - P.D. only,03 - Rear end,Carlingwood West - Glabar Park - McKellar Heights
6457,ARLINGTON AVE @ KENT ST,367868.2356,5030255.675,-75.69427831,45.40939591,2014-04-14,16:18,02 - Rain,02 - Wet,01 - Traffic signal,03 - At intersection,01 - Daylight,03 - P.D. only,05 - Turning movement,Centretown
6458,OGILVIE RD @ ELMLEA GT/SHOPPERS CITY EAST SC,374989.2066,5033486.583,-75.60285538,45.43778794,2014-04-14,17:12,02 - Rain,02 - Wet,01 - Traffic signal,03 - At intersection,01 - Daylight,03 - P.D. only,02 - Angle,Beacon Hill South - Cardinal Heights
6459,BRITO ST btwn VERMILLION DR & VERMILLION DR,368711.1379,5016592.837,-75.6852766,45.28638448,2014-04-22,22:00,02 - Rain,02 - Wet,10 - No control,04 - At/near private drive,07 - Dark,03 - P.D. only,06 - SMV unattended vehicle,Gloucester
6460,RIVERSIDE DR @ PLEASANT PARK RD,369561.7249,5028415.014,-75.67288725,45.39267963,2014-04-23,13:15,01 - Clear,01 - Dry,01 - Traffic signal,02 - Intersection related,01 - Daylight,03 - P.D. only,03 - Rear end,Alta Vista
6461,UPPER DWYER HILL RD btwn PANMURE RD & MANTIL SIDE RD,329642.9305,5019385.14,-76.18315488,45.31397811,2014-04-22,6:05,02 - Rain,02 - Wet,10 - No control,01 - Non intersection,03 - Dawn,03 - P.D. only,07 - SMV other,Carp - Hardwood Plains
6462,MAITLAND AVE btwn TARA DR & ERINDALE DR,363589.8109,5025293.268,-75.7495231,45.36511744,2014-04-22,7:30,02 - Rain,02 - Wet,10 - No control,04 - At/near private drive,01 - Daylight,03 - P.D. only,02 - Angle,Braemar Park - Bel Air Heights - Copeland Park
6463,CARP RD btwn FALLDOWN LANE & DONALD B. MUNRO DR,341028.9619,5023002.733,-76.03767742,45.34603556,2014-02-11,9:22,01 - Clear,01 - Dry,10 - No control,01 - Non intersection,01 - Daylight,03 - P.D. only,07 - SMV other,Carp
6464,BASELINE RD @ FARLANE BLVD,365359.0618,5025518.481,-75.7269123,45.36699325,2014-02-20,16:50,01 - Clear,01 - Dry,01 - Traffic signal,03 - At intersection,01 - Daylight,03 - P.D. only,03 - Rear end,Civic Hospital - Experimental Farm - Central Park
6465,BURLINGTON CRES btwn HUNTERSFIELD DR & HUNTERSFIELD DR,373300.2052,5025194.851,-75.62559292,45.36335026,2014-03-20,21:15,01 - Clear,01 - Dry,10 - No control,04 - At/near private drive,07 - Dark,03 - P.D. only,06 - SMV unattended vehicle,Greenboro East
6466,MURRAY ST btwn DALHOUSIE ST & CUMBERLAND ST,368018.0153,5032586.571,-75.69206593,45.43035502,2014-04-27,12:30,01 - Clear,01 - Dry,10 - No control,01 - Non intersection,01 - Daylight,03 - P.D. only,06 - SMV unattended vehicle,Byward Market
6467,PARKDALE AVE btwn GLADSTONE AVE & FOSTER ST,365220.0192,5029108.135,-75.72824778,45.39930424,2014-04-28,9:55,01 - Clear,01 - Dry,10 - No control,01 - Non intersection,01 - Daylight,03 - P.D. only,03 - Rear end,Civi
6468,Challenge Cres btwn Antigonish Ave and Antigonish Ave ,384806.0974,5039205.855,-75.47646591,45.4881902,2014-03-22,17:00,03 - Snow,03 - Loose snow,10 - No control,01 - Non intersection,01 - Daylight,03 - P.D. only,06 - SMV unattended vehicle,Cardinal Creek
6469,KENT ST btwn GLADSTONE AVE & MCLEOD ST,367777.7,5030403.834,-75.6954159,45.41073715,2014-04-29,11:41,01 - Clear,01 - Dry,10 - No control,01 - Non intersection,01 - Daylight,03 - P.D. only,06 - SMV unattended vehicle,Centretown
6470,MERIVALE RD @ BASIL MACDONALD WAY/MERIVALE MAL,365095.8607,5023172.185,-75.73055816,45.34590432,2014-04-14,14:25,01 - Clear,01 - Dry,01 - Traffic signal,02 - Intersection related,01 - Daylight,03 - P.D. only,03 - Rear end,Crestview - Meadowlands
6471,SOMERSET ST    W btwn BAYSWATER AVE & BREEZEHILL AVE N,365829.7225,5029919.677,-75.72036025,45.40655342,2014-04-14,17:38,02 - Rain,02 - Wet,10 - No control,04 - At/near private drive,01 - Daylight,03 - P.D. only,02 - Angle,Centretow
6472,PINETRAIL CRES btwn ROCKCRESS GDN & ROCKCRESS GDN,362787.5546,5022396.136,-75.76010315,45.33911611,2014-04-07,10:00,01 - Clear,01 - Dry,10 - No control,04 - At/near private drive,01 - Daylight,03 - P.D. only,06 - SMV unattended vehicle,Centrepointe
6473,BANK ST @ CATHERINE ST,368039.2315,5030267.572,-75.69209246,45.40948753,2014-04-09,13:25,02 - Rain,02 - Wet,01 - Traffic signal,02 - Intersection related,01 - Daylight,03 - P.D. only,04 - Sideswipe,Centretown
6474,STRANDHERD DR btwn ANDORA AVE & JOCKVALE RD,363500.4332,5014543.198,-75.75193781,45.26839628,2014-04-14,8:35,01 - Clear,01 - Dry,10 - No control,01 - Non intersection,01 - Daylight,03 - P.D. only,04 - Sideswipe,Barrhaven West - Old Barrhaven
6475,8TH LINE RD btwn ADAM BAKER WAY & IVESON DR,383449.0258,5016224.703,-75.49748617,45.28157767,2014-04-14,8:50,"07 - Fog, mist, smoke, dust",01 - Dry,10 - No control,01 - Non intersection,01 - Daylight,03 - P.D. only,07 - SMV other,Metcalfe
6476,RICHMOND RD btwn WINSTON AVE & CHURCHILL AVE N,363218.8075,5028288.76,-75.75390431,45.39210149,2014-03-28,17:16,02 - Rain,02 - Wet,10 - No control,01 - Non intersection,01 - Daylight,03 - P.D. only,06 - SMV unattended vehicle,Westboro
6477,KING EDWARD AVE NB btwn BRUYERE ST & ST. ANDREW ST,368164.0175,5033001.758,-75.69014676,45.43407751,2014-04-17,9:09,01 - Clear,01 - Dry,10 - No control,01 - Non intersection,01 - Daylight,03 - P.D. only,03 - Rear end,Lower Town
6478,CLEGG ST @ MAIN ST,369272.7737,5029922.516,-75.67638019,45.40627029,2014-04-17,9:20,01 - Clear,01 - Dry,01 - Traffic signal,02 - Intersection related,01 - Daylight,03 - P.D. only,04 - Sideswipe,Old Ottawa East
6479,GEORGE ST @ DALHOUSIE ST,368160.0673,5032315.59,-75.69028554,45.42790398,2014-04-09,18:00,01 - Clear,01 - Dry,01 - Traffic signal,02 - Intersection related,01 - Daylight,03 - P.D. only,04 - Sideswipe,Byward Market
6480,GREENBANK RD @ CANFIELD RD/CRAIG HENRY DR,361108.1016,5021365.44,-75.78164781,45.32997872,2014-02-06,9:21,01 - Clear,01 - Dry,01 - Traffic signal,02 - Intersection related,01 - Daylight,03 - P.D. only,02 - Angle,Woodvale - Craig Henry - Manordale - Estates of Arlington Wo
6481,TREMBLAY RD @ TRAIN STATION,371167.0282,5031283.512,-75.65200105,45.41833893,2014-03-26,8:00,01 - Clear,01 - Dry,01 - Traffic signal,03 - At intersection,01 - Daylight,03 - P.D. only,05 - Turning movement,Industrial Park
6482,LEMIEUX ST @ ST. LAURENT BLVD,372392.1986,5031742.564,-75.63628534,45.42235198,2014-06-16,14:21,01 - Clear,01 - Dry,01 - Traffic signal,02 - Intersection related,01 - Daylight,03 - P.D. only,03 - Rear end,Overbrook
6483,CLYDE AVE btwn CLYDE AVE & STARWOOD RD,364441.845,5024697.326,-75.73871941,45.35968326,2014-04-30,13:35,02 - Rain,02 - Wet,10 - No control,01 - Non intersection,01 - Daylight,03 - P.D. only,03 - Rear end,Cityview - Skyline - Fisher Heights
6484,ST. LAURENT BLVD @ WALKLEY RD,373902.2762,5028045.907,-75.61750944,45.38894372,2014-04-29,14:33,01 - Clear,01 - Dry,01 - Traffic signal,02 - Intersection related,01 - Daylight,03 - P.D. only,04 - Sideswipe,Hawthorne Meadows
6485,DUPUIS ST btwn LEVIS AVE & END,370450.7581,5033163.443,-75.66090155,45.43532134,2014-04-17,17:44,01 - Clear,01 - Dry,10 - No control,01 - Non intersection,01 - Daylight,03 - P.D. only,99 - Other,Vanier South
6486,CUMMINGS AVE btwn MONTREAL RD & WILSON ST,372055.1352,5033919.023,-75.64029467,45.44196721,2014-04-22,13:45,01 - Clear,01 - Dry,10 - No control,04 - At/near private drive,01 - Daylight,03 - P.D. only,02 - Angle,Cummings
6487,INNES RD btwn BEARBROOK RD & 173 W OF ORIENT PARK DR,378017.9564,5032853.945,-75.56424167,45.43178529,2014-04-23,16:39,01 - Clear,01 - Dry,10 - No control,01 - Non intersection,01 - Daylight,03 - P.D. only,03 - Rear end,Blackburn Hamlet
6488,GREENBANK RD @ STRANDHERD DR,363934.1578,5014783.469,-75.74638241,45.27052191,2014-05-03,9:53,01 - Clear,01 - Dry,01 - Traffic signal,02 - Intersection related,01 - Daylight,03 - P.D. only,04 - Sideswipe,New Barrhaven
6489,RIDEAU ST btwn KING EDWARD AVE & NELSON ST,368525.1917,5032423.484,-75.68560592,45.4288416,2014-05-03,8:55,02 - Rain,02 - Wet,10 - No control,04 - At/near private drive,01 - Daylight,03 - P.D. only,05 - Turning movement,Lower Town
6490,CIMARRON CRES btwn Continuation of CIMARRON CRES & Continuation of CIM,361862.2466,5022889.284,-75.77185184,45.34362931,2014-04-23,11:00,01 - Clear,01 - Dry,10 - No control,01 - Non intersection,01 - Daylight,03 - P.D. only,06 - SMV unattended vehicle,Centrepointe
6491,LEVIS AVE btwn EASTVIEW ST & LEMOINE ST,371073.0835,5033253.547,-75.6529362,45.43607335,2014-04-26,11:00,01 - Clear,01 - Dry,10 - No control,01 - Non intersection,01 - Daylight,03 - P.D. only,06 - SMV unattended vehicle,Vanier South
6492,GILMOUR ST @ LYON ST,367453.2379,5030573.572,-75.69953914,45.41229353,2014-04-30,16:45,02 - Rain,02 - Wet,02 - Stop sign,02 - Intersection related,01 - Daylight,03 - P.D. only,04 - Sideswipe,Centretown
6493,NAVAHO DR @ WOODROFFE AVE/TRANSITWAY N BASELIN,362704.7306,5023495.151,-75.76103121,45.34901182,2014-05-09,9:45,01 - Clear,01 - Dry,01 - Traffic signal,02 - Intersection related,01 - Daylight,03 - P.D. only,04 - Sideswipe,Crestview - Meadowlands
6494,RIVERSIDE DR @ 175 S OF HUNT CLUB  RD/RUNWAY C,368028.0261,5021766.3,-75.69332379,45.33299627,2014-05-10,11:01,01 - Clear,01 - Dry,01 - Traffic signal,03 - At intersection,01 - Daylight,03 - P.D. only,05 - Turning movement,Hunt Club Woods - Quintarra - Revelstoke - Riverside South P
6495,BASELINE RD/HWY 416 RICHMOND IC75R53 @ RICHMON,358635.2924,5021822.619,-75.81314269,45.33428649,2014-04-16,16:00,01 - Clear,01 - Dry,01 - Traffic signal,02 - Intersection related,01 - Daylight,03 - P.D. only,03 - Rear end,Greenbelt
6496,GREENBANK RD btwn MALVERN DR & HIGHBURY PARK DR,363512.1342,5015756.224,-75.75164526,45.27931014,2014-05-07,8:00,01 - Clear,01 - Dry,08 - Traffic gate,05 - At railway crossing,01 - Daylight,03 - P.D. only,03 - Rear end,New Barrhaven
6497,KINGSTON AVE btwn SILVER ST & HOLLINGTON ST,365318.7681,5026532.706,-75.72730237,45.37612254,2014-02-02,9:54,01 - Clear,03 - Loose snow,10 - No control,04 - At/near private drive,01 - Daylight,03 - P.D. only,02 - Angle,Civic Hospital - Experimental Farm - Central Park
6498,LIMEBANK RD btwn TOM ROBERTS RD & LEITRIM RD,368680.5683,5019563.465,-75.68528352,45.31311649,2014-02-21,19:28,03 - Snow,06 - Ice,10 - No control,01 - Non intersection,07 - Dark,03 - P.D. only,03 - Rear end,Greenbelt
6499,MONTREAL RD @ VANIER PKWY,370073.1837,5033065.592,-75.66573988,45.43447627,2014-02-26,8:33,01 - Clear,01 - Dry,01 - Traffic signal,02 - Intersection related,01 - Daylight,03 - P.D. only,03 - Rear end,Vanier
6500,WEST HUNT CLUB RD btwn MOODIE DR & HWY416 IC72 RAMP53,358338.5627,5018753.432,-75.81726002,45.30669241,2014-03-25,16:51,01 - Clear,01 - Dry,10 - No control,01 - Non intersection,01 - Daylight,03 - P.D. only,03 - Rear end,Greenbelt
6501,LEMIEUX ST @ ST. LAURENT BLVD,372392.1986,5031743.512,-75.63628521,45.42236051,2014-06-24,12:07,02 - Rain,02 - Wet,01 - Traffic signal,02 - Intersection related,01 - Daylight,03 - P.D. only,04 - Sideswipe,Overbrook
6502,CUMMINGS AVE btwn DONALD ST & EADY CRT,372658.7788,5032390.726,-75.63278999,45.42815802,2014-04-30,13:52,02 - Rain,02 - Wet,10 - No control,01 - Non intersection,01 - Daylight,03 - P.D. only,05 - Turning movement,Cummings
6503,FOURTH AVE btwn BANK ST & O'CONNOR ST,368460.1277,5029536.35,-75.68681029,45.40287007,2014-04-30,12:35,02 - Rain,02 - Wet,10 - No control,01 - Non intersection,01 - Daylight,03 - P.D. only,04 - Sideswipe,The Glebe
6504,BRIGITTA ST btwn ROMINA ST & OPUS ST,354577.3863,5015302.239,-75.86556695,45.27591447,2014-04-30,12:30,02 - Rain,02 - Wet,10 - No control,01 - Non intersection,01 - Daylight,03 - P.D. only,06 - SMV unattended vehicle,Stittsville - Basswood
6505,BASELINE RD @ WOODROFFE AVE,362549.2163,5023772.4,-75.76298331,45.35151931,2014-03-26,15:52,01 - Clear,01 - Dry,01 - Traffic signal,02 - Intersection related,01 - Daylight,03 - P.D. only,03 - Rear end,Iris
6506,MERIVALE RD @ WEST HUNT CLUB RD,365613.1691,5021942.498,-75.72410848,45.33479511,2014-04-25,17:19,01 - Clear,01 - Dry,01 - Traffic signal,02 - Intersection related,01 - Daylight,03 - P.D. only,04 - Sideswipe,Industrial Park
6507,MADELON DR btwn CROXLEY WAY & CLARIDGE DR,364683.5192,5015769.503,-75.73671431,45.27933082,2014-04-27,19:47,01 - Clear,01 - Dry,10 - No control,01 - Non intersection,05 - Dusk,03 - P.D. only,06 - SMV unattended vehicle,New Barrhaven
6508,AIRPORT PKWY btwn RAMP & TO BE DETERMINED,369934.4359,5025696.127,-75.66848632,45.3681814,2014-04-24,16:55,01 - Clear,01 - Dry,10 - No control,01 - Non intersection,01 - Daylight,03 - P.D. only,03 - Rear end,Hunt Club Woods - Quintarra - Revelstoke - Riverside South P
6509,CENTRUM BLVD btwn PLACE D'ORLEANS DR & PRESTONE DR,382240.7551,5038353.355,-75.50941428,45.4808095,2014-05-03,10:44,01 - Clear,01 - Dry,10 - No control,01 - Non intersection,01 - Daylight,03 - P.D. only,04 - Sideswipe,Industrial Park
6510,CONROY RD @ HUNT CLUB RD,373764.2139,5025406.419,-75.61964101,45.36520836,2014-05-03,9:15,02 - Rain,02 - Wet,01 - Traffic signal,02 - Intersection related,01 - Daylight,03 - P.D. only,03 - Rear end,Greenboro East
6511,CRESTWAY DR @ PRINCE OF WALES DR,367370.0521,5016575.961,-75.70237287,45.28635329,2014-04-30,18:56,02 - Rain,02 - Wet,01 - Traffic signal,02 - Intersection related,01 - Daylight,03 - P.D. only,03 - Rear end,Greenbelt
6512,BASELINE RD @ WOODROFFE AVE,362552.0599,5023772.4,-75.76294702,45.35151907,2014-05-01,9:00,02 - Rain,02 - Wet,01 - Traffic signal,02 - Intersection related,01 - Daylight,03 - P.D. only,04 - Sideswipe,Iris
6513,PRINCE OF WALES DR @ WEST HUNT CLUB RD,367458.2364,5021892.451,-75.7005766,45.33418246,2014-05-01,12:55,01 - Clear,01 - Dry,01 - Traffic signal,02 - Intersection related,01 - Daylight,03 - P.D. only,03 - Rear end,Industrial Park
6514,LAKESIDE AVE @ QUEEN ELIZABETH DRWY,367456.1818,5028710.604,-75.69973825,45.39553082,2014-05-07,18:15,01 - Clear,01 - Dry,02 - Stop sign,02 - Intersection related,01 - Daylight,03 - P.D. only,03 - Rear end,The Glebe
6515,MARCH RD btwn OLD CARP RD & KLONDIKE RD,349176.2411,5024156.408,-75.93361001,45.35594845,2014-05-09,12:22,01 - Clear,01 - Dry,10 - No control,01 - Non intersection,01 - Daylight,03 - P.D. only,07 - SMV other,South March
6516,SATURN CRES btwn GARDENWAY DR & GARDENWAY DR,385121.1173,5037119.208,-75.47277767,45.46938041,2014-05-10,11:40,01 - Clear,01 - Dry,10 - No control,04 - At/near private drive,01 - Daylight,03 - P.D. only,02 - Angle,Fallingbrook
6517,TERRY FOX DR btwn CASTLEFRANK RD & TRANS CANADA TRAIL,353051.3661,5016233.933,-75.88492497,45.28440448,2014-05-10,12:49,01 - Clear,01 - Dry,10 - No control,01 - Non intersection,01 - Daylight,03 - P.D. only,03 - Rear end,Glen Cairn - Kanata South Business Park
6518,ST. JOSEPH BLVD @ REGIONAL RD 174/TRANSITWAY,376556.4898,5035054.595,-75.58259657,45.45173684,2014-05-08,7:00,01 - Clear,01 - Dry,01 - Traffic signal,02 - Intersection related,01 - Daylight,03 - P.D. only,04 - Sideswipe,Greenbelt
6519,BRISTON PRIV btwn Continuation of BRISTON PRIV & Continuation of BRIST,373932.6438,5025656.027,-75.61745626,45.36743764,2014-02-03,14:40,01 - Clear,03 - Loose snow,10 - No control,01 - Non intersection,01 - Daylight,03 - P.D. only,99 - Other,Hunt Club
6520,225 E OF RIVERSIDE DR / T & T SC @ HUNT CLUB RD,368235.6976,5022055.979,-75.69063741,45.335584,2014-02-27,18:36,03 - Snow,03 - Loose snow,01 - Traffic signal,02 - Intersection related,07 - Dark,03 - P.D. only,03 - Rear end,Hunt Club - Ottawa Airport
6521,BASELINE RD @ FISHER AVE,366166.2197,5026028.533,-75.71654585,45.37151239,2014-02-28,16:22,01 - Clear,01 - Dry,01 - Traffic signal,02 - Intersection related,01 - Daylight,03 - P.D. only,03 - Rear end,Civic Hospital - Experimental Farm - Central Park
6522,MERIVALE RD btwn BASELINE RD & NE/OT BOUNDARY,365054.2225,5025302.766,-75.73082978,45.36507855,2014-03-26,4:21,01 - Clear,01 - Dry,10 - No control,01 - Non intersection,07 - Dark,03 - P.D. only,99 - Other,Cityview - Skyline - Fisher Heights
6523,BANK ST btwn HERON RD & ANOKA ST,370007.5683,5026814.575,-75.66740514,45.37823804,2014-03-26,13:45,01 - Clear,01 - Dry,10 - No control,04 - At/near private drive,01 - Daylight,03 - P.D. only,02 - Angle,Alta Vista