Record,Location,X,Y,lon,lat,Date,Time,Environment,Road_Surface,Traffic_Control,Collision_Location,Light,Collision_Classification,Impact_type,Neighborhood
6524,LEMIEUX ST @ ST. LAURENT BLVD,372390.3029,5031741.617,-75.63630969,45.42234364,2014-06-27,14:02,01 - Clear,01 - Dry,01 - Traffic signal,02 - Intersection related,01 - Daylight,03 - P.D. only,03 - Rear end,Overbrook
6525,ST. LAURENT BLVD btwn COVENTRY RD & LEMIEUX ST,372387.4593,5031755.835,-75.63634407,45.42247184,2014-07-02,14:59,01 - Clear,01 - Dry,10 - No control,01 - Non intersection,01 - Daylight,03 - P.D. only,03 - Rear end,Overbrook
6526,HUNT CLUB RD btwn TRANSIT & DAZE ST,371265.6626,5023848.39,-75.65174206,45.3514311,2014-04-30,14:44,02 - Rain,02 - Wet,10 - No control,01 - Non intersection,01 - Daylight,03 - P.D. only,04 - Sideswipe,South Keys - Heron Gate - Greenboro West
6527,HERON RD btwn EVANS BLVD & ALTA VISTA DR,370391.7745,5026895.902,-75.66248917,45.37893393,2014-04-28,13:46,01 - Clear,01 - Dry,10 - No control,01 - Non intersection,01 - Daylight,03 - P.D. only,04 - Sideswipe,Alta Vista
6528,LAURIER AVE @ NICHOLAS ST,368375.0588,5031797.322,-75.68760521,45.42322128,2014-04-28,6:30,01 - Clear,01 - Dry,01 - Traffic signal,02 - Intersection related,01 - Daylight,03 - P.D. only,03 - Rear end,Sandy Hill
6529,BASELINE RD btwn PINECREST RD & ROCKWAY CRES,360820.1266,5022716.302,-75.78516845,45.34215682,2014-05-07,12:00,01 - Clear,01 - Dry,10 - No control,04 - At/near private drive,01 - Daylight,03 - P.D. only,03 - Rear end,Iris
6530,INDUSTRIAL AVE @ RIVERSIDE DR,370684.2165,5030593.41,-75.65826172,45.4121753,2014-05-08,7:35,01 - Clear,01 - Dry,01 - Traffic signal,02 - Intersection related,01 - Daylight,03 - P.D. only,04 - Sideswipe,Industrial Park
6531,BANNER RD btwn KEPPLER CRES & PARKMOUNT CRES,360713.2911,5021626.454,-75.78665474,45.3323589,2014-04-28,18:02,01 - Clear,01 - Dry,10 - No control,01 - Non intersection,01 - Daylight,03 - P.D. only,05 - Turning movement,Sheahan Estates - Trend Village - Arlington Woods
6532,CARLING AVE @ EDGEWORTH AVE,361265.0499,5025424.524,-75.77918226,45.3664896,2014-05-03,15:43,01 - Clear,01 - Dry,01 - Traffic signal,02 - Intersection related,01 - Daylight,03 - P.D. only,03 - Rear end,Carlingwood West - Glabar Park - McKellar Heights
6533,CARSON'S RD btwn CHARLESWOOD AVE & DEN HAAG DR,372988.2682,5033900.21,-75.62837065,45.44170755,2014-05-03,15:16,01 - Clear,01 - Dry,10 - No control,04 - At/near private drive,01 - Daylight,03 - P.D. only,02 - Angle,Carson Grove - Carson Meadows
6534,PARK GROVE DR btwn DU GRAND BOIS AVE & DU GRAND BOIS AVE,383219.8051,5035880.195,-75.49728731,45.45844894,2014-05-02,7:00,01 - Clear,01 - Dry,10 - No control,04 - At/near private drive,01 - Daylight,03 - P.D. only,06 - SMV unattended vehicle,Queenswood Heights
6535,STONEBOAT CRES btwn LUMBERMAN WAY & LUMBERMAN WAY,380458.8916,5037378.09,-75.53235393,45.47223023,2014-04-27,15:00,01 - Clear,01 - Dry,10 - No control,04 - At/near private drive,01 - Daylight,03 - P.D. only,06 - SMV unattended vehicle,Industrial Park
6536,ALBION RD btwn 210 S OF HIGH RD/EARL ARMSTRONG RD/RIDEAU CARLETON RACE,375048.7629,5016782.158,-75.60446878,45.28748309,2014-05-07,20:35,01 - Clear,01 - Dry,10 - No control,04 - At/near private drive,05 - Dusk,03 - P.D. only,07 - SMV other,Greenbelt
6537,INNES RD @ 260 E OF BELCOURT BLVD/WALMART SC,382349.5691,5035398.966,-75.50848876,45.45421638,2014-05-07,21:02,01 - Clear,01 - Dry,01 - Traffic signal,02 - Intersection related,07 - Dark,03 - P.D. only,03 - Rear end,Chapel Hill South
6538,CLEARBROOK DR/MARKETPLACE AVE @ LONGFIELDS DR,364631.3562,5014951.688,-75.73747769,45.27197657,2014-05-13,16:00,02 - Rain,02 - Wet,01 - Traffic signal,02 - Intersection related,01 - Daylight,03 - P.D. only,03 - Rear end,New Barrhaven
6539,CARLING AVE @ KIRKWOOD AVE S,364351.2266,5027335.653,-75.7395579,45.38343022,2014-05-13,12:08,01 - Clear,01 - Dry,01 - Traffic signal,02 - Intersection related,01 - Daylight,03 - P.D. only,04 - Sideswipe,Carlington
6540,ALPINE AVE @ CARLING AVE,360496.2031,5024942.519,-75.78905071,45.36221406,2014-02-01,15:10,03 - Snow,03 - Loose snow,01 - Traffic signal,03 - At intersection,01 - Daylight,03 - P.D. only,05 - Turning movement,Whitehaven - Queensway Terrace North
6541,"EGLISE, RUE DE L @ MONTREAL RD",371160.3031,5033634.26,-75.65177021,45.43949056,2014-05-09,14:45,01 - Clear,01 - Dry,01 - Traffic signal,03 - At intersection,01 - Daylight,03 - P.D. only,04 - Sideswipe,Vanier South
6542,RIVERSIDE DR @ 175 S OF HUNT CLUB  RD/RUNWAY C,368029.9218,5021766.3,-75.6932996,45.3329961,2014-02-12,17:30,01 - Clear,01 - Dry,01 - Traffic signal,03 - At intersection,07 - Dark,03 - P.D. only,05 - Turning movement,Hunt Club Woods - Quintarra - Revelstoke - Riverside South P
6543,HUNTER'S RUN DR @ JEANNE D'ARC BLVD,380570.1169,5036175.52,-75.531117,45.46139841,2014-03-13,10:12,01 - Clear,01 - Dry,01 - Traffic signal,03 - At intersection,01 - Daylight,03 - P.D. only,07 - SMV other,Chapel Hill
6544,KNUDSON DR btwn SHERK CRES & MORENZ TER,351573.9497,5020046.877,-75.90339727,45.31881421,2014-05-10,17:00,01 - Clear,01 - Dry,10 - No control,04 - At/near private drive,01 - Daylight,03 - P.D. only,02 - Angle,Kanata Lakes - Marchwood Lakeside - Morgan's Grant - Kanata
6545,HUNT CLUB RD @ CANADAIR PRIV,368660.7149,5022315.814,-75.68518172,45.33788339,2014-05-11,14:08,01 - Clear,01 - Dry,01 - Traffic signal,02 - Intersection related,01 - Daylight,03 - P.D. only,03 - Rear end,Hunt Club - Ottawa Airport
6546,BELCOURT BLVD @ ST. JOSEPH BLVD,381203.1861,5037357.847,-75.52283925,45.47196707,2014-04-12,17:45,01 - Clear,01 - Dry,01 - Traffic signal,02 - Intersection related,01 - Daylight,03 - P.D. only,02 - Angle,Orleans Village - Chateauneuf
6547,LABELLE ST/RAMP @ LEMIEUX ST/HWY417 IC115 RAMP,372542.1943,5031688.569,-75.63437629,45.42185165,2014-07-06,14:00,01 - Clear,01 - Dry,02 - Stop sign,03 - At intersection,01 - Daylight,03 - P.D. only,02 - Angle,Cummings
6548,GREENBANK RD @ 220 N OF STRANDHERD DR,363848.8664,5014982.474,-75.74744562,45.27231973,2014-04-30,15:35,02 - Rain,02 - Wet,01 - Traffic signal,02 - Intersection related,01 - Daylight,03 - P.D. only,03 - Rear end,New Barrhaven
6549,MONTREAL RD @ OGILVIE RD,375654.2611,5034557.534,-75.59420165,45.44735664,2014-04-30,16:26,02 - Rain,02 - Wet,01 - Traffic signal,02 - Intersection related,01 - Daylight,03 - P.D. only,03 - Rear end,Beacon Hill South - Cardinal Heights
6550,GREENBANK RD btwn WEST HUNT CLUB RD & FALLOWFIELD RD,361772.4081,5019839.161,-75.77334918,45.31619167,2014-05-01,8:35,02 - Rain,02 - Wet,10 - No control,04 - At/near private drive,01 - Daylight,03 - P.D. only,02 - Angle,Greenbelt
6551,ISABELLA ST/HWY417 IC119AR75 @ METCALFE ST,368448.0769,5030400.222,-75.68685269,45.41064401,2014-05-12,12:44,01 - Clear,01 - Dry,01 - Traffic signal,03 - At intersection,01 - Daylight,03 - P.D. only,04 - Sideswipe,The Glebe
6552,BELFAST RD @ ST. LAURENT BLVD,372861.198,5030577.614,-75.63045391,45.41182483,2014-05-12,15:33,01 - Clear,01 - Dry,01 - Traffic signal,03 - At intersection,01 - Daylight,03 - P.D. only,05 - Turning movement,Industrial Park
6553,CAMPEAU DR @ HERLIHEY WAY,350508.8979,5019176.901,-75.91706158,45.31105608,2014-04-28,14:52,01 - Clear,01 - Dry,01 - Traffic signal,02 - Intersection related,01 - Daylight,03 - P.D. only,03 - Rear end,Kanata
6554,INDUSTRIAL AVE @ NEIGHBORHOOD WAY,371093.1956,5030526.609,-75.65304615,45.41153563,2014-05-03,15:42,01 - Clear,01 - Dry,02 - Stop sign,03 - At intersection,01 - Daylight,03 - P.D. only,04 - Sideswipe,Industrial Park
6555,INNES RD @ STAR TOP RD/WINDMILL LANE,374144.4923,5030666.74,-75.61404802,45.41250076,2014-05-05,15:01,01 - Clear,01 - Dry,01 - Traffic signal,02 - Intersection related,01 - Daylight,03 - P.D. only,03 - Rear end,Industrial Park
6556,ST. LAURENT BLVD btwn MCARTHUR AVE & DONALD ST,372089.4475,5032489.647,-75.64005149,45.42910307,2014-05-05,14:25,01 - Clear,01 - Dry,10 - No control,01 - Non intersection,01 - Daylight,03 - P.D. only,04 - Sideswipe,Castl
6557,BLAIR RD @ OGILVIE RD,374506.3019,5033196.679,-75.60906807,45.43522786,2014-05-03,14:20,02 - Rain,02 - Wet,01 - Traffic signal,02 - Intersection related,01 - Daylight,03 - P.D. only,04 - Sideswipe,Industrial Park
6558,ISABELLA ST/HWY417 IC119AR75 @ METCALFE ST,368449.9809,5030399.759,-75.68682843,45.41063967,2014-05-03,15:00,02 - Rain,02 - Wet,01 - Traffic signal,02 - Intersection related,01 - Daylight,03 - P.D. only,04 - Sideswipe,The Glebe
6559,JEANNE D'ARC BLVD @ MONTCERF CRT,381116.3316,5036287.531,-75.52411611,45.46234674,2014-05-08,7:31,01 - Clear,01 - Dry,01 - Traffic signal,02 - Intersection related,01 - Daylight,03 - P.D. only,03 - Rear end,Orleans Village - Chateauneuf
6560,MERIVALE RD @ 110 S OF BURRIS LANE/LOBLAWS SC,364814.2225,5024952.518,-75.73393574,45.36194766,2014-05-07,21:30,01 - Clear,01 - Dry,01 - Traffic signal,02 - Intersection related,07 - Dark,03 - P.D. only,05 - Turning movement,Cityview - Skyline - Fisher Heights
6561,LEITRIM RD @ ALBION RD,373497.1112,5020419.261,-75.62374284,45.32036199,2014-01-08,10:34,01 - Clear,06 - Ice,01 - Traffic signal,02 - Intersection related,01 - Daylight,03 - P.D. only,07 - SMV other,Greenbelt
6562,MCARTHUR AVE @ CARMEN AVE,370906.2072,5032768.859,-75.65513396,45.43172814,2014-01-12,2:00,01 - Clear,01 - Dry,02 - Stop sign,03 - At intersection,07 - Dark,03 - P.D. only,02 - Angle,Vanier South
6563,METCALFE ST btwn SLATER ST & LAURIER AVE W,367739.5621,5031536.805,-75.69575839,45.4209347,2014-03-19,9:10,01 - Clear,01 - Dry,10 - No control,04 - At/near private drive,01 - Daylight,03 - P.D. only,05 - Turning movement,Downtown
6564,BANK ST @ SLATER ST,367424.1866,5031354.447,-75.69981104,45.4193222,2014-03-19,12:26,01 - Clear,01 - Dry,01 - Traffic signal,03 - At intersection,01 - Daylight,03 - P.D. only,05 - Turning movement,Downtown
6565,BANK ST @ CECIL AVE,369946.1342,5026989.546,-75.66816639,45.37981809,2014-05-09,17:35,01 - Clear,01 - Dry,02 - Stop sign,03 - At intersection,01 - Daylight,03 - P.D. only,02 - Angle,Alta Vista
6566,CAMPEAU DR @ TERRY FOX DR,350455.1268,5019009.507,-75.91776273,45.30955333,2014-02-16,14:04,01 - Clear,01 - Dry,01 - Traffic signal,03 - At intersection,01 - Daylight,03 - P.D. only,02 - Angle,Kanata Lakes - Marchwood Lakeside - Morgan's Grant - Kanata
6567,DUMAURIER AVE @ PINECREST RD,360323.1008,5023833.563,-75.79138471,45.35224943,2014-02-17,23:58,03 - Snow,03 - Loose snow,01 - Traffic signal,02 - Intersection related,07 - Dark,03 - P.D. only,99 - Other,Whitehaven - Queensway Terrace North
6568,HUNT CLUB RD @ CANADAIR PRIV,368664.1392,5022312.442,-75.68513847,45.33785273,2014-05-11,14:19,01 - Clear,01 - Dry,01 - Traffic signal,02 - Intersection related,01 - Daylight,03 - P.D. only,03 - Rear end,Hunt Club - Ottawa Airport
6569,BOOTH ST @ ORANGEVILLE ST,366891.2222,5029570.617,-75.7068451,45.40331931,2014-05-11,14:30,01 - Clear,01 - Dry,02 - Stop sign,03 - At intersection,01 - Daylight,03 - P.D. only,02 - Angle,The Glebe Annex
6570,MERIVALE RD @ CAPILANO DR/WITHROW AVE,364642.9029,5024228.717,-75.73621002,45.35544965,2014-05-12,10:28,01 - Clear,01 - Dry,01 - Traffic signal,02 - Intersection related,01 - Daylight,03 - P.D. only,03 - Rear end,Cityview - Skyline - Fisher Heights
6571,HOG'S BACK RD btwn COLONEL BY DR & RIVERSIDE DR,367791.7857,5025998.148,-75.69579837,45.37109476,2014-01-20,16:22,01 - Clear,01 - Dry,10 - No control,01 - Non intersection,05 - Dusk,03 - P.D. only,03 - Rear end,Riverside Park
6572,ISABELLA ST/HWY417 IC119AR75 @ METCALFE ST,368447.6079,5030399.408,-75.68685879,45.41063673,2014-04-13,0:45,02 - Rain,02 - Wet,01 - Traffic signal,03 - At intersection,07 - Dark,03 - P.D. only,02 - Angle,The Glebe
6573,BANCHORY CRES btwn MCKINLEY DR & MCKINLEY DR,349951.507,5023716.434,-75.92375569,45.35193998,2014-04-13,17:17,01 - Clear,01 - Dry,10 - No control,04 - At/near private drive,01 - Daylight,03 - P.D. only,06 - SMV unattended vehicle,South March
6574,LEMIEUX ST @ ST. LAURENT BLVD,372391.2508,5031742.564,-75.63629745,45.42235207,2014-07-30,16:15,02 - Rain,02 - Wet,01 - Traffic signal,03 - At intersection,01 - Daylight,03 - P.D. only,05 - Turning movement,Overbrook
6575,ST. LAURENT BLVD btwn COVENTRY RD & LEMIEUX ST,372387.4593,5031751.095,-75.63634472,45.42242919,2014-08-31,14:12,01 - Clear,01 - Dry,10 - No control,01 - Non intersection,01 - Daylight,03 - P.D. only,03 - Rear end,Overbrook
6576,BASELINE RD @ GREENBANK RD,360599.1061,5022586.396,-75.78800316,45.34100554,2014-04-30,15:40,02 - Rain,02 - Wet,01 - Traffic signal,02 - Intersection related,01 - Daylight,03 - P.D. only,03 - Rear end,Qualicum - Redwood Park
6577,BEECHWOOD AVE @ ST. CHARLES ST,369417.1365,5033788.445,-75.67402908,45.44104114,2014-04-30,16:45,02 - Rain,02 - Wet,01 - Traffic signal,02 - Intersection related,01 - Daylight,03 - P.D. only,03 - Rear end,Vanier North
6578,MONTREAL RD btwn MONTREAL SQUARE SC & CENTER ST,371807.0162,5033944.953,-75.64346242,45.44222435,2014-05-01,13:41,01 - Clear,01 - Dry,10 - No control,04 - At/near private drive,01 - Daylight,03 - P.D. only,07 - SMV other,Cummings
6579,BANK ST btwn RIVERSIDE DR & RIVERSIDE DR,369252.7301,5027957.006,-75.67689303,45.38858713,2014-05-01,12:15,01 - Clear,01 - Dry,10 - No control,01 - Non intersection,01 - Daylight,03 - P.D. only,04 - Sideswipe,Alta Vista
6580,LEMIEUX ST btwn JOSEPH CYR ST & RAMP,372538.068,5031693.5,-75.63442833,45.42189641,2014-08-08,12:09,01 - Clear,01 - Dry,10 - No control,01 - Non intersection,01 - Daylight,03 - P.D. only,03 - Rear end,Cummings
6581,DIAMONDVIEW RD @ THOMAS A. DOLAN PKWY,335556.9874,5025183.499,-76.10736853,45.36592037,2014-08-20,17:07,01 - Clear,01 - Dry,02 - Stop sign,03 - At intersection,01 - Daylight,03 - P.D. only,02 - Angle,Car
6582,INNES RD @ TRIM RD,386566.2982,5037274.504,-75.45427256,45.47060992,2014-05-03,17:54,01 - Clear,01 - Dry,01 - Traffic signal,03 - At intersection,01 - Daylight,03 - P.D. only,05 - Turning movement,Cardinal Creek
6583,BOOTH ST btwn 208 N OF MIDDLE ST/E.B. EDDY N & 148 N OF MIDDLE ST/E.B.,366015.6441,5031459.406,-75.71779413,45.42039125,2014-05-03,18:38,02 - Rain,02 - Wet,10 - No control,01 - Non intersection,01 - Daylight,03 - P.D. only,03 - Rear end,LeBreto
6584,EARL MULLIGAN DR @ WOODROFFE AVE,365250.2273,5017508.356,-75.72927974,45.29492845,2014-05-05,16:30,01 - Clear,01 - Dry,01 - Traffic signal,02 - Intersection related,01 - Daylight,03 - P.D. only,02 - Angle,Greenbelt
6585,TENTH LINE RD btwn AMIENS ST & 275 N OF DES EPINETTES AVE/FALLINGBROOK,383367.0263,5037524.064,-75.4951424,45.47322246,2014-05-05,18:17,01 - Clear,01 - Dry,10 - No control,01 - Non intersection,01 - Daylight,03 - P.D. only,03 - Rear end,Orlans
6586,BANK ST @ WALKLEY RD,370339.2738,5025946.787,-75.66328541,45.37039902,2014-05-06,14:50,01 - Clear,01 - Dry,01 - Traffic signal,02 - Intersection related,01 - Daylight,03 - P.D. only,04 - Sideswipe,Ledbury - Heron Gate - Ridgemont - Elmwood
6587,GREENBANK RD @ CANFIELD RD/CRAIG HENRY DR,361105.258,5021365.44,-75.78168408,45.32997895,2014-05-06,17:03,01 - Clear,01 - Dry,01 - Traffic signal,03 - At intersection,01 - Daylight,03 - P.D. only,05 - Turning movement,Sheahan Estates - Trend Village - Arlington Woods
6588,REGIONAL ROAD 174 btwn Continuation of REGIONAL ROAD 174 & OR174 IC112,374452.948,5032586.809,-75.60983619,45.4297459,2014-05-08,11:08,01 - Clear,01 - Dry,10 - No control,01 - Non intersection,01 - Daylight,03 - P.D. only,07 - SMV other,Industrial Park
6589,BASELINE RD @ WOODROFFE AVE,362549.2163,5023768.609,-75.76298375,45.35148519,2014-05-09,12:44,01 - Clear,01 - Dry,01 - Traffic signal,02 - Intersection related,01 - Daylight,03 - P.D. only,03 - Rear end,Iris
6590,TYRRELL PL @ MOODIE DR,357326.1745,5019853.529,-75.83005279,45.31666765,2014-03-24,18:30,02 - Rain,02 - Wet,01 - Traffic signal,03 - At intersection,07 - Dark,03 - P.D. only,03 - Rear end,Bells Corners East
6591,MITCH OWENS RD/BRIDGE ST @ RIVER RD,369498.7285,5010772.066,-75.6759956,45.23393781,2014-05-11,20:13,01 - Clear,01 - Dry,01 - Traffic signal,03 - At intersection,05 - Dusk,03 - P.D. only,03 - Rear end,Manotick
6592,INDUSTRIAL AVE btwn SANDFORD FLEMING AVE & NEIGHBORHOOD WAY,370896.5721,5030556.622,-75.65555389,45.41182427,2014-05-12,10:21,01 - Clear,01 - Dry,10 - No control,01 - Non intersection,01 - Daylight,03 - P.D. only,04 - Sideswipe,Industrial Park
6593,MACKENZIE AVE @ MURRAY ST,367638.2813,5032385.482,-75.69694416,45.42857991,2014-02-13,21:55,01 - Clear,01 - Dry,01 - Traffic signal,03 - At intersection,07 - Dark,03 - P.D. only,02 - Angle,Byward Market - Parliament Hill
6594,MERIVALE RD/LOTTA AVE @ CLYDE AVE,364522.1722,5024507.526,-75.73771712,45.35796863,2014-02-18,8:07,03 - Snow,03 - Loose snow,01 - Traffic signal,02 - Intersection related,01 - Daylight,03 - P.D. only,03 - Rear end,Cityview - Skyline - Fisher Heights
6595,CARLING AVE @ IROQUOIS RD,362212.2642,5026027.426,-75.76702129,45.37183751,2014-03-26,21:15,01 - Clear,01 - Dry,01 - Traffic signal,02 - Intersection related,07 - Dark,03 - P.D. only,03 - Rear end,Carlingwood - McKellar Park - Laurentien View
6596,CONROY RD @ THURSTON DR,373202.1608,5026795.417,-75.62662269,45.37776107,2014-04-23,16:20,01 - Clear,01 - Dry,01 - Traffic signal,02 - Intersection related,01 - Daylight,03 - P.D. only,03 - Rear end,Industrial Park
6597,CAMPEAU DR btwn COLCHESTER SQ/TERON RD & MARCH RD,352580.8878,5020469.194,-75.89051373,45.3225465,2014-01-27,14:50,03 - Snow,03 - Loose snow,10 - No control,01 - Non intersection,01 - Daylight,03 - P.D. only,03 - Rear end,Beaverbrook
6598,INNES RD @ 298 E OF WILDFLOWER DR/LOBLAWS SC,383189.809,5035797.412,-75.49768399,45.4577075,2014-04-29,15:30,01 - Clear,01 - Dry,01 - Traffic signal,02 - Intersection related,01 - Daylight,03 - P.D. only,07 - SMV other,Avalon
6599,EVELYN AVE @ MAIN ST,369038.2349,5030471.676,-75.67930449,45.411233,2014-04-30,17:45,02 - Rain,02 - Wet,01 - Traffic signal,02 - Intersection related,01 - Daylight,03 - P.D. only,03 - Rear end,Old Ottawa East
6600,AIRPORT PKWY/BRONSON/HERON RAMP 24 @ BRONSON A,368691.1026,5026733.754,-75.684223,45.37763213,2014-05-01,16:44,01 - Clear,01 - Dry,10 - No control,02 - Intersection related,01 - Daylight,03 - P.D. only,07 - SMV other,Alta Vista
6601,MARCH RD btwn HALTON TERR/MAXWELL BRIDGE RD & KLONDIKE RD,348510.7644,5024896.851,-75.94203784,45.36265293,2014-05-01,20:55,01 - Clear,01 - Dry,10 - No control,01 - Non intersection,07 - Dark,03 - P.D. only,07 - SMV other,Carp - Hardwood Plains
6602,BANK ST @ LYNCH ST,374685.223,5022428.547,-75.60830622,45.33832351,2014-01-11,7:19,04 - Freezing Rain,06 - Ice,02 - Stop sign,02 - Intersection related,03 - Dawn,03 - P.D. only,07 - SMV other,Greenbelt
6603,INDUSTRIAL AVE/INNES RD @ ST. LAURENT BLVD,373098.979,5030008.452,-75.62749524,45.40668061,2014-04-29,11:00,01 - Clear,01 - Dry,01 - Traffic signal,02 - Intersection related,01 - Daylight,03 - P.D. only,04 - Sideswipe,Industrial Park
6604,IRIS ST @ WOODROFFE AVE,362284.1139,5024441.52,-75.76628856,45.35756178,2014-04-29,15:45,01 - Clear,01 - Dry,01 - Traffic signal,02 - Intersection related,01 - Daylight,03 - P.D. only,03 - Rear end,Iris
6605,BANK ST @ CATHERINE ST,368040.1793,5030266.624,-75.69208048,45.40947891,2014-05-04,9:27,02 - Rain,02 - Wet,01 - Traffic signal,03 - At intersection,01 - Daylight,03 - P.D. only,02 - Angle,Centretown
6606,Via Amalfi btwn Via Verona  and Via Verona,363925.2855,5016046.343,-75.74634506,45.28188601,2014-05-29,14:00,01 - Clear,01 - Dry,10 - No control,01 - Non intersection,01 - Daylight,03 - P.D. only,06 - SMV unattended vehicle,New Barrhaven
6607,ALBERT ST @ BOOTH ST,366430.115,5030626.567,-75.71260273,45.41286121,2014-05-05,18:05,01 - Clear,01 - Dry,01 - Traffic signal,02 - Intersection related,01 - Daylight,03 - P.D. only,03 - Rear end,Centretown West
6608,CARLING AVE @ PINECREST  RD/GREENVIEW AVE,360006.7427,5024632.573,-75.79533271,45.35946389,2014-05-06,16:55,01 - Clear,01 - Dry,01 - Traffic signal,02 - Intersection related,01 - Daylight,03 - P.D. only,03 - Rear end,Whitehaven - Queensway Terrace North
6609,TERRY FOX DR @ PALLADIUM DR/KATIMAVIK RD,351271.1398,5018180.827,-75.90743441,45.30204313,2014-05-06,19:01,01 - Clear,01 - Dry,01 - Traffic signal,03 - At intersection,01 - Daylight,03 - P.D. only,02 - Angle,Katimavik - Hazeldean
6610,RIVER RD btwn OLD MILL WAY & OLD MILL WAY,369167.2409,5010940.811,-75.68019516,45.23548655,2014-04-30,17:30,02 - Rain,02 - Wet,10 - No control,01 - Non intersection,01 - Daylight,03 - P.D. only,03 - Rear end,Manotick
6611,MARCH VALLEY RD @ TERRY FOX DR,350755.991,5023784.954,-75.91348267,45.35250428,2014-05-06,8:50,01 - Clear,01 - Dry,02 - Stop sign,02 - Intersection related,01 - Daylight,03 - P.D. only,03 - Rear end,South March
6612,BANK ST @ MITCH OWENS RD,377758.2918,5015949.355,-75.57005463,45.27971383,2014-03-20,17:35,01 - Clear,01 - Dry,01 - Traffic signal,03 - At intersection,01 - Daylight,03 - P.D. only,05 - Turning movement,Osgoode
6613,COVENTRY RD btwn ST. LAURENT SC WEST & ST. LAURENT SC EAST,371914.8293,5031928.751,-75.64235926,45.42407316,2014-03-29,0:55,01 - Clear,01 - Dry,10 - No control,01 - Non intersection,07 - Dark,03 - P.D. only,07 - SMV other,Overbrook
6614,BESSERER ST @ KING EDWARD AVE,368551.6691,5032340.1,-75.68527837,45.42808893,2014-12-18,14:02,01 - Clear,01 - Dry,01 - Traffic signal,02 - Intersection related,01 - Daylight,03 - P.D. only,06 - SMV unattended vehicle,Sand
6615,GLADSTONE AVE @ PRESTON ST,366490.1799,5029711.611,-75.7119499,45.4046234,2014-04-20,11:48,01 - Clear,01 - Dry,01 - Traffic signal,03 - At intersection,01 - Daylight,03 - P.D. only,02 - Angle,Little Italy
6616,RIVER RD @ SUMMERSIDE DR,373298.018,5005469.865,-75.6283423,45.18587007,2014-05-03,14:41,01 - Clear,01 - Dry,02 - Stop sign,02 - Intersection related,01 - Daylight,03 - P.D. only,07 - SMV other,Manotick
6617,FALLOWFIELD RD btwn MOODIE DR & HWY416 IC66 RAMP53,359603.1304,5014668.535,-75.8015863,45.26983857,2014-04-30,14:00,02 - Rain,02 - Wet,10 - No control,01 - Non intersection,01 - Daylight,03 - P.D. only,04 - Sideswipe,Munster Hamlet - Richmond
6618,ALBERT ST @ O'CONNOR ST,367539.1764,5031518.677,-75.69832097,45.42078958,2014-05-01,8:00,02 - Rain,02 - Wet,01 - Traffic signal,02 - Intersection related,01 - Daylight,03 - P.D. only,04 - Sideswipe,Downtown
6619,CARLING AVE @ KIRKWOOD AVE S,364351.2266,5027337.549,-75.73955767,45.38344728,2014-05-01,18:30,01 - Clear,01 - Dry,01 - Traffic signal,03 - At intersection,01 - Daylight,03 - P.D. only,05 - Turning movement,Carlington
6620,HUNTLEY RD btwn FLEWELLYN RD & CORLYN GT,351536.0946,5010595.585,-75.90476989,45.23377115,2014-05-01,21:06,01 - Clear,01 - Dry,10 - No control,01 - Non intersection,07 - Dark,03 - P.D. only,07 - SMV other,Munster Hamlet - Richmond
6621,ANDERSON RD @ RIDGE RD,379029.2835,5028508.532,-75.55197262,45.39258152,2014-01-25,12:40,01 - Clear,01 - Dry,02 - Stop sign,03 - At intersection,01 - Daylight,03 - P.D. only,02 - Angle,Greenbelt
6622,GREENBANK RD @ CANFIELD RD/CRAIG HENRY DR,361106.6798,5021364.746,-75.78166603,45.32997259,2014-01-29,7:51,01 - Clear,06 - Ice,01 - Traffic signal,03 - At intersection,03 - Dawn,03 - P.D. only,05 - Turning movement,Woodvale - Craig Henry - Manordale - Estates of Arlington Wo
6623,TERRY FOX DR @ HALKIRK AVE/WINCHESTER DR,352512.3668,5016871.903,-75.89173402,45.29018189,2014-04-29,17:30,02 - Rain,02 - Wet,01 - Traffic signal,02 - Intersection related,01 - Daylight,03 - P.D. only,04 - Sideswipe,Glen Cairn - Kanata South Business Park
6624,COLONEL BY DR @ OTTAWA UNIV. PED. XING,368729.2336,5031494.472,-75.68311914,45.42046406,2014-04-29,18:45,02 - Rain,02 - Wet,01 - Traffic signal,02 - Intersection related,01 - Daylight,03 - P.D. only,03 - Rear end,Sandy Hill
6625,RIOCAN AVE btwn MARKETPLACE AVE & END,364332.8648,5014680.024,-75.74131406,45.26955747,2014-05-04,12:20,02 - Rain,02 - Wet,10 - No control,04 - At/near private drive,01 - Daylight,03 - P.D. only,02 - Angle,New Barrhaven
6626,REGIONAL RD 174 @ TRIM RD,384351.3794,5039992.236,-75.48215484,45.49531726,2014-05-04,13:08,02 - Rain,02 - Wet,01 - Traffic signal,02 - Intersection related,01 - Daylight,03 - P.D. only,04 - Sideswipe,Cumberland - Estates
6627,PALMADEO DR btwn RODEO DR & ALAMEDA WAY,365122.659,5015775.689,-75.73111671,45.27934894,2014-05-06,7:40,01 - Clear,01 - Dry,10 - No control,04 - At/near private drive,01 - Daylight,03 - P.D. only,02 - Angle,New Barrhaven