Record,Location,X,Y,lon,lat,Date,Time,Environment,Road_Surface,Traffic_Control,Collision_Location,Light,Collision_Classification,Impact_type,Neighborhood
6628,WALKLEY RD btwn CEDARWOOD DR & BAYCREST DR,371409.5268,5026583.892,-75.64953748,45.37603056,2014-05-07,8:26,01 - Clear,01 - Dry,10 - No control,01 - Non intersection,01 - Daylight,03 - P.D. only,07 - SMV other,Ledbury - Heron Gate - Ridgemont - Elmwood
6629,QUEEN MARY ST @ VANIER PKWY,370363.2366,5031957.585,-75.66218061,45.42447975,2014-05-06,15:25,01 - Clear,01 - Dry,01 - Traffic signal,02 - Intersection related,01 - Daylight,03 - P.D. only,03 - Rear end,Overbrook
6630,ACACIA AVE @ BEECHWOOD AVE,369635.1815,5033943.545,-75.67122178,45.44241647,2014-05-06,16:16,01 - Clear,01 - Dry,02 - Stop sign,03 - At intersection,01 - Daylight,03 - P.D. only,02 - Angle,Vanier North
6631,REGIONAL ROAD 174 btwn Continuation of REGIONAL ROAD 174 & OR174 IC112,374512.7156,5032630.886,-75.60906621,45.43013652,2014-03-30,6:56,05 - Drifting Snow,03 - Loose snow,10 - No control,01 - Non intersection,01 - Daylight,03 - P.D. only,07 - SMV other,Industrial Park
6632,WOODROFFE AVE btwn HWY417 IC127 RAMP63 & HWY417 IC127 RAMP35,362144.3879,5024801.155,-75.76803011,45.36080919,2014-04-08,9:22,02 - Rain,02 - Wet,10 - No control,01 - Non intersection,01 - Daylight,03 - P.D. only,03 - Rear end,Braemar Park - Bel Air Heights - Copeland Park
6633,CARP RD btwn THOMAS A. DOLAN PKWY & NORMA LANE,337978.9518,5024882.088,-76.07647176,45.36309769,2014-04-08,20:06,01 - Clear,01 - Dry,10 - No control,01 - Non intersection,07 - Dark,03 - P.D. only,07 - SMV other,Carp - Hardwood Plains
6634,FALLOWFIELD RD btwn CONLEY RD & HUNTLEY RD,351030.6891,5008435.31,-75.91140702,45.2143655,2014-05-10,23:36,01 - Clear,01 - Dry,10 - No control,01 - Non intersection,07 - Dark,03 - P.D. only,07 - SMV other,Munster Hamlet - Richmond
6635,CABIN RD @ NIXON DR,373937.1147,5001600.045,-75.62074647,45.15098747,2014-05-11,1:39,01 - Clear,01 - Dry,02 - Stop sign,03 - At intersection,07 - Dark,03 - P.D. only,07 - SMV other,Kars - Osgoode
6636,TRIM RD btwn ST. JOSEPH BLVD & WATTERS RD,384815.7889,5039025.761,-75.4763713,45.48656878,2014-04-23,15:30,01 - Clear,01 - Dry,10 - No control,01 - Non intersection,01 - Daylight,03 - P.D. only,03 - Rear end,Cardinal Creek
6637,CONROY RD btwn CONROY RD & ROSEBELLA AVE,373872.1382,5025149.032,-75.61829945,45.36288187,2014-04-25,15:18,01 - Clear,01 - Dry,10 - No control,01 - Non intersection,01 - Daylight,03 - P.D. only,99 - Other,Blossom Park - Blossom Park West - Sawmill Creek/ Timbermill
6638,MONTREAL RD btwn DUROCHER ST & SAVARD AVE,370145.7132,5033107.273,-75.66480744,45.43484452,2014-05-04,17:45,01 - Clear,01 - Dry,10 - No control,01 - Non intersection,01 - Daylight,03 - P.D. only,06 - SMV unattended vehicle,Vanier
6639,BASELINE RD @ CORDOVA ST,363594.1621,5024408.579,-75.74957281,45.35715675,2014-05-04,22:24,01 - Clear,01 - Dry,01 - Traffic signal,02 - Intersection related,07 - Dark,03 - P.D. only,03 - Rear end,Braemar Park - Bel Air Heights - Copeland Park
6640,LORNE AVE @ SOMERSET ST,366651.4149,5030302.711,-75.70981627,45.40992772,2014-05-07,17:40,01 - Clear,01 - Dry,02 - Stop sign,02 - Intersection related,01 - Daylight,03 - P.D. only,05 - Turning movement,Centretown West
6641,GLADSTONE AVE @ PRESTON ST,366488.2842,5029710.663,-75.71197423,45.40461503,2014-05-08,14:17,01 - Clear,01 - Dry,01 - Traffic signal,02 - Intersection related,01 - Daylight,03 - P.D. only,99 - Other,Little Italy
6642,WESMAR DR btwn RENFIELD RD & RIDGECREST PL,370248.1303,5027012.51,-75.66430765,45.37999657,2014-04-28,23:15,01 - Clear,01 - Dry,10 - No control,01 - Non intersection,07 - Dark,03 - P.D. only,06 - SMV unattended vehicle,Alta Vista
6643,STAGECOACH RD btwn OLD STAGECOACH RD & BLANCHFIELD RD,377827.1753,5001105.057,-75.57135317,45.1461421,2014-04-28,20:45,01 - Clear,01 - Dry,10 - No control,01 - Non intersection,07 - Dark,03 - P.D. only,07 - SMV other,Kars - Osgoode
6644,CARLING AVE @ PINECREST  RD/GREENVIEW AVE,360005.2539,5024632.528,-75.79535171,45.3594636,2014-03-19,15:50,01 - Clear,01 - Dry,01 - Traffic signal,02 - Intersection related,01 - Daylight,03 - P.D. only,03 - Rear end,Whitehaven - Queensway Terrace North
6645,GREENFIELD AVE @ MAIN ST,368892.1894,5030816.575,-75.6811253,45.41434968,2014-05-01,8:45,02 - Rain,02 - Wet,01 - Traffic signal,03 - At intersection,01 - Daylight,03 - P.D. only,02 - Angle,Old Ottawa East
6646,JOCKVALE RD @ FABLE ST/WEYBRIDGE DR E,362513.1539,5015142.484,-75.76444872,45.2738704,2014-05-01,8:30,02 - Rain,02 - Wet,03 - Yield sign,03 - At intersection,01 - Daylight,03 - P.D. only,02 - Angle,Barrhaven West - Old Barrhaven
6647,BANNER RD @ GREENBANK RD,361019.3029,5021568.388,-75.78275752,45.33181197,2014-05-02,7:40,01 - Clear,01 - Dry,01 - Traffic signal,03 - At intersection,01 - Daylight,03 - P.D. only,05 - Turning movement,Woodvale - Craig Henry - Manordale - Estates of Arlington Wo
6648,BANK ST @ CONROY RD,375044.2762,5022239.447,-75.60375232,45.33658621,2014-02-24,19:10,01 - Clear,01 - Dry,01 - Traffic signal,02 - Intersection related,07 - Dark,03 - P.D. only,03 - Rear end,Greenbelt
6649,HWY 417 INNES IC112R57 @ INNES RD,374297.993,5030755.014,-75.61207467,45.41327978,2014-04-25,7:30,01 - Clear,01 - Dry,01 - Traffic signal,02 - Intersection related,01 - Daylight,03 - P.D. only,03 - Rear end,Industrial Park
6650,BRIDGE ST @ KITOMAN CRES,369418.1345,5010722.395,-75.67702839,45.23349828,2014-04-30,16:00,02 - Rain,02 - Wet,02 - Stop sign,03 - At intersection,01 - Daylight,03 - P.D. only,02 - Angle,Manotick
6651,FALLOWFIELD RD @ MERIVALE RD,366890.2908,5018844.469,-75.70820413,45.30680764,2014-05-04,17:13,02 - Rain,02 - Wet,01 - Traffic signal,02 - Intersection related,01 - Daylight,03 - P.D. only,03 - Rear end,Greenbelt
6652,ST. LAURENT BLVD @ COVENTRY RD/OGILVIE RD,372305.2456,5031951.575,-75.63736768,45.42424096,2014-05-04,18:17,01 - Clear,01 - Dry,01 - Traffic signal,02 - Intersection related,01 - Daylight,03 - P.D. only,02 - Angle,Overbrook
6653,"MCARTHUR AVE btwn EGLISE, RUE DE L & MAY ST",371460.4086,5032828.37,-75.64804375,45.43221098,2014-05-06,10:45,01 - Clear,01 - Dry,10 - No control,04 - At/near private drive,01 - Daylight,03 - P.D. only,05 - Turning movement,Castle Heights
6654,WEST HUNT CLUB RD @ WOODROFFE AVE,363673.0607,5021245.541,-75.74894229,45.3286894,2014-05-06,12:20,01 - Clear,01 - Dry,01 - Traffic signal,02 - Intersection related,01 - Daylight,03 - P.D. only,04 - Sideswipe,Merivale Gardens - Grenfell Glen - Pineglen - Country Place
6655,FALLOWFIELD RD @ MOODIE DR,359501.182,5014637.361,-75.80288887,45.26956599,2014-05-07,8:15,01 - Clear,01 - Dry,01 - Traffic signal,02 - Intersection related,01 - Daylight,03 - P.D. only,04 - Sideswipe,Munster Hamlet - Richmond
6656,RIVERSIDE DR SB btwn RIVERSIDE DR SPLIT & DATA CENTRE RD,368832.5201,5027658.637,-75.68229757,45.38594104,2014-05-07,8:00,01 - Clear,01 - Dry,10 - No control,01 - Non intersection,01 - Daylight,03 - P.D. only,04 - Sideswipe,Alta Vista
6657,INNES RD @ 298 E OF WILDFLOWER DR/LOBLAWS SC,383191.2307,5035797.51,-75.4976658,45.45770822,2014-05-05,20:30,01 - Clear,01 - Dry,01 - Traffic signal,02 - Intersection related,05 - Dusk,03 - P.D. only,03 - Rear end,Avalon
6658,BRONSON AVE @ FIFTH AVE/MADAWASKA DR,367613.2388,5028936.658,-75.69770369,45.39755072,2014-04-26,10:48,02 - Rain,02 - Wet,01 - Traffic signal,02 - Intersection related,01 - Daylight,03 - P.D. only,03 - Rear end,The Glebe
6659,TIMM DR btwn HAANEL DR & MOODIE DR,356406.5912,5020890.441,-75.84167281,45.3260661,2014-04-28,1:50,01 - Clear,01 - Dry,10 - No control,01 - Non intersection,07 - Dark,03 - P.D. only,07 - SMV other,Greenbelt
6660,CATHERINE ST btwn BAY ST & HWY417 IC120B RAMP36,367739.1595,5030087.677,-75.69594859,45.40789594,2014-05-11,2:22,01 - Clear,01 - Dry,10 - No control,01 - Non intersection,07 - Dark,03 - P.D. only,04 - Sideswipe,Centretown
6661,DEERCROFT AVE btwn LONGFIELDS DR & HAYLOCK WAY,364551.734,5015334.234,-75.73844631,45.27542549,2014-05-09,0:00,01 - Clear,01 - Dry,10 - No control,01 - Non intersection,00 - Unknown,03 - P.D. only,06 - SMV unattended vehicle,New Barrhaven
6662,FISHER AVE btwn SHILLINGTON AVE & EMPEROR AVE,365655.6774,5027231.446,-75.72291502,45.38238048,2014-04-25,21:00,01 - Clear,01 - Dry,10 - No control,01 - Non intersection,07 - Dark,03 - P.D. only,06 - SMV unattended vehicle,Carlington
6663,MARQUETTE AVE btwn STE. MONIQUE ST & DES PERES BLANCS AVE,370069.8561,5033844.954,-75.66567906,45.44148895,2014-12-18,21:18,01 - Clear,03 - Loose snow,10 - No control,04 - At/near private drive,07 - Dark,03 - P.D. only,06 - SMV unattended vehicle,Vanier North
6664,STITTSVILLE MAIN ST btwn ANDREW ALEXANDER CRT & MCCANN ST,350103.2836,5013527.251,-75.92275007,45.26024503,2014-05-08,16:20,01 - Clear,01 - Dry,10 - No control,01 - Non intersection,01 - Daylight,03 - P.D. only,03 - Rear end,Stittsville
6665,RICHMOND RD @ WOODROFFE AVE,361585.1603,5026655.471,-75.77495462,45.3775397,2014-05-07,15:00,01 - Clear,01 - Dry,01 - Traffic signal,02 - Intersection related,01 - Daylight,03 - P.D. only,04 - Sideswipe,Carlingwood - McKellar Park - Laurentien View
6666,MONTREAL RD @ ST. LAURENT BLVD,371545.229,5033816.647,-75.64682583,45.44109495,2014-05-12,14:40,01 - Clear,01 - Dry,01 - Traffic signal,02 - Intersection related,01 - Daylight,03 - P.D. only,03 - Rear end,Cummings
6667,FALLOWFIELD RD @ MERIVALE RD,366894.0823,5018844.469,-75.70815578,45.3068073,2014-05-12,16:11,01 - Clear,01 - Dry,01 - Traffic signal,02 - Intersection related,01 - Daylight,03 - P.D. only,04 - Sideswipe,Greenbelt
6668,BANK ST @ WALKLEY RD,370338.3259,5025945.839,-75.66329764,45.37039058,2014-04-29,11:00,01 - Clear,01 - Dry,01 - Traffic signal,02 - Intersection related,01 - Daylight,03 - P.D. only,04 - Sideswipe,Ledbury - Heron Gate - Ridgemont - Elmwood
6669,ALTA VISTA DR @ CUNNINGHAM AVE,370346.1447,5028016.597,-75.66292293,45.38902183,2014-04-29,14:29,01 - Clear,01 - Dry,02 - Stop sign,02 - Intersection related,01 - Daylight,03 - P.D. only,03 - Rear end,Alta Vista
6670,MEADOWLANDS DR/TALLWOOD DR @ WOODROFFE AVE,363057.1635,5022731.442,-75.75662386,45.34211084,2014-04-18,8:50,01 - Clear,01 - Dry,01 - Traffic signal,02 - Intersection related,01 - Daylight,03 - P.D. only,04 - Sideswipe,Crestview - Meadowlands
6671,PARKDALE AVE btwn GRANT ST & WELLINGTON ST W,365146.5016,5029280.508,-75.72916565,45.40086156,2014-04-21,12:45,01 - Clear,01 - Dry,10 - No control,04 - At/near private drive,01 - Daylight,03 - P.D. only,02 - Angle,Islan
6672,ST. LAURENT BLVD btwn DONALD ST & 125 N OF QUEEN MARY ST,372100.8219,5032463.106,-75.63990977,45.42886317,2014-02-07,12:00,01 - Clear,03 - Loose snow,10 - No control,01 - Non intersection,01 - Daylight,03 - P.D. only,03 - Rear end,Overbrook
6673,RIDEAU RD btwn DOWNEY RD & BOWESVILLE RD,373269.2653,5015522.26,-75.62732496,45.27632247,2014-05-02,7:50,02 - Rain,02 - Wet,10 - No control,01 - Non intersection,01 - Daylight,03 - P.D. only,07 - SMV other,Greenbelt
6674,MARCH RD btwn SECOND LINE RD & DUNROBIN RD,347024.9876,5026073.927,-75.96090212,45.37333562,2014-04-09,17:30,01 - Clear,01 - Dry,10 - No control,01 - Non intersection,01 - Daylight,03 - P.D. only,07 - SMV other,Carp - Hardwood Plains
6675,MACKENZIE AVE @ RIDEAU ST,367870.0514,5032009.893,-75.69403059,45.42517963,2014-03-08,16:20,01 - Clear,01 - Dry,01 - Traffic signal,03 - At intersection,01 - Daylight,03 - P.D. only,02 - Angle,Byward Market - Parliament Hill
6676,PARKDALE AVE @ SCOTT ST,364949.2297,5029725.612,-75.73163098,45.40488348,2014-04-30,22:50,02 - Rain,02 - Wet,01 - Traffic signal,03 - At intersection,07 - Dark,03 - P.D. only,05 - Turning movement,Islan
6677,INNES RD @ TENTH LINE RD,383952.2342,5036161.457,-75.48787831,45.46089689,2014-05-02,7:40,01 - Clear,01 - Dry,01 - Traffic signal,02 - Intersection related,01 - Daylight,03 - P.D. only,03 - Rear end,Queenswood Heights
6678,FERGUSON ST @ GAGE CRES,363408.1123,5024398.473,-75.75194848,45.35708139,2014-05-05,9:57,01 - Clear,01 - Dry,03 - Yield sign,03 - At intersection,01 - Daylight,03 - P.D. only,02 - Angle,Braemar Park - Bel Air Heights - Copeland Park
6679,BASELINE RD @ FISHER AVE,366167.1675,5026028.533,-75.71653375,45.3715123,2014-05-05,7:30,01 - Clear,01 - Dry,01 - Traffic signal,02 - Intersection related,01 - Daylight,03 - P.D. only,04 - Sideswipe,Civic Hospital - Experimental Farm - Central Park
6680,CUMBERLAND ST @ LAURIER AVE,368599.1259,5031947.636,-75.68472279,45.42455335,2014-05-06,15:20,01 - Clear,01 - Dry,01 - Traffic signal,02 - Intersection related,01 - Daylight,03 - P.D. only,04 - Sideswipe,Sandy Hill
6681,BANK ST btwn EUCLID AVE & SUNNYSIDE AVE,368729.4954,5028595.767,-75.68349167,45.39438246,2014-05-08,11:05,01 - Clear,01 - Dry,10 - No control,01 - Non intersection,01 - Daylight,03 - P.D. only,06 - SMV unattended vehicle,Old Ottawa South
6682,FISHER AVE btwn SHILLINGTON AVE & EMPEROR AVE,365669.8206,5027187.54,-75.72273985,45.38198419,2014-05-08,11:49,01 - Clear,01 - Dry,10 - No control,01 - Non intersection,01 - Daylight,03 - P.D. only,03 - Rear end,Carlington
6683,RIDEAU RD btwn BANK ST & DONCASTER RD,377243.3504,5018015.327,-75.57631566,45.29835587,2014-05-05,14:01,01 - Clear,01 - Dry,10 - No control,01 - Non intersection,01 - Daylight,03 - P.D. only,03 - Rear end,Greenbelt
6684,BANK ST @ BELMEADE RD/MARIONVILLE RD,388038.2034,5001136.372,-75.44152072,45.14529432,2014-05-05,17:57,01 - Clear,01 - Dry,02 - Stop sign,03 - At intersection,01 - Daylight,03 - P.D. only,02 - Angle,Osgoode
6685,BANK ST @ FIFTH AVE,368398.358,5029400.084,-75.68761683,45.40164961,2014-04-17,18:37,01 - Clear,01 - Dry,01 - Traffic signal,02 - Intersection related,01 - Daylight,03 - P.D. only,04 - Sideswipe,The Glebe
6686,BANTREE ST @ INNES RD,373708.0929,5030405.608,-75.61965935,45.41019433,2014-04-22,7:36,02 - Rain,02 - Wet,01 - Traffic signal,02 - Intersection related,01 - Daylight,03 - P.D. only,03 - Rear end,Industrial Park
6687,MEADOWLANDS DR btwn NESS ST & NE/OT BOUNDARY,366446.5552,5024962.313,-75.71310021,45.36189415,2014-05-06,18:30,01 - Clear,01 - Dry,10 - No control,04 - At/near private drive,01 - Daylight,03 - P.D. only,03 - Rear end,Borden Farm - Stewart Farm - Parkwood Hills - Fisher Glen
6688,Highbury Park Dr btwn Via Verona Ave and Via San Marino St,363944.8595,5015786.25,-75.74612657,45.27954404,2014-04-13,17:00,01 - Clear,01 - Dry,10 - No control,01 - Non intersection,01 - Daylight,03 - P.D. only,06 - SMV unattended vehicle,New Barrhaven
6689,SCOUT ST btwn COLERIDGE ST & GRAMMERCY PK,364273.0755,5025302.161,-75.74080064,45.36513982,2014-05-07,19:05,01 - Clear,01 - Dry,10 - No control,04 - At/near private drive,01 - Daylight,03 - P.D. only,06 - SMV unattended vehicle,Civic Hospital - Experimental Farm - Central Park
6690,CRANBERRY CRT btwn MUNSTER RD & BUTTERWICK ST,349023.8926,5002746.951,-75.93746003,45.16330766,2014-05-08,0:00,00 - Unknown,00 - Unknown,10 - No control,01 - Non intersection,00 - Unknown,03 - P.D. only,06 - SMV unattended vehicle,Munster Hamlet - Richmond
6691,MEDFORD ST btwn MAYVIEW AVE & ROSENTHAL AVE,364660.8878,5026218.982,-75.73573939,45.37335622,2014-05-12,0:00,01 - Clear,01 - Dry,10 - No control,01 - Non intersection,00 - Unknown,03 - P.D. only,06 - SMV unattended vehicle,Carlington
6692,GREENBANK RD btwn LARKIN DR & MALVERN DR,363249.7286,5016337.137,-75.75492123,45.28455907,2014-05-12,18:15,01 - Clear,01 - Dry,10 - No control,04 - At/near private drive,01 - Daylight,03 - P.D. only,05 - Turning movement,Barrhaven West - Old Barrhaven
6693,ORLEANS BLVD @ ST. JOSEPH BLVD,380631.1234,5036981.237,-75.53021272,45.46864099,2014-05-12,17:45,01 - Clear,01 - Dry,01 - Traffic signal,02 - Intersection related,01 - Daylight,03 - P.D. only,04 - Sideswipe,Industrial Park
6694,BANKFIELD RD @ PRINCE OF WALES DR,366377.3202,5008974.439,-75.71596848,45.2180426,2014-04-29,14:45,01 - Clear,01 - Dry,01 - Traffic signal,03 - At intersection,01 - Daylight,03 - P.D. only,02 - Angle,Manotick
6695,BAYCREST DR btwn CEDARWOOD DR & SANDALWOOD DR,371244.4182,5026779.11,-75.65161907,45.37780274,2014-04-29,16:54,01 - Clear,01 - Dry,10 - No control,04 - At/near private drive,01 - Daylight,03 - P.D. only,99 - Other,Ledbury - Heron Gate - Ridgemont - Elmwood
6696,MARCH RD @ TERRY FOX DR,349864.1347,5023399.509,-75.9248996,45.34909384,2014-04-21,15:17,01 - Clear,01 - Dry,01 - Traffic signal,02 - Intersection related,01 - Daylight,03 - P.D. only,99 - Other,South March
6697,BLACKBURN AVE @ LAURIER AVE,369186.2928,5032308.527,-75.67717309,45.42774671,2014-02-12,10:09,01 - Clear,02 - Wet,02 - Stop sign,03 - At intersection,01 - Daylight,03 - P.D. only,07 - SMV other,Sandy Hill
6698,ST. JOSEPH BLVD @ JEANNE D'ARC BLVD,379860.2686,5036470.633,-75.54014758,45.46413024,2014-09-06,9:47,02 - Rain,02 - Wet,11 - Roundabout,03 - At intersection,01 - Daylight,03 - P.D. only,04 - Sideswipe,Chapel Hill
6699,GLOUCESTER ST @ KENT ST,367357.3569,5031098.41,-75.70069738,45.41702444,2014-03-13,4:59,06 - Strong wind,01 - Dry,01 - Traffic signal,02 - Intersection related,07 - Dark,03 - P.D. only,99 - Other,Centretown
6700,SUNNYSIDE AVE btwn ROSEDALE AVE & GROSVENOR AVE,368453.2079,5028411.083,-75.68704388,45.3927459,2014-05-02,8:14,01 - Clear,01 - Dry,10 - No control,04 - At/near private drive,01 - Daylight,03 - P.D. only,03 - Rear end,Old Ottawa South
6701,ESPRIT DR btwn CHARDONNAY DR & DU PLATEAU ST,384854.8029,5036238.56,-75.47632643,45.46148775,2014-05-02,8:30,01 - Clear,01 - Dry,10 - No control,04 - At/near private drive,01 - Daylight,03 - P.D. only,99 - Other,Avalon
6702,VIEWMOUNT DR @ MERIVALE RD,365195.1189,5022947.548,-75.72931906,45.34387453,2014-02-27,12:10,01 - Clear,02 - Wet,01 - Traffic signal,02 - Intersection related,01 - Daylight,03 - P.D. only,03 - Rear end,Tanglewood
6703,FIRST AVE btwn BANK ST & O'CONNOR ST,368296.6139,5029717.847,-75.68887542,45.40451798,2014-05-04,12:00,01 - Clear,01 - Dry,10 - No control,01 - Non intersection,01 - Daylight,03 - P.D. only,06 - SMV unattended vehicle,The Glebe
6704,BANK ST @ MITCH OWENS RD,377759.2396,5015948.407,-75.57004269,45.2797052,2014-04-06,13:42,01 - Clear,01 - Dry,01 - Traffic signal,02 - Intersection related,01 - Daylight,03 - P.D. only,03 - Rear end,Osgoode
6705,BERRIGAN DR @ LONGFIELDS DR,364306.6595,5015646.35,-75.74153217,45.27825469,2014-05-07,5:34,01 - Clear,01 - Dry,11 - Roundabout,02 - Intersection related,03 - Dawn,03 - P.D. only,07 - SMV other,New Barrhaven
6706,FIFTH AVE btwn CRAIG ST & MORRIS ST,367986.2671,5029154.885,-75.69291162,45.3994807,2014-05-09,11:45,01 - Clear,01 - Dry,10 - No control,01 - Non intersection,01 - Daylight,03 - P.D. only,06 - SMV unattended vehicle,The Glebe
6707,VANIER PKWY/CRICHTON ST @ BEECHWOOD AVE/ST. PA,369129.2188,5033486.186,-75.67774853,45.43834808,2014-04-23,16:20,01 - Clear,01 - Dry,01 - Traffic signal,02 - Intersection related,01 - Daylight,03 - P.D. only,04 - Sideswipe,Vanier North
6708,ST. JOSEPH BLVD @ TENTH LINE RD,382888.8149,5038665.724,-75.5010762,45.48354773,2014-05-13,8:40,02 - Rain,02 - Wet,01 - Traffic signal,02 - Intersection related,01 - Daylight,03 - P.D. only,03 - Rear end,Industrial Park
6709,STIRLING AVE btwn SCOTT ST & LADOUCEUR ST,365218.3319,5029870.035,-75.72817598,45.40615979,2014-01-19,0:00,01 - Clear,04 - Slush,10 - No control,01 - Non intersection,00 - Unknown,03 - P.D. only,06 - SMV unattended vehicle,Mechanicsville
6710,WYMAN CRES btwn WYMAN PL & ARDEN CRT,370730.4735,5023216.776,-75.65865579,45.34579854,2014-01-24,3:16,01 - Clear,05 - Packed snow,10 - No control,01 - Non intersection,07 - Dark,03 - P.D. only,07 - SMV other,Hunt Club - Ottawa Airport
6711,NEPEAN ST btwn BAY ST & LYON ST N,367229.1414,5030931.352,-75.70235661,45.41553275,2014-03-26,7:47,01 - Clear,01 - Dry,10 - No control,01 - Non intersection,01 - Daylight,03 - P.D. only,06 - SMV unattended vehicle,Centretown
6712,JEANNE D'ARC BLVD @ ORLEANS BLVD S,380940.2706,5036252.475,-75.52637256,45.46205055,2014-04-29,20:27,02 - Rain,02 - Wet,01 - Traffic signal,03 - At intersection,07 - Dark,03 - P.D. only,05 - Turning movement,Orleans Village - Chateauneuf
6713,DUNROBIN RD btwn VANCES SIDE RD & PORCUPINE TR,340517.71,5033321.949,-76.04345434,45.43891738,2014-04-21,20:50,02 - Rain,02 - Wet,10 - No control,01 - Non intersection,07 - Dark,03 - P.D. only,07 - SMV other,Car
6714,EDGEWORTH AVE @ LAWN AVE,361145.054,5025709.004,-75.78068153,45.36905899,2014-04-23,8:13,01 - Clear,01 - Dry,02 - Stop sign,02 - Intersection related,01 - Daylight,03 - P.D. only,06 - SMV unattended vehicle,Carlingwood West - Glabar Park - McKellar Heights
6715,FRIEL ST @ RIDEAU ST,368770.2806,5032569.636,-75.68245507,45.43013424,2014-03-17,12:35,01 - Clear,01 - Dry,01 - Traffic signal,02 - Intersection related,01 - Daylight,03 - P.D. only,03 - Rear end,Lowe
6716,HAWTHORNE RD @ HUNT CLUB RD,375508.2238,5026408.425,-75.59723727,45.37405018,2014-08-27,18:33,01 - Clear,01 - Dry,01 - Traffic signal,02 - Intersection related,01 - Daylight,03 - P.D. only,03 - Rear end,Industrial Park
6717,NAVAHO DR @ WOODROFFE AVE/TRANSITWAY N BASELIN,362707.6637,5023492.801,-75.76099405,45.34899043,2014-04-03,14:00,01 - Clear,01 - Dry,01 - Traffic signal,02 - Intersection related,01 - Daylight,03 - P.D. only,04 - Sideswipe,Crestview - Meadowlands
6718,WEST HUNT CLUB RD @ WOODROFFE AVE,363670.2171,5021246.489,-75.74897846,45.32869817,2014-05-02,13:41,01 - Clear,01 - Dry,01 - Traffic signal,02 - Intersection related,01 - Daylight,03 - P.D. only,03 - Rear end,Woodvale - Craig Henry - Manordale - Estates of Arlington Wo
6719,GREENBANK RD @ 220 N OF STRANDHERD DR,363849.8143,5014983.422,-75.74743343,45.27232818,2014-05-02,14:33,01 - Clear,01 - Dry,01 - Traffic signal,02 - Intersection related,01 - Daylight,03 - P.D. only,03 - Rear end,New Barrhaven
6720,REGIONAL RD 174 @ TRIM RD,384351.7348,5039990.815,-75.48215052,45.49530444,2014-03-14,14:18,01 - Clear,01 - Dry,01 - Traffic signal,02 - Intersection related,01 - Daylight,03 - P.D. only,03 - Rear end,Cumberland - Estates
6721,MOUNTSHANNON DR btwn DAVENTRY CRES S & DEWBERRY CRES,364346.7302,5016748.733,-75.74088919,45.28817053,2014-03-07,16:30,01 - Clear,01 - Dry,10 - No control,04 - At/near private drive,01 - Daylight,03 - P.D. only,05 - Turning movement,New Barrhaven
6722,BRONSON AVE btwn LAKESIDE AVE & LAKEVIEW TER,367657.1349,5028828.117,-75.6971569,45.39657016,2014-03-11,12:43,01 - Clear,01 - Dry,10 - No control,01 - Non intersection,01 - Daylight,03 - P.D. only,04 - Sideswipe,The Glebe
6723,LOYOLA AVE btwn EASTVALE DR & DE SALABERRY ST,375881.6957,5035119.235,-75.59121334,45.45238739,2014-05-01,16:15,01 - Clear,01 - Dry,10 - No control,04 - At/near private drive,01 - Daylight,03 - P.D. only,02 - Angle,Greenbelt
6724,MERIVALE RD @ 170 N OF HUNTCLUB RD/COSTCO/CANA,365549.9483,5022100.094,-75.72489567,45.33621861,2014-05-08,15:03,01 - Clear,01 - Dry,01 - Traffic signal,03 - At intersection,01 - Daylight,03 - P.D. only,05 - Turning movement,Tanglewood
6725,WEST HUNT CLUB RD @ ROYDON PL/SUNDERLAND ST,365973.2337,5022169.49,-75.71948693,45.33680625,2014-05-08,16:25,01 - Clear,01 - Dry,01 - Traffic signal,02 - Intersection related,01 - Daylight,03 - P.D. only,03 - Rear end,Industrial Park
6726,RIVERSIDE DR btwn RAMP & TURN LANE (1),368384.4358,5027222.306,-75.68807528,45.38205588,2014-05-09,13:02,01 - Clear,01 - Dry,10 - No control,01 - Non intersection,01 - Daylight,03 - P.D. only,03 - Rear end,Riverside Park
6727,SHERWOOD DR btwn BREEZEHILL AVE S & CARLING AVE,366482.1554,5028718.417,-75.71217661,45.3956876,2014-05-09,13:25,01 - Clear,01 - Dry,10 - No control,04 - At/near private drive,01 - Daylight,03 - P.D. only,99 - Other,Centretown West
6728,CARP RD btwn THOMAS A. DOLAN PKWY & NORMA LANE,338012.9685,5024899.097,-76.0760364,45.36324913,2014-04-26,4:06,02 - Rain,02 - Wet,10 - No control,01 - Non intersection,07 - Dark,03 - P.D. only,07 - SMV other,Carp - Hardwood Plains
6729,CARLING AVE WB btwn CONNAUGHT AVE & OTTAWA RIVER PKWY WB RAMP/CARLING ,360793.899,5025132.681,-75.78522944,45.36390141,2014-04-25,20:45,01 - Clear,01 - Dry,10 - No control,01 - Non intersection,07 - Dark,03 - P.D. only,04 - Sideswipe,Woodroffe - Lincoln Heights
6730,FALLOWFIELD RD @ WOODROFFE AVE,365084.6761,5017903.19,-75.73134227,45.29849537,2014-05-13,9:36,01 - Clear,01 - Dry,01 - Traffic signal,02 - Intersection related,01 - Daylight,03 - P.D. only,03 - Rear end,New Barrhaven
6731,WEST HUNT CLUB RD @ WOODROFFE AVE,363670.2171,5021244.593,-75.74897868,45.32868111,2014-05-13,10:45,01 - Clear,01 - Dry,01 - Traffic signal,02 - Intersection related,01 - Daylight,03 - P.D. only,03 - Rear end,Woodvale - Craig Henry - Manordale - Estates of Arlington Wo