Record,Location,X,Y,lon,lat,Date,Time,Environment,Road_Surface,Traffic_Control,Collision_Location,Light,Collision_Classification,Impact_type,Neighborhood
6732,RIVERSIDE DR @ WALKLEY RD,368416.3542,5024852.581,-75.68797294,45.36073083,2014-02-05,14:30,03 - Snow,03 - Loose snow,01 - Traffic signal,02 - Intersection related,01 - Daylight,03 - P.D. only,03 - Rear end,Riverside Park
6733,MCCARTHY RD btwn PAUL ANKA DR & HUNTVIEW PRIV,369720.1,5023867.026,-75.67146252,45.35174356,2014-02-11,8:06,01 - Clear,01 - Dry,10 - No control,01 - Non intersection,01 - Daylight,03 - P.D. only,03 - Rear end,Hunt Club East - Western Community
6734,NEPEAN ST @ O'CONNOR ST,367720.5843,5031227.201,-75.6960404,45.41815069,2014-03-27,9:49,01 - Clear,01 - Dry,02 - Stop sign,03 - At intersection,01 - Daylight,03 - P.D. only,05 - Turning movement,Centretown
6735,PINECREST RD @ RICHMOND RD,360072.1966,5024471.512,-75.79451532,45.35800951,2014-03-22,18:00,01 - Clear,01 - Dry,01 - Traffic signal,02 - Intersection related,01 - Daylight,03 - P.D. only,03 - Rear end,Whitehaven - Queensway Terrace North
6736,MARCH RD @ MORGAN'S GRANT WAY/SHIRLEY'S BROOK ,349663.031,5023618.458,-75.92744606,45.35107688,2014-04-20,14:24,01 - Clear,01 - Dry,01 - Traffic signal,02 - Intersection related,01 - Daylight,03 - P.D. only,03 - Rear end,Morgan's Grant
6737,LEES AVE btwn CHESTNUT ST & HWY417 IC118 RAMP45,369393.5335,5030791.306,-75.67472384,45.41407622,2014-04-29,20:31,02 - Rain,02 - Wet,10 - No control,01 - Non intersection,07 - Dark,03 - P.D. only,03 - Rear end,Old Ottawa East
6738,FLEWELLYN RD btwn SHEA RD & FAULKNER TR,353681.8087,5012792.622,-75.87722773,45.25339508,2014-04-29,21:28,02 - Rain,02 - Wet,10 - No control,01 - Non intersection,07 - Dark,03 - P.D. only,07 - SMV other,Stittsville - Basswood
6739,BANK ST @ JOHNSTON RD,370852.2044,5024839.528,-75.65688575,45.36038811,2014-04-24,8:00,01 - Clear,01 - Dry,01 - Traffic signal,02 - Intersection related,01 - Daylight,03 - P.D. only,03 - Rear end,South Keys - Heron Gate - Greenboro West
6740,DONNELLY DR btwn MALAKOFF RD & PANAZZOLA LANE,367984.501,4989731.806,-75.69793776,45.04475254,2014-04-23,5:50,01 - Clear,01 - Dry,10 - No control,01 - Non intersection,03 - Dawn,03 - P.D. only,07 - SMV other,Munster Hamlet - Richmond
6741,ELGIN ST @ QUEEN ST,367803.1622,5031780.289,-75.69491465,45.42311976,2014-04-11,13:24,01 - Clear,01 - Dry,01 - Traffic signal,02 - Intersection related,01 - Daylight,03 - P.D. only,03 - Rear end,Downtown
6742,HAWTHORNE RD @ HUNT CLUB RD,375507.276,5026408.425,-75.59724937,45.37405027,2014-09-07,16:34,01 - Clear,01 - Dry,01 - Traffic signal,03 - At intersection,01 - Daylight,03 - P.D. only,05 - Turning movement,Industrial Park
6743,REGIONAL ROAD 174 btwn HWY417 IC113 RAMP67 & Continuation of REGIONAL ,373648.7589,5031984.361,-75.6201967,45.42440501,2014-04-04,8:05,01 - Clear,01 - Dry,10 - No control,01 - Non intersection,01 - Daylight,03 - P.D. only,03 - Rear end,Industrial Park
6744,ESSON ST btwn SADDLE CRES & SADDLE CRES,374578.5007,5026009.008,-75.60916243,45.3705496,2014-04-05,18:42,01 - Clear,01 - Dry,10 - No control,04 - At/near private drive,01 - Daylight,03 - P.D. only,02 - Angle,Hunt Club
6745,BLAIR RD @ MEADOWBROOK RD,375195.3269,5032313.702,-75.6003888,45.42721431,2014-05-02,15:22,01 - Clear,01 - Dry,01 - Traffic signal,03 - At intersection,01 - Daylight,03 - P.D. only,02 - Angle,Greenbelt
6746,HOG'S BACK RD btwn COLONEL BY DR & RIVERSIDE DR,367735.3966,5025961.495,-75.69652288,45.37077003,2014-05-02,15:50,01 - Clear,01 - Dry,10 - No control,01 - Non intersection,01 - Daylight,03 - P.D. only,03 - Rear end,Riverside Park
6747,GLADSTONE AVE btwn IRVING AVE & SPADINA AVE,365887.9557,5029429.927,-75.71967708,45.40214169,2014-03-20,22:29,03 - Snow,02 - Wet,10 - No control,04 - At/near private drive,07 - Dark,03 - P.D. only,03 - Rear end,Civi
6748,Ardmore St btwn Southbridge St and Mareth Way,367820.6184,5014115.403,-75.69694208,45.26417317,2014-06-13,7:40,02 - Rain,02 - Wet,10 - No control,01 - Non intersection,01 - Daylight,03 - P.D. only,07 - SMV other,Greenbelt
6749,COLONEL BY DR @ HOG'S BACK RD,367600.0628,5025876.912,-75.69826123,45.37002112,2014-03-21,12:45,01 - Clear,01 - Dry,01 - Traffic signal,02 - Intersection related,01 - Daylight,03 - P.D. only,04 - Sideswipe,Carleton University
6750,FALLOWFIELD RD btwn HWY416 IC66 RAMP62 & STRANDHERD DR,360551.3296,5014933.929,-75.78947353,45.27215208,2014-03-31,16:50,01 - Clear,01 - Dry,10 - No control,01 - Non intersection,01 - Daylight,03 - P.D. only,03 - Rear end,Munster Hamlet - Richmond
6751,RIVERSIDE DR NB btwn NEIL WAY & PLEASANT PARK RD,369479.6507,5028306.143,-75.67394964,45.39170763,2014-05-03,15:00,01 - Clear,01 - Dry,10 - No control,01 - Non intersection,01 - Daylight,03 - P.D. only,03 - Rear end,Alta Vista
6752,QUEEN ST @ LYON ST,367020.1255,5031286.633,-75.70498204,45.41874808,2014-05-08,16:31,01 - Clear,01 - Dry,01 - Traffic signal,03 - At intersection,01 - Daylight,03 - P.D. only,04 - Sideswipe,Downtown
6753,LEBRUN ST @ DES PERES BLANCS AVE,370334.8115,5033955.821,-75.66227783,45.44246169,2014-05-08,16:00,01 - Clear,01 - Dry,02 - Stop sign,03 - At intersection,01 - Daylight,03 - P.D. only,02 - Angle,Vanier North
6754,DALY AVE @ NICHOLAS ST,368229.1228,5032047.522,-75.68943765,45.42548574,2014-05-09,11:00,01 - Clear,01 - Dry,01 - Traffic signal,03 - At intersection,01 - Daylight,03 - P.D. only,99 - Other,Byward Market - Parliament Hill
6755,DALY AVE @ NICHOLAS ST,368228.1749,5032046.574,-75.68944988,45.42547729,2014-05-09,17:30,01 - Clear,01 - Dry,01 - Traffic signal,02 - Intersection related,01 - Daylight,03 - P.D. only,04 - Sideswipe,Byward Market - Parliament Hill
6756,BANK ST btwn RIDEAU RD & TURN LANE,377296.9003,5016958.98,-75.57578737,45.28884577,2014-04-26,16:22,01 - Clear,01 - Dry,10 - No control,01 - Non intersection,01 - Daylight,03 - P.D. only,01 - Approaching,Greenbelt
6757,CARLING AVE btwn DEFENSE  RESEARCH COMPLEX & RIFLE RD,353566.3561,5023122.084,-75.87768257,45.34634987,2014-04-26,17:02,02 - Rain,02 - Wet,10 - No control,01 - Non intersection,01 - Daylight,03 - P.D. only,03 - Rear end,Greenbelt
6758,BANK ST btwn RIVERSIDE DR & BILLINGS TRANSIT,369413.338,5027776.299,-75.67486583,45.38694639,2014-02-15,14:13,01 - Clear,02 - Wet,10 - No control,04 - At/near private drive,01 - Daylight,03 - P.D. only,02 - Angle,Alta Vista
6759,GEORGE ST btwn BY WARD MARKET SQ & WILLIAM ST,368023.9679,5032214.287,-75.69203766,45.4270048,2014-04-04,11:30,01 - Clear,01 - Dry,10 - No control,01 - Non intersection,01 - Daylight,03 - P.D. only,06 - SMV unattended vehicle,Byward Market
6760,MONTREAL RD btwn GRANVILLE ST & ALFRED ST,370847.0926,5033485.966,-75.65579318,45.43818594,2014-04-28,7:25,01 - Clear,01 - Dry,10 - No control,01 - Non intersection,01 - Daylight,03 - P.D. only,04 - Sideswipe,Vanier South
6761,CARLING AVE @ CROYDON AVE,360660.1024,5025043.465,-75.78694733,45.36310932,2014-04-29,17:42,01 - Clear,01 - Dry,01 - Traffic signal,02 - Intersection related,01 - Daylight,03 - P.D. only,03 - Rear end,Whitehaven - Queensway Terrace North
6762,HAWTHORNE RD @ RUSSELL RD,374833.3694,5028068.359,-75.6056169,45.38905325,2014-05-07,11:00,01 - Clear,01 - Dry,01 - Traffic signal,03 - At intersection,01 - Daylight,03 - P.D. only,05 - Turning movement,Industrial Park
6763,INNES RD @ TENTH LINE RD,383953.1821,5036159.561,-75.4878665,45.46087973,2014-05-11,12:15,01 - Clear,01 - Dry,01 - Traffic signal,02 - Intersection related,01 - Daylight,03 - P.D. only,03 - Rear end,Queenswood Heights
6764,HWY 417 TERRYFO IC140R52 @ TERRY FOX DR,351051.8095,5018434.616,-75.91020732,45.30434126,2014-04-30,7:30,02 - Rain,02 - Wet,01 - Traffic signal,02 - Intersection related,01 - Daylight,03 - P.D. only,03 - Rear end,Katimavik - Hazeldean
6765,JEANNE D'ARC BLVD @ ORLEANS BLVD N,380029.2017,5038105.599,-75.5377373,45.4788222,2014-04-30,8:00,02 - Rain,02 - Wet,01 - Traffic signal,02 - Intersection related,01 - Daylight,03 - P.D. only,03 - Rear end,Orleans South West
6766,SUNNYSIDE AVE btwn GROSVENOR AVE & BANK ST,368706.8999,5028563.248,-75.68378444,45.39409193,2014-04-25,12:45,01 - Clear,01 - Dry,10 - No control,01 - Non intersection,01 - Daylight,03 - P.D. only,05 - Turning movement,Old Ottawa South
6767,ASHGROVE CRES btwn HIGGINS RD & WESTFIELD CRES,360926.897,5022011.496,-75.78388609,45.33580645,2014-04-25,17:45,01 - Clear,02 - Wet,10 - No control,04 - At/near private drive,01 - Daylight,03 - P.D. only,02 - Angle,Briar Green - Leslie Park
6768,INNES RD @ 215 W OF CYRVILLE RD/HOME DEPOT W,374863.4117,5031000.784,-75.60481668,45.41543471,2014-04-18,11:45,01 - Clear,01 - Dry,01 - Traffic signal,03 - At intersection,01 - Daylight,03 - P.D. only,02 - Angle,Industrial Park
6769,KING EDWARD AVE btwn MANN AVE & TEMPLETON ST,369170.2429,5031343.756,-75.67750425,45.41906754,2014-04-19,3:30,01 - Clear,01 - Dry,10 - No control,01 - Non intersection,07 - Dark,03 - P.D. only,04 - Sideswipe,Sandy Hill
6770,CANTERBURY AVE/SAUNDERSON DR @ HALIFAX DR,373235.7986,5028123.477,-75.62600912,45.3897071,2014-03-11,20:52,01 - Clear,01 - Dry,02 - Stop sign,02 - Intersection related,07 - Dark,03 - P.D. only,02 - Angle,Urbandale
6771,WELLINGTON ST    W btwn HINTON AVE N & HAMILTON AVE N,365068.081,5029225.456,-75.73017399,45.40037297,2014-04-11,10:34,01 - Clear,01 - Dry,10 - No control,01 - Non intersection,01 - Daylight,03 - P.D. only,04 - Sideswipe,Islan
6772,IRIS ST @ PINECREST SC,360639.2291,5023381.097,-75.78740152,45.34815305,2014-05-02,15:56,01 - Clear,01 - Dry,01 - Traffic signal,02 - Intersection related,01 - Daylight,03 - P.D. only,04 - Sideswipe,Iris
6773,PICKFORD DR/BELLEVIEW DR @ BACHMAN TER,353379.6287,5018483.724,-75.88052038,45.30462601,2014-05-02,16:45,01 - Clear,01 - Dry,02 - Stop sign,03 - At intersection,01 - Daylight,03 - P.D. only,02 - Angle,Katimavik - Hazeldean
6774,CYRVILLE RD @ LABRIE AVE,373401.2492,5031679.663,-75.62340163,45.4216878,2014-04-08,15:54,01 - Clear,01 - Dry,02 - Stop sign,02 - Intersection related,01 - Daylight,03 - P.D. only,03 - Rear end,Industrial Park
6775,JOHNSTON RD btwn KIWANIS CRT & PENNARD WAY,372279.8469,5025692.528,-75.63854837,45.36792713,2014-04-13,5:01,02 - Rain,02 - Wet,10 - No control,01 - Non intersection,07 - Dark,03 - P.D. only,07 - SMV other,South Keys - Heron Gate - Greenboro West
6776,CATHERINE ST @ KENT ST,367908.1814,5030188.564,-75.69377663,45.40878847,2014-04-08,19:51,01 - Clear,02 - Wet,01 - Traffic signal,03 - At intersection,05 - Dusk,03 - P.D. only,05 - Turning movement,Centretown
6777,INDUSTRIAL AVE/INNES RD @ ST. LAURENT BLVD,373099.2535,5030008.41,-75.62749174,45.40668021,2014-04-21,15:35,01 - Clear,01 - Dry,01 - Traffic signal,02 - Intersection related,01 - Daylight,03 - P.D. only,03 - Rear end,Industrial Park
6778,INDUSTRIAL AVE/INNES RD @ ST. LAURENT BLVD,373098.3056,5030005.567,-75.62750424,45.40665472,2014-05-07,7:36,01 - Clear,01 - Dry,01 - Traffic signal,02 - Intersection related,01 - Daylight,03 - P.D. only,03 - Rear end,Industrial Park
6779,AVIATION PKWY @ MONTREAL RD,372146.2427,5034109.531,-75.63910413,45.44367254,2014-05-08,8:15,01 - Clear,01 - Dry,01 - Traffic signal,02 - Intersection related,01 - Daylight,03 - P.D. only,03 - Rear end,Cummings
6780,CAMPEAU DR/HWY 417 MARCH IC138R63 @ MARCH RD,352843.9946,5020473.623,-75.88715734,45.32256839,2014-05-08,18:41,01 - Clear,01 - Dry,01 - Traffic signal,02 - Intersection related,01 - Daylight,03 - P.D. only,03 - Rear end,Greenbelt
6781,INNES RD @ TENTH LINE RD,383952.2342,5036159.561,-75.48787862,45.46087983,2014-05-09,17:58,01 - Clear,01 - Dry,01 - Traffic signal,02 - Intersection related,01 - Daylight,03 - P.D. only,03 - Rear end,Queenswood Heights
6782,CARMEN AVE btwn MCARTHUR AVE & STEVENS AVE,370917.1284,5032685.585,-75.65500558,45.43097784,2014-05-09,16:50,01 - Clear,01 - Dry,10 - No control,01 - Non intersection,01 - Daylight,03 - P.D. only,02 - Angle,Vanier South
6783,CARP RD @ RICHARDSON SIDE RD,346210.0296,5017159.509,-75.97205231,45.29316951,2014-04-29,13:30,01 - Clear,01 - Dry,01 - Traffic signal,03 - At intersection,01 - Daylight,03 - P.D. only,03 - Rear end,Stittsville - Basswood
6784,FIELD ST btwn WOODROFFE AVE & CHECKERS RD,362443.459,5024118.252,-75.76429259,45.35463996,2014-04-30,18:08,02 - Rain,02 - Wet,10 - No control,04 - At/near private drive,01 - Daylight,03 - P.D. only,06 - SMV unattended vehicle,Braemar Park - Bel Air Heights - Copeland Park
6785,WEST HUNT CLUB RD @ ROYDON PL/SUNDERLAND ST,365972.1414,5022170.536,-75.71950074,45.33681576,2014-04-17,16:56,01 - Clear,01 - Dry,01 - Traffic signal,03 - At intersection,01 - Daylight,03 - P.D. only,05 - Turning movement,Industrial Park
6786,NAVAN RD btwn INNES RD & ORLEANS BLVD,379807.7057,5033217.596,-75.54131565,45.43486749,2014-04-30,16:48,01 - Clear,01 - Dry,10 - No control,01 - Non intersection,01 - Daylight,03 - P.D. only,03 - Rear end,Greenbelt
6787,WOODKILTON RD btwn KILMAURS SIDE RD & KINBURN SIDE RD,336240.0791,5035752.555,-76.09797445,45.46099413,2014-05-02,21:30,01 - Clear,01 - Dry,10 - No control,01 - Non intersection,07 - Dark,03 - P.D. only,07 - SMV other,Woodlawn
6788,SPARTINA ST btwn WHITE ALDER AVE & BUFFLEHEAD WAY,374677.7948,5019884.777,-75.60876,45.31543638,2014-05-03,0:00,01 - Clear,01 - Dry,10 - No control,01 - Non intersection,00 - Unknown,03 - P.D. only,06 - SMV unattended vehicle,Greenbelt
6789,KANATA AVE/CASTLEFRANK RD @ AIRD PL,351810.8054,5019070.282,-75.90046901,45.31001076,2014-05-12,10:53,01 - Clear,01 - Dry,01 - Traffic signal,02 - Intersection related,01 - Daylight,03 - P.D. only,02 - Angle,Katimavik - Hazeldean
6790,DUNNING RD btwn COLONIAL RD & WATSON RD,394536.3397,5032310.498,-75.35326696,45.42497164,2014-05-12,16:56,01 - Clear,01 - Dry,10 - No control,01 - Non intersection,01 - Daylight,03 - P.D. only,06 - SMV unattended vehicle,Navan - Vars
6791,BANK ST SB btwn HUNT CLUB RD & 80 S OF HUNT CLUB RD/TOWNGATE PLAZA SC,371657.5517,5024094.61,-75.64670789,45.35360925,2014-05-13,16:30,01 - Clear,02 - Wet,10 - No control,01 - Non intersection,01 - Daylight,03 - P.D. only,04 - Sideswipe,South Keys - Heron Gate - Greenboro West
6792,ROCHESTER ST btwn PRIMROSE AVE & ELM ST,366399.335,5030388.668,-75.71302568,45.41072337,2014-05-13,23:33,01 - Clear,01 - Dry,10 - No control,01 - Non intersection,07 - Dark,03 - P.D. only,06 - SMV unattended vehicle,Centretown West
6793,ST. JOSEPH BLVD btwn YOUVILLE DR & NOTRE DAME ST W,379219.6301,5036171.413,-75.54838407,45.46150662,2014-04-30,11:45,02 - Rain,02 - Wet,10 - No control,01 - Non intersection,01 - Daylight,03 - P.D. only,04 - Sideswipe,Chapel Hill
6794,OLD MONTREAL RD btwn KING ARTHUR ST & QUIGLEY HILL RD,387866.9991,5041212.843,-75.43697411,45.50588928,2014-04-26,0:39,01 - Clear,01 - Dry,10 - No control,01 - Non intersection,07 - Dark,03 - P.D. only,07 - SMV other,Cumberland - Estates
6795,INNES RD btwn JEANNE D'ARC BLVD S & WILDFLOWER DR,382655.2892,5035576.085,-75.50455252,45.45577595,2014-04-29,15:20,01 - Clear,01 - Dry,10 - No control,01 - Non intersection,01 - Daylight,03 - P.D. only,04 - Sideswipe,Queenswood Heights
6796,ERINDALE DR @ BASELINE RD,363858.166,5024574.575,-75.74618362,45.35862817,2014-04-24,7:32,01 - Clear,01 - Dry,02 - Stop sign,03 - At intersection,01 - Daylight,03 - P.D. only,02 - Angle,Braemar Park - Bel Air Heights - Copeland Park
6797,ANNA AVE @ CARLING AVE,365198.1714,5027892.553,-75.72867563,45.38836858,2014-04-24,12:34,01 - Clear,01 - Dry,02 - Stop sign,03 - At intersection,01 - Daylight,03 - P.D. only,04 - Sideswipe,Carlington
6798,RIDEAU ST btwn AUGUSTA ST & COBOURG ST,369098.8484,5032769.566,-75.67823027,45.43190301,2014-03-28,23:04,02 - Rain,02 - Wet,10 - No control,01 - Non intersection,07 - Dark,03 - P.D. only,03 - Rear end,Lower Town
6799,REGIONAL ROAD 174 btwn MORIN RD & OLD MONTREAL RD,392520.2514,5042745.701,-75.37716243,45.51911029,2014-04-15,14:11,02 - Rain,02 - Wet,10 - No control,01 - Non intersection,01 - Daylight,03 - P.D. only,07 - SMV other,Cumberland - Estates
6800,RIVERSIDE DR @ HERON RD,368120.631,5026649.117,-75.69151704,45.37692237,2014-05-02,16:00,01 - Clear,01 - Dry,01 - Traffic signal,02 - Intersection related,01 - Daylight,03 - P.D. only,03 - Rear end,Riverside Park
6801,HAZELDEAN RD @ TERRY FOX DR,352207.3794,5017241.946,-75.8955866,45.29353228,2014-05-02,16:45,01 - Clear,01 - Dry,01 - Traffic signal,02 - Intersection related,01 - Daylight,03 - P.D. only,03 - Rear end,Glen Cairn - Kanata South Business Park
6802,BRONSON AVE btwn BREWER WAY & RIVERSIDE DR RAMPS 34B & 42A-3,368406.055,5027210.252,-75.6878008,45.38194546,2014-04-16,21:30,01 - Clear,01 - Dry,10 - No control,01 - Non intersection,07 - Dark,03 - P.D. only,04 - Sideswipe,Riverside Park
6803,BANK ST @ SOMERSET ST,367695.1768,5030917.46,-75.69640454,45.41536602,2014-04-17,23:01,01 - Clear,01 - Dry,01 - Traffic signal,02 - Intersection related,07 - Dark,03 - P.D. only,04 - Sideswipe,Centretown
6804,EAGLESON RD @ KATIMAVIK RD/TIMM DR,353216.0459,5019564.522,-75.88250064,45.31436256,2014-04-26,12:27,02 - Rain,02 - Wet,01 - Traffic signal,02 - Intersection related,01 - Daylight,03 - P.D. only,03 - Rear end,Katimavik - Hazeldean
6805,BANK ST btwn ALBION RD & SIEVERIGHT AVE,372174.5496,5024139.095,-75.64010422,45.35396003,2014-04-26,12:48,02 - Rain,02 - Wet,10 - No control,04 - At/near private drive,01 - Daylight,03 - P.D. only,05 - Turning movement,Blossom Park - Blossom Park West - Sawmill Creek/ Timbermill
6806,CATHERINE ST btwn BAY ST & HWY417 IC120B RAMP36,367735.8583,5030083.086,-75.69599135,45.40785493,2014-05-07,12:22,01 - Clear,01 - Dry,10 - No control,04 - At/near private drive,01 - Daylight,03 - P.D. only,05 - Turning movement,Centretown
6807,MEADOWLANDS DR @ MERIVALE RD,364860.1217,5023724.563,-75.7334991,45.35089477,2014-05-07,14:49,01 - Clear,01 - Dry,01 - Traffic signal,03 - At intersection,01 - Daylight,03 - P.D. only,02 - Angle,Cityview - Skyline - Fisher Heights
6808,YORK ST btwn WILLIAM ST & DALHOUSIE ST,368088.7125,5032415.082,-75.69118454,45.42880563,2014-05-08,19:10,01 - Clear,01 - Dry,10 - No control,01 - Non intersection,01 - Daylight,03 - P.D. only,99 - Other,Byward Market
6809,RICHARDSON SIDE RD btwn CARDEVCO RD & CARP RD,346041.9074,5016970.73,-75.97421135,45.29148069,2014-05-08,20:11,02 - Rain,02 - Wet,10 - No control,01 - Non intersection,05 - Dusk,03 - P.D. only,07 - SMV other,Stittsville - Basswood
6810,MCARTHUR AVE @ VANIER PKWY,370218.2311,5032688.69,-75.6639363,45.4310715,2014-05-07,18:30,01 - Clear,01 - Dry,01 - Traffic signal,02 - Intersection related,01 - Daylight,03 - P.D. only,03 - Rear end,Vanier South
6811,CASSELS ST btwn BRITANNIA RD & END,359843.9289,5026170.634,-75.79723938,45.37331611,2014-05-09,22:32,02 - Rain,02 - Wet,10 - No control,01 - Non intersection,07 - Dark,03 - P.D. only,07 - SMV other,Crystal Bay - Lakeview Park - Britannia Village
6812,BASELINE RD @ CENTREPOINTE DR E/HIGHGATE RD,362060.2648,5023466.453,-75.7692584,45.34880651,2014-05-01,20:35,01 - Clear,01 - Dry,01 - Traffic signal,03 - At intersection,05 - Dusk,03 - P.D. only,05 - Turning movement,Iris
6813,ST. LAURENT BLVD @ COVENTRY RD/OGILVIE RD,372306.1934,5031950.627,-75.6373557,45.42423234,2014-05-03,14:43,01 - Clear,01 - Dry,01 - Traffic signal,02 - Intersection related,01 - Daylight,03 - P.D. only,04 - Sideswipe,Overbrook
6814,RENAUD RD btwn Continuation of RENAUD RD & PERCIFOR WAY,380986.2838,5032223.148,-75.5264081,45.42579278,2014-05-12,17:53,01 - Clear,01 - Dry,10 - No control,01 - Non intersection,01 - Daylight,03 - P.D. only,03 - Rear end,Chapel Hill South
6815,INNES RD btwn BLAIR RD & ANDERSON RD,376022.9076,5031696.816,-75.58990333,45.42158015,2014-05-12,19:52,01 - Clear,01 - Dry,10 - No control,01 - Non intersection,05 - Dusk,03 - P.D. only,07 - SMV other,Greenbelt
6816,WOODROFFE AVE btwn HWY417 IC127 RAMP63 & HWY417 IC127 RAMP35,362121.0755,5024842.835,-75.76832283,45.36118613,2014-05-14,6:47,01 - Clear,01 - Dry,10 - No control,07 - Overpass or bridge,01 - Daylight,03 - P.D. only,04 - Sideswipe,Whitehaven - Queensway Terrace North
6817,KERRIA WALK btwn EVERLASTING CRES & EVERLASTING CRES,385264.8978,5038669.492,-75.47068524,45.4833118,2014-05-14,9:25,01 - Clear,01 - Dry,10 - No control,04 - At/near private drive,01 - Daylight,03 - P.D. only,06 - SMV unattended vehicle,Springridge
6818,REGIONAL ROAD 174 btwn OR174 IC112 RAMP26 & OR174 IC112 RAMP61,375016.4164,5033012.86,-75.6025752,45.43352292,2014-03-28,5:30,03 - Snow,06 - Ice,10 - No control,01 - Non intersection,03 - Dawn,03 - P.D. only,07 - SMV other,Beacon Hill South - Cardinal Heights
6819,HOWE ST btwn BRITANNIA RD & POULIN AVE,359940.6574,5025329.058,-75.79609845,45.36573604,2014-03-30,11:00,03 - Snow,03 - Loose snow,10 - No control,01 - Non intersection,01 - Daylight,03 - P.D. only,06 - SMV unattended vehicle,Crystal Bay - Lakeview Park - Britannia Village
6820,HUNT CLUB RD @ DOWNPATRICK RD/MCCARTHY RD,370509.1562,5023400.509,-75.66145532,45.34747249,2014-04-30,11:30,02 - Rain,02 - Wet,01 - Traffic signal,02 - Intersection related,01 - Daylight,03 - P.D. only,03 - Rear end,Hunt Club East - Western Community
6821,BLAIR RD @ REGIONAL RD 174 S/OR174 IC112 RAMP15,374907.0284,5032662.166,-75.60402303,45.43037855,2014-04-29,21:15,02 - Rain,02 - Wet,01 - Traffic signal,02 - Intersection related,07 - Dark,03 - P.D. only,03 - Rear end,Pineview
6822,FALLOWFIELD RD btwn ASHDALE AVE & PRINCE OF WALES DR,367228.6525,5019061.083,-75.70386236,45.30872671,2014-04-30,12:21,02 - Rain,02 - Wet,10 - No control,01 - Non intersection,01 - Daylight,03 - P.D. only,03 - Rear end,Greenbelt
6823,EAGLESON RD @ HAZELDEAN RD/ROBERTSON RD,353673.151,5018422.564,-75.87678368,45.30405532,2014-04-24,16:46,01 - Clear,01 - Dry,01 - Traffic signal,02 - Intersection related,01 - Daylight,03 - P.D. only,03 - Rear end,Greenbelt
6824,BASELINE RD btwn CONSTELLATION CRES & WOODROFFE AVE,362478.1262,5023726.903,-75.76389582,45.35111578,2014-04-26,20:07,02 - Rain,02 - Wet,10 - No control,01 - Non intersection,07 - Dark,03 - P.D. only,07 - SMV other,Iris
6825,WOODROFFE AVE btwn EARL MULLIGAN DR & LONGFIELDS DR,365344.9368,5017284.652,-75.72809964,45.29290742,2014-04-08,22:56,01 - Clear,01 - Dry,10 - No control,01 - Non intersection,07 - Dark,03 - P.D. only,04 - Sideswipe,Greenbelt
6826,BRONSON AVE @ RENFREW AVE,367355.2898,5029549.667,-75.70092033,45.40308949,2014-04-16,6:30,01 - Clear,01 - Dry,02 - Stop sign,03 - At intersection,01 - Daylight,03 - P.D. only,04 - Sideswipe,Centretown West
6827,FRANK ST @ O'CONNOR ST,368052.1146,5030697.695,-75.6918727,45.41335647,2014-04-17,14:46,01 - Clear,01 - Dry,02 - Stop sign,03 - At intersection,01 - Daylight,03 - P.D. only,02 - Angle,Centretown
6828,BOUNDARY RD btwn MITCH OWENS RD & DEVINE RD,388158.0736,5021935.683,-75.43651105,45.33241784,2014-05-02,21:25,01 - Clear,01 - Dry,10 - No control,01 - Non intersection,07 - Dark,03 - P.D. only,07 - SMV other,Metcalfe
6829,BRANT ST @ MCARTHUR AVE,371261.2977,5032804.629,-75.65059142,45.43201632,2014-05-02,22:25,01 - Clear,01 - Dry,01 - Traffic signal,03 - At intersection,07 - Dark,03 - P.D. only,05 - Turning movement,Vanier South
6830,CUMMINGS AVE btwn QUEBEC ST & BURN ST,372317.288,5033263.523,-75.63703393,45.43604408,2014-04-23,12:44,01 - Clear,01 - Dry,10 - No control,04 - At/near private drive,01 - Daylight,03 - P.D. only,05 - Turning movement,Cummings
6831,RIVERSIDE DR @ WALKLEY RD,368418.25,5024852.581,-75.68794875,45.36073066,2014-04-22,14:30,01 - Clear,01 - Dry,01 - Traffic signal,02 - Intersection related,01 - Daylight,03 - P.D. only,03 - Rear end,Riverside Park
6832,GREENBANK RD @ STRANDHERD DR,363934.1578,5014783.469,-75.74638241,45.27052191,2014-04-27,15:15,01 - Clear,01 - Dry,01 - Traffic signal,02 - Intersection related,01 - Daylight,03 - P.D. only,03 - Rear end,New Barrhaven
6833,SOMERSET ST    W btwn BANK ST & O'CONNOR ST,367724.0023,5030936.657,-75.69603383,45.41553616,2014-05-07,16:30,01 - Clear,01 - Dry,10 - No control,01 - Non intersection,01 - Daylight,03 - P.D. only,99 - Other,Centretown
6834,MONTREAL RD btwn OLMSTEAD ST & Continuation of MONTREAL RD,370341.2071,5033218.993,-75.6622942,45.43583143,2014-05-07,16:00,01 - Clear,01 - Dry,10 - No control,04 - At/near private drive,01 - Daylight,03 - P.D. only,02 - Angle,Vanier South
6835,OLD ST. PATRICK ST btwn PATRO ST & COBOURG ST,368814.5079,5033170.439,-75.68181178,45.435536,2014-05-08,20:37,02 - Rain,02 - Wet,10 - No control,01 - Non intersection,05 - Dusk,03 - P.D. only,06 - SMV unattended vehicle,Lower Town