Record,Location,X,Y,lon,lat,Date,Time,Environment,Road_Surface,Traffic_Control,Collision_Location,Light,Collision_Classification,Impact_type,Neighborhood
6836,PRINCE OF WALES DR @ WEST HUNT CLUB RD,367458.2364,5021892.451,-75.7005766,45.33418246,2014-05-09,7:45,01 - Clear,01 - Dry,01 - Traffic signal,02 - Intersection related,01 - Daylight,03 - P.D. only,03 - Rear end,Industrial Park
6837,JEANNE D'ARC BLVD @ FORTUNE DR/VINEYARD DR,379238.2547,5037374.65,-75.54796371,45.47233046,2014-05-10,9:50,01 - Clear,01 - Dry,01 - Traffic signal,02 - Intersection related,01 - Daylight,03 - P.D. only,04 - Sideswipe,Orleans South West
6838,MAXWELL BRIDGE RD btwn MARCH RD & WINDANCE CRES,349141.5247,5024551.439,-75.93401765,45.35950522,2014-05-13,9:44,01 - Clear,01 - Dry,10 - No control,01 - Non intersection,01 - Daylight,03 - P.D. only,06 - SMV unattended vehicle,South March
6839,BLAIR RD @ OGILVIE RD,374507.2498,5033197.627,-75.60905582,45.43523629,2014-05-13,12:40,01 - Clear,01 - Dry,01 - Traffic signal,02 - Intersection related,01 - Daylight,03 - P.D. only,03 - Rear end,Industrial Park
6840,GLEN PARK DR btwn BEDDOE LANE & COMPATA WAY,377915.7897,5032565.925,-75.56558999,45.42920456,2014-02-18,15:56,03 - Snow,05 - Packed snow,10 - No control,01 - Non intersection,01 - Daylight,03 - P.D. only,01 - Approaching,Blackburn Hamlet
6841,ALTA VISTA DR @ SMYTH RD,370434.1377,5029080.61,-75.66165776,45.3985872,2014-04-01,18:04,01 - Clear,01 - Dry,01 - Traffic signal,03 - At intersection,01 - Daylight,03 - P.D. only,05 - Turning movement,Alta Vista
6842,CHARLOTTE ST @ RIDEAU ST,369251.1308,5032859.592,-75.67627245,45.43269901,2014-04-02,14:45,01 - Clear,01 - Dry,01 - Traffic signal,02 - Intersection related,01 - Daylight,03 - P.D. only,03 - Rear end,Lower Town
6843,LABELLE ST/RAMP @ LEMIEUX ST/HWY417 IC115 RAMP,372542.1943,5031686.673,-75.63437655,45.42183459,2014-06-06,16:16,01 - Clear,01 - Dry,02 - Stop sign,03 - At intersection,01 - Daylight,03 - P.D. only,02 - Angle,Cummings
6844,LEMIEUX ST @ ST. LAURENT BLVD,372390.3029,5031742.564,-75.63630956,45.42235216,2014-06-09,13:43,01 - Clear,01 - Dry,01 - Traffic signal,02 - Intersection related,01 - Daylight,03 - P.D. only,04 - Sideswipe,Overbrook
6845,GLENLIVET AVE @ RENAUD RD,382141.017,5032935.209,-75.51154202,45.43207262,2014-04-30,12:00,02 - Rain,02 - Wet,,02 - Intersection related,01 - Daylight,03 - P.D. only,02 - Angle,Chapel Hill South
6846,GLADSTONE AVE @ LYON ST,367583.2396,5030361.571,-75.6979054,45.41037436,2014-04-30,12:42,02 - Rain,02 - Wet,01 - Traffic signal,03 - At intersection,01 - Daylight,03 - P.D. only,02 - Angle,Centretown
6847,INNES RD EB btwn ORLEANS BLVD & INNES RD,380493.4965,5034297.351,-75.53238566,45.44450841,2014-04-29,11:45,01 - Clear,01 - Dry,10 - No control,01 - Non intersection,01 - Daylight,03 - P.D. only,03 - Rear end,Chapel Hill South
6848,INNES RD @ TENTH LINE RD,383951.2864,5036159.561,-75.48789073,45.46087994,2014-04-16,15:54,01 - Clear,01 - Dry,01 - Traffic signal,02 - Intersection related,01 - Daylight,03 - P.D. only,02 - Angle,Queenswood Heights
6849,LAURIER AVE @ NICHOLAS ST,368375.0588,5031798.27,-75.68760509,45.42322981,2014-04-17,20:30,01 - Clear,01 - Dry,01 - Traffic signal,02 - Intersection related,07 - Dark,03 - P.D. only,03 - Rear end,Sandy Hill
6850,ALTA VISTA DR btwn CLUNY ST & ABBEY RD,370634.3287,5030042.616,-75.65897258,45.40722416,2014-05-01,8:45,02 - Rain,02 - Wet,10 - No control,01 - Non intersection,01 - Daylight,03 - P.D. only,03 - Rear end,Elmvale - Eastway - Riverview - Riverview Park West
6851,WALGATE AVE btwn MULVAGH AVE & CHARKAY ST,365295.3434,5024134.202,-75.72789508,45.35454323,2014-04-25,15:52,01 - Clear,01 - Dry,10 - No control,01 - Non intersection,01 - Daylight,03 - P.D. only,01 - Approaching,Borden Farm - Stewart Farm - Parkwood Hills - Fisher Glen
6852,HIGHPOINTE CRES btwn HOLLOWBROOK DR & HOLLOWBROOK DR,365442.1203,5015307.697,-75.72710234,45.27511048,2014-04-26,2:00,02 - Rain,02 - Wet,10 - No control,01 - Non intersection,07 - Dark,03 - P.D. only,07 - SMV other,New Barrhaven
6853,INNES RD @ STAR TOP RD/WINDMILL LANE,374148.7922,5030664.902,-75.61399335,45.4124838,2014-04-28,17:10,01 - Clear,01 - Dry,01 - Traffic signal,02 - Intersection related,01 - Daylight,03 - P.D. only,03 - Rear end,Industrial Park
6854,BRONSON AVE btwn CARLING AVE & FIRST AVE,367463.4109,5029302.666,-75.69957071,45.40085738,2014-04-29,12:30,01 - Clear,01 - Dry,10 - No control,01 - Non intersection,01 - Daylight,03 - P.D. only,03 - Rear end,The Glebe
6855,BAYSHORE DR btwn WOODRIDGE CRES S & BAYSHORE CS,359226.56,5023522.776,-75.80541251,45.34953893,2014-05-09,10:07,01 - Clear,01 - Dry,10 - No control,01 - Non intersection,01 - Daylight,03 - P.D. only,04 - Sideswipe,Bayshore
6856,DIDSBURY RD btwn TERRY FOX DR & END,350590.8542,5018888.526,-75.91604307,45.30845587,2014-05-06,12:25,01 - Clear,01 - Dry,10 - No control,04 - At/near private drive,01 - Daylight,03 - P.D. only,05 - Turning movement,Kanata Lakes - Marchwood Lakeside - Morgan's Grant - Kanata
6857,MONTREAL RD btwn PALACE ST & VANIER PKWY,370044.7477,5033050.426,-75.66610529,45.43434246,2014-05-06,16:01,01 - Clear,01 - Dry,10 - No control,04 - At/near private drive,01 - Daylight,03 - P.D. only,05 - Turning movement,Vanier
6858,BASELINE RD btwn FISHER AVE & LEXINGTON ST,366338.9451,5026136.153,-75.71432749,45.37246558,2014-01-20,16:41,01 - Clear,01 - Dry,10 - No control,01 - Non intersection,05 - Dusk,03 - P.D. only,03 - Rear end,Civic Hospital - Experimental Farm - Central Park
6859,CARLING AVE EB OFF RAMP/OTTAWA RIVER PKWY btwn CARLING AVE & OTTAWA RI,360919.8483,5025181.051,-75.78361631,45.36432657,2014-05-23,17:00,01 - Clear,01 - Dry,10 - No control,01 - Non intersection,01 - Daylight,03 - P.D. only,03 - Rear end,Whitehaven - Queensway Terrace North
6860,CAMERON ST @ REGIONAL RD 174,389860.2997,5042617.564,-75.41122632,45.51828705,2014-04-30,9:52,02 - Rain,02 - Wet,01 - Traffic signal,03 - At intersection,01 - Daylight,03 - P.D. only,02 - Angle,Cumberland - Estates
6861,HWY 417 VANIER IC117R63 @ VANIER PKWY,370798.7606,5031397.898,-75.65669072,45.41940296,2014-04-30,13:30,02 - Rain,02 - Wet,01 - Traffic signal,02 - Intersection related,01 - Daylight,03 - P.D. only,03 - Rear end,Overbrook
6862,ARLINGTON AVE btwn KENT ST & BANK ST,367928.1233,5030296.647,-75.69350805,45.40975917,2014-05-18,0:00,01 - Clear,01 - Dry,10 - No control,01 - Non intersection,00 - Unknown,03 - P.D. only,06 - SMV unattended vehicle,Centretown
6863,MACLAREN ST btwn BANK ST & O'CONNOR ST,367753.8711,5030850.641,-75.69566323,45.41475953,2014-04-22,0:00,01 - Clear,01 - Dry,10 - No control,01 - Non intersection,00 - Unknown,03 - P.D. only,06 - SMV unattended vehicle,Centretown
6864,OGILVIE RD @ MATHESON RD/PALMERSTON DR,373379.688,5032536.008,-75.62355788,45.42939488,2014-05-23,17:38,01 - Clear,01 - Dry,01 - Traffic signal,02 - Intersection related,01 - Daylight,03 - P.D. only,03 - Rear end,Industrial Park
6865,GOLDENEYE WAY btwn NAKINA WAY & NORTH BLUFF DR,369455.1235,5016279.444,-75.67583427,45.28349657,2014-02-18,22:00,01 - Clear,03 - Loose snow,10 - No control,01 - Non intersection,07 - Dark,03 - P.D. only,07 - SMV other,Gloucester
6866,COBOURG ST @ HENEY ST,368991.7098,5032992.345,-75.67957037,45.43391733,2014-03-07,11:10,01 - Clear,01 - Dry,02 - Stop sign,02 - Intersection related,01 - Daylight,03 - P.D. only,03 - Rear end,Lower Town
6867,ROLLING MEADOW CRES btwn ESTERBROOK DR & KNOTRIDGE ST,381857.1948,5032510.469,-75.51523533,45.42828247,2014-05-18,0:00,01 - Clear,01 - Dry,10 - No control,01 - Non intersection,07 - Dark,03 - P.D. only,06 - SMV unattended vehicle,Chapel Hill South
6868,CHARLEMAGNE BLVD @ GARDENWAY DR/BOTTRIELL WAY ,384049.2847,5037033.617,-75.48649691,45.46873278,2014-05-17,15:03,01 - Clear,01 - Dry,01 - Traffic signal,03 - At intersection,01 - Daylight,03 - P.D. only,02 - Angle,Fallingbrook
6869,GILLES ST @ HERON RD,369761.0883,5026818.536,-75.67055144,45.37829658,2014-05-20,9:36,01 - Clear,01 - Dry,02 - Stop sign,02 - Intersection related,01 - Daylight,03 - P.D. only,03 - Rear end,Alta Vista
6870,BEECHWOOD AVE @ CHARLEVOIX ST/MACKAY ST,369187.2928,5033593.299,-75.67699229,45.4393065,2014-05-06,5:17,01 - Clear,01 - Dry,01 - Traffic signal,02 - Intersection related,07 - Dark,03 - P.D. only,03 - Rear end,Vanier North
6871,PERTH ST btwn SHEA RD & EAGLESON RD,357682.382,5007129.081,-75.82686414,45.20214388,2014-05-16,14:57,02 - Rain,02 - Wet,10 - No control,01 - Non intersection,01 - Daylight,03 - P.D. only,07 - SMV other,Munster Hamlet - Richmond
6872,CARLING AVE @ CROYDON AVE,360657.2588,5025039.674,-75.78698405,45.36307544,2014-05-15,15:00,01 - Clear,01 - Dry,01 - Traffic signal,02 - Intersection related,01 - Daylight,03 - P.D. only,04 - Sideswipe,Whitehaven - Queensway Terrace North
6873,KING EDWARD AVE SB btwn YORK ST & GEORGE ST,368419.9169,5032551.338,-75.68693465,45.43000157,2014-05-16,13:30,01 - Clear,01 - Dry,10 - No control,01 - Non intersection,01 - Daylight,03 - P.D. only,06 - SMV unattended vehicle,Byward Market
6874,BRUYERE ST btwn KING EDWARD AVE & ROSE ST,368167.7172,5033055.706,-75.69009254,45.43456258,2014-05-22,10:46,01 - Clear,01 - Dry,10 - No control,04 - At/near private drive,01 - Daylight,03 - P.D. only,06 - SMV unattended vehicle,Lower Town
6875,GURDWARA RD btwn LASER ST & END (2),367224.6257,5022178.229,-75.70352077,45.33677466,2014-05-22,0:00,01 - Clear,01 - Dry,10 - No control,01 - Non intersection,00 - Unknown,03 - P.D. only,06 - SMV unattended vehicle,Industrial Park
6876,POWELL AVE btwn LYON ST S & BANK ST,368107.6586,5029910.688,-75.69126419,45.40627021,2014-05-22,13:00,01 - Clear,01 - Dry,10 - No control,01 - Non intersection,01 - Daylight,03 - P.D. only,06 - SMV unattended vehicle,The Glebe
6877,BANK ST btwn SOMERSET ST W & MACLAREN ST,367706.565,5030901.782,-75.69626105,45.41522393,2014-05-15,11:08,01 - Clear,01 - Dry,10 - No control,01 - Non intersection,01 - Daylight,03 - P.D. only,04 - Sideswipe,Centretown
6878,CARP RD btwn KITTIWAKE DR & HAZELDEAN RD,348691.1144,5014467.354,-75.94065985,45.26879396,2014-02-14,16:45,03 - Snow,03 - Loose snow,10 - No control,04 - At/near private drive,05 - Dusk,03 - P.D. only,02 - Angle,Stittsville
6879,FLEWELLYN RD @ SHEA RD,352993.8729,5012174.393,-75.88605172,45.24787952,2014-05-16,8:00,02 - Rain,02 - Wet,02 - Stop sign,03 - At intersection,01 - Daylight,03 - P.D. only,02 - Angle,Stittsville - Basswood
6880,MERIVALE RD btwn CENTRAL PARK DR S & MERIVALE RD,365042.8481,5025379.543,-75.73096561,45.36577035,2014-05-16,10:07,02 - Rain,02 - Wet,10 - No control,01 - Non intersection,01 - Daylight,03 - P.D. only,07 - SMV other,Civic Hospital - Experimental Farm - Central Park
6881,VALENCIA ST btwn RAFFEALLO ST & CRESTHAVEN DR,366879.563,5015895.825,-75.70870999,45.28027698,2014-05-23,20:00,01 - Clear,01 - Dry,10 - No control,01 - Non intersection,05 - Dusk,03 - P.D. only,06 - SMV unattended vehicle,Chapman Mills - Rideau Crest - Davidson Heights
6882,GRANT ST btwn PARKDALE AVE & MCCORMICK ST,365205.4666,5029389.361,-75.7283992,45.40183591,2014-05-24,10:45,01 - Clear,01 - Dry,10 - No control,01 - Non intersection,01 - Daylight,03 - P.D. only,06 - SMV unattended vehicle,Islan
6883,INNES RD @ PROVENCE AVE,386111.6105,5037082.064,-75.46011854,45.46893162,2014-05-24,13:18,01 - Clear,01 - Dry,01 - Traffic signal,02 - Intersection related,01 - Daylight,03 - P.D. only,03 - Rear end,Notting Hill
6884,WEIR RD btwn ANDERSON RD & END,377706.0123,5031690.6,-75.56840012,45.42135084,2014-05-23,0:30,01 - Clear,01 - Dry,10 - No control,01 - Non intersection,07 - Dark,03 - P.D. only,07 - SMV other,Greenbelt
6885,CARLING AVE WB btwn POULIN AVE & ALPINE AVE,360477.2457,5024930.197,-75.78929407,45.36210469,2014-05-23,17:30,01 - Clear,02 - Wet,10 - No control,01 - Non intersection,01 - Daylight,03 - P.D. only,03 - Rear end,Whitehaven - Queensway Terrace North
6886,KESLER AVE btwn WILLETH AVE & HILLIARD AVE,366088.6341,5025769.212,-75.71756845,45.36918586,2014-05-23,21:00,01 - Clear,01 - Dry,10 - No control,01 - Non intersection,07 - Dark,03 - P.D. only,06 - SMV unattended vehicle,Cityview - Skyline - Fisher Heights
6887,CAMPEAU DR @ TERRY FOX DR,350456.0746,5019010.455,-75.91775055,45.30956179,2014-05-27,14:10,01 - Clear,01 - Dry,01 - Traffic signal,03 - At intersection,01 - Daylight,03 - P.D. only,02 - Angle,Kanata
6888,BOOTH ST @ GLADSTONE AVE,366768.2315,5029849.614,-75.70838098,45.40584055,2014-05-01,18:17,01 - Clear,01 - Dry,01 - Traffic signal,03 - At intersection,01 - Daylight,03 - P.D. only,02 - Angle,Centretown West
6889,HUNT CLUB RD @ DOWNPATRICK RD/MCCARTHY RD,370508.2083,5023399.561,-75.66146754,45.34746405,2014-05-02,20:35,01 - Clear,01 - Dry,01 - Traffic signal,03 - At intersection,05 - Dusk,03 - P.D. only,05 - Turning movement,Hunt Club East - Western Community
6890,METCALFE ST @ WELLINGTON ST,367565.6992,5031818.342,-75.69794392,45.42348349,2014-05-18,15:42,01 - Clear,01 - Dry,01 - Traffic signal,02 - Intersection related,01 - Daylight,03 - P.D. only,03 - Rear end,Downtown
6891,GLOUCESTER ST @ LYON ST,367194.5781,5031001.573,-75.70278929,45.41616766,2014-05-18,17:35,01 - Clear,01 - Dry,01 - Traffic signal,03 - At intersection,01 - Daylight,03 - P.D. only,02 - Angle,Downtown
6892,CAHILL DR @ HUNT CLUB RD,372407.2277,5024542.763,-75.6370797,45.3575697,2014-05-23,19:50,01 - Clear,02 - Wet,01 - Traffic signal,02 - Intersection related,01 - Daylight,03 - P.D. only,02 - Angle,Greenboro East
6893,PRIAM WAY @ WESTCLIFFE RD,356547.1282,5019851.414,-75.83998872,45.31670647,2014-05-23,22:32,01 - Clear,01 - Dry,02 - Stop sign,02 - Intersection related,07 - Dark,03 - P.D. only,03 - Rear end,Bells Corners West
6894,DEAKIN ST btwn MACFARLANE RD & PRINCE OF WALES DR,367369.3841,5021530.123,-75.70175591,45.33093023,2014-03-20,16:40,00 - Unknown,01 - Dry,10 - No control,01 - Non intersection,01 - Daylight,03 - P.D. only,04 - Sideswipe,Industrial Park
6895,MEADOWLANDS DR @ VIEWMOUNT DR,363741.2237,5023107.169,-75.74785106,45.34543445,2014-05-20,12:15,01 - Clear,01 - Dry,01 - Traffic signal,02 - Intersection related,01 - Daylight,03 - P.D. only,04 - Sideswipe,Crestview - Meadowlands
6896,FRENCH HILL RD @ SARSFIELD RD,393612.2626,5038174.9,-75.36401451,45.47785008,2014-05-20,14:07,01 - Clear,01 - Dry,02 - Stop sign,03 - At intersection,01 - Daylight,03 - P.D. only,02 - Angle,Cumberland - Estates
6897,MANSFIELD RD btwn CONLEY RD & HUNTLEY RD,351902.0768,5007394.776,-75.90041181,45.20494465,2014-05-08,20:40,02 - Rain,02 - Wet,10 - No control,01 - Non intersection,07 - Dark,03 - P.D. only,07 - SMV other,Munster Hamlet - Richmond
6898,BASELINE RD @ FISHER AVE,366165.2718,5026028.533,-75.71655795,45.37151247,2014-05-09,18:15,01 - Clear,01 - Dry,01 - Traffic signal,02 - Intersection related,01 - Daylight,03 - P.D. only,03 - Rear end,Civic Hospital - Experimental Farm - Central Park
6899,REGIONAL ROAD 174 btwn OR174 IC109 RAMP56 & OR174 IC109 RAMP86,376340.3758,5034726.59,-75.58540692,45.44880781,2014-05-16,17:56,02 - Rain,02 - Wet,10 - No control,01 - Non intersection,01 - Daylight,03 - P.D. only,07 - SMV other,Greenbelt
6900,GREENBANK RD btwn HIGHBURY PARK DR & WESSEX RD,363708.9898,5015318.131,-75.74918831,45.27535171,2014-05-16,16:30,02 - Rain,02 - Wet,10 - No control,01 - Non intersection,01 - Daylight,03 - P.D. only,03 - Rear end,New Barrhaven
6901,PLYMOUTH ST btwn CAMBRIDGE ST S & BRONSON AVE,367271.5369,5029615.953,-75.70198168,45.4036934,2014-05-18,14:43,01 - Clear,01 - Dry,10 - No control,01 - Non intersection,01 - Daylight,03 - P.D. only,06 - SMV unattended vehicle,The Glebe Annex
6902,BASELINE RD @ WOODROFFE AVE,362552.0599,5023770.505,-75.76294724,45.35150202,2014-05-22,11:38,01 - Clear,01 - Dry,01 - Traffic signal,02 - Intersection related,01 - Daylight,03 - P.D. only,03 - Rear end,Iris
6903,BANK ST btwn 73 N OF EVANS BLVD & EVANS AVE,369900.8307,5027090.433,-75.66873149,45.38073005,2014-05-22,11:55,01 - Clear,01 - Dry,10 - No control,04 - At/near private drive,01 - Daylight,03 - P.D. only,03 - Rear end,Alta Vista
6904,INNES RD btwn JEANNE D'ARC BLVD S & WILDFLOWER DR,382780.4076,5035630.113,-75.50294445,45.4562481,2014-05-22,15:58,01 - Clear,01 - Dry,10 - No control,01 - Non intersection,01 - Daylight,03 - P.D. only,03 - Rear end,Queenswood Heights
6905,KING EDWARD AVE @ ST. PATRICK ST,368248.8243,5032823.68,-75.68908591,45.43246754,2014-05-21,21:30,01 - Clear,01 - Dry,01 - Traffic signal,02 - Intersection related,07 - Dark,03 - P.D. only,03 - Rear end,Byward Market
6906,INDUSTRIAL AVE @ RUSSELL RD,372466.2025,5030278.605,-75.63554081,45.40917279,2014-03-04,18:45,02 - Rain,02 - Wet,01 - Traffic signal,03 - At intersection,05 - Dusk,03 - P.D. only,05 - Turning movement,Industrial Park
6907,COLDREY AVE @ LAPERRIERE AVE,364312.2293,5026828.994,-75.7401169,45.3788747,2014-03-06,16:25,01 - Clear,01 - Dry,02 - Stop sign,03 - At intersection,01 - Daylight,03 - P.D. only,03 - Rear end,Carlington
6908,CARLING AVE @ CARLINGWOOD SC,362073.486,5025920.924,-75.76880527,45.37089057,2014-05-22,17:20,01 - Clear,01 - Dry,01 - Traffic signal,03 - At intersection,01 - Daylight,03 - P.D. only,05 - Turning movement,Carlingwood West - Glabar Park - McKellar Heights
6909,FIFTH AVE btwn GORDON ST & CHRYSLER ST,367791.843,5029039.609,-75.6954095,45.398461,2014-05-24,14:00,01 - Clear,01 - Dry,10 - No control,01 - Non intersection,01 - Daylight,03 - P.D. only,06 - SMV unattended vehicle,The Glebe
6910,LIMEBANK RD @ SPRATT RD,369776.9993,5016879.49,-75.67165313,45.28886601,2014-05-22,19:11,01 - Clear,01 - Dry,01 - Traffic signal,03 - At intersection,01 - Daylight,03 - P.D. only,05 - Turning movement,Gloucester
6911,ELGIN ST btwn MCLEOD ST & PARK AVE,368461.1211,5030724.924,-75.68664412,45.41356438,2014-09-28,13:59,01 - Clear,01 - Dry,10 - No control,01 - Non intersection,01 - Daylight,03 - P.D. only,06 - SMV unattended vehicle,Golden Triangle
6912,INDUSTRIAL AVE/INNES RD @ ST. LAURENT BLVD,373099.2535,5030006.515,-75.627492,45.40666316,2014-05-27,15:32,01 - Clear,01 - Dry,01 - Traffic signal,03 - At intersection,01 - Daylight,03 - P.D. only,03 - Rear end,Industrial Park
6913,CARLING AVE WB btwn SHERBOURNE RD & BROADVIEW AVE,363164.4635,5026628.656,-75.7547946,45.37716864,2014-05-27,15:47,01 - Clear,01 - Dry,10 - No control,01 - Non intersection,01 - Daylight,03 - P.D. only,03 - Rear end,Carlingwood - McKellar Park - Laurentien View
6914,HAWTHORNE RD @ HUNT CLUB RD,375505.3802,5026405.581,-75.59727398,45.37402488,2014-09-10,15:51,01 - Clear,01 - Dry,01 - Traffic signal,03 - At intersection,01 - Daylight,03 - P.D. only,05 - Turning movement,Industrial Park
6915,PARKDALE AVE @ SCOTT ST,364949.2297,5029726.56,-75.73163087,45.40489201,2014-05-18,17:38,01 - Clear,01 - Dry,01 - Traffic signal,03 - At intersection,01 - Daylight,03 - P.D. only,05 - Turning movement,Islan
6916,ST. LAURENT BLVD @ MCARTHUR AVE,371921.719,5032888.335,-75.64214044,45.4327064,2014-05-18,22:01,01 - Clear,01 - Dry,01 - Traffic signal,03 - At intersection,07 - Dark,03 - P.D. only,02 - Angle,Cummings
6917,ST. JOSEPH BLVD @ JEANNE D'ARC BLVD,379860.2686,5036471.581,-75.54014744,45.46413877,2014-11-09,15:06,01 - Clear,01 - Dry,11 - Roundabout,03 - At intersection,01 - Daylight,03 - P.D. only,02 - Angle,Chapel Hill
6918,BENTLEY AVE btwn GIFFORD ST & END,366649.9906,5022139.62,-75.7108567,45.33647815,2014-04-03,10:03,01 - Clear,01 - Dry,10 - No control,04 - At/near private drive,01 - Daylight,03 - P.D. only,02 - Angle,Industrial Park
6919,MAIN ST @ OBLATE AVE,369105.3363,5030312.514,-75.67846806,45.40979476,2014-05-20,15:56,01 - Clear,01 - Dry,01 - Traffic signal,02 - Intersection related,01 - Daylight,03 - P.D. only,04 - Sideswipe,Old Ottawa East
6920,GREGORY CRT btwn OGILVIE RD & END,375684.9818,5034342.078,-75.59384001,45.44541498,2014-01-15,7:30,01 - Clear,02 - Wet,10 - No control,01 - Non intersection,03 - Dawn,03 - P.D. only,07 - SMV other,Beacon Hill South - Cardinal Heights
6921,"OLD MONTREAL RD btwn GRAND-CH-NE, COUR DU CRT & TED KELLY LANE",386185.8127,5040803.326,-75.45855293,45.50240306,2014-01-16,10:58,01 - Clear,01 - Dry,10 - No control,01 - Non intersection,01 - Daylight,03 - P.D. only,07 - SMV other,Cumberland - Estates
6922,BLAIR RD @ INNES RD,375581.1046,5031437.659,-75.59558528,45.41929324,2014-05-10,17:00,01 - Clear,01 - Dry,01 - Traffic signal,02 - Intersection related,01 - Daylight,03 - P.D. only,03 - Rear end,Greenbelt
6923,DONNELLY DR btwn MERLYN WILSON RD & MCCORDICK RD,369876.301,4991385.382,-75.67371154,45.05946059,2014-05-11,4:30,01 - Clear,01 - Dry,10 - No control,01 - Non intersection,07 - Dark,03 - P.D. only,07 - SMV other,Munster Hamlet - Richmond
6924,BRIGADE AVE @ STITTSVILLE MAIN ST,350952.0123,5012497.354,-75.91203187,45.25092249,2014-05-05,16:30,01 - Clear,01 - Dry,02 - Stop sign,02 - Intersection related,01 - Daylight,03 - P.D. only,03 - Rear end,Stittsville
6925,BREWER RD @ BRONSON AVE,368110.4689,5027763.592,-75.69150385,45.38695103,2014-05-19,13:51,01 - Clear,01 - Dry,01 - Traffic signal,03 - At intersection,01 - Daylight,03 - P.D. only,05 - Turning movement,Carleto
6926,MEADOW PARK PL @ ST. LAURENT BLVD,371211.1795,5034624.603,-75.65098631,45.44839638,2014-05-22,12:01,01 - Clear,01 - Dry,02 - Stop sign,02 - Intersection related,01 - Daylight,03 - P.D. only,04 - Sideswipe,Cemetery
6927,ST. JOSEPH BLVD btwn MAISONNEUVE ST & GABRIEL ST,381506.9755,5037612.591,-75.51891473,45.47422574,2014-05-22,12:34,01 - Clear,01 - Dry,10 - No control,04 - At/near private drive,01 - Daylight,03 - P.D. only,99 - Other,Industrial Park
6928,BREWER RD @ BRONSON AVE,368109.521,5027765.488,-75.69151572,45.38696818,2014-05-22,16:35,01 - Clear,01 - Dry,01 - Traffic signal,03 - At intersection,01 - Daylight,03 - P.D. only,05 - Turning movement,Carleto
6929,DRIVEWAY (THE) @ PRINCE OF WALES DR,366884.1856,5028136.598,-75.70711546,45.39041701,2014-04-04,16:04,02 - Rain,02 - Wet,03 - Yield sign,03 - At intersection,01 - Daylight,03 - P.D. only,03 - Rear end,Civic Hospital - Experimental Farm - Central Park
6930,MERIVALE RD btwn BURRIS LANE & OT/NE BOUNDARY,364884.9718,5025081.738,-75.73301702,45.3631043,2014-04-16,7:33,01 - Clear,01 - Dry,10 - No control,01 - Non intersection,01 - Daylight,03 - P.D. only,04 - Sideswipe,Cityview - Skyline - Fisher Heights
6931,KNIGHTS DR btwn LORDS MANOR LANE & JESTER CRT,372216.4348,5011267.447,-75.64131952,45.23814022,2014-01-05,9:37,03 - Snow,03 - Loose snow,10 - No control,01 - Non intersection,01 - Daylight,03 - P.D. only,01 - Approaching,Manotick
6932,CAMPEAU DR/HWY 417 MARCH IC138R63 @ MARCH RD,352841.6249,5020477.037,-75.88718724,45.32259927,2014-05-24,14:50,01 - Clear,01 - Dry,01 - Traffic signal,02 - Intersection related,01 - Daylight,03 - P.D. only,04 - Sideswipe,Greenbelt
6933,CARLING AVE EB btwn SAIGON CRT & HWY417 IC124 RAMP57,364177.3762,5027117.845,-75.74180389,45.38148518,2014-05-25,7:28,01 - Clear,01 - Dry,10 - No control,01 - Non intersection,01 - Daylight,03 - P.D. only,07 - SMV other,Carlington
6934,BRONSON AVE btwn BRONSON AVE SB ON RAMP 43 & SUNNYSIDE AVE/UNIVERSITY ,367913.7054,5028112.4,-75.69397173,45.39010727,2014-03-13,16:08,01 - Clear,01 - Dry,10 - No control,01 - Non intersection,01 - Daylight,03 - P.D. only,03 - Rear end,Carleto
6935,MONTREAL RD btwn PALACE ST & VANIER PKWY,370005.458,5033027.084,-75.66661049,45.4341361,2014-05-27,15:53,01 - Clear,01 - Dry,10 - No control,01 - Non intersection,01 - Daylight,03 - P.D. only,06 - SMV unattended vehicle,Vanier South
6936,METCALFE ST @ SOMERSET ST,368011.1782,5031106.469,-75.69234323,45.41703819,2014-02-20,18:53,01 - Clear,01 - Dry,01 - Traffic signal,03 - At intersection,07 - Dark,03 - P.D. only,05 - Turning movement,Centretown
6937,HOLLINGTON ST btwn SHILLINGTON AVE & EMPEROR AVE,365274.0386,5026931.536,-75.72782458,45.379715,2014-05-18,0:00,01 - Clear,01 - Dry,10 - No control,01 - Non intersection,00 - Unknown,03 - P.D. only,06 - SMV unattended vehicle,Carlington
6938,ARTHUR ST @ SOMERSET ST,366830.2087,5030391.817,-75.7075211,45.41071365,2014-05-19,21:00,01 - Clear,01 - Dry,01 - Traffic signal,02 - Intersection related,07 - Dark,03 - P.D. only,02 - Angle,Centretown West
6939,BANK ST btwn SNAKE ISLAND RD & TURN LANE,383731.2623,5010027.871,-75.49487325,45.22579043,2014-05-25,21:07,01 - Clear,01 - Dry,10 - No control,01 - Non intersection,07 - Dark,03 - P.D. only,07 - SMV other,Metcalfe