Record,Location,X,Y,lon,lat,Date,Time,Environment,Road_Surface,Traffic_Control,Collision_Location,Light,Collision_Classification,Impact_type,Neighborhood
6940,CARP RD @ HAZELDEAN RD,348804.102,5014360.436,-75.9392295,45.26782481,2014-05-24,13:15,01 - Clear,01 - Dry,01 - Traffic signal,02 - Intersection related,01 - Daylight,03 - P.D. only,03 - Rear end,Stittsville
6941,GLADSTONE AVE @ KENT ST,367744.7042,5030459.089,-75.69583034,45.41123729,2014-12-29,3:47,01 - Clear,01 - Dry,01 - Traffic signal,02 - Intersection related,07 - Dark,03 - P.D. only,03 - Rear end,Centretown
6942,MURRAY ST btwn SUSSEX DR & PARENT AVE,367734.9864,5032411.232,-75.69570513,45.42880291,2014-05-20,16:13,01 - Clear,01 - Dry,10 - No control,01 - Non intersection,01 - Daylight,03 - P.D. only,04 - Sideswipe,Byward Market
6943,LENESTER AVE @ MAITLAND AVE,363080.1097,5026145.576,-75.75592855,45.37282897,2014-05-20,16:43,01 - Clear,01 - Dry,02 - Stop sign,02 - Intersection related,01 - Daylight,03 - P.D. only,03 - Rear end,Carlingwood West - Glabar Park - McKellar Heights
6944,BRONSON AVE @ IMPERIAL AVE/PLYMOUTH ST,367318.2294,5029643.552,-75.70138179,45.40393756,2014-01-20,14:45,01 - Clear,02 - Wet,10 - No control,03 - At intersection,01 - Daylight,03 - P.D. only,05 - Turning movement,Centretown West
6945,BRONSON AVE @ POWELL AVE,367388.3528,5029478.162,-75.7005071,45.40244316,2014-01-25,16:48,03 - Snow,02 - Wet,01 - Traffic signal,03 - At intersection,05 - Dusk,03 - P.D. only,05 - Turning movement,The Glebe
6946,PRINCE OF WALES DR btwn NATIONAL CAPITAL COMM DRWY & HARTWELL LOCKS/54,366904.0909,5028027.594,-75.70687499,45.38943446,2014-05-11,14:15,01 - Clear,01 - Dry,10 - No control,01 - Non intersection,01 - Daylight,03 - P.D. only,03 - Rear end,Civic Hospital - Experimental Farm - Central Park
6947,RIVERSIDE DR @ SMYTH RD SOUTH SIDE RAMP,369788.3539,5028999.761,-75.66991611,45.39791999,2014-05-12,14:00,01 - Clear,01 - Dry,01 - Traffic signal,03 - At intersection,01 - Daylight,03 - P.D. only,05 - Turning movement,Alta Vista
6948,COLONEL BY DR @ HOG'S BACK RD,367605.7017,5025879.731,-75.69818888,45.37004597,2014-05-19,15:31,01 - Clear,01 - Dry,01 - Traffic signal,03 - At intersection,01 - Daylight,03 - P.D. only,05 - Turning movement,Carleton University
6949,EAGLESON RD @ KATIMAVIK RD/TIMM DR,353215.098,5019567.366,-75.88251245,45.31438821,2014-05-20,7:36,01 - Clear,01 - Dry,01 - Traffic signal,03 - At intersection,01 - Daylight,03 - P.D. only,03 - Rear end,Greenbelt
6950,HOLLAND AVE btwn INGLEWOOD PL & CARLING AVE,365345.9621,5028196.231,-75.72675116,45.39108825,2014-05-21,15:00,01 - Clear,01 - Dry,10 - No control,04 - At/near private drive,01 - Daylight,03 - P.D. only,99 - Other,Civic Hospital - Experimental Farm - Central Park
6951,ST. JOSEPH BLVD @ JEANNE D'ARC BLVD,379861.2164,5036471.581,-75.54013532,45.46413867,2014-09-15,7:28,01 - Clear,01 - Dry,11 - Roundabout,03 - At intersection,01 - Daylight,03 - P.D. only,02 - Angle,Chapel Hill
6952,CONROY RD @ THURSTON DR,373204.649,5026795.18,-75.62659095,45.3777587,2014-05-05,15:51,01 - Clear,01 - Dry,01 - Traffic signal,02 - Intersection related,01 - Daylight,03 - P.D. only,99 - Other,Industrial Park
6953,O'CONNOR ST btwn COOPER ST & SOMERSET ST W,367814.8723,5031077.04,-75.69485497,45.4167911,2014-05-08,10:04,01 - Clear,01 - Dry,10 - No control,01 - Non intersection,01 - Daylight,03 - P.D. only,06 - SMV unattended vehicle,Centretown
6954,MERIVALE RD @ COLDREY AVE/CRERAR AVE,364894.2299,5027393.492,-75.73261757,45.38390427,2014-04-22,13:22,02 - Rain,02 - Wet,01 - Traffic signal,03 - At intersection,01 - Daylight,03 - P.D. only,05 - Turning movement,Carlington
6955,BASELINE RD @ CLYDE AVE,364360.1251,5024887.669,-75.73973947,45.36140289,2014-03-24,9:33,01 - Clear,01 - Dry,01 - Traffic signal,02 - Intersection related,01 - Daylight,03 - P.D. only,04 - Sideswipe,Braemar Park - Bel Air Heights - Copeland Park
6956,AIRPORT PKWY @ HUNT CLUB RD,371018.0541,5023702.998,-75.65492125,45.35014633,2014-05-24,15:20,01 - Clear,01 - Dry,01 - Traffic signal,02 - Intersection related,01 - Daylight,03 - P.D. only,03 - Rear end,Hunt Club East - Western Community
6957,ST. LAURENT BLVD @ MCARTHUR AVE,371921.2451,5032885.679,-75.64214686,45.43268254,2014-05-24,17:15,01 - Clear,01 - Dry,01 - Traffic signal,03 - At intersection,01 - Daylight,03 - P.D. only,05 - Turning movement,Cummings
6958,HERON RD @ WALKLEY RD,372267.649,5027082.507,-75.63851419,45.3804348,2014-04-19,17:43,01 - Clear,01 - Dry,01 - Traffic signal,02 - Intersection related,01 - Daylight,03 - P.D. only,03 - Rear end,Ledbury - Heron Gate - Ridgemont - Elmwood
6959,SMYTH RD btwn LYNDA LANE & ROGER GUINDON AVE,371665.4329,5029198.688,-75.64591621,45.39953311,2014-05-27,16:13,01 - Clear,01 - Dry,10 - No control,01 - Non intersection,01 - Daylight,03 - P.D. only,02 - Angle,Elmvale - Eastway - Riverview - Riverview Park West
6960,MOODIE DR @ ROBERTSON RD,357066.1782,5020457.374,-75.83330497,45.32212052,2014-05-27,16:47,01 - Clear,01 - Dry,01 - Traffic signal,02 - Intersection related,01 - Daylight,03 - P.D. only,03 - Rear end,Bells Corners West
6961,WINDMILL LANE btwn STAR TOP RD & END,374171.6977,5030631.762,-75.61370541,45.41218335,2014-03-30,8:44,03 - Snow,05 - Packed snow,10 - No control,01 - Non intersection,01 - Daylight,03 - P.D. only,01 - Approaching,Industrial Park
6962,BAYSHORE DR btwn WOODRIDGE CRES S & BAYSHORE CS,359221.8207,5023523.724,-75.80547289,45.34954783,2014-05-20,14:06,01 - Clear,01 - Dry,10 - No control,01 - Non intersection,01 - Daylight,03 - P.D. only,04 - Sideswipe,Bayshore
6963,ROCKWAY CRES btwn ROCKWAY CRES & END,361218.3179,5022853.89,-75.78007214,45.34336292,2014-05-20,0:00,01 - Clear,01 - Dry,10 - No control,01 - Non intersection,00 - Unknown,03 - P.D. only,06 - SMV unattended vehicle,Briar Green - Leslie Park
6964,WOODKILTON RD btwn KINBURN SIDE RD & VANCES SIDE RD,338290.6892,5033589.285,-76.07190122,45.44143317,2014-05-26,21:40,01 - Clear,01 - Dry,10 - No control,01 - Non intersection,07 - Dark,03 - P.D. only,07 - SMV other,Car
6965,EAGLESON RD btwn EAGLESON BUSINESS CENTRE & MICHAEL COWPLAND DR/STONEH,354375.517,5016641.454,-75.86800591,45.2879793,2014-05-28,10:35,01 - Clear,01 - Dry,10 - No control,01 - Non intersection,01 - Daylight,03 - P.D. only,04 - Sideswipe,Bridlewood - Emerald Meadows
6966,KIRKWOOD AVE @ MERIVALE RD,364854.1753,5026648.438,-75.73321964,45.37720385,2014-05-21,7:01,01 - Clear,01 - Dry,01 - Traffic signal,02 - Intersection related,01 - Daylight,03 - P.D. only,02 - Angle,Carlington
6967,TRIM RD btwn ST. JOSEPH BLVD & WATTERS RD,384911.0976,5038796.249,-75.47518967,45.48449292,2014-01-29,14:54,01 - Clear,06 - Ice,10 - No control,01 - Non intersection,01 - Daylight,03 - P.D. only,03 - Rear end,Industrial Park
6968,REGIONAL ROAD 174 btwn OR174 IC105 RAMP25 & OR174 IC102 RAMP51,379978.6045,5037323.402,-75.5385041,45.47179006,2014-01-30,15:47,01 - Clear,01 - Dry,10 - No control,01 - Non intersection,01 - Daylight,03 - P.D. only,03 - Rear end,Orleans South West
6969,BANK ST @ WALKLEY RD,370337.3781,5025945.839,-75.66330974,45.37039067,2014-05-12,17:38,01 - Clear,01 - Dry,01 - Traffic signal,02 - Intersection related,01 - Daylight,03 - P.D. only,99 - Other,Ledbury - Heron Gate - Ridgemont - Elmwood
6970,TOWER RD btwn CORDOVA ST & BASSANO ST,363985.5583,5024003.47,-75.74462611,45.3534787,2014-05-11,16:00,01 - Clear,01 - Dry,10 - No control,04 - At/near private drive,01 - Daylight,03 - P.D. only,06 - SMV unattended vehicle,Crestview - Meadowlands
6971,LAKERIDGE DR btwn BLACKBURN BYPS & BRANTHAVEN ST,384781.976,5035162.329,-75.47743257,45.45181317,2014-05-20,7:50,01 - Clear,01 - Dry,10 - No control,04 - At/near private drive,01 - Daylight,03 - P.D. only,99 - Other,Avalon
6972,ALBERT ST @ BRONSON AVE,366739.8228,5031015.153,-75.70859739,45.41633025,2014-05-20,8:57,01 - Clear,01 - Dry,01 - Traffic signal,02 - Intersection related,01 - Daylight,03 - P.D. only,03 - Rear end,Byward Market - Parliament Hill
6973,JEANNE D'ARC BLVD  S btwn YOUVILLE DR & ST. JOSEPH BLVD,379850.7899,5036483.903,-75.54026675,45.46425065,2014-09-19,6:44,01 - Clear,01 - Dry,10 - No control,01 - Non intersection,03 - Dawn,03 - P.D. only,03 - Rear end,Greenbelt
6974,ST. JOSEPH BLVD @ JEANNE D'ARC BLVD,379860.2686,5036471.581,-75.54014744,45.46413877,2014-11-05,8:00,01 - Clear,01 - Dry,11 - Roundabout,03 - At intersection,01 - Daylight,03 - P.D. only,02 - Angle,Chapel Hill
6975,MCARTHUR AVE btwn MAY ST & ST. LAURENT BLVD,371903.8902,5032879.127,-75.64236954,45.43262526,2014-05-09,16:18,01 - Clear,01 - Dry,10 - No control,01 - Non intersection,01 - Daylight,03 - P.D. only,04 - Sideswipe,Castle Heights
6976,SANDHAMN PRIV btwn SANDHAMN PRIV & SANDHAMN PRIV,371770.5357,5024827.957,-75.64516671,45.36019688,2014-04-30,14:17,02 - Rain,02 - Wet,10 - No control,04 - At/near private drive,01 - Daylight,03 - P.D. only,02 - Angle,Greenboro East
6977,INNES RD @ PAGE RD,380887.2751,5034542.45,-75.52731469,45.44667087,2014-05-03,15:48,01 - Clear,01 - Dry,01 - Traffic signal,03 - At intersection,01 - Daylight,03 - P.D. only,05 - Turning movement,Orleans Village - Chateauneuf
6978,BASELINE RD @ WOODROFFE AVE,362550.1641,5023767.661,-75.76297177,45.35147659,2014-04-12,14:23,01 - Clear,01 - Dry,01 - Traffic signal,02 - Intersection related,01 - Daylight,03 - P.D. only,04 - Sideswipe,Iris
6979,HAWTHORNE RD @ HUNT CLUB RD,375509.1717,5026405.581,-75.59722558,45.37402449,2014-04-26,11:47,01 - Clear,02 - Wet,01 - Traffic signal,03 - At intersection,01 - Daylight,03 - P.D. only,05 - Turning movement,Industrial Park
6980,HERON RD @ JEFFERSON ST,371807.3035,5027051.594,-75.64439582,45.38020084,2014-05-24,18:20,01 - Clear,01 - Dry,01 - Traffic signal,02 - Intersection related,01 - Daylight,03 - P.D. only,04 - Sideswipe,Ledbury - Heron Gate - Ridgemont - Elmwood
6981,HUNT CLUB RD @ UPLANDS DR,370157.2011,5023121.492,-75.66598317,45.34499485,2014-05-24,21:22,01 - Clear,01 - Dry,01 - Traffic signal,02 - Intersection related,07 - Dark,03 - P.D. only,02 - Angle,Hunt Club East - Western Community
6982,REGIONAL ROAD 174 btwn OR174 IC101 RAMP36 & OR174 IC101 RAMP26,382678.8545,5038879.059,-75.5037278,45.48549058,2014-05-25,21:57,01 - Clear,01 - Dry,10 - No control,01 - Non intersection,07 - Dark,03 - P.D. only,04 - Sideswipe,Chatelaine Village
6983,QUEEN ST btwn LYON ST N & KENT ST,367035.2914,5031300.851,-75.70478648,45.41887466,2014-04-27,9:23,01 - Clear,01 - Dry,10 - No control,01 - Non intersection,01 - Daylight,03 - P.D. only,06 - SMV unattended vehicle,Downtown
6984,REGIONAL ROAD 174 btwn OR174 IC109 RAMP64 & OR174 IC105 RAMP16,376597.0372,5035292.362,-75.58204353,45.45387194,2014-04-29,13:45,01 - Clear,01 - Dry,10 - No control,01 - Non intersection,01 - Daylight,03 - P.D. only,03 - Rear end,Greenbelt
6985,ALBION RD btwn LESTER RD & LEITRIM RD,373098.1802,5021376.94,-75.62869867,45.3290178,2014-05-27,17:20,01 - Clear,01 - Dry,10 - No control,01 - Non intersection,01 - Daylight,03 - P.D. only,03 - Rear end,Greenbelt
6986,WEXFORD WAY btwn HARKNESS AVE & WALKLEY RD,369325.9108,5025390.724,-75.6762939,45.36548976,2014-04-30,20:23,02 - Rain,02 - Wet,10 - No control,01 - Non intersection,05 - Dusk,03 - P.D. only,07 - SMV other,Riverside Park
6987,LAURIER AVE   W btwn BANK ST & O'CONNOR ST,367543.4687,5031301.138,-75.69829383,45.41883185,2014-05-04,7:10,01 - Clear,01 - Dry,10 - No control,04 - At/near private drive,01 - Daylight,03 - P.D. only,02 - Angle,Downtown
6988,CAMPEAU DR @ TERRY FOX DR,350455.0937,5019010.202,-75.91776309,45.30955958,2014-05-20,16:20,01 - Clear,01 - Dry,01 - Traffic signal,02 - Intersection related,01 - Daylight,03 - P.D. only,04 - Sideswipe,Kanata Lakes - Marchwood Lakeside - Morgan's Grant - Kanata
6989,LONGFIELDS DR btwn MOUNTSHANNON DR & WOODROFFE AVE,365061.5762,5016903.822,-75.73175821,45.28950508,2014-05-28,13:43,01 - Clear,01 - Dry,10 - No control,01 - Non intersection,01 - Daylight,03 - P.D. only,07 - SMV other,Greenbelt
6990,BANK ST @ THORNTON AVE,368431.715,5029321.828,-75.68720088,45.40094245,2014-05-28,13:47,01 - Clear,01 - Dry,02 - Stop sign,03 - At intersection,01 - Daylight,03 - P.D. only,02 - Angle,The Glebe
6991,CARLING AVE @ KEMPSTER AVE/FAMOUS PLAYERS THEA,359211.975,5024119.271,-75.80553299,45.35490733,2014-05-21,7:45,01 - Clear,01 - Dry,01 - Traffic signal,02 - Intersection related,01 - Daylight,03 - P.D. only,03 - Rear end,Bayshore
6992,CONROY RD @ JOHNSTON RD,373396.3332,5026306.564,-75.62421163,45.37334359,2014-05-21,8:30,01 - Clear,01 - Dry,01 - Traffic signal,02 - Intersection related,01 - Daylight,03 - P.D. only,03 - Rear end,Hunt Club
6993,DALHOUSIE ST @ RIDEAU ST,368206.2352,5032225.685,-75.68970717,45.42709086,2014-02-13,21:30,01 - Clear,01 - Dry,01 - Traffic signal,02 - Intersection related,07 - Dark,03 - P.D. only,03 - Rear end,Byward Market - Parliament Hill
6994,ALERT RD/AIRPORT PKWY/UPLANDS DR RAMP 62 @ LES,371309.0775,5021352.834,-75.65152351,45.32897272,2014-05-13,3:00,02 - Rain,02 - Wet,01 - Traffic signal,03 - At intersection,07 - Dark,03 - P.D. only,07 - SMV other,Greenbelt
6995,KING EDWARD AVE @ GEORGE ST,368461.2904,5032481.596,-75.68641497,45.42937029,2014-05-19,15:00,01 - Clear,01 - Dry,02 - Stop sign,02 - Intersection related,01 - Daylight,03 - P.D. only,02 - Angle,Byward Market
6996,AVIATION PKWY @ MONTREAL RD,372147.1905,5034108.583,-75.63909214,45.44366392,2014-05-20,11:24,01 - Clear,01 - Dry,01 - Traffic signal,03 - At intersection,01 - Daylight,03 - P.D. only,04 - Sideswipe,Cummings
6997,HUNTMAR DR btwn RICHARDSON SIDE RD & HUNTMAR DR,348935.17,5018192.592,-75.93721844,45.30229964,2014-11-10,17:56,01 - Clear,01 - Dry,10 - No control,01 - Non intersection,07 - Dark,03 - P.D. only,05 - Turning movement,Kanata Lakes - Marchwood Lakeside - Morgan's Grant - Kanata
6998,DALHOUSIE ST @ ST. PATRICK ST,367958.1745,5032638.685,-75.69282394,45.43082933,2014-05-09,22:17,02 - Rain,02 - Wet,01 - Traffic signal,03 - At intersection,07 - Dark,03 - P.D. only,05 - Turning movement,Byward Market
6999,ST. LAURENT BLVD @ COVENTRY RD/OGILVIE RD,372306.1934,5031950.627,-75.6373557,45.42423234,2014-05-07,8:15,01 - Clear,01 - Dry,01 - Traffic signal,02 - Intersection related,01 - Daylight,03 - P.D. only,04 - Sideswipe,Overbrook
7000,CONROY RD @ HUNT CLUB RD,373765.1618,5025404.523,-75.61962918,45.36519121,2014-05-10,22:39,01 - Clear,01 - Dry,01 - Traffic signal,02 - Intersection related,07 - Dark,03 - P.D. only,03 - Rear end,Greenboro East
7001,CARLING AVE btwn DEFENSE  RESEARCH COMPLEX & RIFLE RD,353459.5514,5023051.696,-75.87905237,45.34572393,2014-05-10,23:27,01 - Clear,01 - Dry,10 - No control,01 - Non intersection,07 - Dark,03 - P.D. only,03 - Rear end,Greenbelt
7002,LAFONTAINE AVE @ MCARTHUR AVE,370949.2384,5032770.626,-75.65458382,45.43173997,2014-05-26,6:06,01 - Clear,01 - Dry,01 - Traffic signal,03 - At intersection,01 - Daylight,03 - P.D. only,05 - Turning movement,Vanier South
7003,FALLOWFIELD RD @ GREENBANK RD,363083.0454,5016731.507,-75.75699949,45.28812146,2014-05-26,6:50,02 - Rain,02 - Wet,01 - Traffic signal,02 - Intersection related,01 - Daylight,03 - P.D. only,03 - Rear end,Greenbelt
7004,BANK ST @ QUEEN ST,367344.1779,5031489.58,-75.70081611,45.42054524,2014-05-01,9:36,02 - Rain,02 - Wet,01 - Traffic signal,03 - At intersection,01 - Daylight,03 - P.D. only,04 - Sideswipe,Downtown
7005,RIVERGREEN CRES btwn BRIDLE PARK DR & BRIDLE PARK DR,355399.1248,5016306.699,-75.85499181,45.28489416,2014-05-23,16:00,02 - Rain,02 - Wet,10 - No control,04 - At/near private drive,01 - Daylight,03 - P.D. only,06 - SMV unattended vehicle,Bridlewood - Emerald Meadows
7006,BANTON ST @ WALKLEY RD,374249.1585,5028251.433,-75.61305108,45.39075863,2014-05-07,16:48,01 - Clear,01 - Dry,01 - Traffic signal,02 - Intersection related,01 - Daylight,03 - P.D. only,03 - Rear end,Hawthorne Meadows
7007,MONTREAL RD btwn L'ALLEMAND ST & ALTHA AVE,370595.6272,5033360.704,-75.65902378,45.43708259,2014-05-20,17:15,01 - Clear,01 - Dry,10 - No control,01 - Non intersection,01 - Daylight,03 - P.D. only,04 - Sideswipe,Vanier South
7008,BENTLEY AVE btwn SUNDERLAND ST & GIFFORD ST,366170.1314,5021848.82,-75.7170147,45.33390371,2014-05-26,12:15,01 - Clear,01 - Dry,10 - No control,01 - Non intersection,01 - Daylight,03 - P.D. only,04 - Sideswipe,Industrial Park
7009,INNES RD btwn SOUTHPARK DR & BEARBROOK RD,377974.3545,5032832.144,-75.56480208,45.4315937,2014-05-28,14:54,01 - Clear,01 - Dry,10 - No control,04 - At/near private drive,01 - Daylight,03 - P.D. only,07 - SMV other,Blackburn Hamlet
7010,CAMEO DR btwn BONNIE CRES & BONNIE CRES,363810.9095,5025566.216,-75.74666833,45.36755481,2014-04-26,15:30,01 - Clear,01 - Dry,10 - No control,01 - Non intersection,01 - Daylight,03 - P.D. only,06 - SMV unattended vehicle,Braemar Park - Bel Air Heights - Copeland Park
7011,CARLING AVE @ MELROSE AVE,365971.1792,5028389.655,-75.7187431,45.3927743,2014-05-21,17:28,01 - Clear,01 - Dry,02 - Stop sign,03 - At intersection,01 - Daylight,03 - P.D. only,02 - Angle,Civic Hospital - Experimental Farm - Central Park
7012,RIVERSIDE DR @ UPLANDS DR/KIMBERWICK CRES N,368196.1378,5022792.553,-75.69104772,45.34221511,2014-05-13,17:20,02 - Rain,02 - Wet,01 - Traffic signal,02 - Intersection related,01 - Daylight,03 - P.D. only,03 - Rear end,Hunt Club Woods - Quintarra - Revelstoke - Riverside South P
7013,BANK ST btwn CHESLEY ST & RIVERDALE AVE,369058.4272,5028140.465,-75.67935027,45.39025569,2014-05-20,11:20,01 - Clear,01 - Dry,10 - No control,01 - Non intersection,01 - Daylight,03 - P.D. only,03 - Rear end,Old Ottawa South
7014,KIRKWOOD AVE N @ CARLING AVE,364276.3451,5027493.947,-75.74049494,45.38486088,2014-05-21,11:39,01 - Clear,01 - Dry,01 - Traffic signal,03 - At intersection,01 - Daylight,03 - P.D. only,05 - Turning movement,Westboro
7015,MACDONALD-CARTIER BR btwn RAMP & END (2),367207.3019,5033287.483,-75.70233709,45.43673441,2014-03-25,10:14,01 - Clear,01 - Dry,10 - No control,07 - Overpass or bridge,01 - Daylight,03 - P.D. only,03 - Rear end,Gatineau
7016,TERRY FOX DR btwn CASTLEFRANK RD & TRANS CANADA TRAIL,353106.1964,5016163.403,-75.88423294,45.28376607,2014-05-10,12:11,01 - Clear,01 - Dry,10 - No control,01 - Non intersection,01 - Daylight,03 - P.D. only,03 - Rear end,Glen Cairn - Kanata South Business Park
7017,WEST HUNT CLUB RD WB btwn MERIVALE RD & ROYDON PL,365804.5671,5022069.632,-75.72165107,45.33592243,2014-05-10,13:50,01 - Clear,01 - Dry,10 - No control,04 - At/near private drive,01 - Daylight,03 - P.D. only,02 - Angle,Industrial Park
7018,RIVERSIDE DR @ HERON RD,368120.631,5026645.325,-75.69151752,45.37688825,2014-05-11,2:57,01 - Clear,01 - Dry,01 - Traffic signal,03 - At intersection,07 - Dark,03 - P.D. only,02 - Angle,Riverside Park
7019,BANK ST btwn BANK ST EXTENSION NB & JOHNSTON RD,370560.3074,5025456.37,-75.66052914,45.3659657,2014-05-12,7:00,01 - Clear,01 - Dry,10 - No control,01 - Non intersection,01 - Daylight,03 - P.D. only,04 - Sideswipe,Ledbury - Heron Gate - Ridgemont - Elmwood
7020,BREANNA CARDILL ST btwn Continuation of BREANNA CARDILL ST & MARY ANNE,378131.3985,5012204.521,-75.56585233,45.24598045,2014-01-28,22:06,01 - Clear,05 - Packed snow,10 - No control,01 - Non intersection,07 - Dark,03 - P.D. only,06 - SMV unattended vehicle,Greely
7021,JEANNE D'ARC BLVD @ FORTUNE DR/VINEYARD DR,379238.6073,5037375.678,-75.54795905,45.47233967,2014-05-26,8:17,01 - Clear,02 - Wet,01 - Traffic signal,03 - At intersection,01 - Daylight,03 - P.D. only,05 - Turning movement,Orleans South West
7022,BANK ST @ MITCH OWENS RD,377758.7657,5015947.713,-75.57004883,45.27969901,2014-05-26,8:25,01 - Clear,02 - Wet,01 - Traffic signal,02 - Intersection related,01 - Daylight,03 - P.D. only,03 - Rear end,Osgoode
7023,PLACE D'ORLEANS DR @ PLACE D'ORLEANS SC S,381502.5336,5037816.284,-75.51893973,45.47605889,2014-05-12,14:50,01 - Clear,01 - Dry,01 - Traffic signal,02 - Intersection related,01 - Daylight,03 - P.D. only,99 - Other,Industrial Park
7024,COLONEL BY DR/SUSSEX DR @ RIDEAU ST,367922.2803,5032044.582,-75.69335878,45.42548704,2014-05-27,17:45,01 - Clear,01 - Dry,01 - Traffic signal,03 - At intersection,01 - Daylight,03 - P.D. only,04 - Sideswipe,Byward Market - Parliament Hill
7025,CYRVILLE RD @ ST. LAURENT BLVD,372241.2469,5032113.476,-75.63816325,45.42570384,2014-05-27,17:00,01 - Clear,01 - Dry,01 - Traffic signal,02 - Intersection related,01 - Daylight,03 - P.D. only,04 - Sideswipe,Overbrook
7026,COLONNADE RD btwn COLONNADE RD S & PRINCE OF WALES DR,367282.3893,5023217.227,-75.70265262,45.34611823,2014-05-20,18:16,01 - Clear,01 - Dry,10 - No control,01 - Non intersection,01 - Daylight,03 - P.D. only,04 - Sideswipe,Industrial Park
7027,WEST HUNT CLUB RD EB btwn KNOXDALE RD & WOODROFFE AVE,363652.2076,5021228.48,-75.74921033,45.32853764,2014-05-20,7:00,01 - Clear,01 - Dry,10 - No control,01 - Non intersection,01 - Daylight,03 - P.D. only,03 - Rear end,Woodvale - Craig Henry - Manordale - Estates of Arlington Wo
7028,WEST HUNT CLUB RD btwn MOODIE DR & HWY416 IC72 RAMP53,358310.601,5018729.38,-75.81761917,45.30647812,2014-05-28,15:37,01 - Clear,01 - Dry,10 - No control,04 - At/near private drive,01 - Daylight,03 - P.D. only,03 - Rear end,Greenbelt
7029,CARLING AVE @ MELROSE AVE,365971.7192,5028391.804,-75.71873594,45.39279359,2014-05-28,16:10,01 - Clear,01 - Dry,02 - Stop sign,03 - At intersection,01 - Daylight,03 - P.D. only,02 - Angle,Civic Hospital - Experimental Farm - Central Park
7030,BROOKFIELD RD RAMP 52 @ AIRPORT PKWY,368817.3783,5026367.706,-75.6826583,45.374327,2014-01-11,7:33,04 - Freezing Rain,06 - Ice,10 - No control,02 - Intersection related,03 - Dawn,03 - P.D. only,99 - Other,Riverside Park
7031,OGILVIE RD @ MATHESON RD/PALMERSTON DR,373377.8253,5032535.313,-75.62358178,45.42938881,2014-03-12,15:25,05 - Drifting Snow,03 - Loose snow,01 - Traffic signal,02 - Intersection related,01 - Daylight,03 - P.D. only,03 - Rear end,Industrial Park
7032,DONALD ST btwn LOLA ST & AVE. DU PERE CHARLEBOIS AVE,371139.1312,5032363.229,-75.65221206,45.4280564,2014-03-18,0:00,03 - Snow,03 - Loose snow,10 - No control,01 - Non intersection,07 - Dark,03 - P.D. only,06 - SMV unattended vehicle,Overbrook
7033,CYRVILLE RD btwn STAR TOP RD & MEADOWBROOK RD,374468.1286,5031296.424,-75.6098247,45.41813419,2014-05-13,17:24,02 - Rain,02 - Wet,10 - No control,04 - At/near private drive,01 - Daylight,03 - P.D. only,02 - Angle,Pineview
7034,CATHERINE ST @ METCALFE ST,368391.7634,5030485.175,-75.6875611,45.41141351,2014-05-14,14:00,01 - Clear,01 - Dry,01 - Traffic signal,03 - At intersection,01 - Daylight,03 - P.D. only,99 - Other,Centretown
7035,ANDERSON RD btwn RIDGE RD & RUSSELL RD,379576.799,5027163.055,-75.54518478,45.38041752,2014-05-20,14:30,01 - Clear,01 - Dry,08 - Traffic gate,05 - At railway crossing,01 - Daylight,03 - P.D. only,99 - Other,Greenbelt
7036,ALESTHER ST @ DONALD ST,371992.2466,5032461.532,-75.64129739,45.42885945,2014-04-02,16:06,01 - Clear,01 - Dry,02 - Stop sign,03 - At intersection,01 - Daylight,03 - P.D. only,05 - Turning movement,Overbrook
7037,WALKLEY RD btwn RUSSELL RD & LANCASTER RD,374861.47,5028580.341,-75.60518539,45.393657,2014-05-12,15:48,01 - Clear,01 - Dry,10 - No control,01 - Non intersection,01 - Daylight,03 - P.D. only,04 - Sideswipe,Industrial Park
7038,GREENBANK RD @ WEST HUNT CLUB RD,361477.3073,5020502.479,-75.77703682,45.32218409,2014-05-13,16:25,00 - Unknown,00 - Unknown,01 - Traffic signal,02 - Intersection related,01 - Daylight,03 - P.D. only,99 - Other,Greenbelt
7039,ROWALLEN PL btwn SHELLBROOK WAY & SHELLBROOK WAY,373005.6237,5026014.117,-75.62923973,45.37075041,2014-05-13,0:00,01 - Clear,01 - Dry,10 - No control,01 - Non intersection,00 - Unknown,03 - P.D. only,06 - SMV unattended vehicle,Greenboro East
7040,SEABROOKE DR @ WINCHESTER DR,352675.2107,5017215.739,-75.88962492,45.29326474,2014-05-17,17:29,01 - Clear,01 - Dry,02 - Stop sign,02 - Intersection related,01 - Daylight,03 - P.D. only,07 - SMV other,Glen Cairn - Kanata South Business Park
7041,THUNDERBIRD CRES btwn STONEMEADOW DR & BRAMBLEWOOD CRES,355937.5972,5016460.413,-75.84811228,45.28623834,2014-05-18,0:00,01 - Clear,01 - Dry,10 - No control,01 - Non intersection,07 - Dark,03 - P.D. only,06 - SMV unattended vehicle,Bridlewood - Emerald Meadows
7042,RIDGEFIELD CRES btwn ARNOLD DR & SYCAMORE DR,357907.1909,5019544.565,-75.82267583,45.31384386,2014-03-27,0:30,01 - Clear,02 - Wet,10 - No control,01 - Non intersection,07 - Dark,03 - P.D. only,06 - SMV unattended vehicle,Bells Corners East