Record,Location,X,Y,lon,lat,Date,Time,Environment,Road_Surface,Traffic_Control,Collision_Location,Light,Collision_Classification,Impact_type,Neighborhood
7043,TRIM RD btwn WATTERS RD & SPRINGRIDGE DR,385056.4138,5038628.603,-75.47335843,45.48296792,2014-04-02,2:31,01 - Clear,01 - Dry,10 - No control,01 - Non intersection,07 - Dark,03 - P.D. only,07 - SMV other,Cardinal Creek
7044,BANK ST btwn QUEENSDALE AVE & LESTER RD,373647.6196,5022960.48,-75.62146982,45.34321223,2014-05-26,10:35,01 - Clear,01 - Dry,10 - No control,01 - Non intersection,01 - Daylight,03 - P.D. only,07 - SMV other,Blossom Park - Blossom Park West - Sawmill Creek/ Timbermill
7045,CLEARBROOK DR btwn ROSWELL DR & PAUL METIVIER DR,366050.3486,5014838.795,-75.7194089,45.2708386,2014-05-12,18:47,01 - Clear,01 - Dry,10 - No control,01 - Non intersection,01 - Daylight,03 - P.D. only,06 - SMV unattended vehicle,New Barrhaven
7046,CARLING AVE @ BROADVIEW AVE,363181.0421,5026640.2,-75.75458157,45.37727113,2014-05-13,13:00,01 - Clear,01 - Dry,01 - Traffic signal,03 - At intersection,01 - Daylight,03 - P.D. only,05 - Turning movement,Carlingwood - McKellar Park - Laurentien View
7047,CONROY RD btwn QUEENSDALE AVE & DAVIDSON RD,374559.1552,5023623.082,-75.60974612,45.34908399,2014-05-27,22:17,01 - Clear,01 - Dry,10 - No control,01 - Non intersection,07 - Dark,03 - P.D. only,07 - SMV other,Greenbelt
7048,MERIVALE RD @ BONGARD AVE,365870.2789,5021313.592,-75.72090602,45.32911396,2014-05-28,8:30,01 - Clear,01 - Dry,02 - Stop sign,03 - At intersection,01 - Daylight,03 - P.D. only,02 - Angle,Merivale Gardens - Grenfell Glen - Pineglen - Country Place
7049,HOPE SIDE RD @ RICHMOND RD,356952.2812,5015484.013,-75.83528085,45.27737796,2014-05-15,7:16,01 - Clear,01 - Dry,02 - Stop sign,03 - At intersection,01 - Daylight,03 - P.D. only,02 - Angle,Bridlewood - Emerald Meadows
7050,JOHNSTON RD btwn BANK PL & SOUTHGATE RD,370933.4116,5024888.962,-75.65584269,45.36082525,2014-05-16,15:48,02 - Rain,02 - Wet,10 - No control,04 - At/near private drive,01 - Daylight,03 - P.D. only,05 - Turning movement,South Keys - Heron Gate - Greenboro West
7051,Tennant Way btwn Mattingly Way and Southbridge St,367768.8312,5014414.371,-75.69756403,45.2668679,2014-06-26,13:00,01 - Clear,01 - Dry,10 - No control,01 - Non intersection,01 - Daylight,03 - P.D. only,06 - SMV unattended vehicle,Greenbelt
7052,SLACK RD btwn TURN LANE & VAAN DR,364500.8571,5020120.232,-75.7385185,45.31849403,2014-05-21,7:54,01 - Clear,01 - Dry,10 - No control,01 - Non intersection,01 - Daylight,03 - P.D. only,03 - Rear end,Merivale Gardens - Grenfell Glen - Pineglen - Country Place
7053,INNES RD btwn PRESTWICK DR & TENTH LINE RD,383649.6057,5036033.072,-75.49176801,45.45977602,2014-05-28,17:14,01 - Clear,01 - Dry,10 - No control,04 - At/near private drive,01 - Daylight,03 - P.D. only,05 - Turning movement,Queenswood Heights
7054,HERON RD WB btwn HERON RD WB OFF RAMP/VINCENT MASSEY PARK & RIVERSIDE ,368031.5314,5026639.638,-75.69265577,45.37684513,2014-05-28,17:21,01 - Clear,01 - Dry,10 - No control,01 - Non intersection,01 - Daylight,03 - P.D. only,03 - Rear end,Riverside Park
7055,HOLLAND AVE @ SHERWOOD DR,365150.1745,5028646.66,-75.72919629,45.39515802,2014-05-08,18:15,01 - Clear,01 - Dry,02 - Stop sign,02 - Intersection related,01 - Daylight,03 - P.D. only,05 - Turning movement,Civic Hospital - Experimental Farm - Central Park
7056,WOODROFFE AVE btwn HERITAGE GLEN DR & STRANDHERD DR,366065.8696,5015487.092,-75.71913111,45.2766706,2014-05-08,19:34,01 - Clear,01 - Dry,10 - No control,01 - Non intersection,01 - Daylight,03 - P.D. only,03 - Rear end,New Barrhaven
7057,FORESTVIEW CRES E @ SEYTON DR,357079.5483,5019518.979,-75.83323348,45.31367574,2014-02-01,8:56,01 - Clear,02 - Wet,02 - Stop sign,03 - At intersection,01 - Daylight,03 - P.D. only,05 - Turning movement,Bells Corners West
7058,HOLLAND AVE btwn INGLEWOOD PL & CARLING AVE,365393.0971,5028094.544,-75.72616173,45.39016922,2014-02-12,8:49,01 - Clear,02 - Wet,10 - No control,04 - At/near private drive,01 - Daylight,03 - P.D. only,05 - Turning movement,Civic Hospital - Experimental Farm - Central Park
7059,RICHMOND RD @ LYNHAR RD/STAFFORD RD,358135.1498,5021088.399,-75.81960241,45.32771812,2014-03-31,17:10,01 - Clear,01 - Dry,01 - Traffic signal,02 - Intersection related,01 - Daylight,03 - P.D. only,03 - Rear end,Bells Corners East
7060,BANK ST @ QUEENSDALE AVE,373338.1647,5023446.461,-75.62535082,45.34761521,2014-05-14,17:11,01 - Clear,01 - Dry,01 - Traffic signal,03 - At intersection,01 - Daylight,03 - P.D. only,05 - Turning movement,Blossom Park - Blossom Park West - Sawmill Creek/ Timbermill
7061,RIDEAU ST btwn RIDEAU PL & MONTREAL RD,369573.358,5032949.196,-75.67214282,45.43347546,2014-05-14,19:00,01 - Clear,01 - Dry,10 - No control,01 - Non intersection,01 - Daylight,03 - P.D. only,99 - Other,Sand
7062,ELGIN ST @ WELLINGTON ST W,367663.282,5031879.473,-75.69668927,45.42402477,2014-05-21,12:52,01 - Clear,01 - Dry,01 - Traffic signal,02 - Intersection related,01 - Daylight,03 - P.D. only,03 - Rear end,Downtown
7063,KIRKWOOD AVE @ LAPERRIERE AVE,364519.2201,5026957.595,-75.73745862,45.38001422,2014-05-21,13:33,01 - Clear,01 - Dry,01 - Traffic signal,03 - At intersection,01 - Daylight,03 - P.D. only,07 - SMV other,Carlington
7064,BAY ST @ WELLINGTON ST,366814.2241,5031350.619,-75.70760464,45.41934209,2014-05-05,15:26,01 - Clear,01 - Dry,01 - Traffic signal,02 - Intersection related,01 - Daylight,03 - P.D. only,03 - Rear end,Downtown
7065,GEORGE ST btwn SUSSEX DR & 26 W OF BYWARD MARKET/FREIMAN MALL,367988.2854,5032190.741,-75.69249663,45.42679617,2014-05-09,12:30,01 - Clear,01 - Dry,10 - No control,01 - Non intersection,01 - Daylight,03 - P.D. only,06 - SMV unattended vehicle,Byward Market
7066,MARKETPLACE AVE btwn GREENBANK RD & TRANSITWAY SOUTHWEST,364104.7082,5014653.161,-75.74422463,45.26933503,2014-05-13,18:45,02 - Rain,02 - Wet,10 - No control,04 - At/near private drive,01 - Daylight,03 - P.D. only,02 - Angle,New Barrhaven
7067,FALLOWFIELD RD @ VIA PARK PL/275 W OF WOODROFFE AVE,364847.7443,5017765.767,-75.73437963,45.29727913,2014-05-13,18:40,02 - Rain,02 - Wet,01 - Traffic signal,02 - Intersection related,01 - Daylight,03 - P.D. only,03 - Rear end,New Barrhaven
7068,BLAIR RD btwn BEAVERPOND DR & INNES RD,375527.0761,5031560.882,-75.59625786,45.42040739,2014-05-13,17:15,02 - Rain,02 - Wet,10 - No control,01 - Non intersection,01 - Daylight,03 - P.D. only,03 - Rear end,Pineview
7069,HAZELDEAN RD @ HUNTMAR DR/IBER RD,350944.9676,5016078.484,-75.91178889,45.28314714,2014-05-07,13:40,01 - Clear,01 - Dry,01 - Traffic signal,03 - At intersection,01 - Daylight,03 - P.D. only,02 - Angle,Stittsville
7070,HUNT CLUB RD @ RIVERSIDE DR,368037.21,5021946.766,-75.69318357,45.33461924,2014-05-26,10:20,01 - Clear,01 - Dry,01 - Traffic signal,02 - Intersection related,01 - Daylight,03 - P.D. only,03 - Rear end,Hunt Club Woods - Quintarra - Revelstoke - Riverside South P
7071,PRESTON ST @ SIDNEY ST,366808.9489,5028985.592,-75.70796952,45.39806271,2014-05-26,14:04,01 - Clear,01 - Dry,02 - Stop sign,02 - Intersection related,01 - Daylight,03 - P.D. only,02 - Angle,Little Italy
7072,INDUSTRIAL AVE/INNES RD @ ST. LAURENT BLVD,373098.3056,5030004.619,-75.62750437,45.40664619,2014-05-15,14:46,01 - Clear,01 - Dry,01 - Traffic signal,03 - At intersection,01 - Daylight,03 - P.D. only,02 - Angle,Industrial Park
7073,CARLING AVE EB btwn WOODROFFE AVE & WOODROFFE AVE,361876.693,5025794.755,-75.77133204,45.36977137,2014-05-28,8:45,01 - Clear,01 - Dry,10 - No control,04 - At/near private drive,01 - Daylight,03 - P.D. only,02 - Angle,Carlingwood West - Glabar Park - McKellar Heights
7074,ST. JOSEPH BLVD @ REGIONAL RD 174/TRANSITWAY,376556.1615,5035057.276,-75.58260037,45.45176099,2014-05-28,11:10,01 - Clear,01 - Dry,01 - Traffic signal,02 - Intersection related,01 - Daylight,03 - P.D. only,03 - Rear end,Greenbelt
7075,CAMERON AVE @ HARVARD AVE,368874.2418,5028225.607,-75.68169122,45.39103865,2014-05-16,15:47,02 - Rain,02 - Wet,02 - Stop sign,02 - Intersection related,01 - Daylight,03 - P.D. only,06 - SMV unattended vehicle,Old Ottawa South
7076,INDUSTRIAL AVE @ RIVERSIDE DR,370682.1466,5030593.569,-75.65828814,45.41217692,2014-05-16,14:30,02 - Rain,02 - Wet,01 - Traffic signal,02 - Intersection related,01 - Daylight,03 - P.D. only,04 - Sideswipe,Industrial Park
7077,CARLING AVE WB @ SAIGON CRT,364064.7144,5027195.715,-75.74323301,45.38219538,2014-05-21,8:50,01 - Clear,01 - Dry,01 - Traffic signal,02 - Intersection related,01 - Daylight,03 - P.D. only,03 - Rear end,Westboro
7078,MOODIE DR @ FITZGERALD RD/STAFFORD RD,356918.0827,5020814.736,-75.8351563,45.32534711,2014-05-21,12:45,01 - Clear,01 - Dry,01 - Traffic signal,02 - Intersection related,01 - Daylight,03 - P.D. only,04 - Sideswipe,Bells Corners West
7079,INSMILL CRES btwn CHELTONIA WAY & GOLDRIDGE DR S,350011.9599,5019231.438,-75.92339387,45.31157899,2014-05-25,20:00,01 - Clear,01 - Dry,10 - No control,01 - Non intersection,05 - Dusk,03 - P.D. only,06 - SMV unattended vehicle,Kanata Lakes - Marchwood Lakeside - Morgan's Grant - Kanata
7080,MCCORDICK RD btwn CENTURY RD W & HARBISON RD,361088.2749,5002434.946,-75.78404369,45.15964121,2014-05-28,20:57,01 - Clear,01 - Dry,10 - No control,01 - Non intersection,07 - Dark,03 - P.D. only,07 - SMV other,Munster Hamlet - Richmond
7081,RICHMOND RD btwn MOODIE DR & BLACK FOREST LANE,357480.3965,5019743.929,-75.82809755,45.3156699,2014-11-30,1:42,03 - Snow,03 - Loose snow,10 - No control,01 - Non intersection,07 - Dark,03 - P.D. only,07 - SMV other,Bells Corners East
7082,8TH LINE RD @ MITCH OWENS RD,382360.4262,5018774.472,-75.51096139,45.30463996,2014-02-15,12:53,01 - Clear,02 - Wet,02 - Stop sign,03 - At intersection,01 - Daylight,03 - P.D. only,02 - Angle,Metcalfe
7083,ST. JOSEPH BLVD/OLD MONTREAL RD @ TRIM RD,384682.4444,5039284.491,-75.47803478,45.48891185,2014-04-10,13:05,01 - Clear,01 - Dry,01 - Traffic signal,03 - At intersection,01 - Daylight,03 - P.D. only,02 - Angle,Cardinal Creek
7084,RICHMOND RD btwn WINSTON AVE & CHURCHILL AVE N,363222.5953,5028288.521,-75.75385597,45.39209902,2014-04-09,16:30,01 - Clear,01 - Dry,10 - No control,01 - Non intersection,01 - Daylight,03 - P.D. only,06 - SMV unattended vehicle,Carlingwood - McKellar Park - Laurentien View
7085,METCALFE ST @ QUEEN ST,367647.7519,5031682.004,-75.6969129,45.4222494,2014-05-15,15:22,01 - Clear,01 - Dry,01 - Traffic signal,02 - Intersection related,01 - Daylight,03 - P.D. only,05 - Turning movement,Downtown
7086,WOODROFFE AVE btwn KNOXDALE RD/MEDHURST DR & NORICE ST,363268.4597,5022210.446,-75.75398946,45.33740538,2014-05-15,18:10,01 - Clear,01 - Dry,10 - No control,01 - Non intersection,01 - Daylight,03 - P.D. only,03 - Rear end,Centrepointe
7087,GREENBANK RD @ HARRISON ST/ASHGROVE CRES,360839.2078,5022007.495,-75.78500527,45.33577746,2014-05-21,14:58,01 - Clear,01 - Dry,01 - Traffic signal,02 - Intersection related,01 - Daylight,03 - P.D. only,07 - SMV other,Briar Green - Leslie Park
7088,CRAIG HENRY DR btwn SOVEREIGN AVE & WOODVALE GR,363025.0269,5021823.593,-75.75714072,45.33394474,2014-05-09,16:28,01 - Clear,01 - Dry,10 - No control,01 - Non intersection,01 - Daylight,03 - P.D. only,07 - SMV other,Woodvale - Craig Henry - Manordale - Estates of Arlington Wo
7089,AIRPORT PKWY btwn AIRPORT PKWY & RAMP (1),371048.3858,5023604.42,-75.6545474,45.34925649,2014-05-13,20:52,02 - Rain,02 - Wet,10 - No control,01 - Non intersection,07 - Dark,03 - P.D. only,07 - SMV other,Hunt Club - Ottawa Airport
7090,TERRY FOX DR btwn COPE DR & TRANS CANADA TRAIL,353302.5509,5015935.355,-75.88175241,45.28170051,2014-05-13,17:10,02 - Rain,02 - Wet,10 - No control,01 - Non intersection,01 - Daylight,03 - P.D. only,03 - Rear end,Glen Cairn - Kanata South Business Park
7091,STRANDHERD DR btwn Continuation of STRANDHERD DR & MCKENNA CASEY DR,361849.6799,5013649.312,-75.7730755,45.26048886,2014-05-15,8:28,01 - Clear,01 - Dry,08 - Traffic gate,05 - At railway crossing,01 - Daylight,03 - P.D. only,03 - Rear end,Munster Hamlet - Richmond
7092,GREENBANK RD btwn FALLOWFIELD RD & LARKIN DR,363169.5689,5016528.254,-75.75592048,45.28628541,2014-05-21,15:54,01 - Clear,01 - Dry,10 - No control,01 - Non intersection,01 - Daylight,03 - P.D. only,03 - Rear end,Barrhaven West - Old Barrhaven
7093,GREENBANK RD @ WEST HUNT CLUB RD,361482.0467,5020502.479,-75.77697637,45.32218371,2014-05-22,22:26,01 - Clear,01 - Dry,01 - Traffic signal,02 - Intersection related,07 - Dark,03 - P.D. only,03 - Rear end,Greenbelt
7094,CENTRUM BLVD btwn PRESTONE DR & END,382277.9444,5038374.702,-75.50893528,45.48099743,2014-05-08,15:58,01 - Clear,01 - Dry,10 - No control,04 - At/near private drive,01 - Daylight,03 - P.D. only,02 - Angle,Industrial Park
7095,BANK ST btwn WILDWOOD AVE & RIDGEMONT AVE,370072.6119,5026639.853,-75.66659782,45.3766599,2014-05-12,12:54,01 - Clear,01 - Dry,10 - No control,04 - At/near private drive,01 - Daylight,03 - P.D. only,02 - Angle,Ledbury - Heron Gate - Ridgemont - Elmwood
7096,BRONSON AVE/BRONSON/HERON RAMP 35 @ HERON RD,368639.8918,5026698.585,-75.68488135,45.37732035,2014-05-25,20:30,01 - Clear,02 - Wet,01 - Traffic signal,02 - Intersection related,05 - Dusk,03 - P.D. only,03 - Rear end,Riverside Park
7097,CARLING AVE btwn ULLSWATER DR & SUNNY BRAE AVE,356843.787,5023820.284,-75.83578786,45.3523968,2014-05-26,16:18,01 - Clear,01 - Dry,10 - No control,04 - At/near private drive,01 - Daylight,03 - P.D. only,05 - Turning movement,Crystal Bay - Lakeview Park - Britannia Village
7098,ALBERT ST @ COMMISSIONER ST,366711.3276,5030971.57,-75.70896692,45.41594063,2014-05-16,10:13,02 - Rain,02 - Wet,02 - Stop sign,03 - At intersection,01 - Daylight,03 - P.D. only,02 - Angle,LeBreton Flats
7099,CARLING AVE @ MERIVALE RD,364893.282,5027701.492,-75.73259218,45.38667568,2014-05-14,16:15,01 - Clear,01 - Dry,01 - Traffic signal,02 - Intersection related,01 - Daylight,03 - P.D. only,03 - Rear end,Carlington
7100,BANK ST @ CONROY RD,375044.2431,5022239.259,-75.60375277,45.33658452,2014-05-28,12:04,01 - Clear,01 - Dry,01 - Traffic signal,03 - At intersection,01 - Daylight,03 - P.D. only,03 - Rear end,Greenbelt
7101,BROPHY DR btwn EAGLESON RD & FOURTH LINE RD,360651.174,5005616.792,-75.78924688,45.188307,2014-05-28,12:17,01 - Clear,01 - Dry,10 - No control,01 - Non intersection,01 - Daylight,03 - P.D. only,07 - SMV other,Munster Hamlet - Richmond
7102,GREENBANK RD @ BERRIGAN DR/WESSEX RD,363724.1556,5015273.581,-75.74900033,45.27494957,2014-05-16,20:54,02 - Rain,02 - Wet,01 - Traffic signal,03 - At intersection,07 - Dark,03 - P.D. only,05 - Turning movement,Barrhaven West - Old Barrhaven
7103,BANK ST @ RIVERSIDE DR S,369305.731,5027894.806,-75.67622437,45.38802259,2014-05-03,15:03,01 - Clear,01 - Dry,01 - Traffic signal,02 - Intersection related,01 - Daylight,03 - P.D. only,03 - Rear end,Alta Vista
7104,PARKDALE AVE btwn RUSKIN ST & INGLEWOOD PL,365562.9324,5028332.095,-75.7239637,45.39229193,2014-05-05,13:37,01 - Clear,01 - Dry,10 - No control,04 - At/near private drive,01 - Daylight,03 - P.D. only,06 - SMV unattended vehicle,Civic Hospital - Experimental Farm - Central Park
7105,RAMSAYVILLE RD @ RIDGE RD,376685.1676,5028862.589,-75.58185524,45.39601167,2014-05-29,8:55,01 - Clear,01 - Dry,02 - Stop sign,03 - At intersection,01 - Daylight,03 - P.D. only,02 - Angle,Greenbelt
7106,HWY 417 VANIER IC117R63 @ VANIER PKWY,370799.7704,5031397.482,-75.65667788,45.41939912,2014-05-12,11:25,01 - Clear,01 - Dry,01 - Traffic signal,03 - At intersection,01 - Daylight,03 - P.D. only,02 - Angle,Overbrook
7107,CHAPMAN MILLS DR/TRANSITWAY SOUTHWEST @ WOODROFFE AVE,366177.0901,5015219.37,-75.71774677,45.27425195,2014-03-10,12:10,01 - Clear,01 - Dry,01 - Traffic signal,02 - Intersection related,01 - Daylight,03 - P.D. only,03 - Rear end,New Barrhaven
7108,PINECREST RD @ BASELINE RD,360782.6858,5022695.261,-75.78564855,45.34197048,2014-04-12,13:25,01 - Clear,01 - Dry,02 - Stop sign,02 - Intersection related,01 - Daylight,03 - P.D. only,03 - Rear end,Iris
7109,HAWTHORNE RD/RUSSELL RD @ WALKLEY RD,374674.6055,5028500.767,-75.60758297,45.3929597,2014-04-14,15:52,02 - Rain,02 - Wet,01 - Traffic signal,03 - At intersection,01 - Daylight,03 - P.D. only,03 - Rear end,Sheffield Glen
7110,DALHOUSIE ST @ YORK ST,368094.181,5032418.642,-75.69111421,45.42883717,2014-05-16,0:38,02 - Rain,02 - Wet,01 - Traffic signal,03 - At intersection,07 - Dark,03 - P.D. only,02 - Angle,Byward Market
7111,PRINCE OF WALES DR btwn WATERBRIDGE DR & CRESTWAY DR,367331.1895,5016186.949,-75.70291726,45.28285646,2014-05-16,7:16,01 - Clear,01 - Dry,10 - No control,01 - Non intersection,01 - Daylight,03 - P.D. only,03 - Rear end,Greenbelt
7112,PRINCE OF WALES DR btwn NORMANDY CRES & FALAISE RD (2),367447.3151,5025013.914,-75.70032051,45.36226973,2014-05-21,16:22,01 - Clear,01 - Dry,10 - No control,01 - Non intersection,01 - Daylight,03 - P.D. only,03 - Rear end,Carleton Heights - Rideauview
7113,AIRPORT PKWY @ UPLANDS DR RAMP 62,371296.7198,5021623.485,-75.65164478,45.33140913,2014-05-10,15:27,01 - Clear,01 - Dry,03 - Yield sign,03 - At intersection,01 - Daylight,03 - P.D. only,05 - Turning movement,Hunt Club - Ottawa Airport
7114,ELGIN ST @ SOMERSET ST,368162.3389,5031199.52,-75.69040006,45.41786176,2014-05-11,4:24,01 - Clear,01 - Dry,01 - Traffic signal,02 - Intersection related,07 - Dark,03 - P.D. only,04 - Sideswipe,Centretown
7115,CARLING AVE @ RICHMOND RD,360247.1008,5024779.617,-75.79224848,45.36076802,2014-05-14,13:25,01 - Clear,01 - Dry,01 - Traffic signal,03 - At intersection,01 - Daylight,03 - P.D. only,03 - Rear end,Whitehaven - Queensway Terrace North
7116,DATA CENTRE RD btwn TURN LANE & TURN LANE,368971.0814,5027520.868,-75.68054622,45.38468876,2014-05-15,13:45,01 - Clear,01 - Dry,10 - No control,04 - At/near private drive,01 - Daylight,03 - P.D. only,02 - Angle,Alta Vista
7117,MCARTHUR AVE @ OLMSTEAD ST,370482.2351,5032722.641,-75.66055809,45.43135224,2014-05-15,13:15,01 - Clear,01 - Dry,01 - Traffic signal,02 - Intersection related,01 - Daylight,03 - P.D. only,03 - Rear end,Vanier South
7118,BLACKBURN BYPASS EB btwn 1700 W OF NAVAN RD & INNES RD,377651.9885,5032113.868,-75.56902776,45.42516477,2014-05-23,3:05,01 - Clear,01 - Dry,10 - No control,01 - Non intersection,07 - Dark,03 - P.D. only,07 - SMV other,Greenbelt
7119,EAGLESON RD @ MICHAEL COWPLAND DR/STONEHAVEN D,354381.2042,5016623.444,-75.86793522,45.28781684,2014-05-23,10:53,01 - Clear,01 - Dry,01 - Traffic signal,02 - Intersection related,01 - Daylight,03 - P.D. only,03 - Rear end,Glen Cairn - Kanata South Business Park
7120,HAZELDEAN RD @ 246 E OF CASTLEFRANK RD/FARMBOY,352859.5915,5017839.945,-75.88721384,45.29886891,2014-05-20,16:00,01 - Clear,01 - Dry,01 - Traffic signal,03 - At intersection,01 - Daylight,03 - P.D. only,03 - Rear end,Glen Cairn - Kanata South Business Park
7121,CHAMBERLAIN AVE btwn KENT ST & TO BE DETERMINED,368040.532,5030106.847,-75.69209647,45.40804126,2014-05-21,15:56,01 - Clear,01 - Dry,10 - No control,04 - At/near private drive,01 - Daylight,03 - P.D. only,02 - Angle,The Glebe
7122,RIVERDALE AVE btwn ECHO DR & GLENVIEW AVE,369310.355,5029385.846,-75.67597036,45.40143805,2014-05-24,9:00,01 - Clear,01 - Dry,10 - No control,01 - Non intersection,01 - Daylight,03 - P.D. only,06 - SMV unattended vehicle,Old Ottawa East
7123,RICHMOND RD btwn ROBERTSON RD & STINSON AVE,357785.6075,5020875.584,-75.82408399,45.32582967,2014-05-26,18:20,01 - Clear,01 - Dry,10 - No control,01 - Non intersection,01 - Daylight,03 - P.D. only,03 - Rear end,Bells Corners East
7124,TERRY FOX DR @ PALLADIUM DR/KATIMAVIK RD,351267.3483,5018181.775,-75.90748266,45.30205191,2014-05-16,14:36,02 - Rain,02 - Wet,01 - Traffic signal,02 - Intersection related,01 - Daylight,03 - P.D. only,03 - Rear end,Katimavik - Hazeldean
7125,BASELINE RD/HWY 416 RICHMOND IC75R53 @ RICHMON,358636.1388,5021821.487,-75.81313201,45.33427624,2014-01-29,5:50,01 - Clear,01 - Dry,01 - Traffic signal,03 - At intersection,07 - Dark,03 - P.D. only,02 - Angle,Greenbelt
7126,PARKWAY RD @ SALE BARN RD,379604.7642,5014728.695,-75.54670616,45.26853685,2014-01-29,22:45,01 - Clear,01 - Dry,02 - Stop sign,02 - Intersection related,07 - Dark,03 - P.D. only,02 - Angle,Osgoode
7127,HILSON AVE btwn IONA ST & CLARE ST,364099.804,5028180.595,-75.74266665,45.39105419,2014-05-17,4:37,01 - Clear,01 - Dry,10 - No control,01 - Non intersection,07 - Dark,03 - P.D. only,06 - SMV unattended vehicle,Westboro
7128,PARKDALE AVE @ WELLINGTON ST,365152.0703,5029269.608,-75.72909586,45.400763,2014-05-06,10:50,01 - Clear,01 - Dry,01 - Traffic signal,03 - At intersection,01 - Daylight,03 - P.D. only,03 - Rear end,Islan
7129,WALKLEY RD btwn BAYCREST DR & HEATHERINGTON RD,371716.0139,5026764.195,-75.6456003,45.37762366,2014-05-29,9:40,01 - Clear,01 - Dry,10 - No control,04 - At/near private drive,01 - Daylight,03 - P.D. only,02 - Angle,Ledbury - Heron Gate - Ridgemont - Elmwood
7130,ST. JEROME CRES btwn FORTUNE DR & FORTUNE DR,379606.1461,5037414.04,-75.54325318,45.47264555,2014-05-12,0:00,01 - Clear,01 - Dry,10 - No control,04 - At/near private drive,00 - Unknown,03 - P.D. only,06 - SMV unattended vehicle,Orleans South West
7131,CATHERINE ST/HWY 417 O'CONN IC119BR76 @ O'CONN,368243.6288,5030393.449,-75.68946526,45.41060163,2014-05-01,8:51,02 - Rain,02 - Wet,01 - Traffic signal,02 - Intersection related,01 - Daylight,03 - P.D. only,04 - Sideswipe,Centretown
7132,KANATA RD @ LORD BYNG WAY/MARITIME WAY,351431.2773,5019330.361,-75.90528441,45.31237631,2014-05-16,7:10,02 - Rain,02 - Wet,01 - Traffic signal,03 - At intersection,01 - Daylight,03 - P.D. only,03 - Rear end,Kanata
7133,MARCH RD btwn CAMPEAU DR/HWY 417 MARCH IC138R63 & HWY417 IC138 RAMP62,352739.2772,5020695.916,-75.88847151,45.32457579,2014-05-16,8:21,02 - Rain,02 - Wet,10 - No control,01 - Non intersection,01 - Daylight,03 - P.D. only,03 - Rear end,Greenbelt
7134,DEER PARK RD @ MEADOWLANDS DR,365978.4582,5024861.648,-75.71908723,45.36102939,2014-05-21,17:48,01 - Clear,01 - Dry,01 - Traffic signal,02 - Intersection related,01 - Daylight,03 - P.D. only,03 - Rear end,Borden Farm - Stewart Farm - Parkwood Hills - Fisher Glen
7135,DUNHAM ST @ OGILVIE RD,374723.1482,5033324.577,-75.60627868,45.43635696,2014-05-14,8:45,01 - Clear,01 - Dry,02 - Stop sign,02 - Intersection related,01 - Daylight,03 - P.D. only,04 - Sideswipe,Beacon Hill South - Cardinal Heights
7136,CONSTELLATION CRES @ BASELINE RD,362274.8098,5023596.318,-75.76650556,45.34995747,2014-05-14,16:00,01 - Clear,01 - Dry,01 - Traffic signal,02 - Intersection related,01 - Daylight,03 - P.D. only,04 - Sideswipe,Iris
7137,O'CONNOR ST @ QUEEN ST,367496.6746,5031584.627,-75.69885561,45.42138679,2014-05-15,15:34,01 - Clear,01 - Dry,01 - Traffic signal,02 - Intersection related,01 - Daylight,03 - P.D. only,99 - Other,Downtown
7138,WOODROFFE AVE btwn KNOXDALE RD/MEDHURST DR & NORICE ST,363210.3238,5022359.578,-75.75471356,45.3387521,2014-05-23,12:15,01 - Clear,01 - Dry,10 - No control,01 - Non intersection,01 - Daylight,03 - P.D. only,03 - Rear end,Tanglewood
7139,CATHERINE ST/HWY 417 O'CONN IC119BR76 @ O'CONN,368243.2709,5030394.141,-75.68946975,45.41060789,2014-05-23,11:50,01 - Clear,01 - Dry,01 - Traffic signal,02 - Intersection related,01 - Daylight,03 - P.D. only,04 - Sideswipe,Centretown
7140,REGIONAL ROAD 174 btwn HIGHWAY 417 & HWY417 IC113 RAMP65,373654.0375,5031836.294,-75.62014995,45.42307226,2014-05-22,9:31,01 - Clear,01 - Dry,10 - No control,01 - Non intersection,01 - Daylight,03 - P.D. only,07 - SMV other,Pineview
7141,BASELINE RD @ CENTREPOINTE DR E/HIGHGATE RD,362062.1605,5023464.557,-75.76923443,45.34878929,2014-05-26,18:27,01 - Clear,01 - Dry,01 - Traffic signal,03 - At intersection,01 - Daylight,03 - P.D. only,05 - Turning movement,Iris
7142,PINTAIL TER btwn SANDPIPER CRT & MOCKINGBIRD DR,382307.7751,5038775.519,-75.50849049,45.48460032,2014-05-25,22:30,01 - Clear,01 - Dry,10 - No control,01 - Non intersection,07 - Dark,03 - P.D. only,06 - SMV unattended vehicle,Chatelaine Village
7143,STEEPLE CHASE DR btwn PINE HILL DR & BON ECHO CRES,355562.4419,5017688.424,-75.85276867,45.29731541,2014-02-02,19:00,01 - Clear,02 - Wet,10 - No control,04 - At/near private drive,07 - Dark,03 - P.D. only,06 - SMV unattended vehicle,Bridlewood - Emerald Meadows
7144,NAVAHO DR @ WOODROFFE AVE/TRANSITWAY N BASELIN,362708.3346,5023491.111,-75.76098569,45.34897517,2014-03-24,16:59,01 - Clear,01 - Dry,01 - Traffic signal,02 - Intersection related,01 - Daylight,03 - P.D. only,05 - Turning movement,Crestview - Meadowlands