Record,Location,X,Y,lon,lat,Date,Time,Environment,Road_Surface,Traffic_Control,Collision_Location,Light,Collision_Classification,Impact_type,Neighborhood
7145,HILSON AVE btwn IONA ST & CLARE ST,364131.0506,5028114.195,-75.74227561,45.39045409,2014-05-17,0:00,02 - Rain,02 - Wet,10 - No control,01 - Non intersection,00 - Unknown,03 - P.D. only,06 - SMV unattended vehicle,Westboro
7146,CATHERINE ST btwn BAY ST & HWY417 IC120B RAMP36,367663.7414,5030044.669,-75.69691745,45.40751574,2014-05-17,17:10,01 - Clear,01 - Dry,10 - No control,01 - Non intersection,01 - Daylight,03 - P.D. only,03 - Rear end,Centretown
7147,TERRY FOX DR btwn MARCH VALLEY RD & HERZBERG RD,351149.5905,5023559.453,-75.90848072,45.35044927,2014-05-15,7:31,02 - Rain,02 - Wet,10 - No control,01 - Non intersection,01 - Daylight,03 - P.D. only,03 - Rear end,South March
7148,CARLING AVE EB btwn FOREST ST & NORTON AVE,360621.4255,5025003.169,-75.78744555,45.36274982,2014-05-29,8:45,01 - Clear,01 - Dry,10 - No control,01 - Non intersection,01 - Daylight,03 - P.D. only,04 - Sideswipe,Whitehaven - Queensway Terrace North
7149,HARRIS PL @ ROWLEY AVE,364281.1144,5023500.519,-75.74091481,45.3489282,2014-05-29,10:13,01 - Clear,01 - Dry,02 - Stop sign,03 - At intersection,01 - Daylight,03 - P.D. only,02 - Angle,Crestview - Meadowlands
7150,BANK ST @ HUNT CLUB RD,371610.1583,5024095.558,-75.64731257,45.3536223,2014-05-07,10:23,01 - Clear,01 - Dry,01 - Traffic signal,02 - Intersection related,01 - Daylight,03 - P.D. only,03 - Rear end,South Keys - Heron Gate - Greenboro West
7151,MARCH RD btwn SECOND LINE RD & DUNROBIN RD,346980.0105,5026058.935,-75.96147761,45.37320343,2014-04-23,6:56,01 - Clear,01 - Dry,10 - No control,01 - Non intersection,01 - Daylight,03 - P.D. only,99 - Other,Carp - Hardwood Plains
7152,BOOTH ST btwn 148 N OF MIDDLE ST/E.B. EDDY S & MIDDLE ST,366098.1085,5031311.538,-75.71675891,45.41905356,2014-04-23,9:35,01 - Clear,01 - Dry,10 - No control,01 - Non intersection,01 - Daylight,03 - P.D. only,04 - Sideswipe,LeBreto
7153,EAGLESON RD btwn KATIMAVIK RD & KAKULU RD,353260.5035,5019461.573,-75.88194373,45.31343313,2014-05-16,9:06,02 - Rain,02 - Wet,10 - No control,01 - Non intersection,01 - Daylight,03 - P.D. only,03 - Rear end,Greenbelt
7154,CHAPMAN BLVD @ OTHELLO AVE,373351.7451,5028987.78,-75.62440846,45.39747237,2014-05-16,11:40,02 - Rain,02 - Wet,02 - Stop sign,03 - At intersection,01 - Daylight,03 - P.D. only,99 - Other,Elmvale - Eastway - Riverview - Riverview Park West
7155,BLAIR RD @ OGILVIE RD,374510.0934,5033197.627,-75.60901948,45.43523601,2014-05-21,13:10,01 - Clear,01 - Dry,01 - Traffic signal,02 - Intersection related,01 - Daylight,03 - P.D. only,03 - Rear end,Beacon Hill South - Cardinal Heights
7156,MARCH RD btwn HALTON TERR/MAXWELL BRIDGE RD & KLONDIKE RD,348167.7704,5025266.883,-75.94638343,45.36600387,2014-05-20,1:30,01 - Clear,01 - Dry,10 - No control,01 - Non intersection,07 - Dark,03 - P.D. only,07 - SMV other,Carp - Hardwood Plains
7157,CAMPEAU DR/HWY 417 MARCH IC138R63 @ MARCH RD,352843.9946,5020476.467,-75.88715707,45.32259398,2014-05-14,16:40,01 - Clear,01 - Dry,01 - Traffic signal,02 - Intersection related,01 - Daylight,03 - P.D. only,03 - Rear end,Greenbelt
7158,MAITLAND AVE btwn AMESBROOKE DR & HENRY FARM DR,363834.0013,5025158.205,-75.74642232,45.36388164,2014-05-15,18:32,01 - Clear,01 - Dry,10 - No control,01 - Non intersection,01 - Daylight,03 - P.D. only,03 - Rear end,Braemar Park - Bel Air Heights - Copeland Park
7159,CHURCHILL AVE   N btwn PRINCETON AVE & AVONDALE AVE,363470.6366,5027729.748,-75.75075481,45.38705053,2014-05-19,15:00,01 - Clear,01 - Dry,10 - No control,01 - Non intersection,01 - Daylight,03 - P.D. only,02 - Angle,Westboro
7160,ST. PATRICK ST EB btwn COBOURG ST & VANIER PKWY,369020.1578,5033319.717,-75.67916411,45.43686028,2014-05-21,22:00,01 - Clear,01 - Dry,10 - No control,01 - Non intersection,07 - Dark,03 - P.D. only,04 - Sideswipe,Lower Town
7161,CARLING AVE @ KIRKWOOD AVE S,364350.6922,5027337.136,-75.73956454,45.38344361,2014-05-22,15:00,01 - Clear,01 - Dry,01 - Traffic signal,02 - Intersection related,01 - Daylight,03 - P.D. only,04 - Sideswipe,Carlington
7162,FRANK KENNY RD btwn GIROUX RD & COLONIAL RD,389645.0759,5033432.262,-75.41556715,45.43567444,2014-05-26,21:32,01 - Clear,01 - Dry,10 - No control,01 - Non intersection,07 - Dark,03 - P.D. only,07 - SMV other,Navan - Vars
7163,JEANNE D'ARC BLVD @ ORLEANS BLVD S,380940.5807,5036249.823,-75.52636901,45.46202665,2014-05-26,22:45,01 - Clear,01 - Dry,01 - Traffic signal,03 - At intersection,07 - Dark,03 - P.D. only,05 - Turning movement,Orleans Village - Chateauneuf
7164,MACDONALD-CARTIER BR btwn RAMP & END (2),367302.0148,5033254.28,-75.70113084,45.4364272,2014-03-25,13:37,01 - Clear,01 - Dry,10 - No control,07 - Overpass or bridge,01 - Daylight,03 - P.D. only,04 - Sideswipe,Bywar
7165,BANK ST @ HERON RD,369996.227,5026852.303,-75.66754495,45.37857856,2014-04-03,13:57,01 - Clear,01 - Dry,01 - Traffic signal,02 - Intersection related,01 - Daylight,03 - P.D. only,04 - Sideswipe,Alta Vista
7166,RIDGESIDE FARM DR @ MARCHURST RD,344607.6151,5024975.379,-75.99185264,45.36359206,2014-05-17,19:23,01 - Clear,01 - Dry,02 - Stop sign,03 - At intersection,01 - Daylight,03 - P.D. only,07 - SMV other,Carp - Hardwood Plains
7167,BASELINE RD @ 207 E OF CLYDE AVE,364535.0068,5025000.976,-75.73749368,45.36240753,2014-05-15,10:27,01 - Clear,01 - Dry,01 - Traffic signal,02 - Intersection related,01 - Daylight,03 - P.D. only,03 - Rear end,Civic Hospital - Experimental Farm - Central Park
7168,ST. LAURENT BLVD btwn NERTA ST & JOLIFFE ST,373740.1573,5028451.221,-75.61952295,45.39260653,2014-05-15,13:01,01 - Clear,01 - Dry,10 - No control,04 - At/near private drive,01 - Daylight,03 - P.D. only,02 - Angle,Hawthorne Meadows
7169,RIVERSIDE DR NB btwn BANK ST & RIVERSIDE DR NB RAMP FROM EB TO WB,369353.8933,5027960.713,-75.67560076,45.38861117,2014-05-29,10:25,01 - Clear,01 - Dry,10 - No control,04 - At/near private drive,01 - Daylight,03 - P.D. only,05 - Turning movement,Alta Vista
7170,RIVERSIDE DR @ TRANSITWAY - RIVERSIDE H,369772.5499,5028799.893,-75.67014427,45.39612311,2014-05-29,10:54,01 - Clear,01 - Dry,01 - Traffic signal,02 - Intersection related,01 - Daylight,03 - P.D. only,04 - Sideswipe,Alta Vista
7171,BESSERER ST @ DALHOUSIE ST,368254.1235,5032158.522,-75.6891039,45.42648221,2014-05-13,8:30,01 - Clear,01 - Dry,01 - Traffic signal,03 - At intersection,01 - Daylight,03 - P.D. only,04 - Sideswipe,Byward Market - Parliament Hill
7172,REGIONAL ROAD 174 btwn OR174 IC105 RAMP35 & OR174 IC105 RAMP25,379542.7609,5037076.092,-75.54411515,45.46961174,2014-05-12,15:00,01 - Clear,01 - Dry,10 - No control,01 - Non intersection,01 - Daylight,03 - P.D. only,99 - Other,Industrial Park
7173,EMOND ST @ MONTREAL RD,370193.2889,5033133.641,-75.66419593,45.43507732,2014-05-11,15:40,01 - Clear,01 - Dry,02 - Stop sign,02 - Intersection related,01 - Daylight,03 - P.D. only,04 - Sideswipe,Vanier
7174,FALLOWFIELD RD @ GREENBANK RD,363082.0975,5016733.403,-75.75701135,45.2881386,2014-04-26,16:45,02 - Rain,02 - Wet,01 - Traffic signal,02 - Intersection related,01 - Daylight,03 - P.D. only,03 - Rear end,Greenbelt
7175,BARNSDALE RD @ GREENBANK RD,365589.2669,5010926.447,-75.72576301,45.2356753,2014-04-28,13:49,01 - Clear,01 - Dry,02 - Stop sign,03 - At intersection,01 - Daylight,03 - P.D. only,05 - Turning movement,New Barrhaven
7176,FRANK ST @ O'CONNOR ST,368052.1806,5030697.574,-75.69187187,45.41335538,2014-05-16,11:59,02 - Rain,02 - Wet,02 - Stop sign,03 - At intersection,01 - Daylight,03 - P.D. only,02 - Angle,Centretown
7177,KANATA AVE @ GOLDRIDGE DR/EVANSHEN PL,350287.659,5019729.298,-75.91983224,45.31604107,2014-05-16,12:33,01 - Clear,02 - Wet,02 - Stop sign,03 - At intersection,01 - Daylight,03 - P.D. only,03 - Rear end,Kanata Lakes - Marchwood Lakeside - Morgan's Grant - Kanata
7178,LEBRETON ST @ RAYMOND ST,366959.5388,5029681.89,-75.70595848,45.40431445,2014-05-21,17:57,01 - Clear,01 - Dry,02 - Stop sign,02 - Intersection related,01 - Daylight,03 - P.D. only,05 - Turning movement,Centretown West
7179,HUNT CLUB RD @ RIVERSIDE DR,368038.1248,5021944.551,-75.69317218,45.33459923,2014-05-21,19:00,01 - Clear,01 - Dry,01 - Traffic signal,02 - Intersection related,01 - Daylight,03 - P.D. only,03 - Rear end,Hunt Club Woods - Quintarra - Revelstoke - Riverside South P
7180,BANK ST @ HERON RD,369998.0897,5026851.542,-75.66752127,45.37857154,2014-05-15,15:31,01 - Clear,01 - Dry,01 - Traffic signal,02 - Intersection related,01 - Daylight,03 - P.D. only,03 - Rear end,Alta Vista
7181,ALTA VISTA DR @ SMYTH RD,370435.0856,5029081.558,-75.66164553,45.39859564,2014-05-15,16:17,01 - Clear,01 - Dry,01 - Traffic signal,02 - Intersection related,01 - Daylight,03 - P.D. only,03 - Rear end,Alta Vista
7182,GREENBANK RD @ BERRIGAN DR/WESSEX RD,363722.2599,5015277.373,-75.74902403,45.27498385,2014-05-14,16:45,01 - Clear,01 - Dry,01 - Traffic signal,02 - Intersection related,01 - Daylight,03 - P.D. only,03 - Rear end,New Barrhaven
7183,CARLING AVE @ CROYDON AVE,360659.1545,5025041.57,-75.78695964,45.36309235,2014-05-14,19:00,01 - Clear,01 - Dry,01 - Traffic signal,03 - At intersection,01 - Daylight,03 - P.D. only,05 - Turning movement,Whitehaven - Queensway Terrace North
7184,CUMMINGS AVE btwn WELDON DR & OGILVIE RD,372738.7676,5032193.335,-75.63179511,45.42637423,2014-05-23,13:46,02 - Rain,02 - Wet,10 - No control,04 - At/near private drive,01 - Daylight,03 - P.D. only,02 - Angle,Cummings
7185,DALHOUSIE ST @ RIDEAU ST,368208.1309,5032227.581,-75.6896827,45.42710775,2014-05-24,0:15,01 - Clear,01 - Dry,01 - Traffic signal,02 - Intersection related,07 - Dark,03 - P.D. only,03 - Rear end,Byward Market - Parliament Hill
7186,BELCOURT BLVD @ ST. JOSEPH BLVD,381206.162,5037358.597,-75.52280108,45.47197349,2014-05-22,18:26,01 - Clear,01 - Dry,01 - Traffic signal,03 - At intersection,01 - Daylight,03 - P.D. only,02 - Angle,Orleans Village - Chateauneuf
7187,SNAKE ISLAND RD btwn GREY'S CREEK RD & SCRIVENS DR,382269.3682,5009274.046,-75.51360382,45.21917017,2014-05-23,5:18,01 - Clear,01 - Dry,10 - No control,01 - Non intersection,03 - Dawn,03 - P.D. only,07 - SMV other,Osgoode
7188,FRANK KENNY RD btwn GIROUX RD & COLONIAL RD,390037.1689,5032507.814,-75.41071661,45.42730958,2014-05-26,21:35,01 - Clear,01 - Dry,10 - No control,01 - Non intersection,07 - Dark,03 - P.D. only,07 - SMV other,Navan - Vars
7189,HUNT CLUB RD btwn RIVERSIDE DR & LINDBERGH PRIV,368296.744,5022093.993,-75.68985373,45.33592052,2014-05-27,7:52,01 - Clear,01 - Dry,10 - No control,01 - Non intersection,01 - Daylight,03 - P.D. only,99 - Other,Hunt Club - Ottawa Airport
7190,ARGYLE AVE N @ ELGIN ST,368494.3804,5030672.462,-75.68622602,45.41308932,2014-05-25,13:20,01 - Clear,01 - Dry,01 - Traffic signal,02 - Intersection related,01 - Daylight,03 - P.D. only,03 - Rear end,Centretown
7191,RIVERSIDE DR @ 175 S OF HUNT CLUB  RD/RUNWAY C,368027.0782,5021764.404,-75.69333612,45.33297929,2014-05-26,8:30,01 - Clear,01 - Dry,01 - Traffic signal,02 - Intersection related,01 - Daylight,03 - P.D. only,03 - Rear end,Hunt Club Woods - Quintarra - Revelstoke - Riverside South P
7192,PARKDALE AVE btwn SCOTT ST & BULLMAN ST,364971.9187,5029674.193,-75.73134744,45.40441888,2014-04-17,8:12,01 - Clear,01 - Dry,10 - No control,04 - At/near private drive,01 - Daylight,03 - P.D. only,02 - Angle,Islan
7193,MERIVALE RD btwn CLEOPATRA DR & SLACK RD,365955.9164,5021105.427,-75.71983933,45.32723346,2014-05-17,21:12,01 - Clear,01 - Dry,10 - No control,04 - At/near private drive,07 - Dark,03 - P.D. only,07 - SMV other,Merivale Gardens - Grenfell Glen - Pineglen - Country Place
7194,FAIRMONT AVE @ WELLINGTON ST,365556.9128,5029695.994,-75.72387257,45.40456451,2014-05-18,1:26,01 - Clear,01 - Dry,01 - Traffic signal,02 - Intersection related,07 - Dark,03 - P.D. only,06 - SMV unattended vehicle,Mechanicsville
7195,PINECREST RD btwn KELLY AVE & DUMAURIER AVE,360286.2495,5023928.609,-75.79184433,45.35310757,2014-05-21,19:10,01 - Clear,01 - Dry,10 - No control,01 - Non intersection,01 - Daylight,03 - P.D. only,04 - Sideswipe,Whitehaven - Queensway Terrace North
7196,DEAKIN ST @ PRINCE OF WALES DR,367391.185,5021524.436,-75.70147852,45.33087711,2014-05-13,18:00,01 - Clear,01 - Dry,01 - Traffic signal,02 - Intersection related,01 - Daylight,03 - P.D. only,03 - Rear end,Industrial Park
7197,HWY 417 ST.LAURE IC115R51 @ ST. LAURENT BLVD,372530.2376,5031411.263,-75.63456718,45.41935773,2014-05-29,12:50,01 - Clear,01 - Dry,01 - Traffic signal,02 - Intersection related,01 - Daylight,03 - P.D. only,03 - Rear end,Industrial Park
7198,Windy Ln btwn Trestle St and Chriscraft Way,369510.4198,5008863.513,-75.67609483,45.2167637,2014-05-06,9:45,01 - Clear,00 - Unknown,10 - No control,04 - At/near private drive,01 - Daylight,03 - P.D. only,06 - SMV unattended vehicle,Manotick
7199,CYRVILLE RD @ ST. LAURENT BLVD,372241.2469,5032112.528,-75.63816338,45.42569531,2014-05-12,19:55,01 - Clear,01 - Dry,01 - Traffic signal,02 - Intersection related,01 - Daylight,03 - P.D. only,03 - Rear end,Overbrook
7200,DEAKIN ST @ PRINCE OF WALES DR,367393.0808,5021522.54,-75.70145458,45.33085988,2014-05-16,15:15,02 - Rain,02 - Wet,01 - Traffic signal,02 - Intersection related,01 - Daylight,03 - P.D. only,03 - Rear end,Industrial Park
7201,CARLING AVE @ RICHMOND RD,360245.2051,5024779.617,-75.79227267,45.36076817,2014-05-14,15:17,01 - Clear,01 - Dry,01 - Traffic signal,02 - Intersection related,01 - Daylight,03 - P.D. only,99 - Other,Whitehaven - Queensway Terrace North
7202,COLONEL BY DR @ HAWTHORNE AVE/PRETORIA BRIDGE,368768.049,5030526.2,-75.6827489,45.41174834,2014-05-01,8:23,02 - Rain,02 - Wet,01 - Traffic signal,02 - Intersection related,01 - Daylight,03 - P.D. only,04 - Sideswipe,Old Ottawa East
7203,O'CONNOR ST @ WELLINGTON ST,367412.2774,5031720.687,-75.69991665,45.42261857,2014-05-01,20:00,01 - Clear,01 - Dry,01 - Traffic signal,02 - Intersection related,05 - Dusk,03 - P.D. only,07 - SMV other,Downtown
7204,JOCKVALE RD @ CAMBRIAN RD/GOLFLINKS DR W,365382.2169,5013220.573,-75.72812032,45.25633573,2014-05-21,21:05,01 - Clear,01 - Dry,11 - Roundabout,03 - At intersection,07 - Dark,03 - P.D. only,02 - Angle,New Barrhaven
7205,GREENBANK RD btwn WEST HUNT CLUB RD & FALLOWFIELD RD,362515.8182,5018050.848,-75.76407645,45.30003972,2014-05-15,6:20,01 - Clear,02 - Wet,10 - No control,01 - Non intersection,01 - Daylight,03 - P.D. only,07 - SMV other,Greenbelt
7206,BRONSON AVE @ POWELL AVE,367389.6562,5029476.74,-75.70049063,45.40243025,2014-05-15,21:14,01 - Clear,01 - Dry,01 - Traffic signal,03 - At intersection,07 - Dark,03 - P.D. only,02 - Angle,The Glebe
7207,DUMAURIER AVE btwn ALENMEDE CRES & RAMSEY CRES,359917.2752,5023281.538,-75.79662521,45.34731433,2014-05-15,23:16,01 - Clear,01 - Dry,10 - No control,01 - Non intersection,07 - Dark,03 - P.D. only,07 - SMV other,Whitehaven - Queensway Terrace North
7208,DALHOUSIE ST @ YORK ST,368092.2853,5032418.642,-75.69113843,45.42883734,2014-05-24,0:19,01 - Clear,01 - Dry,01 - Traffic signal,03 - At intersection,07 - Dark,03 - P.D. only,05 - Turning movement,Byward Market
7209,MANOTICK MAIN ST btwn BANKFIELD RD & HIGHCROFT DR,368447.9724,5010137.241,-75.68945789,45.22832144,2014-05-24,5:30,"07 - Fog, mist, smoke, dust",01 - Dry,10 - No control,01 - Non intersection,03 - Dawn,03 - P.D. only,07 - SMV other,Manotick
7210,BANK ST @ HERON RD,369996.1939,5026851.542,-75.66754548,45.37857172,2014-05-23,15:15,01 - Clear,02 - Wet,01 - Traffic signal,02 - Intersection related,01 - Daylight,03 - P.D. only,04 - Sideswipe,Alta Vista
7211,WOODROFFE AVE btwn NAVAHO DR & Continuation of WOODROFFE AVE,362818.4746,5023287.568,-75.7596041,45.3471346,2014-05-27,8:41,01 - Clear,01 - Dry,10 - No control,01 - Non intersection,01 - Daylight,03 - P.D. only,03 - Rear end,Crestview - Meadowlands
7212,SMYTH RD @ SMYTH RD NORTH SIDE RAMP/SMYTH RD S,369917.6616,5029122.02,-75.66824852,45.39900802,2014-05-26,12:30,01 - Clear,01 - Dry,03 - Yield sign,02 - Intersection related,01 - Daylight,03 - P.D. only,03 - Rear end,Alta Vista
7213,ST. LAURENT BLVD btwn FOLEY AVE & WALKLEY RD,373883.7477,5028086.285,-75.61774038,45.38930885,2014-05-27,13:37,01 - Clear,01 - Dry,10 - No control,04 - At/near private drive,01 - Daylight,03 - P.D. only,05 - Turning movement,Hawthorne Meadows
7214,COBOURG ST @ ST. PATRICK ST,368803.0317,5033234.853,-75.68195008,45.43611662,2014-04-22,16:50,01 - Clear,01 - Dry,01 - Traffic signal,02 - Intersection related,01 - Daylight,03 - P.D. only,03 - Rear end,Lower Town
7215,DALHOUSIE ST btwn GEORGE ST & RIDEAU ST,368161.7534,5032308.239,-75.69026494,45.42783768,2014-05-18,3:06,01 - Clear,01 - Dry,10 - No control,01 - Non intersection,07 - Dark,03 - P.D. only,03 - Rear end,Byward Market
7216,PRINCE OF WALES DR btwn MEADOWLANDS DR & NESBITT PL,367375.2364,5025653.667,-75.70115947,45.36803252,2014-05-18,11:06,01 - Clear,01 - Dry,10 - No control,01 - Non intersection,01 - Daylight,03 - P.D. only,03 - Rear end,Carleton Heights - Rideauview
7217,HAZELDEAN RD @ TERRY FOX DR,352208.118,5017243.718,-75.89557701,45.29354817,2014-05-22,8:00,01 - Clear,01 - Dry,01 - Traffic signal,02 - Intersection related,01 - Daylight,03 - P.D. only,03 - Rear end,Katimavik - Hazeldean
7218,COTTER'S CRES btwn DOWNPATRICK RD & DOWNPATRICK RD,370391.8343,5023071.951,-75.66299593,45.3445272,2014-05-17,9:35,01 - Clear,01 - Dry,10 - No control,04 - At/near private drive,01 - Daylight,03 - P.D. only,06 - SMV unattended vehicle,Hunt Club - Ottawa Airport
7219,BANK ST btwn SCRIVENS DR & JOHN QUINN RD,383349.3277,5010764.972,-75.4996198,45.23246519,2014-05-17,13:30,01 - Clear,01 - Dry,10 - No control,01 - Non intersection,01 - Daylight,03 - P.D. only,07 - SMV other,Osgoode
7220,ISLAND VIEW DR N @ MANOTICK MAIN ST,369789.1357,5009021.339,-75.67252594,45.21815815,2014-05-16,17:16,02 - Rain,02 - Wet,02 - Stop sign,02 - Intersection related,01 - Daylight,03 - P.D. only,03 - Rear end,Manotick
7221,KIRKWOOD AVE btwn CHATELAIN AVE & LEPAGE AVE,364760.3365,5026671.187,-75.73441491,45.37741658,2014-05-04,0:43,01 - Clear,02 - Wet,10 - No control,01 - Non intersection,07 - Dark,03 - P.D. only,04 - Sideswipe,Carlington
7222,VANIER PKWY SB btwn RIVERSIDE DR & TO BE DETERMINED,370803.5524,5031197.577,-75.65665633,45.4176001,2014-05-16,14:21,02 - Rain,02 - Wet,10 - No control,07 - Overpass or bridge,01 - Daylight,03 - P.D. only,03 - Rear end,Industrial Park
7223,PARKDALE AVE btwn KENILWORTH ST & HUTCHISON AVE,365449.9652,5028580.385,-75.72537581,45.39453579,2014-05-16,14:33,02 - Rain,02 - Wet,10 - No control,01 - Non intersection,01 - Daylight,03 - P.D. only,04 - Sideswipe,Civic Hospital - Experimental Farm - Central Park
7224,WOODROFFE AVE @ SPORTSPLEX N,363763.1884,5021066.286,-75.74781396,45.32706891,2014-05-22,7:58,01 - Clear,01 - Dry,01 - Traffic signal,03 - At intersection,01 - Daylight,03 - P.D. only,05 - Turning movement,Merivale Gardens - Grenfell Glen - Pineglen - Country Place
7225,COLDREY AVE @ KIRKWOOD AVE,364438.2216,5027136.54,-75.73847116,45.38163123,2014-05-22,10:03,01 - Clear,01 - Dry,01 - Traffic signal,03 - At intersection,01 - Daylight,03 - P.D. only,02 - Angle,Carlington
7226,EAGLESON RD btwn EAGLESON BUSINESS CENTRE & MICHAEL COWPLAND DR/STONEH,354286.0167,5016873.16,-75.86912369,45.29007055,2014-05-22,14:40,01 - Clear,01 - Dry,10 - No control,01 - Non intersection,01 - Daylight,03 - P.D. only,03 - Rear end,Bridlewood - Emerald Meadows
7227,WOODFIELD DR btwn DOWNSVIEW CRES & MERIVALE RD,365367.3751,5022273.133,-75.72720372,45.33779138,2014-05-21,9:10,01 - Clear,01 - Dry,10 - No control,01 - Non intersection,01 - Daylight,03 - P.D. only,06 - SMV unattended vehicle,Tanglewood
7228,DE SALABERRY ST @ LOYOLA AVE,375953.9875,5035147.027,-75.59028518,45.45263008,2014-05-15,8:47,01 - Clear,01 - Dry,02 - Stop sign,03 - At intersection,01 - Daylight,03 - P.D. only,02 - Angle,Greenbelt
7229,HUNT CLUB RD btwn RIVERSIDE DR & LINDBERGH PRIV,368213.4803,5022041.233,-75.69092273,45.33545333,2014-05-15,9:49,01 - Clear,01 - Dry,10 - No control,01 - Non intersection,01 - Daylight,03 - P.D. only,04 - Sideswipe,Hunt Club - Ottawa Airport
7230,ELGIN ST @ SPARKS ST W,367740.1448,5031830.891,-75.69571337,45.42358073,2014-05-16,7:32,01 - Clear,01 - Dry,01 - Traffic signal,02 - Intersection related,01 - Daylight,03 - P.D. only,07 - SMV other,Downtown
7231,MONTREAL RD btwn PALACE ST & VANIER PKWY,370038.1126,5033043.791,-75.66619097,45.43428338,2014-05-16,7:32,02 - Rain,02 - Wet,10 - No control,04 - At/near private drive,01 - Daylight,03 - P.D. only,05 - Turning movement,Vanier South
7232,REGIONAL ROAD 174 btwn OR174 IC112 RAMP36 & OR174 IC112 RAMP26,374753.7387,5032810.49,-75.60596078,45.43172843,2014-05-23,19:00,01 - Clear,01 - Dry,10 - No control,01 - Non intersection,01 - Daylight,03 - P.D. only,99 - Other,Pineview
7233,BYRON AVE @ HOLLAND AVE,365014.2264,5028959.503,-75.7308943,45.39798461,2014-05-23,14:20,02 - Rain,02 - Wet,02 - Stop sign,03 - At intersection,01 - Daylight,03 - P.D. only,02 - Angle,Island Park
7234,CATHERINE ST @ METCALFE ST,368393.4357,5030486.78,-75.68753953,45.41142779,2014-05-23,16:33,01 - Clear,01 - Dry,01 - Traffic signal,03 - At intersection,01 - Daylight,03 - P.D. only,05 - Turning movement,Centretown
7235,ST. JOSEPH BLVD/OLD MONTREAL RD @ TRIM RD,384683.1639,5039285.562,-75.47802541,45.4889214,2014-06-12,13:25,02 - Rain,02 - Wet,01 - Traffic signal,02 - Intersection related,01 - Daylight,03 - P.D. only,03 - Rear end,Cardinal Creek
7236,RICKEY PL btwn WINCHESTER DR & MCKITRICK DR,352732.374,5017070.678,-75.88891019,45.29195555,2014-04-10,16:15,01 - Clear,01 - Dry,10 - No control,04 - At/near private drive,01 - Daylight,03 - P.D. only,99 - Other,Glen Cairn - Kanata South Business Park
7237,MAYVIEW AVE btwn MEDFORD ST & MERIVALE RD,364755.7715,5026335.289,-75.73451398,45.37439461,2014-02-09,0:00,01 - Clear,01 - Dry,10 - No control,01 - Non intersection,00 - Unknown,03 - P.D. only,06 - SMV unattended vehicle,Carlington
7238,GEORGE ST btwn DALHOUSIE ST & CUMBERLAND ST,368299.3451,5032398.592,-75.6884951,45.42863817,2014-03-01,1:11,01 - Clear,01 - Dry,10 - No control,01 - Non intersection,07 - Dark,03 - P.D. only,04 - Sideswipe,Byward Market
7239,WAVERLEY ST @ O'CONNOR ST,368010.13,5030765.57,-75.69240035,45.41397098,2014-06-08,22:10,01 - Clear,01 - Dry,02 - Stop sign,03 - At intersection,07 - Dark,03 - P.D. only,02 - Angle,Centretown
7240,MONTREAL RD btwn GATESTONE PRIV & SINCLAIR ST,375955.5883,5034746.466,-75.59032266,45.44902592,2014-06-06,11:15,01 - Clear,01 - Dry,10 - No control,01 - Non intersection,01 - Daylight,03 - P.D. only,03 - Rear end,Beacon Hill South - Cardinal Heights
7241,CRESTWAY DR @ PRINCE OF WALES DR,367372.8957,5016575.961,-75.70233663,45.28635304,2014-06-06,11:38,01 - Clear,01 - Dry,01 - Traffic signal,02 - Intersection related,01 - Daylight,03 - P.D. only,03 - Rear end,Greenbelt
7242,CARLING AVE @ CARLINGWOOD SC,362072.5051,5025919.789,-75.76881792,45.37088044,2014-05-29,17:15,01 - Clear,01 - Dry,01 - Traffic signal,03 - At intersection,01 - Daylight,03 - P.D. only,05 - Turning movement,Carlingwood West - Glabar Park - McKellar Heights
7243,BANK ST btwn MACLAREN ST & GILMOUR ST,367750.7148,5030834.193,-75.69570565,45.41461182,2014-05-22,23:21,01 - Clear,01 - Dry,10 - No control,01 - Non intersection,07 - Dark,03 - P.D. only,04 - Sideswipe,Centretown
7244,ST. LAURENT BLVD @ COVENTRY RD/OGILVIE RD,372307.1413,5031950.627,-75.63734359,45.42423224,2014-05-25,15:02,01 - Clear,01 - Dry,01 - Traffic signal,02 - Intersection related,01 - Daylight,03 - P.D. only,03 - Rear end,Overbrook
7245,GREENBANK RD @ HWY 417 IC129 RAMP57/IRIS ST,360531.1331,5023312.774,-75.78878859,45.34754688,2014-05-31,17:30,01 - Clear,01 - Dry,01 - Traffic signal,03 - At intersection,01 - Daylight,03 - P.D. only,04 - Sideswipe,Iris
7246,ROGER STEVENS DR btwn DWYER HILL RD & MALAKOFF RD,354432.547,4989447.528,-75.86998212,45.04327299,2014-05-30,20:45,01 - Clear,01 - Dry,10 - No control,01 - Non intersection,05 - Dusk,03 - P.D. only,07 - SMV other,Munster Hamlet - Richmond
7247,GLOUCESTER ST @ O'CONNOR ST,367678.2355,5031291.633,-75.69657323,45.41873423,2014-06-03,15:08,01 - Clear,01 - Dry,01 - Traffic signal,02 - Intersection related,01 - Daylight,03 - P.D. only,03 - Rear end,Downtown
7248,LEROY ST btwn REGBURN DR & ELIZABETH ST,374979.5921,5000152.011,-75.60769362,45.13785536,2014-06-04,1:18,01 - Clear,02 - Wet,10 - No control,01 - Non intersection,07 - Dark,03 - P.D. only,07 - SMV other,Kars - Osgoode