Record,Location,X,Y,lon,lat,Date,Time,Environment,Road_Surface,Traffic_Control,Collision_Location,Light,Collision_Classification,Impact_type,Neighborhood
7249,CLARE ST @ KIRKWOOD AVE,364067.1702,5027972.603,-75.74310836,45.38918548,2014-06-03,15:15,01 - Clear,02 - Wet,01 - Traffic signal,02 - Intersection related,01 - Daylight,03 - P.D. only,03 - Rear end,Westboro
7250,COPERNICUS ST btwn LAURIER AVE E & UNIVERSITE PRIV,368712.6157,5031915.494,-75.68327684,45.42425379,2014-06-04,8:45,01 - Clear,01 - Dry,10 - No control,01 - Non intersection,01 - Daylight,03 - P.D. only,04 - Sideswipe,Sandy Hill
7251,JOHNSTON RD btwn CELLINI CRT & BLOHM DR,374515.5526,5026518.025,-75.60989412,45.37513577,2014-05-23,18:42,01 - Clear,01 - Dry,10 - No control,04 - At/near private drive,01 - Daylight,03 - P.D. only,05 - Turning movement,Industrial Park
7252,SOMERSET ST    W btwn CARTIER ST & MACDONALD ST,368386.3715,5031334.817,-75.68752036,45.41905879,2014-05-23,0:00,00 - Unknown,00 - Unknown,10 - No control,01 - Non intersection,07 - Dark,03 - P.D. only,06 - SMV unattended vehicle,Golden Triangle
7253,FALLOWFIELD RD @ WOODROFFE AVE,365086.5718,5017902.242,-75.73131822,45.29848667,2014-05-14,15:04,01 - Clear,01 - Dry,01 - Traffic signal,03 - At intersection,01 - Daylight,03 - P.D. only,05 - Turning movement,Greenbelt
7254,ELGIN ST @ LAURIER AVE,367949.1838,5031551.472,-75.69307823,45.42104777,2014-03-31,16:30,01 - Clear,01 - Dry,01 - Traffic signal,02 - Intersection related,01 - Daylight,03 - P.D. only,03 - Rear end,Downtown
7255,RICHMOND RD @ HOLLY ACRES RD/NANAIMO DR,359060.0934,5022746.6,-75.80762194,45.34256778,2014-06-11,7:45,01 - Clear,01 - Dry,01 - Traffic signal,02 - Intersection related,01 - Daylight,03 - P.D. only,03 - Rear end,Greenbelt
7256,WEST HUNT CLUB RD WB btwn MERIVALE RD & ROYDON PL,365781.2576,5022051.187,-75.72195071,45.33575849,2014-06-10,9:13,01 - Clear,01 - Dry,10 - No control,01 - Non intersection,01 - Daylight,03 - P.D. only,07 - SMV other,Industrial Park
7257,KING EDWARD AVE @ RIDEAU ST,368511.2333,5032414.537,-75.68578544,45.42876237,2014-03-25,10:23,01 - Clear,01 - Dry,01 - Traffic signal,03 - At intersection,01 - Daylight,03 - P.D. only,05 - Turning movement,Lowe
7258,TENTH LINE RD @ CHARLEMAGNE BLVD N/TOMPKINS AV,383184.4038,5037976.934,-75.49740549,45.4773175,2014-03-28,13:30,02 - Rain,02 - Wet,01 - Traffic signal,02 - Intersection related,01 - Daylight,03 - P.D. only,03 - Rear end,Queenswood Heights
7259,HUNT CLUB RD @ RIVERSIDE DR,368037.1769,5021945.499,-75.69318415,45.33460784,2014-06-12,14:30,02 - Rain,02 - Wet,01 - Traffic signal,02 - Intersection related,01 - Daylight,03 - P.D. only,03 - Rear end,Hunt Club Woods - Quintarra - Revelstoke - Riverside South P
7260,ALBERT ST btwn LYON ST N & KENT ST,367104.3323,5031244.195,-75.70391156,45.41835874,2014-04-17,16:40,01 - Clear,01 - Dry,10 - No control,01 - Non intersection,01 - Daylight,03 - P.D. only,04 - Sideswipe,Downtown
7261,LYON ST @ WELLINGTON ST,366935.7449,5031425.218,-75.70604264,45.42000252,2014-04-20,16:04,01 - Clear,01 - Dry,01 - Traffic signal,03 - At intersection,01 - Daylight,03 - P.D. only,05 - Turning movement,Downtown
7262,CARLING AVE @ BROADVIEW AVE,363181.1605,5026635.698,-75.75458059,45.37723061,2014-03-19,14:57,01 - Clear,01 - Dry,01 - Traffic signal,03 - At intersection,01 - Daylight,03 - P.D. only,05 - Turning movement,Carlingwood - McKellar Park - Laurentien View
7263,MONTREAL RD btwn MONTGOMERY ST & PALACE ST,369832.196,5032929.119,-75.66883766,45.43327079,2014-06-09,9:39,01 - Clear,01 - Dry,10 - No control,01 - Non intersection,01 - Daylight,03 - P.D. only,06 - SMV unattended vehicle,Vanier South
7264,ALBERT ST btwn LYON ST N & KENT ST,367071.0329,5031224.18,-75.70433953,45.41818162,2014-06-06,10:40,01 - Clear,01 - Dry,10 - No control,04 - At/near private drive,01 - Daylight,03 - P.D. only,05 - Turning movement,Downtown
7265,BENJAMIN AVE btwn FAIRLAWN AVE & BLYTHDALE RD,362432.1338,5025277.718,-75.76430192,45.36507366,2014-05-29,18:15,01 - Clear,01 - Dry,10 - No control,04 - At/near private drive,01 - Daylight,03 - P.D. only,06 - SMV unattended vehicle,Glabar Park
7266,MCCOOEY LANE @ FISHER AVE,365998.0575,5026423.872,-75.71864357,45.37508427,2014-05-22,11:47,01 - Clear,01 - Dry,01 - Traffic signal,03 - At intersection,01 - Daylight,03 - P.D. only,02 - Angle,Civic Hospital - Experimental Farm - Central Park
7267,BANK ST btwn BELMONT AVE & GROVE AVE,368816.5523,5028417.493,-75.68240302,45.39277045,2014-05-22,12:21,01 - Clear,01 - Dry,10 - No control,01 - Non intersection,01 - Daylight,03 - P.D. only,06 - SMV unattended vehicle,Old Ottawa South
7268,KANATA AVE @ TERRY FOX DR,349307.2893,5019212.532,-75.93238207,45.31145389,2014-05-29,16:53,01 - Clear,01 - Dry,01 - Traffic signal,02 - Intersection related,01 - Daylight,03 - P.D. only,03 - Rear end,Kanata Lakes - Marchwood Lakeside - Morgan's Grant - Kanata
7269,LEES AVE @ KING EDWARD AVE/MANN AVE,369180.0721,5031336.384,-75.67737963,45.4190003,2014-06-02,15:45,01 - Clear,01 - Dry,01 - Traffic signal,02 - Intersection related,01 - Daylight,03 - P.D. only,03 - Rear end,Sandy Hill
7270,ST. CHARLES ST btwn LAVAL ST & GENEST ST,369530.261,5033672.5,-75.67259847,45.43998745,2014-04-07,13:51,01 - Clear,01 - Dry,10 - No control,04 - At/near private drive,01 - Daylight,03 - P.D. only,06 - SMV unattended vehicle,Vanier North
7271,ST. JOSEPH BLVD @ JEANNE D'ARC BLVD,379860.2686,5036469.685,-75.54014773,45.46412171,2014-09-24,14:05,01 - Clear,01 - Dry,11 - Roundabout,03 - At intersection,01 - Daylight,03 - P.D. only,04 - Sideswipe,Chapel Hill
7272,WOODROFFE AVE btwn PINELAND AVE & SLACK RD,364156.4323,5020159.312,-75.74290655,45.31887488,2014-06-04,10:15,01 - Clear,01 - Dry,10 - No control,01 - Non intersection,01 - Daylight,03 - P.D. only,04 - Sideswipe,Merivale Gardens - Grenfell Glen - Pineglen - Country Place
7273,BANK ST @ OSSINGTON AVE,368891.1913,5028319.606,-75.68146257,45.39188287,2014-06-04,9:55,01 - Clear,01 - Dry,10 - No control,03 - At intersection,01 - Daylight,03 - P.D. only,99 - Other,Old Ottawa South
7274,BANK ST btwn ALBION RD & SIEVERIGHT AVE,372094.0324,5024140.933,-75.64113148,45.3539843,2014-05-28,16:08,01 - Clear,01 - Dry,10 - No control,04 - At/near private drive,01 - Daylight,03 - P.D. only,99 - Other,Blossom Park - Blossom Park West - Sawmill Creek/ Timbermill
7275,HWY417 IC113 RAMP65 btwn REGIONAL ROAD 174 & HIGHWAY 417,373933.1191,5031881.044,-75.61657786,45.42344737,2014-05-17,16:45,01 - Clear,01 - Dry,10 - No control,01 - Non intersection,01 - Daylight,03 - P.D. only,07 - SMV other,Pineview
7276,BANK ST @ GLEBE AVE,368240.1845,5029786.618,-75.68958735,45.40514187,2014-04-13,21:11,02 - Rain,02 - Wet,01 - Traffic signal,02 - Intersection related,07 - Dark,03 - P.D. only,04 - Sideswipe,The Glebe
7277,MONTREAL RD @ SHEFFORD RD,376125.2566,5034852.627,-75.58813844,45.4499638,2014-06-11,10:00,01 - Clear,01 - Dry,01 - Traffic signal,02 - Intersection related,01 - Daylight,03 - P.D. only,04 - Sideswipe,Beacon Hill South - Cardinal Heights
7278,ARGYLE AVE @ BANK ST,367994.287,5030372.572,-75.69265313,45.41043634,2014-06-06,12:00,01 - Clear,01 - Dry,10 - No control,02 - Intersection related,01 - Daylight,03 - P.D. only,05 - Turning movement,Centretown
7279,BEECHWOOD AVE @ CHARLEVOIX ST/MACKAY ST,369186.3449,5033592.351,-75.67700453,45.43929805,2014-03-28,12:46,02 - Rain,02 - Wet,01 - Traffic signal,03 - At intersection,01 - Daylight,03 - P.D. only,05 - Turning movement,Lindenlea - New Edinburgh
7280,CARLING AVE @ PINECREST  RD/GREENVIEW AVE,360005.2539,5024632.528,-75.79535171,45.3594636,2014-03-29,20:59,01 - Clear,01 - Dry,01 - Traffic signal,02 - Intersection related,07 - Dark,03 - P.D. only,03 - Rear end,Whitehaven - Queensway Terrace North
7281,REGIONAL ROAD 174 btwn QUIGLEY HILL RD & CAMERON ST,388874.623,5042467.38,-75.42386651,45.51705542,2014-06-12,15:51,02 - Rain,02 - Wet,10 - No control,01 - Non intersection,01 - Daylight,03 - P.D. only,03 - Rear end,Cumberland - Estates
7282,RIVER RD @ TEWSLEY,367966.7714,5015643.911,-75.69488543,45.27791343,2014-06-12,17:27,02 - Rain,02 - Wet,01 - Traffic signal,02 - Intersection related,01 - Daylight,03 - P.D. only,03 - Rear end,Gloucester
7283,CAMBRIDGE ST @ CARLING AVE,367354.3337,5029274.928,-75.70096739,45.40061756,2014-04-23,16:17,01 - Clear,01 - Dry,02 - Stop sign,02 - Intersection related,01 - Daylight,03 - P.D. only,03 - Rear end,Centretown West
7284,LYON ST @ SOMERSET ST,367366.9225,5030717.452,-75.70062354,45.41359584,2014-04-24,16:55,01 - Clear,01 - Dry,01 - Traffic signal,03 - At intersection,01 - Daylight,03 - P.D. only,05 - Turning movement,Centretown
7285,PRETORIA AVE btwn METCALFE ST & ELGIN ST,368512.2525,5030342.821,-75.68604031,45.41012169,2014-04-26,17:06,02 - Rain,02 - Wet,10 - No control,04 - At/near private drive,01 - Daylight,03 - P.D. only,06 - SMV unattended vehicle,The Glebe
7286,CAMERON ST @ REGIONAL RD 174,389859.8257,5042617.564,-75.41123239,45.5182871,2014-05-28,22:37,01 - Clear,01 - Dry,01 - Traffic signal,02 - Intersection related,07 - Dark,03 - P.D. only,99 - Other,Cumberland - Estates
7287,NOTTING HILL AVE btwn BANK ST & BANFF AVE,370428.3205,5025754.903,-75.6621742,45.36866418,2014-06-09,17:45,01 - Clear,01 - Dry,10 - No control,04 - At/near private drive,01 - Daylight,03 - P.D. only,02 - Angle,Ledbury - Heron Gate - Ridgemont - Elmwood
7288,HUNT CLUB RD @ BRIDLE PATH DR/DAZE ST,371294.0986,5023865.452,-75.65137689,45.35158192,2014-06-06,13:10,01 - Clear,01 - Dry,01 - Traffic signal,03 - At intersection,01 - Daylight,03 - P.D. only,03 - Rear end,South Keys - Heron Gate - Greenboro West
7289,DUNROBIN RD @ KINBURN SIDE RD,338029.1249,5035931.524,-76.07508637,45.46252173,2014-05-29,8:45,01 - Clear,01 - Dry,02 - Stop sign,02 - Intersection related,01 - Daylight,03 - P.D. only,03 - Rear end,Woodlawn
7290,FISHER AVE @ MEADOWLANDS DR,366575.5388,5025043.55,-75.71144378,45.36261375,2014-05-30,8:06,01 - Clear,01 - Dry,01 - Traffic signal,02 - Intersection related,01 - Daylight,03 - P.D. only,03 - Rear end,Carleton Heights - Rideauview
7291,INNES RD btwn VISENEAU DR & BELCOURT BLVD,382093.6449,5035249.203,-75.51178393,45.45289729,2014-05-30,18:58,01 - Clear,01 - Dry,10 - No control,01 - Non intersection,01 - Daylight,03 - P.D. only,03 - Rear end,Chapel Hill South
7292,WEST HUNT CLUB RD @ ANTARES DR/LASER ST,367105.3416,5022081.502,-75.70505476,45.33591493,2014-04-30,10:49,02 - Rain,02 - Wet,01 - Traffic signal,03 - At intersection,01 - Daylight,03 - P.D. only,03 - Rear end,Industrial Park
7293,INNES RD @ 260 E OF BELCOURT BLVD/WALMART SC,382346.7255,5035398.966,-75.50852511,45.4542167,2014-05-09,16:44,01 - Clear,01 - Dry,01 - Traffic signal,02 - Intersection related,01 - Daylight,03 - P.D. only,03 - Rear end,Orleans Village - Chateauneuf
7294,BASELINE RD btwn NAVAHO DR & DEERFIELD DR,363111.7571,5024115.516,-75.75576409,45.35456008,2014-02-21,17:37,03 - Snow,03 - Loose snow,10 - No control,01 - Non intersection,05 - Dusk,03 - P.D. only,07 - SMV other,Braemar Park - Bel Air Heights - Copeland Park
7295,HAWTHORNE RD @ HUNT CLUB RD,375508.2238,5026408.425,-75.59723727,45.37405018,2014-09-11,16:14,01 - Clear,01 - Dry,01 - Traffic signal,02 - Intersection related,01 - Daylight,03 - P.D. only,03 - Rear end,Industrial Park
7296,HAWTHORNE RD btwn STEVENAGE DR & HUNT CLUB RD,375493.058,5026444.444,-75.59742572,45.37437579,2014-09-22,18:21,01 - Clear,01 - Dry,10 - No control,04 - At/near private drive,01 - Daylight,03 - P.D. only,02 - Angle,Industrial Park
7297,BEAUSEJOUR DR @ JEANNE D'ARC BLVD,381419.2392,5036061.7,-75.52027849,45.46028174,2014-05-29,17:58,01 - Clear,01 - Dry,01 - Traffic signal,03 - At intersection,01 - Daylight,03 - P.D. only,05 - Turning movement,Orleans Village - Chateauneuf
7298,CARP RD @ HAZELDEAN RD,348804.102,5014360.436,-75.9392295,45.26782481,2014-05-27,11:15,01 - Clear,01 - Dry,01 - Traffic signal,02 - Intersection related,01 - Daylight,03 - P.D. only,03 - Rear end,Stittsville
7299,"OLD MONTREAL RD btwn GRAND-CH-NE, COUR DU CRT & TED KELLY LANE",386291.1095,5040830.199,-75.45720127,45.50263254,2014-04-18,19:51,02 - Rain,02 - Wet,10 - No control,01 - Non intersection,05 - Dusk,03 - P.D. only,07 - SMV other,Cumberland - Estates
7300,ORLEANS BLVD @ ST. JOSEPH BLVD,380630.3159,5036980.59,-75.53022314,45.46863526,2014-04-27,0:17,01 - Clear,02 - Wet,01 - Traffic signal,02 - Intersection related,07 - Dark,03 - P.D. only,07 - SMV other,Industrial Park
7301,CARLING AVE WB btwn RITCHIE ST & GREENVIEW AVE,359977.7658,5024615.466,-75.79570445,45.35931224,2014-03-30,4:55,03 - Snow,03 - Loose snow,10 - No control,01 - Non intersection,07 - Dark,03 - P.D. only,07 - SMV other,Whitehaven - Queensway Terrace North
7302,BASELINE RD @ FISHER AVE,366168.1154,5026028.533,-75.71652165,45.37151222,2014-03-30,20:59,01 - Clear,02 - Wet,01 - Traffic signal,02 - Intersection related,07 - Dark,03 - P.D. only,04 - Sideswipe,Civic Hospital - Experimental Farm - Central Park
7303,MAPLE GROVE RD btwn Continuation of MAPLE GROVE RD & SILVER SEVEN RD,351228.2583,5017569.308,-75.90803843,45.29654335,2014-06-12,17:54,02 - Rain,02 - Wet,10 - No control,04 - At/near private drive,01 - Daylight,03 - P.D. only,02 - Angle,Katimavik - Hazeldean
7304,NICHOLAS ST btwn DALY AVE & SB RAMP FROM WALLER/NICHOLAS/MACKENZIE KIN,368272.8837,5031975.599,-75.68888775,45.42483463,2014-04-24,20:00,01 - Clear,01 - Dry,10 - No control,04 - At/near private drive,05 - Dusk,03 - P.D. only,05 - Turning movement,Sandy Hill
7305,BEARBROOK RD @ NORTHPARK DR S,377841.454,5033230.439,-75.56644129,45.43519119,2014-05-03,13:34,01 - Clear,01 - Dry,02 - Stop sign,03 - At intersection,01 - Daylight,03 - P.D. only,02 - Angle,Blackburn Hamlet
7306,GREENBANK RD btwn MALVERN DR & HIGHBURY PARK DR,363501.7338,5015764.102,-75.75177688,45.27938189,2014-06-13,8:30,02 - Rain,02 - Wet,08 - Traffic gate,05 - At railway crossing,01 - Daylight,03 - P.D. only,03 - Rear end,Barrhaven West - Old Barrhaven
7307,BANK ST @ CATHERINE ST,368039.7054,5030268.332,-75.69208631,45.40949432,2014-05-02,17:04,01 - Clear,01 - Dry,01 - Traffic signal,03 - At intersection,01 - Daylight,03 - P.D. only,02 - Angle,Centretown
7308,WEST HUNT CLUB RD EB btwn WOODROFFE AVE & 354 E OF WOODROFFE AVE/REC P,363693.9138,5021262.603,-75.74867426,45.32884117,2014-05-09,7:15,01 - Clear,01 - Dry,10 - No control,01 - Non intersection,01 - Daylight,03 - P.D. only,03 - Rear end,Tanglewood
7309,BAYSWATER AVE @ SOMERSET ST,365813.2075,5029911.821,-75.72057218,45.40648417,2014-05-30,8:59,01 - Clear,01 - Dry,01 - Traffic signal,03 - At intersection,01 - Daylight,03 - P.D. only,05 - Turning movement,Centretow
7310,KING EDWARD AVE SB btwn MURRAY ST & CLARENCE ST,368297.8609,5032742.208,-75.68846976,45.43173004,2014-05-23,22:53,01 - Clear,01 - Dry,10 - No control,01 - Non intersection,07 - Dark,03 - P.D. only,99 - Other,Byward Market
7311,KINBURN SIDE RD btwn LIMESTONE RD & BECKS RD,334016.8652,5032315.418,-76.12660625,45.43016216,2014-05-31,6:00,01 - Clear,01 - Dry,10 - No control,01 - Non intersection,03 - Dawn,03 - P.D. only,07 - SMV other,Car
7312,WOODCREST RD btwn BRAESIDE AVE & CATON ST,370656.8768,5027955.592,-75.6589632,45.38844378,2014-05-31,8:30,01 - Clear,01 - Dry,10 - No control,01 - Non intersection,01 - Daylight,03 - P.D. only,06 - SMV unattended vehicle,Alta Vista
7313,JAMES ST @ KENT ST,367660.1874,5030600.47,-75.69689198,45.41251699,2014-05-11,15:16,01 - Clear,01 - Dry,02 - Stop sign,03 - At intersection,01 - Daylight,03 - P.D. only,05 - Turning movement,Centretown
7314,BANNER RD @ GREENBANK RD,361022.1465,5021567.44,-75.78272136,45.33180321,2014-05-14,7:24,01 - Clear,01 - Dry,01 - Traffic signal,03 - At intersection,01 - Daylight,03 - P.D. only,05 - Turning movement,Woodvale - Craig Henry - Manordale - Estates of Arlington Wo
7315,INNES RD @ 298 E OF WILDFLOWER DR/LOBLAWS SC,383188.4316,5035798.018,-75.49770151,45.45771311,2014-04-09,7:33,01 - Clear,01 - Dry,01 - Traffic signal,02 - Intersection related,01 - Daylight,03 - P.D. only,03 - Rear end,Avalon
7316,PARKDALE AVE @ WELLINGTON ST,365149.2267,5029270.556,-75.72913206,45.40077178,2014-04-14,12:33,01 - Clear,01 - Dry,01 - Traffic signal,02 - Intersection related,01 - Daylight,03 - P.D. only,04 - Sideswipe,Islan
7317,HAWTHORNE RD @ HUNT CLUB RD,375505.3802,5026407.477,-75.59727371,45.37404194,2014-09-21,18:30,01 - Clear,01 - Dry,01 - Traffic signal,03 - At intersection,01 - Daylight,03 - P.D. only,05 - Turning movement,Industrial Park
7318,ST. JOSEPH BLVD @ DUFORD DR/PLACE D'ORLEANS DR,381995.3137,5037994.692,-75.51260975,45.47760974,2014-05-29,20:45,01 - Clear,01 - Dry,01 - Traffic signal,03 - At intersection,07 - Dark,03 - P.D. only,05 - Turning movement,Queenswood Heights
7319,WALKLEY RD btwn BANTON ST & MELFORT ST,374373.393,5028326.638,-75.61145405,45.39142296,2014-05-30,16:28,01 - Clear,01 - Dry,10 - No control,04 - At/near private drive,01 - Daylight,03 - P.D. only,05 - Turning movement,Hawthorne Meadows
7320,Cedarstone St btwn Corndav Way and Rochelle Dr,356120.6462,5006185.87,-75.84683915,45.19377199,2014-06-27,9:30,01 - Clear,01 - Dry,10 - No control,01 - Non intersection,01 - Daylight,03 - P.D. only,06 - SMV unattended vehicle,Richmond
7321,COLONNADE RD @ PRINCE OF WALES DR,367393.2898,5023265.568,-75.70123142,45.34654331,2014-06-02,14:41,01 - Clear,01 - Dry,01 - Traffic signal,02 - Intersection related,01 - Daylight,03 - P.D. only,03 - Rear end,Industrial Park
7322,CARLING AVE WB btwn HWY417 IC124 RAMP67 & HWY417 IC124 RAMP65,364371.1318,5027542.288,-75.7392788,45.38528779,2014-04-28,12:43,01 - Clear,01 - Dry,10 - No control,04 - At/near private drive,01 - Daylight,03 - P.D. only,05 - Turning movement,Westboro
7323,LAFONTAINE AVE @ MCARTHUR AVE,370949.2384,5032770.626,-75.65458382,45.43173997,2014-04-30,15:30,02 - Rain,02 - Wet,01 - Traffic signal,03 - At intersection,01 - Daylight,03 - P.D. only,05 - Turning movement,Vanier South
7324,KIRKWOOD AVE @ MERIVALE RD,364853.2275,5026645.595,-75.73323208,45.37717835,2014-06-10,15:00,01 - Clear,01 - Dry,01 - Traffic signal,03 - At intersection,01 - Daylight,03 - P.D. only,05 - Turning movement,Carlington
7325,INNES RD @ 298 E OF WILDFLOWER DR/LOBLAWS SC,383190.2829,5035796.563,-75.49767807,45.45769981,2014-06-10,15:30,01 - Clear,01 - Dry,01 - Traffic signal,02 - Intersection related,01 - Daylight,03 - P.D. only,03 - Rear end,Avalon
7326,AYLMER AVE @ BANK ST,368672.7623,5028730.019,-75.68419881,45.39559559,2014-04-02,16:55,01 - Clear,01 - Dry,01 - Traffic signal,02 - Intersection related,01 - Daylight,03 - P.D. only,05 - Turning movement,Old Ottawa South
7327,BANK ST @ RIVERSIDE DR N,369227.1377,5027984.494,-75.67721624,45.38883681,2014-04-15,16:22,03 - Snow,06 - Ice,01 - Traffic signal,03 - At intersection,01 - Daylight,03 - P.D. only,02 - Angle,Alta Vista
7328,RIVERSIDE DR @ TREMBLAY RD/HWY417 IC117 RAMP52,370800.8961,5031018.449,-75.65671426,45.41598863,2014-06-12,18:12,02 - Rain,02 - Wet,01 - Traffic signal,02 - Intersection related,01 - Daylight,03 - P.D. only,03 - Rear end,Industrial Park
7329,TERRY FOX DR @ PALLADIUM DR/KATIMAVIK RD,351269.2441,5018181.775,-75.90745849,45.30205178,2014-06-12,18:10,01 - Clear,02 - Wet,01 - Traffic signal,02 - Intersection related,01 - Daylight,03 - P.D. only,03 - Rear end,Katimavik - Hazeldean
7330,CARLING AVE @ MAITLAND AVE/SHERBOURNE RD,362945.0676,5026488.527,-75.75761214,45.37592602,2014-04-29,13:30,01 - Clear,01 - Dry,01 - Traffic signal,02 - Intersection related,01 - Daylight,03 - P.D. only,03 - Rear end,Carlingwood - McKellar Park - Laurentien View
7331,BASELINE RD @ CLYDE AVE,364359.1772,5024892.409,-75.73975099,45.36144562,2014-05-07,17:16,01 - Clear,01 - Dry,01 - Traffic signal,02 - Intersection related,01 - Daylight,03 - P.D. only,03 - Rear end,Civic Hospital - Experimental Farm - Central Park
7332,HAWTHORNE RD @ HUNT CLUB RD,375507.276,5026405.581,-75.59724978,45.37402468,2014-05-06,7:27,04 - Freezing Rain,02 - Wet,01 - Traffic signal,02 - Intersection related,01 - Daylight,03 - P.D. only,04 - Sideswipe,Industrial Park
7333,KENT ST @ SOMERSET ST,367526.7012,5030816.325,-75.69856977,45.41447116,2014-05-07,18:50,01 - Clear,01 - Dry,01 - Traffic signal,03 - At intersection,01 - Daylight,03 - P.D. only,02 - Angle,Centretown
7334,GREENBANK RD btwn MALVERN DR & HIGHBURY PARK DR,363508.0061,5015748.327,-75.75169881,45.27923943,2014-06-13,8:50,02 - Rain,02 - Wet,10 - No control,01 - Non intersection,01 - Daylight,03 - P.D. only,03 - Rear end,Barrhaven West - Old Barrhaven
7335,WEST HUNT CLUB RD @ ANTARES DR/LASER ST,367107.9428,5022081.297,-75.7050216,45.33591286,2014-06-14,6:35,01 - Clear,01 - Dry,01 - Traffic signal,02 - Intersection related,01 - Daylight,03 - P.D. only,03 - Rear end,Industrial Park
7336,DALY AVE @ NICHOLAS ST,368227.701,5032047.334,-75.68945584,45.42548417,2014-05-09,9:40,01 - Clear,02 - Wet,01 - Traffic signal,02 - Intersection related,01 - Daylight,03 - P.D. only,03 - Rear end,Byward Market - Parliament Hill
7337,PRESTON ST btwn CARLING AVE & PRINCE OF WALES DR,366891.7068,5028788.87,-75.70693733,45.39628532,2014-05-07,17:30,01 - Clear,01 - Dry,10 - No control,01 - Non intersection,01 - Daylight,03 - P.D. only,03 - Rear end,The Glebe
7338,BESSERER ST @ NICHOLAS ST,368184.2871,5032111.58,-75.6900023,45.42606617,2014-05-30,10:00,01 - Clear,01 - Dry,01 - Traffic signal,02 - Intersection related,01 - Daylight,03 - P.D. only,03 - Rear end,Byward Market - Parliament Hill
7339,HWY 417 ST.LAURE IC115R51 @ ST. LAURENT BLVD,372531.7329,5031412.192,-75.63454795,45.41936595,2014-05-28,17:30,01 - Clear,01 - Dry,01 - Traffic signal,02 - Intersection related,01 - Daylight,03 - P.D. only,03 - Rear end,Industrial Park
7340,EASTWOOD PL @ MCARTHUR AVE,371051.7018,5032783.627,-75.65327269,45.43184725,2014-05-24,0:24,01 - Clear,01 - Dry,02 - Stop sign,02 - Intersection related,07 - Dark,03 - P.D. only,07 - SMV other,Vanier South
7341,WOODROFFE AVE @ SPORTSPLEX N,363762.2405,5021066.286,-75.74782605,45.32706899,2014-05-31,9:45,01 - Clear,01 - Dry,01 - Traffic signal,03 - At intersection,01 - Daylight,03 - P.D. only,05 - Turning movement,Merivale Gardens - Grenfell Glen - Pineglen - Country Place
7342,ELGIN ST @ SOMERSET ST,368164.2347,5031200.468,-75.69037572,45.41787011,2014-05-23,13:39,01 - Clear,01 - Dry,01 - Traffic signal,03 - At intersection,01 - Daylight,03 - P.D. only,05 - Turning movement,Centretown
7343,INDUSTRIAL AVE btwn RUSSELL RD & ST. LAURENT BLVD,372730.3338,5030032.675,-75.63220072,45.40693444,2014-04-15,9:45,02 - Rain,02 - Wet,10 - No control,01 - Non intersection,01 - Daylight,03 - P.D. only,03 - Rear end,Industrial Park
7344,ST. JOSEPH BLVD @ JEANNE D'ARC BLVD,379861.2164,5036468.737,-75.54013576,45.46411308,2014-11-17,7:00,03 - Snow,02 - Wet,11 - Roundabout,02 - Intersection related,03 - Dawn,03 - P.D. only,03 - Rear end,Chapel Hill
7345,CLAYMOR AVE @ MEADOWLANDS DR,366919.2836,5025323.472,-75.70702116,45.36510206,2014-06-04,12:20,01 - Clear,01 - Dry,01 - Traffic signal,03 - At intersection,01 - Daylight,03 - P.D. only,02 - Angle,Carleton Heights - Rideauview
7346,BASELINE RD @ SANDCASTLE DR,359629.1951,5021986.545,-75.80044477,45.33568454,2014-05-30,18:28,01 - Clear,01 - Dry,01 - Traffic signal,02 - Intersection related,01 - Daylight,03 - P.D. only,03 - Rear end,Briar Green - Leslie Park
7347,SOUTH RIVER DR N @ VAN VLIET RD N,369227.6563,5010212.495,-75.67952007,45.22892768,2014-06-02,15:50,01 - Clear,01 - Dry,02 - Stop sign,03 - At intersection,01 - Daylight,03 - P.D. only,02 - Angle,Manotick
7348,YORKS CORNERS RD btwn MITCH OWENS RD & LYNWOOD PARK PRIV,386297.1087,5019743.516,-75.46061017,45.31291299,2014-06-03,5:53,01 - Clear,01 - Dry,10 - No control,01 - Non intersection,01 - Daylight,03 - P.D. only,07 - SMV other,Metcalfe
7349,ST. LAURENT BLVD btwn HWY417 IC115 RAMP51 & HWY417 IC115 RAMP25,372534.6342,5031400.077,-75.63451255,45.41925666,2014-05-16,14:55,02 - Rain,02 - Wet,10 - No control,01 - Non intersection,01 - Daylight,03 - P.D. only,04 - Sideswipe,Industrial Park
7350,REGIONAL ROAD 174 EB btwn HWY417 IC113 RAMP65 & OR174 BLAIR IC112 RAMP51,374758.5965,5032786.32,-75.60590214,45.43151048,2014-06-10,16:20,01 - Clear,01 - Dry,10 - No control,01 - Non intersection,01 - Daylight,03 - P.D. only,03 - Rear end,Pineview
7351,REGIONAL ROAD 174 btwn OR174 IC112 RAMP51 & OR174 IC112 RAMP15,374867.6012,5032874.472,-75.60449664,45.43229271,2014-06-10,20:24,01 - Clear,01 - Dry,10 - No control,01 - Non intersection,01 - Daylight,03 - P.D. only,03 - Rear end,Greenbelt