Record,Location,X,Y,lon,lat,Date,Time,Environment,Road_Surface,Traffic_Control,Collision_Location,Light,Collision_Classification,Impact_type,Neighborhood
7352,ALTA VISTA DR @ SMYTH RD,370435.0856,5029079.662,-75.66164578,45.39857858,2014-04-28,20:15,01 - Clear,01 - Dry,01 - Traffic signal,03 - At intersection,05 - Dusk,03 - P.D. only,05 - Turning movement,Alta Vista
7353,INNES RD btwn FRANK KENNY RD & O'TOOLE RD,388469.6182,5038031.982,-75.42980581,45.47719945,2014-06-12,18:53,02 - Rain,02 - Wet,10 - No control,01 - Non intersection,01 - Daylight,03 - P.D. only,07 - SMV other,Cumberland - Estates
7354,BANK ST btwn CONROY RD & KEMP DR,375068.9207,5022216.698,-75.60344115,45.33637905,2014-05-09,9:43,01 - Clear,01 - Dry,10 - No control,01 - Non intersection,01 - Daylight,03 - P.D. only,07 - SMV other,Greenbelt
7355,METCALFE ST btwn CATHERINE ST & ISABELLA ST,368441.6901,5030409.557,-75.68693308,45.41072858,2014-05-12,12:59,01 - Clear,01 - Dry,10 - No control,01 - Non intersection,01 - Daylight,03 - P.D. only,04 - Sideswipe,The Glebe
7356,MERIVALE RD @ BENTLEY AVE/CAMELOT DR,365773.4086,5021560.179,-75.72211134,45.33134114,2014-05-14,16:14,01 - Clear,01 - Dry,01 - Traffic signal,03 - At intersection,01 - Daylight,03 - P.D. only,05 - Turning movement,Merivale Gardens - Grenfell Glen - Pineglen - Country Place
7357,BRONSON AVE @ CATHERINE ST/RAYMOND ST,367253.1824,5029794.671,-75.70219349,45.40530309,2014-05-11,7:49,01 - Clear,01 - Dry,01 - Traffic signal,03 - At intersection,01 - Daylight,03 - P.D. only,02 - Angle,Centretown West
7358,RENAUD RD btwn NAVAN RD & WHITE ST,382658.6564,5033262.572,-75.50487555,45.43496053,2014-05-30,8:00,01 - Clear,01 - Dry,10 - No control,01 - Non intersection,01 - Daylight,03 - P.D. only,07 - SMV other,Chapel Hill South
7359,LAJOIE ST @ MONTREAL RD,370535.2216,5033326.841,-75.6598003,45.43678359,2014-03-20,14:25,01 - Clear,01 - Dry,01 - Traffic signal,02 - Intersection related,01 - Daylight,03 - P.D. only,03 - Rear end,Vanier South
7360,MALKOWSKI ST btwn STATEWOOD DR & FORESTBROOK ST,348805.0705,5022852.39,-75.93846321,45.34423798,2014-05-23,0:00,01 - Clear,00 - Unknown,10 - No control,04 - At/near private drive,00 - Unknown,03 - P.D. only,06 - SMV unattended vehicle,Morgan's Grant
7361,CARSONBY RD    W btwn THIRD LINE RD N & PRINCE OF WALES DR,366356.3421,5004113.944,-75.71683573,45.17430935,2014-05-31,10:49,01 - Clear,01 - Dry,10 - No control,04 - At/near private drive,01 - Daylight,03 - P.D. only,02 - Angle,Manotick - North Gower
7362,BASELINE RD btwn TURN LANE & PRINCE OF WALES DR,366839.3203,5026429.15,-75.70790296,45.37505778,2014-05-23,22:30,01 - Clear,01 - Dry,10 - No control,01 - Non intersection,07 - Dark,03 - P.D. only,04 - Sideswipe,Civic Hospital - Experimental Farm - Central Park
7363,RIVERSIDE DR @ HERON RD,368122.5267,5026645.325,-75.69149332,45.37688808,2014-05-29,15:30,01 - Clear,01 - Dry,01 - Traffic signal,02 - Intersection related,01 - Daylight,03 - P.D. only,03 - Rear end,Riverside Park
7364,TORBOLTON RIDGE RD btwn KINBURN SIDE RD & VANCES SIDE RD,337824.9256,5031793.818,-76.07797517,45.42529918,2014-05-08,17:36,01 - Clear,08 - Loose sand or gravel,10 - No control,01 - Non intersection,01 - Daylight,03 - P.D. only,07 - SMV other,Car
7365,ST. LAURENT BLVD btwn DONALD ST & 125 N OF QUEEN MARY ST,372102.7176,5032447.94,-75.63988762,45.42872653,2014-06-04,12:45,01 - Clear,01 - Dry,10 - No control,01 - Non intersection,01 - Daylight,03 - P.D. only,04 - Sideswipe,Overbrook
7366,MONTREAL RD btwn HILLSIDE DR & MONTREAL SQUARE SC,371720.2777,5033901.094,-75.64457702,45.44183803,2014-06-04,12:10,01 - Clear,01 - Dry,10 - No control,04 - At/near private drive,01 - Daylight,03 - P.D. only,02 - Angle,Cummings
7367,FIRST LINE RD btwn ELIJAH CRT & CENTURY RD E,367480.0338,5007779.253,-75.70207997,45.20719106,2014-05-30,22:15,01 - Clear,01 - Dry,10 - No control,01 - Non intersection,07 - Dark,03 - P.D. only,07 - SMV other,Manotick
7368,PARENT AVE @ ST. PATRICK ST,367820.2805,5032557.541,-75.69459647,45.43011167,2014-06-03,12:00,02 - Rain,02 - Wet,01 - Traffic signal,03 - At intersection,01 - Daylight,03 - P.D. only,05 - Turning movement,Byward Market
7369,RAHUL CRES btwn KOCHAR DR & KOCHAR DR,367810.9263,5024888.682,-75.69569552,45.36111033,2014-05-26,9:00,01 - Clear,01 - Dry,10 - No control,04 - At/near private drive,01 - Daylight,03 - P.D. only,06 - SMV unattended vehicle,Carleton Heights - Rideauview
7370,MARCH RD btwn MARCH RD & BEACHVALE LANE,344779.0659,5024131.173,-75.98973243,45.35598589,2014-06-11,8:15,01 - Clear,01 - Dry,10 - No control,01 - Non intersection,01 - Daylight,03 - P.D. only,07 - SMV other,Carp - Hardwood Plains
7371,KINBURN SIDE RD btwn DOMINION SPRINGS RD & UPPER DWYER HILL RD,325009.1649,5024331.999,-76.24205093,45.35864158,2014-06-11,0:30,01 - Clear,01 - Dry,10 - No control,01 - Non intersection,07 - Dark,03 - P.D. only,07 - SMV other,Mississipp
7372,MONTREAL RD @ VANIER PKWY,370071.288,5033066.54,-75.66576398,45.43448497,2014-05-12,14:45,01 - Clear,01 - Dry,01 - Traffic signal,02 - Intersection related,01 - Daylight,03 - P.D. only,04 - Sideswipe,Vanier
7373,210 W OF MERIVALE RD @ WEST HUNT CLUB RD,365432.5021,5021831.802,-75.72642689,45.33381471,2014-05-24,13:42,01 - Clear,01 - Dry,01 - Traffic signal,03 - At intersection,01 - Daylight,03 - P.D. only,05 - Turning movement,Tanglewood
7374,GREENBANK RD @ WEST HUNT CLUB RD,361480.1509,5020502.479,-75.77700055,45.32218386,2014-06-13,6:54,02 - Rain,02 - Wet,01 - Traffic signal,02 - Intersection related,01 - Daylight,03 - P.D. only,03 - Rear end,Greenbelt
7375,PRINCE OF WALES DR btwn 187 N OF MEADOWLANDS DR & MEADOWLANDS DR/HOG'S,367366.3772,5025716.534,-75.7012646,45.36859897,2014-05-15,9:48,01 - Clear,01 - Dry,10 - No control,01 - Non intersection,01 - Daylight,03 - P.D. only,04 - Sideswipe,Carleton Heights - Rideauview
7376,METCALFE ST @ QUEEN ST,367648.2281,5031678.683,-75.69690724,45.42221948,2014-05-18,10:45,01 - Clear,01 - Dry,01 - Traffic signal,03 - At intersection,01 - Daylight,03 - P.D. only,04 - Sideswipe,Downtown
7377,Findlay Creek Dr btwn Woodbriar Way and Gracewood Cres,374503.9443,5019532.146,-75.61102668,45.31228081,2014-06-10,8:50,01 - Clear,01 - Dry,10 - No control,01 - Non intersection,01 - Daylight,03 - P.D. only,07 - SMV other,Greenbelt
7378,KING EDWARD AVE @ ST. PATRICK ST,368247.2795,5032821.693,-75.68910591,45.43244981,2014-05-11,9:30,01 - Clear,01 - Dry,01 - Traffic signal,02 - Intersection related,01 - Daylight,03 - P.D. only,03 - Rear end,Byward Market
7379,COLONEL BY DR @ HAWTHORNE AVE/PRETORIA BRIDGE,368767.7102,5030526.327,-75.68275321,45.41174951,2014-05-15,14:02,01 - Clear,01 - Dry,01 - Traffic signal,03 - At intersection,01 - Daylight,03 - P.D. only,05 - Turning movement,Old Ottawa East
7380,WOODRIDGE CRES btwn BAYSHORE DR & BAYSHORE PS,358911.8486,5023772.98,-75.80940116,45.35181462,2014-05-26,17:38,01 - Clear,01 - Dry,10 - No control,04 - At/near private drive,01 - Daylight,03 - P.D. only,05 - Turning movement,Bayshore
7381,FRANKTOWN RD btwn CONLEY RD & JOY'S RD,354605.5283,5004264.823,-75.86631277,45.17659432,2014-05-27,4:58,01 - Clear,01 - Dry,10 - No control,01 - Non intersection,07 - Dark,03 - P.D. only,07 - SMV other,Munster Hamlet - Richmond
7382,LAURIER AVE @ NICHOLAS ST,368373.1631,5031796.374,-75.68762955,45.42321292,2014-05-31,11:30,01 - Clear,01 - Dry,01 - Traffic signal,02 - Intersection related,01 - Daylight,03 - P.D. only,03 - Rear end,Sandy Hill
7383,WEST HUNT CLUB RD @ ANTARES DR/LASER ST,367108.1852,5022083.397,-75.70501824,45.33593173,2014-05-29,19:16,01 - Clear,01 - Dry,01 - Traffic signal,03 - At intersection,01 - Daylight,03 - P.D. only,05 - Turning movement,Industrial Park
7384,ETHEL ST @ HANNAH ST,370147.2379,5033457.694,-75.66474144,45.43799732,2014-05-14,18:35,01 - Clear,01 - Dry,02 - Stop sign,03 - At intersection,01 - Daylight,03 - P.D. only,02 - Angle,Vanier North
7385,ALTA VISTA DR @ KILBORN AVE,370364.3013,5027750.591,-75.66272642,45.38662671,2014-06-04,14:55,01 - Clear,01 - Dry,01 - Traffic signal,02 - Intersection related,01 - Daylight,03 - P.D. only,03 - Rear end,Alta Vista
7386,PRINCE OF WALES DR @ WEST HUNT CLUB RD,367456.3406,5021891.503,-75.7006009,45.3341741,2014-06-02,8:00,01 - Clear,01 - Dry,01 - Traffic signal,02 - Intersection related,01 - Daylight,03 - P.D. only,03 - Rear end,Industrial Park
7387,PRINCE OF WALES DR @ MEADOWLANDS DR/HOG'S BACK,367372.3928,5025692.529,-75.70119085,45.36838244,2014-05-30,12:17,01 - Clear,01 - Dry,01 - Traffic signal,03 - At intersection,01 - Daylight,03 - P.D. only,02 - Angle,Carleton Heights - Rideauview
7388,GLOUCESTER ST @ METCALFE ST,367835.1336,5031387.528,-75.69455639,45.41958295,2014-05-30,12:45,01 - Clear,01 - Dry,01 - Traffic signal,03 - At intersection,01 - Daylight,03 - P.D. only,05 - Turning movement,Downtown
7389,CAMPEAU DR/HWY 417 MARCH IC138R63 @ MARCH RD,352839.2552,5020475.519,-75.88721761,45.32258578,2014-06-11,13:15,02 - Rain,02 - Wet,01 - Traffic signal,02 - Intersection related,01 - Daylight,03 - P.D. only,03 - Rear end,Greenbelt
7390,225 E OF RIVERSIDE DR / T & T SC @ HUNT CLUB RD,368235.6976,5022055.979,-75.69063741,45.335584,2014-05-26,17:20,01 - Clear,01 - Dry,01 - Traffic signal,02 - Intersection related,01 - Daylight,03 - P.D. only,03 - Rear end,Hunt Club - Ottawa Airport
7391,METCALFE ST @ SOMERSET ST,368012.1261,5031105.521,-75.69233124,45.41702957,2014-05-31,11:51,01 - Clear,01 - Dry,01 - Traffic signal,02 - Intersection related,01 - Daylight,03 - P.D. only,03 - Rear end,Centretown
7392,HARDING RD @ WALKLEY RD,373146.361,5027607.587,-75.62722263,45.38507408,2014-06-13,8:10,02 - Rain,02 - Wet,01 - Traffic signal,02 - Intersection related,01 - Daylight,03 - P.D. only,07 - SMV other,Urbandale
7393,MARCH RD btwn BURNT LANDS RD & UPPER DWYER HILL RD,333201.3305,5013642.161,-76.13810091,45.26216448,2014-06-09,10:30,01 - Clear,01 - Dry,10 - No control,01 - Non intersection,01 - Daylight,03 - P.D. only,07 - SMV other,Carp - Hardwood Plains
7394,FISHER AVE @ MEADOWLANDS DR,366574.591,5025047.342,-75.7114554,45.36264796,2014-05-15,23:17,01 - Clear,01 - Dry,01 - Traffic signal,03 - At intersection,07 - Dark,03 - P.D. only,05 - Turning movement,Carleton Heights - Rideauview
7395,PAMILLA ST btwn PRESTON ST & END,366728.3241,5029118.665,-75.70898252,45.3992672,2014-05-16,19:00,01 - Clear,01 - Dry,10 - No control,01 - Non intersection,01 - Daylight,03 - P.D. only,06 - SMV unattended vehicle,Little Italy
7396,MERIVALE RD btwn AMBERWOOD CRES & FALLOWFIELD RD,366507.4586,5019778.822,-75.71296931,45.31524857,2014-05-20,16:54,01 - Clear,01 - Dry,10 - No control,01 - Non intersection,01 - Daylight,03 - P.D. only,03 - Rear end,Greenbelt
7397,CUMMINGS AVE @ OGILVIE RD,372750.142,5032168.69,-75.63165317,45.42615138,2014-05-01,15:30,01 - Clear,01 - Dry,01 - Traffic signal,02 - Intersection related,01 - Daylight,03 - P.D. only,03 - Rear end,Cummings
7398,QUEEN MARY ST btwn LOLA ST & NAUGHTON ST,371144.4155,5032047.427,-75.65218708,45.42521445,2014-05-01,18:00,01 - Clear,01 - Dry,10 - No control,01 - Non intersection,01 - Daylight,03 - P.D. only,04 - Sideswipe,Overbrook
7399,MERIVALE RD @ SLACK RD,366020.1742,5020954.545,-75.71903833,45.32587025,2014-05-15,17:40,01 - Clear,01 - Dry,01 - Traffic signal,02 - Intersection related,01 - Daylight,03 - P.D. only,03 - Rear end,Merivale Gardens - Grenfell Glen - Pineglen - Country Place
7400,BLACKBURN AVE btwn TEMPLETON ST & MANN AVE,369528.6229,5031748.748,-75.67287229,45.42267844,2014-04-04,19:11,01 - Clear,01 - Dry,10 - No control,04 - At/near private drive,01 - Daylight,03 - P.D. only,06 - SMV unattended vehicle,Sandy Hill
7401,MANOTICK STATION RD @ SNAKE ISLAND RD,376804.5709,5005706.856,-75.58369174,45.18765321,2014-05-27,15:33,01 - Clear,01 - Dry,02 - Stop sign,03 - At intersection,01 - Daylight,03 - P.D. only,05 - Turning movement,Kars - Osgoode
7402,KNOXDALE RD @ WEST HUNT CLUB RD,361863.2118,5020586.373,-75.77210503,45.3229077,2014-05-30,11:02,01 - Clear,01 - Dry,01 - Traffic signal,02 - Intersection related,01 - Daylight,03 - P.D. only,03 - Rear end,Woodvale - Craig Henry - Manordale - Estates of Arlington Wo
7403,ATLANTIS AVE btwn SELBY AVE & LANARK AVE,362826.4095,5028772.732,-75.75885848,45.39648882,2014-05-31,14:49,01 - Clear,01 - Dry,10 - No control,01 - Non intersection,01 - Daylight,03 - P.D. only,06 - SMV unattended vehicle,Westboro Beach
7404,CYRVILLE RD @ OGILVIE RD,372454.193,5032004.622,-75.63545725,45.42470386,2014-06-02,8:45,01 - Clear,01 - Dry,01 - Traffic signal,02 - Intersection related,01 - Daylight,03 - P.D. only,03 - Rear end,Cummings
7405,BANK ST btwn LYNCH ST & CONROY RD,374707.8886,5022423.333,-75.60801779,45.33827434,2014-05-26,14:30,01 - Clear,01 - Dry,10 - No control,01 - Non intersection,01 - Daylight,03 - P.D. only,99 - Other,Greenbelt
7406,MAITLAND AVE/GLENMOUNT AVE @ ERINDALE DR,363697.8799,5025211.834,-75.74815338,45.36437563,2014-06-04,16:06,01 - Clear,01 - Dry,01 - Traffic signal,02 - Intersection related,01 - Daylight,03 - P.D. only,03 - Rear end,Braemar Park - Bel Air Heights - Copeland Park
7407,NEPEAN ST @ O'CONNOR ST,367720.236,5031226.585,-75.69604493,45.41814518,2014-06-02,17:25,01 - Clear,01 - Dry,02 - Stop sign,03 - At intersection,01 - Daylight,03 - P.D. only,02 - Angle,Centretown
7408,PHILIP ST btwn VANCE ST & WAYNE ST,375340.8894,5001041.433,-75.60297494,45.14582231,2014-05-31,19:30,01 - Clear,01 - Dry,10 - No control,01 - Non intersection,01 - Daylight,03 - P.D. only,07 - SMV other,Kars - Osgoode
7409,DALY AVE btwn MACKENZIE AVE & NICHOLAS ST,368189.3124,5032019.086,-75.68995,45.42523349,2014-05-30,14:51,01 - Clear,01 - Dry,10 - No control,01 - Non intersection,01 - Daylight,03 - P.D. only,05 - Turning movement,Byward Market - Parliament Hill
7410,CASTLEFRANK RD @ HAZELDEAN RD,352677.4042,5017676.769,-75.88955245,45.29741305,2014-06-05,14:25,01 - Clear,01 - Dry,01 - Traffic signal,02 - Intersection related,01 - Daylight,03 - P.D. only,02 - Angle,Glen Cairn - Kanata South Business Park
7411,MADELEINE MEILLEUR PRIV @ VANIER PKWY,369654.8152,5033359.306,-75.67104781,45.43715791,2014-06-11,17:00,02 - Rain,02 - Wet,01 - Traffic signal,02 - Intersection related,01 - Daylight,03 - P.D. only,03 - Rear end,Vanier North
7412,ST. LAURENT BLVD btwn HEMLOCK RD & MEADOW PARK PL,371171.7753,5034719.986,-75.65147714,45.44925833,2014-06-11,17:04,01 - Clear,02 - Wet,10 - No control,04 - At/near private drive,01 - Daylight,03 - P.D. only,05 - Turning movement,Cemetery
7413,BANK ST btwn HERON RD & ANOKA ST,370001.8811,5026833.533,-75.66747525,45.37840915,2014-05-31,11:30,01 - Clear,01 - Dry,10 - No control,01 - Non intersection,01 - Daylight,03 - P.D. only,04 - Sideswipe,Alta Vista
7414,POULIN AVE btwn PRISCILLA ST & MARIE ST,360274.8761,5025012.219,-75.79186786,45.36285876,2014-06-03,16:40,01 - Clear,01 - Dry,10 - No control,04 - At/near private drive,01 - Daylight,03 - P.D. only,02 - Angle,Woodroffe - Lincoln Heights
7415,HAZELDEAN RD @ JOHNWOODS ST/VICTOR ST,350187.0639,5015397.394,-75.92151169,45.27706782,2014-06-13,10:30,02 - Rain,02 - Wet,01 - Traffic signal,02 - Intersection related,01 - Daylight,03 - P.D. only,03 - Rear end,Stittsville
7416,BANK ST btwn HERON RD & ANOKA ST,370003.7769,5026828.793,-75.66745167,45.37836633,2014-01-22,9:24,01 - Clear,01 - Dry,10 - No control,04 - At/near private drive,01 - Daylight,03 - P.D. only,02 - Angle,Alta Vista
7417,MARCHURST RD btwn JOHN ASELFORD DRWY & MURPHY SIDE RD,342460.4319,5027207.166,-76.01909042,45.38379304,2014-05-18,20:36,01 - Clear,01 - Dry,10 - No control,01 - Non intersection,05 - Dusk,03 - P.D. only,07 - SMV other,Carp - Hardwood Plains
7418,SCOTT ST btwn TUNNEY'S PASTURE DRWY & PARKDALE AVE,364752.5538,5029604.153,-75.73415793,45.40380749,2014-05-24,12:45,01 - Clear,01 - Dry,10 - No control,04 - At/near private drive,01 - Daylight,03 - P.D. only,02 - Angle,Islan
7419,WOODRIDGE CRES btwn BAYSHORE DR & BAYSHORE PS,358853.6272,5023697.039,-75.81015246,45.3511358,2014-05-22,15:50,01 - Clear,01 - Dry,10 - No control,01 - Non intersection,01 - Daylight,03 - P.D. only,03 - Rear end,Bayshore
7420,EYE BRIGHT CRES btwn NORTH BLUFF DR & ROYAL FERN WAY,369548.1621,5015919.144,-75.67469543,45.28024608,2014-05-07,0:00,01 - Clear,01 - Dry,10 - No control,01 - Non intersection,00 - Unknown,03 - P.D. only,06 - SMV unattended vehicle,Gloucester
7421,WELLINGTON ST    W btwn PARKDALE AVE & MCCORMICK ST,365272.1052,5029341.593,-75.72755391,45.40140035,2014-05-14,15:00,01 - Clear,01 - Dry,10 - No control,01 - Non intersection,01 - Daylight,03 - P.D. only,04 - Sideswipe,Civi
7422,TAPIOLA CRES btwn GENTLE GATE CRES & GREENBORO CRES,371666.6861,5025141.092,-75.64644976,45.36302427,2014-05-17,10:05,01 - Clear,01 - Dry,10 - No control,01 - Non intersection,01 - Daylight,03 - P.D. only,04 - Sideswipe,South Keys - Heron Gate - Greenboro West
7423,STRANDHERD DR @ WOODROFFE AVE,366107.5758,5015393.253,-75.71861118,45.27582261,2014-05-17,11:30,01 - Clear,01 - Dry,01 - Traffic signal,02 - Intersection related,01 - Daylight,03 - P.D. only,05 - Turning movement,Chapman Mills - Rideau Crest - Davidson Heights
7424,RIDGEWOOD AVE @ RIVERSIDE DR,368280.1977,5025610.8,-75.68961333,45.36756543,2014-04-06,22:35,01 - Clear,01 - Dry,01 - Traffic signal,03 - At intersection,07 - Dark,03 - P.D. only,05 - Turning movement,Riverside Park
7425,WOODROFFE AVE btwn ANTHONY AVE & SAVILLE ROW,361701.3125,5026371.253,-75.77350444,45.37497291,2014-04-12,11:35,01 - Clear,01 - Dry,10 - No control,01 - Non intersection,01 - Daylight,03 - P.D. only,99 - Other,Carlingwood - McKellar Park - Laurentien View
7426,RUSSELL RD btwn SOUTHVALE CRES & WALKLEY RD,374476.2223,5028627.857,-75.6100984,45.39412296,2014-05-30,14:12,01 - Clear,01 - Dry,10 - No control,01 - Non intersection,01 - Daylight,03 - P.D. only,03 - Rear end,Sheffield Glen
7427,CARLING AVE @ KIRKWOOD AVE S,364351.2266,5027337.549,-75.73955767,45.38344728,2014-05-30,13:50,01 - Clear,01 - Dry,01 - Traffic signal,02 - Intersection related,01 - Daylight,03 - P.D. only,03 - Rear end,Carlington
7428,LYON ST @ WELLINGTON ST,366935.7449,5031426.166,-75.70604252,45.42001105,2014-05-31,16:11,01 - Clear,01 - Dry,01 - Traffic signal,03 - At intersection,01 - Daylight,03 - P.D. only,05 - Turning movement,Downtown
7429,Autumnfield St btwn Crownridge Dr and Meadowbreeze Dr,355897.631,5015154.972,-75.84875613,45.27449462,2014-07-10,14:14,01 - Clear,01 - Dry,10 - No control,01 - Non intersection,01 - Daylight,03 - P.D. only,06 - SMV unattended vehicle,Bridlewood - Emerald Meadows
7430,Autumnfield St btwn Crownridge Dr and Meadowbreeze Dr,361767.2097,5025725.514,-75.77273763,45.36915725,2014-06-01,12:50,01 - Clear,01 - Dry,01 - Traffic signal,02 - Intersection related,01 - Daylight,03 - P.D. only,03 - Rear end,Carlingwood West - Glabar Park - McKellar Heights
7431,Birchland Cres btwn Birchland Cres and Birchland Cres,381515.141,5011960.922,-75.52279155,45.243428,2014-06-04,16:48,01 - Clear,01 - Dry,10 - No control,04 - At/near private drive,01 - Daylight,03 - P.D. only,03 - Rear end,Osgoode
7432,Hibiscus Way btwn Peerless St and Helena Campbell Rd,361315.0583,5015622.95,-75.77966247,45.27829098,2014-06-04,18:17,01 - Clear,01 - Dry,10 - No control,04 - At/near private drive,01 - Daylight,03 - P.D. only,05 - Turning movement,Barrhaven West - Old Barrhaven
7433,MONTREAL RD @ ST. LAURENT BLVD,371545.229,5033818.543,-75.64682557,45.44111201,2014-06-02,20:07,01 - Clear,01 - Dry,01 - Traffic signal,02 - Intersection related,01 - Daylight,03 - P.D. only,03 - Rear end,Cummings
7434,BOURASSA ST @ ST. LAURENT BLVD,373235.3102,5029692.609,-75.62579768,45.40382549,2014-06-03,12:11,01 - Clear,02 - Wet,01 - Traffic signal,03 - At intersection,01 - Daylight,03 - P.D. only,02 - Angle,Industrial Park
7435,INNES RD @ ORLEANS BLVD,380462.2169,5034295.455,-75.53278575,45.44449474,2014-06-04,7:34,01 - Clear,01 - Dry,01 - Traffic signal,02 - Intersection related,01 - Daylight,03 - P.D. only,02 - Angle,Chapel Hill South
7436,METCALFE ST btwn ARGYLE AVE & CATHERINE ST,368376.5001,5030517.526,-75.68775191,45.41170598,2014-06-04,0:00,00 - Unknown,00 - Unknown,10 - No control,01 - Non intersection,00 - Unknown,03 - P.D. only,06 - SMV unattended vehicle,Centretown
7437,LEES AVE @ KING EDWARD AVE/MANN AVE,369178.1924,5031336.966,-75.67740357,45.41900571,2014-06-05,15:31,02 - Rain,02 - Wet,01 - Traffic signal,02 - Intersection related,01 - Daylight,03 - P.D. only,03 - Rear end,Sandy Hill
7438,MONTREAL RD btwn BETHAMY LANE & OGILVIE RD,375623.9293,5034539.524,-75.59459196,45.44719767,2014-06-05,15:32,01 - Clear,01 - Dry,10 - No control,04 - At/near private drive,01 - Daylight,03 - P.D. only,02 - Angle,Beacon Hill South - Cardinal Heights
7439,PERTH ST btwn SHEA RD & EAGLESON RD,357816.2742,5007234.949,-75.82514869,45.20308645,2014-06-11,17:15,02 - Rain,02 - Wet,10 - No control,01 - Non intersection,01 - Daylight,03 - P.D. only,07 - SMV other,Munster Hamlet - Richmond
7440,THIRD LINE RD    S btwn PHELAN RD W & PRINCE OF WALES DR,366844.9941,5001912.011,-75.71089294,45.15445331,2014-06-06,1:45,01 - Clear,01 - Dry,10 - No control,01 - Non intersection,07 - Dark,03 - P.D. only,07 - SMV other,Manotick - North Gower
7441,MERIVALE RD btwn FAMILY BROWN LANE & BASIL MACDONALD WAY,365089.2256,5023193.038,-75.73064028,45.34609252,2014-06-06,15:19,01 - Clear,01 - Dry,10 - No control,04 - At/near private drive,01 - Daylight,03 - P.D. only,02 - Angle,Borden Farm - Stewart Farm - Parkwood Hills - Fisher Glen
7442,GARDENWAY DR btwn LATOUR CRES & OAKLAWN CRES,384069.2869,5036699.842,-75.48629498,45.46572752,2014-01-27,8:45,03 - Snow,05 - Packed snow,10 - No control,01 - Non intersection,01 - Daylight,03 - P.D. only,03 - Rear end,Fallingbrook
7443,CADBORO RD @ OGILVIE RD,373602.1439,5032665.511,-75.62069716,45.43053823,2014-05-28,13:40,01 - Clear,01 - Dry,01 - Traffic signal,02 - Intersection related,01 - Daylight,03 - P.D. only,03 - Rear end,Industrial Park
7444,KING EDWARD AVE btwn MANN AVE & TEMPLETON ST,369161.9686,5031349.86,-75.67760916,45.41912322,2014-05-27,11:46,01 - Clear,01 - Dry,10 - No control,01 - Non intersection,01 - Daylight,03 - P.D. only,04 - Sideswipe,Sandy Hill
7445,MARBLE ARCH CRES btwn BENNINGTON ST & CHESWICK PL,361704.0092,5022412.031,-75.77392578,45.33934786,2014-05-21,18:30,01 - Clear,01 - Dry,10 - No control,04 - At/near private drive,01 - Daylight,03 - P.D. only,02 - Angle,Centrepointe
7446,MONTREAL RD @ ST. LAURENT BLVD,371546.1768,5033817.595,-75.64681358,45.44110339,2014-05-27,9:43,01 - Clear,01 - Dry,01 - Traffic signal,02 - Intersection related,01 - Daylight,03 - P.D. only,03 - Rear end,Cummings
7447,ST. LAURENT BLVD btwn THURSTON DR & WALKLEY RD,373913.6506,5028023.158,-75.61736738,45.38873791,2014-05-20,17:00,01 - Clear,01 - Dry,10 - No control,01 - Non intersection,01 - Daylight,03 - P.D. only,03 - Rear end,Industrial Park
7448,PRINCE OF WALES DR btwn GREENBANK RD & PRINCE OF WALES DR,366347.4926,5009072.627,-75.71633609,45.21892871,2014-04-20,13:45,01 - Clear,01 - Dry,10 - No control,01 - Non intersection,01 - Daylight,03 - P.D. only,07 - SMV other,New Barrhaven
7449,MCARTHUR AVE @ VANIER PKWY,370221.051,5032691.185,-75.66389993,45.43109369,2014-05-30,19:00,01 - Clear,01 - Dry,01 - Traffic signal,02 - Intersection related,01 - Daylight,03 - P.D. only,03 - Rear end,Vanier South
7450,CATHERINE ST btwn HWY417 IC120B RAMP36 & KENT ST,367892.0609,5030178.483,-75.69398384,45.40869922,2014-05-30,20:58,01 - Clear,01 - Dry,10 - No control,01 - Non intersection,07 - Dark,03 - P.D. only,04 - Sideswipe,Centretown
7451,HARVEST VALLEY AVE btwn SPARKMAN AVE & GOLDENBROOK WAY,384891.2932,5034480.155,-75.47614624,45.44566308,2014-06-01,0:16,01 - Clear,01 - Dry,10 - No control,01 - Non intersection,07 - Dark,03 - P.D. only,06 - SMV unattended vehicle,Avalon
7452,MCARTHUR AVE @ VANIER PKWY,370219.1789,5032690.586,-75.66392393,45.43108847,2014-06-02,10:30,01 - Clear,01 - Dry,01 - Traffic signal,02 - Intersection related,01 - Daylight,03 - P.D. only,05 - Turning movement,Vanier South
7453,ARGYLE AVE @ O'CONNOR ST,368184.787,5030484.686,-75.6902052,45.41142788,2014-06-02,13:57,01 - Clear,01 - Dry,01 - Traffic signal,03 - At intersection,01 - Daylight,03 - P.D. only,02 - Angle,Centretown
7454,COLDREY AVE @ KIRKWOOD AVE,364440.2358,5027135.829,-75.73844553,45.38162467,2014-05-30,13:48,01 - Clear,01 - Dry,01 - Traffic signal,03 - At intersection,01 - Daylight,03 - P.D. only,05 - Turning movement,Carlington