Record,Location,X,Y,lon,lat,Date,Time,Environment,Road_Surface,Traffic_Control,Collision_Location,Light,Collision_Classification,Impact_type,Neighborhood
7455,BRONSON AVE @ POWELL AVE,367387.405,5029477.214,-75.70051932,45.40243471,2014-06-04,18:37,01 - Clear,01 - Dry,01 - Traffic signal,03 - At intersection,01 - Daylight,03 - P.D. only,05 - Turning movement,The Glebe
7456,PLACE D'ORLEANS DR btwn OR174 IC102 RAMP51 & ST. JOSEPH BLVD (1),381403.203,5037985.321,-75.52018366,45.47759064,2014-06-04,18:00,01 - Clear,01 - Dry,10 - No control,01 - Non intersection,01 - Daylight,03 - P.D. only,04 - Sideswipe,Industrial Park
7457,BARNSDALE RD @ PRINCE OF WALES DR,366647.1701,5011530.517,-75.71221528,45.24101859,2014-06-04,18:08,01 - Clear,01 - Dry,02 - Stop sign,03 - At intersection,01 - Daylight,03 - P.D. only,02 - Angle,New Barrhaven
7458,SHIRLEY'S BROOK DR btwn TOBERMORY CRES & ABERFOYLE CIRC,350293.2264,5023967.245,-75.91937166,45.35417474,2014-06-05,8:15,01 - Clear,01 - Dry,10 - No control,01 - Non intersection,01 - Daylight,03 - P.D. only,99 - Other,South March
7459,OFFENBACH LANE btwn OFFENBACH LANE & NORWICH WAY,361436.0646,5022925.606,-75.77728558,45.34399067,2014-06-01,17:00,01 - Clear,01 - Dry,10 - No control,01 - Non intersection,01 - Daylight,03 - P.D. only,99 - Other,Briar Green - Leslie Park
7460,CAMPEAU DR @ TERRY FOX DR,350457.0225,5019009.507,-75.91773855,45.3095532,2014-06-11,16:40,02 - Rain,02 - Wet,01 - Traffic signal,02 - Intersection related,01 - Daylight,03 - P.D. only,03 - Rear end,Kanata Lakes - Marchwood Lakeside - Morgan's Grant - Kanata
7461,WEST HUNT CLUB RD @ WOODROFFE AVE,363671.1649,5021244.593,-75.74896659,45.32868103,2014-06-06,14:30,01 - Clear,01 - Dry,01 - Traffic signal,02 - Intersection related,01 - Daylight,03 - P.D. only,03 - Rear end,Woodvale - Craig Henry - Manordale - Estates of Arlington Wo
7462,COLONEL BY DR @ HOG'S BACK RD,367608.5212,5025874.092,-75.69815361,45.36999498,2014-06-06,15:36,01 - Clear,01 - Dry,01 - Traffic signal,02 - Intersection related,01 - Daylight,03 - P.D. only,03 - Rear end,Carleto
7463,NICHOLAS ST/NICHOLAS ST SB @ SB RAMP FROM WALL,368320.9383,5031893.648,-75.6882843,45.4240929,2014-02-15,14:52,01 - Clear,01 - Dry,01 - Traffic signal,02 - Intersection related,01 - Daylight,03 - P.D. only,04 - Sideswipe,Sandy Hill
7464,SHEA RD btwn ABBOTT ST E & FERNBANK RD,351474.1963,5013779.666,-75.90525926,45.26242672,2014-02-16,11:52,01 - Clear,01 - Dry,10 - No control,04 - At/near private drive,01 - Daylight,03 - P.D. only,02 - Angle,Stittsville
7465,PARKHURST BLVD btwn STRATHMORE BLVD & BENJAMIN AVE,362443.9578,5025477.21,-75.76412772,45.3668677,2014-06-10,13:04,01 - Clear,01 - Dry,10 - No control,04 - At/near private drive,01 - Daylight,03 - P.D. only,02 - Angle,Glabar Park
7466,RIVERSIDE DR SB btwn BILLINGS BRIDGE SC RAMP SB & BANK ST,369218.1113,5027976.195,-75.67733259,45.38876297,2014-05-27,14:35,01 - Clear,01 - Dry,10 - No control,01 - Non intersection,01 - Daylight,03 - P.D. only,03 - Rear end,Alta Vista
7467,FALLOWFIELD RD @ MERIVALE RD,366892.1865,5018845.417,-75.70817983,45.306816,2014-05-31,13:32,01 - Clear,01 - Dry,01 - Traffic signal,02 - Intersection related,01 - Daylight,03 - P.D. only,03 - Rear end,Greenbelt
7468,PRINCE OF WALES DR @ FALAISE RD/KOCHAR DR N,367463.0761,5024907.358,-75.70013286,45.36130955,2014-06-01,7:20,01 - Clear,01 - Dry,01 - Traffic signal,02 - Intersection related,01 - Daylight,03 - P.D. only,07 - SMV other,Carleton Heights - Rideauview
7469,KING EDWARD AVE SB @ UNION ST(UNSIGNED),367854.6353,5033360.272,-75.69405465,45.43733126,2014-05-20,23:51,01 - Clear,01 - Dry,03 - Yield sign,03 - At intersection,07 - Dark,03 - P.D. only,07 - SMV other,Byward Market - Parliament Hill
7470,CARP RD @ DONALD B. MUNRO DR,341192.0665,5022819.627,-76.03560956,45.34437945,2014-05-21,18:59,01 - Clear,01 - Dry,02 - Stop sign,03 - At intersection,01 - Daylight,03 - P.D. only,02 - Angle,Carp
7471,JOHN ST btwn SUSSEX DR & THOMAS ST,367949.0052,5033908.123,-75.69277827,45.44225211,2014-05-07,11:56,01 - Clear,01 - Dry,10 - No control,01 - Non intersection,01 - Daylight,03 - P.D. only,06 - SMV unattended vehicle,New Edinburgh
7472,MONTREAL RD btwn SHEFFORD RD & OR174 IC109 RAMP56,376138.1729,5034858.398,-75.5879725,45.4500144,2014-05-08,13:06,01 - Clear,01 - Dry,10 - No control,01 - Non intersection,01 - Daylight,03 - P.D. only,04 - Sideswipe,Beacon Hill South - Cardinal Heights
7473,MONTREAL RD @ ST. LAURENT BLVD,371547.1247,5033818.543,-75.64680134,45.44111183,2014-05-30,21:25,01 - Clear,01 - Dry,01 - Traffic signal,02 - Intersection related,07 - Dark,03 - P.D. only,05 - Turning movement,Cummings
7474,FERNBANK RD btwn DWYER HILL RD & MUNSTER RD,345214.4726,5007061.576,-75.98556529,45.20236152,2014-05-30,23:36,01 - Clear,01 - Dry,10 - No control,01 - Non intersection,07 - Dark,03 - P.D. only,07 - SMV other,Munster Hamlet - Richmond
7475,WOODROFFE AVE btwn DEERFOX DR & TIERNEY DR,365919.3474,5015848.496,-75.72095395,45.27993525,2014-05-31,15:15,01 - Clear,01 - Dry,10 - No control,01 - Non intersection,01 - Daylight,03 - P.D. only,03 - Rear end,New Barrhaven
7476,REGIONAL ROAD 174 btwn OR174 IC112 RAMP15 & TRANSIT,375195.2474,5033117.863,-75.60027486,45.4344497,2014-06-01,8:57,01 - Clear,01 - Dry,10 - No control,01 - Non intersection,01 - Daylight,03 - P.D. only,07 - SMV other,Greenbelt
7477,MOODIE DR @ WEST HUNT CLUB RD,357909.0735,5018498.456,-75.82276393,45.30443071,2014-06-02,15:00,01 - Clear,01 - Dry,01 - Traffic signal,02 - Intersection related,01 - Daylight,03 - P.D. only,03 - Rear end,Greenbelt
7478,LAURIER AVE   W btwn ELGIN ST & QUEEN ELIZABETH DRWY/LAURIER AVE WB ON,368040.9961,5031603.645,-75.69189847,45.42150892,2014-06-02,15:48,01 - Clear,01 - Dry,10 - No control,04 - At/near private drive,01 - Daylight,03 - P.D. only,02 - Angle,Golden Triangle
7479,PARKWAY RD @ SALE BARN RD,379605.2381,5014728.442,-75.54670016,45.26853452,2014-05-30,19:13,01 - Clear,01 - Dry,02 - Stop sign,03 - At intersection,01 - Daylight,03 - P.D. only,03 - Rear end,Osgoode
7480,MONTREAL RD @ SINCLAIR ST,375969.2059,5034753.752,-75.59014753,45.44909009,2014-06-03,17:40,01 - Clear,01 - Dry,01 - Traffic signal,03 - At intersection,01 - Daylight,03 - P.D. only,05 - Turning movement,Beacon Hill South - Cardinal Heights
7481,RIVERSIDE DR NB btwn BANK ST & RIVERSIDE DR NB RAMP FROM EB TO WB,369341.7717,5027939.684,-75.67575829,45.38842307,2014-06-04,21:39,01 - Clear,01 - Dry,10 - No control,04 - At/near private drive,07 - Dark,03 - P.D. only,05 - Turning movement,Alta Vista
7482,TERRY FOX DR @ PALLADIUM DR/KATIMAVIK RD,351272.0877,5018182.723,-75.90742214,45.30206012,2014-06-04,15:20,01 - Clear,01 - Dry,01 - Traffic signal,02 - Intersection related,01 - Daylight,03 - P.D. only,03 - Rear end,Katimavik - Hazeldean
7483,WARREN AVE btwn WELLINGTON ST W & END,364611.2627,5029043.327,-75.73603066,45.39877339,2014-06-05,11:41,02 - Rain,02 - Wet,10 - No control,04 - At/near private drive,01 - Daylight,03 - P.D. only,07 - SMV other,Island Park
7484,MACKENZIE AVE @ MURRAY ST,367638.8867,5032384.088,-75.6969366,45.42856732,2014-06-05,15:50,01 - Clear,01 - Dry,01 - Traffic signal,02 - Intersection related,01 - Daylight,03 - P.D. only,04 - Sideswipe,Byward Market - Parliament Hill
7485,TERRY FOX DR S @ DIDSBURY RD/CENTRUM KANATA SC,350626.145,5018919.405,-75.91559019,45.30873143,2014-06-05,16:50,01 - Clear,01 - Dry,01 - Traffic signal,02 - Intersection related,01 - Daylight,03 - P.D. only,03 - Rear end,Kanata
7486,ELGIN ST btwn WAVERLEY ST & FRANK ST,368323.8678,5030943.089,-75.68836942,45.41553983,2014-06-11,21:09,02 - Rain,02 - Wet,10 - No control,01 - Non intersection,05 - Dusk,03 - P.D. only,06 - SMV unattended vehicle,Centretown
7487,DUNROBIN RD btwn KINBURN SIDE RD & VANCES SIDE RD,338285.829,5035652.377,-76.0718229,45.45999764,2014-06-11,21:22,02 - Rain,02 - Wet,10 - No control,01 - Non intersection,07 - Dark,03 - P.D. only,07 - SMV other,Woodlawn
7488,CARLING AVE @ WYLIE AVE,359141.1421,5024078.452,-75.80644146,45.35454553,2014-06-06,15:30,01 - Clear,01 - Dry,02 - Stop sign,03 - At intersection,01 - Daylight,03 - P.D. only,03 - Rear end,Bayshore
7489,CAPITAL DR @ MERIVALE RD,366086.1271,5020795.488,-75.71821676,45.32443332,2014-06-06,15:43,01 - Clear,01 - Dry,02 - Stop sign,03 - At intersection,01 - Daylight,03 - P.D. only,02 - Angle,Merivale Gardens - Grenfell Glen - Pineglen - Country Place
7490,NEPEAN ST btwn O'CONNOR ST & METCALFE ST,367741.0891,5031237.011,-75.69577717,45.41823711,2014-06-14,9:00,01 - Clear,01 - Dry,10 - No control,01 - Non intersection,01 - Daylight,03 - P.D. only,06 - SMV unattended vehicle,Centretown
7491,KIRKPATRICK CRT btwn MCGIBBON DR & END,351468.0258,5018875.543,-75.90485859,45.30828131,2014-06-13,0:00,01 - Clear,00 - Unknown,10 - No control,01 - Non intersection,00 - Unknown,03 - P.D. only,06 - SMV unattended vehicle,Katimavik - Hazeldean
7492,RIDEAU ST @ WALLER ST,368283.698,5032274.109,-75.6887111,45.42751954,2014-05-13,15:00,01 - Clear,01 - Dry,01 - Traffic signal,02 - Intersection related,01 - Daylight,03 - P.D. only,05 - Turning movement,Byward Market - Parliament Hill
7493,HOLLAND AVE btwn INGLEWOOD PL & CARLING AVE,365415.0833,5028043.344,-75.72588725,45.38970663,2014-05-29,13:45,01 - Clear,01 - Dry,10 - No control,04 - At/near private drive,01 - Daylight,03 - P.D. only,02 - Angle,Civic Hospital - Experimental Farm - Central Park
7494,GREENBANK RD @ HWY 417 IC129 RAMP57/IRIS ST,360530.7243,5023312.447,-75.78879385,45.34754397,2014-06-02,8:30,01 - Clear,01 - Dry,01 - Traffic signal,02 - Intersection related,01 - Daylight,03 - P.D. only,04 - Sideswipe,Iris
7495,VANIER PKWY/CRICHTON ST @ BEECHWOOD AVE/ST. PA,369128.2709,5033486.186,-75.67776064,45.43834817,2014-06-03,9:30,02 - Rain,02 - Wet,01 - Traffic signal,02 - Intersection related,01 - Daylight,03 - P.D. only,03 - Rear end,Vanier North
7496,CONROY RD @ HUNT CLUB RD,373762.3182,5025402.627,-75.61966574,45.36517443,2014-05-25,16:54,01 - Clear,01 - Dry,01 - Traffic signal,03 - At intersection,01 - Daylight,03 - P.D. only,03 - Rear end,Greenboro East
7497,ANDERSON RD @ LEITRIM RD,380473.2671,5024909.265,-75.53408477,45.36004311,2014-05-12,15:35,01 - Clear,01 - Dry,02 - Stop sign,03 - At intersection,01 - Daylight,03 - P.D. only,02 - Angle,Greenbelt
7498,PARENT AVE @ ST. PATRICK ST,367822.7687,5032556.593,-75.6945648,45.43010291,2014-04-19,15:00,01 - Clear,01 - Dry,01 - Traffic signal,03 - At intersection,01 - Daylight,03 - P.D. only,05 - Turning movement,Byward Market
7499,YORK ST btwn TURN LANE & NELSON ST,368419.0805,5032636.835,-75.68693429,45.43077091,2014-05-03,16:28,01 - Clear,01 - Dry,10 - No control,01 - Non intersection,01 - Daylight,03 - P.D. only,06 - SMV unattended vehicle,Lower Town
7500,STITTSVILLE MAIN ST @ HAZELDEAN RD,349558.872,5014878.717,-75.92956477,45.27244085,2014-06-01,11:59,01 - Clear,01 - Dry,01 - Traffic signal,02 - Intersection related,01 - Daylight,03 - P.D. only,03 - Rear end,Stittsville
7501,VANIER PKWY/CRICHTON ST @ BEECHWOOD AVE/ST. PA,369128.2709,5033486.186,-75.67776064,45.43834817,2014-06-01,14:00,01 - Clear,01 - Dry,01 - Traffic signal,02 - Intersection related,01 - Daylight,03 - P.D. only,04 - Sideswipe,Vanier North
7502,BRONSON AVE @ FIFTH AVE/MADAWASKA DR,367613.2388,5028938.554,-75.69770345,45.39756778,2014-06-02,15:45,01 - Clear,01 - Dry,01 - Traffic signal,03 - At intersection,01 - Daylight,03 - P.D. only,03 - Rear end,The Glebe
7503,VANCES SIDE RD btwn BARLOW CRES & END,344378.0872,5037504.369,-75.993776,45.47634355,2014-06-02,0:00,01 - Clear,01 - Dry,10 - No control,01 - Non intersection,00 - Unknown,03 - P.D. only,06 - SMV unattended vehicle,Baskin'
7504,STITTSVILLE MAIN ST @ HAZELDEAN RD,349556.0284,5014878.717,-75.92960101,45.27244103,2014-05-31,9:49,01 - Clear,01 - Dry,01 - Traffic signal,02 - Intersection related,01 - Daylight,03 - P.D. only,03 - Rear end,Stittsville
7505,DORCHESTER AVE btwn CHEVRIER ST & BAKERVALE DR,365637.5559,5027037.317,-75.72317032,45.38063532,2014-06-03,9:48,02 - Rain,02 - Wet,10 - No control,04 - At/near private drive,01 - Daylight,03 - P.D. only,06 - SMV unattended vehicle,Carlington
7506,ANDERSON RD @ EIGHTH LINE RD,381250.3001,5022945.401,-75.52447156,45.34228921,2014-04-22,21:55,02 - Rain,02 - Wet,02 - Stop sign,02 - Intersection related,07 - Dark,03 - P.D. only,07 - SMV other,Greenbelt
7507,FALLOWFIELD RD btwn MUNSTER RD & CONLEY RD,349209.1626,5006774.841,-75.93474491,45.199541,2014-06-04,21:39,01 - Clear,01 - Dry,10 - No control,01 - Non intersection,07 - Dark,03 - P.D. only,07 - SMV other,Munster Hamlet - Richmond
7508,RALEIGH ST btwn WARRINGTON DR & HARVARD AVE,368953.4565,5028033.867,-75.68070458,45.38930618,2014-06-05,11:54,02 - Rain,02 - Wet,10 - No control,01 - Non intersection,01 - Daylight,03 - P.D. only,07 - SMV other,Old Ottawa South
7509,ANNA AVE @ CARLING AVE,365199.1193,5027893.501,-75.72866341,45.38837703,2014-06-05,17:00,02 - Rain,02 - Wet,02 - Stop sign,02 - Intersection related,01 - Daylight,03 - P.D. only,03 - Rear end,Carlington
7510,HAWTHORNE RD @ LEITRIM RD,377036.392,5022710.45,-75.57826938,45.34062181,2014-06-11,21:46,01 - Clear,02 - Wet,01 - Traffic signal,03 - At intersection,07 - Dark,03 - P.D. only,02 - Angle,Greenbelt
7511,DALHOUSIE ST @ RIDEAU ST,368207.183,5032228.529,-75.68969469,45.42711636,2014-06-11,22:19,01 - Clear,02 - Wet,01 - Traffic signal,03 - At intersection,07 - Dark,03 - P.D. only,05 - Turning movement,Byward Market - Parliament Hill
7512,INNES RD @ STONEHENGE CRES E,375364.2164,5031316.397,-75.59837361,45.4182241,2014-06-06,16:13,01 - Clear,01 - Dry,01 - Traffic signal,02 - Intersection related,01 - Daylight,03 - P.D. only,03 - Rear end,Greenbelt
7513,PARKDALE AVE @ KENILWORTH ST,365447.1216,5028596.498,-75.72541014,45.39468101,2014-06-06,15:15,01 - Clear,01 - Dry,02 - Stop sign,02 - Intersection related,01 - Daylight,03 - P.D. only,99 - Other,Civic Hospital - Experimental Farm - Central Park
7514,BROADVIEW AVE @ BYRON AVE,362693.5133,5027836.131,-75.76066564,45.38807242,2014-06-15,14:03,01 - Clear,01 - Dry,02 - Stop sign,02 - Intersection related,01 - Daylight,03 - P.D. only,02 - Angle,Carlingwood - McKellar Park - Laurentien View
7515,BLASDELL AVE btwn CAMELIA AVE & WINGHAM PL,371068.8709,5035215.296,-75.65272583,45.45372466,2014-06-16,7:53,01 - Clear,01 - Dry,10 - No control,04 - At/near private drive,01 - Daylight,03 - P.D. only,07 - SMV other,Manor Park
7516,BRONSON AVE btwn LAKESIDE AVE & LAKEVIEW TER,367683.6525,5028773.967,-75.69682514,45.39608055,2014-05-30,15:14,01 - Clear,01 - Dry,10 - No control,01 - Non intersection,01 - Daylight,03 - P.D. only,03 - Rear end,The Glebe
7517,HUNT CLUB RD @ RIVERSIDE DR,368035.2812,5021946.446,-75.69320822,45.33461653,2014-05-30,8:29,01 - Clear,01 - Dry,01 - Traffic signal,02 - Intersection related,01 - Daylight,03 - P.D. only,04 - Sideswipe,Hunt Club Woods - Quintarra - Revelstoke - Riverside South P
7518,SLATER ST btwn LYON ST N & KENT ST,367117.3023,5031161.166,-75.70375636,45.41761052,2014-06-03,11:03,01 - Clear,01 - Dry,10 - No control,04 - At/near private drive,01 - Daylight,03 - P.D. only,07 - SMV other,Downtown
7519,BLAIR RD @ REGIONAL RD 174 S/OR174 IC112 RAMP15,374907.9763,5032663.114,-75.60401078,45.43038698,2014-06-03,12:18,02 - Rain,02 - Wet,01 - Traffic signal,02 - Intersection related,01 - Daylight,03 - P.D. only,03 - Rear end,Pineview
7520,EAGLESON RD btwn MARCH RD & HWY417 IC138 RAMP35,352947.6148,5020218.842,-75.88586042,45.32026872,2014-05-28,7:10,01 - Clear,01 - Dry,10 - No control,07 - Overpass or bridge,01 - Daylight,03 - P.D. only,03 - Rear end,Katimavik - Hazeldean
7521,FOURTH AVE btwn BANK ST & O'CONNOR ST,368400.9389,5029500.525,-75.68757091,45.40255311,2014-05-28,12:00,01 - Clear,01 - Dry,10 - No control,04 - At/near private drive,01 - Daylight,03 - P.D. only,06 - SMV unattended vehicle,The Glebe
7522,SEVERN AVE btwn ARKELL ST & CONNAUGHT AVE,361018.7833,5024377.659,-75.78244487,45.35708976,2014-05-12,15:56,01 - Clear,01 - Dry,10 - No control,04 - At/near private drive,01 - Daylight,03 - P.D. only,06 - SMV unattended vehicle,Whitehaven - Queensway Terrace North
7523,HAZELDEAN RD btwn 246 E OF CASTLEFRANK RD & IRWIN GT,353019.1497,5017986.775,-75.88516522,45.30017919,2014-05-16,16:17,02 - Rain,02 - Wet,10 - No control,04 - At/near private drive,01 - Daylight,03 - P.D. only,02 - Angle,Kanata
7524,ALBERT ST @ BOOTH ST,366427.2714,5030627.514,-75.71263894,45.41286998,2014-05-10,13:44,01 - Clear,01 - Dry,01 - Traffic signal,03 - At intersection,01 - Daylight,03 - P.D. only,05 - Turning movement,Centretown West
7525,O'CONNOR ST @ PATTERSON AVE,368400.5838,5030129.602,-75.6874943,45.40821338,2014-06-01,14:49,01 - Clear,01 - Dry,02 - Stop sign,03 - At intersection,01 - Daylight,03 - P.D. only,02 - Angle,The Glebe
7526,ORANGEVILLE ST/HWY 417 ROCHEST IC121BR51 @ ROC,366776.2825,5029520.612,-75.70831949,45.40287957,2014-06-01,16:45,01 - Clear,01 - Dry,01 - Traffic signal,03 - At intersection,01 - Daylight,03 - P.D. only,02 - Angle,Little Italy
7527,HUNT CLUB RD @ RIVERSIDE DR,368036.2291,5021944.551,-75.69319637,45.3345994,2014-06-03,8:50,02 - Rain,02 - Wet,01 - Traffic signal,02 - Intersection related,01 - Daylight,03 - P.D. only,03 - Rear end,Hunt Club Woods - Quintarra - Revelstoke - Riverside South P
7528,CASTLEFRANK RD @ KATIMAVIK RD,351950.9268,5018941.62,-75.89869437,45.30884363,2014-06-03,10:00,02 - Rain,02 - Wet,01 - Traffic signal,03 - At intersection,01 - Daylight,03 - P.D. only,05 - Turning movement,Katimavik - Hazeldean
7529,ERINDALE DR @ BASELINE RD,363855.3224,5024576.47,-75.74621969,45.35864546,2014-04-26,9:21,02 - Rain,02 - Wet,02 - Stop sign,03 - At intersection,01 - Daylight,03 - P.D. only,02 - Angle,Braemar Park - Bel Air Heights - Copeland Park
7530,CARP RD @ HAZELDEAN RD,348805.0498,5014358.54,-75.93921759,45.26780769,2014-06-05,9:09,01 - Clear,01 - Dry,01 - Traffic signal,02 - Intersection related,01 - Daylight,03 - P.D. only,03 - Rear end,Stittsville
7531,KINBURN SIDE RD btwn MOHRS RD & DONALD B. MUNRO DR,328315.7155,5027249.223,-76.19970789,45.38478915,2014-06-05,7:45,02 - Rain,02 - Wet,10 - No control,01 - Non intersection,01 - Daylight,03 - P.D. only,07 - SMV other,Kinburn
7532,WEST HUNT CLUB RD @ 545 E OF ROYDON PL/SUNDERLAND ST,366354.1319,5022410.346,-75.71459752,45.33894012,2014-06-05,11:05,02 - Rain,02 - Wet,01 - Traffic signal,02 - Intersection related,01 - Daylight,03 - P.D. only,03 - Rear end,Industrial Park
7533,WELLINGTON ST @ HAMILTON AVE,365074.4362,5029234.521,-75.73009171,45.40045399,2014-06-05,17:48,01 - Clear,01 - Dry,02 - Stop sign,03 - At intersection,01 - Daylight,03 - P.D. only,02 - Angle,Islan
7534,SMYTH RD btwn CUBA AVE & RUSSELL RD,373033.9061,5029350.577,-75.62841746,45.4007677,2014-06-05,15:45,01 - Clear,01 - Dry,10 - No control,04 - At/near private drive,01 - Daylight,03 - P.D. only,02 - Angle,Elmvale - Eastway - Riverview - Riverview Park West
7535,HOLLY ACRES RD btwn HILLVIEW RD & AERO DR,358306.2454,5023335.686,-75.81717689,45.34792631,2014-06-12,8:25,02 - Rain,02 - Wet,10 - No control,01 - Non intersection,01 - Daylight,03 - P.D. only,03 - Rear end,Bayshore
7536,MACKAY ST btwn SUSSEX DR & THOMAS ST,367930.6866,5034086.332,-75.69298955,45.44385722,2014-06-06,0:00,01 - Clear,01 - Dry,10 - No control,01 - Non intersection,00 - Unknown,03 - P.D. only,06 - SMV unattended vehicle,New Edinburgh
7537,YORK ST WB btwn BYWARD MARKE SQ & SUSSEX DR,367853.7552,5032295.056,-75.69420231,45.4277469,2014-06-06,17:50,01 - Clear,01 - Dry,10 - No control,01 - Non intersection,01 - Daylight,03 - P.D. only,04 - Sideswipe,Byward Market
7538,CARP RD btwn CARP RD & KITTIWAKE DR,348487.8163,5014663.24,-75.94323328,45.27056927,2014-03-20,14:58,03 - Snow,02 - Wet,10 - No control,01 - Non intersection,01 - Daylight,03 - P.D. only,03 - Rear end,Stittsville
7539,WOODROFFE AVE btwn TURN LANE & NORICE ST,363180.9399,5022435.407,-75.75507951,45.33943685,2014-06-16,8:15,01 - Clear,01 - Dry,10 - No control,01 - Non intersection,01 - Daylight,03 - P.D. only,03 - Rear end,Crestview - Meadowlands
7540,SMYTH RD @ RIVERSIDE HOSPITAL,369988.3539,5029121.088,-75.66734578,45.39899305,2014-06-16,8:30,01 - Clear,01 - Dry,01 - Traffic signal,02 - Intersection related,01 - Daylight,03 - P.D. only,04 - Sideswipe,Alta Vista
7541,RIVER RD btwn RYEBURN DR & LEITRIM RD,368040.6283,5016973.44,-75.69377472,45.28986974,2014-06-07,16:02,01 - Clear,01 - Dry,10 - No control,01 - Non intersection,01 - Daylight,03 - P.D. only,07 - SMV other,Gloucester
7542,SOMERSET ST    W btwn ROCHESTER ST & BOOTH ST,366489.3061,5030205.891,-75.71189922,45.40907087,2014-06-07,16:30,01 - Clear,01 - Dry,10 - No control,01 - Non intersection,01 - Daylight,03 - P.D. only,04 - Sideswipe,Centretown West
7543,BANK ST btwn SNAKE ISLAND RD & TURN LANE,383704.3929,5010102.903,-75.49520347,45.22646854,2014-05-27,14:11,01 - Clear,01 - Dry,10 - No control,01 - Non intersection,01 - Daylight,03 - P.D. only,07 - SMV other,Metcalfe
7544,BANK ST @ HUNT CLUB RD,371608.7365,5024096.76,-75.64733055,45.35363325,2014-05-28,15:41,01 - Clear,01 - Dry,01 - Traffic signal,02 - Intersection related,01 - Daylight,03 - P.D. only,03 - Rear end,South Keys - Heron Gate - Greenboro West
7545,DWYER HILL RD btwn FLOOD RD & GILROY RD,357092.6888,4986080.37,-75.83656755,45.0127821,2014-05-15,21:00,01 - Clear,01 - Dry,10 - No control,01 - Non intersection,07 - Dark,03 - P.D. only,07 - SMV other,Munster Hamlet - Richmond
7546,RIVERSIDE DR @ 175 S OF HUNT CLUB  RD/RUNWAY C,368028.0261,5021766.3,-75.69332379,45.33299627,2014-05-16,16:40,01 - Clear,01 - Dry,01 - Traffic signal,03 - At intersection,01 - Daylight,03 - P.D. only,02 - Angle,Hunt Club Woods - Quintarra - Revelstoke - Riverside South P
7547,FOOTHILLS DR @ NORTHSIDE RD,358600.7078,5021354.799,-75.81363475,45.33007967,2014-06-01,16:45,01 - Clear,01 - Dry,02 - Stop sign,03 - At intersection,01 - Daylight,03 - P.D. only,02 - Angle,Bells Corners East
7548,SHERBROOKE AVE btwn WELLINGTON ST W & GLADSTONE AVE,365423.0186,5029491.131,-75.725608,45.4027328,2014-06-02,18:30,01 - Clear,01 - Dry,10 - No control,01 - Non intersection,01 - Daylight,03 - P.D. only,06 - SMV unattended vehicle,Civi
7549,FIFTH LINE RD btwn BERRY SIDE RD & KERWIN RD,347172.3528,5030340.327,-75.95865437,45.41171666,2014-05-31,19:30,01 - Clear,01 - Dry,10 - No control,01 - Non intersection,01 - Daylight,03 - P.D. only,07 - SMV other,Carp - Hardwood Plains
7550,INNES RD btwn WILDFLOWER DR & CHAPELIER PRIV,382951.4471,5035698.138,-75.50074707,45.45684102,2014-06-02,12:29,01 - Clear,01 - Dry,10 - No control,01 - Non intersection,01 - Daylight,03 - P.D. only,04 - Sideswipe,Avalon
7551,LYON ST    N btwn WELLINGTON ST & SPARKS ST,366938.5885,5031398.678,-75.70600965,45.41976347,2014-06-03,11:00,02 - Rain,02 - Wet,10 - No control,01 - Non intersection,01 - Daylight,03 - P.D. only,04 - Sideswipe,Downtown
7552,HIGHWAY 417 @ HWY 417 INNES IC112R64,374935.8707,5030712.107,-75.60393208,45.41283009,2014-05-14,12:35,01 - Clear,01 - Dry,10 - No control,02 - Intersection related,01 - Daylight,03 - P.D. only,04 - Sideswipe,Industrial Park
7553,CEDARCROFT CRES btwn MARIGOLD CRES & MARIGOLD CRES,374333.6811,5032211.928,-75.61141316,45.42638479,2014-03-10,9:00,01 - Clear,01 - Dry,10 - No control,04 - At/near private drive,01 - Daylight,03 - P.D. only,02 - Angle,Pineview
7554,YORK ST btwn WILLIAM ST & DALHOUSIE ST,368087.7909,5032414.16,-75.69119644,45.42879742,2014-06-06,18:30,01 - Clear,01 - Dry,10 - No control,01 - Non intersection,01 - Daylight,03 - P.D. only,06 - SMV unattended vehicle,Byward Market
7555,HUNT CLUB RD @ LORRY GREENBERG DR/SABLE RIDGE ,372824.2126,5024808.453,-75.63172146,45.35991994,2014-06-08,16:04,01 - Clear,01 - Dry,01 - Traffic signal,03 - At intersection,01 - Daylight,03 - P.D. only,05 - Turning movement,Greenboro East
7556,NEPEAN ST btwn KENT ST & BANK ST,367549.9089,5031128.836,-75.69823349,45.41728096,2014-06-07,18:30,01 - Clear,01 - Dry,10 - No control,01 - Non intersection,01 - Daylight,03 - P.D. only,06 - SMV unattended vehicle,Centretown
7557,HAWTHORNE RD/RUSSELL RD @ WALKLEY RD,374677.1136,5028500.489,-75.60755098,45.39295695,2014-06-05,18:20,01 - Clear,01 - Dry,01 - Traffic signal,02 - Intersection related,01 - Daylight,03 - P.D. only,04 - Sideswipe,Sheffield Glen
7558,BANNER RD @ GREENBANK RD,361022.1465,5021565.544,-75.78272157,45.33178615,2014-06-05,19:14,01 - Clear,01 - Dry,01 - Traffic signal,03 - At intersection,01 - Daylight,03 - P.D. only,02 - Angle,Woodvale - Craig Henry - Manordale - Estates of Arlington Wo