Record,Location,X,Y,lon,lat,Date,Time,Environment,Road_Surface,Traffic_Control,Collision_Location,Light,Collision_Classification,Impact_type,Neighborhood
7559,BANK ST @ WALKLEY RD,370338.3259,5025946.787,-75.66329751,45.37039911,2014-06-12,9:05,02 - Rain,02 - Wet,01 - Traffic signal,02 - Intersection related,01 - Daylight,03 - P.D. only,03 - Rear end,Ledbury - Heron Gate - Ridgemont - Elmwood
7560,PAUL ANKA DR btwn UPLANDS DR & MCCARTHY RD,369472.8002,5023595.483,-75.67465385,45.34932314,2014-01-31,7:58,01 - Clear,02 - Wet,10 - No control,04 - At/near private drive,01 - Daylight,03 - P.D. only,02 - Angle,Hunt Club East - Western Community
7561,CARLING AVE @ HOLLAND AVE,365418.1205,5028039.495,-75.72584894,45.38967173,2014-06-09,8:50,01 - Clear,01 - Dry,01 - Traffic signal,02 - Intersection related,01 - Daylight,03 - P.D. only,05 - Turning movement,Civic Hospital - Experimental Farm - Central Park
7562,ANDERSON RD @ RIDGE RD,379029.2835,5028510.428,-75.55197234,45.39259858,2014-06-09,13:49,01 - Clear,01 - Dry,02 - Stop sign,03 - At intersection,01 - Daylight,03 - P.D. only,02 - Angle,Greenbelt
7563,INNES RD btwn BLAIR RD & ANDERSON RD,375929.018,5031657.221,-75.59110863,45.42123344,2014-03-27,12:37,01 - Clear,01 - Dry,10 - No control,01 - Non intersection,01 - Daylight,03 - P.D. only,04 - Sideswipe,Greenbelt
7564,8TH LINE RD btwn CASTOR RD & MARIONVILLE RD,388847.6516,5002621.098,-75.43097962,45.15855717,2014-03-31,1:58,01 - Clear,04 - Slush,10 - No control,01 - Non intersection,07 - Dark,03 - P.D. only,07 - SMV other,Metcalfe
7565,ELEANOR DR btwn LEAVER AVE & BURRIS LANE,364948.6507,5024992.218,-75.73221513,45.36229335,2014-06-16,8:49,01 - Clear,01 - Dry,10 - No control,01 - Non intersection,01 - Daylight,03 - P.D. only,05 - Turning movement,Cityview - Skyline - Fisher Heights
7566,BEAUSEJOUR DR N @ ORLEANS BLVD,381058.2072,5035896.856,-75.52491985,45.45883811,2014-06-08,14:58,01 - Clear,01 - Dry,01 - Traffic signal,02 - Intersection related,01 - Daylight,03 - P.D. only,03 - Rear end,Orleans Village - Chateauneuf
7567,ALBERT ST @ PRESTON ST,366160.5776,5030465.008,-75.71606618,45.41143123,2014-06-08,13:00,01 - Clear,01 - Dry,01 - Traffic signal,02 - Intersection related,01 - Daylight,03 - P.D. only,03 - Rear end,Centretown West
7568,PRINCE OF WALES DR @ WEST HUNT CLUB RD,367459.1842,5021891.503,-75.70056462,45.33417385,2014-06-04,11:01,01 - Clear,01 - Dry,01 - Traffic signal,02 - Intersection related,01 - Daylight,03 - P.D. only,03 - Rear end,Industrial Park
7569,MILL ST btwn MANOTICK MAIN ST & DICKINSON ST,368888.3847,5009894.944,-75.68388112,45.22610133,2014-06-03,0:00,01 - Clear,01 - Dry,10 - No control,01 - Non intersection,00 - Unknown,03 - P.D. only,06 - SMV unattended vehicle,Manotick
7570,SHEFFIELD RD @ WALKLEY RD,375258.209,5028784.539,-75.60008976,45.39545446,2014-05-29,9:42,01 - Clear,01 - Dry,01 - Traffic signal,02 - Intersection related,01 - Daylight,03 - P.D. only,03 - Rear end,Industrial Park
7571,CAMPEAU DR btwn KANATA AVE & STONECROFT TER,351107.4345,5019633.42,-75.90938601,45.31512474,2014-05-18,14:39,01 - Clear,01 - Dry,10 - No control,01 - Non intersection,01 - Daylight,03 - P.D. only,03 - Rear end,Kanata
7572,GREENBANK RD btwn WEST HUNT CLUB RD & FALLOWFIELD RD,361884.4471,5019549.859,-75.77195363,45.31357943,2014-06-01,21:08,01 - Clear,01 - Dry,10 - No control,01 - Non intersection,05 - Dusk,03 - P.D. only,07 - SMV other,Greenbelt
7573,UPPER DWYER HILL RD btwn HAMILTON SIDE RD & MCARTON RD,339675.1215,5008063.916,-76.05600308,45.21167703,2014-06-01,21:30,01 - Clear,01 - Dry,10 - No control,01 - Non intersection,07 - Dark,03 - P.D. only,07 - SMV other,Stittsville - Basswood
7574,HWY 417 MOODIE IC134R52 @ MOODIE DR,356456.3251,5022043.19,-75.84091812,45.336435,2014-06-03,8:45,02 - Rain,02 - Wet,01 - Traffic signal,02 - Intersection related,01 - Daylight,03 - P.D. only,03 - Rear end,Greenbelt
7575,DES EPINETTES AVE @ JEANNE D'ARC BLVD,382225.6544,5035959.637,-75.50998456,45.45927457,2014-06-03,9:21,02 - Rain,02 - Wet,01 - Traffic signal,02 - Intersection related,01 - Daylight,03 - P.D. only,03 - Rear end,Orleans Village - Chateauneuf
7576,BASELINE RD @ FERGUSON ST,363440.2162,5024314.559,-75.7515487,45.35632366,2014-06-03,13:20,01 - Clear,01 - Dry,01 - Traffic signal,02 - Intersection related,01 - Daylight,03 - P.D. only,03 - Rear end,Braemar Park - Bel Air Heights - Copeland Park
7577,ST. JOSEPH BLVD/OLD MONTREAL RD @ TRIM RD,384683.2279,5039286.53,-75.47802443,45.48893011,2014-06-03,16:01,01 - Clear,01 - Dry,01 - Traffic signal,02 - Intersection related,01 - Daylight,03 - P.D. only,03 - Rear end,Cardinal Creek
7578,RICHMOND RD/BLACK FOREST LANE @ ARNOLD DR,357490.6789,5019752.055,-75.82796555,45.31574225,2014-05-03,1:58,01 - Clear,01 - Dry,02 - Stop sign,03 - At intersection,07 - Dark,03 - P.D. only,07 - SMV other,Bells Corners East
7579,LUCILLE WAY btwn MARKWICK CRES & MARKWICK CRES,385854.2133,5036875.387,-75.46344389,45.46710206,2014-06-08,16:30,01 - Clear,01 - Dry,10 - No control,04 - At/near private drive,01 - Daylight,03 - P.D. only,06 - SMV unattended vehicle,Notting Hill
7580,VANIER PKWY/CRICHTON ST @ BEECHWOOD AVE/ST. PA,369128.2709,5033486.186,-75.67776064,45.43834817,2014-06-05,17:00,01 - Clear,01 - Dry,01 - Traffic signal,02 - Intersection related,01 - Daylight,03 - P.D. only,04 - Sideswipe,Vanier North
7581,BASELINE RD @ CLYDE AVE,364360.1251,5024889.565,-75.73973924,45.36141995,2014-06-05,19:46,01 - Clear,01 - Dry,01 - Traffic signal,02 - Intersection related,01 - Daylight,03 - P.D. only,03 - Rear end,Braemar Park - Bel Air Heights - Copeland Park
7582,MERIVALE RD btwn MAYVIEW AVE & TRENTON AVE,364881.4386,5026394.271,-75.73290249,45.37491456,2014-03-13,6:17,02 - Rain,03 - Loose snow,10 - No control,04 - At/near private drive,01 - Daylight,03 - P.D. only,07 - SMV other,Carlington
7583,CENTURY RD @ MALAKOFF RD,360004.2565,5002790.257,-75.79779149,45.162924,2014-06-10,7:48,01 - Clear,01 - Dry,02 - Stop sign,03 - At intersection,01 - Daylight,03 - P.D. only,02 - Angle,Munster Hamlet - Richmond
7584,INNES RD btwn ORCHARDVIEW AVE & PORTOBELLO BLVD,384867.9874,5036570.986,-75.47610372,45.4644771,2014-06-10,16:36,01 - Clear,01 - Dry,10 - No control,01 - Non intersection,01 - Daylight,03 - P.D. only,07 - SMV other,Fallingbrook
7585,HAVELOCK ST btwn GREENFIELD AVE & CONCORD ST N,368997.8606,5030875.691,-75.67976763,45.41487189,2014-06-14,18:15,01 - Clear,01 - Dry,10 - No control,04 - At/near private drive,01 - Daylight,03 - P.D. only,06 - SMV unattended vehicle,Old Ottawa East
7586,ELVASTON AVE btwn CRAIG HENRY DR & BAINBRIDGE AVE,361264.6471,5021268.348,-75.77966191,45.32909251,2014-01-30,8:56,01 - Clear,01 - Dry,10 - No control,01 - Non intersection,01 - Daylight,03 - P.D. only,07 - SMV other,Woodvale - Craig Henry - Manordale - Estates of Arlington Wo
7587,CARP RD @ ROTHBOURNE RD,348254.0456,5014875.436,-75.9461938,45.27249317,2014-06-08,16:15,01 - Clear,01 - Dry,02 - Stop sign,02 - Intersection related,01 - Daylight,03 - P.D. only,03 - Rear end,Stittsville
7588,HUNT CLUB RD @ UPLANDS DR,370156.2202,5023122.253,-75.66599559,45.34500179,2014-06-08,17:48,01 - Clear,01 - Dry,01 - Traffic signal,02 - Intersection related,01 - Daylight,03 - P.D. only,03 - Rear end,Hunt Club East - Western Community
7589,REGIONAL ROAD 174 btwn OR174 IC102 RAMP51 & REGIONAL ROAD 174,381388.4203,5038120.639,-75.52035162,45.47880974,2014-06-06,9:00,01 - Clear,01 - Dry,10 - No control,01 - Non intersection,01 - Daylight,03 - P.D. only,04 - Sideswipe,Industrial Park
7590,CARLING AVE WB btwn SHERBOURNE RD & BROADVIEW AVE,362955.6126,5026499.902,-75.75747617,45.3760275,2014-06-06,10:29,01 - Clear,01 - Dry,10 - No control,04 - At/near private drive,01 - Daylight,03 - P.D. only,02 - Angle,Carlingwood - McKellar Park - Laurentien View
7591,CARLING AVE @ KIRKWOOD AVE S,364351.2266,5027335.653,-75.7395579,45.38343022,2014-05-29,15:37,01 - Clear,01 - Dry,01 - Traffic signal,02 - Intersection related,01 - Daylight,03 - P.D. only,03 - Rear end,Carlington
7592,PIERRETTE DR btwn DES TREMBLES AVE & LOCKWOOD LANE (1),392231.0575,5042504.636,-75.38090646,45.51697783,2014-05-20,20:54,01 - Clear,01 - Dry,10 - No control,01 - Non intersection,07 - Dark,03 - P.D. only,07 - SMV other,Cumberland - Estates
7593,Birchland Cres btwn Birchland Cres and Birchland Cres,349663.7063,5012491.272,-75.92844437,45.25095108,2014-08-06,13:51,01 - Clear,08 - Loose sand or gravel,10 - No control,04 - At/near private drive,01 - Daylight,03 - P.D. only,07 - SMV other,Stittsville
7594,CARLING AVE @ MAITLAND AVE/SHERBOURNE RD,362943.1718,5026489.475,-75.75763623,45.37593471,2014-05-20,17:16,01 - Clear,01 - Dry,01 - Traffic signal,03 - At intersection,01 - Daylight,03 - P.D. only,05 - Turning movement,Carlingwood - McKellar Park - Laurentien View
7595,KIRKWOOD AVE N @ CARLING AVE,364274.4493,5027493.947,-75.74051915,45.38486104,2014-05-16,17:50,01 - Clear,01 - Dry,01 - Traffic signal,02 - Intersection related,01 - Daylight,03 - P.D. only,04 - Sideswipe,Westboro
7596,JEANNE MANCE ST btwn OLMSTEAD ST & LAJOIE ST,370557.1962,5032955.055,-75.65956912,45.43343635,2014-06-03,12:16,02 - Rain,02 - Wet,10 - No control,01 - Non intersection,01 - Daylight,03 - P.D. only,04 - Sideswipe,Vanier South
7597,WIGGINS PRIV btwn CHAPEL CRES & GOULBURN CRES (1),369628.7787,5031482.691,-75.6716276,45.42027528,2014-06-03,15:40,01 - Clear,01 - Dry,10 - No control,01 - Non intersection,01 - Daylight,03 - P.D. only,02 - Angle,Sandy Hill
7598,BANK ST btwn BANK ST EXTENSION NB & JOHNSTON RD,370618.1273,5025321.773,-75.65980904,45.36474922,2014-05-23,14:13,02 - Rain,02 - Wet,10 - No control,01 - Non intersection,01 - Daylight,03 - P.D. only,03 - Rear end,Ledbury - Heron Gate - Ridgemont - Elmwood
7599,RIVERSIDE DR @ TREMBLAY RD/HWY417 IC117 RAMP52,370802.552,5031013.064,-75.65669383,45.41594002,2014-05-23,16:44,01 - Clear,01 - Dry,01 - Traffic signal,02 - Intersection related,01 - Daylight,03 - P.D. only,03 - Rear end,Industrial Park
7600,RIVERSIDE DR @ HERON RD,368121.1049,5026647.475,-75.6915112,45.37690756,2014-05-06,15:53,01 - Clear,01 - Dry,01 - Traffic signal,02 - Intersection related,01 - Daylight,03 - P.D. only,03 - Rear end,Riverside Park
7601,YORK ST btwn WILLIAM ST & DALHOUSIE ST,367996.5104,5032359.639,-75.69236986,45.42831511,2014-05-06,18:11,01 - Clear,01 - Dry,10 - No control,01 - Non intersection,01 - Daylight,03 - P.D. only,06 - SMV unattended vehicle,Byward Market
7602,EAGLESON RD @ FLEWELLYN RD,355334.0974,5014248.373,-75.85603021,45.26637757,2014-06-10,8:15,01 - Clear,01 - Dry,02 - Stop sign,03 - At intersection,01 - Daylight,03 - P.D. only,02 - Angle,Stittsville - Basswood
7603,SLATER ST btwn METCALFE ST & ELGIN ST,367856.9936,5031622.765,-75.69424699,45.42169756,2014-06-10,10:40,01 - Clear,01 - Dry,10 - No control,01 - Non intersection,01 - Daylight,03 - P.D. only,04 - Sideswipe,Downtown
7604,MARCH RD btwn MARCH RD & BEACHVALE LANE,344419.2895,5023795.739,-75.99435109,45.35298797,2014-06-06,6:20,01 - Clear,01 - Dry,10 - No control,01 - Non intersection,01 - Daylight,03 - P.D. only,07 - SMV other,Carp - Hardwood Plains
7605,WILBROD ST btwn CORNWALL ST & NELSON ST,368784.2079,5032204.37,-75.68232455,45.42684644,2014-06-01,0:00,01 - Clear,01 - Dry,10 - No control,01 - Non intersection,00 - Unknown,03 - P.D. only,06 - SMV unattended vehicle,Sandy Hill
7606,BOOTH ST btwn ALBERT ST & PRIMROSE AVE,366440.612,5030595.35,-75.71247254,45.41257941,2014-06-11,8:50,01 - Clear,01 - Dry,10 - No control,01 - Non intersection,01 - Daylight,03 - P.D. only,99 - Other,Centretown West
7607,KING EDWARD AVE @ SUSSEX DR,367664.1001,5033504.517,-75.69647135,45.43864628,2014-03-18,12:32,01 - Clear,01 - Dry,01 - Traffic signal,03 - At intersection,01 - Daylight,03 - P.D. only,05 - Turning movement,Byward Market - Parliament Hill
7608,GLADSTONE AVE @ KENT ST,367743.2824,5030457.675,-75.69584869,45.41122469,2014-06-10,11:30,01 - Clear,01 - Dry,01 - Traffic signal,02 - Intersection related,01 - Daylight,03 - P.D. only,03 - Rear end,Centretown
7609,GREENBANK RD @ WEST HUNT CLUB RD,361481.0988,5020501.531,-75.77698857,45.32217525,2014-06-11,19:30,02 - Rain,02 - Wet,01 - Traffic signal,02 - Intersection related,01 - Daylight,03 - P.D. only,03 - Rear end,Greenbelt
7610,MITCH OWENS RD btwn EMERALD LINKS DR & STAGECOACH RD,375376.532,5014473.084,-75.60061918,45.26667395,2014-06-21,3:24,01 - Clear,01 - Dry,10 - No control,01 - Non intersection,07 - Dark,03 - P.D. only,07 - SMV other,Osgoode
7611,ST. LAURENT BLVD @ WALKLEY RD,373902.7501,5028046.855,-75.61750325,45.3889522,2014-05-13,16:45,01 - Clear,01 - Dry,01 - Traffic signal,02 - Intersection related,01 - Daylight,03 - P.D. only,03 - Rear end,Hawthorne Meadows
7612,PINECREST RD/HWY 417 PINECRE IC129R63 @ TRANSI,360388.1344,5023677.708,-75.79057231,45.3508419,2014-05-02,12:27,01 - Clear,01 - Dry,01 - Traffic signal,02 - Intersection related,01 - Daylight,03 - P.D. only,03 - Rear end,Whitehaven - Queensway Terrace North
7613,CARLING AVE WB btwn ALPINE AVE & FOREST ST,360530.9365,5024964.938,-75.78860485,45.36241302,2014-06-16,9:45,01 - Clear,01 - Dry,10 - No control,01 - Non intersection,01 - Daylight,03 - P.D. only,04 - Sideswipe,Whitehaven - Queensway Terrace North
7614,FISHER AVE btwn 220 S OF TRENT ST & MCCOOEY LANE,365933.4376,5026578.304,-75.71944942,45.37647946,2014-05-23,14:20,02 - Rain,02 - Wet,10 - No control,01 - Non intersection,01 - Daylight,03 - P.D. only,07 - SMV other,Civic Hospital - Experimental Farm - Central Park
7615,HAWTHORNE RD @ HUNT CLUB RD,375506.3281,5026408.425,-75.59726147,45.37405037,2014-05-26,9:00,01 - Clear,02 - Wet,01 - Traffic signal,03 - At intersection,01 - Daylight,03 - P.D. only,05 - Turning movement,Industrial Park
7616,BRONSON AVE @ HOLMWOOD AVE,367700.2338,5028729.544,-75.69661904,45.39567936,2014-06-10,8:00,01 - Clear,01 - Dry,01 - Traffic signal,02 - Intersection related,01 - Daylight,03 - P.D. only,02 - Angle,The Glebe
7617,METCALFE ST @ SOMERSET ST,368011.1782,5031106.469,-75.69234323,45.41703819,2014-05-25,13:43,01 - Clear,01 - Dry,01 - Traffic signal,02 - Intersection related,01 - Daylight,03 - P.D. only,03 - Rear end,Centretown
7618,BASELINE RD @ FARLANE BLVD,365357.166,5025515.638,-75.72693685,45.36696783,2014-06-06,17:26,01 - Clear,01 - Dry,01 - Traffic signal,02 - Intersection related,01 - Daylight,03 - P.D. only,03 - Rear end,Cityview - Skyline - Fisher Heights
7619,HAMILTON AVE   N btwn TYNDALL ST & END,365226.2243,5028888.93,-75.72819538,45.39733135,2014-06-12,14:30,02 - Rain,02 - Wet,10 - No control,01 - Non intersection,01 - Daylight,03 - P.D. only,06 - SMV unattended vehicle,Civi
7620,INNES RD @ TRIM RD,386567.246,5037275.452,-75.45426028,45.47061833,2014-06-14,11:22,01 - Clear,01 - Dry,01 - Traffic signal,02 - Intersection related,01 - Daylight,03 - P.D. only,03 - Rear end,Cardinal Creek
7621,REGIONAL ROAD 174 btwn OR174 IC112 RAMP36 & OR174 IC112 RAMP26,374785.3247,5032835.887,-75.60555354,45.43195378,2014-06-04,17:45,01 - Clear,01 - Dry,10 - No control,01 - Non intersection,01 - Daylight,03 - P.D. only,07 - SMV other,Beacon Hill South - Cardinal Heights
7622,BANK ST btwn CENOTE RD & STONE SCHOOL RD,380807.0981,5012534.557,-75.53172171,45.24866612,2014-06-20,8:28,01 - Clear,01 - Dry,10 - No control,01 - Non intersection,01 - Daylight,03 - P.D. only,07 - SMV other,Osgoode
7623,WOODROFFE AVE btwn CARLING AVE & FOX CRES,361777.6362,5025701.817,-75.77260726,45.36894318,2014-05-29,16:51,01 - Clear,01 - Dry,10 - No control,01 - Non intersection,01 - Daylight,03 - P.D. only,05 - Turning movement,Carlingwood West - Glabar Park - McKellar Heights
7624,BROOKRIDGE CRES btwn PRINCESS LOUISE DR & CHANTAL PL,383500.3193,5038723.637,-75.49324567,45.4840001,2014-06-08,12:16,01 - Clear,01 - Dry,10 - No control,04 - At/near private drive,01 - Daylight,03 - P.D. only,06 - SMV unattended vehicle,Fallingbrook
7625,EDGEWORTH AVE btwn RICHMOND RD & MAYFLOWER PRIV,361109.1392,5025795.815,-75.78113009,45.36984299,2014-05-31,22:30,01 - Clear,01 - Dry,10 - No control,04 - At/near private drive,07 - Dark,03 - P.D. only,06 - SMV unattended vehicle,Woodroffe - Lincoln Heights
7626,ANDERSON RD @ INNES RD,376280.2672,5031840.616,-75.58659431,45.42284772,2014-06-03,8:30,02 - Rain,02 - Wet,01 - Traffic signal,02 - Intersection related,01 - Daylight,03 - P.D. only,03 - Rear end,Greenbelt
7627,LYON ST @ WELLINGTON ST,366933.8492,5031424.27,-75.70606698,45.41999416,2014-06-26,6:45,01 - Clear,01 - Dry,01 - Traffic signal,03 - At intersection,01 - Daylight,03 - P.D. only,04 - Sideswipe,Downtown
7628,MERIVALE RD/LOTTA AVE @ CLYDE AVE,364520.2765,5024504.682,-75.73774166,45.3579432,2014-05-20,19:20,01 - Clear,01 - Dry,01 - Traffic signal,02 - Intersection related,01 - Daylight,03 - P.D. only,03 - Rear end,Crestview - Meadowlands
7629,HUNT CLUB RD @ LORRY GREENBERG DR/SABLE RIDGE ,372822.3169,5024806.557,-75.63174592,45.35990307,2014-05-22,11:39,01 - Clear,01 - Dry,01 - Traffic signal,02 - Intersection related,01 - Daylight,03 - P.D. only,03 - Rear end,Greenboro East
7630,ANDERSON RD @ INNES RD,376282.1629,5031841.564,-75.58656995,45.42285606,2014-06-18,6:30,01 - Clear,01 - Dry,01 - Traffic signal,02 - Intersection related,01 - Daylight,03 - P.D. only,03 - Rear end,Greenbelt
7631,SPADINA AVE btwn SOMERSET ST W & LAUREL ST,365768.9492,5029741.563,-75.72115857,45.40495609,2014-06-17,0:00,02 - Rain,02 - Wet,10 - No control,01 - Non intersection,00 - Unknown,03 - P.D. only,06 - SMV unattended vehicle,Centretow
7632,LONGSHIRE CIRC btwn SLEAFORD GT & WILTSHIRE CIRC,365558.8867,5016580.156,-75.72545849,45.28654994,2014-06-14,11:50,01 - Clear,01 - Dry,10 - No control,01 - Non intersection,01 - Daylight,03 - P.D. only,06 - SMV unattended vehicle,Chapman Mills - Rideau Crest - Davidson Heights
7633,INNES RD EB btwn INNES RD E & ORLEANS BLVD,379829.1887,5033821.375,-75.54094908,45.44029755,2014-06-14,19:15,01 - Clear,01 - Dry,10 - No control,01 - Non intersection,01 - Daylight,03 - P.D. only,04 - Sideswipe,Greenbelt
7634,QUEEN ST btwn O'CONNOR ST & METCALFE ST,367562.6979,5031626.145,-75.69800675,45.42175444,2014-06-10,0:00,01 - Clear,01 - Dry,10 - No control,01 - Non intersection,00 - Unknown,03 - P.D. only,06 - SMV unattended vehicle,Downtown
7635,PALLADIUM DR @ SILVER SEVEN RD,351051.6077,5017888.207,-75.91026087,45.29942454,2014-06-10,9:43,01 - Clear,01 - Dry,01 - Traffic signal,03 - At intersection,01 - Daylight,03 - P.D. only,05 - Turning movement,Katimavik - Hazeldean
7636,BAY ST @ WELLINGTON ST,366814.2241,5031352.514,-75.70760441,45.41935914,2014-05-30,11:40,01 - Clear,01 - Dry,01 - Traffic signal,02 - Intersection related,01 - Daylight,03 - P.D. only,04 - Sideswipe,Downtown
7637,ELGIN ST @ WELLINGTON ST W,367664.2299,5031874.734,-75.69667776,45.42398204,2014-06-02,2:51,01 - Clear,01 - Dry,01 - Traffic signal,03 - At intersection,07 - Dark,03 - P.D. only,07 - SMV other,Downtown
7638,KIRKWOOD AVE @ MERIVALE RD,364854.1753,5026646.542,-75.73321987,45.37718679,2014-06-09,16:09,01 - Clear,01 - Dry,01 - Traffic signal,02 - Intersection related,01 - Daylight,03 - P.D. only,03 - Rear end,Carlington
7639,MONTREAL RD/HANNAH ST @ CODY AVE,370255.0974,5033169.903,-75.66340121,45.43539781,2014-06-12,17:24,02 - Rain,02 - Wet,01 - Traffic signal,02 - Intersection related,01 - Daylight,03 - P.D. only,04 - Sideswipe,Vanier
7640,CHURCHILL AVE @ RICHMOND RD,363226.272,5028290.656,-75.75380876,45.39211792,2014-06-13,6:47,02 - Rain,02 - Wet,01 - Traffic signal,03 - At intersection,01 - Daylight,03 - P.D. only,02 - Angle,Carlingwood - McKellar Park - Laurentien View
7641,ATHLONE AVE btwn RICHMOND RD & BYRON AVE,363518.2502,5028284.492,-75.75008082,45.39203804,2014-06-14,17:26,01 - Clear,01 - Dry,10 - No control,01 - Non intersection,01 - Daylight,03 - P.D. only,02 - Angle,Westboro
7642,EAGLESON RD btwn AKINS RD & RUSHMORE RD,356730.8362,5010565.251,-75.83861712,45.23313425,2014-06-14,20:48,01 - Clear,01 - Dry,10 - No control,01 - Non intersection,05 - Dusk,03 - P.D. only,07 - SMV other,Stittsville - Basswood
7643,BANKFIELD RD @ PRINCE OF WALES DR,366379.216,5008977.282,-75.715944,45.21806802,2014-06-06,14:58,01 - Clear,01 - Dry,01 - Traffic signal,03 - At intersection,01 - Daylight,03 - P.D. only,01 - Approaching,Manotick
7644,ALBERT ST @ EMPRESS AVE,366578.1228,5030721.514,-75.71070004,45.41370247,2014-06-07,16:51,01 - Clear,01 - Dry,01 - Traffic signal,02 - Intersection related,01 - Daylight,03 - P.D. only,03 - Rear end,Centretown West
7645,JOHN SHAW RD btwn GRANTS SIDE RD & SNOWBIRD LANE,333310.3068,5025590.379,-76.13602468,45.36967665,2014-06-20,8:00,01 - Clear,01 - Dry,10 - No control,04 - At/near private drive,01 - Daylight,03 - P.D. only,02 - Angle,Car
7646,HARRY DOUGLAS DR @ IBER RD,351689.6428,5015202.315,-75.90237978,45.27521383,2014-06-20,8:45,01 - Clear,01 - Dry,02 - Stop sign,03 - At intersection,01 - Daylight,03 - P.D. only,02 - Angle,Stittsville
7647,CARLING AVE @ ISLAND PARK DR,365350.1213,5027995.647,-75.72672266,45.38928308,2014-06-07,17:54,01 - Clear,01 - Dry,01 - Traffic signal,02 - Intersection related,01 - Daylight,03 - P.D. only,03 - Rear end,Civic Hospital - Experimental Farm - Central Park
7648,REGIONAL ROAD 174 btwn OR174 IC112 RAMP26 & OR174 IC112 RAMP61,374933.9519,5032950.301,-75.60363794,45.43296833,2014-06-08,2:58,01 - Clear,01 - Dry,10 - No control,01 - Non intersection,07 - Dark,03 - P.D. only,07 - SMV other,Beacon Hill South - Cardinal Heights
7649,RIDGEBROOK DR btwn MAXIME ST & NORTHDALE ST,374703.6842,5031665.341,-75.60676295,45.42143001,2014-06-09,18:20,01 - Clear,01 - Dry,10 - No control,01 - Non intersection,01 - Daylight,03 - P.D. only,06 - SMV unattended vehicle,Pineview
7650,CLYDE AVE btwn STARWOOD RD & LOTTA AVE,364466.8047,5024637.615,-75.73840805,45.35914386,2014-06-10,20:07,01 - Clear,01 - Dry,10 - No control,04 - At/near private drive,01 - Daylight,03 - P.D. only,05 - Turning movement,Crestview - Meadowlands
7651,EAGLESON RD btwn HWY417 IC138 RAMP35 & HWY417 IC138 RAMP25,353027.2356,5020031.164,-75.88486317,45.31857449,2014-06-05,8:33,01 - Clear,01 - Dry,10 - No control,01 - Non intersection,01 - Daylight,03 - P.D. only,03 - Rear end,Greenbelt
7652,MURRAY ST @ SUSSEX DR,367706.1073,5032394.497,-75.6960763,45.42865493,2014-07-01,7:42,01 - Clear,01 - Dry,01 - Traffic signal,03 - At intersection,01 - Daylight,03 - P.D. only,02 - Angle,Byward Market - Parliament Hill
7653,RENAUD RD btwn IDA ST & Continuation of RENAUD RD,378706.6936,5031756.2,-75.55560522,45.42183607,2014-07-03,3:25,01 - Clear,01 - Dry,10 - No control,01 - Non intersection,07 - Dark,03 - P.D. only,06 - SMV unattended vehicle,Greenbelt
7654,AIRPORT PKWY/BROOKFIELD RD @ FLANNERY DR/AIRPORT PKWY RAMPS 52A/53,368693.5873,5026294.655,-75.68424809,45.37368101,2014-05-26,8:17,02 - Rain,02 - Wet,03 - Yield sign,03 - At intersection,01 - Daylight,03 - P.D. only,07 - SMV other,Riverside Park
7655,BANK ST btwn GROVE AVE & OSSINGTON AVE,368866.8112,5028348.767,-75.68177012,45.39214748,2014-05-29,23:45,01 - Clear,01 - Dry,10 - No control,01 - Non intersection,07 - Dark,03 - P.D. only,05 - Turning movement,Old Ottawa South
7656,ST. JOSEPH BLVD @ JEANNE D'ARC BLVD,379861.2164,5036470.633,-75.54013547,45.46413014,2014-11-01,14:22,01 - Clear,01 - Dry,11 - Roundabout,03 - At intersection,01 - Daylight,03 - P.D. only,04 - Sideswipe,Chapel Hill
7657,ST. JOSEPH BLVD @ JEANNE D'ARC BLVD,379861.2164,5036474.425,-75.54013489,45.46416425,2014-11-29,13:00,01 - Clear,01 - Dry,11 - Roundabout,03 - At intersection,01 - Daylight,03 - P.D. only,02 - Angle,Greenbelt
7658,HUNT CLUB RD @ PAUL ANKA DR,369777.8437,5022897.727,-75.670853,45.34301672,2014-06-17,20:00,02 - Rain,02 - Wet,01 - Traffic signal,02 - Intersection related,01 - Daylight,03 - P.D. only,03 - Rear end,Hunt Club - Ottawa Airport
7659,BLAIR RD btwn BEAVERPOND DR & INNES RD,375542.242,5031533.394,-75.59606804,45.42015854,2014-06-18,14:05,02 - Rain,02 - Wet,10 - No control,01 - Non intersection,01 - Daylight,03 - P.D. only,03 - Rear end,Greenbelt
7660,MCCARTHY RD btwn PLANTE DR & HUNT CLUB RD,370484.5117,5023452.642,-75.66176286,45.34794387,2014-06-14,9:45,01 - Clear,01 - Dry,10 - No control,01 - Non intersection,01 - Daylight,03 - P.D. only,05 - Turning movement,Hunt Club East - Western Community
7661,LESTER RD btwn ALBION RD & UPLANDS DR,372517.3463,5022203.64,-75.6359946,45.33651246,2014-06-14,20:56,01 - Clear,01 - Dry,10 - No control,01 - Non intersection,05 - Dusk,03 - P.D. only,07 - SMV other,Greenbelt