Record,Location,X,Y,lon,lat,Date,Time,Environment,Road_Surface,Traffic_Control,Collision_Location,Light,Collision_Classification,Impact_type,Neighborhood
7662,BANK ST @ GLEN AVE,368805.211,5028434.302,-75.68254567,45.39292273,2014-06-10,10:43,01 - Clear,01 - Dry,01 - Traffic signal,02 - Intersection related,01 - Daylight,03 - P.D. only,03 - Rear end,Old Ottawa South
7663,ST. LAURENT BLVD @ CONNERY AVE,373627.2029,5028724.501,-75.62092727,45.39507648,2014-06-10,10:52,01 - Clear,01 - Dry,02 - Stop sign,02 - Intersection related,01 - Daylight,03 - P.D. only,03 - Rear end,Hawthorne Meadows
7664,RIVERSIDE DR RAMP 42A @ RIVERSIDE DR RAMP 42B,368481.6873,5027089.903,-75.68685066,45.38085572,2014-06-09,9:30,01 - Clear,01 - Dry,03 - Yield sign,02 - Intersection related,01 - Daylight,03 - P.D. only,03 - Rear end,Riverside Park
7665,WAVERLEY ST @ O'CONNOR ST,368009.1821,5030765.57,-75.69241246,45.41397107,2014-06-10,14:53,01 - Clear,01 - Dry,02 - Stop sign,03 - At intersection,01 - Daylight,03 - P.D. only,02 - Angle,Centretown
7666,BOOTH ST @ OTTAWA RIVER PKWY/WELLINGTON ST,366262.8923,5031007.325,-75.71469151,45.41630188,2014-06-09,17:20,01 - Clear,01 - Dry,01 - Traffic signal,03 - At intersection,01 - Daylight,03 - P.D. only,03 - Rear end,LeBreton Flats
7667,HUNT CLUB RD @ BRIDLE PATH DR/DAZE ST,371292.2028,5023864.504,-75.65140121,45.35157357,2014-06-12,15:00,01 - Clear,01 - Dry,01 - Traffic signal,02 - Intersection related,01 - Daylight,03 - P.D. only,04 - Sideswipe,South Keys - Heron Gate - Greenboro West
7668,OSGOODE MAIN ST btwn OLD GEORGE ST & ROBERT DOWD ST,374800.8102,5000880.999,-75.60986442,45.14443247,2014-06-15,10:25,01 - Clear,01 - Dry,10 - No control,01 - Non intersection,01 - Daylight,03 - P.D. only,06 - SMV unattended vehicle,Kars - Osgoode
7669,SANDHAMN PRIV btwn SANDHAMN PRIV & SANDHAMN PRIV,371772.8796,5024830.301,-75.64513648,45.36021775,2014-06-15,17:17,01 - Clear,01 - Dry,10 - No control,04 - At/near private drive,01 - Daylight,03 - P.D. only,06 - SMV unattended vehicle,Greenboro East
7670,CARLING AVE EB btwn HWY417 IC124 RAMP57 & KIRKWOOD AVE,364294.3545,5027256.98,-75.74029354,45.38272717,2014-06-12,9:03,01 - Clear,02 - Wet,10 - No control,01 - Non intersection,01 - Daylight,03 - P.D. only,04 - Sideswipe,Carlington
7671,PRINCE OF WALES DR @ HARTWELL LOCKS/548 N OF R,367019.9643,5027299.688,-75.70548709,45.38287466,2014-06-12,9:30,02 - Rain,02 - Wet,01 - Traffic signal,02 - Intersection related,01 - Daylight,03 - P.D. only,03 - Rear end,Civic Hospital - Experimental Farm - Central Park
7672,SUNNYSIDE AVE btwn CARRAWAY PRIV & SENECA ST,368125.0807,5028215.011,-75.69125935,45.39101145,2014-06-20,8:25,01 - Clear,01 - Dry,10 - No control,04 - At/near private drive,01 - Daylight,03 - P.D. only,02 - Angle,Old Ottawa South
7673,"EGLISE, RUE DE L btwn MUTUAL ST & MCARTHUR AVE",371442.3992,5032861.546,-75.64826941,45.4325112,2014-06-09,19:13,01 - Clear,01 - Dry,10 - No control,04 - At/near private drive,01 - Daylight,03 - P.D. only,02 - Angle,Vanier South
7674,WELLINGTON ST    W btwn HOLLAND AVE & HINTON AVE N,364991.8989,5029185.975,-75.73115182,45.40002428,2014-06-11,0:31,01 - Clear,01 - Dry,10 - No control,01 - Non intersection,07 - Dark,03 - P.D. only,06 - SMV unattended vehicle,Islan
7675,O'CONNOR ST @ WELLINGTON ST,367415.121,5031722.583,-75.69988008,45.42263538,2014-06-11,15:30,01 - Clear,01 - Dry,01 - Traffic signal,02 - Intersection related,01 - Daylight,03 - P.D. only,04 - Sideswipe,Downtown
7676,FOX CRES @ WOODROFFE AVE,361804.2535,5025625.586,-75.77227628,45.36825509,2014-06-06,15:00,01 - Clear,01 - Dry,02 - Stop sign,03 - At intersection,01 - Daylight,03 - P.D. only,02 - Angle,Carlingwood West - Glabar Park - McKellar Heights
7677,OLD COLONY RD btwn COURTNEY RD & ROTHESAY DR,353733.1538,5017053.906,-75.87615365,45.29173566,2014-06-05,19:44,01 - Clear,01 - Dry,10 - No control,01 - Non intersection,01 - Daylight,03 - P.D. only,06 - SMV unattended vehicle,Glen Cairn - Kanata South Business Park
7678,MOODIE DR btwn WEST HUNT CLUB RD & ALTI PL,359291.8193,5015132.501,-75.80550245,45.27403758,2014-07-07,6:30,02 - Rain,02 - Wet,10 - No control,01 - Non intersection,01 - Daylight,03 - P.D. only,99 - Other,Greenbelt
7679,VACHON AVE btwn ALICE ST & DAGMAR AVE,369847.744,5033700.439,-75.66853704,45.44020936,2014-06-27,13:00,01 - Clear,01 - Dry,10 - No control,01 - Non intersection,01 - Daylight,03 - P.D. only,06 - SMV unattended vehicle,Vanier North
7680,PRETORIA AVE btwn METCALFE ST & ELGIN ST,368511.9099,5030343.204,-75.68604464,45.41012517,2014-06-03,12:56,01 - Clear,01 - Dry,10 - No control,04 - At/near private drive,01 - Daylight,03 - P.D. only,06 - SMV unattended vehicle,The Glebe
7681,MONTREAL RD @ DEN HAAG DR/LANG'S RD,372385.2962,5034219.688,-75.63603349,45.44464061,2014-06-18,8:30,01 - Clear,01 - Dry,01 - Traffic signal,02 - Intersection related,01 - Daylight,03 - P.D. only,03 - Rear end,Carson Grove - Carson Meadows
7682,NAVAHO DR @ WOODROFFE AVE/TRANSITWAY N BASELIN,362705.5637,5023493.827,-75.76102073,45.34899983,2014-06-10,7:50,01 - Clear,01 - Dry,01 - Traffic signal,03 - At intersection,01 - Daylight,03 - P.D. only,05 - Turning movement,Crestview - Meadowlands
7683,FOURTH AVE btwn BRONSON AVE & CHRYSLER ST,367728.1049,5029096.549,-75.69621628,45.39897906,2014-06-13,0:00,01 - Clear,01 - Dry,10 - No control,04 - At/near private drive,00 - Unknown,03 - P.D. only,06 - SMV unattended vehicle,The Glebe
7684,INNES RD @ 215 W OF CYRVILLE RD/HOME DEPOT W,374865.3074,5030999.836,-75.60479259,45.41542599,2014-06-03,18:32,01 - Clear,01 - Dry,01 - Traffic signal,03 - At intersection,01 - Daylight,03 - P.D. only,02 - Angle,Industrial Park
7685,CUMMINGS AVE @ OGILVIE RD,372749.1941,5032169.638,-75.63166515,45.42616,2014-06-09,20:06,01 - Clear,01 - Dry,01 - Traffic signal,03 - At intersection,01 - Daylight,03 - P.D. only,02 - Angle,Cummings
7686,PRINCE OF WALES DR btwn BLAZER AVE & DEAKIN ST,367384.0157,5021457.287,-75.70157847,45.33027356,2014-06-09,14:00,01 - Clear,01 - Dry,10 - No control,04 - At/near private drive,01 - Daylight,03 - P.D. only,05 - Turning movement,Industrial Park
7687,ROBERTSON RD btwn FITZGERALD RD & MOODIE DR,356959.0692,5020393.867,-75.83467783,45.32155704,2014-06-13,15:58,01 - Clear,01 - Dry,10 - No control,04 - At/near private drive,01 - Daylight,03 - P.D. only,02 - Angle,Bells Corners West
7688,CARLING AVE @ BAYSHORE DR/BIRCHDALE AVE,359004.0416,5023990.849,-75.80820076,45.35376789,2014-06-16,8:05,01 - Clear,01 - Dry,01 - Traffic signal,02 - Intersection related,01 - Daylight,03 - P.D. only,03 - Rear end,Bayshore
7689,NAUGHTON ST @ QUEEN MARY ST,371334.0542,5032068.46,-75.64976112,45.42538568,2014-06-13,19:00,01 - Clear,01 - Dry,02 - Stop sign,03 - At intersection,01 - Daylight,03 - P.D. only,02 - Angle,Overbrook
7690,RIVERSIDE DR NB btwn BANK ST & RIVERSIDE DR NB RAMP FROM EB TO WB,369336.4707,5027928.676,-75.67582742,45.38832451,2014-06-12,14:40,02 - Rain,02 - Wet,10 - No control,04 - At/near private drive,01 - Daylight,03 - P.D. only,03 - Rear end,Alta Vista
7691,WELLINGTON ST btwn O'CONNOR ST & METCALFE ST,367554.7987,5031809.051,-75.69808438,45.42340087,2014-06-16,13:58,01 - Clear,01 - Dry,10 - No control,01 - Non intersection,01 - Daylight,03 - P.D. only,04 - Sideswipe,Downtown
7692,TRIM RD btwn BRIARGATE PRIV & INNES RD,386525.5399,5037368.343,-75.45477813,45.47145895,2014-06-17,23:59,01 - Clear,01 - Dry,10 - No control,01 - Non intersection,07 - Dark,03 - P.D. only,07 - SMV other,Cardinal Creek
7693,RIVERSIDE DR @ PLEASANT PARK RD,369560.7771,5028415.014,-75.67289936,45.39267972,2014-06-09,17:30,01 - Clear,01 - Dry,01 - Traffic signal,02 - Intersection related,01 - Daylight,03 - P.D. only,03 - Rear end,Alta Vista
7694,MELFORT ST @ WALKLEY RD,374446.3083,5028374.132,-75.61051623,45.39184304,2014-06-09,21:53,01 - Clear,01 - Dry,01 - Traffic signal,02 - Intersection related,07 - Dark,03 - P.D. only,04 - Sideswipe,Hawthorne Meadows
7695,Hibiscus Way btwn Peerless St and Helena Campbell Rd,361315.0645,5015078.436,-75.77972438,45.2733914,2014-07-03,14:37,01 - Clear,01 - Dry,10 - No control,01 - Non intersection,01 - Daylight,03 - P.D. only,07 - SMV other,Munster Hamlet - Richmond
7696,WOODROFFE AVE @ KNOXDALE RD/MEDHURST DR,363422.0596,5021827.435,-75.75207519,45.33394625,2014-06-11,16:56,02 - Rain,02 - Wet,01 - Traffic signal,02 - Intersection related,01 - Daylight,03 - P.D. only,03 - Rear end,Woodvale - Craig Henry - Manordale - Estates of Arlington Wo
7697,ALBERT ST btwn O'CONNOR ST & METCALFE ST,367561.4435,5031532.853,-75.69803467,45.42091514,2014-05-13,7:48,01 - Clear,01 - Dry,10 - No control,01 - Non intersection,01 - Daylight,03 - P.D. only,04 - Sideswipe,Downtown
7698,VIEWMOUNT DR btwn CHESTERTON DR & COACH HOUSE GT,366255.4797,5023545.084,-75.71571518,45.34915896,2014-06-11,8:33,01 - Clear,01 - Dry,10 - No control,01 - Non intersection,01 - Daylight,03 - P.D. only,06 - SMV unattended vehicle,Borden Farm - Stewart Farm - Parkwood Hills - Fisher Glen
7699,BRONSON AVE @ SUNNYSIDE AVE/UNIVERSITY RD - CA,367923.184,5028088.704,-75.69385372,45.3898932,2014-06-12,17:00,01 - Clear,01 - Dry,01 - Traffic signal,02 - Intersection related,01 - Daylight,03 - P.D. only,03 - Rear end,Carleto
7700,YORK ST WB btwn BYWARD MARKE SQ & SUSSEX DR,367881.9841,5032313.523,-75.69383923,45.42791051,2014-06-18,14:30,01 - Clear,01 - Dry,10 - No control,01 - Non intersection,01 - Daylight,03 - P.D. only,02 - Angle,Byward Market
7701,MEADOWLANDS DR btwn TURN LANE & SULLIVAN AVE,363104.1384,5022758.591,-75.7560213,45.34235122,2014-06-18,15:51,01 - Clear,01 - Dry,10 - No control,04 - At/near private drive,01 - Daylight,03 - P.D. only,02 - Angle,Crestview - Meadowlands
7702,STONEMEADOW DR btwn BRAMBLEWOOD CRES & STONEHAVEN DR,355939.4954,5016610.62,-75.8480726,45.28758979,2014-06-04,0:50,01 - Clear,01 - Dry,10 - No control,01 - Non intersection,07 - Dark,03 - P.D. only,07 - SMV other,Bridlewood - Emerald Meadows
7703,Meadowhawk Cres btwn Andre Audet Ave  and Andre Audet Ave ,365023.8959,5012211.404,-75.73280756,45.24728597,2014-07-30,0:00,02 - Rain,02 - Wet,10 - No control,01 - Non intersection,00 - Unknown,03 - P.D. only,06 - SMV unattended vehicle,New Barrhaven
7704,BANK ST @ WALKLEY RD,370338.3259,5025947.735,-75.66329739,45.37040764,2014-06-16,11:45,01 - Clear,01 - Dry,01 - Traffic signal,02 - Intersection related,01 - Daylight,03 - P.D. only,05 - Turning movement,Ledbury - Heron Gate - Ridgemont - Elmwood
7705,KIRKWOOD AVE N @ CARLING AVE,364275.3972,5027493.947,-75.74050705,45.38486096,2014-06-16,11:00,01 - Clear,01 - Dry,01 - Traffic signal,02 - Intersection related,01 - Daylight,03 - P.D. only,04 - Sideswipe,Westboro
7706,WALKLEY EXTENSION RD btwn HWY417 IC110 RAMP65 & HWY417 IC110 RAMP56,375838.6398,5029097.361,-75.59263223,45.39821042,2014-06-16,14:15,01 - Clear,01 - Dry,10 - No control,01 - Non intersection,01 - Daylight,03 - P.D. only,04 - Sideswipe,Greenbelt
7707,OLD INNES RD @ BANTREE ST,373727.0502,5030354.423,-75.61942434,45.40973193,2014-06-13,10:15,02 - Rain,02 - Wet,02 - Stop sign,03 - At intersection,01 - Daylight,03 - P.D. only,05 - Turning movement,Industrial Park
7708,ST. JOSEPH BLVD btwn GREY NUNS DR & BOYER RD,380265.0894,5036745.077,-75.53492944,45.46655585,2014-06-13,10:36,02 - Rain,02 - Wet,10 - No control,04 - At/near private drive,01 - Daylight,03 - P.D. only,03 - Rear end,Industrial Park
7709,CAMPEAU DR btwn KANATA AVE & STONECROFT TER,350658.8481,5019494.835,-75.9151199,45.31390716,2014-06-10,15:43,01 - Clear,01 - Dry,10 - No control,04 - At/near private drive,01 - Daylight,03 - P.D. only,03 - Rear end,Kanata Lakes - Marchwood Lakeside - Morgan's Grant - Kanata
7710,INNES RD btwn PRESTWICK DR & TENTH LINE RD,383924.7461,5036150.082,-75.48823158,45.46079766,2014-06-10,16:45,01 - Clear,01 - Dry,10 - No control,04 - At/near private drive,01 - Daylight,03 - P.D. only,02 - Angle,Queenswood Heights
7711,RUSSELL RD btwn THIRSK ST & HAIG DR,372709.4036,5029686.104,-75.6325158,45.40381818,2014-06-23,16:00,01 - Clear,01 - Dry,10 - No control,01 - Non intersection,01 - Daylight,03 - P.D. only,06 - SMV unattended vehicle,Elmvale - Eastway - Riverview - Riverview Park West
7712,RIDEAU ST @ WALLER ST,368283.2218,5032275.532,-75.688717,45.42753238,2014-06-16,14:35,01 - Clear,01 - Dry,01 - Traffic signal,02 - Intersection related,01 - Daylight,03 - P.D. only,02 - Angle,Byward Market - Parliament Hill
7713,EAGLESON RD @ MICHAEL COWPLAND DR/STONEHAVEN D,354384.0478,5016623.444,-75.86789897,45.28781664,2014-06-16,15:30,01 - Clear,01 - Dry,01 - Traffic signal,03 - At intersection,01 - Daylight,03 - P.D. only,02 - Angle,Glen Cairn - Kanata South Business Park
7714,"MCARTHUR AVE btwn MCARTHUR AVE & EGLISE, RUE DE L",371431.8676,5032823.322,-75.64840916,45.43216828,2014-06-17,9:05,01 - Clear,01 - Dry,10 - No control,01 - Non intersection,01 - Daylight,03 - P.D. only,04 - Sideswipe,Castle Heights
7715,GREENBANK RD btwn HWY 417 IC129 RAMP57/IRIS ST & HWY417 IC129 RAMP25,360527.0436,5023329.556,-75.78883889,45.34769821,2014-06-18,11:30,01 - Clear,01 - Dry,10 - No control,01 - Non intersection,01 - Daylight,03 - P.D. only,04 - Sideswipe,Iris
7716,BESSERER ST @ CHARLOTTE ST,369293.1814,5032790.638,-75.6757441,45.43207471,2014-06-19,3:30,01 - Clear,01 - Dry,02 - Stop sign,03 - At intersection,07 - Dark,03 - P.D. only,02 - Angle,Sandy Hill
7717,ST. LAURENT BLVD @ TREMBLAY RD,372598.0836,5031240.628,-75.63372385,45.41781587,2014-06-10,12:51,01 - Clear,01 - Dry,01 - Traffic signal,03 - At intersection,01 - Daylight,03 - P.D. only,05 - Turning movement,Industrial Park
7718,RIDEAU RD btwn RIVER RD & SPRATT RD,368273.7283,5012492.6,-75.69137606,45.24953057,2014-06-14,23:55,01 - Clear,01 - Dry,10 - No control,01 - Non intersection,07 - Dark,03 - P.D. only,01 - Approaching,Manotick
7719,GREENBANK RD @ STRANDHERD DR,363933.21,5014783.469,-75.74639449,45.27052199,2014-06-11,17:27,02 - Rain,02 - Wet,01 - Traffic signal,03 - At intersection,01 - Daylight,03 - P.D. only,05 - Turning movement,New Barrhaven
7720,MARIPOSA AVE @ SPRINGFIELD RD,369060.2307,5034590.539,-75.67848602,45.44829095,2014-06-11,16:45,01 - Clear,02 - Wet,02 - Stop sign,03 - At intersection,01 - Daylight,03 - P.D. only,02 - Angle,Rockcliffe - Manor Park
7721,ALBERT ST btwn BAY ST & LYON ST N,367031.321,5031201.407,-75.70484977,45.41798025,2014-05-22,10:33,01 - Clear,01 - Dry,10 - No control,01 - Non intersection,01 - Daylight,03 - P.D. only,04 - Sideswipe,Downtown
7722,PAUL METIVIER DR btwn TAPESTRY DR & CLEARBROOK DR,366041.6595,5014761.005,-75.71952922,45.27013941,2014-05-25,14:05,01 - Clear,01 - Dry,10 - No control,04 - At/near private drive,01 - Daylight,03 - P.D. only,05 - Turning movement,New Barrhaven
7723,WEST HUNT CLUB RD btwn MOODIE DR & RICHMOND RD,357620.4304,5018387.345,-75.82645623,45.30345269,2014-06-13,10:14,01 - Clear,01 - Dry,10 - No control,01 - Non intersection,01 - Daylight,03 - P.D. only,07 - SMV other,Greenbelt
7724,CARLING AVE btwn BURKE RD & DEFENSE  RESEARCH COMPLEX,352863.3815,5022681.403,-75.88669567,45.34243307,2014-05-22,17:40,02 - Rain,02 - Wet,10 - No control,01 - Non intersection,01 - Daylight,03 - P.D. only,03 - Rear end,Greenbelt
7725,REGIONAL ROAD 174 btwn OR174 IC109 RAMP86 & OR174 IC109 RAMP64,376543.0088,5035186.2,-75.5827497,45.45292232,2014-06-18,3:30,01 - Clear,01 - Dry,10 - No control,01 - Non intersection,07 - Dark,03 - P.D. only,99 - Other,Greenbelt
7726,LAWRENCE ST btwn 6TH LINE RD & CALBRENT WAY,385122.3424,5002044.237,-75.47844766,45.1538005,2014-06-18,16:26,01 - Clear,01 - Dry,10 - No control,04 - At/near private drive,01 - Daylight,03 - P.D. only,02 - Angle,Vernon
7727,PARKDALE AVE @ SHERWOOD DR,365380.2291,5028743.649,-75.72624635,45.39601084,2014-06-04,21:30,01 - Clear,01 - Dry,01 - Traffic signal,03 - At intersection,07 - Dark,03 - P.D. only,02 - Angle,Civic Hospital - Experimental Farm - Central Park
7728,ISABELLA ST/HWY417 IC119AR75 @ METCALFE ST,368448.0769,5030399.731,-75.68685276,45.41063959,2014-06-05,9:00,01 - Clear,01 - Dry,01 - Traffic signal,02 - Intersection related,01 - Daylight,03 - P.D. only,04 - Sideswipe,The Glebe
7729,CASTLEFRANK RD @ TERRY FOX DR,352993.5351,5016301.964,-75.88565551,45.28502061,2014-06-16,16:20,01 - Clear,01 - Dry,01 - Traffic signal,02 - Intersection related,01 - Daylight,03 - P.D. only,03 - Rear end,Glen Cairn - Kanata South Business Park
7730,ABERDEEN ST btwn PRESTON ST & END,366629.4198,5029331.136,-75.71021908,45.4011877,2014-06-12,0:00,01 - Clear,01 - Dry,10 - No control,01 - Non intersection,00 - Unknown,03 - P.D. only,06 - SMV unattended vehicle,Little Italy
7731,ST. LAURENT BLVD @ TREMBLAY RD,372597.1357,5031242.524,-75.63373569,45.41783302,2014-06-17,14:10,01 - Clear,01 - Dry,01 - Traffic signal,03 - At intersection,01 - Daylight,03 - P.D. only,05 - Turning movement,Industrial Park
7732,GLENRILL PL btwn Continuation of GLENRILL PL & Continuation of GLENRIL,356350.2086,5015791.714,-75.84292224,45.28019112,2014-06-14,0:24,01 - Clear,01 - Dry,10 - No control,01 - Non intersection,07 - Dark,03 - P.D. only,06 - SMV unattended vehicle,Bridlewood - Emerald Meadows
7733,CARLING AVE btwn BURKE RD & DEFENSE  RESEARCH COMPLEX,353133.5552,5022841.936,-75.88323268,45.34385901,2014-06-10,17:15,01 - Clear,01 - Dry,10 - No control,01 - Non intersection,01 - Daylight,03 - P.D. only,03 - Rear end,Greenbelt
7734,ST. JOSEPH BLVD @ JEANNE D'ARC BLVD,379861.2164,5036473.477,-75.54013503,45.46415572,2014-10-03,16:00,01 - Clear,01 - Dry,11 - Roundabout,03 - At intersection,01 - Daylight,03 - P.D. only,02 - Angle,Greenbelt
7735,WOODROFFE AVE @ QUEENSBURY DR/RIDEAUCREST DR,365727.2276,5016326.55,-75.72334385,45.28425343,2014-06-16,16:15,01 - Clear,01 - Dry,01 - Traffic signal,02 - Intersection related,01 - Daylight,03 - P.D. only,04 - Sideswipe,New Barrhaven
7736,HUNT CLUB RD btwn NORTH BOWESVILLE RD & BILLY BISHOP PRIV,368963.443,5022493.494,-75.68129647,45.33945449,2014-06-17,10:39,01 - Clear,01 - Dry,10 - No control,01 - Non intersection,01 - Daylight,03 - P.D. only,03 - Rear end,Hunt Club - Ottawa Airport
7737,IRIS ST @ WOODROFFE AVE,362282.2182,5024444.363,-75.76631242,45.35758752,2014-06-18,12:30,01 - Clear,01 - Dry,01 - Traffic signal,02 - Intersection related,01 - Daylight,03 - P.D. only,03 - Rear end,Iris
7738,ST. LAURENT BLVD btwn INDUSTRIAL AVE & BOURASSA ST,373150.6121,5029887.975,-75.62685241,45.40559158,2014-06-20,13:10,01 - Clear,01 - Dry,10 - No control,04 - At/near private drive,01 - Daylight,03 - P.D. only,02 - Angle,Industrial Park
7739,BASELINE RD btwn MARSON ST & FISHER AVE,366079.0159,5025966.921,-75.71766671,45.37096565,2014-06-20,14:29,01 - Clear,01 - Dry,10 - No control,01 - Non intersection,01 - Daylight,03 - P.D. only,07 - SMV other,Civic Hospital - Experimental Farm - Central Park
7740,DONALD ST @ ST. LAURENT BLVD,372095.1347,5032473.533,-75.63998102,45.42895754,2014-06-20,18:55,01 - Clear,01 - Dry,01 - Traffic signal,03 - At intersection,01 - Daylight,03 - P.D. only,05 - Turning movement,Overbrook
7741,"MONTREAL RD btwn EGLISE, RUE DE L & ST. LAURENT BLVD",371387.6625,5033741.138,-75.64884992,45.44043058,2014-06-20,20:11,01 - Clear,01 - Dry,10 - No control,01 - Non intersection,01 - Daylight,03 - P.D. only,04 - Sideswipe,Vanier South
7742,CAMELOT DR @ CLEOPATRA DR,365389.228,5021334.646,-75.72703981,45.3293451,2014-06-18,8:58,01 - Clear,01 - Dry,02 - Stop sign,03 - At intersection,01 - Daylight,03 - P.D. only,99 - Other,Merivale Gardens - Grenfell Glen - Pineglen - Country Place
7743,INDUSTRIAL AVE btwn RUSSELL RD & ST. LAURENT BLVD,372965.3066,5029953.293,-75.6292103,45.40619735,2014-06-18,11:51,01 - Clear,01 - Dry,10 - No control,04 - At/near private drive,01 - Daylight,03 - P.D. only,02 - Angle,Industrial Park
7744,KING EDWARD AVE @ MURRAY ST,368292.1737,5032753.582,-75.68854097,45.43183289,2014-06-26,15:15,01 - Clear,01 - Dry,01 - Traffic signal,02 - Intersection related,01 - Daylight,03 - P.D. only,99 - Other,Byward Market
7745,BRONSON AVE btwn BRONSON AVE SB ON RAMP 43 & SUNNYSIDE AVE/UNIVERSITY ,367908.0182,5028115.244,-75.69404399,45.39013337,2014-03-13,15:42,01 - Clear,01 - Dry,10 - No control,01 - Non intersection,01 - Daylight,03 - P.D. only,03 - Rear end,Carleto
7746,CUMMINGS AVE @ OGILVIE RD,372748.2463,5032171.534,-75.631677,45.42617715,2014-06-13,14:33,01 - Clear,01 - Dry,01 - Traffic signal,02 - Intersection related,01 - Daylight,03 - P.D. only,04 - Sideswipe,Cummings
7747,BLAIR PL @ OGILVIE RD,374798.8389,5033370.649,-75.60530481,45.43676392,2014-05-31,13:27,01 - Clear,01 - Dry,01 - Traffic signal,02 - Intersection related,01 - Daylight,03 - P.D. only,03 - Rear end,Beacon Hill South - Cardinal Heights
7748,BAYSHORE DR @ RICHMOND RD,359371.2634,5023367.578,-75.80358308,45.34813121,2014-05-31,22:21,01 - Clear,01 - Dry,01 - Traffic signal,03 - At intersection,07 - Dark,03 - P.D. only,04 - Sideswipe,Bayshore
7749,MITCH OWENS RD @ DOZOIS RD/LIMEBANK RD,371673.2511,5012109.367,-75.64812405,45.24576749,2014-06-18,16:46,01 - Clear,01 - Dry,01 - Traffic signal,02 - Intersection related,01 - Daylight,03 - P.D. only,03 - Rear end,Manotick
7750,LEITRIM RD btwn FENTON RD & BANK ST,375263.9646,5021507.203,-75.6010539,45.32997575,2014-06-18,16:55,01 - Clear,01 - Dry,10 - No control,01 - Non intersection,01 - Daylight,03 - P.D. only,05 - Turning movement,Greenbelt
7751,TIGHE ST btwn MANOTICK MAIN ST & DICKINSON ST,368963.653,5009863.287,-75.68292681,45.22580963,2014-06-04,0:00,01 - Clear,01 - Dry,10 - No control,01 - Non intersection,00 - Unknown,03 - P.D. only,06 - SMV unattended vehicle,Manotick
7752,LEACOCK DR @ PENTLAND CRES N,351460.0428,5020924.48,-75.90476739,45.32671866,2014-06-05,18:18,02 - Rain,02 - Wet,02 - Stop sign,03 - At intersection,01 - Daylight,03 - P.D. only,02 - Angle,Beaverbrook
7753,BANK ST btwn WILTON CRES & ECHO DR,368584.8192,5028942.85,-75.68529441,45.3975186,2014-06-16,16:30,01 - Clear,01 - Dry,10 - No control,01 - Non intersection,01 - Daylight,03 - P.D. only,03 - Rear end,The Glebe
7754,DILWORTH RD btwn THIRD LINE RD S & RIDEAU VALLEY DR S,373613.656,4996519.9,-75.62555834,45.10530805,2014-06-16,21:20,01 - Clear,01 - Dry,10 - No control,01 - Non intersection,07 - Dark,03 - P.D. only,07 - SMV other,Kars - Osgoode
7755,BLAIR RD @ OGILVIE RD,374509.1455,5033198.575,-75.60903146,45.43524463,2014-06-17,14:39,01 - Clear,01 - Dry,01 - Traffic signal,02 - Intersection related,01 - Daylight,03 - P.D. only,03 - Rear end,Industrial Park
7756,MEADOWLANDS DR @ MERIVALE RD,364858.226,5023724.563,-75.73352329,45.35089493,2014-06-17,13:45,01 - Clear,01 - Dry,01 - Traffic signal,03 - At intersection,01 - Daylight,03 - P.D. only,05 - Turning movement,Cityview - Skyline - Fisher Heights
7757,BOOTH ST @ OTTAWA RIVER PKWY/WELLINGTON ST,366263.8401,5031007.325,-75.7146794,45.41630179,2014-06-15,9:15,01 - Clear,01 - Dry,01 - Traffic signal,03 - At intersection,01 - Daylight,03 - P.D. only,05 - Turning movement,LeBreton Flats
7758,GILMOUR ST btwn O'CONNOR ST & METCALFE ST,367965.0384,5030883.736,-75.69296125,45.41503827,2014-06-15,0:00,01 - Clear,01 - Dry,10 - No control,01 - Non intersection,00 - Unknown,03 - P.D. only,06 - SMV unattended vehicle,Centretown
7759,FALLOWFIELD RD @ VIA PARK PL/275 W OF WOODROFFE AVE,364847.7112,5017765.073,-75.73438014,45.29727289,2014-06-10,19:18,01 - Clear,01 - Dry,01 - Traffic signal,03 - At intersection,01 - Daylight,03 - P.D. only,05 - Turning movement,New Barrhaven
7760,COLONEL BY DR @ HOG'S BACK RD,367608.5212,5025876.912,-75.69815325,45.37002036,2014-05-16,17:00,02 - Rain,02 - Wet,01 - Traffic signal,02 - Intersection related,01 - Daylight,03 - P.D. only,03 - Rear end,Carleto
7761,REGIONAL ROAD 174 btwn OR174 IC105 RAMP51 & OR174 IC105 RAMP35,379193.7482,5036881.529,-75.54860751,45.46789847,2014-06-16,11:50,01 - Clear,01 - Dry,10 - No control,01 - Non intersection,01 - Daylight,03 - P.D. only,99 - Other,Greenbelt
7762,INNES RD @ STAR TOP RD/WINDMILL LANE,374147.2519,5030665.613,-75.61401293,45.41249035,2014-06-17,11:58,01 - Clear,01 - Dry,01 - Traffic signal,02 - Intersection related,01 - Daylight,03 - P.D. only,05 - Turning movement,Industrial Park
7763,INNES RD @ TENTH LINE RD,383953.1821,5036159.561,-75.4878665,45.46087973,2014-06-18,15:17,01 - Clear,01 - Dry,01 - Traffic signal,02 - Intersection related,01 - Daylight,03 - P.D. only,03 - Rear end,Queenswood Heights
7764,ALTA VISTA DR btwn BANK ST & EDGE HILL PL,370304.9002,5026231.059,-75.6636865,45.37296002,2014-06-20,11:10,01 - Clear,01 - Dry,10 - No control,01 - Non intersection,01 - Daylight,03 - P.D. only,03 - Rear end,Ledbury - Heron Gate - Ridgemont - Elmwood