Record,Location,X,Y,lon,lat,Date,Time,Environment,Road_Surface,Traffic_Control,Collision_Location,Light,Collision_Classification,Impact_type,Neighborhood
7765,MAIN ST btwn HAZEL ST & HERRIDGE ST,369170.9798,5030158.387,-75.67764965,45.40840194,2014-06-20,16:50,01 - Clear,01 - Dry,10 - No control,01 - Non intersection,01 - Daylight,03 - P.D. only,04 - Sideswipe,Old Ottawa East
7766,CARLING AVE @ PINECREST  RD/GREENVIEW AVE,360004.306,5024633.476,-75.79536371,45.3594722,2014-06-21,12:30,01 - Clear,01 - Dry,01 - Traffic signal,02 - Intersection related,01 - Daylight,03 - P.D. only,02 - Angle,Whitehaven - Queensway Terrace North
7767,CARLING AVE @ EDGEWORTH AVE,361262.2063,5025424.524,-75.77921855,45.36648983,2014-06-18,13:13,01 - Clear,01 - Dry,01 - Traffic signal,03 - At intersection,01 - Daylight,03 - P.D. only,05 - Turning movement,Woodroffe - Lincoln Heights
7768,WEST HUNT CLUB RD WB btwn MERIVALE RD & ROYDON PL,365791.8408,5022058.724,-75.72181477,45.33582538,2014-06-18,15:02,01 - Clear,01 - Dry,10 - No control,04 - At/near private drive,01 - Daylight,03 - P.D. only,99 - Other,Industrial Park
7769,ALBION RD @ BANK ST,371945.3061,5024126.656,-75.64303139,45.3538701,2014-07-05,12:00,01 - Clear,01 - Dry,01 - Traffic signal,02 - Intersection related,01 - Daylight,03 - P.D. only,03 - Rear end,Emerald Woods - Sawmill Creek
7770,LEES AVE @  TRANSITWAY/HWY 417 NICHOLAS IC118R,369366.896,5031279.83,-75.67500013,45.41847423,2014-03-22,8:54,03 - Snow,03 - Loose snow,01 - Traffic signal,02 - Intersection related,01 - Daylight,03 - P.D. only,07 - SMV other,Sandy Hill
7771,LAURIER AVE   E btwn KING EDWARD AVE & HENDERSON AVE,368766.7255,5032052.175,-75.68256771,45.42547865,2014-03-31,19:30,01 - Clear,01 - Dry,10 - No control,01 - Non intersection,07 - Dark,03 - P.D. only,06 - SMV unattended vehicle,Sandy Hill
7772,BRONSON AVE @ CATHERINE ST/RAYMOND ST,367252.2346,5029795.619,-75.70220547,45.4053117,2014-04-26,20:04,01 - Clear,01 - Dry,01 - Traffic signal,03 - At intersection,07 - Dark,03 - P.D. only,02 - Angle,Centretown West
7773,COLONEL BY DR @ HOG'S BACK RD,367602.8823,5025876.912,-75.69822523,45.37002086,2014-06-13,15:35,01 - Clear,01 - Dry,01 - Traffic signal,02 - Intersection related,01 - Daylight,03 - P.D. only,03 - Rear end,Carleton University
7774,WOODRIDGE CRES btwn 220 W OF BAYSHORE DR/BAYSHORE SC & BAYSHORE DR,359056.3708,5023389.328,-75.80759894,45.34835135,2014-06-13,19:12,01 - Clear,02 - Wet,10 - No control,04 - At/near private drive,01 - Daylight,03 - P.D. only,04 - Sideswipe,Bayshore
7775,Lily Pond St btwn Crownridge Dr and Meadowbreeze Dr ,355802.354,5015250.916,-75.8499605,45.27536487,2014-08-27,0:00,01 - Clear,01 - Dry,10 - No control,01 - Non intersection,00 - Unknown,03 - P.D. only,06 - SMV unattended vehicle,Bridlewood - Emerald Meadows
7776,GRASSY PLAINS DR btwn CROWNRIDGE DR & FARMFIELD CRES,355978.7978,5015551.501,-75.84768083,45.27805677,2014-06-18,17:07,01 - Clear,01 - Dry,10 - No control,01 - Non intersection,01 - Daylight,03 - P.D. only,03 - Rear end,Bridlewood - Emerald Meadows
7777,CAMPEAU DR/HWY 417 MARCH IC138R63 @ MARCH RD,352843.9946,5020476.467,-75.88715707,45.32259398,2014-06-05,12:35,01 - Clear,01 - Dry,01 - Traffic signal,02 - Intersection related,01 - Daylight,03 - P.D. only,05 - Turning movement,Greenbelt
7778,PARKWAY (THE) btwn OAKES WD & CALLAGHAN PRIV,352091.0344,5020641.396,-75.89674544,45.32412918,2014-06-06,9:45,01 - Clear,01 - Dry,10 - No control,04 - At/near private drive,01 - Daylight,03 - P.D. only,02 - Angle,Beaverbrook
7779,NICHOLAS ST btwn DALY AVE & SB RAMP FROM WALLER/NICHOLAS/MACKENZIE KIN,368279.3598,5031964.109,-75.68880648,45.42473066,2014-05-16,18:15,01 - Clear,01 - Dry,10 - No control,01 - Non intersection,01 - Daylight,03 - P.D. only,99 - Other,Sandy Hill
7780,PARKDALE AVE @ RUSKIN ST,365508.1763,5028450.609,-75.72464837,45.39336305,2014-05-21,13:30,01 - Clear,01 - Dry,01 - Traffic signal,02 - Intersection related,01 - Daylight,03 - P.D. only,05 - Turning movement,Civic Hospital - Experimental Farm - Central Park
7781,REGIONAL RD 174 @ TRIM RD,384352.3272,5039989.393,-75.48214318,45.49529158,2014-06-17,16:11,01 - Clear,01 - Dry,01 - Traffic signal,02 - Intersection related,01 - Daylight,03 - P.D. only,03 - Rear end,Chatelaine Village
7782,INNES RD @ TENTH LINE RD,383952.2342,5036157.665,-75.48787892,45.46086278,2014-06-17,8:10,01 - Clear,01 - Dry,01 - Traffic signal,02 - Intersection related,01 - Daylight,03 - P.D. only,03 - Rear end,Queenswood Heights
7783,BLAIR RD @ REGIONAL RD 174 N/OR174 IC112 RAMP61,374637.0466,5032992.624,-75.60742614,45.43337884,2014-06-15,13:42,01 - Clear,01 - Dry,01 - Traffic signal,02 - Intersection related,01 - Daylight,03 - P.D. only,03 - Rear end,Industrial Park
7784,HUNT CLUB RD @ UPLANDS DR,370156.2533,5023120.544,-75.66599539,45.34498641,2014-06-15,15:09,01 - Clear,01 - Dry,01 - Traffic signal,03 - At intersection,01 - Daylight,03 - P.D. only,03 - Rear end,Hunt Club East - Western Community
7785,WAVERLEY ST @ O'CONNOR ST,368011.0779,5030765.57,-75.69238824,45.4139709,2014-06-10,17:20,01 - Clear,01 - Dry,02 - Stop sign,03 - At intersection,01 - Daylight,03 - P.D. only,02 - Angle,Centretown
7786,NOTRE DAME ST @ ORLEANS BLVD,380688.318,5036867.527,-75.52949893,45.46761171,2014-05-17,9:15,01 - Clear,01 - Dry,02 - Stop sign,03 - At intersection,01 - Daylight,03 - P.D. only,02 - Angle,Orleans Village - Chateauneuf
7787,HERZBERG RD @ MARCH RD,352324.0961,5021529.436,-75.89368737,45.3321042,2014-05-20,9:20,01 - Clear,01 - Dry,01 - Traffic signal,02 - Intersection related,01 - Daylight,03 - P.D. only,04 - Sideswipe,Kanata Lakes - Marchwood Lakeside - Morgan's Grant - Kanata
7788,STAGECOACH RD @ WOODSTREAM DR/JACK PINE CRES,375876.1224,5013427.176,-75.59440316,45.25721289,2014-06-17,12:55,01 - Clear,01 - Dry,02 - Stop sign,03 - At intersection,01 - Daylight,03 - P.D. only,02 - Angle,Greely
7789,MANOTICK MAIN ST btwn BANKFIELD RD & HIGHCROFT DR,368482.9552,5010095.723,-75.68901775,45.2279447,2014-06-17,13:58,01 - Clear,01 - Dry,10 - No control,04 - At/near private drive,01 - Daylight,03 - P.D. only,05 - Turning movement,Manotick
7790,CARLING AVE @ RICHMOND RD,360246.1529,5024783.408,-75.79226015,45.3608022,2014-06-18,14:30,01 - Clear,01 - Dry,01 - Traffic signal,02 - Intersection related,01 - Daylight,03 - P.D. only,04 - Sideswipe,Whitehaven - Queensway Terrace North
7791,RIVERSIDE DR @ PLEASANT PARK RD,369559.8292,5028415.962,-75.67291134,45.39268834,2014-06-18,15:55,01 - Clear,01 - Dry,01 - Traffic signal,03 - At intersection,01 - Daylight,03 - P.D. only,05 - Turning movement,Alta Vista
7792,REGIONAL ROAD 174 btwn QUIGLEY HILL RD & REGIONAL ROAD 174 DIVIDED,388271.8709,5042388.833,-75.4315936,45.51642116,2014-06-20,17:21,01 - Clear,01 - Dry,10 - No control,01 - Non intersection,01 - Daylight,03 - P.D. only,03 - Rear end,Cumberland - Estates
7793,FRANK ST @ O'CONNOR ST,368051.2328,5030697.574,-75.69188398,45.41335546,2014-06-20,16:15,01 - Clear,01 - Dry,02 - Stop sign,02 - Intersection related,01 - Daylight,03 - P.D. only,04 - Sideswipe,Centretown
7794,BASIL MACDONALD WAY @ GRANT CARMAN DR,365348.5221,5023328.755,-75.72731505,45.34729135,2014-06-21,15:24,01 - Clear,01 - Dry,02 - Stop sign,03 - At intersection,01 - Daylight,03 - P.D. only,02 - Angle,Borden Farm - Stewart Farm - Parkwood Hills - Fisher Glen
7795,PARKDALE AVE @ WESTMOUNT AVE/HWY 417 PARKDAL I,365300.8291,5028924.193,-75.72723824,45.3976422,2014-06-21,16:21,01 - Clear,01 - Dry,01 - Traffic signal,02 - Intersection related,01 - Daylight,03 - P.D. only,03 - Rear end,Civi
7796,YORK ST WB btwn CUMBERLAND ST & KING EDWARD AVE,368268.0046,5032546.865,-75.68887648,45.42997512,2014-06-27,23:55,01 - Clear,01 - Dry,10 - No control,01 - Non intersection,07 - Dark,03 - P.D. only,99 - Other,Byward Market
7797,HARTHILL WAY btwn TARTAN DR & BROXBURN CRES,362538.733,5013820.181,-75.76427648,45.26197014,2014-07-06,17:00,01 - Clear,01 - Dry,10 - No control,01 - Non intersection,01 - Daylight,03 - P.D. only,06 - SMV unattended vehicle,New Barrhaven
7798,FOXLEIGH CRES btwn EQUESTRIAN DR & TROTTING WAY,354895.0933,5015996.819,-75.86144779,45.28214189,2014-01-23,12:30,01 - Clear,05 - Packed snow,10 - No control,04 - At/near private drive,01 - Daylight,03 - P.D. only,06 - SMV unattended vehicle,Bridlewood - Emerald Meadows
7799,MARCH RD btwn GREY FOX DR & HOWIE RD,336386.4982,5016500.493,-76.09733355,45.28774957,2014-05-09,18:53,01 - Clear,01 - Dry,10 - No control,01 - Non intersection,01 - Daylight,03 - P.D. only,03 - Rear end,Carp - Hardwood Plains
7800,BEAUSEJOUR DR @ CHAMPNEUF DR,381547.2224,5036132.568,-75.51863116,45.46090531,2014-06-14,19:06,01 - Clear,01 - Dry,02 - Stop sign,02 - Intersection related,01 - Daylight,03 - P.D. only,03 - Rear end,Orleans Village - Chateauneuf
7801,GALAXIE AVE btwn MUSTANG ST & COUGAR CRT (1),387885.0629,5031568.633,-75.43837291,45.41911871,2014-09-22,15:17,01 - Clear,01 - Dry,10 - No control,01 - Non intersection,01 - Daylight,03 - P.D. only,06 - SMV unattended vehicle,Navan
7802,BASELINE RD/HERON RD @ PRINCE OF WALES DR,366874.3099,5026441.156,-75.70745476,45.37516271,2014-06-18,18:17,01 - Clear,01 - Dry,01 - Traffic signal,02 - Intersection related,01 - Daylight,03 - P.D. only,03 - Rear end,Civic Hospital - Experimental Farm - Central Park
7803,LYON ST @ SLATER ST,367102.7046,5031152.841,-75.70394391,45.41753691,2014-06-18,18:33,01 - Clear,01 - Dry,01 - Traffic signal,03 - At intersection,01 - Daylight,03 - P.D. only,02 - Angle,Downtown
7804,ST. LAURENT BLVD @ COVENTRY RD/OGILVIE RD,372306.1934,5031949.679,-75.63735583,45.42422381,2014-06-05,9:20,01 - Clear,01 - Dry,01 - Traffic signal,02 - Intersection related,01 - Daylight,03 - P.D. only,04 - Sideswipe,Overbrook
7805,ST. LAURENT BLVD @ COVENTRY RD/OGILVIE RD,372304.2977,5031952.522,-75.63737966,45.42424957,2014-06-06,14:30,01 - Clear,01 - Dry,01 - Traffic signal,02 - Intersection related,01 - Daylight,03 - P.D. only,04 - Sideswipe,Overbrook
7806,PAMILLA ST btwn PRESTON ST & END,366693.5004,5029102.026,-75.70942937,45.39912057,2014-05-22,0:00,01 - Clear,01 - Dry,10 - No control,01 - Non intersection,00 - Unknown,03 - P.D. only,06 - SMV unattended vehicle,Little Italy
7807,STRANDHERD DR @ CEDARVIEW RD/TARTAN DR,362291.6865,5013544.46,-75.76745606,45.25950941,2014-05-25,12:45,01 - Clear,01 - Dry,01 - Traffic signal,02 - Intersection related,01 - Daylight,03 - P.D. only,03 - Rear end,New Barrhaven
7808,SCOTT ST @ WESTERN AVE,364206.1626,5029269.556,-75.7411773,45.40084344,2014-06-17,16:30,01 - Clear,01 - Dry,02 - Stop sign,02 - Intersection related,01 - Daylight,03 - P.D. only,02 - Angle,Tunney's Pasture
7809,REDPATH DR btwn KNOWLTON DR & DYLAN WAY,366719.7262,5016795.506,-75.71063487,45.28838633,2014-06-15,16:49,01 - Clear,01 - Dry,10 - No control,01 - Non intersection,01 - Daylight,03 - P.D. only,06 - SMV unattended vehicle,Chapman Mills - Rideau Crest - Davidson Heights
7810,ALBERT ST @ METCALFE ST,367691.9124,5031613.882,-75.69635736,45.42163249,2014-06-15,17:58,01 - Clear,01 - Dry,01 - Traffic signal,02 - Intersection related,01 - Daylight,03 - P.D. only,04 - Sideswipe,Downtown
7811,BRIDGESTONE DR/STEEPLE CHASE DR @ STONEHAVEN D,355109.0855,5016983.577,-75.85862019,45.29100567,2014-06-11,8:14,01 - Clear,01 - Dry,03 - Yield sign,03 - At intersection,01 - Daylight,03 - P.D. only,02 - Angle,Bridlewood - Emerald Meadows
7812,MERIVALE RD @ BONGARD AVE,365871.2268,5021317.383,-75.72089346,45.32914799,2014-06-11,8:42,01 - Clear,01 - Dry,02 - Stop sign,02 - Intersection related,01 - Daylight,03 - P.D. only,03 - Rear end,Merivale Gardens - Grenfell Glen - Pineglen - Country Place
7813,ALBERT ST @ BANK ST,367387.1179,5031423.574,-75.70027586,45.4199475,2014-05-26,17:30,01 - Clear,01 - Dry,01 - Traffic signal,03 - At intersection,01 - Daylight,03 - P.D. only,05 - Turning movement,Downtown
7814,INVERNESS AVE @ WIGAN DR,365827.8165,5024604.903,-75.72104162,45.35873238,2014-06-17,14:15,01 - Clear,01 - Dry,03 - Yield sign,03 - At intersection,01 - Daylight,03 - P.D. only,05 - Turning movement,Borden Farm - Stewart Farm - Parkwood Hills - Fisher Glen
7815,HERZBERG RD @ CARLING AVE,352037.1461,5022301.441,-75.89727439,45.33907023,2014-06-19,8:10,01 - Clear,01 - Dry,01 - Traffic signal,03 - At intersection,01 - Daylight,03 - P.D. only,02 - Angle,Kanata Lakes - Marchwood Lakeside - Morgan's Grant - Kanata
7816,PALLADIUM DR btwn HUNTMAR DR & HWY417 IC142 RAMP25,349551.6582,5017148.266,-75.92945204,45.29286347,2014-06-21,16:11,01 - Clear,01 - Dry,10 - No control,04 - At/near private drive,01 - Daylight,03 - P.D. only,02 - Angle,Stittsville - Basswood
7817,GRENADIER WAY btwn QUEENSBURY DR & FIELDCREST AVE,365652.4428,5016222.44,-75.72430983,45.28332313,2014-06-21,20:00,01 - Clear,01 - Dry,10 - No control,01 - Non intersection,01 - Daylight,03 - P.D. only,06 - SMV unattended vehicle,New Barrhaven
7818,TERRY FOX DR @ PALLADIUM DR/KATIMAVIK RD,351272.0877,5018182.723,-75.90742214,45.30206012,2014-06-21,16:45,01 - Clear,01 - Dry,01 - Traffic signal,02 - Intersection related,01 - Daylight,03 - P.D. only,03 - Rear end,Katimavik - Hazeldean
7819,GLENDALE AVE btwn PERCY ST & END,367565.2525,5029770.708,-75.6982104,45.40505956,2014-07-01,0:49,01 - Clear,01 - Dry,10 - No control,01 - Non intersection,07 - Dark,03 - P.D. only,06 - SMV unattended vehicle,The Glebe
7820,ST. JOSEPH BLVD @ JEANNE D'ARC BLVD,379859.3207,5036469.685,-75.54015985,45.46412181,2014-10-06,16:30,01 - Clear,01 - Dry,11 - Roundabout,03 - At intersection,01 - Daylight,03 - P.D. only,02 - Angle,Chapel Hill
7821,PRIMROSE AVE btwn CAMBRIDGE ST N & BRONSON AVE,366878.5743,5030664.347,-75.70686893,45.41316151,2014-04-07,7:59,01 - Clear,01 - Dry,10 - No control,01 - Non intersection,01 - Daylight,03 - P.D. only,06 - SMV unattended vehicle,Centretown West
7822,INNES RD @ STAR TOP RD/WINDMILL LANE,374146.7779,5030667.508,-75.61401872,45.41250745,2014-05-13,10:34,01 - Clear,01 - Dry,01 - Traffic signal,02 - Intersection related,01 - Daylight,03 - P.D. only,03 - Rear end,Industrial Park
7823,KIRKWOOD AVE btwn CHATELAIN AVE & LEPAGE AVE,364779.226,5026655.806,-75.73417562,45.37727656,2014-05-24,13:44,01 - Clear,01 - Dry,10 - No control,04 - At/near private drive,01 - Daylight,03 - P.D. only,02 - Angle,Carlington
7824,SMYTH RD @ SMYTH RD NORTH SIDE RAMP/SMYTH RD S,369916.5752,5029121.12,-75.66826251,45.39900002,2014-06-13,13:00,01 - Clear,01 - Dry,03 - Yield sign,02 - Intersection related,01 - Daylight,03 - P.D. only,03 - Rear end,Alta Vista
7825,ALBERT ST btwn PRESTON ST & Continuation of ALBERT ST,366167.9245,5030468.682,-75.71597187,45.41146365,2014-06-03,13:37,01 - Clear,01 - Dry,10 - No control,01 - Non intersection,01 - Daylight,03 - P.D. only,04 - Sideswipe,Centretown West
7826,CAMPEAU DR/HWY 417 MARCH IC138R63 @ MARCH RD,352840.2031,5020478.362,-75.88720524,45.32261129,2014-06-03,13:50,01 - Clear,01 - Dry,01 - Traffic signal,02 - Intersection related,01 - Daylight,03 - P.D. only,04 - Sideswipe,Greenbelt
7827,MITCH OWENS RD btwn RIVER RD & SPRATT RD,369618.9682,5010840.041,-75.67445553,45.23453839,2014-06-18,18:49,01 - Clear,01 - Dry,10 - No control,04 - At/near private drive,01 - Daylight,03 - P.D. only,02 - Angle,Manotick
7828,DEVINE RD @ FRANK KENNY RD,393676.3928,5023501.563,-75.36584006,45.34582878,2014-06-06,17:30,01 - Clear,01 - Dry,02 - Stop sign,02 - Intersection related,01 - Daylight,03 - P.D. only,03 - Rear end,Navan - Vars
7829,SOUTHVALE CRES btwn DELRIDGE LANE & BARRYMORE LANE,374303.6783,5029076.877,-75.6122386,45.39818017,2014-06-06,18:01,01 - Clear,01 - Dry,10 - No control,01 - Non intersection,01 - Daylight,03 - P.D. only,05 - Turning movement,Sheffield Glen
7830,RUSSELL RD S @ ST. LAURENT BLVD,373568.494,5029262.386,-75.62160203,45.39992189,2014-06-18,0:30,02 - Rain,02 - Wet,01 - Traffic signal,02 - Intersection related,07 - Dark,03 - P.D. only,02 - Angle,Hawthorne Meadows - Sheffield Glen
7831,OLD TENTH LINE RD/OR174 IC101 RAMP63 @ ST. JOS,383119.2702,5038783.699,-75.49810982,45.48458334,2014-06-22,15:27,01 - Clear,01 - Dry,01 - Traffic signal,03 - At intersection,01 - Daylight,03 - P.D. only,02 - Angle,Industrial Park
7832,BAYVIEW DR btwn LEN PURCELL DR & STIVER RD,337389.0763,5040349.594,-76.0829775,45.50230667,2014-06-22,0:00,01 - Clear,01 - Dry,10 - No control,01 - Non intersection,00 - Unknown,03 - P.D. only,06 - SMV unattended vehicle,Buckham'
7833,WAVERLEY ST btwn BANK ST & O'CONNOR ST,367942.346,5030726.238,-75.69327134,45.41362321,2014-06-22,23:00,01 - Clear,01 - Dry,10 - No control,01 - Non intersection,07 - Dark,03 - P.D. only,06 - SMV unattended vehicle,Centretown
7834,REVELSTOKE DR @ RIVERSIDE DR,368217.2384,5024421.622,-75.69056958,45.3568712,2014-06-11,9:10,01 - Clear,01 - Dry,01 - Traffic signal,02 - Intersection related,01 - Daylight,03 - P.D. only,03 - Rear end,Hunt Club Woods - Quintarra - Revelstoke - Riverside South P
7835,LAURIER AVE @ O'CONNOR ST,367636.2268,5031356.682,-75.69710165,45.4193233,2014-06-11,13:28,02 - Rain,02 - Wet,01 - Traffic signal,02 - Intersection related,01 - Daylight,03 - P.D. only,03 - Rear end,Downtown
7836,RIVERSIDE DR btwn BAYPORT PRIV & MOONEY'S BAY PL,368324.7805,5025414.272,-75.68906951,45.36579309,2014-05-26,19:15,01 - Clear,01 - Dry,10 - No control,01 - Non intersection,01 - Daylight,03 - P.D. only,03 - Rear end,Riverside Park
7837,SOMERSET ST    W btwn BECKINGTON PRIV & BANK ST,367636.9372,5030878.539,-75.69715354,45.41502105,2014-05-29,7:20,01 - Clear,01 - Dry,10 - No control,04 - At/near private drive,01 - Daylight,03 - P.D. only,99 - Other,Centretown
7838,WOODROFFE AVE/HWY 417 WOODROFF IC127R25 @ HWY ,362179.8433,5024694.02,-75.76759002,45.3598423,2014-03-28,18:14,02 - Rain,02 - Wet,01 - Traffic signal,02 - Intersection related,05 - Dusk,03 - P.D. only,99 - Other,Iris
7839,STEVENS AVE btwn NORTH RIVER RD & MARGUERITE AVE,369928.181,5032434.982,-75.66767638,45.42881581,2014-06-18,0:00,01 - Clear,01 - Dry,10 - No control,01 - Non intersection,00 - Unknown,03 - P.D. only,06 - SMV unattended vehicle,Vanier South
7840,CARLING AVE @ KIRKWOOD AVE S,364349.3308,5027337.549,-75.73958187,45.38344744,2014-06-19,11:37,01 - Clear,01 - Dry,01 - Traffic signal,03 - At intersection,01 - Daylight,03 - P.D. only,05 - Turning movement,Carlington
7841,FIFTH LINE RD btwn GREENLAND RD & BERRY SIDE RD,345846.3128,5031772.339,-75.97547573,45.4246812,2014-06-22,21:50,01 - Clear,01 - Dry,10 - No control,01 - Non intersection,07 - Dark,03 - P.D. only,07 - SMV other,Carp - Hardwood Plains
7842,BANK ST @ WALKLEY RD,370338.3259,5025948.683,-75.66329726,45.37041617,2014-06-21,17:10,01 - Clear,01 - Dry,01 - Traffic signal,02 - Intersection related,01 - Daylight,03 - P.D. only,03 - Rear end,Ledbury - Heron Gate - Ridgemont - Elmwood
7843,CARLING AVE @ PINECREST  RD/GREENVIEW AVE,360006.2018,5024634.424,-75.7953394,45.35948058,2014-06-12,10:21,01 - Clear,01 - Dry,01 - Traffic signal,03 - At intersection,01 - Daylight,03 - P.D. only,05 - Turning movement,Whitehaven - Queensway Terrace North
7844,JEANNE D'ARC BLVD @ FORTUNE DR/VINEYARD DR,379239.2025,5037375.598,-75.54795145,45.47233888,2014-05-30,12:00,01 - Clear,01 - Dry,01 - Traffic signal,02 - Intersection related,01 - Daylight,03 - P.D. only,03 - Rear end,Orleans South West
7845,WALKLEY RD btwn HARDING RD & HALIFAX DR,373623.4117,5027887.58,-75.62109241,45.38754662,2014-06-17,17:34,01 - Clear,01 - Dry,10 - No control,01 - Non intersection,01 - Daylight,03 - P.D. only,03 - Rear end,Urbandale
7846,BRITANNIA RD @ CARLING AVE,360176.0993,5024738.528,-75.79315931,45.36040391,2014-06-02,15:17,01 - Clear,01 - Dry,02 - Stop sign,02 - Intersection related,01 - Daylight,03 - P.D. only,03 - Rear end,Whitehaven - Queensway Terrace North
7847,CLARENCE ST    E btwn COBOURG ST & CHARLOTTE ST,368991.6242,5033082.363,-75.67955973,45.43472729,2014-05-30,0:00,01 - Clear,01 - Dry,10 - No control,01 - Non intersection,00 - Unknown,03 - P.D. only,06 - SMV unattended vehicle,Lower Town
7848,MAIN ST btwn HAZEL ST & HERRIDGE ST,369196.7114,5030109.286,-75.67732737,45.40795778,2014-06-18,20:51,01 - Clear,01 - Dry,10 - No control,04 - At/near private drive,05 - Dusk,03 - P.D. only,02 - Angle,Old Ottawa East
7849,BRONSON AVE btwn PLYMOUTH ST & RENFREW AVE,367341.3032,5029585.788,-75.70109439,45.40341575,2014-06-19,7:00,01 - Clear,01 - Dry,10 - No control,01 - Non intersection,01 - Daylight,03 - P.D. only,04 - Sideswipe,Centretown West
7850,MCLEOD ST @ LYON ST,367624.2922,5030293.512,-75.69738966,45.4097583,2014-06-07,18:11,01 - Clear,01 - Dry,02 - Stop sign,03 - At intersection,01 - Daylight,03 - P.D. only,02 - Angle,Centretown
7851,NELSON ST @ YORK ST,368528.1327,5032704.535,-75.68553196,45.43137012,2014-06-06,23:15,01 - Clear,01 - Dry,02 - Stop sign,03 - At intersection,07 - Dark,03 - P.D. only,02 - Angle,Lower Town
7852,TERRY FOX DR @ FERNBANK RD,354303.162,5015131.422,-75.86907887,45.27439678,2014-06-18,7:09,01 - Clear,01 - Dry,01 - Traffic signal,02 - Intersection related,01 - Daylight,03 - P.D. only,03 - Rear end,Stittsville - Basswood
7853,MERIVALE RD/LOTTA AVE @ CLYDE AVE,364521.2244,5024506.578,-75.73772933,45.35796018,2014-04-24,19:15,01 - Clear,01 - Dry,01 - Traffic signal,03 - At intersection,05 - Dusk,03 - P.D. only,02 - Angle,Cityview - Skyline - Fisher Heights
7854,INNES RD @ PORTOBELLO BLVD,385630.3479,5036893.499,-75.46630333,45.46729096,2014-06-11,14:56,02 - Rain,02 - Wet,01 - Traffic signal,03 - At intersection,01 - Daylight,03 - P.D. only,05 - Turning movement,Fallingbrook
7855,PRINCE OF WALES DR btwn GREEN VALLEY CRES & RIDEAUVIEW TER,367044.632,5026802.784,-75.70523477,45.37840145,2014-05-30,4:51,01 - Clear,01 - Dry,10 - No control,01 - Non intersection,03 - Dawn,03 - P.D. only,07 - SMV other,Civic Hospital - Experimental Farm - Central Park
7856,BANK ST btwn OSSINGTON AVE & CAMERON AVE,368895.2716,5028311.833,-75.68141147,45.39181256,2014-06-08,11:00,01 - Clear,01 - Dry,10 - No control,01 - Non intersection,01 - Daylight,03 - P.D. only,06 - SMV unattended vehicle,Old Ottawa South
7857,HAZELDEAN RD btwn 246 E OF CASTLEFRANK RD & IRWIN GT,352940.6755,5017911.319,-75.8861731,45.2995056,2014-06-17,13:45,01 - Clear,01 - Dry,10 - No control,04 - At/near private drive,01 - Daylight,03 - P.D. only,02 - Angle,Glen Cairn - Kanata South Business Park
7858,DONALD ST @ NORTH RIVER RD,369967.243,5032234.477,-75.66720376,45.42700811,2014-06-21,19:23,01 - Clear,01 - Dry,02 - Stop sign,03 - At intersection,01 - Daylight,03 - P.D. only,03 - Rear end,Overbrook
7859,RIVERSIDE DR btwn FROBISHER LANE & HINCKS LANE,370199.3443,5029654.998,-75.66458028,45.4037773,2014-06-21,19:54,01 - Clear,01 - Dry,10 - No control,01 - Non intersection,01 - Daylight,03 - P.D. only,05 - Turning movement,Industrial Park
7860,DALY AVE @ WALLER ST,368341.0143,5032120.619,-75.6879985,45.42613328,2014-04-03,15:38,01 - Clear,01 - Dry,01 - Traffic signal,03 - At intersection,01 - Daylight,03 - P.D. only,02 - Angle,Byward Market - Parliament Hill
7861,Brambling Way btwn Towhee Pl and Regatta Ave ,364790.4272,5012568.943,-75.7357383,45.25052306,2014-07-12,0:00,01 - Clear,01 - Dry,10 - No control,01 - Non intersection,00 - Unknown,03 - P.D. only,06 - SMV unattended vehicle,New Barrhaven
7862,CAMPEAU DR btwn TERRY FOX DR & HERLIHEY WAY,350459.8661,5019037.943,-75.91769967,45.30980889,2014-06-18,11:30,01 - Clear,01 - Dry,10 - No control,04 - At/near private drive,01 - Daylight,03 - P.D. only,05 - Turning movement,Kanata
7863,CANOTIA PL @ TENTH LINE RD,383291.0956,5037708.366,-75.49608394,45.47488918,2014-06-01,16:09,01 - Clear,01 - Dry,02 - Stop sign,02 - Intersection related,01 - Daylight,03 - P.D. only,04 - Sideswipe,Queenswood Heights
7864,BANK ST @ RIVERDALE AVE,369077.0612,5028116.986,-75.67911538,45.39004272,2014-06-17,8:00,01 - Clear,01 - Dry,01 - Traffic signal,02 - Intersection related,01 - Daylight,03 - P.D. only,04 - Sideswipe,Old Ottawa South
7865,FALLOWFIELD RD @ WOODROFFE AVE,365086.5718,5017904.138,-75.73131799,45.29850373,2014-06-03,16:39,01 - Clear,01 - Dry,01 - Traffic signal,02 - Intersection related,01 - Daylight,03 - P.D. only,03 - Rear end,Greenbelt
7866,MONTREAL RD btwn ALFRED ST & CANTIN ST,370978.47,5033547.36,-75.65410586,45.43872591,2014-06-03,18:03,01 - Clear,01 - Dry,10 - No control,01 - Non intersection,01 - Daylight,03 - P.D. only,03 - Rear end,Vanier South