Record,Location,X,Y,lon,lat,Date,Time,Environment,Road_Surface,Traffic_Control,Collision_Location,Light,Collision_Classification,Impact_type,Neighborhood
7867,HERRIDGE ST @ MCGILLIVRAY ST,368999.287,5029956.562,-75.67986911,45.40660176,2014-06-19,8:25,01 - Clear,01 - Dry,02 - Stop sign,03 - At intersection,01 - Daylight,03 - P.D. only,02 - Angle,Old Ottawa East
7868,OSGOODE ST btwn KING EDWARD AVE & HENDERSON AVE,368862.0952,5031859.004,-75.68137422,45.42373184,2014-06-08,14:10,01 - Clear,01 - Dry,10 - No control,01 - Non intersection,01 - Daylight,03 - P.D. only,04 - Sideswipe,Sandy Hill
7869,CARLING AVE @ FAIRLAWN AVE/WOODROFFE AVE E,361934.6841,5025830.528,-75.77058762,45.37008852,2014-06-09,12:28,01 - Clear,01 - Dry,01 - Traffic signal,02 - Intersection related,01 - Daylight,03 - P.D. only,05 - Turning movement,Carlingwood West - Glabar Park - McKellar Heights
7870,ASHTON STATION RD @ ORMROD RD,341251.9568,5002312.433,-76.03634929,45.15984172,2014-06-07,10:52,01 - Clear,01 - Dry,02 - Stop sign,02 - Intersection related,01 - Daylight,03 - P.D. only,01 - Approaching,Munster Hamlet - Richmond
7871,LYON ST @ SPARKS ST,366976.2211,5031352.629,-75.70553465,45.41934579,2014-06-07,12:28,01 - Clear,01 - Dry,01 - Traffic signal,03 - At intersection,01 - Daylight,03 - P.D. only,05 - Turning movement,Downtown
7872,CARP RD btwn HWY417 IC144 RAMP51 & HWY417 IC144 RAMP25,347527.5445,5015674.277,-75.95538361,45.27972597,2014-05-15,14:00,01 - Clear,01 - Dry,10 - No control,01 - Non intersection,01 - Daylight,03 - P.D. only,03 - Rear end,Stittsville - Basswood
7873,FISHER AVE @ PRINCE OF WALES DR,367163.1266,5023941.563,-75.70408305,45.35264628,2014-05-16,16:59,02 - Rain,02 - Wet,01 - Traffic signal,02 - Intersection related,01 - Daylight,03 - P.D. only,03 - Rear end,Borden Farm - Stewart Farm - Parkwood Hills - Fisher Glen
7874,ELGIN ST btwn COOPER ST & SOMERSET ST W,368123.9794,5031259.267,-75.69088247,45.41840281,2014-06-11,14:55,02 - Rain,02 - Wet,10 - No control,01 - Non intersection,01 - Daylight,03 - P.D. only,04 - Sideswipe,Centretown
7875,STRANDHERD DR @ CEDARVIEW RD/TARTAN DR,362289.7908,5013544.46,-75.76748021,45.25950957,2014-06-11,16:36,02 - Rain,02 - Wet,01 - Traffic signal,02 - Intersection related,01 - Daylight,03 - P.D. only,03 - Rear end,New Barrhaven
7876,LONG ISLAND RD btwn ELIZABETH AVE & BRIDGE ST,369045.0793,5010352.628,-75.68182685,45.23020527,2014-06-10,12:41,01 - Clear,01 - Dry,10 - No control,04 - At/near private drive,01 - Daylight,03 - P.D. only,05 - Turning movement,Manotick
7877,DAZE ST btwn 200 W OF BANK ST & BANK ST,371283.3194,5024294.143,-75.6514568,45.35544017,2014-06-11,17:16,01 - Clear,01 - Dry,10 - No control,04 - At/near private drive,01 - Daylight,03 - P.D. only,99 - Other,South Keys - Heron Gate - Greenboro West
7878,FISHER AVE btwn DEER PARK RD & KINTYRE PRIV,366442.626,5025359.601,-75.71310081,45.36546922,2014-06-18,8:21,01 - Clear,01 - Dry,10 - No control,04 - At/near private drive,01 - Daylight,03 - P.D. only,05 - Turning movement,Carleton Heights - Rideauview
7879,BANK ST @ RIVERSIDE DR S,369304.7703,5027893.867,-75.67623676,45.38801423,2014-06-19,13:25,01 - Clear,01 - Dry,01 - Traffic signal,02 - Intersection related,01 - Daylight,03 - P.D. only,03 - Rear end,Alta Vista
7880,ST. JOSEPH BLVD btwn COUSINEAU ST & DUSSERE ST,380734.8842,5037046.025,-75.52887593,45.46921263,2014-05-25,17:31,01 - Clear,01 - Dry,10 - No control,01 - Non intersection,01 - Daylight,03 - P.D. only,03 - Rear end,Orleans Village - Chateauneuf
7881,MONTREAL RD @ VANIER PKWY,370071.288,5033066.54,-75.66576398,45.43448497,2014-06-21,19:15,01 - Clear,01 - Dry,01 - Traffic signal,02 - Intersection related,01 - Daylight,03 - P.D. only,03 - Rear end,Vanier
7882,REGIONAL ROAD 174 btwn TRANSIT & OR174 IC109 RAMP56,376037.0414,5034067.295,-75.5893798,45.44290686,2014-06-21,19:15,01 - Clear,01 - Dry,10 - No control,01 - Non intersection,01 - Daylight,03 - P.D. only,03 - Rear end,Greenbelt
7883,JEANNE MANCE ST btwn OLMSTEAD ST & LAJOIE ST,370659.9503,5032977.316,-75.658253,45.43362698,2014-05-03,3:28,01 - Clear,01 - Dry,10 - No control,01 - Non intersection,07 - Dark,03 - P.D. only,07 - SMV other,Vanier South
7884,INDIAN RD @ MEADOWLANDS DR,364032.1643,5023267.516,-75.74411949,45.34685273,2014-06-18,17:33,01 - Clear,01 - Dry,02 - Stop sign,03 - At intersection,01 - Daylight,03 - P.D. only,02 - Angle,Crestview - Meadowlands
7885,WOODROFFE AVE btwn GEORGINA DR & HWY417 IC127 RAMP36,361916.7956,5025348.718,-75.77087168,45.3657547,2014-06-04,14:09,01 - Clear,01 - Dry,10 - No control,01 - Non intersection,01 - Daylight,03 - P.D. only,03 - Rear end,Whitehaven - Queensway Terrace North
7886,ELGIN ST @ WELLINGTON ST W,367667.0735,5031878.525,-75.69664095,45.4240159,2014-06-09,14:44,01 - Clear,01 - Dry,01 - Traffic signal,02 - Intersection related,01 - Daylight,03 - P.D. only,04 - Sideswipe,Downtown
7887,BOUNDARY RD btwn EIGHTH LINE RD & HWY417 IC96 RAMP61,386580.0216,5025959.498,-75.45597512,45.36880649,2014-06-20,8:36,01 - Clear,01 - Dry,10 - No control,01 - Non intersection,01 - Daylight,03 - P.D. only,03 - Rear end,Greenbelt
7888,PIE XII ST btwn JEAN TALON ST & RICHELIEU AVE,371161.8988,5033152.328,-75.65181478,45.4351542,2014-06-25,8:56,01 - Clear,02 - Wet,10 - No control,01 - Non intersection,01 - Daylight,03 - P.D. only,06 - SMV unattended vehicle,Vanier South
7889,Rivertree St btwn Crownridge Dr and Meadowbreeze Dr,355852.1245,5015204.53,-75.84933098,45.27494386,2014-08-23,0:00,01 - Clear,01 - Dry,10 - No control,01 - Non intersection,00 - Unknown,03 - P.D. only,06 - SMV unattended vehicle,Bridlewood - Emerald Meadows
7890,CARP RD btwn KITTIWAKE DR & HAZELDEAN RD,348739.802,5014423.473,-75.94004329,45.26839606,2014-06-07,16:21,01 - Clear,01 - Dry,10 - No control,04 - At/near private drive,01 - Daylight,03 - P.D. only,02 - Angle,Stittsville
7891,EASTVALE DR btwn CASEY AVE & KENDER AVE,375485.7622,5035888.941,-75.59616412,45.45935289,2014-06-19,9:33,01 - Clear,01 - Dry,10 - No control,04 - At/near private drive,01 - Daylight,03 - P.D. only,02 - Angle,Beacon Hill North
7892,OGILVIE RD btwn JASMINE CRES & ELMRIDGE DR,375418.8344,5034046.36,-75.59728432,45.44278123,2014-06-18,18:05,01 - Clear,01 - Dry,10 - No control,01 - Non intersection,01 - Daylight,03 - P.D. only,07 - SMV other,Beacon Hill South - Cardinal Heights
7893,MCCARTHY RD btwn SOUTHMORE DR W & PLANTE DR,369568.4692,5024567.947,-75.67330567,45.35806428,2014-06-09,13:45,01 - Clear,01 - Dry,10 - No control,01 - Non intersection,01 - Daylight,03 - P.D. only,07 - SMV other,Hunt Club East - Western Community
7894,ALTA VISTA DR @ KILBORN AVE,370367.1449,5027751.539,-75.66268998,45.38663497,2014-06-07,11:15,01 - Clear,01 - Dry,01 - Traffic signal,03 - At intersection,01 - Daylight,03 - P.D. only,03 - Rear end,Alta Vista
7895,CAMPEAU DR @ TERRY FOX DR,350456.0746,5019009.507,-75.91775064,45.30955326,2014-06-07,13:30,01 - Clear,01 - Dry,01 - Traffic signal,02 - Intersection related,01 - Daylight,03 - P.D. only,04 - Sideswipe,Kanata Lakes - Marchwood Lakeside - Morgan's Grant - Kanata
7896,Autumnfield St btwn Crownridge Dr and Meadowbreeze Dr,355897.631,5015154.972,-75.84875613,45.27449462,2014-07-09,17:00,01 - Clear,01 - Dry,10 - No control,01 - Non intersection,01 - Daylight,03 - P.D. only,99 - Other,Bridlewood - Emerald Meadows
7897,MACKENZIE AVE @ RIDEAU ST,367871.121,5032010.528,-75.69401684,45.42518525,2014-05-13,14:03,01 - Clear,01 - Dry,01 - Traffic signal,03 - At intersection,01 - Daylight,03 - P.D. only,04 - Sideswipe,Byward Market - Parliament Hill
7898,BRONSON AVE @ POWELL AVE,367387.405,5029479.11,-75.70051908,45.40245177,2014-06-11,17:30,02 - Rain,02 - Wet,01 - Traffic signal,02 - Intersection related,01 - Daylight,03 - P.D. only,04 - Sideswipe,The Glebe
7899,COLONEL BY DR @ HAWTHORNE AVE/PRETORIA BRIDGE,368767.5917,5030524.856,-75.68275492,45.41173629,2014-06-11,17:20,02 - Rain,02 - Wet,01 - Traffic signal,02 - Intersection related,01 - Daylight,03 - P.D. only,03 - Rear end,Old Ottawa East
7900,BANK ST btwn SPRINGHILL RD & DALMENY RD,385725.0045,5004644.194,-75.47036277,45.17712482,2014-06-12,17:00,01 - Clear,01 - Dry,10 - No control,01 - Non intersection,01 - Daylight,03 - P.D. only,07 - SMV other,Metcalfe
7901,CARLING AVE @ RICHMOND RD,360246.1529,5024781.512,-75.79226036,45.36078514,2014-06-18,8:46,01 - Clear,01 - Dry,01 - Traffic signal,02 - Intersection related,01 - Daylight,03 - P.D. only,03 - Rear end,Whitehaven - Queensway Terrace North
7902,NICHOLAS ST NB btwn HWY417 IC118 RAMP52 & WALLER ST,368746.4832,5031523.204,-75.68289502,45.42072101,2014-06-18,17:43,01 - Clear,01 - Dry,10 - No control,01 - Non intersection,01 - Daylight,03 - P.D. only,03 - Rear end,Sandy Hill
7903,FALLOWFIELD RD btwn CONLEY RD & HUNTLEY RD,351179.7513,5008547.107,-75.9094989,45.2153617,2014-06-19,14:22,01 - Clear,01 - Dry,10 - No control,01 - Non intersection,01 - Daylight,03 - P.D. only,07 - SMV other,Munster Hamlet - Richmond
7904,QUEEN ST @ LYON ST,367020.1255,5031285.685,-75.70498216,45.41873955,2014-06-19,15:22,01 - Clear,01 - Dry,01 - Traffic signal,02 - Intersection related,01 - Daylight,03 - P.D. only,04 - Sideswipe,Downtown
7905,LEES AVE btwn CHESTNUT ST & HWY417 IC118 RAMP45,369435.3561,5030820.286,-75.67418576,45.41433311,2014-07-01,0:00,01 - Clear,01 - Dry,10 - No control,01 - Non intersection,00 - Unknown,03 - P.D. only,06 - SMV unattended vehicle,Old Ottawa East
7906,HUNT CLUB RD @ RIVERSIDE DR,368037.1769,5021945.499,-75.69318415,45.33460784,2014-07-03,10:00,01 - Clear,01 - Dry,01 - Traffic signal,02 - Intersection related,01 - Daylight,03 - P.D. only,03 - Rear end,Hunt Club Woods - Quintarra - Revelstoke - Riverside South P
7907,DONALD ST @ ST. LAURENT BLVD,372096.0826,5032470.689,-75.63996929,45.42893186,2014-05-23,11:14,01 - Clear,01 - Dry,01 - Traffic signal,02 - Intersection related,01 - Daylight,03 - P.D. only,04 - Sideswipe,Overbrook
7908,DALHOUSIE ST btwn GEORGE ST & RIDEAU ST,368164.9405,5032304.456,-75.6902247,45.42780336,2014-06-27,18:30,01 - Clear,01 - Dry,10 - No control,01 - Non intersection,01 - Daylight,03 - P.D. only,99 - Other,Byward Market
7909,Via Amalfi btwn Via Verona  and Via Verona ,363925.2855,5016046.343,-75.74634506,45.28188601,2014-12-12,0:00,01 - Clear,05 - Packed snow,10 - No control,01 - Non intersection,00 - Unknown,03 - P.D. only,06 - SMV unattended vehicle,New Barrhaven
7910,BRIDGESTONE DR btwn WAYMARK CRES & CEDAR VALLEY DR,355356.4156,5016193.283,-75.85554776,45.28387669,2014-06-28,0:00,01 - Clear,01 - Dry,10 - No control,01 - Non intersection,07 - Dark,03 - P.D. only,06 - SMV unattended vehicle,Bridlewood - Emerald Meadows
7911,GLOUCESTER ST btwn BANK ST & O'CONNOR ST,367621.7764,5031258.773,-75.69729875,45.41844364,2014-06-27,10:15,01 - Clear,01 - Dry,10 - No control,01 - Non intersection,01 - Daylight,03 - P.D. only,06 - SMV unattended vehicle,Downtown
7912,KIRKWOOD AVE N @ CARLING AVE,364276.3451,5027495.843,-75.74049471,45.38487794,2014-06-27,11:00,01 - Clear,01 - Dry,01 - Traffic signal,02 - Intersection related,01 - Daylight,03 - P.D. only,04 - Sideswipe,Westboro
7913,GEORGE ST btwn WILLIAM ST & DALHOUSIE ST,368076.655,5032260.613,-75.69135847,45.42741686,2014-06-25,13:13,01 - Clear,01 - Dry,10 - No control,01 - Non intersection,01 - Daylight,03 - P.D. only,06 - SMV unattended vehicle,Byward Market
7914,WAVERLEY ST @ O'CONNOR ST,368008.7082,5030766.331,-75.69241841,45.41397796,2014-06-07,17:10,01 - Clear,01 - Dry,02 - Stop sign,03 - At intersection,01 - Daylight,03 - P.D. only,02 - Angle,Centretown
7915,SIXTH ST btwn ATHANS AVE & ST. BERNARD ST,373414.7332,5023983.105,-75.62429934,45.35243624,2014-06-19,10:00,01 - Clear,01 - Dry,10 - No control,01 - Non intersection,01 - Daylight,03 - P.D. only,06 - SMV unattended vehicle,Blossom Park - Blossom Park West - Sawmill Creek/ Timbermill
7916,HERLIHEY WAY btwn CAMPEAU DR & END,350646.1434,5019127.188,-75.91531594,45.31059981,2014-06-16,17:52,01 - Clear,01 - Dry,10 - No control,04 - At/near private drive,01 - Daylight,03 - P.D. only,02 - Angle,Kanata
7917,HEMLOCK RD @ ST. LAURENT BLVD,371146.1828,5034780.65,-75.6517961,45.44980659,2014-03-02,13:30,03 - Snow,06 - Ice,01 - Traffic signal,02 - Intersection related,01 - Daylight,03 - P.D. only,03 - Rear end,Cemetery
7918,SUSSEX DR btwn LADY GREY DR & 151 W OF KING EDWARD AVE/L.B. PEARSON BU,367553.7338,5033253.428,-75.69791392,45.43639699,2014-05-20,15:51,01 - Clear,01 - Dry,10 - No control,01 - Non intersection,01 - Daylight,03 - P.D. only,03 - Rear end,Byward Market - Parliament Hill
7919,CONROY RD @ JOHNSTON RD,373396.3332,5026306.564,-75.62421163,45.37334359,2014-05-26,8:59,01 - Clear,01 - Dry,01 - Traffic signal,02 - Intersection related,01 - Daylight,03 - P.D. only,04 - Sideswipe,Hunt Club
7920,ASTORIA CRES @ STONEWAY DR,366341.8574,5016251.093,-75.71551909,45.28352093,2014-06-12,7:30,02 - Rain,02 - Wet,02 - Stop sign,03 - At intersection,01 - Daylight,03 - P.D. only,05 - Turning movement,Chapman Mills - Rideau Crest - Davidson Heights
7921,LEES AVE @ KING EDWARD AVE/MANN AVE,369180.22,5031333.797,-75.67737808,45.41897701,2014-06-13,12:15,02 - Rain,02 - Wet,01 - Traffic signal,02 - Intersection related,01 - Daylight,03 - P.D. only,99 - Other,Sandy Hill
7922,BANK ST @ SUNNYSIDE AVE,368736.1305,5028580.601,-75.6834089,45.39424539,2014-06-13,15:13,01 - Clear,01 - Dry,01 - Traffic signal,02 - Intersection related,01 - Daylight,03 - P.D. only,04 - Sideswipe,Old Ottawa South
7923,PARKDALE AVE @ WELLINGTON ST,365150.53,5029269.134,-75.72911559,45.40075887,2014-06-25,13:30,01 - Clear,01 - Dry,01 - Traffic signal,02 - Intersection related,01 - Daylight,03 - P.D. only,04 - Sideswipe,Islan
7924,FRANK BENDER ST @ JEANNE D'ARC BLVD,381869.3289,5035883.574,-75.51455201,45.45862961,2014-06-19,16:28,01 - Clear,01 - Dry,01 - Traffic signal,02 - Intersection related,01 - Daylight,03 - P.D. only,03 - Rear end,Orleans Village - Chateauneuf
7925,ST. LAURENT BLVD btwn BELFAST RD & INDUSTRIAL AVE,373019.8433,5030189.98,-75.62848094,45.40832164,2014-06-19,16:49,01 - Clear,01 - Dry,10 - No control,01 - Non intersection,01 - Daylight,03 - P.D. only,03 - Rear end,Industrial Park
7926,RAMSAYVILLE RD btwn RIDGE RD & RUSSELL RD,377399.1641,5027014.309,-75.57300888,45.37930823,2014-06-12,8:10,02 - Rain,02 - Wet,10 - No control,01 - Non intersection,01 - Daylight,03 - P.D. only,07 - SMV other,Greenbelt
7927,EAGLESON RD @ HAZELDEAN RD/ROBERTSON RD,353674.0988,5018424.46,-75.87677141,45.30407232,2014-06-12,9:23,02 - Rain,02 - Wet,01 - Traffic signal,02 - Intersection related,01 - Daylight,03 - P.D. only,03 - Rear end,Greenbelt
7928,LAURIER AVE   E btwn RING LANE & KING EDWARD AVE,368727.7161,5032027.619,-75.68306934,45.42526127,2014-07-03,11:51,01 - Clear,01 - Dry,10 - No control,01 - Non intersection,01 - Daylight,03 - P.D. only,04 - Sideswipe,Sandy Hill
7929,BANK ST btwn GILMOUR ST & LEWIS ST,367799.3991,5030755.902,-75.6950937,45.413903,2014-05-23,19:15,01 - Clear,01 - Dry,10 - No control,01 - Non intersection,01 - Daylight,03 - P.D. only,06 - SMV unattended vehicle,Centretown
7930,BANK ST @ HUNT CLUB RD,371609.2104,5024097.454,-75.64732441,45.35363945,2014-05-28,16:02,01 - Clear,01 - Dry,01 - Traffic signal,02 - Intersection related,01 - Daylight,03 - P.D. only,03 - Rear end,South Keys - Heron Gate - Greenboro West
7931,REGIONAL ROAD 174 btwn OR174 IC109 RAMP64 & OR174 IC105 RAMP16,378011.3644,5036250.765,-75.56382045,45.46234824,2014-06-20,9:20,01 - Clear,01 - Dry,10 - No control,01 - Non intersection,01 - Daylight,03 - P.D. only,04 - Sideswipe,Greenbelt
7932,MERIVALE RD btwn 210 S OF MEADOWLANDS DR/MERIVALE PL SC & FAMILY BROWN,364999.7458,5023397.99,-75.7317571,45.34794434,2014-06-20,10:52,01 - Clear,01 - Dry,10 - No control,01 - Non intersection,01 - Daylight,03 - P.D. only,03 - Rear end,Borden Farm - Stewart Farm - Parkwood Hills - Fisher Glen
7933,BOWHILL AVE btwn OVERLAKE DR & HILLHURST PL,365379.5904,5023659.742,-75.72687806,45.35026684,2014-06-17,0:00,01 - Clear,01 - Dry,10 - No control,01 - Non intersection,00 - Unknown,03 - P.D. only,06 - SMV unattended vehicle,Borden Farm - Stewart Farm - Parkwood Hills - Fisher Glen
7934,Nestleton St btwn Terrapin Ter and Annisettes Ridge ,385650.4513,5035391.57,-75.46629327,45.45377573,2014-10-09,0:00,01 - Clear,01 - Dry,10 - No control,01 - Non intersection,00 - Unknown,03 - P.D. only,06 - SMV unattended vehicle,Avalon
7935,TOPHAM TER btwn FRENETTE ST & FRENETTE ST,385622.064,5037939.313,-75.46623723,45.47670112,2014-06-28,0:00,01 - Clear,01 - Dry,10 - No control,01 - Non intersection,00 - Unknown,03 - P.D. only,06 - SMV unattended vehicle,Cardinal Creek
7936,HERRIDGE ST btwn GLENORA ST & MAIN ST,369203.072,5030040.02,-75.67725517,45.40733397,2014-06-27,15:00,01 - Clear,01 - Dry,10 - No control,04 - At/near private drive,01 - Daylight,03 - P.D. only,06 - SMV unattended vehicle,Old Ottawa East
7937,PARKDALE AVE @ WESTMOUNT AVE/HWY 417 PARKDAL I,365300.2956,5028923.454,-75.72724514,45.39763559,2014-06-29,21:10,01 - Clear,01 - Dry,01 - Traffic signal,03 - At intersection,05 - Dusk,03 - P.D. only,05 - Turning movement,Civi
7938,PEEL ST btwn ST. LAURENT BLVD & END,371096.7286,5034977.964,-75.65240169,45.45158662,2014-06-28,7:45,01 - Clear,01 - Dry,10 - No control,01 - Non intersection,01 - Daylight,03 - P.D. only,06 - SMV unattended vehicle,Manor Park
7939,RIVER RD btwn OLD MILL WAY & BRIDGE ST,369422.8971,5010810.349,-75.67695631,45.23428924,2014-06-09,11:22,01 - Clear,01 - Dry,10 - No control,04 - At/near private drive,01 - Daylight,03 - P.D. only,02 - Angle,Manotick
7940,ALBERT ST @ KENT ST (OTTAWA),367223.1166,5031320.521,-75.70238428,45.41903491,2014-05-08,11:01,01 - Clear,01 - Dry,01 - Traffic signal,03 - At intersection,01 - Daylight,03 - P.D. only,04 - Sideswipe,Downtown
7941,KING EDWARD AVE @ ST. PATRICK ST,368248.2274,5032823.589,-75.68909355,45.43246678,2014-04-04,14:04,01 - Clear,02 - Wet,01 - Traffic signal,02 - Intersection related,01 - Daylight,03 - P.D. only,04 - Sideswipe,Byward Market
7942,INNES RD @ ORLEANS BLVD,380462.2169,5034296.403,-75.5327856,45.44450327,2014-06-10,8:40,01 - Clear,01 - Dry,01 - Traffic signal,02 - Intersection related,01 - Daylight,03 - P.D. only,03 - Rear end,Orleans Village - Chateauneuf
7943,HIGHGATE RD @ IRIS ST,361632.6859,5023935.767,-75.77466068,45.35306415,2014-06-10,8:47,01 - Clear,01 - Dry,02 - Stop sign,03 - At intersection,01 - Daylight,03 - P.D. only,02 - Angle,Iris
7944,INNES RD @ TENTH LINE RD,383950.3385,5036157.665,-75.48790316,45.46086299,2014-05-22,15:16,01 - Clear,01 - Dry,01 - Traffic signal,02 - Intersection related,01 - Daylight,03 - P.D. only,03 - Rear end,Queenswood Heights
7945,ST. PATRICK ST btwn PARENT AVE & DALHOUSIE ST,367944.5344,5032631.282,-75.6929992,45.43076396,2014-06-03,23:02,01 - Clear,01 - Dry,10 - No control,04 - At/near private drive,07 - Dark,03 - P.D. only,05 - Turning movement,Byward Market
7946,ROXDALE AVE btwn PAYETTE DR & AMIENS ST,383234.153,5037427.638,-75.49685695,45.47236984,2014-06-04,6:26,01 - Clear,01 - Dry,10 - No control,01 - Non intersection,01 - Daylight,03 - P.D. only,06 - SMV unattended vehicle,Queenswood Heights
7947,RICHMOND RD @ HOLLY ACRES RD/NANAIMO DR,359058.1977,5022748.496,-75.80764592,45.34258499,2014-06-12,8:10,02 - Rain,02 - Wet,01 - Traffic signal,02 - Intersection related,01 - Daylight,03 - P.D. only,03 - Rear end,Greenbelt
7948,BLACKWELL ST btwn BANTREE ST & LEEDS AVE,374648.7813,5029505.919,-75.60777042,45.40200614,2014-06-13,15:44,01 - Clear,01 - Dry,10 - No control,04 - At/near private drive,01 - Daylight,03 - P.D. only,03 - Rear end,Industrial Park
7949,BASELINE RD btwn CLYDE AVE & 207 E OF CLYDE AVE,364526.0019,5024993.83,-75.73760948,45.362344,2014-04-13,14:24,02 - Rain,02 - Wet,10 - No control,01 - Non intersection,01 - Daylight,03 - P.D. only,03 - Rear end,Civic Hospital - Experimental Farm - Central Park
7950,INNES RD btwn INNES RD & PAGE RD,380633.7809,5034394.033,-75.53057772,45.44536308,2014-06-19,16:53,01 - Clear,01 - Dry,10 - No control,01 - Non intersection,01 - Daylight,03 - P.D. only,03 - Rear end,Chapel Hill South
7951,ALBERT ST @ ELGIN ST/MACKENZIE KING BRIDGE,367852.1334,5031710.634,-75.69429785,45.42248861,2014-06-19,17:00,01 - Clear,01 - Dry,01 - Traffic signal,03 - At intersection,01 - Daylight,03 - P.D. only,07 - SMV other,Downtown
7952,ELGIN ST @ QUEEN ST,367803.2807,5031779.578,-75.69491322,45.42311335,2014-06-13,22:22,01 - Clear,01 - Dry,01 - Traffic signal,02 - Intersection related,07 - Dark,03 - P.D. only,99 - Other,Downtown
7953,SAUNDERSON DR @ PLEASANT PARK RD,373147.1501,5028669.505,-75.62706548,45.39462868,2014-06-17,20:18,02 - Rain,02 - Wet,02 - Stop sign,03 - At intersection,05 - Dusk,03 - P.D. only,02 - Angle,Elmvale - Eastway - Riverview - Riverview Park West
7954,VANIER PKWY SB btwn BEECHWOOD AVE/ ST. PATRICK ST/CRICHTON ST & DESCHA,369635.764,5033353.844,-75.67129201,45.43711053,2014-04-01,6:03,01 - Clear,01 - Dry,10 - No control,01 - Non intersection,03 - Dawn,03 - P.D. only,07 - SMV other,Vanier North
7955,WEST HUNT CLUB RD @ WOODROFFE AVE,363672.1128,5021244.593,-75.7489545,45.32868095,2014-05-30,11:00,01 - Clear,01 - Dry,01 - Traffic signal,02 - Intersection related,01 - Daylight,03 - P.D. only,03 - Rear end,Woodvale - Craig Henry - Manordale - Estates of Arlington Wo
7956,EAGLESON RD @ MICHAEL COWPLAND DR/STONEHAVEN D,354381.2042,5016624.392,-75.86793512,45.28782537,2014-06-20,13:16,01 - Clear,01 - Dry,01 - Traffic signal,02 - Intersection related,01 - Daylight,03 - P.D. only,02 - Angle,Glen Cairn - Kanata South Business Park
7957,LAURIER AVE @ O'CONNOR ST,367635.2789,5031358.577,-75.69711352,45.41934043,2014-03-13,4:59,01 - Clear,03 - Loose snow,01 - Traffic signal,02 - Intersection related,07 - Dark,03 - P.D. only,04 - Sideswipe,Downtown
7958,GEORGE ST btwn DALHOUSIE ST & CUMBERLAND ST,368173.3374,5032326.964,-75.6901145,45.42800511,2014-04-22,23:50,02 - Rain,02 - Wet,10 - No control,04 - At/near private drive,07 - Dark,03 - P.D. only,02 - Angle,Byward Market
7959,ROCHESTER ST btwn ABERDEEN ST & BEECH ST,366827.1401,5029409.27,-75.70768391,45.40187324,2014-03-07,0:00,01 - Clear,01 - Dry,10 - No control,01 - Non intersection,00 - Unknown,03 - P.D. only,06 - SMV unattended vehicle,Little Italy
7960,WEST HUNT CLUB RD WB btwn ROYDON PL/SUNDERLAND ST & 545 E OF ROYDON PL,366016.8356,5022198.874,-75.71892703,45.33706684,2014-06-13,15:00,01 - Clear,01 - Dry,10 - No control,04 - At/near private drive,01 - Daylight,03 - P.D. only,02 - Angle,Industrial Park
7961,HUNT CLUB RD @ LORRY GREENBERG DR/SABLE RIDGE ,372823.8572,5024805.846,-75.63172636,45.35989652,2014-05-09,8:50,01 - Clear,01 - Dry,01 - Traffic signal,02 - Intersection related,01 - Daylight,03 - P.D. only,03 - Rear end,Greenboro East
7962,WALKLEY RD btwn RUSSELL RD & LANCASTER RD,374680.6482,5028502.498,-75.60750556,45.39297467,2014-05-10,10:29,01 - Clear,01 - Dry,10 - No control,01 - Non intersection,01 - Daylight,03 - P.D. only,04 - Sideswipe,Sheffield Glen
7963,Flowing Creek Circ btwn Flowing Creek Circ and Flowing Creek Circ,356391.9832,5015195.918,-75.84245172,45.27482697,2014-10-17,8:00,01 - Clear,01 - Dry,10 - No control,01 - Non intersection,01 - Daylight,03 - P.D. only,01 - Approaching,Bridlewood - Emerald Meadows
7964,CATHERINE ST @ METCALFE ST,368393.4357,5030486.526,-75.68753957,45.41142551,2014-06-10,8:52,01 - Clear,01 - Dry,01 - Traffic signal,03 - At intersection,01 - Daylight,03 - P.D. only,02 - Angle,Centretown
7965,INDUSTRIAL AVE/INNES RD @ ST. LAURENT BLVD,373098.3056,5030005.567,-75.62750424,45.40665472,2014-05-23,14:02,01 - Clear,01 - Dry,01 - Traffic signal,02 - Intersection related,01 - Daylight,03 - P.D. only,03 - Rear end,Industrial Park
7966,ALBERT ST @ KENT ST (OTTAWA),367223.1166,5031321.469,-75.70238416,45.41904344,2014-05-24,22:30,01 - Clear,01 - Dry,01 - Traffic signal,03 - At intersection,07 - Dark,03 - P.D. only,05 - Turning movement,Downtown
7967,MONTREAL RD @ VANIER PKWY,370074.1316,5033065.592,-75.66572777,45.43447618,2014-06-05,8:47,01 - Clear,01 - Dry,01 - Traffic signal,02 - Intersection related,01 - Daylight,03 - P.D. only,03 - Rear end,Vanier
7968,ROSEBELLA AVE btwn MAVIS ST & BANK ST,372972.0638,5023413.998,-75.63002674,45.3473588,2014-06-06,16:57,01 - Clear,01 - Dry,10 - No control,01 - Non intersection,01 - Daylight,03 - P.D. only,07 - SMV other,Blossom Park - Blossom Park West - Sawmill Creek/ Timbermill
7969,ST. LAURENT BLVD @ TREMBLAY RD,372596.1878,5031240.628,-75.63374807,45.41781605,2014-06-12,14:46,02 - Rain,02 - Wet,01 - Traffic signal,02 - Intersection related,01 - Daylight,03 - P.D. only,03 - Rear end,Industrial Park