Record,Location,X,Y,lon,lat,Date,Time,Environment,Road_Surface,Traffic_Control,Collision_Location,Light,Collision_Classification,Impact_type,Neighborhood
7970,TERRY FOX DR @ EDGEWATER ST/WALTER BAKER PL,351777.1343,5017613.45,-75.90103645,45.29690407,2014-06-12,14:45,02 - Rain,02 - Wet,01 - Traffic signal,02 - Intersection related,01 - Daylight,03 - P.D. only,04 - Sideswipe,Katimavik - Hazeldean
7971,LEGGET DR btwn TERRY FOX DR & SOLANDT RD,350493.8612,5023009.367,-75.91689961,45.34554251,2014-06-13,19:15,01 - Clear,01 - Dry,10 - No control,04 - At/near private drive,01 - Daylight,03 - P.D. only,99 - Other,South March
7972,HWY 417 TERRYFO IC140R52 @ TERRY FOX DR,351052.4614,5018435.043,-75.91019897,45.30434506,2014-06-13,21:22,01 - Clear,01 - Dry,01 - Traffic signal,02 - Intersection related,05 - Dusk,03 - P.D. only,03 - Rear end,Katimavik - Hazeldean
7973,MEADOWLANDS DR @ TIVERTON DR,365204.6593,5024343.566,-75.7290268,45.35643487,2014-05-23,14:54,01 - Clear,01 - Dry,01 - Traffic signal,03 - At intersection,01 - Daylight,03 - P.D. only,99 - Other,Borden Farm - Stewart Farm - Parkwood Hills - Fisher Glen
7974,FERNBANK RD @ SHEA RD,352043.7451,5013121.759,-75.8980648,45.25646865,2014-05-29,17:00,01 - Clear,01 - Dry,02 - Stop sign,02 - Intersection related,01 - Daylight,03 - P.D. only,03 - Rear end,Stittsville
7975,HUNT CLUB RD @ UPLANDS DR,370156.2533,5023121.492,-75.66599526,45.34499494,2014-06-19,21:59,01 - Clear,01 - Dry,01 - Traffic signal,03 - At intersection,07 - Dark,03 - P.D. only,05 - Turning movement,Hunt Club East - Western Community
7976,HERON RD btwn TURN LANE & RIVERSIDE DR (1),368094.0907,5026646.273,-75.69185624,45.37689918,2014-06-20,22:30,01 - Clear,01 - Dry,10 - No control,01 - Non intersection,07 - Dark,03 - P.D. only,07 - SMV other,Riverside Park
7977,ARGYLE AVE E @ METCALFE ST,368442.5295,5030641.458,-75.68689241,45.41281507,2014-06-05,17:45,01 - Clear,01 - Dry,10 - No control,03 - At intersection,01 - Daylight,03 - P.D. only,04 - Sideswipe,Centretown
7978,CARLING AVE @ RICHMOND RD,360246.1529,5024783.408,-75.79226015,45.3608022,2014-05-30,16:36,01 - Clear,01 - Dry,01 - Traffic signal,02 - Intersection related,01 - Daylight,03 - P.D. only,03 - Rear end,Whitehaven - Queensway Terrace North
7979,NAVAHO DR btwn NAVAHO DR & DEERFIELD DR,363131.96,5024016.287,-75.75551797,45.35366555,2014-05-30,14:15,01 - Clear,01 - Dry,10 - No control,04 - At/near private drive,01 - Daylight,03 - P.D. only,02 - Angle,Crestview - Meadowlands
7980,BANTON ST @ WALKLEY RD,374249.1585,5028248.589,-75.61305148,45.39073304,2014-06-20,14:52,01 - Clear,01 - Dry,01 - Traffic signal,03 - At intersection,01 - Daylight,03 - P.D. only,02 - Angle,Hawthorne Meadows
7981,PRINCE OF WALES DR @ WEST HUNT CLUB RD,367458.2033,5021891.757,-75.70057711,45.33417622,2014-06-25,8:55,01 - Clear,01 - Dry,01 - Traffic signal,02 - Intersection related,01 - Daylight,03 - P.D. only,03 - Rear end,Industrial Park
7982,REGIONAL ROAD 174 btwn REGIONAL ROAD 174 & OR174 IC102 RAMP15,381595.9072,5038238.174,-75.51767965,45.47984443,2014-03-14,0:10,01 - Clear,01 - Dry,10 - No control,01 - Non intersection,07 - Dark,03 - P.D. only,99 - Other,Industrial Park
7983,VANIER PKWY/CRICHTON ST @ BEECHWOOD AVE/ST. PA,369127.8934,5033487.191,-75.67776533,45.43835725,2014-07-09,9:05,01 - Clear,01 - Dry,01 - Traffic signal,02 - Intersection related,01 - Daylight,03 - P.D. only,03 - Rear end,Vanier North
7984,BANK ST btwn ROSEBELLA AVE & KINGSDALE AVE,373211.3198,5023544.176,-75.62695584,45.34850679,2014-07-09,16:45,01 - Clear,01 - Dry,10 - No control,01 - Non intersection,01 - Daylight,03 - P.D. only,03 - Rear end,Blossom Park - Blossom Park West - Sawmill Creek/ Timbermill
7985,WALKLEY RD btwn MELFORT ST & RUSSELL RD,374513.6726,5028406.149,-75.60965147,45.39212441,2014-05-27,15:43,01 - Clear,01 - Dry,10 - No control,04 - At/near private drive,01 - Daylight,03 - P.D. only,05 - Turning movement,Hawthorne Meadows
7986,CYRVILLE RD @ INNES RD,375048.1986,5031117.668,-75.60243933,45.41646784,2014-06-04,17:02,01 - Clear,01 - Dry,01 - Traffic signal,03 - At intersection,01 - Daylight,03 - P.D. only,02 - Angle,Industrial Park
7987,BANK ST @ SNAKE ISLAND RD/VICTORIA ST,383696.7883,5010121.66,-75.49529732,45.22663816,2014-03-26,0:48,01 - Clear,01 - Dry,01 - Traffic signal,02 - Intersection related,07 - Dark,03 - P.D. only,03 - Rear end,Metcalfe
7988,FRIEL ST @ RIDEAU ST,368771.2581,5032570.817,-75.68244242,45.43014478,2014-05-12,12:29,01 - Clear,01 - Dry,01 - Traffic signal,03 - At intersection,01 - Daylight,03 - P.D. only,05 - Turning movement,Lowe
7989,RIVERSIDE DR @ TREMBLAY RD/HWY417 IC117 RAMP52,370804.4478,5031015.908,-75.65666923,45.41596543,2014-05-06,9:09,01 - Clear,01 - Dry,01 - Traffic signal,02 - Intersection related,01 - Daylight,03 - P.D. only,03 - Rear end,Industrial Park
7990,LONGLEAF DR btwn ORLEANS BLVD & APPLE LEAF WAY,380786.6263,5033551.631,-75.52875416,45.43776719,2014-07-01,23:12,01 - Clear,01 - Dry,10 - No control,01 - Non intersection,07 - Dark,03 - P.D. only,07 - SMV other,Chapel Hill South
7991,FOSTER ST @ PARKDALE AVE,365246.0681,5029057.607,-75.72792128,45.39884736,2014-07-02,14:06,01 - Clear,01 - Dry,02 - Stop sign,02 - Intersection related,01 - Daylight,03 - P.D. only,04 - Sideswipe,Civi
7992,CYRVILLE RD @ ST. LAURENT BLVD,372242.1947,5032111.58,-75.63815139,45.42568669,2014-06-26,12:10,01 - Clear,01 - Dry,01 - Traffic signal,03 - At intersection,01 - Daylight,03 - P.D. only,02 - Angle,Overbrook
7993,RIVERSIDE DR @ SMYTH RD NORTH SIDE RAMP,369935.1963,5029315.797,-75.66799898,45.40074992,2014-06-21,21:00,01 - Clear,01 - Dry,01 - Traffic signal,02 - Intersection related,05 - Dusk,03 - P.D. only,03 - Rear end,Industrial Park
7994,ISLAND PARK DR @ HELENA ST,364414.177,5028240.504,-75.73864482,45.39156655,2014-06-25,13:58,02 - Rain,02 - Wet,02 - Stop sign,03 - At intersection,01 - Daylight,03 - P.D. only,02 - Angle,Westboro
7995,LEITRIM RD @ LIMEBANK RD S,369357.1382,5017875.57,-75.67687544,45.29786726,2014-06-29,20:36,01 - Clear,01 - Dry,01 - Traffic signal,02 - Intersection related,05 - Dusk,03 - P.D. only,03 - Rear end,Gloucester
7996,ALPINE AVE @ CARLING AVE,360496.17,5024943.279,-75.78905105,45.3622209,2014-06-17,21:10,02 - Rain,02 - Wet,01 - Traffic signal,03 - At intersection,05 - Dusk,03 - P.D. only,05 - Turning movement,Whitehaven - Queensway Terrace North
7997,RUSSELL RD btwn SAND RD & FRANK KENNY RD,391298.8323,5025983.042,-75.39574039,45.36845183,2014-06-18,6:52,01 - Clear,01 - Dry,10 - No control,01 - Non intersection,01 - Daylight,03 - P.D. only,07 - SMV other,Navan - Vars
7998,QUEENSVIEW DR btwn PINECREST RD & END,360495.2882,5023838.705,-75.78918676,45.35228205,2014-07-08,16:57,02 - Rain,02 - Wet,10 - No control,04 - At/near private drive,01 - Daylight,03 - P.D. only,05 - Turning movement,Whitehaven - Queensway Terrace North
7999,MERIVALE RD btwn CAPITAL DR & MACFARLANE RD,366119.5956,5020713.954,-75.71779996,45.32369676,2014-06-12,16:47,02 - Rain,02 - Wet,10 - No control,01 - Non intersection,01 - Daylight,03 - P.D. only,03 - Rear end,Merivale Gardens - Grenfell Glen - Pineglen - Country Place
8000,RIVERSIDE DR NB btwn INDUSTRIAL AVE & TREMBLAY RD,370807.2914,5030988.42,-75.65663658,45.41571784,2014-06-13,10:37,01 - Clear,01 - Dry,10 - No control,01 - Non intersection,01 - Daylight,03 - P.D. only,07 - SMV other,Industrial Park
8001,ST. JOSEPH BLVD @ JEANNE D'ARC BLVD,379860.2686,5036473.477,-75.54014715,45.46415583,2014-10-14,16:20,01 - Clear,01 - Dry,11 - Roundabout,03 - At intersection,01 - Daylight,03 - P.D. only,04 - Sideswipe,Greenbelt
8002,ST. JOSEPH BLVD @ JEANNE D'ARC BLVD,379861.2164,5036473.477,-75.54013503,45.46415572,2014-10-17,11:10,01 - Clear,01 - Dry,11 - Roundabout,03 - At intersection,01 - Daylight,03 - P.D. only,02 - Angle,Greenbelt
8003,PRINCE OF WALES DR btwn RIDEAU GLEN DR & FALLOWFIELD RD,367467.7069,5018608.965,-75.70087122,45.30463732,2014-07-09,16:56,01 - Clear,01 - Dry,10 - No control,04 - At/near private drive,01 - Daylight,03 - P.D. only,02 - Angle,Greenbelt
8004,GREENBANK RD @ LISA AVE,360554.2012,5022893.492,-75.7885415,45.34377236,2014-07-10,8:50,01 - Clear,01 - Dry,01 - Traffic signal,02 - Intersection related,01 - Daylight,03 - P.D. only,03 - Rear end,Iris
8005,BLACKBURN BYPASS @ NAVAN RD,379617.8587,5033274.536,-75.54373312,45.43540013,2014-06-10,12:28,01 - Clear,01 - Dry,01 - Traffic signal,02 - Intersection related,01 - Daylight,03 - P.D. only,05 - Turning movement,Greenbelt
8006,CHAMPLAIN ST @ PLACE D'ORLEANS DR,381595.8242,5038180.816,-75.51768968,45.47932838,2014-06-10,16:47,01 - Clear,01 - Dry,01 - Traffic signal,02 - Intersection related,01 - Daylight,03 - P.D. only,03 - Rear end,Industrial Park
8007,CUMMINGS AVE btwn CLARKE AVE & QUEBEC ST,372235.4696,5033462.291,-75.63805234,45.43784039,2014-07-15,17:49,01 - Clear,01 - Dry,10 - No control,04 - At/near private drive,01 - Daylight,03 - P.D. only,06 - SMV unattended vehicle,Cummings
8008,SPRATT RD btwn OWLS CABIN AVE & LIMEBANK RD,369755.6818,5016867.975,-75.67192637,45.28876437,2014-06-14,0:26,01 - Clear,01 - Dry,10 - No control,01 - Non intersection,07 - Dark,03 - P.D. only,07 - SMV other,Gloucester
8009,LANCASTER RD btwn BARRYMORE LANE & BARBERRY LANE,374629.1723,5029009.703,-75.60809112,45.39754339,2014-05-28,13:02,01 - Clear,01 - Dry,10 - No control,04 - At/near private drive,01 - Daylight,03 - P.D. only,03 - Rear end,Sheffield Glen
8010,CLEARBROOK DR btwn KENTMARE CRES & CHAPMAN MILLS DR,365912.4436,5015105.371,-75.72113342,45.27324924,2014-10-11,9:43,01 - Clear,01 - Dry,10 - No control,01 - Non intersection,01 - Daylight,03 - P.D. only,04 - Sideswipe,New Barrhaven
8011,VANIER PKWY NB btwn VANIER PKWY & DONALD ST,370273.2074,5032444.14,-75.66326627,45.428866,2014-06-26,13:59,01 - Clear,01 - Dry,10 - No control,01 - Non intersection,01 - Daylight,03 - P.D. only,03 - Rear end,Vanier South
8012,CANOTEK RD @ SHEFFORD RD,376032.098,5035091.702,-75.58929466,45.45212435,2014-06-26,13:30,01 - Clear,01 - Dry,01 - Traffic signal,02 - Intersection related,01 - Daylight,03 - P.D. only,05 - Turning movement,Greenbelt
8013,MONTREAL RD btwn ELMSMERE RD & BETHAMY LANE,375025.8324,5034304.146,-75.60227063,45.44514023,2014-06-26,8:20,01 - Clear,01 - Dry,10 - No control,01 - Non intersection,01 - Daylight,03 - P.D. only,03 - Rear end,Beacon Hill South - Cardinal Heights
8014,TERRY FOX DR btwn TERRY FOX DR & EAGLESON RD,354316.9061,5015115.308,-75.86890531,45.27425081,2014-04-13,22:45,02 - Rain,02 - Wet,10 - No control,01 - Non intersection,07 - Dark,03 - P.D. only,05 - Turning movement,Stittsville - Basswood
8015,REGIONAL ROAD 174 btwn TRANSIT & OR174 IC109 RAMP54,376078.4017,5034107.212,-75.58884538,45.4432618,2014-06-23,17:53,01 - Clear,01 - Dry,10 - No control,01 - Non intersection,01 - Daylight,03 - P.D. only,03 - Rear end,Greenbelt
8016,LORRY GREENBERG DR btwn HUNTER'S GLEN CRES & MARGRAVE AVE,372605.3048,5025105.883,-75.63447453,45.36261731,2014-06-23,19:34,01 - Clear,01 - Dry,10 - No control,01 - Non intersection,01 - Daylight,03 - P.D. only,06 - SMV unattended vehicle,Greenboro East
8017,CEDARWOOD DR @ WALKLEY RD,371196.1504,5026456.472,-75.65227868,45.37490433,2014-06-18,18:30,01 - Clear,01 - Dry,01 - Traffic signal,03 - At intersection,01 - Daylight,03 - P.D. only,02 - Angle,Ledbury - Heron Gate - Ridgemont - Elmwood
8018,AIRD PL btwn JACKMAN TER & JACKMAN TER,351970.8328,5019198.091,-75.89841611,45.31115008,2014-06-30,8:30,01 - Clear,02 - Wet,10 - No control,04 - At/near private drive,01 - Daylight,03 - P.D. only,05 - Turning movement,Katimavik - Hazeldean
8019,BLAIR RD btwn DAVIDSON DR & NICOL ST,373889.3945,5034762.081,-75.61673219,45.44937372,2014-06-30,11:04,01 - Clear,01 - Dry,10 - No control,04 - At/near private drive,01 - Daylight,03 - P.D. only,05 - Turning movement,Gloucester
8020,VIEWMOUNT DR @ MERIVALE RD,365194.171,5022949.443,-75.72933092,45.34389166,2014-06-16,15:55,01 - Clear,01 - Dry,01 - Traffic signal,02 - Intersection related,01 - Daylight,03 - P.D. only,03 - Rear end,Tanglewood
8021,LIMEBANK RD @ SPRATT RD,369787.1243,5016878.027,-75.67152426,45.28885191,2014-01-04,9:31,03 - Snow,06 - Ice,01 - Traffic signal,02 - Intersection related,01 - Daylight,03 - P.D. only,03 - Rear end,Gloucester
8022,EARL MULLIGAN DR @ WOODROFFE AVE,365251.2082,5017505.953,-75.72926753,45.29490674,2014-06-16,10:10,01 - Clear,01 - Dry,01 - Traffic signal,02 - Intersection related,01 - Daylight,03 - P.D. only,03 - Rear end,Greenbelt
8023,BANK ST btwn FOXBAR AVE & ST. PAUL AVE,370504.0498,5025569.686,-75.66123216,45.36699056,2014-07-10,13:45,01 - Clear,01 - Dry,10 - No control,04 - At/near private drive,01 - Daylight,03 - P.D. only,03 - Rear end,Ledbury - Heron Gate - Ridgemont - Elmwood
8024,PRINCE OF WALES DR btwn 187 N OF MEADOWLANDS DR & MEADOWLANDS DR/HOG'S,367332.8,5025808.117,-75.70168162,45.36942601,2014-07-10,13:45,01 - Clear,01 - Dry,10 - No control,04 - At/near private drive,01 - Daylight,03 - P.D. only,05 - Turning movement,Carleton Heights - Rideauview
8025,BRITTANY DR btwn KRISTIN WAY & MONTREAL RD,371905.1072,5034012.072,-75.64219953,45.44281884,2014-06-13,10:46,02 - Rain,02 - Wet,10 - No control,04 - At/near private drive,01 - Daylight,03 - P.D. only,02 - Angle,Rockcliffe - Manor Park
8026,GLADSTONE AVE @ O'CONNOR ST,368077.0809,5030660.465,-75.69155853,45.41301923,2014-06-26,12:11,01 - Clear,01 - Dry,01 - Traffic signal,02 - Intersection related,01 - Daylight,03 - P.D. only,03 - Rear end,Centretown
8027,Meadowbreeze Dr btwn Flowing Creek Circ and Hawkbirch St,356356.48,5015328.788,-75.84289039,45.27602516,2014-11-04,13:00,01 - Clear,01 - Dry,10 - No control,01 - Non intersection,01 - Daylight,03 - P.D. only,99 - Other,Bridlewood - Emerald Meadows
8028,BRIDLEWOOD DR btwn DOBBIN LANE & WILLOW GLEN DR,354565.4271,5017182.901,-75.86553075,45.29283793,2014-05-25,17:44,01 - Clear,01 - Dry,10 - No control,04 - At/near private drive,01 - Daylight,03 - P.D. only,05 - Turning movement,Bridlewood - Emerald Meadows
8029,HINCKS LANE E @ RIVERSIDE DR,370267.0193,5030198.798,-75.66364368,45.40866388,2014-05-28,7:01,01 - Clear,01 - Dry,02 - Stop sign,03 - At intersection,01 - Daylight,03 - P.D. only,02 - Angle,Industrial Park
8030,HOWICK PL btwn FIFTH AVE & REGENT ST,368528.8542,5029466.81,-75.68594146,45.40223812,2014-05-24,16:37,01 - Clear,01 - Dry,10 - No control,01 - Non intersection,01 - Daylight,03 - P.D. only,06 - SMV unattended vehicle,The Glebe
8031,Terry Fox Dr btwn Second Line Rd and Richardson Side Rd,347868.3739,5020968.188,-75.95057956,45.32734154,2014-10-01,16:15,01 - Clear,01 - Dry,10 - No control,01 - Non intersection,01 - Daylight,03 - P.D. only,01 - Approaching,Kanata Lakes - Marchwood Lakeside - Morgan's Grant - Kanata
8032,ARLINGTON AVE @ BRONSON AVE,367222.2355,5029868.511,-75.70257943,45.40597024,2014-12-04,2:00,03 - Snow,03 - Loose snow,01 - Traffic signal,03 - At intersection,07 - Dark,03 - P.D. only,07 - SMV other,Centretown West
8033,MELBOURNE AVE @ DOVERCOURT AVE,363460.8095,5027359.107,-75.75092435,45.38371639,2014-02-11,8:18,01 - Clear,05 - Packed snow,02 - Stop sign,03 - At intersection,01 - Daylight,03 - P.D. only,02 - Angle,Carlingwood - McKellar Park - Laurentien View
8034,COURTWOOD CRES btwn WOODWARD DR & WOODWARD DR,363468.1522,5025863.825,-75.75100824,45.37026143,2014-06-26,0:00,01 - Clear,01 - Dry,10 - No control,01 - Non intersection,00 - Unknown,03 - P.D. only,06 - SMV unattended vehicle,Carlington
8035,MONTREAL RD btwn GATESTONE PRIV & SINCLAIR ST,375916.4582,5034723.93,-75.5908261,45.44882714,2014-06-26,13:00,01 - Clear,01 - Dry,10 - No control,01 - Non intersection,01 - Daylight,03 - P.D. only,04 - Sideswipe,Beacon Hill North
8036,DEVONWOOD CIRC btwn HATCHLEY RD & FINDLAY CREEK DR,375576.4519,5020335.323,-75.59723533,45.3194002,2014-06-26,16:10,01 - Clear,01 - Dry,10 - No control,04 - At/near private drive,01 - Daylight,03 - P.D. only,06 - SMV unattended vehicle,Greenbelt
8037,MITCH OWENS RD btwn RIVER RD & SPRATT RD,369589.2808,5010818.741,-75.67483636,45.23434946,2014-06-27,12:57,01 - Clear,01 - Dry,10 - No control,04 - At/near private drive,01 - Daylight,03 - P.D. only,02 - Angle,Manotick
8038,FIRST LINE RD btwn PHELAN RD E & ROGER STEVENS DR,371397.2812,5002670.169,-75.65290062,45.16086053,2014-06-23,12:46,01 - Clear,01 - Dry,09 - Traffic controller,01 - Non intersection,01 - Daylight,03 - P.D. only,99 - Other,Kars - Osgoode
8039,Terry Fox Dr btwn Second Line Rd and Richardson Side Rd,347868.3739,5020968.188,-75.95057956,45.32734154,2014-10-22,16:01,01 - Clear,01 - Dry,10 - No control,01 - Non intersection,01 - Daylight,03 - P.D. only,03 - Rear end,Kanata Lakes - Marchwood Lakeside - Morgan's Grant - Kanata
8040,REGIONAL ROAD 174 btwn OR174 IC112 RAMP15 & TRANSIT,375183.4183,5033114.427,-75.60042652,45.43441997,2014-06-24,0:58,02 - Rain,02 - Wet,10 - No control,01 - Non intersection,07 - Dark,03 - P.D. only,07 - SMV other,Greenbelt
8041,ST. LAURENT BLVD @ WALKLEY RD,373903.2571,5028046.602,-75.61749681,45.38894987,2014-06-20,7:05,01 - Clear,01 - Dry,01 - Traffic signal,02 - Intersection related,01 - Daylight,03 - P.D. only,03 - Rear end,Hawthorne Meadows
8042,BLACKBURN BYPASS @ INNES RD W,377187.7924,5032175.216,-75.5749499,45.42576493,2014-06-30,10:30,01 - Clear,01 - Dry,01 - Traffic signal,02 - Intersection related,01 - Daylight,03 - P.D. only,03 - Rear end,Greenbelt
8043,CYRVILLE RD @ ST. LAURENT BLVD,372241.2138,5032112.34,-75.63816382,45.42569362,2014-06-30,13:15,01 - Clear,01 - Dry,01 - Traffic signal,02 - Intersection related,01 - Daylight,03 - P.D. only,07 - SMV other,Overbrook
8044,CARTIER ST @ LISGAR ST,368226.9281,5031438.131,-75.68954415,45.42000284,2014-05-15,15:06,01 - Clear,01 - Dry,02 - Stop sign,02 - Intersection related,01 - Daylight,03 - P.D. only,05 - Turning movement,Golden Triangle
8045,AIRPORT PKWY @ HUNT CLUB RD,371018.0541,5023702.998,-75.65492125,45.35014633,2014-06-23,13:00,01 - Clear,01 - Dry,01 - Traffic signal,02 - Intersection related,01 - Daylight,03 - P.D. only,03 - Rear end,Hunt Club East - Western Community
8046,SCOTT ST btwn ATHLONE AVE & TRANSIT,363366.7991,5028757.839,-75.75195871,45.39630982,2014-06-26,11:30,01 - Clear,01 - Dry,10 - No control,04 - At/near private drive,01 - Daylight,03 - P.D. only,02 - Angle,Westboro
8047,CUMBERLAND ST @ GEORGE ST,368325.7076,5032416.114,-75.68815597,45.42879343,2014-05-30,20:41,01 - Clear,01 - Dry,01 - Traffic signal,02 - Intersection related,07 - Dark,03 - P.D. only,02 - Angle,Byward Market
8048,RED WILLOW DR btwn CRESTDALE ST & MAPLE RUN AVE,380550.3093,5034962.774,-75.53155705,45.45048922,2014-06-02,17:58,01 - Clear,01 - Dry,10 - No control,04 - At/near private drive,01 - Daylight,03 - P.D. only,06 - SMV unattended vehicle,Orleans Village - Chateauneuf
8049,MERIVALE RD @ WOODFIELD DR/ROYDON PL,365463.2081,5022298.752,-75.72597793,45.33801361,2014-06-27,9:00,01 - Clear,01 - Dry,01 - Traffic signal,02 - Intersection related,01 - Daylight,03 - P.D. only,03 - Rear end,Tanglewood
8050,MARCH RD @ SOLANDT RD,350490.0824,5022711.45,-75.91697535,45.34286204,2014-07-10,17:50,01 - Clear,01 - Dry,01 - Traffic signal,02 - Intersection related,01 - Daylight,03 - P.D. only,03 - Rear end,South March
8051,BANK ST btwn CLAREY AVE & HOLMWOOD AVE,368475.6244,5029212.514,-75.68665417,45.39995489,2014-05-15,10:05,01 - Clear,01 - Dry,10 - No control,01 - Non intersection,01 - Daylight,03 - P.D. only,06 - SMV unattended vehicle,The Glebe
8052,QUEEN MARY ST @ VANIER PKWY,370364.2175,5031958.853,-75.66216791,45.42449106,2014-06-29,22:22,01 - Clear,01 - Dry,01 - Traffic signal,02 - Intersection related,07 - Dark,03 - P.D. only,03 - Rear end,Overbrook
8053,ARGYLE AVE @ BANK ST,367996.1827,5030372.572,-75.69262891,45.41043617,2014-07-01,16:00,01 - Clear,01 - Dry,10 - No control,03 - At intersection,01 - Daylight,03 - P.D. only,02 - Angle,Centretown
8054,KANATA AVE @ TERRY FOX DR,349304.4457,5019209.689,-75.93241859,45.31142848,2014-05-23,22:00,01 - Clear,01 - Dry,01 - Traffic signal,02 - Intersection related,07 - Dark,03 - P.D. only,03 - Rear end,Kanata Lakes - Marchwood Lakeside - Morgan's Grant - Kanata
8055,LEWIS ST btwn BANK ST & DERBY PL,367880.1334,5030779.584,-75.69405928,45.41410881,2014-06-04,19:23,01 - Clear,01 - Dry,10 - No control,01 - Non intersection,01 - Daylight,03 - P.D. only,99 - Other,Centretown
8056,LOTTA AVE btwn CORDOVA ST & BASSANO ST,363897.0241,5024133.678,-75.74574039,45.35465776,2014-06-07,12:00,01 - Clear,01 - Dry,10 - No control,04 - At/near private drive,01 - Daylight,03 - P.D. only,02 - Angle,Crestview - Meadowlands
8057,DEAKIN ST @ PRINCE OF WALES DR,367390.2372,5021522.54,-75.70149085,45.33086014,2014-06-11,15:45,02 - Rain,02 - Wet,01 - Traffic signal,02 - Intersection related,01 - Daylight,03 - P.D. only,03 - Rear end,Industrial Park
8058,RIVERSIDE DR SB btwn SMYTH RD SOUTH SIDE RAMP & SMYTH RD NORTH SIDE RA,369808.1821,5029143.285,-75.66964396,45.39920953,2014-02-11,15:54,01 - Clear,01 - Dry,10 - No control,01 - Non intersection,01 - Daylight,03 - P.D. only,04 - Sideswipe,Alta Vista
8059,FRANK KENNY RD btwn DEVINE RD & HUGHSON RD,393733.9194,5023350.548,-75.36513326,45.34446282,2014-05-08,21:20,01 - Clear,01 - Dry,10 - No control,04 - At/near private drive,07 - Dark,03 - P.D. only,03 - Rear end,Navan - Vars
8060,GRANDVIEW RD btwn JAY ST & NESBITT ST,355685.6541,5024385.447,-75.85050947,45.35756718,2014-06-26,16:21,01 - Clear,01 - Dry,10 - No control,01 - Non intersection,01 - Daylight,03 - P.D. only,07 - SMV other,Crystal Bay - Lakeview Park - Britannia Village
8061,CARP RD @ HAZELDEAN RD,348803.4569,5014363.112,-75.93923748,45.26784893,2014-06-26,17:12,01 - Clear,01 - Dry,01 - Traffic signal,02 - Intersection related,01 - Daylight,03 - P.D. only,03 - Rear end,Stittsville
8062,BERKELEY AVE @ RICHMOND RD,362911.16,5028064.602,-75.7578595,45.39011014,2014-06-27,13:17,01 - Clear,01 - Dry,02 - Stop sign,03 - At intersection,01 - Daylight,03 - P.D. only,04 - Sideswipe,Westboro
8063,BANK ST @ WALKLEY RD,370337.3781,5025946.787,-75.66330961,45.3703992,2014-06-27,14:33,01 - Clear,01 - Dry,01 - Traffic signal,02 - Intersection related,01 - Daylight,03 - P.D. only,02 - Angle,Ledbury - Heron Gate - Ridgemont - Elmwood
8064,BRONSON AVE btwn POWELL AVE & CLEMOW AVE,367394.04,5029464.892,-75.70043614,45.40232325,2014-06-23,8:50,01 - Clear,01 - Dry,10 - No control,01 - Non intersection,01 - Daylight,03 - P.D. only,04 - Sideswipe,The Glebe
8065,LAURIER AVE  E btwn WALLER ST & 73 E OF WALLER ST,368472.5239,5031869.344,-75.68635057,45.42386044,2014-06-24,6:43,01 - Clear,01 - Dry,10 - No control,01 - Non intersection,01 - Daylight,03 - P.D. only,05 - Turning movement,Sandy Hill
8066,WHERNSIDE TER btwn ROY ERRINGTON WAY & SCAMPTON DR,348091.2706,5023257.347,-75.94753594,45.3479263,2014-06-23,16:00,01 - Clear,01 - Dry,10 - No control,04 - At/near private drive,01 - Daylight,03 - P.D. only,02 - Angle,Morgan's Grant
8067,HWY 417 RIVERSID IC117R25 @ RIVERSIDE DR,370820.5615,5031035.813,-75.6564607,45.41614301,2014-06-18,20:17,01 - Clear,01 - Dry,10 - No control,02 - Intersection related,01 - Daylight,03 - P.D. only,04 - Sideswipe,Industrial Park
8068,ROBERTSON RD btwn HAZELDEAN RD & HAANEL DR,353848.5298,5018523.573,-75.87453744,45.304952,2014-06-30,9:35,01 - Clear,01 - Dry,10 - No control,01 - Non intersection,01 - Daylight,03 - P.D. only,07 - SMV other,Greenbelt
8069,MOODIE DR @ WEST HUNT CLUB RD,357908.1587,5018499.216,-75.82277551,45.30443762,2014-06-30,13:30,01 - Clear,01 - Dry,01 - Traffic signal,03 - At intersection,01 - Daylight,03 - P.D. only,05 - Turning movement,Greenbelt
8070,HAZELDEAN RD btwn GO/KA BOUNDARY & HUNTMAR DR/IBER RD,350964.8728,5016101.233,-75.91153305,45.28335054,2014-06-25,14:00,01 - Clear,01 - Dry,10 - No control,01 - Non intersection,01 - Daylight,03 - P.D. only,04 - Sideswipe,Stittsville
8071,BERTONA ST @ KNOXDALE RD,362753.3156,5021447.687,-75.76065105,45.33058485,2014-06-27,11:14,01 - Clear,01 - Dry,02 - Stop sign,02 - Intersection related,01 - Daylight,03 - P.D. only,05 - Turning movement,Woodvale - Craig Henry - Manordale - Estates of Arlington Wo
8072,HIGHWAY 417 btwn HWY417 IC117 RAMP51 & HWY417 IC117 RAMP35,370704.4502,5031170.983,-75.65792601,45.41737016,2014-06-09,11:35,01 - Clear,01 - Dry,10 - No control,01 - Non intersection,01 - Daylight,03 - P.D. only,03 - Rear end,Industrial Park
8073,RIVER RD btwn OLD MILL WAY & BRIDGE ST,369462.9111,5010789.72,-75.67644943,45.23409995,2014-07-10,17:45,01 - Clear,01 - Dry,10 - No control,04 - At/near private drive,01 - Daylight,03 - P.D. only,02 - Angle,Manotick