Record,Location,X,Y,lon,lat,Date,Time,Environment,Road_Surface,Traffic_Control,Collision_Location,Light,Collision_Classification,Impact_type,Neighborhood
8074,BASELINE RD btwn MERIVALE RD & FARLANE BLVD,365184.4809,5025405.363,-75.72915459,45.36599049,2014-07-11,11:26,01 - Clear,01 - Dry,10 - No control,04 - At/near private drive,01 - Daylight,03 - P.D. only,02 - Angle,Cityview - Skyline - Fisher Heights
8075,MONTREAL RD @ ST. LAURENT BLVD,371547.1247,5033816.647,-75.6468016,45.44109477,2014-06-22,20:07,01 - Clear,01 - Dry,01 - Traffic signal,02 - Intersection related,01 - Daylight,03 - P.D. only,03 - Rear end,Cummings
8076,STRANDHERD DR @ LONGFIELDS DR,364548.3035,5015173.578,-75.73850936,45.2739802,2014-07-02,10:43,01 - Clear,01 - Dry,01 - Traffic signal,02 - Intersection related,01 - Daylight,03 - P.D. only,03 - Rear end,New Barrhaven
8077,ISABELLA ST/HWY417 IC119AR75 @ METCALFE ST,368448.555,5030399.525,-75.68684668,45.41063769,2014-07-02,15:55,01 - Clear,01 - Dry,01 - Traffic signal,03 - At intersection,01 - Daylight,03 - P.D. only,03 - Rear end,The Glebe
8078,ST. LAURENT BLVD @ COVENTRY RD/OGILVIE RD,372306.1934,5031951.575,-75.63735557,45.42424087,2014-06-05,13:35,01 - Clear,01 - Dry,01 - Traffic signal,02 - Intersection related,01 - Daylight,03 - P.D. only,03 - Rear end,Overbrook
8079,GLADU ST btwn CYR AVE & OLMSTEAD ST,370359.7877,5032782.195,-75.66211491,45.43189957,2014-06-09,17:09,01 - Clear,01 - Dry,10 - No control,01 - Non intersection,01 - Daylight,03 - P.D. only,06 - SMV unattended vehicle,Vanier South
8080,COOPER ST @ METCALFE ST,367965.077,5031177.622,-75.69292309,45.41768256,2014-06-22,18:03,01 - Clear,01 - Dry,02 - Stop sign,03 - At intersection,01 - Daylight,03 - P.D. only,02 - Angle,Centretown
8081,CLARENCE ST btwn CUMBERLAND ST & KING EDWARD AVE,368237.539,5032622.037,-75.68925611,45.43065426,2014-06-01,9:36,01 - Clear,01 - Dry,10 - No control,01 - Non intersection,01 - Daylight,03 - P.D. only,06 - SMV unattended vehicle,Byward Market
8082,JOCKVALE RD @ LONGFIELDS DR,364829.2929,5014001.028,-75.73507021,45.26340567,2014-06-26,17:15,01 - Clear,01 - Dry,,02 - Intersection related,01 - Daylight,03 - P.D. only,02 - Angle,New Barrhaven
8083,WHETSTONE CRES btwn FRATTON WAY & OLDFIELD ST (1),366512.2089,5015880.722,-75.71339386,45.28017342,2014-06-25,0:00,01 - Clear,01 - Dry,10 - No control,01 - Non intersection,00 - Unknown,03 - P.D. only,06 - SMV unattended vehicle,Chapman Mills - Rideau Crest - Davidson Heights
8084,RICHMOND RD btwn STINSON AVE & STAFFORD RD,357951.3376,5020979.26,-75.82195886,45.32675003,2014-06-27,14:35,01 - Clear,01 - Dry,10 - No control,01 - Non intersection,01 - Daylight,03 - P.D. only,03 - Rear end,Bells Corners East
8085,HAMLET RD @ OTHELLO AVE,373262.2568,5029287.6,-75.62550972,45.40017877,2014-06-27,16:09,01 - Clear,01 - Dry,03 - Yield sign,03 - At intersection,01 - Daylight,03 - P.D. only,02 - Angle,Elmvale - Eastway - Riverview - Riverview Park West
8086,CHAPMAN MILLS DR btwn TEMAGAMI DR & BEATRICE DR,365438.1875,5014886.728,-75.72720387,45.27132295,2014-06-20,15:00,01 - Clear,01 - Dry,10 - No control,01 - Non intersection,01 - Daylight,03 - P.D. only,02 - Angle,New Barrhaven
8087,WEST HUNT CLUB RD WB btwn CEDARVIEW RD & GREENBANK RD,360862.9654,5020148.452,-75.78491268,45.31904788,2014-06-23,13:21,01 - Clear,01 - Dry,10 - No control,01 - Non intersection,01 - Daylight,03 - P.D. only,03 - Rear end,Greenbelt
8088,DOZOIS RD @ GOUGH RD,372530.2343,5010155.396,-75.6374745,45.22810405,2014-06-24,10:08,02 - Rain,02 - Wet,02 - Stop sign,03 - At intersection,01 - Daylight,03 - P.D. only,02 - Angle,Manotick
8089,QUEEN MARY ST @ VERA ST,370522.2394,5031972.629,-75.66014696,45.42460018,2014-06-24,10:27,02 - Rain,02 - Wet,02 - Stop sign,03 - At intersection,01 - Daylight,03 - P.D. only,02 - Angle,Overbrook
8090,CARLING AVE @ FAIRLAWN AVE/WOODROFFE AVE E,361934.6841,5025830.528,-75.77058762,45.37008852,2014-06-20,20:36,01 - Clear,01 - Dry,01 - Traffic signal,03 - At intersection,05 - Dusk,03 - P.D. only,03 - Rear end,Carlingwood West - Glabar Park - McKellar Heights
8091,JOHN QUINN RD btwn STONE SCHOOL RD & BANK ST,383113.6614,5011635.237,-75.50248371,45.24032163,2014-04-16,5:13,01 - Clear,01 - Dry,10 - No control,01 - Non intersection,03 - Dawn,03 - P.D. only,07 - SMV other,Osgoode
8092,BRONSON AVE @ CATHERINE ST/RAYMOND ST,367252.2015,5029797.327,-75.70220568,45.40532707,2014-07-02,16:49,01 - Clear,01 - Dry,01 - Traffic signal,03 - At intersection,01 - Daylight,03 - P.D. only,05 - Turning movement,Centretown West
8093,BRUYERE ST @ DALHOUSIE ST,367827.3517,5032850.881,-75.69446856,45.4327504,2014-06-26,8:45,01 - Clear,01 - Dry,01 - Traffic signal,03 - At intersection,01 - Daylight,03 - P.D. only,05 - Turning movement,Lower Town
8094,JOHNSTON RD @ SOUTHGATE RD,371020.1441,5024942.152,-75.65472859,45.36129565,2014-06-17,14:42,01 - Clear,01 - Dry,02 - Stop sign,03 - At intersection,01 - Daylight,03 - P.D. only,07 - SMV other,South Keys - Heron Gate - Greenboro West
8095,BRONSON AVE @ GLADSTONE AVE,367134.1756,5030081.564,-75.70367732,45.40789508,2014-06-29,3:24,01 - Clear,01 - Dry,01 - Traffic signal,03 - At intersection,07 - Dark,03 - P.D. only,05 - Turning movement,Centretown West
8096,CAHILL DR @ HUNT CLUB RD,372407.7347,5024543.777,-75.63707309,45.35757877,2014-06-27,11:02,01 - Clear,01 - Dry,01 - Traffic signal,02 - Intersection related,01 - Daylight,03 - P.D. only,03 - Rear end,Greenboro East
8097,SOUTHWOOD DR btwn IRIS ST & RYAN DR,360895.9516,5023363.201,-75.78412762,45.34797154,2014-06-27,17:31,01 - Clear,01 - Dry,10 - No control,01 - Non intersection,01 - Daylight,03 - P.D. only,01 - Approaching,Iris
8098,AIRPORT PKWY btwn AIRPORT PKWY/HUNT CLUB RAMP 42 & WALKLEY RD NB RAMP,370449.1187,5024550.111,-75.66206877,45.35782189,2014-07-03,14:10,01 - Clear,01 - Dry,10 - No control,01 - Non intersection,01 - Daylight,03 - P.D. only,05 - Turning movement,Hunt Club East - Western Community
8099,PINECREST RD btwn TRANSIT & HWY417 IC129 RAMP26,360395.8559,5023658.538,-75.79047593,45.3506688,2014-06-10,18:22,01 - Clear,01 - Dry,10 - No control,01 - Non intersection,01 - Daylight,03 - P.D. only,03 - Rear end,Whitehaven - Queensway Terrace North
8100,HUNT CLUB RD @ DOWNPATRICK RD/MCCARTHY RD,370506.4311,5023400.272,-75.66149012,45.34747061,2014-07-02,15:58,01 - Clear,01 - Dry,01 - Traffic signal,02 - Intersection related,01 - Daylight,03 - P.D. only,03 - Rear end,Hunt Club East - Western Community
8101,MILLSTREAM WAY btwn MILLSTREAM WAY & END,371261.6206,5023772.322,-75.65180386,45.35074705,2014-06-09,22:50,01 - Clear,01 - Dry,10 - No control,01 - Non intersection,07 - Dark,03 - P.D. only,06 - SMV unattended vehicle,Emerald Woods - Sawmill Creek
8102,MARCH RD btwn HALTON TERR/MAXWELL BRIDGE RD & KLONDIKE RD,348920.758,5024433.882,-75.93684591,45.35846135,2014-06-23,0:02,01 - Clear,01 - Dry,10 - No control,01 - Non intersection,07 - Dark,03 - P.D. only,07 - SMV other,Kanata Lakes - Marchwood Lakeside - Morgan's Grant - Kanata
8103,BASELINE RD @ GREENBANK RD,360595.3146,5022584.5,-75.78805175,45.34098878,2014-06-23,0:29,01 - Clear,01 - Dry,01 - Traffic signal,03 - At intersection,07 - Dark,03 - P.D. only,02 - Angle,Qualicum - Redwood Park
8104,OSGOODE ST btwn KING EDWARD AVE & HENDERSON AVE,368858.9936,5031858.398,-75.68141393,45.42372667,2014-06-14,6:39,01 - Clear,01 - Dry,10 - No control,01 - Non intersection,01 - Daylight,03 - P.D. only,06 - SMV unattended vehicle,Sandy Hill
8105,BEECHWOOD AVE @ CHARLEVOIX ST/MACKAY ST,369185.9051,5033592.351,-75.67701015,45.43929809,2014-06-19,14:45,01 - Clear,01 - Dry,01 - Traffic signal,03 - At intersection,01 - Daylight,03 - P.D. only,05 - Turning movement,Lindenlea - New Edinburgh
8106,BRONSON AVE @ POWELL AVE,367386.6443,5029478.449,-75.70052888,45.40244589,2014-06-27,9:00,01 - Clear,01 - Dry,01 - Traffic signal,03 - At intersection,01 - Daylight,03 - P.D. only,02 - Angle,The Glebe
8107,PARKDALE AVE @ WELLINGTON ST,365152.0703,5029269.608,-75.72909586,45.400763,2014-06-27,14:00,01 - Clear,01 - Dry,01 - Traffic signal,02 - Intersection related,01 - Daylight,03 - P.D. only,03 - Rear end,Islan
8108,CAMPEAU DR @ TERRY FOX DR,350454.1789,5019011.403,-75.91777464,45.30957045,2014-06-28,11:13,01 - Clear,01 - Dry,01 - Traffic signal,03 - At intersection,01 - Daylight,03 - P.D. only,05 - Turning movement,Kanata Lakes - Marchwood Lakeside - Morgan's Grant - Kanata
8109,BANKFIELD RD btwn KILREEN LANE & PRINCE OF WALES DR,366291.477,5008929.506,-75.71706693,45.21764579,2014-06-23,12:00,01 - Clear,01 - Dry,10 - No control,01 - Non intersection,01 - Daylight,03 - P.D. only,03 - Rear end,Manotick
8110,RIVERSIDE DR @ TREMBLAY RD/HWY417 IC117 RAMP52,370803.4999,5031014.96,-75.65668147,45.41595699,2014-06-23,13:00,01 - Clear,02 - Wet,01 - Traffic signal,03 - At intersection,01 - Daylight,03 - P.D. only,02 - Angle,Industrial Park
8111,FALLOWFIELD RD @ HOLITMAN DR,363742.2119,5017134.444,-75.74854919,45.29169211,2014-06-24,10:33,02 - Rain,02 - Wet,02 - Stop sign,03 - At intersection,01 - Daylight,03 - P.D. only,02 - Angle,New Barrhaven
8112,ALTA VISTA DR btwn AYERS AVE & RIDGEMONT AVE,370487.6246,5026418.494,-75.66132894,45.3746294,2014-06-24,14:35,01 - Clear,02 - Wet,10 - No control,01 - Non intersection,01 - Daylight,03 - P.D. only,03 - Rear end,Ledbury - Heron Gate - Ridgemont - Elmwood
8113,KENT ST @ LAURIER AVE,367316.699,5031164.842,-75.7012084,45.4176258,2014-07-02,19:56,02 - Rain,02 - Wet,01 - Traffic signal,03 - At intersection,01 - Daylight,03 - P.D. only,05 - Turning movement,Downtown
8114,CARLING AVE @ RICHMOND RD,360245.172,5024782.273,-75.7922728,45.36079207,2014-07-03,12:10,01 - Clear,01 - Dry,01 - Traffic signal,03 - At intersection,01 - Daylight,03 - P.D. only,02 - Angle,Whitehaven - Queensway Terrace North
8115,PRINCE OF WALES DR @ WEST HUNT CLUB RD,367459.1842,5021889.608,-75.70056486,45.3341568,2014-06-26,12:00,01 - Clear,01 - Dry,01 - Traffic signal,02 - Intersection related,01 - Daylight,03 - P.D. only,03 - Rear end,Industrial Park
8116,INDUSTRIAL AVE/INNES RD @ ST. LAURENT BLVD,373099.4222,5030006.743,-75.62748981,45.40666519,2014-06-27,22:55,01 - Clear,01 - Dry,01 - Traffic signal,02 - Intersection related,07 - Dark,03 - P.D. only,03 - Rear end,Industrial Park
8117,BOWESVILLE RD/HIGH RD @ LEITRIM RD,371676.2907,5019295.042,-75.64711722,45.31042239,2014-06-20,6:19,01 - Clear,01 - Dry,02 - Stop sign,02 - Intersection related,01 - Daylight,03 - P.D. only,01 - Approaching,Gloucester
8118,PARKDALE AVE btwn LYNDALE AVE & SCOTT ST,364874.0492,5029906.409,-75.73256925,45.40651671,2014-06-20,8:06,01 - Clear,01 - Dry,10 - No control,04 - At/near private drive,01 - Daylight,03 - P.D. only,03 - Rear end,Mechanicsville
8119,ST. JOSEPH BLVD @ JEANNE D'ARC BLVD,379859.7786,5036473.027,-75.54015348,45.46415183,2014-05-12,16:15,01 - Clear,01 - Dry,11 - Roundabout,03 - At intersection,01 - Daylight,03 - P.D. only,04 - Sideswipe,Greenbelt
8120,HERON RD @ WALKLEY RD,372267.2936,5027082.981,-75.63851866,45.3804391,2014-06-28,11:30,01 - Clear,01 - Dry,01 - Traffic signal,03 - At intersection,01 - Daylight,03 - P.D. only,02 - Angle,Ledbury - Heron Gate - Ridgemont - Elmwood
8121,MARCH RD @ 280 S OF CARLING AVE/GATEWAY MALL S,351109.8489,5022027.222,-75.90913133,45.33666457,2014-07-08,10:52,01 - Clear,01 - Dry,01 - Traffic signal,03 - At intersection,01 - Daylight,03 - P.D. only,05 - Turning movement,South March
8122,ALTA VISTA DR @ BANK ST,370248.5761,5026200.993,-75.66440951,45.37269476,2014-07-11,16:10,01 - Clear,01 - Dry,01 - Traffic signal,03 - At intersection,01 - Daylight,03 - P.D. only,03 - Rear end,Ledbury - Heron Gate - Ridgemont - Elmwood
8123,CAMPEAU DR @ TERRY FOX DR,350455.6007,5019011.723,-75.91775648,45.30957324,2014-06-18,11:41,01 - Clear,01 - Dry,01 - Traffic signal,02 - Intersection related,01 - Daylight,03 - P.D. only,03 - Rear end,Kanata Lakes - Marchwood Lakeside - Morgan's Grant - Kanata
8124,OGILVIE RD btwn AVIATION PKWY & MATHESON RD,373180.3825,5032420.188,-75.62612077,45.4283723,2014-06-24,14:50,02 - Rain,02 - Wet,10 - No control,01 - Non intersection,01 - Daylight,03 - P.D. only,04 - Sideswipe,Industrial Park
8125,JOCKVALE RD @ STRANDHERD DR,363560.9544,5014579.733,-75.75116229,45.26871997,2014-07-03,16:50,02 - Rain,02 - Wet,01 - Traffic signal,03 - At intersection,01 - Daylight,03 - P.D. only,05 - Turning movement,Barrhaven West - Old Barrhaven
8126,ALBION RD btwn BANK ST & DES MESANGES DR,371950.9933,5024116.229,-75.64296023,45.35377574,2014-06-13,16:37,01 - Clear,01 - Dry,10 - No control,04 - At/near private drive,01 - Daylight,03 - P.D. only,03 - Rear end,Emerald Woods - Sawmill Creek
8127,PAUL ANKA DR @ UPLANDS DR,369454.0522,5023574.938,-75.67489577,45.34914001,2014-06-16,11:28,01 - Clear,01 - Dry,02 - Stop sign,02 - Intersection related,01 - Daylight,03 - P.D. only,04 - Sideswipe,Hunt Club East - Western Community
8128,HUNTMAR DR btwn TERRACE RIDGE DR & OLD CARP RD,344708.1674,5022949.281,-75.99073268,45.34535489,2014-06-23,6:49,01 - Clear,01 - Dry,10 - No control,01 - Non intersection,01 - Daylight,03 - P.D. only,07 - SMV other,Carp - Hardwood Plains
8129,HERZBERG RD btwn CARLING AVE & BAYFIELD AVE,352075.3186,5022218.138,-75.89679531,45.33831808,2014-06-23,7:45,01 - Clear,01 - Dry,10 - No control,01 - Non intersection,01 - Daylight,03 - P.D. only,07 - SMV other,Kanata Lakes - Marchwood Lakeside - Morgan's Grant - Kanata
8130,MARCH RD btwn HWY417 IC155 RAMP35 & HWY417 IC155 RAMP26,339553.0061,5019324.642,-76.05676992,45.31301318,2014-06-21,8:09,01 - Clear,01 - Dry,10 - No control,07 - Overpass or bridge,01 - Daylight,03 - P.D. only,07 - SMV other,Carp - Hardwood Plains
8131,BOUNDARY RD @ HWY 417 BOUNDARY IC96R51,387508.0399,5023595.313,-75.44452539,45.34742671,2014-06-21,23:06,01 - Clear,01 - Dry,02 - Stop sign,03 - At intersection,07 - Dark,03 - P.D. only,03 - Rear end,Greenbelt
8132,COLONEL BY DR/SUSSEX DR @ RIDEAU ST,367923.0569,5032045.02,-75.6933488,45.42549091,2014-06-27,10:00,01 - Clear,01 - Dry,01 - Traffic signal,03 - At intersection,01 - Daylight,03 - P.D. only,04 - Sideswipe,Byward Market - Parliament Hill
8133,FLORA ST @ KENT ST,367828.2395,5030323.567,-75.69478055,45.41001039,2014-06-28,13:16,01 - Clear,01 - Dry,02 - Stop sign,03 - At intersection,01 - Daylight,03 - P.D. only,02 - Angle,Centretown
8134,RUSKIN ST btwn MACFARLANE AVE & MELROSE AVE,365780.3194,5028567.921,-75.72115844,45.39439495,2014-06-18,7:15,01 - Clear,01 - Dry,10 - No control,01 - Non intersection,01 - Daylight,03 - P.D. only,06 - SMV unattended vehicle,Civic Hospital - Experimental Farm - Central Park
8135,PARKDALE AVE @ GLADSTONE AVE,365216.7017,5029119.829,-75.72828872,45.39940975,2014-06-24,11:22,02 - Rain,02 - Wet,01 - Traffic signal,03 - At intersection,01 - Daylight,03 - P.D. only,03 - Rear end,Civi
8136,KING EDWARD AVE @ ST. PATRICK ST,368250.1231,5032820.745,-75.68906969,45.43244102,2014-06-24,11:56,02 - Rain,02 - Wet,01 - Traffic signal,03 - At intersection,01 - Daylight,03 - P.D. only,02 - Angle,Byward Market
8137,RICHMOND RD btwn DUMAURIER AVE & LOVITT RD,359664.6066,5023795.606,-75.79979234,45.35195972,2014-06-24,14:44,02 - Rain,02 - Wet,10 - No control,01 - Non intersection,01 - Daylight,03 - P.D. only,04 - Sideswipe,Whitehaven - Queensway Terrace North
8138,JOLLIET AVE btwn BEECHWOOD AVE & GARNEAU ST,369703.3392,5034118.192,-75.67032758,45.44398155,2014-10-07,0:00,01 - Clear,01 - Dry,10 - No control,01 - Non intersection,00 - Unknown,03 - P.D. only,06 - SMV unattended vehicle,Vanier North
8139,PARENT AVE btwn ST. ANDREW ST & GUIGUES AVE,367771.6298,5032635.941,-75.69520814,45.43082147,2014-07-03,14:50,01 - Clear,01 - Dry,10 - No control,01 - Non intersection,01 - Daylight,03 - P.D. only,04 - Sideswipe,Lower Town
8140,BAYSHORE DR @ RICHMOND RD,359373.1922,5023368.272,-75.80355839,45.34813731,2014-07-03,15:54,01 - Clear,01 - Dry,01 - Traffic signal,02 - Intersection related,01 - Daylight,03 - P.D. only,03 - Rear end,Bayshore
8141,BANTREE ST @ INNES RD,373707.145,5030406.555,-75.61967132,45.41020295,2014-07-02,11:00,01 - Clear,01 - Dry,01 - Traffic signal,03 - At intersection,01 - Daylight,03 - P.D. only,03 - Rear end,Industrial Park
8142,STONEHAVEN DR @ STONEMEADOW DR,355951.8177,5016619.151,-75.84791465,45.28766566,2014-06-20,17:50,01 - Clear,01 - Dry,02 - Stop sign,02 - Intersection related,01 - Daylight,03 - P.D. only,03 - Rear end,Bridlewood - Emerald Meadows
8143,FRIEL ST btwn RIDEAU ST & BESSERER ST,368808.5585,5032504.665,-75.68197437,45.42954616,2014-05-27,15:47,01 - Clear,01 - Dry,10 - No control,01 - Non intersection,01 - Daylight,03 - P.D. only,04 - Sideswipe,Sand
8144,CARLING AVE btwn MARCH RD & SCHNEIDER RD,350952.3461,5022272.596,-75.91111792,45.33888288,2014-06-02,8:15,01 - Clear,01 - Dry,10 - No control,01 - Non intersection,01 - Daylight,03 - P.D. only,03 - Rear end,South March
8145,HAWTHORNE RD btwn DAVIDSON RD & LEITRIM RD,376979.4461,5022849.173,-75.57897568,45.34187583,2014-07-11,17:19,01 - Clear,01 - Dry,10 - No control,01 - Non intersection,01 - Daylight,03 - P.D. only,07 - SMV other,Greenbelt
8146,ISLAND PARK DR @ RICHMOND RD,364130.6867,5028867.81,-75.74218963,45.39723501,2014-07-11,17:48,01 - Clear,01 - Dry,01 - Traffic signal,02 - Intersection related,01 - Daylight,03 - P.D. only,04 - Sideswipe,Island Park
8147,MATHESON RD btwn SILVESTRI CRES & OGILVIE RD,373367.0138,5032561.863,-75.62371624,45.42962875,2014-07-01,11:05,01 - Clear,01 - Dry,10 - No control,01 - Non intersection,01 - Daylight,03 - P.D. only,04 - Sideswipe,Carson Grove - Carson Meadows
8148,FISHER AVE @ MALIBU TER,366261.2238,5025799.531,-75.71536155,45.36944355,2014-07-01,14:04,01 - Clear,01 - Dry,02 - Stop sign,03 - At intersection,01 - Daylight,03 - P.D. only,04 - Sideswipe,Civic Hospital - Experimental Farm - Central Park
8149,TERRY FOX DR btwn COPE DR & TRANS CANADA TRAIL,353283.5936,5015954.312,-75.88199219,45.2818724,2014-07-04,9:18,01 - Clear,01 - Dry,10 - No control,01 - Non intersection,01 - Daylight,03 - P.D. only,03 - Rear end,Glen Cairn - Kanata South Business Park
8150,BANK ST @ CATHERINE ST,368038.6915,5030268.839,-75.6920992,45.40949898,2014-07-05,1:36,01 - Clear,01 - Dry,01 - Traffic signal,03 - At intersection,07 - Dark,03 - P.D. only,02 - Angle,Centretown
8151,KING EDWARD AVE @ MURRAY ST,368290.2399,5032752.359,-75.68856584,45.43182206,2014-06-18,11:10,01 - Clear,01 - Dry,01 - Traffic signal,02 - Intersection related,01 - Daylight,03 - P.D. only,03 - Rear end,Byward Market
8152,BLACKBURN BYPASS EB btwn 1700 W OF NAVAN RD & NAVAN RD,379214.474,5032988.474,-75.54893141,45.43286939,2014-06-19,17:13,00 - Unknown,01 - Dry,10 - No control,01 - Non intersection,01 - Daylight,03 - P.D. only,04 - Sideswipe,Greenbelt
8153,TERRY FOX DR @ 240 S OF EDGEWATER ST,351973.0993,5017472.036,-75.89855147,45.29561846,2014-06-23,8:08,01 - Clear,01 - Dry,01 - Traffic signal,03 - At intersection,01 - Daylight,03 - P.D. only,99 - Other,Katimavik - Hazeldean
8154,ALBION RD btwn LESTER RD & LEITRIM RD,373419.0701,5020614.522,-75.62471112,45.32212652,2014-06-28,14:15,01 - Clear,01 - Dry,10 - No control,01 - Non intersection,01 - Daylight,03 - P.D. only,03 - Rear end,Greenbelt
8155,PRINCE OF WALES DR btwn COLONNADE RD & STEPHANIE AVE,367414.4835,5023221.142,-75.70096661,45.34614168,2014-06-23,16:44,01 - Clear,01 - Dry,10 - No control,01 - Non intersection,01 - Daylight,03 - P.D. only,03 - Rear end,Industrial Park
8156,REGIONAL ROAD 174 btwn TRANSIT & OR174 IC109 RAMP54,376077.3615,5034111.874,-75.588858,45.44330385,2014-06-23,16:54,01 - Clear,01 - Dry,10 - No control,01 - Non intersection,01 - Daylight,03 - P.D. only,03 - Rear end,Greenbelt
8157,WAVERLEY ST @ O'CONNOR ST,368009.1821,5030765.57,-75.69241246,45.41397107,2014-06-24,16:08,00 - Unknown,01 - Dry,02 - Stop sign,03 - At intersection,01 - Daylight,03 - P.D. only,02 - Angle,Centretown
8158,ASPEN VILLAGE CIRC btwn CUMORAH DR & CUMORAH DR,380772.3012,5035040.527,-75.52870736,45.45116469,2014-06-23,0:15,02 - Rain,02 - Wet,10 - No control,01 - Non intersection,07 - Dark,03 - P.D. only,06 - SMV unattended vehicle,Orleans Village - Chateauneuf
8159,ST. PATRICK ST btwn PARENT AVE & DALHOUSIE ST,367934.4779,5032629.207,-75.69312798,45.43074619,2014-07-03,18:30,01 - Clear,01 - Dry,10 - No control,01 - Non intersection,01 - Daylight,03 - P.D. only,03 - Rear end,Byward Market
8160,MERNER AVE btwn KENNEVALE DR & ARMADALE CRES,361977.4191,5014314.482,-75.77137142,45.26646374,2014-07-01,22:30,01 - Clear,01 - Dry,10 - No control,01 - Non intersection,07 - Dark,03 - P.D. only,06 - SMV unattended vehicle,Barrhaven West - Old Barrhaven
8161,KING EDWARD AVE @ STEWART ST,368634.2074,5032206.34,-75.68424101,45.42687787,2014-07-02,13:27,01 - Clear,01 - Dry,01 - Traffic signal,03 - At intersection,01 - Daylight,03 - P.D. only,02 - Angle,Sandy Hill
8162,ELGIN ST btwn SOMERSET ST W & MACLAREN ST,368203.1367,5031135.954,-75.68988701,45.41728611,2014-06-21,14:53,01 - Clear,01 - Dry,10 - No control,01 - Non intersection,01 - Daylight,03 - P.D. only,06 - SMV unattended vehicle,Centretown
8163,WILHAVEN DR btwn EMMETT RD & BECKETT'S CREEK RD,394535.5746,5041332.767,-75.35162962,45.50614222,2014-06-14,15:39,01 - Clear,01 - Dry,10 - No control,04 - At/near private drive,01 - Daylight,03 - P.D. only,07 - SMV other,Cumberland - Estates
8164,BEATRICE DR @ STRANDHERD DR,365525.9552,5015320.534,-75.72603237,45.27521875,2014-06-25,16:05,01 - Clear,01 - Dry,01 - Traffic signal,03 - At intersection,01 - Daylight,03 - P.D. only,05 - Turning movement,New Barrhaven
8165,LAURIER AVE @ WALLER ST/TRANSITWAY,368452.9124,5031858.781,-75.68660252,45.42376718,2014-06-11,12:54,02 - Rain,02 - Wet,01 - Traffic signal,03 - At intersection,01 - Daylight,03 - P.D. only,04 - Sideswipe,Sandy Hill
8166,GLADSTONE AVE btwn KENT ST & BANK ST,367907.5809,5030555.219,-75.69373736,45.41208757,2014-06-20,11:03,01 - Clear,01 - Dry,10 - No control,04 - At/near private drive,01 - Daylight,03 - P.D. only,05 - Turning movement,Centretown
8167,MCBEAN ST @ STRACHAN ST,357159.0958,5005791.339,-75.83366506,45.19014553,2014-07-11,18:39,01 - Clear,01 - Dry,02 - Stop sign,03 - At intersection,01 - Daylight,03 - P.D. only,05 - Turning movement,Richmond
8168,MEADOWLANDS DR @ MERIVALE RD,364858.1929,5023725.764,-75.73352356,45.35090574,2014-07-11,23:53,01 - Clear,01 - Dry,01 - Traffic signal,03 - At intersection,07 - Dark,03 - P.D. only,05 - Turning movement,Cityview - Skyline - Fisher Heights
8169,MONTREAL RD @ BATHGATE DR/BURMA RD,373224.7224,5034516.846,-75.62526274,45.44723261,2014-07-01,17:13,01 - Clear,01 - Dry,01 - Traffic signal,03 - At intersection,01 - Daylight,03 - P.D. only,02 - Angle,Carson Grove - Carson Meadows
8170,HOG'S BACK RD btwn COLONEL BY DR & RIVERSIDE DR,367867.4376,5026063.782,-75.69482426,45.37167851,2014-07-05,9:23,01 - Clear,01 - Dry,10 - No control,04 - At/near private drive,01 - Daylight,03 - P.D. only,05 - Turning movement,Riverside Park
8171,No Location Given - Posted for Statstical Purposes,365117.9268,5032211.986,-75.72917185,45.42724074,2014-09-05,15:20,02 - Rain,02 - Wet,10 - No control,01 - Non intersection,01 - Daylight,03 - P.D. only,07 - SMV other,District de Hull
8172,MART CIRC btwn ST. LAURENT BLVD & JARDIN PRIV,371100.4502,5035062.054,-75.65234278,45.45234287,2014-06-19,6:27,01 - Clear,01 - Dry,10 - No control,01 - Non intersection,01 - Daylight,03 - P.D. only,06 - SMV unattended vehicle,Manor Park
8173,WILTON CRES btwn RALPH ST & OAKLAND AVE,368335.1762,5028957.569,-75.68848081,45.39767373,2014-06-21,12:00,01 - Clear,01 - Dry,10 - No control,01 - Non intersection,01 - Daylight,03 - P.D. only,06 - SMV unattended vehicle,The Glebe
8174,KENT ST btwn GILMOUR ST & JAMES ST,367649.7609,5030611.844,-75.69702372,45.41262026,2014-06-25,13:37,01 - Clear,01 - Dry,10 - No control,01 - Non intersection,01 - Daylight,03 - P.D. only,04 - Sideswipe,Centretown
8175,BANK ST btwn SPRINGHILL RD & DALMENY RD,385185.4829,5006121.884,-75.47698807,45.19048201,2014-06-25,8:04,01 - Clear,01 - Dry,10 - No control,01 - Non intersection,01 - Daylight,03 - P.D. only,05 - Turning movement,Metcalfe
8176,OLD SECOND LINE RD @ TERRY FOX DR,348795.2,5022408.413,-75.93862864,45.34024358,2014-06-25,8:22,01 - Clear,01 - Dry,01 - Traffic signal,02 - Intersection related,01 - Daylight,03 - P.D. only,03 - Rear end,South March