Record,Location,X,Y,lon,lat,Date,Time,Environment,Road_Surface,Traffic_Control,Collision_Location,Light,Collision_Classification,Impact_type,Neighborhood
8177,MERIVALE RD @ CAPILANO DR/WITHROW AVE,364642.2508,5024228.41,-75.73621838,45.35544694,2014-06-27,18:17,01 - Clear,01 - Dry,01 - Traffic signal,03 - At intersection,01 - Daylight,03 - P.D. only,05 - Turning movement,Cityview - Skyline - Fisher Heights
8178,WADE CRT btwn CRAIG HENRY DR & END,361255.1345,5021476.846,-75.77975948,45.33096934,2014-06-27,21:30,01 - Clear,01 - Dry,10 - No control,04 - At/near private drive,07 - Dark,03 - P.D. only,06 - SMV unattended vehicle,Woodvale - Craig Henry - Manordale - Estates of Arlington Wo
8179,ST. LAURENT BLVD btwn PLEASANT PARK RD & CONNERY AVE,373605.7848,5028774.697,-75.62119379,45.39553023,2014-06-28,21:15,01 - Clear,01 - Dry,10 - No control,04 - At/near private drive,05 - Dusk,03 - P.D. only,05 - Turning movement,Urbandale
8180,STRANDHERD @ KENNEVALE DR,361490.4382,5014099.549,-75.77760119,45.26456918,2014-06-23,17:05,01 - Clear,01 - Dry,01 - Traffic signal,02 - Intersection related,01 - Daylight,03 - P.D. only,03 - Rear end,Munster Hamlet - Richmond
8181,MARCH RD btwn MURPHY CRT & MAXWELL RD,347970.019,5025478.377,-75.94888925,45.36791915,2014-06-23,5:55,01 - Clear,01 - Dry,10 - No control,01 - Non intersection,01 - Daylight,03 - P.D. only,07 - SMV other,Carp - Hardwood Plains
8182,KANATA RD @ LORD BYNG WAY/MARITIME WAY,351429.1492,5019331.903,-75.9053114,45.31239033,2014-06-24,12:27,02 - Rain,02 - Wet,01 - Traffic signal,02 - Intersection related,01 - Daylight,03 - P.D. only,03 - Rear end,Kanata
8183,FROBISHER LANE W @ RIVERSIDE DR,370118.1015,5029600.266,-75.66562522,45.40329243,2014-06-24,13:20,02 - Rain,02 - Wet,01 - Traffic signal,02 - Intersection related,01 - Daylight,03 - P.D. only,03 - Rear end,Industrial Park
8184,TERRY FOX DR @ PALLADIUM DR/KATIMAVIK RD,351270.1919,5018182.723,-75.90744632,45.30206025,2014-07-02,23:30,01 - Clear,01 - Dry,01 - Traffic signal,02 - Intersection related,07 - Dark,03 - P.D. only,05 - Turning movement,Katimavik - Hazeldean
8185,SUSSEX DR btwn 151 W OF KING EDWARD AVE/L.B. PEARSON BUILDING & RAMP,367620.2127,5033403.948,-75.6970451,45.43774534,2014-07-04,16:28,01 - Clear,08 - Loose sand or gravel,10 - No control,01 - Non intersection,01 - Daylight,03 - P.D. only,03 - Rear end,Byward Market - Parliament Hill
8186,BANK ST @ SOMERSET ST,367694.1075,5030915.907,-75.6964184,45.41535214,2014-07-02,17:21,01 - Clear,01 - Dry,01 - Traffic signal,02 - Intersection related,01 - Daylight,03 - P.D. only,03 - Rear end,Centretown
8187,MCARTHUR AVE @ VANIER PKWY,370218.8557,5032691.38,-75.66392796,45.43109565,2014-07-02,17:22,01 - Clear,01 - Dry,01 - Traffic signal,02 - Intersection related,01 - Daylight,03 - P.D. only,03 - Rear end,Vanier South
8188,MCCARTHY RD @ WALKLEY RD,369250.7312,5025300.776,-75.67726523,45.36468735,2014-06-22,15:28,01 - Clear,01 - Dry,01 - Traffic signal,03 - At intersection,01 - Daylight,03 - P.D. only,05 - Turning movement,Riverside Park
8189,BASELINE RD/HERON RD @ PRINCE OF WALES DR,366874.8942,5026438.889,-75.70744759,45.37514226,2014-06-26,14:10,01 - Clear,01 - Dry,01 - Traffic signal,02 - Intersection related,01 - Daylight,03 - P.D. only,04 - Sideswipe,Civic Hospital - Experimental Farm - Central Park
8190,DONALD ST @ ST. LAURENT BLVD,372092.2911,5032470.689,-75.64001774,45.42893222,2014-06-27,9:38,01 - Clear,01 - Dry,01 - Traffic signal,03 - At intersection,01 - Daylight,03 - P.D. only,04 - Sideswipe,Overbrook
8191,PARKDALE AVE/SPENCER ST @ OXFORD ST,365059.6284,5029474.365,-75.73025154,45.40261332,2014-06-21,14:57,01 - Clear,01 - Dry,02 - Stop sign,03 - At intersection,01 - Daylight,03 - P.D. only,02 - Angle,Islan
8192,REGIONAL ROAD 174 btwn HIGHWAY 417 & HWY417 IC113 RAMP65,373333.7564,5031732.88,-75.62425656,45.42217324,2014-03-15,5:20,02 - Rain,02 - Wet,10 - No control,01 - Non intersection,07 - Dark,03 - P.D. only,07 - SMV other,Pineview
8193,LAURIER AVE   W btwn METCALFE ST & ELGIN ST,367914.9758,5031528.404,-75.69351825,45.4208433,2014-05-07,21:28,01 - Clear,01 - Dry,10 - No control,01 - Non intersection,07 - Dark,03 - P.D. only,03 - Rear end,Downtown
8194,ELGIN ST btwn COOPER ST & SOMERSET ST W,368160.1459,5031206.43,-75.69042719,45.41792413,2014-07-01,23:41,01 - Clear,01 - Dry,10 - No control,01 - Non intersection,07 - Dark,03 - P.D. only,03 - Rear end,Centretown
8195,FALLOWFIELD RD btwn ASHDALE AVE & PRINCE OF WALES DR,367357.1245,5019139.347,-75.70221426,45.30941949,2014-07-02,18:00,01 - Clear,01 - Dry,10 - No control,01 - Non intersection,01 - Daylight,03 - P.D. only,05 - Turning movement,Greenbelt
8196,STITTSVILLE MAIN ST btwn WARNER COLPITTS LANE & MULKINS ST,349938.3806,5013717.698,-75.92483384,45.26196934,2014-07-05,23:57,01 - Clear,01 - Dry,10 - No control,04 - At/near private drive,07 - Dark,03 - P.D. only,02 - Angle,Stittsville
8197,LAURIER AVE @ NICHOLAS ST,368375.0588,5031798.27,-75.68760509,45.42322981,2014-06-22,8:52,01 - Clear,01 - Dry,01 - Traffic signal,03 - At intersection,01 - Daylight,03 - P.D. only,05 - Turning movement,Sandy Hill
8198,EAGLESON RD @ COPE DR/CADENCE GT,354620.1484,5016028.375,-75.86494907,45.28244538,2014-06-22,9:30,01 - Clear,01 - Dry,01 - Traffic signal,02 - Intersection related,01 - Daylight,03 - P.D. only,03 - Rear end,Bridlewood - Emerald Meadows
8199,RIVER RD btwn LORNE BRIDGE RD & ROGER STEVENS DR,373088.691,5002542.774,-75.63140621,45.15955264,2014-06-28,0:12,01 - Clear,01 - Dry,10 - No control,01 - Non intersection,07 - Dark,03 - P.D. only,07 - SMV other,Kars - Osgoode
8200,BASELINE RD @ CORDOVA ST,363594.1621,5024410.474,-75.74957258,45.3571738,2014-07-02,16:45,01 - Clear,01 - Dry,01 - Traffic signal,03 - At intersection,01 - Daylight,03 - P.D. only,03 - Rear end,Braemar Park - Bel Air Heights - Copeland Park
8201,HAZELDEAN RD @ TERRY FOX DR,352209.0328,5017240.555,-75.89556565,45.29351965,2014-06-25,8:30,01 - Clear,01 - Dry,01 - Traffic signal,02 - Intersection related,01 - Daylight,03 - P.D. only,03 - Rear end,Glen Cairn - Kanata South Business Park
8202,NICHOLAS ST SB btwn RAMP & LAURIER AVE E,368330.5446,5031875.958,-75.68816384,45.42393286,2014-06-25,9:13,01 - Clear,01 - Dry,10 - No control,01 - Non intersection,01 - Daylight,03 - P.D. only,03 - Rear end,Sandy Hill
8203,POND ST @ WHITEMARL DR,370139.2116,5034908.863,-75.66465133,45.45105505,2014-06-27,17:30,01 - Clear,01 - Dry,03 - Yield sign,03 - At intersection,01 - Daylight,03 - P.D. only,02 - Angle,Rockcliffe - Manor Park
8204,TERRY FOX DR btwn COPE DR & TRANS CANADA TRAIL,353938.9685,5015362.798,-75.87369735,45.2765043,2014-06-27,19:08,01 - Clear,01 - Dry,10 - No control,01 - Non intersection,01 - Daylight,03 - P.D. only,03 - Rear end,Glen Cairn - Kanata South Business Park
8205,BRONSON AVE @ IMPERIAL AVE/PLYMOUTH ST,367318.1963,5029643.298,-75.70138224,45.40393527,2014-06-29,0:10,01 - Clear,01 - Dry,10 - No control,03 - At intersection,07 - Dark,03 - P.D. only,05 - Turning movement,Centretown West
8206,SLACK RD btwn TURN LANE & VAAN DR,364761.3823,5020274.706,-75.73517711,45.31986178,2014-06-29,3:40,01 - Clear,01 - Dry,10 - No control,01 - Non intersection,07 - Dark,03 - P.D. only,07 - SMV other,Merivale Gardens - Grenfell Glen - Pineglen - Country Place
8207,HAWTHORNE RD/RUSSELL RD @ WALKLEY RD,374675.2178,5028499.541,-75.60757532,45.39294861,2014-06-23,17:39,01 - Clear,01 - Dry,01 - Traffic signal,02 - Intersection related,01 - Daylight,03 - P.D. only,04 - Sideswipe,Sheffield Glen
8208,INNES RD btwn PRESTWICK DR & TENTH LINE RD,383771.9905,5036088.472,-75.49019445,45.46026064,2014-06-23,19:33,01 - Clear,01 - Dry,10 - No control,04 - At/near private drive,01 - Daylight,03 - P.D. only,02 - Angle,Queenswood Heights
8209,ST. JOSEPH BLVD @ 193 E OF PLACE D'ORLEAN-W/PL,381759.4613,5037806.903,-75.51565546,45.47594621,2014-06-24,12:35,02 - Rain,02 - Wet,01 - Traffic signal,02 - Intersection related,01 - Daylight,03 - P.D. only,03 - Rear end,Industrial Park
8210,COVENTRY RD btwn ARCOLA PRIV & LOLA ST,371113.0258,5031600.439,-75.65264833,45.42119562,2014-06-24,13:14,02 - Rain,02 - Wet,10 - No control,04 - At/near private drive,01 - Daylight,03 - P.D. only,02 - Angle,Overbrook
8211,MONTREAL RD @ VANIER PKWY,370073.1837,5033067.488,-75.66573963,45.43449332,2014-06-24,15:00,02 - Rain,02 - Wet,01 - Traffic signal,02 - Intersection related,01 - Daylight,03 - P.D. only,04 - Sideswipe,Vanier
8212,TOMPKINS AVE btwn LEFEBVRE WAY & TENTH LINE RD,383074.059,5037936.383,-75.49882313,45.47696503,2014-06-24,17:54,02 - Rain,02 - Wet,10 - No control,04 - At/near private drive,01 - Daylight,03 - P.D. only,03 - Rear end,Queenswood Heights
8213,CATHERINE ST/HWY 417 O'CONN IC119BR76 @ O'CONN,368243.883,5030392.883,-75.68946209,45.41059651,2014-07-06,22:47,02 - Rain,02 - Wet,01 - Traffic signal,03 - At intersection,07 - Dark,03 - P.D. only,04 - Sideswipe,Centretown
8214,GRASSY PLAINS DR @ EAGLEVIEW ST/MEADOWBREEZE D,355500.9116,5015496.703,-75.85377712,45.27759831,2014-06-25,15:00,01 - Clear,01 - Dry,02 - Stop sign,03 - At intersection,01 - Daylight,03 - P.D. only,02 - Angle,Bridlewood - Emerald Meadows
8215,ELGIN ST @ SLATER ST,367890.3069,5031646.316,-75.69381834,45.42190646,2014-06-29,15:54,01 - Clear,01 - Dry,01 - Traffic signal,02 - Intersection related,01 - Daylight,03 - P.D. only,07 - SMV other,Downtown
8216,KING EDWARD AVE SB btwn YORK ST & GEORGE ST,368396.2955,5032587.701,-75.68723181,45.43033089,2014-06-25,8:08,01 - Clear,01 - Dry,10 - No control,01 - Non intersection,01 - Daylight,03 - P.D. only,03 - Rear end,Byward Market
8217,BARTON ST btwn AYLMER AVE & WOODBINE PL,368549.601,5028568.827,-75.68579253,45.39415646,2014-06-25,0:00,01 - Clear,01 - Dry,10 - No control,01 - Non intersection,00 - Unknown,03 - P.D. only,06 - SMV unattended vehicle,Old Ottawa South
8218,CUMBERLAND ST @ ST. PATRICK ST,368129.1786,5032751.425,-75.69062419,45.43182826,2014-06-06,18:44,01 - Clear,01 - Dry,01 - Traffic signal,03 - At intersection,01 - Daylight,03 - P.D. only,02 - Angle,Byward Market
8219,STRANDHERD DR @ LONGFIELDS DR,364549.3175,5015173.578,-75.73849644,45.27398011,2014-07-02,21:29,01 - Clear,02 - Wet,01 - Traffic signal,03 - At intersection,07 - Dark,03 - P.D. only,02 - Angle,New Barrhaven
8220,INNES RD @ ORLEANS BLVD,380460.9136,5034296.877,-75.53280219,45.44450767,2014-07-06,14:27,01 - Clear,01 - Dry,01 - Traffic signal,02 - Intersection related,01 - Daylight,03 - P.D. only,02 - Angle,Orleans Village - Chateauneuf
8221,CAMPEAU DR @ KANATA AVE,350594.536,5019402.608,-75.91594861,45.31308148,2014-07-06,17:05,01 - Clear,01 - Dry,01 - Traffic signal,02 - Intersection related,01 - Daylight,03 - P.D. only,07 - SMV other,Kanata Lakes - Marchwood Lakeside - Morgan's Grant - Kanata
8222,TERRY FOX DR btwn COPE DR & TRANS CANADA TRAIL,353425.7737,5015799.81,-75.8801951,45.28047233,2014-06-22,10:48,01 - Clear,01 - Dry,10 - No control,01 - Non intersection,01 - Daylight,03 - P.D. only,03 - Rear end,Glen Cairn - Kanata South Business Park
8223,FRANKTOWN RD btwn CONLEY RD & JOY'S RD,353748.5402,5003488.417,-75.87729192,45.16966787,2014-06-22,10:20,01 - Clear,01 - Dry,10 - No control,01 - Non intersection,01 - Daylight,03 - P.D. only,07 - SMV other,Munster Hamlet - Richmond
8224,STITTSVILLE MAIN ST @ HAZELDEAN RD,349556.9763,5014879.665,-75.92958885,45.2724495,2014-07-04,13:40,01 - Clear,01 - Dry,01 - Traffic signal,03 - At intersection,01 - Daylight,03 - P.D. only,04 - Sideswipe,Stittsville
8225,HAMILTON AVE   S btwn KENILWORTH ST & RUSKIN ST,365420.8058,5028440.423,-75.72576539,45.39327896,2014-07-06,11:30,01 - Clear,01 - Dry,10 - No control,01 - Non intersection,01 - Daylight,03 - P.D. only,06 - SMV unattended vehicle,Civic Hospital - Experimental Farm - Central Park
8226,DUNDONALD DR @ GREENBANK RD,365090.6441,5012122.311,-75.73196813,45.24647859,2014-06-24,13:00,02 - Rain,02 - Wet,02 - Stop sign,03 - At intersection,01 - Daylight,03 - P.D. only,05 - Turning movement,New Barrhaven
8227,PRINCE OF WALES DR @ WEST HUNT CLUB RD,367459.1842,5021890.555,-75.70056474,45.33416532,2014-06-24,6:45,01 - Clear,01 - Dry,01 - Traffic signal,02 - Intersection related,01 - Daylight,03 - P.D. only,04 - Sideswipe,Industrial Park
8228,CONROY RD btwn THURSTON DR & JOHNSTON RD,373295.8323,5026557.825,-75.62545976,45.37561417,2014-06-27,19:15,01 - Clear,01 - Dry,10 - No control,04 - At/near private drive,01 - Daylight,03 - P.D. only,05 - Turning movement,Industrial Park
8229,ST. ANTHONY ST btwn PRESTON ST & END,366511.3403,5029541.185,-75.71170094,45.40308808,2014-06-27,23:51,01 - Clear,01 - Dry,10 - No control,01 - Non intersection,07 - Dark,03 - P.D. only,06 - SMV unattended vehicle,Little Italy
8230,UPPER DWYER HILL RD btwn OLD ALMONTE RD & HAMILTON SIDE RD,337926.0759,5009987.321,-76.07814167,45.22906944,2014-06-28,11:16,01 - Clear,01 - Dry,10 - No control,01 - Non intersection,01 - Daylight,03 - P.D. only,07 - SMV other,Carp - Hardwood Plains
8231,REYNOLDS DR btwn ST. GEORGES ST & WARDEN AVE,382794.9471,5037426.049,-75.50247362,45.47240474,2014-06-28,13:10,01 - Clear,01 - Dry,10 - No control,04 - At/near private drive,01 - Daylight,03 - P.D. only,06 - SMV unattended vehicle,Queenswood Heights
8232,VANIER PKWY NB btwn RIVERSIDE DR & HWY417 IC117 RAMP26,370814.1664,5031203.542,-75.65651993,45.41765277,2014-04-29,12:00,01 - Clear,01 - Dry,10 - No control,07 - Overpass or bridge,01 - Daylight,03 - P.D. only,03 - Rear end,Industrial Park
8233,STRANDHERD DR @ CEDARVIEW RD/TARTAN DR,362290.7387,5013545.408,-75.76746803,45.25951802,2014-06-24,18:43,02 - Rain,02 - Wet,01 - Traffic signal,02 - Intersection related,01 - Daylight,03 - P.D. only,03 - Rear end,New Barrhaven
8234,ELGIN ST btwn COOPER ST & SOMERSET ST W,368154.756,5031210.894,-75.69049548,45.41796478,2014-06-24,20:59,02 - Rain,02 - Wet,10 - No control,01 - Non intersection,05 - Dusk,03 - P.D. only,04 - Sideswipe,Centretown
8235,BANK ST btwn FOURTH AVE & FIFTH AVE,368372.279,5029466.173,-75.6879414,45.40224662,2014-07-08,11:45,01 - Clear,01 - Dry,10 - No control,01 - Non intersection,01 - Daylight,03 - P.D. only,04 - Sideswipe,The Glebe
8236,BLAIR RD btwn OR174 IC112 RAMP26 & OR174 IC112 RAMP52,374778.1023,5032819.212,-75.6056482,45.43180447,2014-07-08,16:24,02 - Rain,02 - Wet,10 - No control,07 - Overpass or bridge,01 - Daylight,03 - P.D. only,03 - Rear end,Pineview
8237,COVENTRY RD @ LOLA ST,371263.7176,5031614.825,-75.65072105,45.42131076,2014-07-05,12:15,01 - Clear,01 - Dry,01 - Traffic signal,02 - Intersection related,01 - Daylight,03 - P.D. only,03 - Rear end,Overbrook
8238,KIRKWOOD AVE @ LYMAN ST,363805.1623,5028573.558,-75.74638227,45.39461489,2014-07-08,18:42,02 - Rain,02 - Wet,02 - Stop sign,02 - Intersection related,01 - Daylight,03 - P.D. only,04 - Sideswipe,Westboro
8239,AIRPORT PKWY btwn RAMP & AIRPORT PKWY (2),370828.9209,5024050.02,-75.65728837,45.35328656,2014-06-25,16:14,01 - Clear,01 - Dry,10 - No control,01 - Non intersection,01 - Daylight,03 - P.D. only,03 - Rear end,Hunt Club East - Western Community
8240,APOLLO WAY btwn TUPELLO WAY & ORFORD CRES (2),383747.9227,5037720.62,-75.49023998,45.47494793,2014-04-17,12:44,01 - Clear,01 - Dry,10 - No control,04 - At/near private drive,01 - Daylight,03 - P.D. only,05 - Turning movement,Fallingbrook
8241,MAIN ST btwn LEES AVE & EVELYN AVE,369009.3078,5030542.043,-75.67966485,45.4118688,2014-06-25,16:00,01 - Clear,01 - Dry,10 - No control,04 - At/near private drive,01 - Daylight,03 - P.D. only,02 - Angle,Old Ottawa East
8242,MONTREAL RD @ ST. LAURENT BLVD,371548.0726,5033818.543,-75.64678922,45.44111174,2014-06-07,10:26,01 - Clear,01 - Dry,01 - Traffic signal,02 - Intersection related,01 - Daylight,03 - P.D. only,03 - Rear end,Cummings
8243,ALBION RD @ HUNT CLUB RD,371868.2407,5024320.771,-75.64398853,45.35562405,2014-06-10,14:52,01 - Clear,01 - Dry,01 - Traffic signal,02 - Intersection related,01 - Daylight,03 - P.D. only,03 - Rear end,South Keys - Heron Gate - Greenboro West
8244,WEST HUNT CLUB RD @ CLEOPATRA DR/LANCELOT DR,365234.588,5021732.167,-75.7289639,45.33293528,2014-07-03,7:40,01 - Clear,01 - Dry,01 - Traffic signal,03 - At intersection,01 - Daylight,03 - P.D. only,05 - Turning movement,Tanglewood
8245,BELCOURT BLVD @ ST. JOSEPH BLVD,381205.2472,5037359.357,-75.52281266,45.47198043,2014-07-07,10:29,01 - Clear,01 - Dry,01 - Traffic signal,03 - At intersection,01 - Daylight,03 - P.D. only,05 - Turning movement,Orleans Village - Chateauneuf
8246,CAHILL DR    W btwn UPLANDS DR & TWYFORD ST,370161.2325,5023316.223,-75.665906,45.34674662,2014-07-07,18:10,01 - Clear,01 - Dry,10 - No control,01 - Non intersection,01 - Daylight,03 - P.D. only,04 - Sideswipe,Hunt Club East - Western Community
8247,BRONSON AVE btwn RENFREW AVE & POWELL AVE,367358.815,5029545.57,-75.70087582,45.40305232,2014-07-08,14:23,01 - Clear,01 - Dry,10 - No control,01 - Non intersection,01 - Daylight,03 - P.D. only,03 - Rear end,Centretown West
8248,HAZELDEAN RD @ TERRY FOX DR,352209.9807,5017242.451,-75.89555339,45.29353665,2014-06-25,9:00,01 - Clear,01 - Dry,01 - Traffic signal,02 - Intersection related,01 - Daylight,03 - P.D. only,03 - Rear end,Glen Cairn - Kanata South Business Park
8249,FOUNTAINHEAD DR @ FELICITY CRES,381858.1338,5032118.814,-75.51528461,45.42475856,2014-03-27,16:59,01 - Clear,01 - Dry,02 - Stop sign,03 - At intersection,01 - Daylight,03 - P.D. only,02 - Angle,Chapel Hill South
8250,MERIVALE RD @ WEST HUNT CLUB RD,365612.1882,5021942.752,-75.72412097,45.33479748,2014-04-30,13:26,02 - Rain,02 - Wet,01 - Traffic signal,02 - Intersection related,01 - Daylight,03 - P.D. only,04 - Sideswipe,Tanglewood
8251,COOPER ST @ KENT ST,367480.3349,5030889.562,-75.6991528,45.41513428,2014-06-28,18:35,01 - Clear,01 - Dry,02 - Stop sign,02 - Intersection related,01 - Daylight,03 - P.D. only,99 - Other,Centretown
8252,RUSSELL AVE btwn LAURIER AVE E & OSGOODE ST,369048.6112,5032201.362,-75.67894639,45.42679514,2014-05-25,13:05,01 - Clear,01 - Dry,10 - No control,01 - Non intersection,01 - Daylight,03 - P.D. only,06 - SMV unattended vehicle,Sandy Hill
8253,BRONSON AVE @ SUNNYSIDE AVE/UNIVERSITY RD - CA,367921.2883,5028092.495,-75.69387745,45.38992748,2014-05-23,14:05,02 - Rain,02 - Wet,01 - Traffic signal,02 - Intersection related,01 - Daylight,03 - P.D. only,03 - Rear end,Carleto
8254,CHURCHILL AVE   N btwn RAVENHILL AVE & KENWOOD AVE,363319.7849,5028079.468,-75.75263961,45.39020988,2014-05-29,9:30,01 - Clear,08 - Loose sand or gravel,10 - No control,01 - Non intersection,01 - Daylight,03 - P.D. only,07 - SMV other,Westboro
8255,COLONEL BY DR/SUSSEX DR @ RIDEAU ST,367921.8777,5032044.791,-75.6933639,45.42548896,2014-06-24,21:41,02 - Rain,02 - Wet,01 - Traffic signal,02 - Intersection related,07 - Dark,03 - P.D. only,07 - SMV other,Byward Market - Parliament Hill
8256,DONALD ST btwn NORTH RIVER RD & MARGUERITE AVE,369982.926,5032233.342,-75.66700351,45.42699644,2014-07-10,17:34,01 - Clear,01 - Dry,10 - No control,01 - Non intersection,01 - Daylight,03 - P.D. only,05 - Turning movement,Overbrook
8257,GLADSTONE AVE @ METCALFE ST,368231.2187,5030751.329,-75.68957774,45.41382284,2014-07-10,18:00,01 - Clear,01 - Dry,01 - Traffic signal,03 - At intersection,01 - Daylight,03 - P.D. only,02 - Angle,Centretown
8258,BASELINE RD @ GREENBANK RD,360597.6843,5022585.768,-75.78802137,45.341,2014-07-09,21:50,01 - Clear,01 - Dry,01 - Traffic signal,02 - Intersection related,07 - Dark,03 - P.D. only,03 - Rear end,Qualicum - Redwood Park
8259,NORTH BLUFF DR/OWLS CABIN AVE @ SPRATT RD,369300.8101,5016556.927,-75.67776504,45.2860075,2014-07-03,19:49,01 - Clear,01 - Dry,02 - Stop sign,03 - At intersection,01 - Daylight,03 - P.D. only,02 - Angle,Gloucester
8260,DYLAN WAY @ LEIKIN DR,366779.6298,5016801.737,-75.7098705,45.28843712,2014-06-25,17:32,01 - Clear,01 - Dry,02 - Stop sign,03 - At intersection,01 - Daylight,03 - P.D. only,05 - Turning movement,Chapman Mills - Rideau Crest - Davidson Heights
8261,BANK ST btwn ALTA VISTA DR & WALKLEY RD,370325.0558,5025978.067,-75.66346276,45.3706818,2014-06-25,20:34,01 - Clear,01 - Dry,10 - No control,04 - At/near private drive,05 - Dusk,03 - P.D. only,02 - Angle,Ledbury - Heron Gate - Ridgemont - Elmwood
8262,PALLADIUM DR @ SILVER SEVEN RD,351050.4175,5017888.717,-75.910276,45.29942921,2014-06-26,16:41,01 - Clear,01 - Dry,01 - Traffic signal,02 - Intersection related,01 - Daylight,03 - P.D. only,03 - Rear end,Katimavik - Hazeldean
8263,BRONSON AVE @ IMPERIAL AVE/PLYMOUTH ST,367317.2815,5029641.656,-75.70139413,45.40392058,2014-06-26,12:58,01 - Clear,01 - Dry,10 - No control,02 - Intersection related,01 - Daylight,03 - P.D. only,03 - Rear end,Centretown West
8264,FRANK ST @ O'CONNOR ST,368051.7067,5030698.334,-75.69187783,45.41336226,2014-06-20,17:06,01 - Clear,01 - Dry,02 - Stop sign,03 - At intersection,01 - Daylight,03 - P.D. only,02 - Angle,Centretown
8265,MERIVALE RD @ 110 S OF BURRIS LANE/LOBLAWS SC,364814.8149,5024953.229,-75.7339281,45.36195401,2014-07-03,16:52,01 - Clear,01 - Dry,01 - Traffic signal,03 - At intersection,01 - Daylight,03 - P.D. only,02 - Angle,Cityview - Skyline - Fisher Heights
8266,ST. JOSEPH BLVD @ TENTH LINE RD,382889.9744,5038666.453,-75.50106125,45.48355416,2014-07-13,11:15,02 - Rain,02 - Wet,01 - Traffic signal,02 - Intersection related,01 - Daylight,03 - P.D. only,03 - Rear end,Industrial Park
8267,IRIS ST @ WOODROFFE AVE,362282.6921,5024442.28,-75.76630662,45.35756873,2014-04-03,11:31,01 - Clear,01 - Dry,01 - Traffic signal,03 - At intersection,01 - Daylight,03 - P.D. only,02 - Angle,Iris
8268,SUSSEX DR btwn LADY GREY DR & 151 W OF KING EDWARD AVE/L.B. PEARSON BU,367509.5977,5033139.588,-75.6984925,45.43537665,2014-07-08,0:19,01 - Clear,01 - Dry,10 - No control,01 - Non intersection,07 - Dark,03 - P.D. only,07 - SMV other,Lower Town
8269,CONSTANCE BAY RD btwn MONTY DR & ALLBIRCH RD,337715.5256,5038152.844,-76.07894756,45.48252454,2014-06-03,18:26,01 - Clear,01 - Dry,10 - No control,01 - Non intersection,01 - Daylight,03 - P.D. only,07 - SMV other,Constanc
8270,WILHAVEN DR btwn MILLBURN CRES & MILLBURN CRES,389988.5374,5040546.961,-75.40994485,45.49964261,2014-06-07,6:18,01 - Clear,01 - Dry,10 - No control,01 - Non intersection,01 - Daylight,03 - P.D. only,07 - SMV other,Cumberland - Estates
8271,GREENBANK RD @ WEST HUNT CLUB RD,361478.2552,5020503.427,-75.77702462,45.32219254,2014-06-24,15:00,02 - Rain,02 - Wet,01 - Traffic signal,02 - Intersection related,01 - Daylight,03 - P.D. only,03 - Rear end,Greenbelt
8272,MONTREAL RD @ BETHAMY LANE/FOXBOROUGH PRIV,375321.2517,5034345.576,-75.59848868,45.44548325,2014-06-25,11:33,01 - Clear,01 - Dry,01 - Traffic signal,02 - Intersection related,01 - Daylight,03 - P.D. only,03 - Rear end,Beacon Hill South - Cardinal Heights
8273,WEST HUNT CLUB RD @ 545 E OF ROYDON PL/SUNDERLAND ST,366352.4531,5022407.096,-75.71461934,45.33891103,2014-05-22,15:58,01 - Clear,01 - Dry,01 - Traffic signal,02 - Intersection related,01 - Daylight,03 - P.D. only,03 - Rear end,Industrial Park
8274,No Location Given - Posted for Statstical Purposes,365117.9268,5032211.986,-75.72917185,45.42724074,2014-12-10,20:30,03 - Snow,03 - Loose snow,10 - No control,01 - Non intersection,07 - Dark,03 - P.D. only,07 - SMV other,District de Hull
8275,PAULA CRES btwn BERNADETTE PL & MCCLELLAN RD,360202.9575,5021318.962,-75.79319952,45.32963255,2014-06-20,4:30,01 - Clear,01 - Dry,10 - No control,01 - Non intersection,07 - Dark,03 - P.D. only,06 - SMV unattended vehicle,Sheahan Estates - Trend Village - Arlington Woods
8276,HWY417 IC138 RAMP26 btwn MARCH RD & HIGHWAY 417,352913.9655,5020404.624,-75.88627156,45.32194273,2014-05-27,0:50,01 - Clear,01 - Dry,10 - No control,01 - Non intersection,07 - Dark,03 - P.D. only,07 - SMV other,Greenbelt
8277,HUNT CLUB RD @ DOWNPATRICK RD/MCCARTHY RD,370509.1562,5023401.457,-75.66145519,45.34748102,2014-06-12,15:06,01 - Clear,02 - Wet,01 - Traffic signal,03 - At intersection,01 - Daylight,03 - P.D. only,05 - Turning movement,Hunt Club East - Western Community
8278,RICHMOND RD btwn FALLOWFIELD RD & RUSHMORE RD,358513.2455,5011743.364,-75.81579102,45.24360145,2014-06-30,15:51,01 - Clear,01 - Dry,10 - No control,01 - Non intersection,01 - Daylight,03 - P.D. only,07 - SMV other,Munster Hamlet - Richmond
8279,AIRPORT PKWY btwn RAMP & RAMP (2),368878.0821,5026276.894,-75.68189512,45.37350436,2014-06-26,17:50,01 - Clear,01 - Dry,10 - No control,01 - Non intersection,01 - Daylight,03 - P.D. only,03 - Rear end,Riverside Park
8280,DONALD ST btwn EVE ST & LOLA ST,371078.7873,5032357.811,-75.65298388,45.42801337,2014-07-14,13:30,01 - Clear,01 - Dry,10 - No control,04 - At/near private drive,01 - Daylight,03 - P.D. only,02 - Angle,Vanier South