Record,Location,X,Y,lon,lat,Date,Time,Environment,Road_Surface,Traffic_Control,Collision_Location,Light,Collision_Classification,Impact_type,Neighborhood
8281,GREENBANK RD @ HWY 417 IC129 RAMP57/IRIS ST,360530.8351,5023311.546,-75.78879253,45.34753586,2014-07-14,11:30,01 - Clear,01 - Dry,01 - Traffic signal,02 - Intersection related,01 - Daylight,03 - P.D. only,04 - Sideswipe,Iris
8282,BANTREE ST @ BLACKWELL ST,374450.2208,5029962.313,-75.610242,45.40613233,2014-07-07,7:44,02 - Rain,02 - Wet,02 - Stop sign,03 - At intersection,01 - Daylight,03 - P.D. only,02 - Angle,Industrial Park
8283,CLEMENTINE BLVD @ HERON RD,369547.7208,5026786.789,-75.67327967,45.37803068,2014-06-26,9:09,01 - Clear,01 - Dry,01 - Traffic signal,03 - At intersection,01 - Daylight,03 - P.D. only,05 - Turning movement,Alta Vista
8284,WOODROFFE AVE @ KNOXDALE RD/MEDHURST DR,363420.1638,5021826.487,-75.75209948,45.33393788,2014-05-01,11:43,01 - Clear,01 - Dry,01 - Traffic signal,03 - At intersection,01 - Daylight,03 - P.D. only,05 - Turning movement,Woodvale - Craig Henry - Manordale - Estates of Arlington Wo
8285,DILWORTH RD @ HWY 416 DILWORTH IC42R34,371312.5463,4995053.909,-75.65499078,45.09233707,2014-05-19,0:15,01 - Clear,01 - Dry,02 - Stop sign,03 - At intersection,07 - Dark,03 - P.D. only,07 - SMV other,Manotick - North Gower
8286,ST. LAURENT BLVD @ WALKLEY RD,373903.2571,5028046.602,-75.61749681,45.38894987,2014-06-26,16:18,01 - Clear,01 - Dry,01 - Traffic signal,02 - Intersection related,01 - Daylight,03 - P.D. only,03 - Rear end,Hawthorne Meadows
8287,RICHMOND RD btwn WOODROFFE AVE & LOCKHART AVE,361605.0656,5026682.959,-75.77469733,45.37778542,2014-06-26,16:56,01 - Clear,01 - Dry,10 - No control,04 - At/near private drive,01 - Daylight,03 - P.D. only,05 - Turning movement,Carlingwood - McKellar Park - Laurentien View
8288,LAURIER AVE   W btwn O'CONNOR ST & METCALFE ST,367772.3303,5031440.202,-75.69535206,45.42006254,2014-07-03,7:03,01 - Clear,01 - Dry,10 - No control,04 - At/near private drive,01 - Daylight,03 - P.D. only,05 - Turning movement,Downtown
8289,TRIM RD btwn ST. JOSEPH BLVD & WATTERS RD,384725.5762,5039200.065,-75.47749682,45.48814733,2014-07-04,17:40,01 - Clear,01 - Dry,10 - No control,01 - Non intersection,01 - Daylight,03 - P.D. only,03 - Rear end,Cardinal Creek
8290,PARENT AVE btwn ST. PATRICK ST & MURRAY ST,367855.5957,5032499.971,-75.69415256,45.42959049,2014-07-12,16:30,01 - Clear,01 - Dry,10 - No control,01 - Non intersection,01 - Daylight,03 - P.D. only,06 - SMV unattended vehicle,Byward Market
8291,DALHOUSIE ST @ MURRAY ST,368000.6991,5032573.848,-75.69228885,45.43024211,2014-06-07,23:13,01 - Clear,01 - Dry,01 - Traffic signal,02 - Intersection related,07 - Dark,03 - P.D. only,03 - Rear end,Byward Market
8292,SHEFFIELD RD @ WALKLEY RD,375256.3133,5028787.382,-75.60011356,45.39548023,2014-07-08,16:45,01 - Clear,01 - Dry,01 - Traffic signal,03 - At intersection,01 - Daylight,03 - P.D. only,05 - Turning movement,Industrial Park
8293,O'CONNOR ST btwn SLATER ST & LAURIER AVE W,367586.8139,5031438.254,-75.69772257,45.42006169,2014-06-28,0:00,01 - Clear,01 - Dry,10 - No control,01 - Non intersection,00 - Unknown,03 - P.D. only,06 - SMV unattended vehicle,Downtown
8294,BANK ST btwn RIVERSIDE DR & BILLINGS TRANSIT,369422.8166,5027767.768,-75.67474591,45.38686875,2014-06-25,14:58,01 - Clear,01 - Dry,10 - No control,04 - At/near private drive,01 - Daylight,03 - P.D. only,02 - Angle,Alta Vista
8295,DEERFOX DR btwn AMBERGLEN CRT & APPLEDALE DR,365146.8178,5015516.646,-75.7308403,45.27701601,2014-06-24,18:30,02 - Rain,02 - Wet,10 - No control,01 - Non intersection,01 - Daylight,03 - P.D. only,06 - SMV unattended vehicle,New Barrhaven
8296,SIXTH LINE RD/TORWOOD DR @ THOMAS A. DOLAN PKW,345454.0458,5034182.558,-75.98028919,45.44639166,2014-06-09,18:40,01 - Clear,01 - Dry,02 - Stop sign,02 - Intersection related,01 - Daylight,03 - P.D. only,03 - Rear end,Car
8297,MERIVALE RD @ WEST HUNT CLUB RD,365613.1691,5021940.602,-75.72410872,45.33477805,2014-06-29,13:52,01 - Clear,01 - Dry,01 - Traffic signal,02 - Intersection related,01 - Daylight,03 - P.D. only,03 - Rear end,Industrial Park
8298,AIRPORT PKWY btwn BROOKFIELD RAMP 34 & BROOKFIELD RAMP 52B,368777.7267,5026472.392,-75.68315094,45.37527256,2014-06-12,16:24,02 - Rain,02 - Wet,10 - No control,01 - Non intersection,01 - Daylight,03 - P.D. only,03 - Rear end,Riverside Park
8299,AIRPORT PKWY btwn AIRPORT PKWY/HUNT CLUB RAMP 42 & WALKLEY RD NB RAMP,370664.0256,5024239.491,-75.65936742,45.35500687,2014-06-17,7:46,01 - Clear,01 - Dry,10 - No control,01 - Non intersection,01 - Daylight,03 - P.D. only,03 - Rear end,Hunt Club East - Western Community
8300,CARLING AVE WB btwn HARE AVE & BROMLEY RD,362540.2559,5026236.045,-75.7628098,45.37368769,2014-06-30,16:34,01 - Clear,01 - Dry,10 - No control,01 - Non intersection,01 - Daylight,03 - P.D. only,99 - Other,Carlingwood - McKellar Park - Laurentien View
8301,ST. LAURENT BLVD @ COVENTRY RD/OGILVIE RD,372305.2456,5031950.627,-75.63736781,45.42423243,2014-06-30,16:55,01 - Clear,01 - Dry,01 - Traffic signal,02 - Intersection related,01 - Daylight,03 - P.D. only,03 - Rear end,Overbrook
8302,NICHOLAS ST NB btwn LAURIER AVE E & WALLER ST,368458.4711,5031731.919,-75.68654788,45.42262522,2014-07-15,12:45,01 - Clear,01 - Dry,10 - No control,01 - Non intersection,01 - Daylight,03 - P.D. only,04 - Sideswipe,Sandy Hill
8303,RICHMOND RD @ LYNHAR RD/STAFFORD RD,358138.518,5021085.99,-75.81955971,45.32769619,2014-07-15,17:45,01 - Clear,01 - Dry,01 - Traffic signal,02 - Intersection related,01 - Daylight,03 - P.D. only,03 - Rear end,Bells Corners East
8304,RIVERSIDE DR @ 175 S OF HUNT CLUB  RD/RUNWAY C,368027.0782,5021767.248,-75.69333576,45.33300488,2014-07-07,20:13,01 - Clear,01 - Dry,01 - Traffic signal,03 - At intersection,01 - Daylight,03 - P.D. only,05 - Turning movement,Hunt Club Woods - Quintarra - Revelstoke - Riverside South P
8305,FRANKTOWN RD btwn CONLEY RD & JOY'S RD,353184.9545,5002958.198,-75.88451265,45.16493559,2014-07-08,7:54,01 - Clear,01 - Dry,10 - No control,04 - At/near private drive,01 - Daylight,03 - P.D. only,02 - Angle,Munster Hamlet - Richmond
8306,REGIONAL RD 174 @ TRIM RD,384352.848,5039989.927,-75.48213643,45.49529632,2014-07-02,6:10,01 - Clear,01 - Dry,01 - Traffic signal,02 - Intersection related,01 - Daylight,03 - P.D. only,03 - Rear end,Chatelaine Village
8307,"MONTREAL RD btwn EGLISE, RUE DE L & ST. LAURENT BLVD",371366.2352,5033731.663,-75.64912506,45.44034737,2014-04-23,16:23,01 - Clear,01 - Dry,10 - No control,01 - Non intersection,01 - Daylight,03 - P.D. only,03 - Rear end,Vanier South
8308,MEADOWLANDS DR/TALLWOOD DR @ WOODROFFE AVE,363056.6204,5022730.511,-75.7566309,45.34210251,2014-06-09,8:45,01 - Clear,01 - Dry,01 - Traffic signal,02 - Intersection related,01 - Daylight,03 - P.D. only,03 - Rear end,Crestview - Meadowlands
8309,RIOCAN AVE btwn STRANDHERD DR & MARKETPLACE AVE,364232.189,5014852.424,-75.74257632,45.27111724,2014-06-27,19:00,01 - Clear,01 - Dry,10 - No control,04 - At/near private drive,01 - Daylight,03 - P.D. only,04 - Sideswipe,New Barrhaven
8310,GEORGE ST btwn DALHOUSIE ST & CUMBERLAND ST,368203.325,5032342.713,-75.68972929,45.4281441,2014-06-30,22:05,01 - Clear,01 - Dry,10 - No control,04 - At/near private drive,07 - Dark,03 - P.D. only,06 - SMV unattended vehicle,Byward Market
8311,BRISTOL AVE @ SOUTHERN DR,369204.2405,5028952.441,-75.67738228,45.39754819,2014-07-08,18:00,02 - Rain,02 - Wet,02 - Stop sign,03 - At intersection,01 - Daylight,03 - P.D. only,02 - Angle,Old Ottawa South
8312,TARTAN DR btwn TOWNSEND DR & BIRKETT ST,363187.246,5014531.85,-75.75592998,45.26832024,2014-07-12,1:20,01 - Clear,01 - Dry,10 - No control,01 - Non intersection,07 - Dark,03 - P.D. only,06 - SMV unattended vehicle,Barrhaven West - Old Barrhaven
8313,WOODRIDGE CRES btwn BAYSHORE DR & BAYSHORE PS,358984.7877,5023822.317,-75.80846494,45.35225293,2014-07-11,0:00,01 - Clear,01 - Dry,10 - No control,01 - Non intersection,00 - Unknown,03 - P.D. only,06 - SMV unattended vehicle,Bayshore
8314,ALBION RD    S btwn JOHNSTON RD & END,371463.9287,5025315.166,-75.64901418,45.36460984,2014-07-14,11:30,01 - Clear,01 - Dry,10 - No control,01 - Non intersection,01 - Daylight,03 - P.D. only,06 - SMV unattended vehicle,South Keys - Heron Gate - Greenboro West
8315,REGIONAL ROAD 174 btwn OR174 IC105 RAMP51 & OR174 IC105 RAMP35,379276.7568,5036929.905,-75.54753876,45.46832487,2014-06-22,15:56,01 - Clear,01 - Dry,10 - No control,01 - Non intersection,01 - Daylight,03 - P.D. only,04 - Sideswipe,Greenbelt
8316,ALTA VISTA DR @ SMYTH RD,370432.242,5029083.453,-75.66168159,45.39861296,2014-04-14,8:30,01 - Clear,01 - Dry,01 - Traffic signal,03 - At intersection,01 - Daylight,03 - P.D. only,04 - Sideswipe,Alta Vista
8317,BERNIER TER E @ KAKULU RD E,352419.768,5018652.084,-75.8927435,45.30620668,2014-06-18,16:46,01 - Clear,01 - Dry,02 - Stop sign,02 - Intersection related,01 - Daylight,03 - P.D. only,03 - Rear end,Katimavik - Hazeldean
8318,BOULDER WAY btwn SAFFRON CRT & MOUNTSHANNON DR,364251.9411,5016739.18,-75.74209862,45.2880926,2014-07-01,1:31,01 - Clear,01 - Dry,10 - No control,01 - Non intersection,07 - Dark,03 - P.D. only,06 - SMV unattended vehicle,New Barrhaven
8319,BRONSON AVE @ HWY 417 BRONSON IC121AR51,367287.2906,5029711.506,-75.70176835,45.40455175,2014-06-25,12:30,01 - Clear,01 - Dry,01 - Traffic signal,02 - Intersection related,01 - Daylight,03 - P.D. only,03 - Rear end,Centretown West
8320,RUSSELL RD S @ ST. LAURENT BLVD,373570.3897,5029260.49,-75.62157808,45.39990465,2014-06-18,13:21,01 - Clear,01 - Dry,01 - Traffic signal,02 - Intersection related,01 - Daylight,03 - P.D. only,03 - Rear end,Hawthorne Meadows - Sheffield Glen
8321,BASELINE RD btwn MARSON ST & FISHER AVE,366109.9129,5025990.003,-75.71726942,45.37117063,2014-06-19,20:18,01 - Clear,01 - Dry,10 - No control,01 - Non intersection,01 - Daylight,03 - P.D. only,04 - Sideswipe,Civic Hospital - Experimental Farm - Central Park
8322,CARLING AVE @ KIRKWOOD AVE S,364353.1223,5027338.497,-75.73953335,45.38345565,2014-06-28,7:00,01 - Clear,01 - Dry,01 - Traffic signal,02 - Intersection related,01 - Daylight,03 - P.D. only,04 - Sideswipe,Carlington
8323,MARCH RD btwn SOLANDT RD & STATION RD,350700.2633,5022481.796,-75.9143148,45.34078184,2014-06-29,15:46,01 - Clear,01 - Dry,10 - No control,01 - Non intersection,01 - Daylight,03 - P.D. only,03 - Rear end,South March
8324,MONTREAL RD @ SHEFFORD RD,376123.4684,5034852.988,-75.58816125,45.44996723,2014-06-10,17:05,01 - Clear,01 - Dry,01 - Traffic signal,02 - Intersection related,01 - Daylight,03 - P.D. only,05 - Turning movement,Beacon Hill South - Cardinal Heights
8325,MERIVALE RD btwn WEST HUNT CLUB RD & JAMIE AVE,365670.6999,5021799.617,-75.72339211,45.33350449,2014-06-17,12:15,01 - Clear,01 - Dry,10 - No control,04 - At/near private drive,01 - Daylight,03 - P.D. only,05 - Turning movement,Merivale Gardens - Grenfell Glen - Pineglen - Country Place
8326,LEES AVE @ KING EDWARD AVE/MANN AVE,369179.0685,5031335.269,-75.6773926,45.41899036,2014-06-16,16:20,01 - Clear,01 - Dry,01 - Traffic signal,02 - Intersection related,01 - Daylight,03 - P.D. only,03 - Rear end,Sandy Hill
8327,PARKDALE AVE btwn GRANT ST & WELLINGTON ST W,365140.6959,5029292.357,-75.72923835,45.40096867,2014-06-30,13:10,01 - Clear,01 - Dry,10 - No control,01 - Non intersection,01 - Daylight,03 - P.D. only,04 - Sideswipe,Islan
8328,CARLING AVE @ PINECREST  RD/GREENVIEW AVE,360007.1496,5024630.632,-75.79532773,45.35944639,2014-06-30,19:43,01 - Clear,01 - Dry,01 - Traffic signal,03 - At intersection,01 - Daylight,03 - P.D. only,05 - Turning movement,Whitehaven - Queensway Terrace North
8329,DOVERCOURT AVE @ EDISON AVE,363531.2199,5027389.544,-75.75002169,45.38398435,2014-07-15,19:00,01 - Clear,01 - Dry,02 - Stop sign,02 - Intersection related,01 - Daylight,03 - P.D. only,99 - Other,Carlingwood - McKellar Park - Laurentien View
8330,CLYDE AVE @ DOBBIE ST,363653.6865,5026556.787,-75.74855723,45.37648105,2014-07-08,10:45,01 - Clear,01 - Dry,02 - Stop sign,03 - At intersection,01 - Daylight,03 - P.D. only,02 - Angle,Carlingwood West - Glabar Park - McKellar Heights
8331,CAMPEAU DR @ HERLIHEY WAY,350508.5849,5019178.752,-75.9170654,45.31107276,2014-07-08,12:14,01 - Clear,01 - Dry,01 - Traffic signal,03 - At intersection,01 - Daylight,03 - P.D. only,05 - Turning movement,Kanata
8332,ASTORIA CRES btwn STONEWAY DR & REDPATH DR,366367.3915,5016246.997,-75.71519414,45.28348184,2014-03-17,0:00,01 - Clear,01 - Dry,10 - No control,04 - At/near private drive,00 - Unknown,03 - P.D. only,06 - SMV unattended vehicle,Chapman Mills - Rideau Crest - Davidson Heights
8333,AIRPORT PKWY @ HUNT CLUB RD,371017.1062,5023702.05,-75.65493347,45.35013789,2014-06-20,12:00,01 - Clear,01 - Dry,01 - Traffic signal,02 - Intersection related,01 - Daylight,03 - P.D. only,03 - Rear end,Hunt Club East - Western Community
8334,CUMBERLAND ST @ YORK ST,368261.644,5032522.695,-75.68896087,45.42975823,2014-06-25,8:05,01 - Clear,01 - Dry,01 - Traffic signal,03 - At intersection,01 - Daylight,03 - P.D. only,05 - Turning movement,Byward Market
8335,COVENTRY RD btwn LOLA ST & BELFAST RD,371434.5252,5031631.092,-75.6485365,45.42144088,2014-07-02,14:28,01 - Clear,01 - Dry,10 - No control,04 - At/near private drive,01 - Daylight,03 - P.D. only,02 - Angle,Overbrook
8336,BANK ST btwn FOURTH AVE & FIFTH AVE,368384.5182,5029438.328,-75.68778866,45.40199497,2014-07-15,11:02,01 - Clear,01 - Dry,10 - No control,01 - Non intersection,01 - Daylight,03 - P.D. only,04 - Sideswipe,The Glebe
8337,KING EDWARD AVE @ LAURIER AVE,368739.2002,5032035.85,-75.68292154,45.42533428,2014-06-24,21:45,01 - Clear,01 - Dry,01 - Traffic signal,03 - At intersection,07 - Dark,03 - P.D. only,04 - Sideswipe,Sandy Hill
8338,SHEFFIELD RD @ WALKLEY RD,375257.6279,5028784.251,-75.60009722,45.39545193,2014-06-27,10:30,01 - Clear,01 - Dry,01 - Traffic signal,03 - At intersection,01 - Daylight,03 - P.D. only,03 - Rear end,Industrial Park
8339,BAYSHORE DR btwn WOODRIDGE CRES N & BAYSHORE CS,359137.7683,5023758.719,-75.80651966,45.35166883,2014-05-02,11:00,01 - Clear,01 - Dry,10 - No control,04 - At/near private drive,01 - Daylight,03 - P.D. only,03 - Rear end,Bayshore
8340,VANIER PKWY SB btwn MONTREAL RD & MCARTHUR AVE,370107.6,5032981.439,-75.66531121,45.43371588,2014-07-01,15:34,01 - Clear,01 - Dry,10 - No control,01 - Non intersection,01 - Daylight,03 - P.D. only,04 - Sideswipe,Vanier South
8341,FISHER AVE btwn ARNOT RD & DEER PARK RD,366326.9494,5025644.126,-75.7145419,45.36803948,2014-07-01,21:27,01 - Clear,01 - Dry,10 - No control,04 - At/near private drive,07 - Dark,03 - P.D. only,05 - Turning movement,Civic Hospital - Experimental Farm - Central Park
8342,FLORA ST btwn BRONSON AVE & PERCY ST,367237.0405,5029969.869,-75.70237749,45.40688091,2014-06-25,21:15,01 - Clear,01 - Dry,10 - No control,01 - Non intersection,05 - Dusk,03 - P.D. only,06 - SMV unattended vehicle,Centretown
8343,WALKLEY RD btwn HEATHERINGTON RD & 152 E OF HEATHERINGTON RD,371795.2793,5026810.64,-75.64458203,45.37803398,2014-06-26,21:46,01 - Clear,01 - Dry,10 - No control,04 - At/near private drive,07 - Dark,03 - P.D. only,03 - Rear end,Ledbury - Heron Gate - Ridgemont - Elmwood
8344,MCARTHUR AVE btwn NORTH RIVER RD & DUNDAS ST,369864.1592,5032650.957,-75.66846594,45.43076503,2014-06-22,11:52,01 - Clear,01 - Dry,10 - No control,01 - Non intersection,01 - Daylight,03 - P.D. only,06 - SMV unattended vehicle,Vanier South
8345,INNES RD @ STAR TOP RD/WINDMILL LANE,374147.2519,5030664.665,-75.61401306,45.41248182,2014-06-29,5:50,01 - Clear,01 - Dry,01 - Traffic signal,02 - Intersection related,01 - Daylight,03 - P.D. only,04 - Sideswipe,Industrial Park
8346,HWY 417 CASTLEFR IC139R61 @ KANATA AVE,351616.3697,5019224.497,-75.90293395,45.31141141,2014-06-29,16:31,01 - Clear,01 - Dry,01 - Traffic signal,03 - At intersection,01 - Daylight,03 - P.D. only,02 - Angle,Kanata
8347,RUSSELL RD @ ST. LAURENT SERVICE RD,373432.949,5029360.017,-75.62331959,45.40081363,2014-06-22,14:32,01 - Clear,01 - Dry,02 - Stop sign,03 - At intersection,01 - Daylight,03 - P.D. only,02 - Angle,Hawthorne Meadows - Sheffield Glen
8348,WALKLEY RD @ HEATHERINGTON RD,371766.2178,5026795.287,-75.64495514,45.37789862,2014-06-17,17:15,01 - Clear,01 - Dry,01 - Traffic signal,02 - Intersection related,01 - Daylight,03 - P.D. only,03 - Rear end,Ledbury - Heron Gate - Ridgemont - Elmwood
8349,BANK ST btwn TURN LANE & SPRINGHILL RD,384474.7505,5007852.478,-75.48575504,45.20613369,2014-06-30,20:24,01 - Clear,01 - Dry,10 - No control,01 - Non intersection,01 - Daylight,03 - P.D. only,07 - SMV other,Metcalfe
8350,WEST HUNT CLUB RD @ WOODROFFE AVE,363669.2692,5021246.489,-75.74899055,45.32869825,2014-06-29,22:32,01 - Clear,01 - Dry,01 - Traffic signal,02 - Intersection related,07 - Dark,03 - P.D. only,03 - Rear end,Woodvale - Craig Henry - Manordale - Estates of Arlington Wo
8351,SHERBOURNE RD btwn BROMLEY RD & CARLING AVE,362935.5889,5026503.693,-75.75773136,45.37606327,2014-07-24,18:09,01 - Clear,01 - Dry,10 - No control,04 - At/near private drive,01 - Daylight,03 - P.D. only,03 - Rear end,Carlingwood - McKellar Park - Laurentien View
8352,ADELINE ST btwn NORFOLK AVE & ROCHESTER ST,366909.9767,5029111.621,-75.70666336,45.39918773,2014-07-25,0:00,01 - Clear,01 - Dry,10 - No control,04 - At/near private drive,00 - Unknown,03 - P.D. only,06 - SMV unattended vehicle,Little Italy
8353,STRANDHERD DR @ WOODROFFE AVE,366105.6801,5015397.045,-75.71863487,45.27585689,2014-05-01,14:26,01 - Clear,01 - Dry,01 - Traffic signal,03 - At intersection,01 - Daylight,03 - P.D. only,03 - Rear end,Chapman Mills - Rideau Crest - Davidson Heights
8354,TRILLIUM AVE btwn WALLFORD WAY & BEAVER RDG,365110.7802,5024780.607,-75.73017159,45.36037538,2014-05-10,9:03,01 - Clear,01 - Dry,10 - No control,01 - Non intersection,01 - Daylight,03 - P.D. only,06 - SMV unattended vehicle,Cityview - Skyline - Fisher Heights
8355,QUILLIVAN LANE @ ROYAL ORCHARD DR,392449.3062,5041867.308,-75.37822741,45.51121659,2014-06-24,21:40,02 - Rain,02 - Wet,03 - Yield sign,03 - At intersection,07 - Dark,03 - P.D. only,07 - SMV other,Cumberland - Estates
8356,MEADOWLANDS DR btwn BAYNE AVE & MERIVALE RD,364806.0933,5023698.97,-75.73419166,45.35066911,2014-06-25,18:36,01 - Clear,01 - Dry,10 - No control,04 - At/near private drive,01 - Daylight,03 - P.D. only,05 - Turning movement,Crestview - Meadowlands
8357,HAZELDEAN RD @ TERRY FOX DR,352206.1892,5017240.555,-75.8956019,45.29351984,2014-07-25,11:00,01 - Clear,01 - Dry,01 - Traffic signal,03 - At intersection,01 - Daylight,03 - P.D. only,04 - Sideswipe,Glen Cairn - Kanata South Business Park
8358,HERON RD EB btwn RIVERSIDE DR & BRONSON AVE RAMP 35,368336.8639,5026653.743,-75.68875584,45.37694442,2014-07-25,17:17,01 - Clear,01 - Dry,10 - No control,04 - At/near private drive,01 - Daylight,03 - P.D. only,05 - Turning movement,Riverside Park
8359,BASELINE RD @ WOODROFFE AVE,362549.6902,5023770.758,-75.76297745,45.35150449,2014-07-14,9:30,01 - Clear,01 - Dry,01 - Traffic signal,02 - Intersection related,01 - Daylight,03 - P.D. only,04 - Sideswipe,Iris
8360,INDUSTRIAL AVE/INNES RD @ ST. LAURENT BLVD,373099.2204,5030006.327,-75.62749245,45.40666147,2014-07-14,14:29,01 - Clear,01 - Dry,01 - Traffic signal,02 - Intersection related,01 - Daylight,03 - P.D. only,03 - Rear end,Industrial Park
8361,CHAPLEAU AVE btwn PUTMAN AVE & BEECHWOOD AVE,369508.6591,5033870.675,-75.6728485,45.44177254,2014-07-23,8:45,01 - Clear,01 - Dry,10 - No control,04 - At/near private drive,01 - Daylight,03 - P.D. only,02 - Angle,Lindenlea
8362,ABBOTT ST @ STITTSVILLE MAIN ST,350249.0582,5013334.261,-75.92091038,45.25849904,2014-07-24,16:24,01 - Clear,01 - Dry,01 - Traffic signal,02 - Intersection related,01 - Daylight,03 - P.D. only,03 - Rear end,Stittsville
8363,CARLING AVE @ FAIRLAWN AVE/WOODROFFE AVE E,361934.6841,5025830.528,-75.77058762,45.37008852,2014-07-22,16:25,01 - Clear,01 - Dry,01 - Traffic signal,03 - At intersection,01 - Daylight,03 - P.D. only,05 - Turning movement,Carlingwood West - Glabar Park - McKellar Heights
8364,VANIER PKWY SB btwn DESCHAMPS AVE & MONTREAL RD,369913.4241,5033203.187,-75.66776336,45.43572918,2014-12-31,8:40,01 - Clear,01 - Dry,10 - No control,01 - Non intersection,01 - Daylight,03 - P.D. only,03 - Rear end,Vanier
8365,TENTH LINE RD btwn ST. JOSEPH BLVD & OR174 IC101 RAMP26,382877.8858,5038707.255,-75.50120938,45.48392261,2014-07-06,15:07,01 - Clear,01 - Dry,10 - No control,01 - Non intersection,01 - Daylight,03 - P.D. only,03 - Rear end,Industrial Park
8366,CARP RD btwn THOMAS A. DOLAN PKWY & NORMA LANE,336679.5311,5025935.397,-76.09299042,45.3726361,2014-07-27,1:30,02 - Rain,02 - Wet,10 - No control,01 - Non intersection,07 - Dark,03 - P.D. only,07 - SMV other,Carp - Hardwood Plains
8367,CANOTEK RD btwn SHEFFORD RD & RAINBOW ST,376202.6692,5035160.159,-75.58710424,45.45272287,2014-07-29,17:09,01 - Clear,01 - Dry,10 - No control,04 - At/near private drive,01 - Daylight,03 - P.D. only,02 - Angle,Greenbelt
8368,BEECHWOOD AVE @ SPRINGFIELD RD,369236.2275,5033652.641,-75.6763591,45.43983592,2014-08-01,8:42,01 - Clear,01 - Dry,01 - Traffic signal,03 - At intersection,01 - Daylight,03 - P.D. only,04 - Sideswipe,Vanier North
8369,CAMPEAU DR @ TERON RD/COLCHESTER SQ,352565.1443,5020465.63,-75.89071489,45.3225155,2014-08-01,8:30,01 - Clear,01 - Dry,01 - Traffic signal,03 - At intersection,01 - Daylight,03 - P.D. only,05 - Turning movement,Beaverbrook
8370,SADDLESMITH CIRC btwn TO BE DETERMINED & CEDAR VALLEY DR (2),355812.0839,5015934.869,-75.84976621,45.28151851,2014-07-26,9:21,01 - Clear,01 - Dry,10 - No control,01 - Non intersection,01 - Daylight,03 - P.D. only,06 - SMV unattended vehicle,Bridlewood - Emerald Meadows
8371,GLYNN AVE btwn NORTH RIVER RD & SYLVESTER ST,370151.3302,5032081.162,-75.66487184,45.42561147,2014-07-25,12:30,01 - Clear,01 - Dry,10 - No control,01 - Non intersection,01 - Daylight,03 - P.D. only,06 - SMV unattended vehicle,Overbrook
8372,GREENLAND RD btwn Continuation of GREENLAND RD & SCOTCH PINE GRV,344076.0902,5033642.634,-75.99794702,45.44161212,2014-07-25,21:00,01 - Clear,01 - Dry,10 - No control,01 - Non intersection,05 - Dusk,03 - P.D. only,07 - SMV other,Car
8373,EASTMAN AVE btwn GADDIS CRT & END,368918.4676,5009488.579,-75.68355041,45.22244214,2014-05-20,11:04,01 - Clear,01 - Dry,10 - No control,04 - At/near private drive,01 - Daylight,03 - P.D. only,99 - Other,Manotick
8374,REGIONAL ROAD 174 btwn WEST ST & FAUBERT ST,390135.4674,5042662.48,-75.40769699,45.51865752,2014-05-27,18:41,01 - Clear,01 - Dry,10 - No control,01 - Non intersection,01 - Daylight,03 - P.D. only,07 - SMV other,Cumberland - Estates
8375,VIEWMOUNT DR @ MERIVALE RD,365194.171,5022950.391,-75.72933081,45.34390019,2014-06-29,16:54,01 - Clear,01 - Dry,01 - Traffic signal,02 - Intersection related,01 - Daylight,03 - P.D. only,07 - SMV other,Borden Farm - Stewart Farm - Parkwood Hills - Fisher Glen
8376,ST. JEAN ST @ ST. JOSEPH BLVD,380970.9719,5037202.826,-75.52583276,45.47059769,2014-06-27,8:45,01 - Clear,01 - Dry,01 - Traffic signal,03 - At intersection,01 - Daylight,03 - P.D. only,05 - Turning movement,Industrial Park
8377,RICHMOND RD btwn PATRICIA AVE & LEIGHTON TER,363979.5416,5028770.032,-75.74413171,45.39636801,2014-07-16,14:15,01 - Clear,01 - Dry,10 - No control,01 - Non intersection,01 - Daylight,03 - P.D. only,04 - Sideswipe,Westboro
8378,UPPER DWYER HILL RD @ VAUGHAN SIDE RD,331998.0124,5016530.526,-76.15327545,45.28820335,2014-07-14,21:14,01 - Clear,01 - Dry,02 - Stop sign,02 - Intersection related,05 - Dusk,03 - P.D. only,07 - SMV other,Carp - Hardwood Plains
8379,CROYDON AVE @ RICHMOND RD,360545.2129,5025271.572,-75.78838804,45.36517096,2014-07-24,15:45,01 - Clear,01 - Dry,01 - Traffic signal,02 - Intersection related,01 - Daylight,03 - P.D. only,03 - Rear end,Woodroffe - Lincoln Heights
8380,PRINCE OF WALES DR btwn TURN LANE & WEST HUNT CLUB RD,367457.2885,5021864.963,-75.70059217,45.33393521,2014-07-24,17:22,01 - Clear,01 - Dry,10 - No control,01 - Non intersection,01 - Daylight,03 - P.D. only,04 - Sideswipe,Industrial Park
8381,CLYDE AVE @ MAITLAND AVE,364250.1674,5025142.413,-75.74111226,45.36370437,2014-07-22,16:45,01 - Clear,01 - Dry,03 - Yield sign,03 - At intersection,01 - Daylight,03 - P.D. only,05 - Turning movement,Civic Hospital - Experimental Farm - Central Park