Record,Location,X,Y,lon,lat,Date,Time,Environment,Road_Surface,Traffic_Control,Collision_Location,Light,Collision_Classification,Impact_type,Neighborhood
8382,HAWTHORNE RD btwn STEVENAGE DR & HUNT CLUB RD,375146.6931,5027293.632,-75.60172641,45.38205123,2014-07-22,22:28,01 - Clear,01 - Dry,10 - No control,04 - At/near private drive,07 - Dark,03 - P.D. only,02 - Angle,Industrial Park
8383,HAWTHORNE RD @ HUNT CLUB RD,375510.1196,5026408.425,-75.59721307,45.37404999,2014-10-16,5:54,01 - Clear,02 - Wet,01 - Traffic signal,03 - At intersection,07 - Dark,03 - P.D. only,05 - Turning movement,Industrial Park
8384,INNES RD btwn 260 E OF BELCOURT BLVD/WALMART SC & JEANNE D'ARC BLVD/ME,382574.7204,5035533.43,-75.50558926,45.45540115,2014-07-28,15:46,01 - Clear,01 - Dry,10 - No control,01 - Non intersection,01 - Daylight,03 - P.D. only,03 - Rear end,Chapel Hill South
8385,ST. LAURENT BLVD @ JOLIFFE ST,373750.3105,5028417.543,-75.619398,45.39230251,2014-07-30,20:52,02 - Rain,02 - Wet,01 - Traffic signal,02 - Intersection related,05 - Dusk,03 - P.D. only,03 - Rear end,Urbandale
8386,JOHN QUINN RD @ MITCH OWENS RD,380595.1109,5017706.763,-75.53363239,45.29522598,2014-07-31,19:06,01 - Clear,01 - Dry,02 - Stop sign,03 - At intersection,01 - Daylight,03 - P.D. only,05 - Turning movement,Metcalfe
8387,COLONNADE RD    N btwn CORINTH PRIV & CITIPLACE DR,366754.1403,5023360.78,-75.70937505,45.34745675,2014-07-27,0:14,02 - Rain,02 - Wet,10 - No control,01 - Non intersection,07 - Dark,03 - P.D. only,07 - SMV other,Industrial Park
8388,CONROY RD @ LORRY GREENBERG DR,373567.7121,5025877.235,-75.62208362,45.36946387,2014-08-01,10:05,01 - Clear,01 - Dry,01 - Traffic signal,03 - At intersection,01 - Daylight,03 - P.D. only,05 - Turning movement,Greenboro East
8389,BRONSON AVE @ CATHERINE ST/RAYMOND ST,367251.2867,5029796.567,-75.70221746,45.40532032,2014-08-01,10:23,01 - Clear,01 - Dry,01 - Traffic signal,02 - Intersection related,01 - Daylight,03 - P.D. only,04 - Sideswipe,Centretown West
8390,TARA DR @ MAITLAND AVE,363496.1638,5025386.583,-75.75070736,45.36596492,2014-07-28,10:50,01 - Clear,01 - Dry,02 - Stop sign,02 - Intersection related,01 - Daylight,03 - P.D. only,03 - Rear end,Braemar Park - Bel Air Heights - Copeland Park
8391,TERRY FOX DR btwn Continuation of TERRY FOX DR & CAMPEAU DR,350307.1396,5019038.741,-75.91964722,45.30982599,2014-06-03,11:40,02 - Rain,02 - Wet,10 - No control,04 - At/near private drive,01 - Daylight,03 - P.D. only,02 - Angle,Kanata Lakes - Marchwood Lakeside - Morgan's Grant - Kanata
8392,MERIVALE RD @ SHILLINGTON AVE,364845.1681,5026810.486,-75.73331493,45.3786627,2014-06-04,9:19,01 - Clear,01 - Dry,01 - Traffic signal,02 - Intersection related,01 - Daylight,03 - P.D. only,04 - Sideswipe,Carlington
8393,SLACK RD @ WOODROFFE AVE,364233.2096,5019975.426,-75.7419494,45.31721379,2014-05-01,8:52,02 - Rain,02 - Wet,01 - Traffic signal,03 - At intersection,01 - Daylight,03 - P.D. only,05 - Turning movement,Greenbelt
8394,HAMPTON AVE btwn WELLINGTON ST W & END,364469.9063,5028968.86,-75.73784505,45.39811541,2014-07-18,12:10,01 - Clear,01 - Dry,10 - No control,01 - Non intersection,01 - Daylight,03 - P.D. only,06 - SMV unattended vehicle,Island Park
8395,RIVERSIDE DR @ PLEASANT PARK RD,369562.2649,5028415.774,-75.67288026,45.39268642,2014-07-15,7:30,01 - Clear,01 - Dry,01 - Traffic signal,02 - Intersection related,01 - Daylight,03 - P.D. only,03 - Rear end,Alta Vista
8396,CARP RD @ HWY 417 CARP IC144R51,347517.1034,5015685.972,-75.95551568,45.27983184,2014-07-15,13:50,01 - Clear,01 - Dry,02 - Stop sign,02 - Intersection related,01 - Daylight,03 - P.D. only,03 - Rear end,Stittsville - Basswood
8397,ST. LAURENT BLVD btwn INDUSTRIAL AVE & BOURASSA ST,373224.7887,5029718.692,-75.62592844,45.4040612,2014-07-24,13:00,01 - Clear,01 - Dry,10 - No control,01 - Non intersection,01 - Daylight,03 - P.D. only,03 - Rear end,Industrial Park
8398,ALBERT ST @ O'CONNOR ST,367538.2286,5031520.573,-75.69833284,45.42080673,2014-07-23,6:52,01 - Clear,01 - Dry,01 - Traffic signal,03 - At intersection,01 - Daylight,03 - P.D. only,02 - Angle,Downtown
8399,ORLEANS BLVD btwn ORLEANS BLVD & ORLEANS BLVD (2),380442.5442,5034371.181,-75.53302556,45.44517819,2014-03-13,13:18,01 - Clear,02 - Wet,10 - No control,01 - Non intersection,01 - Daylight,03 - P.D. only,03 - Rear end,Orleans Village - Chateauneuf
8400,CAMPEAU DR @ HUNTMAR DR,349065,5018038.293,-75.93557679,45.30090304,2014-10-17,10:50,01 - Clear,01 - Dry,11 - Roundabout,03 - At intersection,01 - Daylight,03 - P.D. only,03 - Rear end,Stittsville - Basswood
8401,FALLOWFIELD RD @ GREENBANK RD,363080.2018,5016734.351,-75.7570354,45.28814728,2014-07-28,16:15,01 - Clear,01 - Dry,01 - Traffic signal,03 - At intersection,01 - Daylight,03 - P.D. only,05 - Turning movement,Greenbelt
8402,MAITLAND AVE btwn CARLING AVE & DUNCAN PL,362974.1548,5026410.378,-75.75724999,45.37522043,2014-07-28,16:18,01 - Clear,01 - Dry,10 - No control,01 - Non intersection,01 - Daylight,03 - P.D. only,07 - SMV other,Carlingwood West - Glabar Park - McKellar Heights
8403,GREENBANK RD @ WEST HUNT CLUB RD,361478.2552,5020502.479,-75.77702473,45.32218401,2014-08-01,15:30,01 - Clear,01 - Dry,01 - Traffic signal,02 - Intersection related,01 - Daylight,03 - P.D. only,03 - Rear end,Greenbelt
8404,O'DONNELL CRT btwn MACFARLANE RD & END,367308.1098,5021486.23,-75.7025431,45.33054074,2014-07-07,0:00,01 - Clear,01 - Dry,10 - No control,01 - Non intersection,00 - Unknown,03 - P.D. only,06 - SMV unattended vehicle,Industrial Park
8405,ALBION RD @ HUNT CLUB RD,371868.2076,5024321.466,-75.64398885,45.35563031,2014-07-07,17:30,01 - Clear,01 - Dry,01 - Traffic signal,03 - At intersection,01 - Daylight,03 - P.D. only,05 - Turning movement,South Keys - Heron Gate - Greenboro West
8406,ST. LAURENT BLVD @ TREMBLAY RD,372595.7139,5031241.829,-75.63375395,45.4178269,2014-06-20,14:15,01 - Clear,01 - Dry,01 - Traffic signal,02 - Intersection related,01 - Daylight,03 - P.D. only,03 - Rear end,Industrial Park
8407,DONALD ST @ ST. LAURENT BLVD,372096.0826,5032470.689,-75.63996929,45.42893186,2014-06-24,14:58,02 - Rain,02 - Wet,01 - Traffic signal,02 - Intersection related,01 - Daylight,03 - P.D. only,03 - Rear end,Overbrook
8408,ST. JOSEPH BLVD @ JEANNE D'ARC BLVD,379861.7064,5036473.027,-75.54012884,45.46415162,2014-12-18,15:29,01 - Clear,01 - Dry,11 - Roundabout,03 - At intersection,01 - Daylight,03 - P.D. only,04 - Sideswipe,Chapel Hill
8409,MONTREAL RD @ SHEFFORD RD,376125.2235,5034854.842,-75.58813855,45.44998373,2014-05-08,23:18,02 - Rain,02 - Wet,01 - Traffic signal,03 - At intersection,07 - Dark,03 - P.D. only,02 - Angle,Beacon Hill South - Cardinal Heights
8410,PRINCE OF WALES DR @ NORMANDY CRES S/KOCHAR DR,367448.1308,5024561.573,-75.70036744,45.35819959,2014-05-12,18:42,01 - Clear,01 - Dry,01 - Traffic signal,02 - Intersection related,01 - Daylight,03 - P.D. only,07 - SMV other,Carleton Heights - Rideauview
8411,HOLLAND AVE btwn SCOTT ST & SPENCER ST,364762.3018,5029533.664,-75.73404199,45.40317241,2014-07-10,15:31,01 - Clear,01 - Dry,10 - No control,01 - Non intersection,01 - Daylight,03 - P.D. only,05 - Turning movement,Island Park
8412,EAGLESON RD @ FERNBANK RD,354799.1032,5015588.373,-75.86271243,45.27847344,2014-07-21,15:15,01 - Clear,01 - Dry,01 - Traffic signal,02 - Intersection related,01 - Daylight,03 - P.D. only,03 - Rear end,Bridlewood - Emerald Meadows
8413,CARLING AVE @ RICHMOND RD,360245.679,5024781.766,-75.79226638,45.36078747,2014-07-28,9:30,01 - Clear,01 - Dry,01 - Traffic signal,02 - Intersection related,01 - Daylight,03 - P.D. only,04 - Sideswipe,Whitehaven - Queensway Terrace North
8414,CARLING AVE @ ROSEVIEW AVE,359358.1974,5024199.506,-75.80365802,45.35561792,2014-07-16,10:40,01 - Clear,01 - Dry,02 - Stop sign,02 - Intersection related,01 - Daylight,03 - P.D. only,02 - Angle,Whitehaven - Queensway Terrace North
8415,GRAND HARBOUR CRT btwn OLD ORCHARD CRES & TO BE DETERMINED,350115.8893,5015130.535,-75.92244317,45.27467112,2014-07-16,11:00,01 - Clear,01 - Dry,10 - No control,04 - At/near private drive,01 - Daylight,03 - P.D. only,06 - SMV unattended vehicle,Stittsville
8416,DRISCOLL DR N @ JEAN PARK RD N,367976.3641,5011123.206,-75.69533793,45.23723559,2014-07-25,6:33,01 - Clear,01 - Dry,02 - Stop sign,03 - At intersection,01 - Daylight,03 - P.D. only,02 - Angle,Manotick
8417,HOPE SIDE RD @ RICHMOND RD,356952.1627,5015486.383,-75.83528211,45.2773993,2014-07-02,14:20,01 - Clear,01 - Dry,02 - Stop sign,03 - At intersection,01 - Daylight,03 - P.D. only,07 - SMV other,Bridlewood - Emerald Meadows
8418,ST. LAURENT BLVD btwn BELFAST RD & INDUSTRIAL AVE,373054.247,5030112.211,-75.62805225,45.40761855,2014-07-23,15:26,01 - Clear,01 - Dry,10 - No control,01 - Non intersection,01 - Daylight,03 - P.D. only,03 - Rear end,Industrial Park
8419,ALPINE AVE @ CARLING AVE,360498.0988,5024944.415,-75.7890263,45.36223097,2014-07-23,15:45,01 - Clear,01 - Dry,01 - Traffic signal,02 - Intersection related,01 - Daylight,03 - P.D. only,04 - Sideswipe,Whitehaven - Queensway Terrace North
8420,ST. JOSEPH BLVD @ REGIONAL RD 174/TRANSITWAY,376556.9227,5035056.64,-75.58259073,45.45175519,2014-04-11,15:00,01 - Clear,01 - Dry,01 - Traffic signal,02 - Intersection related,01 - Daylight,03 - P.D. only,03 - Rear end,Greenbelt
8421,HAWTHORNE RD/RUSSELL RD @ WALKLEY RD,374674.27,5028500.489,-75.60758729,45.39295723,2014-04-30,17:33,01 - Clear,01 - Dry,01 - Traffic signal,02 - Intersection related,01 - Daylight,03 - P.D. only,03 - Rear end,Sheffield Glen
8422,LYNDALE AVE @ PARKDALE AVE,364862.1762,5029928.632,-75.7327182,45.40671769,2014-02-19,0:56,03 - Snow,03 - Loose snow,01 - Traffic signal,03 - At intersection,07 - Dark,03 - P.D. only,05 - Turning movement,Tunney's Pasture
8423,ST. JOSEPH BLVD @ JEANNE D'ARC BLVD,379859.7924,5036473.006,-75.54015331,45.46415164,2014-10-19,16:45,01 - Clear,01 - Dry,11 - Roundabout,03 - At intersection,01 - Daylight,03 - P.D. only,04 - Sideswipe,Greenbelt
8424,GLOUCESTER ST @ METCALFE ST,367834.1857,5031386.58,-75.69456863,45.4195745,2014-07-25,14:50,01 - Clear,01 - Dry,01 - Traffic signal,02 - Intersection related,01 - Daylight,03 - P.D. only,04 - Sideswipe,Downtown
8425,ABBOTT ST    E btwn CARBERY DR & STITTSVILLE MAIN ST,350365.3486,5013437.583,-75.91941926,45.25942124,2014-07-29,9:39,01 - Clear,01 - Dry,10 - No control,01 - Non intersection,01 - Daylight,03 - P.D. only,06 - SMV unattended vehicle,Stittsville
8426,KING EDWARD AVE @ RIDEAU ST,368512.1811,5032413.589,-75.68577345,45.42875375,2014-08-01,20:48,01 - Clear,01 - Dry,01 - Traffic signal,03 - At intersection,07 - Dark,03 - P.D. only,02 - Angle,Lowe
8427,BANK ST @ ERIE AVE,370134.2467,5026479.526,-75.66583216,45.37521158,2014-08-02,3:01,01 - Clear,01 - Dry,01 - Traffic signal,03 - At intersection,07 - Dark,03 - P.D. only,05 - Turning movement,Ledbury - Heron Gate - Ridgemont - Elmwood
8428,CYRVILLE RD @ INNES RD,375048.1986,5031121.46,-75.60243879,45.41650196,2014-07-11,14:54,01 - Clear,01 - Dry,01 - Traffic signal,02 - Intersection related,01 - Daylight,03 - P.D. only,03 - Rear end,Industrial Park
8429,CARLING AVE @ CHURCHILL AVE,363776.1695,5027013.538,-75.74693895,45.38058053,2014-06-09,8:55,01 - Clear,01 - Dry,01 - Traffic signal,02 - Intersection related,01 - Daylight,03 - P.D. only,03 - Rear end,Westboro
8430,MONTREAL RD @ ST. LAURENT BLVD,371546.2099,5033817.848,-75.64681313,45.44110566,2014-05-09,10:42,01 - Clear,01 - Dry,01 - Traffic signal,02 - Intersection related,01 - Daylight,03 - P.D. only,03 - Rear end,Cummings
8431,OSGOODE MAIN ST btwn CORBET ST & OLD GEORGE ST,374674.7521,5000791.545,-75.6114797,45.14364006,2014-05-26,8:35,01 - Clear,01 - Dry,07 - School bus,01 - Non intersection,01 - Daylight,03 - P.D. only,03 - Rear end,Kars - Osgoode
8432,CARLING AVE @ HOLLAND AVE,365416.6987,5028039.814,-75.72586706,45.38967473,2014-07-10,18:25,01 - Clear,01 - Dry,01 - Traffic signal,03 - At intersection,01 - Daylight,03 - P.D. only,05 - Turning movement,Civic Hospital - Experimental Farm - Central Park
8433,LONGWOOD AVE @ RICHMOND RD,357580.123,5020137.36,-75.82678377,45.31920255,2014-07-10,18:49,01 - Clear,01 - Dry,02 - Stop sign,02 - Intersection related,01 - Daylight,03 - P.D. only,03 - Rear end,Bells Corners East
8434,BASELINE RD @ ST. HELEN'S PL,364106.2013,5024732.795,-75.742999,45.36003088,2014-07-16,12:43,01 - Clear,01 - Dry,02 - Stop sign,02 - Intersection related,01 - Daylight,03 - P.D. only,03 - Rear end,Braemar Park - Bel Air Heights - Copeland Park
8435,BAY ST @ QUEEN ST,366902.0666,5031211.635,-75.70649985,45.41808376,2014-07-17,9:33,01 - Clear,01 - Dry,01 - Traffic signal,03 - At intersection,01 - Daylight,03 - P.D. only,05 - Turning movement,Downtown
8436,KANATA AVE/CASTLEFRANK RD @ AIRD PL,351811.5903,5019069.582,-75.90045906,45.3100044,2014-07-03,17:23,01 - Clear,01 - Dry,01 - Traffic signal,02 - Intersection related,01 - Daylight,03 - P.D. only,03 - Rear end,Katimavik - Hazeldean
8437,PRINCE OF WALES DR @ WEST HUNT CLUB RD,367460.1321,5021888.66,-75.70055289,45.33414818,2014-07-07,9:37,01 - Clear,01 - Dry,01 - Traffic signal,02 - Intersection related,01 - Daylight,03 - P.D. only,03 - Rear end,Industrial Park
8438,GLADSTONE AVE btwn KENT ST & BANK ST,367896.4955,5030551.22,-75.69387949,45.41205259,2014-07-23,16:40,01 - Clear,01 - Dry,10 - No control,04 - At/near private drive,01 - Daylight,03 - P.D. only,02 - Angle,Centretown
8439,PRINCE OF WALES DR btwn NAVY PRIV & PRESTON ST,366873.2306,5028735.055,-75.70718006,45.39580275,2014-05-10,9:26,01 - Clear,01 - Dry,10 - No control,01 - Non intersection,01 - Daylight,03 - P.D. only,03 - Rear end,The Glebe
8440,MCLEAN CRES btwn BRAVAR DR & DRISCOLL DR,367443.3176,5011677.473,-75.70205674,45.2422705,2014-05-23,0:53,01 - Clear,01 - Dry,10 - No control,01 - Non intersection,07 - Dark,03 - P.D. only,06 - SMV unattended vehicle,Manotick
8441,MARILYN AVE @ RIVERSIDE DR,368121.1358,5024234.52,-75.69182004,45.35519639,2014-03-21,16:45,01 - Clear,01 - Dry,02 - Stop sign,03 - At intersection,01 - Daylight,03 - P.D. only,02 - Angle,Hunt Club Woods - Quintarra - Revelstoke - Riverside South P
8442,HAWTHORNE RD @ HUNT CLUB RD,375507.276,5026407.477,-75.59724951,45.37404174,2014-10-21,6:30,02 - Rain,02 - Wet,01 - Traffic signal,03 - At intersection,03 - Dawn,03 - P.D. only,05 - Turning movement,Industrial Park
8443,CAMPEAU DR @ HUNTMAR DR,349065.4592,5018038.752,-75.9355709,45.30090714,2014-12-06,10:00,01 - Clear,01 - Dry,11 - Roundabout,03 - At intersection,01 - Daylight,03 - P.D. only,02 - Angle,Stittsville - Basswood
8444,KILBARRON RD btwn MADDEN CRT & BEATRICE DR,364926.4403,5016684.993,-75.73350735,45.28754764,2014-06-30,13:00,01 - Clear,01 - Dry,10 - No control,04 - At/near private drive,01 - Daylight,03 - P.D. only,06 - SMV unattended vehicle,New Barrhaven
8445,NAVAN RD btwn RENAUD RD & MER BLEUE RD,382072.6892,5032682.505,-75.51245481,45.42980654,2014-07-07,11:39,01 - Clear,01 - Dry,10 - No control,01 - Non intersection,01 - Daylight,03 - P.D. only,07 - SMV other,Chapel Hill South
8446,TERRY FOX DR @ 240 S OF EDGEWATER ST,351973.288,5017472.337,-75.89854903,45.29562115,2014-07-29,11:20,01 - Clear,01 - Dry,01 - Traffic signal,02 - Intersection related,01 - Daylight,03 - P.D. only,04 - Sideswipe,Katimavik - Hazeldean
8447,WALKLEY RD btwn COLLISTON CRES & CEDARWOOD DR,371126.5862,5026411.752,-75.65317276,45.37450855,2014-07-29,11:35,01 - Clear,01 - Dry,10 - No control,01 - Non intersection,01 - Daylight,03 - P.D. only,03 - Rear end,Ledbury - Heron Gate - Ridgemont - Elmwood
8448,BOOTH ST @ RAYMOND ST,366859.2771,5029642.509,-75.70724408,45.40396901,2014-08-02,10:00,01 - Clear,01 - Dry,01 - Traffic signal,03 - At intersection,01 - Daylight,03 - P.D. only,02 - Angle,Centretown West
8449,TENTH LINE RD btwn HARVEST VALLEY AVE & SOUTHFIELD WAY,384597.1565,5034627.764,-75.47988182,45.44702477,2014-07-12,13:46,01 - Clear,01 - Dry,10 - No control,01 - Non intersection,01 - Daylight,03 - P.D. only,07 - SMV other,Avalon
8450,TERRY FOX DR btwn HAZELDEAN RD & 135 S OF HAZELDEAN RD/SOBEY'S SC,352271.592,5017166.622,-75.89477518,45.29285016,2014-07-08,16:50,02 - Rain,02 - Wet,10 - No control,01 - Non intersection,01 - Daylight,03 - P.D. only,03 - Rear end,Glen Cairn - Kanata South Business Park
8451,THORNTON AVE btwn MONK ST & BANK ST,368412.2837,5029311.082,-75.68745044,45.40084753,2014-07-12,9:14,01 - Clear,01 - Dry,10 - No control,04 - At/near private drive,01 - Daylight,03 - P.D. only,06 - SMV unattended vehicle,The Glebe
8452,RIVERSIDE DR @ HERON RD,368121.1049,5026647.982,-75.69151113,45.37691212,2014-06-01,8:53,01 - Clear,01 - Dry,01 - Traffic signal,02 - Intersection related,01 - Daylight,03 - P.D. only,03 - Rear end,Riverside Park
8453,RICHMOND RD btwn GOLDEN AVE & BERKLEY AVE,362884.9641,5028045.503,-75.75819627,45.38994047,2014-07-02,18:47,01 - Clear,01 - Dry,10 - No control,01 - Non intersection,01 - Daylight,03 - P.D. only,04 - Sideswipe,Westboro
8454,BASELINE RD/HWY 416 RICHMOND IC75R53 @ RICHMON,358636.4868,5021821.049,-75.81312762,45.33427227,2014-07-10,18:51,01 - Clear,01 - Dry,01 - Traffic signal,02 - Intersection related,01 - Daylight,03 - P.D. only,03 - Rear end,Greenbelt
8455,ST. LAURENT BLVD @ MCARTHUR AVE,371921.719,5032888.335,-75.64214044,45.4327064,2014-07-11,10:19,01 - Clear,01 - Dry,01 - Traffic signal,02 - Intersection related,01 - Daylight,03 - P.D. only,04 - Sideswipe,Cummings
8456,CAVAN ST @ LEPAGE AVE,364613.5337,5026525.617,-75.73630678,45.37611931,2014-06-20,18:54,01 - Clear,01 - Dry,02 - Stop sign,02 - Intersection related,01 - Daylight,03 - P.D. only,06 - SMV unattended vehicle,Carlington
8457,HAWTHORNE RD @ LOUISEIZE RD,377825.775,5020845.253,-75.56847343,45.32375795,2014-07-17,16:41,01 - Clear,01 - Dry,02 - Stop sign,03 - At intersection,01 - Daylight,03 - P.D. only,02 - Angle,Greenbelt
8458,CATHERINE ST/HWY 417 O'CONN IC119BR76 @ O'CONN,368243.6495,5030392.72,-75.68946509,45.41059507,2014-07-17,17:41,01 - Clear,01 - Dry,01 - Traffic signal,03 - At intersection,01 - Daylight,03 - P.D. only,05 - Turning movement,Centretown
8459,BASELINE RD @ CORDOVA ST,363594.1621,5024412.37,-75.74957236,45.35719086,2014-07-08,17:36,02 - Rain,02 - Wet,01 - Traffic signal,03 - At intersection,01 - Daylight,03 - P.D. only,05 - Turning movement,Braemar Park - Bel Air Heights - Copeland Park
8460,ELGIN ST NB @ WELLINGTON ST/RIDEAU ST,367801.6706,5031963.833,-75.69491023,45.42477136,2014-07-17,21:58,01 - Clear,01 - Dry,01 - Traffic signal,02 - Intersection related,07 - Dark,03 - P.D. only,04 - Sideswipe,Byward Market - Parliament Hill
8461,CATHERINE ST @ ELGIN ST,368550.3399,5030575.676,-75.68552365,45.41221338,2014-07-23,17:14,01 - Clear,01 - Dry,01 - Traffic signal,02 - Intersection related,01 - Daylight,03 - P.D. only,04 - Sideswipe,Centretown
8462,SCOTT ST btwn ATHLONE AVE & TRANSIT,363345.2237,5028743.023,-75.75223602,45.39617831,2014-07-23,21:45,01 - Clear,01 - Dry,10 - No control,01 - Non intersection,07 - Dark,03 - P.D. only,05 - Turning movement,Westboro
8463,EARL MULLIGAN DR @ WOODROFFE AVE,365252.123,5017504.564,-75.72925603,45.29489417,2014-05-28,11:42,01 - Clear,01 - Dry,01 - Traffic signal,02 - Intersection related,01 - Daylight,03 - P.D. only,03 - Rear end,Greenbelt
8464,JEANNE D'ARC BLVD @ ORLEANS BLVD S,380940.7445,5036251.34,-75.52636668,45.46204028,2014-07-09,15:23,01 - Clear,01 - Dry,01 - Traffic signal,03 - At intersection,01 - Daylight,03 - P.D. only,05 - Turning movement,Orleans Village - Chateauneuf
8465,FRANK BENDER ST @ JEANNE D'ARC BLVD,381872.1725,5035885.47,-75.51451536,45.45864636,2014-07-05,18:56,01 - Clear,01 - Dry,01 - Traffic signal,02 - Intersection related,01 - Daylight,03 - P.D. only,03 - Rear end,Orleans Village - Chateauneuf
8466,BANK ST btwn BANK ST EXTENSION NB & JOHNSTON RD,370669.0203,5025201.262,-75.65917551,45.36366012,2014-07-11,21:42,01 - Clear,01 - Dry,10 - No control,01 - Non intersection,07 - Dark,03 - P.D. only,04 - Sideswipe,Ledbury - Heron Gate - Ridgemont - Elmwood
8467,FRANK ST @ O'CONNOR ST,368051.2328,5030697.574,-75.69188398,45.41335546,2014-07-29,15:43,01 - Clear,01 - Dry,02 - Stop sign,03 - At intersection,01 - Daylight,03 - P.D. only,02 - Angle,Centretown
8468,CEDARVIEW RD @ FALLOWFIELD RD,361297.0369,5015664.442,-75.77988743,45.27866578,2014-08-02,13:04,01 - Clear,01 - Dry,01 - Traffic signal,02 - Intersection related,01 - Daylight,03 - P.D. only,03 - Rear end,Barrhaven West - Old Barrhaven
8469,KATIMAVIK RD @ AIRD PL/CHIMO DR W,352170.4041,5019158.593,-75.89587484,45.31078123,2014-07-12,17:35,01 - Clear,01 - Dry,01 - Traffic signal,02 - Intersection related,01 - Daylight,03 - P.D. only,03 - Rear end,Katimavik - Hazeldean
8470,INNES RD btwn O'TOOLE RD & DUNNING RD,389405.0731,5038415.434,-75.41777676,45.4805366,2014-07-13,12:49,02 - Rain,02 - Wet,10 - No control,01 - Non intersection,01 - Daylight,03 - P.D. only,07 - SMV other,Navan - Vars
8471,FAIRMONT AVE @ YOUNG ST,365821.8018,5029152.627,-75.72055634,45.39965238,2014-07-14,17:48,01 - Clear,01 - Dry,02 - Stop sign,02 - Intersection related,01 - Daylight,03 - P.D. only,99 - Other,Civic Hospital - Experimental Farm - Central Park
8472,OSGOODE ST btwn NELSON ST & SWEETLAND AVE,369048.556,5031975.158,-75.67897661,45.42475985,2014-07-13,0:00,02 - Rain,02 - Wet,10 - No control,01 - Non intersection,00 - Unknown,03 - P.D. only,06 - SMV unattended vehicle,Sandy Hill
8473,NORGREEN ST btwn WILLAND LANE & CHARMONT WAY,337850.7858,5037549.076,-76.077258,45.47708531,2014-07-14,22:16,01 - Clear,01 - Dry,10 - No control,01 - Non intersection,07 - Dark,03 - P.D. only,06 - SMV unattended vehicle,Constanc
8474,BROPHY DR @ MOODIE DR,362748.0819,5006863.342,-75.76241925,45.19935449,2014-07-05,7:42,01 - Clear,01 - Dry,02 - Stop sign,03 - At intersection,01 - Daylight,03 - P.D. only,07 - SMV other,Manotick - North Gower
8475,GLADSTONE AVE btwn BAY ST & LYON ST N,367568.3536,5030351.126,-75.69809689,45.41028171,2014-07-05,9:03,01 - Clear,01 - Dry,10 - No control,01 - Non intersection,01 - Daylight,03 - P.D. only,06 - SMV unattended vehicle,Centretown
8476,RIDGEDALE ST btwn AUTUMNWOOD ST & ALBION RD,372387.4234,5023026.983,-75.63753962,45.34393315,2014-05-17,16:01,01 - Clear,01 - Dry,10 - No control,04 - At/near private drive,01 - Daylight,03 - P.D. only,02 - Angle,Emerald Woods - Sawmill Creek
8477,BANK ST btwn CAHILL DR & TURN LANE (1),371513.933,5024128.699,-75.64853607,45.35392965,2014-07-08,18:14,02 - Rain,02 - Wet,10 - No control,04 - At/near private drive,01 - Daylight,03 - P.D. only,05 - Turning movement,South Keys - Heron Gate - Greenboro West
8478,HOLLAND AVE/TUNNEY'S PASTURE @ SCOTT ST,364738.5601,5029596.41,-75.73433762,45.40373902,2014-07-11,11:27,01 - Clear,01 - Dry,01 - Traffic signal,02 - Intersection related,01 - Daylight,03 - P.D. only,03 - Rear end,Island Park
8479,BANK ST btwn JOHNSTON RD & SOUTHKEYS SC,370875.0512,5024794.154,-75.65660022,45.3599777,2014-07-11,13:08,01 - Clear,01 - Dry,10 - No control,01 - Non intersection,01 - Daylight,03 - P.D. only,03 - Rear end,South Keys - Heron Gate - Greenboro West
8480,CARP RD @ DONALD B. MUNRO DR,341193.0143,5022820.575,-76.0355974,45.34438794,2014-07-18,1:10,01 - Clear,01 - Dry,02 - Stop sign,02 - Intersection related,07 - Dark,03 - P.D. only,03 - Rear end,Carp
8481,BRIDGE ST/MAPLE AVE @ MANOTICK MAIN ST,368700.2738,5009932.395,-75.68627152,45.2264554,2014-07-18,7:15,01 - Clear,01 - Dry,01 - Traffic signal,02 - Intersection related,01 - Daylight,03 - P.D. only,03 - Rear end,Manotick
8482,CRETE PL @ MCARTHUR AVE,370528.1857,5032724.694,-75.65997061,45.43136639,2014-07-18,9:24,01 - Clear,01 - Dry,02 - Stop sign,03 - At intersection,01 - Daylight,03 - P.D. only,04 - Sideswipe,Vanier South
8483,NICHOLAS ST NB btwn LAURIER AVE E & WALLER ST,368461.9466,5031730.339,-75.68650368,45.42261068,2014-07-24,7:15,01 - Clear,01 - Dry,10 - No control,01 - Non intersection,01 - Daylight,03 - P.D. only,04 - Sideswipe,Sandy Hill
8484,GREENBANK RD @ PRINCE OF WALES DR,366203.113,5009544.329,-75.71811608,45.2231857,2014-07-24,11:50,01 - Clear,01 - Dry,02 - Stop sign,03 - At intersection,01 - Daylight,03 - P.D. only,02 - Angle,New Barrhaven
8485,PRINCE OF WALES DR @ WEST HUNT CLUB RD,367458.7103,5021892.264,-75.70057057,45.33418074,2014-05-29,9:21,01 - Clear,01 - Dry,01 - Traffic signal,02 - Intersection related,01 - Daylight,03 - P.D. only,03 - Rear end,Industrial Park
8486,RIVERSIDE DR btwn RIDGEWOOD AVE & BAYPORT PRIV,368302.1324,5025525.284,-75.68934433,45.366794,2014-07-12,13:11,01 - Clear,01 - Dry,10 - No control,01 - Non intersection,01 - Daylight,03 - P.D. only,03 - Rear end,Riverside Park