Record,Location,X,Y,lon,lat,Date,Time,Environment,Road_Surface,Traffic_Control,Collision_Location,Light,Collision_Classification,Impact_type,Neighborhood
8487,GLADSTONE AVE @ LEBRETON ST,366856.1743,5029923.517,-75.70724835,45.40649772,2014-07-17,14:03,01 - Clear,01 - Dry,02 - Stop sign,03 - At intersection,01 - Daylight,03 - P.D. only,02 - Angle,Centretown West
8488,MCARTHUR AVE btwn MAYFIELD ST & VANIER PKWY,370147.2373,5032683.356,-75.66484423,45.43103015,2014-07-18,11:53,01 - Clear,01 - Dry,10 - No control,04 - At/near private drive,01 - Daylight,03 - P.D. only,02 - Angle,Vanier South
8489,EAGLESON RD @ MICHAEL COWPLAND DR/STONEHAVEN D,354384.9957,5016623.444,-75.86788689,45.28781657,2014-07-15,22:22,01 - Clear,01 - Dry,01 - Traffic signal,03 - At intersection,07 - Dark,03 - P.D. only,05 - Turning movement,Bridlewood - Emerald Meadows
8490,HALTON TERR/MAXWELL BRIDGE RD @ MARCH RD,348932.6063,5024422.026,-75.93669575,45.35835392,2014-07-29,19:40,01 - Clear,01 - Dry,01 - Traffic signal,02 - Intersection related,01 - Daylight,03 - P.D. only,07 - SMV other,South March
8491,ISLAND PARK DR @ RICHMOND RD,364131.1606,5028867.557,-75.7421836,45.39723269,2014-08-02,15:11,01 - Clear,01 - Dry,01 - Traffic signal,02 - Intersection related,01 - Daylight,03 - P.D. only,03 - Rear end,Island Park
8492,GREENBANK RD btwn BATEMAN DR/BELLMAN DR & GREENBANK SQUARE SC,361307.3089,5020886.012,-75.77916134,45.32564882,2014-08-02,19:07,01 - Clear,01 - Dry,10 - No control,04 - At/near private drive,01 - Daylight,03 - P.D. only,02 - Angle,Nepean
8493,ST. JOSEPH BLVD btwn DUSSERE ST & ST. JEAN ST,380895.0738,5037153.134,-75.52681099,45.47015887,2014-07-14,17:30,01 - Clear,01 - Dry,10 - No control,04 - At/near private drive,01 - Daylight,03 - P.D. only,05 - Turning movement,Industrial Park
8494,MERIVALE RD @ EMERALD PLAZA SC,364735.7132,5024006.398,-75.73505252,45.35344133,2014-07-14,18:37,01 - Clear,01 - Dry,01 - Traffic signal,02 - Intersection related,01 - Daylight,03 - P.D. only,04 - Sideswipe,Crestview - Meadowlands
8495,ALTA VISTA DR @ SMYTH RD,370433.1898,5029082.505,-75.66166961,45.39860434,2014-07-15,9:43,01 - Clear,01 - Dry,01 - Traffic signal,02 - Intersection related,01 - Daylight,03 - P.D. only,03 - Rear end,Alta Vista
8496,BASELINE RD btwn 207 E OF CLYDE AVE & LOBLAWS SC,364644.7726,5025069.386,-75.73608438,45.36301371,2014-07-18,14:58,01 - Clear,01 - Dry,10 - No control,01 - Non intersection,01 - Daylight,03 - P.D. only,03 - Rear end,Civic Hospital - Experimental Farm - Central Park
8497,MEADOWLANDS DR @ MERIVALE RD,364857.2781,5023724.563,-75.73353538,45.35089501,2014-07-05,15:22,01 - Clear,01 - Dry,01 - Traffic signal,02 - Intersection related,01 - Daylight,03 - P.D. only,03 - Rear end,Cityview - Skyline - Fisher Heights
8498,MERIVALE RD/LOTTA AVE @ CLYDE AVE,364522.1722,5024507.526,-75.73771712,45.35796863,2014-07-06,12:58,01 - Clear,01 - Dry,01 - Traffic signal,02 - Intersection related,01 - Daylight,03 - P.D. only,02 - Angle,Cityview - Skyline - Fisher Heights
8499,AGINCOURT RD btwn NAVAHO DR & MALLARD AVE,363500.4317,5024707.585,-75.75073354,45.35985502,2014-05-20,8:15,01 - Clear,01 - Dry,10 - No control,01 - Non intersection,01 - Daylight,03 - P.D. only,04 - Sideswipe,Braemar Park - Bel Air Heights - Copeland Park
8500,WALKLEY RD btwn SPRINGLAND DR & MCCARTHY RD,368725.3051,5024984.712,-75.68401267,45.3618916,2014-07-11,15:25,01 - Clear,01 - Dry,10 - No control,04 - At/near private drive,01 - Daylight,03 - P.D. only,02 - Angle,Riverside Park
8501,SOMERSET ST    W btwn BELL ST N & ARTHUR ST,366788.3958,5030372.259,-75.7080577,45.41054138,2014-07-12,10:00,01 - Clear,01 - Dry,10 - No control,01 - Non intersection,01 - Daylight,03 - P.D. only,99 - Other,Centretown West
8502,MEADOWBREEZE DR btwn BURNSTEAD CRES & GLENRILL PL,356274.0997,5015728.22,-75.84389887,45.27962536,2014-07-11,6:50,01 - Clear,01 - Dry,10 - No control,01 - Non intersection,01 - Daylight,03 - P.D. only,06 - SMV unattended vehicle,Bridlewood - Emerald Meadows
8503,HWY 417 ST.LAURE IC115R51 @ ST. LAURENT BLVD,372530.3147,5031411.158,-75.63456621,45.41935678,2014-07-06,0:10,01 - Clear,01 - Dry,01 - Traffic signal,02 - Intersection related,07 - Dark,03 - P.D. only,03 - Rear end,Industrial Park
8504,QUEEN MARY ST btwn QUILL ST & EDITH AVE,370873.352,5032015.164,-75.65565494,45.42494982,2014-07-09,1:04,01 - Clear,01 - Dry,10 - No control,01 - Non intersection,07 - Dark,03 - P.D. only,06 - SMV unattended vehicle,Overbrook
8505,LONGFIELDS DR @ PAUL METIVIER DR,364841.334,5014200.437,-75.73489269,45.26519892,2014-07-17,18:45,01 - Clear,01 - Dry,02 - Stop sign,03 - At intersection,01 - Daylight,03 - P.D. only,02 - Angle,New Barrhaven
8506,STITTSVILLE MAIN ST @ HAZELDEAN RD,349558.872,5014877.769,-75.92956486,45.27243232,2014-07-18,12:47,01 - Clear,01 - Dry,01 - Traffic signal,03 - At intersection,01 - Daylight,03 - P.D. only,05 - Turning movement,Stittsville
8507,REGIONAL ROAD 174 btwn QUIGLEY HILL RD & REGIONAL ROAD 174 DIVIDED,386222.8296,5042150.719,-75.45785563,45.51452114,2014-07-18,17:19,01 - Clear,01 - Dry,10 - No control,01 - Non intersection,01 - Daylight,03 - P.D. only,03 - Rear end,Cumberland - Estates
8508,WALKLEY RD btwn MARTHA AVE & AUDREY AVE,374033.2601,5028120.824,-75.61582636,45.38960485,2014-07-24,15:52,01 - Clear,01 - Dry,10 - No control,01 - Non intersection,01 - Daylight,03 - P.D. only,04 - Sideswipe,Hawthorne Meadows
8509,PARKDALE AVE @ GLADSTONE AVE,365217.1756,5029116.665,-75.72828305,45.39938124,2014-07-24,16:04,01 - Clear,01 - Dry,01 - Traffic signal,02 - Intersection related,01 - Daylight,03 - P.D. only,03 - Rear end,Civi
8510,HUNTER'S RUN DR btwn BEAUSEJOUR DR & JEANNE D'ARC BLVD,380630.391,5036001.428,-75.53037323,45.45982553,2014-07-17,14:58,01 - Clear,01 - Dry,10 - No control,04 - At/near private drive,01 - Daylight,03 - P.D. only,05 - Turning movement,Chapel Hill
8511,DONALD ST btwn 110 E OF ST. LAURENT BLVD & ELAINE DR,372231.6276,5032487.751,-75.63823491,45.42907232,2014-07-18,17:27,01 - Clear,01 - Dry,10 - No control,04 - At/near private drive,01 - Daylight,03 - P.D. only,02 - Angle,Cummings
8512,VIEWMOUNT DR @ MERIVALE RD,365196.8469,5022947.547,-75.72929701,45.34387437,2014-07-18,21:08,01 - Clear,01 - Dry,01 - Traffic signal,03 - At intersection,07 - Dark,03 - P.D. only,05 - Turning movement,Borden Farm - Stewart Farm - Parkwood Hills - Fisher Glen
8513,TREMBLAY RD btwn AVENUE U & ST. LAURENT BLVD,372344.8899,5031381.978,-75.63693923,45.41911216,2014-07-16,10:45,01 - Clear,01 - Dry,10 - No control,04 - At/near private drive,01 - Daylight,03 - P.D. only,03 - Rear end,Industrial Park
8514,CARLING AVE @ HOLLAND AVE,365417.1726,5028037.599,-75.72586128,45.38965476,2014-07-16,22:08,01 - Clear,01 - Dry,01 - Traffic signal,03 - At intersection,07 - Dark,03 - P.D. only,02 - Angle,Civic Hospital - Experimental Farm - Central Park
8515,CATHERINE ST btwn BANK ST & O'CONNOR ST,368229.2989,5030383.801,-75.68964956,45.41051612,2014-07-30,9:48,02 - Rain,02 - Wet,10 - No control,04 - At/near private drive,01 - Daylight,03 - P.D. only,02 - Angle,Centretown
8516,ALDERCREST DR btwn FIELDROW ST & OAKVIEW AVE,364312.5227,5022908.386,-75.74058527,45.34359759,2014-08-02,19:30,01 - Clear,01 - Dry,10 - No control,01 - Non intersection,05 - Dusk,03 - P.D. only,06 - SMV unattended vehicle,Crestview - Meadowlands
8517,RICHARD AVE btwn CLEMENTINE BLVD & GILLES ST,369601.4146,5026971.99,-75.67256986,45.3796921,2014-07-16,0:00,00 - Unknown,01 - Dry,10 - No control,01 - Non intersection,00 - Unknown,03 - P.D. only,06 - SMV unattended vehicle,Alta Vista
8518,MEADOWLANDS DR btwn NESS ST & NE/OT BOUNDARY,366489.2829,5024994.261,-75.71255087,45.36217786,2014-07-18,17:40,01 - Clear,01 - Dry,10 - No control,01 - Non intersection,01 - Daylight,03 - P.D. only,04 - Sideswipe,Borden Farm - Stewart Farm - Parkwood Hills - Fisher Glen
8519,BANK ST @ CHAMBERLAIN AVE N/ISABELLA ST,368082.5936,5030165.851,-75.69155161,45.40856836,2014-07-18,22:25,01 - Clear,01 - Dry,01 - Traffic signal,03 - At intersection,07 - Dark,03 - P.D. only,07 - SMV other,The Glebe
8520,White Alder btwn Mocha Priv and Meadowlilly Rd ,375589.5897,5020783.368,-75.59700374,45.32343021,2014-09-08,7:27,01 - Clear,01 - Dry,10 - No control,01 - Non intersection,01 - Daylight,03 - P.D. only,06 - SMV unattended vehicle,Greenbelt
8521,NICHOLAS ST btwn BESSERER ST & DALY AVE,368220.592,5032059.844,-75.68954507,45.42559738,2014-05-29,9:37,01 - Clear,01 - Dry,10 - No control,01 - Non intersection,01 - Daylight,03 - P.D. only,07 - SMV other,Byward Market - Parliament Hill
8522,INNES RD @ JEANNE D'ARC BLVD/MER BLEUE RD,382639.1754,5035567.554,-75.50475987,45.45570099,2014-07-14,7:04,01 - Clear,01 - Dry,01 - Traffic signal,03 - At intersection,01 - Daylight,03 - P.D. only,02 - Angle,Chapel Hill South
8523,EAGLESON RD @ FERNBANK RD,354799.1032,5015586.477,-75.86271262,45.27845638,2014-07-16,2:25,01 - Clear,01 - Dry,01 - Traffic signal,03 - At intersection,07 - Dark,03 - P.D. only,07 - SMV other,Glen Cairn - Kanata South Business Park
8524,BAYSHORE DR btwn WOODRIDGE CRES S & BAYSHORE CS,359228.0923,5023519.138,-75.80539336,45.34950608,2014-07-12,10:00,01 - Clear,01 - Dry,10 - No control,01 - Non intersection,01 - Daylight,03 - P.D. only,04 - Sideswipe,Bayshore
8525,CANOTEK RD btwn SHEFFORD RD & RAINBOW ST,376076.3696,5035112.609,-75.58872569,45.45230794,2014-07-08,11:48,01 - Clear,01 - Dry,10 - No control,04 - At/near private drive,01 - Daylight,03 - P.D. only,05 - Turning movement,Greenbelt
8526,REGIONAL ROAD 174 btwn QUIGLEY HILL RD & REGIONAL ROAD 174 DIVIDED,386286.7385,5042179.123,-75.45703306,45.51476922,2014-07-18,17:03,01 - Clear,01 - Dry,10 - No control,01 - Non intersection,01 - Daylight,03 - P.D. only,03 - Rear end,Cumberland - Estates
8527,FALLOWFIELD RD @ GREENBANK RD,363080.2018,5016731.507,-75.75703574,45.28812169,2014-07-20,14:53,01 - Clear,01 - Dry,01 - Traffic signal,03 - At intersection,01 - Daylight,03 - P.D. only,05 - Turning movement,Greenbelt
8528,MONTREAL RD @ ST. LAURENT BLVD,371545.229,5033815.699,-75.64682595,45.44108642,2014-07-20,17:25,01 - Clear,01 - Dry,01 - Traffic signal,02 - Intersection related,01 - Daylight,03 - P.D. only,99 - Other,Cummings
8529,LAJOIE ST @ MONTREAL RD,370535.1885,5033326.587,-75.65980076,45.43678131,2014-07-24,16:44,01 - Clear,01 - Dry,01 - Traffic signal,02 - Intersection related,01 - Daylight,03 - P.D. only,03 - Rear end,Vanier South
8530,FALLOWFIELD RD @ STRANDHERD DR,360753.2227,5014962.329,-75.78689749,45.27239159,2014-06-08,4:47,01 - Clear,01 - Dry,01 - Traffic signal,02 - Intersection related,07 - Dark,03 - P.D. only,07 - SMV other,Munster Hamlet - Richmond
8531,CAMPEAU DR/HWY 417 MARCH IC138R63 @ MARCH RD,352842.1319,5020477.227,-75.88718075,45.32260095,2014-06-12,17:30,02 - Rain,02 - Wet,01 - Traffic signal,02 - Intersection related,01 - Daylight,03 - P.D. only,03 - Rear end,Greenbelt
8532,PRINCE OF WALES DR @ WEST HUNT CLUB RD,367460.1321,5021890.555,-75.70055265,45.33416523,2014-07-18,8:20,01 - Clear,01 - Dry,01 - Traffic signal,02 - Intersection related,01 - Daylight,03 - P.D. only,03 - Rear end,Industrial Park
8533,WEST HUNT CLUB RD @ ROYDON PL/SUNDERLAND ST,365976.0773,5022168.542,-75.71945077,45.33679747,2014-07-19,10:30,01 - Clear,01 - Dry,01 - Traffic signal,03 - At intersection,01 - Daylight,03 - P.D. only,05 - Turning movement,Industrial Park
8534,RIDEAU ST btwn MACKENZIE AVE & SUSSEX DR,367917.4503,5032041.666,-75.69342087,45.42546124,2014-07-21,10:17,01 - Clear,01 - Dry,10 - No control,01 - Non intersection,01 - Daylight,03 - P.D. only,04 - Sideswipe,Byward Market - Parliament Hill
8535,LISGAR ST btwn ELGIN ST & CARTIER ST,368096.3053,5031355.784,-75.69122363,45.41927374,2014-06-13,10:00,02 - Rain,02 - Wet,10 - No control,01 - Non intersection,01 - Daylight,03 - P.D. only,99 - Other,Golden Triangle
8536,BASELINE RD @ CENTREPOINTE DR E/HIGHGATE RD,362062.1174,5023465.33,-75.76923489,45.34879625,2014-07-30,10:31,01 - Clear,01 - Dry,01 - Traffic signal,02 - Intersection related,01 - Daylight,03 - P.D. only,03 - Rear end,Iris
8537,ARMSTRONG ST @ HOLLAND AVE,364863.1742,5029307.507,-75.73278111,45.40112885,2014-07-30,14:00,01 - Clear,01 - Dry,02 - Stop sign,03 - At intersection,01 - Daylight,03 - P.D. only,02 - Angle,Island Park
8538,BOOTH ST @ CARLING AVE,367092.3422,5029106.56,-75.70433485,45.39912599,2014-08-03,7:05,01 - Clear,01 - Dry,01 - Traffic signal,02 - Intersection related,01 - Daylight,03 - P.D. only,04 - Sideswipe,Centretown West
8539,INNES RD @ 215 W OF CYRVILLE RD/HOME DEPOT W,374864.1021,5031000.305,-75.60480792,45.41543033,2014-07-26,9:30,01 - Clear,01 - Dry,01 - Traffic signal,02 - Intersection related,01 - Daylight,03 - P.D. only,03 - Rear end,Industrial Park
8540,GREENBANK RD @ BERRIGAN DR/WESSEX RD,363723.2078,5015275.477,-75.74901218,45.27496671,2014-07-30,16:23,02 - Rain,02 - Wet,01 - Traffic signal,03 - At intersection,01 - Daylight,03 - P.D. only,07 - SMV other,New Barrhaven
8541,PRESTON ST btwn PAMILLA ST & ADELINE ST,366755.543,5029102.97,-75.70863685,45.39912357,2014-07-08,11:45,01 - Clear,01 - Dry,10 - No control,01 - Non intersection,01 - Daylight,03 - P.D. only,03 - Rear end,Little Italy
8542,BANK ST btwn HERON RD & ANOKA ST,370003.7769,5026827.846,-75.66745179,45.37835781,2014-05-30,12:29,01 - Clear,01 - Dry,10 - No control,04 - At/near private drive,01 - Daylight,03 - P.D. only,02 - Angle,Alta Vista
8543,CARP RD @ MCGEE SIDE RD,344198.9232,5019441.487,-75.99751006,45.31381929,2014-05-31,23:35,01 - Clear,01 - Dry,02 - Stop sign,02 - Intersection related,07 - Dark,03 - P.D. only,07 - SMV other,Stittsville - Basswood
8544,BRIDGE ST @ LONG ISLAND RD,369062.0787,5010346.346,-75.68161119,45.23014719,2014-07-17,11:00,01 - Clear,01 - Dry,01 - Traffic signal,02 - Intersection related,01 - Daylight,03 - P.D. only,03 - Rear end,Manotick
8545,MERIVALE RD @ 170 N OF HUNTCLUB RD/COSTCO/CANA,365548.8169,5022099.913,-75.72491013,45.33621708,2014-07-12,12:43,01 - Clear,01 - Dry,01 - Traffic signal,03 - At intersection,01 - Daylight,03 - P.D. only,02 - Angle,Tanglewood
8546,CLYDE AVE btwn CARLING AVE & DOHENY ST,363568.8524,5026754.638,-75.74961675,45.37826841,2014-07-08,15:28,02 - Rain,02 - Wet,10 - No control,04 - At/near private drive,01 - Daylight,03 - P.D. only,02 - Angle,Carlingwood West - Glabar Park - McKellar Heights
8547,BRONSON AVE btwn SOMERSET ST W & MACLAREN ST,366997.1648,5030406.916,-75.70538642,45.41083469,2014-07-18,16:00,01 - Clear,01 - Dry,10 - No control,01 - Non intersection,01 - Daylight,03 - P.D. only,03 - Rear end,Chinatown
8548,STRANDHERD DR btwn GREENBANK RD & Continuation of STRANDHERD DR,363955.9588,5014800.531,-75.74610257,45.2706736,2014-07-18,16:15,01 - Clear,01 - Dry,10 - No control,01 - Non intersection,01 - Daylight,03 - P.D. only,03 - Rear end,New Barrhaven
8549,MERIVALE RD @ WEST HUNT CLUB RD,365613.1691,5021942.498,-75.72410848,45.33479511,2014-07-19,12:15,01 - Clear,01 - Dry,01 - Traffic signal,02 - Intersection related,01 - Daylight,03 - P.D. only,04 - Sideswipe,Industrial Park
8550,GREENFIELD AVE btwn HWY417 IC118 RAMP43 & MANN AVE,369096.6321,5031215.927,-75.6784614,45.41792415,2014-07-21,16:33,01 - Clear,01 - Dry,10 - No control,01 - Non intersection,01 - Daylight,03 - P.D. only,03 - Rear end,Old Ottawa East
8551,MERIVALE RD btwn KINGSTON AVE & CALDWELL AVE,364905.9762,5026246.526,-75.73260721,45.37358307,2014-07-24,16:48,01 - Clear,01 - Dry,10 - No control,04 - At/near private drive,01 - Daylight,03 - P.D. only,02 - Angle,Carlington
8552,BRONSON AVE btwn RAYMOND ST & HWY417 IC121A RAMP51,367256.9739,5029783.296,-75.7021465,45.4052004,2014-07-25,7:30,01 - Clear,01 - Dry,10 - No control,01 - Non intersection,01 - Daylight,03 - P.D. only,04 - Sideswipe,Centretown West
8553,LEITRIM RD btwn LIMEBANK RD & HIGH RD,369899.7279,5018210.6,-75.66991399,45.30083173,2014-07-20,13:10,01 - Clear,01 - Dry,10 - No control,01 - Non intersection,01 - Daylight,03 - P.D. only,07 - SMV other,Greenbelt
8554,ARMSTRONG ST @ PARKDALE AVE,365090.1851,5029405.826,-75.72986962,45.40199399,2014-07-21,12:51,01 - Clear,01 - Dry,01 - Traffic signal,03 - At intersection,01 - Daylight,03 - P.D. only,02 - Angle,Islan
8555,INNES RD @ STONEHENGE CRES E,375362.3207,5031312.605,-75.59839838,45.41819017,2014-07-24,18:22,01 - Clear,01 - Dry,01 - Traffic signal,02 - Intersection related,01 - Daylight,03 - P.D. only,03 - Rear end,Greenbelt
8556,ST. LAURENT BLVD btwn THURSTON DR & WALKLEY RD,373811.5226,5027557.378,-75.6187366,45.3845571,2014-07-18,13:06,01 - Clear,01 - Dry,10 - No control,04 - At/near private drive,01 - Daylight,03 - P.D. only,05 - Turning movement,Industrial Park
8557,STRANDHERD @ KENNEVALE DR,361491.3861,5014097.653,-75.77758933,45.26455204,2014-07-18,13:13,01 - Clear,01 - Dry,01 - Traffic signal,02 - Intersection related,01 - Daylight,03 - P.D. only,03 - Rear end,Munster Hamlet - Richmond
8558,BRONSON AVE @ CATHERINE ST/RAYMOND ST,367252.2346,5029796.567,-75.70220535,45.40532023,2014-07-30,12:30,02 - Rain,02 - Wet,01 - Traffic signal,02 - Intersection related,01 - Daylight,03 - P.D. only,04 - Sideswipe,Centretown West
8559,GREENBANK RD btwn LISA AVE & BASELINE RD,360590.0834,5022600.177,-75.78811673,45.34113026,2014-07-30,15:18,02 - Rain,02 - Wet,10 - No control,04 - At/near private drive,01 - Daylight,03 - P.D. only,05 - Turning movement,Qualicum - Redwood Park
8560,WEST HUNT CLUB RD @ ROYDON PL/SUNDERLAND ST,365974.0371,5022170.536,-75.71947655,45.33681559,2014-08-03,11:27,01 - Clear,01 - Dry,01 - Traffic signal,02 - Intersection related,01 - Daylight,03 - P.D. only,03 - Rear end,Industrial Park
8561,MEADOWLANDS DR @ MERIVALE RD,364857.2781,5023725.51,-75.73353527,45.35090353,2014-08-03,14:55,01 - Clear,01 - Dry,01 - Traffic signal,02 - Intersection related,01 - Daylight,03 - P.D. only,04 - Sideswipe,Cityview - Skyline - Fisher Heights
8562,ROYDON PL btwn WOODFIELD DR & WEST HUNT CLUB RD,365508.4497,5022327.981,-75.72539715,45.3382727,2014-07-17,18:20,01 - Clear,01 - Dry,10 - No control,04 - At/near private drive,01 - Daylight,03 - P.D. only,05 - Turning movement,Industrial Park
8563,RUSSELL RD btwn ST. LAURENT BLVD & SOUTHVALE CRES,373622.7759,5029222.114,-75.62091438,45.39955421,2014-07-18,7:20,01 - Clear,01 - Dry,10 - No control,04 - At/near private drive,01 - Daylight,03 - P.D. only,02 - Angle,Sheffield Glen
8564,HUNT CLUB RD @ BRIDLE PATH DR/DAZE ST,371291.255,5023863.556,-75.65141343,45.35156513,2014-07-31,19:24,01 - Clear,01 - Dry,01 - Traffic signal,02 - Intersection related,01 - Daylight,03 - P.D. only,04 - Sideswipe,South Keys - Heron Gate - Greenboro West
8565,INNES RD btwn PRESTWICK DR & TENTH LINE RD,383923.7982,5036149.134,-75.48824385,45.46078924,2014-08-01,11:20,01 - Clear,01 - Dry,10 - No control,04 - At/near private drive,01 - Daylight,03 - P.D. only,02 - Angle,Queenswood Heights
8566,AGES DR @ HAWTHORNE RD,374972.2151,5027716.588,-75.60389396,45.38587429,2014-07-09,10:49,01 - Clear,01 - Dry,01 - Traffic signal,03 - At intersection,01 - Daylight,03 - P.D. only,05 - Turning movement,Industrial Park
8567,SPRATT RD btwn LIMEBANK RD & END,370109.5283,5017001.607,-75.66739832,45.28993397,2014-06-04,8:00,01 - Clear,01 - Dry,10 - No control,04 - At/near private drive,01 - Daylight,03 - P.D. only,05 - Turning movement,Gloucester
8568,CUBA AVE @ SMYTH RD,373008.2078,5029348.501,-75.62874597,45.40075153,2014-06-05,16:12,01 - Clear,01 - Dry,02 - Stop sign,02 - Intersection related,01 - Daylight,03 - P.D. only,05 - Turning movement,Elmvale - Eastway - Riverview - Riverview Park West
8569,TENTH LINE RD @ CHARLEMAGNE BLVD N/TOMPKINS AV,383183.456,5037977.882,-75.49741746,45.47732613,2014-06-04,16:53,01 - Clear,01 - Dry,01 - Traffic signal,02 - Intersection related,01 - Daylight,03 - P.D. only,99 - Other,Queenswood Heights
8570,ROGER STEVENS DR btwn DWYER HILL RD & MALAKOFF RD,355896.4925,4990523.249,-75.85129108,45.05284892,2014-06-07,7:30,01 - Clear,01 - Dry,10 - No control,01 - Non intersection,01 - Daylight,03 - P.D. only,07 - SMV other,Munster Hamlet - Richmond
8571,INNES RD btwn VISENEAU DR & BELCOURT BLVD,381951.7437,5035163.949,-75.51361127,45.45214593,2014-07-12,18:27,01 - Clear,01 - Dry,10 - No control,01 - Non intersection,01 - Daylight,03 - P.D. only,04 - Sideswipe,Chapel Hill South
8572,MARCH RD @ SOLANDT RD,350489.6085,5022710.756,-75.91698146,45.34285582,2014-07-08,17:29,01 - Clear,01 - Dry,01 - Traffic signal,02 - Intersection related,01 - Daylight,03 - P.D. only,03 - Rear end,South March
8573,BATHGATE DR btwn LEIGH CRES & OGILVIE RD,373801.7595,5032849.79,-75.61812052,45.43217661,2014-07-21,17:53,01 - Clear,01 - Dry,10 - No control,01 - Non intersection,01 - Daylight,03 - P.D. only,99 - Other,Carson Grove - Carson Meadows
8574,BEAVERHILL DR @ LAPORTE ST,375897.4657,5034111.852,-75.59115732,45.44332197,2014-07-25,11:20,01 - Clear,01 - Dry,02 - Stop sign,02 - Intersection related,01 - Daylight,03 - P.D. only,02 - Angle,Beacon Hill South - Cardinal Heights
8575,REGIONAL ROAD 174 btwn MCTEER RD & CANAAN RD,395628.2141,5043363.314,-75.33727351,45.52426873,2014-07-25,14:33,01 - Clear,01 - Dry,10 - No control,01 - Non intersection,01 - Daylight,03 - P.D. only,03 - Rear end,Cumberland - Estates
8576,HAWTHORNE RD/RUSSELL RD @ WALKLEY RD,374677.1136,5028499.541,-75.60755111,45.39294842,2014-06-15,15:00,01 - Clear,01 - Dry,01 - Traffic signal,02 - Intersection related,01 - Daylight,03 - P.D. only,03 - Rear end,Sheffield Glen
8577,MERIVALE RD @ COLDREY AVE/CRERAR AVE,364894.2299,5027391.597,-75.7326178,45.38388722,2014-07-26,18:57,01 - Clear,01 - Dry,01 - Traffic signal,03 - At intersection,01 - Daylight,03 - P.D. only,02 - Angle,Carlington
8578,YORK ST WB btwn BYWARD MARKE SQ & SUSSEX DR,367894.0998,5032320.875,-75.69368347,45.42797557,2014-07-18,14:00,01 - Clear,01 - Dry,10 - No control,01 - Non intersection,01 - Daylight,03 - P.D. only,06 - SMV unattended vehicle,Byward Market
8579,MARCH RD @ SOLANDT RD,350489.1346,5022709.555,-75.91698761,45.34284505,2014-07-18,17:37,01 - Clear,01 - Dry,01 - Traffic signal,02 - Intersection related,01 - Daylight,03 - P.D. only,03 - Rear end,South March
8580,NORTHSIDE RD btwn LARKSPUR DR & FOOTHILLS DR,358588.1994,5021341.022,-75.81379582,45.32995667,2014-07-31,8:47,01 - Clear,01 - Dry,10 - No control,04 - At/near private drive,01 - Daylight,03 - P.D. only,03 - Rear end,Bells Corners East
8581,MOODIE DR btwn 200 N OF ROBERTSON RD & ROBERTSON RD,357058.2398,5020475.857,-75.83340428,45.32228742,2014-08-03,15:16,01 - Clear,01 - Dry,10 - No control,01 - Non intersection,01 - Daylight,03 - P.D. only,04 - Sideswipe,Bells Corners West
8582,BATHGATE DR @ MATHESON RD,373643.138,5033371.634,-75.62007458,45.43688752,2014-07-18,16:50,01 - Clear,01 - Dry,02 - Stop sign,02 - Intersection related,01 - Daylight,03 - P.D. only,03 - Rear end,Carson Grove - Carson Meadows
8583,LISGAR ST btwn METCALFE ST & ELGIN ST,368058.514,5031336.799,-75.69170891,45.41910634,2014-07-18,18:22,01 - Clear,01 - Dry,10 - No control,01 - Non intersection,01 - Daylight,03 - P.D. only,06 - SMV unattended vehicle,Centretown
8584,GREENBANK RD btwn WEST HUNT CLUB RD & FALLOWFIELD RD,361732.2919,5019892.991,-75.77385461,45.31667928,2014-07-18,18:15,01 - Clear,01 - Dry,10 - No control,01 - Non intersection,01 - Daylight,03 - P.D. only,07 - SMV other,Greenbelt
8585,RIDEAU RD btwn POWER RD & HAWTHORNE RD,378535.3014,5018878.672,-75.55971652,45.30598944,2014-08-01,11:45,01 - Clear,01 - Dry,10 - No control,01 - Non intersection,01 - Daylight,03 - P.D. only,03 - Rear end,Greenbelt
8586,CARLING AVE EB btwn BAYSHORE DR & CARLING AVE,359033.781,5023992.508,-75.80782104,45.35378052,2014-08-02,13:13,01 - Clear,01 - Dry,10 - No control,01 - Non intersection,01 - Daylight,03 - P.D. only,04 - Sideswipe,Bayshore
8587,BRONSON AVE @ HWY 417 BRONSON IC121AR51,367289.2104,5029711.142,-75.70174388,45.4045483,2014-06-07,0:22,01 - Clear,01 - Dry,01 - Traffic signal,03 - At intersection,07 - Dark,03 - P.D. only,02 - Angle,Centretown West
8588,TERRY FOX DR btwn CAMPEAU DR & DIDSBURY RD,350562.2212,5018964.386,-75.9164012,45.30914035,2014-06-18,8:57,01 - Clear,01 - Dry,10 - No control,04 - At/near private drive,01 - Daylight,03 - P.D. only,07 - SMV other,Kanata
8589,LONGFIELDS DR @ PAUL METIVIER DR,364841.334,5014200.437,-75.73489269,45.26519892,2014-07-13,2:40,01 - Clear,01 - Dry,02 - Stop sign,02 - Intersection related,07 - Dark,03 - P.D. only,07 - SMV other,New Barrhaven