Record,Location,X,Y,lon,lat,Date,Time,Environment,Road_Surface,Traffic_Control,Collision_Location,Light,Collision_Classification,Impact_type,Neighborhood
8590,Panisset Ave btwn Laughlin Circ  and Laughlin Circ ,349017.4069,5020361.69,-75.93597629,45.32181265,2014-12-02,12:00,01 - Clear,01 - Dry,10 - No control,04 - At/near private drive,01 - Daylight,03 - P.D. only,06 - SMV unattended vehicle,Kanata Lakes - Marchwood Lakeside - Morgan's Grant - Kanata
8591,CARLING AVE @ CLYDE AVE/COLE AVE,363520.6906,5026850.796,-75.75022021,45.37913766,2014-07-19,12:01,01 - Clear,01 - Dry,01 - Traffic signal,03 - At intersection,01 - Daylight,03 - P.D. only,05 - Turning movement,Carlingwood - McKellar Park - Laurentien View
8592,LAFONTAINE AVE @ RICHELIEU AVE,370927.7058,5033170.846,-75.65480524,45.43534301,2014-07-19,22:57,01 - Clear,01 - Dry,02 - Stop sign,03 - At intersection,07 - Dark,03 - P.D. only,02 - Angle,Vanier South
8593,LEES AVE @ KING EDWARD AVE/MANN AVE,369176.7706,5031336.018,-75.67742186,45.41899731,2014-07-21,19:26,01 - Clear,01 - Dry,01 - Traffic signal,03 - At intersection,01 - Daylight,03 - P.D. only,05 - Turning movement,Sandy Hill
8594,CARLING AVE @ MAITLAND AVE/SHERBOURNE RD,362942.224,5026488.527,-75.75764844,45.37592626,2014-07-16,10:05,01 - Clear,01 - Dry,01 - Traffic signal,02 - Intersection related,01 - Daylight,03 - P.D. only,03 - Rear end,Carlingwood - McKellar Park - Laurentien View
8595,WAVERLEY ST @ O'CONNOR ST,368009.1821,5030763.674,-75.6924127,45.41395401,2014-07-25,14:49,01 - Clear,01 - Dry,02 - Stop sign,03 - At intersection,01 - Daylight,03 - P.D. only,02 - Angle,Centretown
8596,HERON RD btwn FINN CRT & BAYCREST DR,371121.4544,5026978.597,-75.65316214,45.3796093,2014-07-25,15:33,01 - Clear,01 - Dry,10 - No control,01 - Non intersection,01 - Daylight,03 - P.D. only,03 - Rear end,Ledbury - Heron Gate - Ridgemont - Elmwood
8597,BANK ST btwn SIEVERIGHT AVE & ATHANS AVE,372518.3407,5023999.492,-75.63573606,45.35267082,2014-06-21,12:50,01 - Clear,01 - Dry,10 - No control,04 - At/near private drive,01 - Daylight,03 - P.D. only,05 - Turning movement,Blossom Park - Blossom Park West - Sawmill Creek/ Timbermill
8598,GREENBANK RD @ STRANDHERD DR,363933.5654,5014783.469,-75.74638996,45.27052196,2014-07-23,10:47,01 - Clear,01 - Dry,01 - Traffic signal,03 - At intersection,01 - Daylight,03 - P.D. only,02 - Angle,New Barrhaven
8599,DONALD ST @ OKEE ST,371886.4359,5032448.414,-75.64265127,45.42875158,2014-07-24,12:38,01 - Clear,01 - Dry,02 - Stop sign,03 - At intersection,01 - Daylight,03 - P.D. only,05 - Turning movement,Overbrook
8600,CARLING AVE @ HARTLEIGH AVE,361400.2089,5025513.533,-75.77744679,45.3672796,2014-07-27,15:34,01 - Clear,01 - Dry,02 - Stop sign,02 - Intersection related,01 - Daylight,03 - P.D. only,07 - SMV other,Carlingwood West - Glabar Park - McKellar Heights
8601,CYRUS CRT btwn JAMES CUMMINGS AVE & END,356021.5108,5023987.704,-75.84626418,45.3539638,2014-07-19,0:00,01 - Clear,01 - Dry,10 - No control,01 - Non intersection,00 - Unknown,03 - P.D. only,06 - SMV unattended vehicle,Crystal Bay - Lakeview Park - Britannia Village
8602,WEST HUNT CLUB RD @ WOODROFFE AVE,363671.1649,5021245.541,-75.74896648,45.32868956,2014-07-31,14:48,01 - Clear,01 - Dry,01 - Traffic signal,02 - Intersection related,01 - Daylight,03 - P.D. only,03 - Rear end,Merivale Gardens - Grenfell Glen - Pineglen - Country Place
8603,PRESTON ST @ PRINCE OF WALES DR/QUEEN ELIZABET,366900.2376,5028776.548,-75.70682993,45.39617369,2014-07-31,14:30,01 - Clear,01 - Dry,01 - Traffic signal,02 - Intersection related,01 - Daylight,03 - P.D. only,03 - Rear end,The Glebe
8604,BLAIR RD btwn LAURA PRIV & BEAVERPOND DR,375376.3607,5031919.922,-75.59813201,45.42365305,2014-08-04,16:56,01 - Clear,02 - Wet,10 - No control,01 - Non intersection,01 - Daylight,03 - P.D. only,04 - Sideswipe,Pineview
8605,FOULIS CRES btwn YOUNG RD & YOUNG RD,352294.9769,5017569.942,-75.89443844,45.29647775,2014-07-19,3:24,01 - Clear,01 - Dry,10 - No control,01 - Non intersection,07 - Dark,03 - P.D. only,06 - SMV unattended vehicle,Katimavik - Hazeldean
8606,HIGHWAY 17 btwn OLD BARN RD & KINBURN SIDE RD,325824.5446,5025530.464,-76.23159257,45.36940205,2014-07-18,11:00,01 - Clear,01 - Dry,10 - No control,01 - Non intersection,01 - Daylight,03 - P.D. only,07 - SMV other,Antrim
8607,POULIN AVE @ RICHMOND RD,360327.1012,5024898.618,-75.79121403,45.36183245,2014-08-02,13:00,01 - Clear,01 - Dry,01 - Traffic signal,02 - Intersection related,01 - Daylight,03 - P.D. only,05 - Turning movement,Woodroffe - Lincoln Heights
8608,GREENBANK RD @ WEST HUNT CLUB RD,361480.1509,5020502.479,-75.77700055,45.32218386,2014-08-02,18:00,01 - Clear,01 - Dry,01 - Traffic signal,02 - Intersection related,01 - Daylight,03 - P.D. only,03 - Rear end,Greenbelt
8609,INDUSTRIAL AVE btwn RUSSELL RD & ST. LAURENT BLVD,372682.7042,5030086.655,-75.63280168,45.40742475,2014-06-09,15:04,01 - Clear,01 - Dry,10 - No control,01 - Non intersection,01 - Daylight,03 - P.D. only,03 - Rear end,Industrial Park
8610,BASELINE RD @ WOODROFFE AVE,362550.0457,5023771.453,-75.76297283,45.35151072,2014-06-09,15:15,01 - Clear,01 - Dry,01 - Traffic signal,03 - At intersection,01 - Daylight,03 - P.D. only,02 - Angle,Iris
8611,JOCKVALE RD @ STRANDHERD DR,363558.6004,5014577.209,-75.75119258,45.26869745,2014-07-07,14:15,01 - Clear,01 - Dry,01 - Traffic signal,02 - Intersection related,01 - Daylight,03 - P.D. only,03 - Rear end,Barrhaven West - Old Barrhaven
8612,LAURIER AVE   W btwn LYON ST N & KENT ST,367216.0185,5031102.696,-75.70250256,45.41707562,2014-07-08,15:52,01 - Clear,01 - Dry,10 - No control,01 - Non intersection,01 - Daylight,03 - P.D. only,04 - Sideswipe,Downtown
8613,CATHERINE ST/HWY 417 O'CONN IC119BR76 @ O'CONN,368243.883,5030392.567,-75.68946213,45.41059367,2014-07-13,9:57,02 - Rain,02 - Wet,01 - Traffic signal,03 - At intersection,01 - Daylight,03 - P.D. only,02 - Angle,Centretown
8614,CONROY RD btwn THURSTON DR & JOHNSTON RD,373245.7627,5026695.891,-75.62607982,45.37686132,2014-07-11,19:49,01 - Clear,01 - Dry,08 - Traffic gate,05 - At railway crossing,01 - Daylight,03 - P.D. only,03 - Rear end,Industrial Park
8615,ALBERT ST @ ELGIN ST/MACKENZIE KING BRIDGE,367853.0813,5031711.581,-75.69428561,45.42249705,2014-07-20,4:22,01 - Clear,01 - Dry,01 - Traffic signal,03 - At intersection,07 - Dark,03 - P.D. only,01 - Approaching,Downtown
8616,BASELINE RD @ WOODROFFE AVE,362549.6902,5023771.772,-75.76297733,45.35151362,2014-07-20,9:58,01 - Clear,01 - Dry,01 - Traffic signal,02 - Intersection related,01 - Daylight,03 - P.D. only,03 - Rear end,Iris
8617,BROCKINGTON CRES W @ MEDHURST DR W,363560.0634,5021894.698,-75.75030664,45.33453994,2014-07-21,16:00,01 - Clear,01 - Dry,02 - Stop sign,02 - Intersection related,01 - Daylight,03 - P.D. only,02 - Angle,Tanglewood
8618,MITCH OWENS RD btwn RIVER RD & SPRATT RD,369669.1022,5010874.224,-75.67381262,45.23484135,2014-07-25,16:21,01 - Clear,01 - Dry,10 - No control,04 - At/near private drive,01 - Daylight,03 - P.D. only,02 - Angle,Manotick
8619,SMYTH RD @ SOUTH HAVEN PL/GENERAL HOSPITAL ENTRANCE W,371120.7247,5029137.82,-75.65288128,45.39903725,2014-06-23,17:47,01 - Clear,01 - Dry,01 - Traffic signal,03 - At intersection,01 - Daylight,03 - P.D. only,05 - Turning movement,Alta Vista
8620,DALMENY RD @ RIVER RD,374387.2368,4996966.381,-75.61566728,45.1092498,2014-06-25,17:20,01 - Clear,01 - Dry,02 - Stop sign,02 - Intersection related,01 - Daylight,03 - P.D. only,07 - SMV other,Osgoode
8621,IRIS ST btwn GREENBANK RD & TO BE DETERMINED,360547.2298,5023316.997,-75.78858272,45.3475836,2014-07-24,16:25,01 - Clear,01 - Dry,10 - No control,01 - Non intersection,01 - Daylight,03 - P.D. only,04 - Sideswipe,Iris
8622,TRAINYARDS DR btwn TERMINAL AVE & BELFAST RD,371878.9561,5030896.663,-75.64295813,45.41479034,2014-07-28,13:25,01 - Clear,01 - Dry,10 - No control,01 - Non intersection,01 - Daylight,03 - P.D. only,04 - Sideswipe,Industrial Park
8623,BREWER RD @ BRONSON AVE,368109.521,5027767.384,-75.69151547,45.38698524,2014-07-28,15:20,02 - Rain,02 - Wet,01 - Traffic signal,02 - Intersection related,01 - Daylight,03 - P.D. only,03 - Rear end,Carleto
8624,MERIVALE RD @ WEST HUNT CLUB RD,365612.2213,5021941.55,-75.72412069,45.33478666,2014-07-19,19:56,01 - Clear,01 - Dry,01 - Traffic signal,02 - Intersection related,01 - Daylight,03 - P.D. only,03 - Rear end,Tanglewood
8625,HERON RD WB btwn PRINCE OF WALES DR & HERON RD WB ON RAMP/VINCENT MASS,367073.1314,5026475.612,-75.70491217,45.3754551,2014-07-20,17:15,01 - Clear,01 - Dry,10 - No control,01 - Non intersection,01 - Daylight,03 - P.D. only,04 - Sideswipe,Civic Hospital - Experimental Farm - Central Park
8626,BASELINE RD/HWY 416 RICHMOND IC75R53 @ RICHMON,358635.191,5021820.539,-75.81314421,45.33426778,2014-07-31,16:37,01 - Clear,01 - Dry,01 - Traffic signal,02 - Intersection related,01 - Daylight,03 - P.D. only,03 - Rear end,Greenbelt
8627,KING EDWARD AVE @ ST. PATRICK ST,368250.1231,5032822.641,-75.68906945,45.43245808,2014-08-04,22:18,01 - Clear,01 - Dry,01 - Traffic signal,02 - Intersection related,07 - Dark,03 - P.D. only,04 - Sideswipe,Byward Market
8628,BANK ST @ HOLMWOOD AVE,368482.1819,5029199.454,-75.6865721,45.39983678,2014-07-18,22:15,01 - Clear,01 - Dry,01 - Traffic signal,02 - Intersection related,07 - Dark,03 - P.D. only,03 - Rear end,The Glebe
8629,DEERFIELD DR btwn NAVAHO DR & DEERFIELD DR,363418.4476,5024176.091,-75.75184294,45.35507956,2014-07-21,0:00,01 - Clear,01 - Dry,10 - No control,01 - Non intersection,00 - Unknown,03 - P.D. only,06 - SMV unattended vehicle,Crestview - Meadowlands
8630,RICHMOND RD btwn STAFFORD RD & NORTHSIDE RD,358149.5101,5021094.143,-75.81941861,45.32776872,2014-08-02,15:30,01 - Clear,01 - Dry,10 - No control,01 - Non intersection,01 - Daylight,03 - P.D. only,04 - Sideswipe,Bells Corners East
8631,HAWTHORNE RD @ STEVENAGE DR,375136.2666,5027312.589,-75.60185683,45.38222285,2014-06-11,15:21,02 - Rain,02 - Wet,01 - Traffic signal,03 - At intersection,01 - Daylight,03 - P.D. only,05 - Turning movement,Industrial Park
8632,CHERRYWOOD DR btwn TRINITY DR & ABERFELDY ST (1),358374.4104,5019887.824,-75.81668026,45.31689704,2014-06-12,17:37,01 - Clear,01 - Dry,10 - No control,01 - Non intersection,01 - Daylight,03 - P.D. only,01 - Approaching,Bells Corners East
8633,JERSEY ST btwn LIBERTY WAY & LIBERTY WAY,385622.6598,5037495.614,-75.46630261,45.47270909,2014-07-08,21:00,01 - Clear,01 - Dry,10 - No control,01 - Non intersection,05 - Dusk,03 - P.D. only,06 - SMV unattended vehicle,Cardinal Creek
8634,EIGHTH LINE RD @ FARMERS WAY,383022.2657,5023978.497,-75.50170078,45.35138895,2014-07-13,15:54,01 - Clear,02 - Wet,02 - Stop sign,03 - At intersection,01 - Daylight,03 - P.D. only,02 - Angle,Greenbelt
8635,GREENBANK RD @ JOCKVALE RD,364122.1948,5014331.174,-75.74404027,45.26643631,2014-07-12,14:19,01 - Clear,01 - Dry,01 - Traffic signal,02 - Intersection related,01 - Daylight,03 - P.D. only,03 - Rear end,New Barrhaven
8636,WOODROFFE AVE @ TECUMSEH ST,362367.2673,5024230.457,-75.76525188,45.35565583,2014-07-20,10:14,01 - Clear,01 - Dry,02 - Stop sign,02 - Intersection related,01 - Daylight,03 - P.D. only,03 - Rear end,Iris
8637,BANK ST @ CATHERINE ST,368040.2124,5030267.825,-75.6920799,45.40948972,2014-07-20,11:07,01 - Clear,01 - Dry,01 - Traffic signal,03 - At intersection,01 - Daylight,03 - P.D. only,02 - Angle,Centretown
8638,RICHMOND RD @ LYNHAR RD/STAFFORD RD,358138.2356,5021085.506,-75.81956336,45.32769186,2014-07-25,19:23,01 - Clear,01 - Dry,01 - Traffic signal,02 - Intersection related,01 - Daylight,03 - P.D. only,04 - Sideswipe,Bells Corners East
8639,LORNE AVE @ SOMERSET ST,366651.4149,5030306.566,-75.70981579,45.40996241,2014-07-25,20:18,01 - Clear,01 - Dry,02 - Stop sign,03 - At intersection,01 - Daylight,03 - P.D. only,05 - Turning movement,Centretown West
8640,FISHER AVE btwn TRENT ST & 220 S OF TRENT ST,365818.8782,5026847.743,-75.72087868,45.3789138,2014-06-26,16:39,01 - Clear,01 - Dry,10 - No control,01 - Non intersection,01 - Daylight,03 - P.D. only,03 - Rear end,Civic Hospital - Experimental Farm - Central Park
8641,BARNSDALE RD @ PRINCE OF WALES DR,366647.2032,5011532.667,-75.71221459,45.24103793,2014-07-26,13:18,01 - Clear,01 - Dry,02 - Stop sign,03 - At intersection,01 - Daylight,03 - P.D. only,02 - Angle,New Barrhaven
8642,JOCKVALE RD btwn TARTAN DR & STRANDHERD DR,363514.1018,5014658.124,-75.75175005,45.26942925,2014-07-25,18:00,01 - Clear,01 - Dry,10 - No control,01 - Non intersection,01 - Daylight,03 - P.D. only,03 - Rear end,Barrhaven West - Old Barrhaven
8643,BLAIR RD @ MEADOWBROOK RD,375196.1563,5032311.569,-75.60037851,45.42719503,2014-07-28,16:45,01 - Clear,02 - Wet,01 - Traffic signal,02 - Intersection related,01 - Daylight,03 - P.D. only,04 - Sideswipe,Greenbelt
8644,VANIER PKWY/CRICHTON ST @ BEECHWOOD AVE/ST. PA,369129.2188,5033486.186,-75.67774853,45.43834808,2014-07-29,7:30,01 - Clear,01 - Dry,01 - Traffic signal,02 - Intersection related,01 - Daylight,03 - P.D. only,03 - Rear end,Vanier North
8645,ALTA VISTA DR @ SMYTH RD,370432.242,5029081.558,-75.66168184,45.39859591,2014-07-20,22:00,01 - Clear,01 - Dry,01 - Traffic signal,03 - At intersection,07 - Dark,03 - P.D. only,05 - Turning movement,Alta Vista
8646,BREADNER BLVD @ UPLANDS DR,370656.2581,5021961.605,-75.65976982,45.33451184,2014-07-31,18:11,01 - Clear,01 - Dry,02 - Stop sign,03 - At intersection,01 - Daylight,03 - P.D. only,03 - Rear end,Greenbelt
8647,RUSSLAND RD btwn ROCKDALE RD & DUNNING RD,397588.757,5023181.253,-75.31598459,45.34244041,2014-08-09,18:24,01 - Clear,01 - Dry,10 - No control,01 - Non intersection,01 - Daylight,03 - P.D. only,07 - SMV other,Navan - Vars
8648,RICHARDSON AVE btwn MIDWAY AVE & LAWN AVE,361321.7097,5025898.9,-75.77840474,45.37075343,2014-07-22,10:30,01 - Clear,01 - Dry,10 - No control,01 - Non intersection,01 - Daylight,03 - P.D. only,04 - Sideswipe,Carlingwood West - Glabar Park - McKellar Heights
8649,RICHMOND RD @ WOODROFFE AVE,361584.2125,5026655.471,-75.77496673,45.37753977,2014-02-14,7:38,03 - Snow,03 - Loose snow,01 - Traffic signal,03 - At intersection,01 - Daylight,03 - P.D. only,02 - Angle,Carlingwood - McKellar Park - Laurentien View
8650,GREENBANK RD @ HWY 417 IC129 RAMP57/IRIS ST,360531.7829,5023310.598,-75.78878055,45.34752725,2014-02-14,10:36,03 - Snow,03 - Loose snow,01 - Traffic signal,02 - Intersection related,01 - Daylight,03 - P.D. only,03 - Rear end,Iris
8651,SMYTH RD E/LANCASTER RD @ ST. LAURENT BLVD N/R,373364.6106,5029425.129,-75.62418336,45.40140618,2014-06-15,17:45,01 - Clear,01 - Dry,01 - Traffic signal,02 - Intersection related,01 - Daylight,03 - P.D. only,03 - Rear end,Sheffield Glen
8652,BOWESVILLE RD btwn HIGH RD & EARL ARMSTRONG RD,371952.3492,5018902.821,-75.64365015,45.30686695,2014-07-10,23:48,01 - Clear,01 - Dry,10 - No control,01 - Non intersection,07 - Dark,03 - P.D. only,07 - SMV other,Greenbelt
8653,RAVEN AVE btwn KIRKWOOD AVE & MERIVALE RD,364715.4735,5026790.22,-75.73497324,45.37849145,2014-07-16,0:52,01 - Clear,01 - Dry,10 - No control,01 - Non intersection,07 - Dark,03 - P.D. only,06 - SMV unattended vehicle,Carlington
8654,RAMSAYVILLE RD @ MITCH OWENS RD,381145.2984,5018039.232,-75.52656747,45.29815779,2014-07-13,15:40,02 - Rain,02 - Wet,02 - Stop sign,03 - At intersection,01 - Daylight,03 - P.D. only,07 - SMV other,Metcalfe
8655,AIRPORT PKWY @ UPLANDS DR RAMP 62,371299.5648,5021623.72,-75.65160846,45.33141098,2014-07-13,19:51,01 - Clear,01 - Dry,03 - Yield sign,02 - Intersection related,01 - Daylight,03 - P.D. only,05 - Turning movement,Hunt Club - Ottawa Airport
8656,RIVERSIDE DR NB btwn DATA CENTRE RD & BILLINGS BRIDGESC RAMP NB,369025.2057,5027752.262,-75.67982503,45.38676581,2014-07-13,21:57,01 - Clear,01 - Dry,10 - No control,01 - Non intersection,07 - Dark,03 - P.D. only,07 - SMV other,Alta Vista
8657,REGIONAL ROAD 174 btwn OR174 IC102 RAMP61 & OR174 IC101 RAMP36,382042.7154,5038522.142,-75.51192058,45.48235004,2014-07-20,15:00,01 - Clear,01 - Dry,10 - No control,01 - Non intersection,01 - Daylight,03 - P.D. only,04 - Sideswipe,Chatelaine Village
8658,SMYTH RD E/LANCASTER RD @ ST. LAURENT BLVD N/R,373366.1512,5029424.551,-75.62416376,45.40140082,2014-07-20,15:32,01 - Clear,01 - Dry,01 - Traffic signal,03 - At intersection,01 - Daylight,03 - P.D. only,03 - Rear end,Sheffield Glen
8659,LEITRIM RD btwn 810 W OF HAWTHORNE & BANK ST,376646.2723,5022356.291,-75.58329806,45.33747531,2014-07-22,12:59,01 - Clear,01 - Dry,10 - No control,01 - Non intersection,01 - Daylight,03 - P.D. only,04 - Sideswipe,Greenbelt
8660,TENTH LINE RD @ CHARLEMAGNE BLVD S/DES EPINETT,383640.9751,5036900.456,-75.49173924,45.46758093,2014-07-25,20:00,01 - Clear,01 - Dry,01 - Traffic signal,02 - Intersection related,01 - Daylight,03 - P.D. only,04 - Sideswipe,Orlans
8661,MARCH RD @ MORGAN'S GRANT WAY/SHIRLEY'S BROOK ,349660.1874,5023616.562,-75.92748252,45.35106,2014-06-26,18:32,01 - Clear,01 - Dry,01 - Traffic signal,03 - At intersection,01 - Daylight,03 - P.D. only,05 - Turning movement,Morgan's Grant
8662,BELL ST @ ORANGEVILLE ST,367092.2337,5029640.614,-75.70426878,45.40393127,2014-06-26,21:30,01 - Clear,01 - Dry,10 - No control,03 - At intersection,07 - Dark,03 - P.D. only,07 - SMV other,The Glebe Annex
8663,TERRY FOX DR btwn CASTLEFRANK RD & TRANS CANADA TRAIL,353053.2507,5016230.874,-75.88490125,45.28437682,2014-07-27,15:05,02 - Rain,02 - Wet,10 - No control,01 - Non intersection,01 - Daylight,03 - P.D. only,03 - Rear end,Glen Cairn - Kanata South Business Park
8664,O'CONNOR ST @ WELLINGTON ST,367414.1731,5031720.687,-75.69989243,45.42261841,2014-07-29,11:30,01 - Clear,01 - Dry,01 - Traffic signal,02 - Intersection related,01 - Daylight,03 - P.D. only,03 - Rear end,Downtown
8665,SHAUGHNESSY CRES btwn KNUDSON DR & WINDEYER CRES (1),350711.6375,5020438.702,-75.91435918,45.32239687,2014-07-29,14:00,01 - Clear,01 - Dry,10 - No control,04 - At/near private drive,01 - Daylight,03 - P.D. only,06 - SMV unattended vehicle,Kanata Lakes - Marchwood Lakeside - Morgan's Grant - Kanata
8666,RIVERSIDE DR NB btwn RIVERSIDE DR SPLIT & DATA CENTRE RD,368742.8983,5027526.005,-75.68345912,45.38475584,2014-07-23,16:43,01 - Clear,01 - Dry,10 - No control,04 - At/near private drive,01 - Daylight,03 - P.D. only,02 - Angle,Alta Vista
8667,JEANNE D'ARC BLVD @ ORLEANS BLVD N,380029.2017,5038106.547,-75.53773716,45.47883073,2014-07-31,22:23,01 - Clear,01 - Dry,01 - Traffic signal,03 - At intersection,07 - Dark,03 - P.D. only,05 - Turning movement,Orleans South West
8668,STONEHAVEN DR btwn STONEMEADOW DR & BRIDLE PARK DR,356093.6033,5016377.806,-75.84613223,45.28548366,2014-08-01,2:38,01 - Clear,01 - Dry,10 - No control,01 - Non intersection,07 - Dark,03 - P.D. only,07 - SMV other,Bridlewood - Emerald Meadows
8669,ELGIN ST @ LAURIER AVE,367949.1838,5031548.628,-75.69307859,45.42102219,2014-07-22,15:50,01 - Clear,01 - Dry,01 - Traffic signal,03 - At intersection,01 - Daylight,03 - P.D. only,04 - Sideswipe,Downtown
8670,OGILVIE RD @ CITY PARK DR E/CSIS HQ ACCESS,374189.2021,5033009.629,-75.61314686,45.43357642,2014-07-19,14:48,01 - Clear,01 - Dry,01 - Traffic signal,03 - At intersection,01 - Daylight,03 - P.D. only,05 - Turning movement,Industrial Park
8671,ALBERT ST @ O'CONNOR ST,367540.1243,5031520.573,-75.69830862,45.42080656,2014-07-20,10:43,01 - Clear,01 - Dry,01 - Traffic signal,02 - Intersection related,01 - Daylight,03 - P.D. only,04 - Sideswipe,Downtown
8672,GREENBANK RD @ WEST HUNT CLUB RD,361479.677,5020502.733,-75.77700656,45.32218618,2014-07-14,7:51,01 - Clear,01 - Dry,01 - Traffic signal,02 - Intersection related,01 - Daylight,03 - P.D. only,03 - Rear end,Greenbelt
8673,DUNROBIN RD btwn MARCH RD & RIDDELL DR,347172.1258,5026269.117,-75.95900691,45.3750831,2014-07-14,9:00,01 - Clear,01 - Dry,10 - No control,01 - Non intersection,01 - Daylight,03 - P.D. only,05 - Turning movement,Carp - Hardwood Plains
8674,GROVE AVE btwn LEONARD AVE & GROSVENOR AVE,368591.5307,5028218.228,-75.68530239,45.39099806,2014-07-22,7:45,01 - Clear,01 - Dry,10 - No control,01 - Non intersection,01 - Daylight,03 - P.D. only,99 - Other,Old Ottawa South
8675,REGIONAL RD 174 @ TRIM RD,384350.4315,5039989.393,-75.48216743,45.49529179,2014-06-27,7:15,01 - Clear,01 - Dry,01 - Traffic signal,02 - Intersection related,01 - Daylight,03 - P.D. only,03 - Rear end,Chatelaine Village
8676,CATHERINE ST @ LYON ST/HWY 417 LYON IC120BR36,367748.2136,5030092.312,-75.69583235,45.40793683,2014-06-09,16:15,01 - Clear,01 - Dry,01 - Traffic signal,02 - Intersection related,01 - Daylight,03 - P.D. only,03 - Rear end,Centretown
8677,FINDLAY CREEK DR btwn DEVONWOOD CIRC & BANK ST,375819.5113,5020443.851,-75.5941199,45.32035215,2014-06-27,12:44,01 - Clear,01 - Dry,10 - No control,04 - At/near private drive,01 - Daylight,03 - P.D. only,05 - Turning movement,Greenbelt
8678,ST. LAURENT BLVD btwn DUNBARTON CRT & MONTREAL RD,371446.6508,5034048.874,-75.64805432,45.44319383,2014-06-27,14:15,01 - Clear,01 - Dry,10 - No control,01 - Non intersection,01 - Daylight,03 - P.D. only,04 - Sideswipe,Cemetery
8679,INNES RD btwn GREENVALE LANE & VISENEAU DR,381769.0592,5035049.542,-75.51596445,45.45113673,2014-07-29,15:33,01 - Clear,01 - Dry,10 - No control,01 - Non intersection,01 - Daylight,03 - P.D. only,03 - Rear end,Chapel Hill South
8680,BOWHILL AVE @ CHESTERTON DR,365745.2267,5023899.251,-75.72218269,45.35239022,2014-07-29,16:54,01 - Clear,01 - Dry,02 - Stop sign,02 - Intersection related,01 - Daylight,03 - P.D. only,03 - Rear end,Borden Farm - Stewart Farm - Parkwood Hills - Fisher Glen
8681,CANOTEK RD @ SHEFFORD RD,376029.2544,5035092.65,-75.58933088,45.45213317,2014-07-23,12:15,01 - Clear,01 - Dry,01 - Traffic signal,03 - At intersection,01 - Daylight,03 - P.D. only,05 - Turning movement,Greenbelt
8682,INDUSTRIAL AVE @ RIVERSIDE DR,370683.2968,5030593.501,-75.65827346,45.4121762,2014-07-23,21:23,01 - Clear,01 - Dry,01 - Traffic signal,02 - Intersection related,07 - Dark,03 - P.D. only,03 - Rear end,Industrial Park
8683,JEANNE D'ARC BLVD  S btwn BELCOURT BLVD & DES EPINETTES AVE,382200.938,5035959.637,-75.51030055,45.4592773,2014-07-02,20:30,02 - Rain,02 - Wet,10 - No control,01 - Non intersection,05 - Dusk,03 - P.D. only,03 - Rear end,Orleans Village - Chateauneuf
8684,BANK ST @ SOMERSET ST,367694.229,5030915.565,-75.69641689,45.41534906,2014-07-03,17:10,01 - Clear,01 - Dry,01 - Traffic signal,02 - Intersection related,01 - Daylight,03 - P.D. only,04 - Sideswipe,Centretown
8685,RICHMOND RD btwn GOLDEN AVE & BERKLEY AVE,362905.034,5028059.695,-75.7579383,45.3900665,2014-07-24,0:00,01 - Clear,01 - Dry,10 - No control,01 - Non intersection,00 - Unknown,03 - P.D. only,06 - SMV unattended vehicle,Westboro
8686,TERRY FOX DR btwn HWY417 IC140 RAMP35 & HWY417 IC140 RAMP52,350981.8582,5018511.352,-75.91109212,45.30503636,2014-07-24,16:29,01 - Clear,01 - Dry,10 - No control,01 - Non intersection,01 - Daylight,03 - P.D. only,03 - Rear end,Katimavik - Hazeldean
8687,FLEWELLYN RD btwn CONLEY RD & NO NAME,348748.3113,5008378.573,-75.94046904,45.21400101,2014-07-04,10:28,01 - Clear,01 - Dry,10 - No control,01 - Non intersection,01 - Daylight,03 - P.D. only,07 - SMV other,Stittsville - Basswood
8688,ATHLONE AVE @ BYRON AVE,363523.1688,5028274.497,-75.75001919,45.39194769,2014-08-30,14:37,01 - Clear,01 - Dry,02 - Stop sign,03 - At intersection,01 - Daylight,03 - P.D. only,02 - Angle,Westboro
8689,MURRAY ST btwn DALHOUSIE ST & CUMBERLAND ST,368153.9669,5032669.192,-75.690318,45.43108612,2014-07-21,0:00,01 - Clear,01 - Dry,10 - No control,01 - Non intersection,00 - Unknown,03 - P.D. only,06 - SMV unattended vehicle,Byward Market
8690,WEST HUNT CLUB RD EB btwn KNOXDALE RD & WOODROFFE AVE,363426.6152,5021075.873,-75.75210608,45.32718337,2014-07-22,9:05,01 - Clear,01 - Dry,10 - No control,01 - Non intersection,01 - Daylight,03 - P.D. only,07 - SMV other,Woodvale - Craig Henry - Manordale - Estates of Arlington Wo
8691,BRONSON AVE @ KIPPEWA DR,367557.1907,5029075.557,-75.69840183,45.39880552,2014-07-23,16:45,01 - Clear,01 - Dry,02 - Stop sign,03 - At intersection,01 - Daylight,03 - P.D. only,02 - Angle,The Glebe
8692,EAGLESON RD @ COPE DR/CADENCE GT,354622.0441,5016024.584,-75.86492529,45.28241113,2014-07-24,14:50,01 - Clear,01 - Dry,01 - Traffic signal,02 - Intersection related,01 - Daylight,03 - P.D. only,04 - Sideswipe,Bridlewood - Emerald Meadows
8693,CHAMPLAIN ST @ PLACE D'ORLEANS DR,381598.6678,5038180.816,-75.51765332,45.47932807,2014-07-16,10:30,01 - Clear,01 - Dry,01 - Traffic signal,02 - Intersection related,01 - Daylight,03 - P.D. only,03 - Rear end,Industrial Park