Record,Location,X,Y,lon,lat,Date,Time,Environment,Road_Surface,Traffic_Control,Collision_Location,Light,Collision_Classification,Impact_type,Neighborhood
8694,ARLINGTON AVE @ BANK ST,368009.0735,5030344.622,-75.69246783,45.41018352,2014-07-16,13:05,01 - Clear,01 - Dry,02 - Stop sign,03 - At intersection,01 - Daylight,03 - P.D. only,02 - Angle,Centretown
8695,SOMERSET ST    W btwn WELLINGTON ST W & SPADINA AVE,365692.3667,5029861.471,-75.72212196,45.40604166,2014-07-29,10:49,01 - Clear,01 - Dry,10 - No control,04 - At/near private drive,01 - Daylight,03 - P.D. only,07 - SMV other,Centretow
8696,GREENBANK RD @ STRANDHERD DR,363934.1578,5014786.313,-75.74638207,45.2705475,2014-07-28,14:30,01 - Clear,01 - Dry,01 - Traffic signal,02 - Intersection related,01 - Daylight,03 - P.D. only,03 - Rear end,New Barrhaven
8697,RIDDELL DR btwn MARCH VALLEY RD & SIXTH LINE RD,349875.015,5028792.833,-75.92426854,45.39762324,2014-08-11,18:05,01 - Clear,01 - Dry,10 - No control,01 - Non intersection,01 - Daylight,03 - P.D. only,07 - SMV other,Carp - Hardwood Plains
8698,BASELINE RD @ CLYDE AVE,364359.1772,5024890.513,-75.73975122,45.36142856,2014-07-27,16:39,01 - Clear,01 - Dry,01 - Traffic signal,02 - Intersection related,01 - Daylight,03 - P.D. only,03 - Rear end,Civic Hospital - Experimental Farm - Central Park
8699,PLEASANT PARK RD @ ST. LAURENT BLVD,373597.7279,5028796.31,-75.62129367,45.39572549,2014-07-30,9:19,02 - Rain,02 - Wet,01 - Traffic signal,02 - Intersection related,01 - Daylight,03 - P.D. only,03 - Rear end,Hawthorn
8700,GRANDFIELD LANE btwn LONG GATE CRT & SHANDON AVE,364789.9907,5017510.643,-75.7351468,45.29498847,2014-08-09,11:25,01 - Clear,01 - Dry,10 - No control,04 - At/near private drive,01 - Daylight,03 - P.D. only,99 - Other,New Barrhaven
8701,ST. LAURENT BLVD btwn BOURASSA ST & SMYTH RD,373315.675,5029499.275,-75.62479807,45.4020781,2014-08-12,1:20,01 - Clear,01 - Dry,10 - No control,01 - Non intersection,07 - Dark,03 - P.D. only,03 - Rear end,Industrial Park
8702,MARCH RD btwn SOLANDT RD & STATION RD,350857.1225,5022303.651,-75.91232997,45.33916857,2014-07-08,17:15,02 - Rain,02 - Wet,10 - No control,01 - Non intersection,01 - Daylight,03 - P.D. only,03 - Rear end,South March
8703,SUNNYSIDE AVE btwn CARRAWAY PRIV & SENECA ST,368083.4456,5028190.815,-75.69179413,45.3907975,2014-07-08,16:30,01 - Clear,01 - Dry,10 - No control,04 - At/near private drive,01 - Daylight,03 - P.D. only,06 - SMV unattended vehicle,Old Ottawa South
8704,GREENBANK RD @ MALVERN DR/FOXFIELD DR,363312.1603,5016196.329,-75.75414206,45.28328688,2014-07-08,15:20,01 - Clear,01 - Dry,01 - Traffic signal,03 - At intersection,01 - Daylight,03 - P.D. only,02 - Angle,New Barrhaven
8705,INNES RD btwn PRESTWICK DR & TENTH LINE RD,383759.6399,5036080.238,-75.49035368,45.46018795,2014-08-07,15:21,01 - Clear,01 - Dry,10 - No control,01 - Non intersection,01 - Daylight,03 - P.D. only,03 - Rear end,Queenswood Heights
8706,STONEHAVEN DR btwn RICHMOND RD & SAWYER WAY/SUMMITVIEW DR,356690.9335,5015865.231,-75.83857184,45.28082757,2014-06-07,9:09,01 - Clear,01 - Dry,10 - No control,04 - At/near private drive,01 - Daylight,03 - P.D. only,02 - Angle,Bridlewood - Emerald Meadows
8707,WEST HUNT CLUB RD @ WOODROFFE AVE,363670.691,5021246.742,-75.74897238,45.32870041,2014-08-01,16:40,01 - Clear,01 - Dry,01 - Traffic signal,02 - Intersection related,01 - Daylight,03 - P.D. only,03 - Rear end,Woodvale - Craig Henry - Manordale - Estates of Arlington Wo
8708,CHAPEL ST @ RIDEAU ST,368890.9865,5032642.323,-75.68090314,45.4307772,2014-08-01,16:44,01 - Clear,01 - Dry,01 - Traffic signal,02 - Intersection related,01 - Daylight,03 - P.D. only,03 - Rear end,Lowe
8709,MEADOWLANDS DR/TALLWOOD DR @ WOODROFFE AVE,363057.1635,5022729.546,-75.75662408,45.34209378,2014-07-14,6:50,01 - Clear,01 - Dry,01 - Traffic signal,02 - Intersection related,01 - Daylight,03 - P.D. only,03 - Rear end,Crestview - Meadowlands
8710,HAWTHORNE RD/RUSSELL RD @ WALKLEY RD,374674.1515,5028499.067,-75.60758901,45.39294445,2014-05-26,9:11,01 - Clear,01 - Dry,01 - Traffic signal,02 - Intersection related,01 - Daylight,03 - P.D. only,99 - Other,Sheffield Glen
8711,CARLING AVE @ BAYSHORE DR/BIRCHDALE AVE,359004.3971,5023990.612,-75.80819625,45.35376573,2014-06-27,15:51,01 - Clear,01 - Dry,01 - Traffic signal,02 - Intersection related,01 - Daylight,03 - P.D. only,05 - Turning movement,Bayshore
8712,CASTLEFRANK RD @ HAZELDEAN RD,352678.352,5017674.873,-75.88954055,45.29739593,2014-07-04,11:32,01 - Clear,01 - Dry,01 - Traffic signal,03 - At intersection,01 - Daylight,03 - P.D. only,05 - Turning movement,Glen Cairn - Kanata South Business Park
8713,STITTSVILLE MAIN ST @ HAZELDEAN RD,349558.3981,5014878.717,-75.92957081,45.27244088,2014-07-04,12:45,01 - Clear,01 - Dry,01 - Traffic signal,02 - Intersection related,01 - Daylight,03 - P.D. only,04 - Sideswipe,Stittsville
8714,BANK ST btwn ALTA VISTA DR & WALKLEY RD,370253.2824,5026188.417,-75.66435109,45.37258117,2014-08-30,18:09,01 - Clear,01 - Dry,10 - No control,01 - Non intersection,01 - Daylight,03 - P.D. only,04 - Sideswipe,Ledbury - Heron Gate - Ridgemont - Elmwood
8715,REEVECRAIG RD    S btwn GREENLINE RD & END,372066.2079,4993335.411,-75.64564747,45.07680263,2014-08-30,20:00,01 - Clear,01 - Dry,10 - No control,01 - Non intersection,05 - Dusk,03 - P.D. only,07 - SMV other,Manotick - North Gower
8716,PRESTON ST btwn YOUNG ST & GEORGE ST W,366591.2458,5029477.204,-75.71068835,45.40250535,2014-07-08,0:00,01 - Clear,01 - Dry,10 - No control,01 - Non intersection,00 - Unknown,03 - P.D. only,06 - SMV unattended vehicle,Little Italy
8717,BAY ST @ SPARKS ST,366858.1203,5031279.59,-75.70705275,45.4186991,2014-07-22,10:46,01 - Clear,01 - Dry,01 - Traffic signal,02 - Intersection related,01 - Daylight,03 - P.D. only,99 - Other,Downtown
8718,RAMSGATE PRIV btwn FLANNERY DR & FLANNERY DR,368919.7124,5026123.68,-75.68138356,45.37212197,2014-07-12,0:00,01 - Clear,01 - Dry,10 - No control,01 - Non intersection,00 - Unknown,03 - P.D. only,06 - SMV unattended vehicle,Riverside Park
8719,ST. JOSEPH BLVD @ JEANNE D'ARC BLVD,379862.1643,5036471.581,-75.5401232,45.46413856,2014-07-24,16:15,01 - Clear,01 - Dry,11 - Roundabout,03 - At intersection,01 - Daylight,03 - P.D. only,04 - Sideswipe,Chapel Hill
8720,JEFFERSON ST btwn FEATHERSTON DR & ARIZONA AVE,371773.5169,5027348.467,-75.64478691,45.38287522,2014-07-23,0:00,01 - Clear,01 - Dry,10 - No control,01 - Non intersection,00 - Unknown,03 - P.D. only,06 - SMV unattended vehicle,Playfair Park - Lynda Park - Guildwood Estates
8721,BRONSON AVE @ PRIMROSE AVE,366885.6995,5030670.331,-75.70677715,45.41321472,2014-07-16,14:54,01 - Clear,01 - Dry,01 - Traffic signal,03 - At intersection,01 - Daylight,03 - P.D. only,02 - Angle,Centretown West
8722,ANDERSON RD @ RUSSELL RD,379786.8058,5026705.072,-75.54257316,45.37627444,2014-07-15,16:55,01 - Clear,01 - Dry,02 - Stop sign,02 - Intersection related,01 - Daylight,03 - P.D. only,03 - Rear end,Greenbelt
8723,PRINCE OF WALES DR btwn NATIONAL CAPITAL COMM DRWY & SIR JOHN A CARLIN,366803.0285,5028311.988,-75.70812979,45.39200232,2014-07-29,9:00,01 - Clear,01 - Dry,10 - No control,04 - At/near private drive,01 - Daylight,03 - P.D. only,03 - Rear end,Civic Hospital - Experimental Farm - Central Park
8724,HAMILTON AVE @ SPENCER ST,364990.1736,5029435.614,-75.73114339,45.40227063,2014-07-29,13:22,01 - Clear,01 - Dry,02 - Stop sign,03 - At intersection,01 - Daylight,03 - P.D. only,05 - Turning movement,Islan
8725,ALBION RD btwn RIDEAU RD & TULLAMORE ST,375514.397,5015721.069,-75.59868481,45.27788907,2014-07-14,13:22,01 - Clear,08 - Loose sand or gravel,10 - No control,01 - Non intersection,01 - Daylight,03 - P.D. only,04 - Sideswipe,Osgoode
8726,CONROY RD @ HUNT CLUB RD,373765.1618,5025405.471,-75.61962905,45.36519974,2014-07-30,11:35,01 - Clear,01 - Dry,01 - Traffic signal,02 - Intersection related,01 - Daylight,03 - P.D. only,03 - Rear end,Greenboro East
8727,NORICE ST @ WOODROFFE AVE,363195.1579,5022396.544,-75.75490269,45.33908598,2014-07-30,16:33,02 - Rain,02 - Wet,01 - Traffic signal,02 - Intersection related,01 - Daylight,03 - P.D. only,03 - Rear end,Tanglewood
8728,HAWTHORNE RD/RUSSELL RD @ WALKLEY RD,374674.521,5028499.271,-75.60758426,45.39294625,2014-08-12,17:23,02 - Rain,02 - Wet,01 - Traffic signal,02 - Intersection related,01 - Daylight,03 - P.D. only,03 - Rear end,Sheffield Glen
8729,COVENTRY RD @ JETFORM PARK  STADIUM,370835.7,5031673.907,-75.65618178,45.42188289,2014-08-15,10:50,01 - Clear,01 - Dry,01 - Traffic signal,02 - Intersection related,01 - Daylight,03 - P.D. only,03 - Rear end,Overbrook
8730,INNES RD @ JEANNE D'ARC BLVD/MER BLEUE RD,382638.2275,5035565.658,-75.50477229,45.45568404,2014-07-08,19:14,02 - Rain,02 - Wet,01 - Traffic signal,03 - At intersection,01 - Daylight,03 - P.D. only,05 - Turning movement,Chapel Hill South
8731,TENTH LINE RD @ CHARLEMAGNE BLVD N/TOMPKINS AV,383183.456,5037978.83,-75.49741731,45.47733466,2014-07-08,20:40,02 - Rain,02 - Wet,01 - Traffic signal,02 - Intersection related,05 - Dusk,03 - P.D. only,03 - Rear end,Queenswood Heights
8732,HUNT CLUB RD btwn MOUNTAIN CRES & TURN LANE,371490.727,5023991.293,-75.64885075,45.35269553,2014-07-11,22:12,01 - Clear,01 - Dry,10 - No control,01 - Non intersection,07 - Dark,03 - P.D. only,03 - Rear end,South Keys - Heron Gate - Greenboro West
8733,WOODFIELD DR btwn DOWNSVIEW CRES & MERIVALE RD,365375.9544,5022267.413,-75.72709496,45.33773917,2014-07-11,0:00,01 - Clear,01 - Dry,10 - No control,01 - Non intersection,00 - Unknown,03 - P.D. only,06 - SMV unattended vehicle,Tanglewood
8734,EAGLESON RD @ KATIMAVIK RD/TIMM DR,353225.1484,5019570.201,-75.882384,45.31441303,2014-06-07,15:36,01 - Clear,01 - Dry,01 - Traffic signal,02 - Intersection related,01 - Daylight,03 - P.D. only,03 - Rear end,Greenbelt
8735,SOUTHGATE RD btwn CLEARWATER CRES & CLEARWATER CRES,371197.077,5024647.039,-75.65251001,45.35862358,2014-06-11,17:01,02 - Rain,02 - Wet,10 - No control,04 - At/near private drive,01 - Daylight,03 - P.D. only,05 - Turning movement,South Keys - Heron Gate - Greenboro West
8736,BASELINE RD @ WOODROFFE AVE,362551.112,5023772.4,-75.76295912,45.35151915,2014-08-01,20:05,01 - Clear,01 - Dry,01 - Traffic signal,02 - Intersection related,05 - Dusk,03 - P.D. only,07 - SMV other,Iris
8737,ELGIN ST btwn COOPER ST & SOMERSET ST W,368161.6668,5031204.402,-75.69040802,45.41790574,2014-08-01,20:55,01 - Clear,01 - Dry,10 - No control,01 - Non intersection,05 - Dusk,03 - P.D. only,06 - SMV unattended vehicle,Centretown
8738,REGIONAL ROAD 174 EB btwn HWY417 IC113 RAMP65 & OR174 BLAIR IC112 RAMP51,374778.1185,5032801.502,-75.60565051,45.43164513,2014-07-03,17:30,01 - Clear,01 - Dry,10 - No control,01 - Non intersection,01 - Daylight,03 - P.D. only,03 - Rear end,Pineview
8739,PRINCE OF WALES DR @ WEST HUNT CLUB RD,367458.2364,5021890.555,-75.70057684,45.3341654,2014-07-05,17:45,01 - Clear,01 - Dry,01 - Traffic signal,02 - Intersection related,01 - Daylight,03 - P.D. only,03 - Rear end,Industrial Park
8740,COSTELLO AVE @ MONTEREY DR,360010.0936,5022094.545,-75.79557327,45.33662646,2014-07-02,2:46,01 - Clear,01 - Dry,02 - Stop sign,03 - At intersection,07 - Dark,03 - P.D. only,06 - SMV unattended vehicle,Leslie Park
8741,BLAIR RD @ REGIONAL RD 174 N/OR174 IC112 RAMP61,374634.872,5032992.498,-75.60745395,45.43337792,2014-07-02,10:11,01 - Clear,01 - Dry,01 - Traffic signal,02 - Intersection related,01 - Daylight,03 - P.D. only,03 - Rear end,Industrial Park
8742,ALBERT ST @ PRESTON ST,366160.379,5030465.956,-75.7160686,45.41143978,2014-06-05,22:30,01 - Clear,01 - Dry,01 - Traffic signal,02 - Intersection related,07 - Dark,03 - P.D. only,03 - Rear end,Centretown West
8743,HUNT CLUB RD btwn TURN LANE & RIVERSIDE DR,368020.1153,5021942.655,-75.69340218,45.33458379,2014-07-04,12:30,01 - Clear,01 - Dry,10 - No control,01 - Non intersection,01 - Daylight,03 - P.D. only,03 - Rear end,Hunt Club Woods - Quintarra - Revelstoke - Riverside South P
8744,GREENBANK RD @ STRANDHERD DR,363933.21,5014783.469,-75.74639449,45.27052199,2014-07-14,7:45,01 - Clear,01 - Dry,01 - Traffic signal,02 - Intersection related,01 - Daylight,03 - P.D. only,03 - Rear end,New Barrhaven
8745,ALESTHER ST @ DONALD ST,371995.0902,5032460.584,-75.64126119,45.42885065,2014-07-22,10:30,01 - Clear,01 - Dry,02 - Stop sign,02 - Intersection related,01 - Daylight,03 - P.D. only,03 - Rear end,Overbrook
8746,CARP RD @ LLOYDALEX CRES,347919.9378,5015244.442,-75.95041963,45.27583419,2014-07-24,18:45,01 - Clear,01 - Dry,02 - Stop sign,02 - Intersection related,01 - Daylight,03 - P.D. only,03 - Rear end,Stittsville - Basswood
8747,TERRY FOX DR @ PALLADIUM DR/KATIMAVIK RD,351270.1919,5018183.671,-75.90744623,45.30206878,2014-07-24,23:36,01 - Clear,01 - Dry,01 - Traffic signal,02 - Intersection related,07 - Dark,03 - P.D. only,03 - Rear end,Katimavik - Hazeldean
8748,TENTH LINE RD @ CHARLEMAGNE BLVD S/DES EPINETT,383640.9751,5036900.456,-75.49173924,45.46758093,2014-07-16,17:05,01 - Clear,01 - Dry,01 - Traffic signal,02 - Intersection related,01 - Daylight,03 - P.D. only,03 - Rear end,Orlans
8749,BASELINE RD btwn NAVAHO DR & DEERFIELD DR,363107.4905,5024109.927,-75.7558192,45.35451015,2014-07-16,18:56,01 - Clear,01 - Dry,10 - No control,01 - Non intersection,01 - Daylight,03 - P.D. only,04 - Sideswipe,Braemar Park - Bel Air Heights - Copeland Park
8750,CANYON WALK DR btwn WINDSWEPT PRIV & WINDSWEPT PRIV,369028.7585,5016517.12,-75.68123786,45.28567423,2014-04-10,18:32,01 - Clear,01 - Dry,10 - No control,04 - At/near private drive,05 - Dusk,03 - P.D. only,06 - SMV unattended vehicle,Gloucester
8751,SMYTH RD btwn ROGER GUINDON AVE & BOTSFORD ST,372141.8377,5029249.223,-75.6398248,45.39994214,2014-07-30,17:15,02 - Rain,02 - Wet,10 - No control,04 - At/near private drive,01 - Daylight,03 - P.D. only,03 - Rear end,Elmvale - Eastway - Riverview - Riverview Park West
8752,EDGEWARE DR btwn BURNT OAK DR & RAYNER'S LANE,363915.9497,5015503.864,-75.74652866,45.27700556,2014-08-01,9:05,01 - Clear,01 - Dry,10 - No control,04 - At/near private drive,01 - Daylight,03 - P.D. only,02 - Angle,New Barrhaven
8753,MEADOWLANDS DR/TALLWOOD DR @ WOODROFFE AVE,363057.1635,5022730.494,-75.75662397,45.34210231,2014-08-16,8:31,02 - Rain,02 - Wet,01 - Traffic signal,02 - Intersection related,01 - Daylight,03 - P.D. only,03 - Rear end,Crestview - Meadowlands
8754,CAMPEAU DR/HWY 417 MARCH IC138R63 @ MARCH RD,352839.2552,5020474.571,-75.8872177,45.32257725,2014-07-09,8:20,01 - Clear,01 - Dry,01 - Traffic signal,02 - Intersection related,01 - Daylight,03 - P.D. only,04 - Sideswipe,Greenbelt
8755,KINTYRE PRIV @ MEADOWLANDS DR,366823.5285,5025203.348,-75.70825847,45.36402968,2014-07-09,13:07,01 - Clear,01 - Dry,10 - No control,02 - Intersection related,01 - Daylight,03 - P.D. only,03 - Rear end,Carleton Heights - Rideauview
8756,ANJANA CIRC btwn TARTARUGA LANE & TARTARUGA LANE,361833.0856,5013886.969,-75.77325964,45.26262866,2014-07-17,0:00,01 - Clear,01 - Dry,10 - No control,01 - Non intersection,00 - Unknown,03 - P.D. only,06 - SMV unattended vehicle,Munster Hamlet - Richmond
8757,WEST HUNT CLUB RD EB btwn 210 W OF MERIVALE RD & MERIVALE RD,365534.4962,5021878.991,-75.72511994,45.33423049,2014-07-27,16:33,01 - Clear,02 - Wet,10 - No control,01 - Non intersection,01 - Daylight,03 - P.D. only,03 - Rear end,Merivale Gardens - Grenfell Glen - Pineglen - Country Place
8758,MAXWELL BRIDGE RD btwn WINDANCE CRES & PENDRA WAY,349258.6298,5024641.803,-75.93251485,45.36031092,2014-07-27,16:52,01 - Clear,01 - Dry,10 - No control,04 - At/near private drive,01 - Daylight,03 - P.D. only,06 - SMV unattended vehicle,South March
8759,INNES RD btwn STAR TOP RD & HWY417 IC112 RAMP55,374179.0511,5030686.44,-75.61360378,45.41267459,2014-06-16,5:57,01 - Clear,01 - Dry,10 - No control,01 - Non intersection,01 - Daylight,03 - P.D. only,07 - SMV other,Industrial Park
8760,BASELINE RD/HWY 416 RICHMOND IC75R53 @ RICHMON,358635.8579,5021820.993,-75.81313565,45.33427182,2014-08-02,12:03,01 - Clear,01 - Dry,01 - Traffic signal,02 - Intersection related,01 - Daylight,03 - P.D. only,03 - Rear end,Greenbelt
8761,KATIMAVIK RD btwn BEAUFORT DR & PEARY WAY,352621.1114,5019681.04,-75.89007677,45.31545178,2014-07-09,17:31,01 - Clear,01 - Dry,10 - No control,01 - Non intersection,01 - Daylight,03 - P.D. only,07 - SMV other,Katimavik - Hazeldean
8762,ELM CRES N @ STITTSVILLE MAIN ST,350442.3464,5013103.182,-75.91846894,45.25640719,2014-07-10,11:51,01 - Clear,01 - Dry,02 - Stop sign,03 - At intersection,01 - Daylight,03 - P.D. only,03 - Rear end,Stittsville
8763,CENTREPOINTE DR btwn CIMARRON CRES & HYDE PARK WAY,361758.458,5022774.138,-75.7731894,45.34260166,2014-07-02,11:52,01 - Clear,01 - Dry,10 - No control,04 - At/near private drive,01 - Daylight,03 - P.D. only,03 - Rear end,Centrepointe
8764,TENTH LINE RD @ CHARLEMAGNE BLVD S/DES EPINETT,383640.9751,5036900.456,-75.49173924,45.46758093,2014-07-04,15:16,01 - Clear,01 - Dry,01 - Traffic signal,02 - Intersection related,01 - Daylight,03 - P.D. only,03 - Rear end,Orlans
8765,WEST HUNT CLUB RD @ CLEOPATRA DR/LANCELOT DR,365235.2261,5021732.494,-75.72895572,45.33293817,2014-07-14,10:50,01 - Clear,01 - Dry,01 - Traffic signal,02 - Intersection related,01 - Daylight,03 - P.D. only,04 - Sideswipe,Tanglewood
8766,NELSON ST btwn YORK ST & RIDEAU ST,368643.8721,5032514.117,-75.68407761,45.42964626,2014-07-14,12:56,01 - Clear,01 - Dry,10 - No control,01 - Non intersection,01 - Daylight,03 - P.D. only,06 - SMV unattended vehicle,Lower Town
8767,BANK ST btwn HERON RD & ANOKA ST,370006.2099,5026822.889,-75.66742139,45.37831298,2014-07-22,9:44,01 - Clear,01 - Dry,10 - No control,04 - At/near private drive,01 - Daylight,03 - P.D. only,02 - Angle,Alta Vista
8768,STAGECOACH RD btwn VISTA PATRICK PRIV & GOLDEN ASH LANE,375595.3065,5014045.457,-75.59789256,45.26280431,2014-07-25,4:50,01 - Clear,01 - Dry,10 - No control,01 - Non intersection,03 - Dawn,03 - P.D. only,07 - SMV other,Greely
8769,INNES RD @ STONEHENGE CRES E,375364.2164,5031313.553,-75.59837402,45.41819851,2014-07-24,12:45,01 - Clear,01 - Dry,01 - Traffic signal,02 - Intersection related,01 - Daylight,03 - P.D. only,03 - Rear end,Greenbelt
8770,VINEYARD DR btwn CHABLIS PK & BORDEAU GRV,378673.956,5037218.38,-75.55520337,45.47098437,2014-07-16,19:00,01 - Clear,01 - Dry,10 - No control,04 - At/near private drive,01 - Daylight,03 - P.D. only,06 - SMV unattended vehicle,Orleans South West
8771,COLONEL BY DR @ HAWTHORNE AVE/PRETORIA BRIDGE,368766.2884,5030525.567,-75.68277147,45.41174281,2014-07-17,1:32,01 - Clear,01 - Dry,01 - Traffic signal,03 - At intersection,07 - Dark,03 - P.D. only,07 - SMV other,Old Ottawa East
8772,BATHGATE DR @ DEN HAAG DR,373408.2266,5033925.829,-75.62299951,45.44189697,2014-07-29,18:00,01 - Clear,01 - Dry,02 - Stop sign,02 - Intersection related,01 - Daylight,03 - P.D. only,03 - Rear end,Carson Grove - Carson Meadows
8773,ALBION RD btwn DEL ZOTTO AVE & HIGH RD,374617.6297,5017769.033,-75.60982529,45.29640563,2014-07-30,7:34,01 - Clear,01 - Dry,10 - No control,04 - At/near private drive,01 - Daylight,03 - P.D. only,03 - Rear end,Greenbelt
8774,OTTAWA RIVER PKWY @ PORTAGE BRIDGE,366517.6296,5031314.633,-75.71139857,45.41904452,2014-04-16,13:31,01 - Clear,01 - Dry,01 - Traffic signal,03 - At intersection,01 - Daylight,03 - P.D. only,07 - SMV other,LeBreton Flats
8775,INNES RD @ 298 E OF WILDFLOWER DR/LOBLAWS SC,383192.1786,5035797.51,-75.49765368,45.45770811,2014-04-21,21:53,02 - Rain,02 - Wet,01 - Traffic signal,02 - Intersection related,07 - Dark,03 - P.D. only,07 - SMV other,Avalon
8776,OVERLAKE DR @ MCMURDO CRT N/REDPINE DR,365510.3631,5023327.166,-75.72525011,45.34726306,2014-08-16,9:21,01 - Clear,01 - Dry,03 - Yield sign,03 - At intersection,01 - Daylight,03 - P.D. only,02 - Angle,Borden Farm - Stewart Farm - Parkwood Hills - Fisher Glen
8777,RIOCAN AVE @ STRANDHERD DR,364172.0328,5014944.697,-75.74333187,45.2719526,2014-08-16,18:53,01 - Clear,01 - Dry,01 - Traffic signal,03 - At intersection,01 - Daylight,03 - P.D. only,05 - Turning movement,New Barrhaven
8778,SHORE ST @ TRIOLE ST,372942.1546,5030713.513,-75.62940094,45.41303971,2014-07-09,13:35,01 - Clear,01 - Dry,10 - No control,02 - Intersection related,01 - Daylight,03 - P.D. only,06 - SMV unattended vehicle,Industrial Park
8779,BROME CRES btwn BEAUCOURT PL & PRINCESS LOUISE DR (2),383992.6187,5038548.793,-75.48697724,45.48237135,2014-07-09,9:45,01 - Clear,01 - Dry,10 - No control,04 - At/near private drive,01 - Daylight,03 - P.D. only,06 - SMV unattended vehicle,Fallingbrook
8780,WEST HUNT CLUB RD @ WOODROFFE AVE,363670.691,5021246.742,-75.74897238,45.32870041,2014-07-07,16:00,01 - Clear,01 - Dry,01 - Traffic signal,02 - Intersection related,01 - Daylight,03 - P.D. only,04 - Sideswipe,Woodvale - Craig Henry - Manordale - Estates of Arlington Wo
8781,FALLOWFIELD RD @ MERIVALE RD,366891.2387,5018843.521,-75.70819216,45.30679902,2014-07-28,11:19,02 - Rain,02 - Wet,01 - Traffic signal,02 - Intersection related,01 - Daylight,03 - P.D. only,04 - Sideswipe,Greenbelt
8782,WOODROFFE AVE btwn TURN LANE & KNOXDALE RD,363411.633,5021848.288,-75.75220573,45.33413476,2014-07-28,13:47,02 - Rain,02 - Wet,10 - No control,01 - Non intersection,01 - Daylight,03 - P.D. only,03 - Rear end,Woodvale - Craig Henry - Manordale - Estates of Arlington Wo
8783,KIRKWOOD AVE N @ CARLING AVE,364275.3972,5027494.895,-75.74050693,45.38486949,2014-06-18,10:08,01 - Clear,01 - Dry,01 - Traffic signal,03 - At intersection,01 - Daylight,03 - P.D. only,04 - Sideswipe,Westboro
8784,PRINCE OF WALES DR @ WEST HUNT CLUB RD,367460.1321,5021891.503,-75.70055253,45.33417376,2014-08-03,18:05,01 - Clear,01 - Dry,01 - Traffic signal,02 - Intersection related,01 - Daylight,03 - P.D. only,03 - Rear end,Industrial Park
8785,WILBROD ST btwn CORNWALL ST & NELSON ST,368764.5101,5032193.808,-75.68257762,45.42675321,2014-08-03,17:30,01 - Clear,01 - Dry,10 - No control,04 - At/near private drive,01 - Daylight,03 - P.D. only,02 - Angle,Sandy Hill
8786,CLOVER ST @ HERON RD,369292.2418,5026765.492,-75.67654416,45.37786262,2014-07-09,9:07,01 - Clear,01 - Dry,01 - Traffic signal,02 - Intersection related,01 - Daylight,03 - P.D. only,03 - Rear end,Alta Vista
8787,ROBERTSON RD btwn FITZGERALD RD & MOODIE DR,356800.95,5020298.777,-75.83670459,45.32071314,2014-07-09,9:00,01 - Clear,01 - Dry,10 - No control,01 - Non intersection,01 - Daylight,03 - P.D. only,04 - Sideswipe,Bells Corners West
8788,ALTA VISTA DR @ SMYTH RD,370432.7159,5029082.318,-75.66167569,45.3986027,2014-07-15,11:18,02 - Rain,02 - Wet,01 - Traffic signal,02 - Intersection related,01 - Daylight,03 - P.D. only,03 - Rear end,Alta Vista
8789,CARLING AVE @ HAMILTON AVE,365558.2278,5028129.598,-75.72404871,45.39047032,2014-07-02,14:29,01 - Clear,01 - Dry,02 - Stop sign,02 - Intersection related,01 - Daylight,03 - P.D. only,03 - Rear end,Civic Hospital - Experimental Farm - Central Park
8790,BASELINE RD btwn NAVAHO DR & DEERFIELD DR,363213.1789,5024179.023,-75.75446225,45.35512307,2014-07-04,17:53,01 - Clear,01 - Dry,10 - No control,01 - Non intersection,01 - Daylight,03 - P.D. only,03 - Rear end,Braemar Park - Bel Air Heights - Copeland Park
8791,BEECH ST @ LORETTA AVE,366383.1744,5029141.563,-75.71338788,45.39950367,2014-07-04,17:56,01 - Clear,01 - Dry,02 - Stop sign,03 - At intersection,01 - Daylight,03 - P.D. only,02 - Angle,Centretown West
8792,BENTBROOK CRES N @ TARTAN DR N,363285.1052,5014685.428,-75.75466491,45.26969401,2014-07-22,16:39,01 - Clear,01 - Dry,02 - Stop sign,03 - At intersection,01 - Daylight,03 - P.D. only,02 - Angle,Barrhaven West - Old Barrhaven
8793,KINBURN SIDE RD btwn DIAMONDVIEW RD & CARP RD,332107.509,5030624.547,-76.15110122,45.4150242,2014-07-25,6:20,01 - Clear,01 - Dry,10 - No control,01 - Non intersection,01 - Daylight,03 - P.D. only,07 - SMV other,Car
8794,MEADOWLANDS DR/TALLWOOD DR @ WOODROFFE AVE,363056.8263,5022730.614,-75.75662826,45.34210342,2014-07-25,11:51,01 - Clear,01 - Dry,01 - Traffic signal,02 - Intersection related,01 - Daylight,03 - P.D. only,03 - Rear end,Crestview - Meadowlands
8795,BARNSDALE RD @ GREENBANK RD,365590.5702,5010927.632,-75.72574627,45.23568585,2014-07-17,6:52,01 - Clear,01 - Dry,02 - Stop sign,03 - At intersection,01 - Daylight,03 - P.D. only,02 - Angle,New Barrhaven