Record,Location,X,Y,lon,lat,Date,Time,Environment,Road_Surface,Traffic_Control,Collision_Location,Light,Collision_Classification,Impact_type,Neighborhood
8796,DONNELLY DR btwn FAIRMILE RD & FOURTH LINE RD,371924.5462,4993105.513,-75.64747729,45.07474743,2014-07-16,17:00,01 - Clear,01 - Dry,10 - No control,01 - Non intersection,01 - Daylight,03 - P.D. only,07 - SMV other,Manotick - North Gower
8797,BASELINE RD btwn MARSON ST & FISHER AVE,366084.5643,5025974.54,-75.71759493,45.37103371,2014-07-29,21:20,01 - Clear,01 - Dry,10 - No control,01 - Non intersection,07 - Dark,03 - P.D. only,04 - Sideswipe,Civic Hospital - Experimental Farm - Central Park
8798,INNES RD WB btwn INNES RD E/BLACKBURN BYPASS & ORLEANS BLVD,380447.051,5034287.872,-75.53298076,45.44442815,2014-07-30,7:55,02 - Rain,02 - Wet,10 - No control,01 - Non intersection,01 - Daylight,03 - P.D. only,03 - Rear end,Chapel Hill
8799,CANADIAN DR @ ONDROVIC GT,342764.8787,5006845.358,-76.01676142,45.20055205,2014-05-01,15:10,01 - Clear,01 - Dry,02 - Stop sign,02 - Intersection related,01 - Daylight,03 - P.D. only,03 - Rear end,Munster Hamlet - Richmond
8800,CHARLOTTE ST @ RIDEAU ST,369250.1829,5032859.592,-75.67628456,45.4326991,2014-05-03,5:57,02 - Rain,02 - Wet,01 - Traffic signal,02 - Intersection related,03 - Dawn,03 - P.D. only,07 - SMV other,Lower Town
8801,RIVERSIDE DR @ BROOKFIELD RD/HOG'S BACK RD,368169.1328,5026221.574,-75.69095269,45.37307107,2014-08-01,16:00,01 - Clear,01 - Dry,01 - Traffic signal,02 - Intersection related,01 - Daylight,03 - P.D. only,03 - Rear end,Riverside Park
8802,CYRVILLE RD btwn STAR TOP RD & MEADOWBROOK RD,374604.4959,5031251.087,-75.60808892,45.41771268,2014-07-09,16:26,01 - Clear,01 - Dry,10 - No control,04 - At/near private drive,01 - Daylight,03 - P.D. only,02 - Angle,Industrial Park
8803,KANATA AVE/CASTLEFRANK RD @ AIRD PL,351810.8054,5019069.577,-75.90046907,45.31000441,2014-07-28,14:06,02 - Rain,02 - Wet,01 - Traffic signal,02 - Intersection related,01 - Daylight,03 - P.D. only,03 - Rear end,Katimavik - Hazeldean
8804,WINSOME TER btwn BRASSEUR CRES & END,385985.2747,5037582.334,-75.46165131,45.47344724,2014-07-27,0:00,01 - Clear,01 - Dry,10 - No control,01 - Non intersection,00 - Unknown,03 - P.D. only,06 - SMV unattended vehicle,Cardinal Creek
8805,INNES RD btwn FRANK KENNY RD & O'TOOLE RD,388497.8652,5038049.823,-75.42944153,45.47735658,2014-07-28,17:00,02 - Rain,02 - Wet,10 - No control,01 - Non intersection,01 - Daylight,03 - P.D. only,07 - SMV other,Cumberland - Estates
8806,FISHER AVE @ FOREST PARK AVE,366520.356,5025177.81,-75.71213134,45.36382666,2014-06-20,18:16,01 - Clear,01 - Dry,02 - Stop sign,02 - Intersection related,01 - Daylight,03 - P.D. only,03 - Rear end,Carleton Heights - Rideauview
8807,TERRY FOX DR btwn HALKIRK AVE & CASTLEFRANK RD,352605.5738,5016756.895,-75.89055691,45.28914069,2014-08-04,13:52,01 - Clear,01 - Dry,10 - No control,01 - Non intersection,01 - Daylight,03 - P.D. only,04 - Sideswipe,Glen Cairn - Kanata South Business Park
8808,ST. JOSEPH BLVD btwn BOYER RD & ORLEANS BLVD,380574.9363,5036944.486,-75.53093685,45.46831643,2014-08-04,13:25,01 - Clear,01 - Dry,10 - No control,04 - At/near private drive,01 - Daylight,03 - P.D. only,03 - Rear end,Industrial Park
8809,FRANKTOWN RD btwn SILVER FOX WAY & SKEEL CRT,347488.6854,4997925.9,-75.95739905,45.12001948,2014-07-09,20:46,01 - Clear,01 - Dry,10 - No control,01 - Non intersection,05 - Dusk,03 - P.D. only,07 - SMV other,Munster Hamlet - Richmond
8810,SPENCER ST btwn HINTON AVE N & HAMILTON AVE N,364918.856,5029407.662,-75.73205771,45.40202525,2014-07-09,22:29,01 - Clear,01 - Dry,10 - No control,01 - Non intersection,07 - Dark,03 - P.D. only,06 - SMV unattended vehicle,Islan
8811,EARL ARMSTRONG RD @ RIVER RD,367573.1924,5014684.398,-75.70002275,45.26931507,2014-07-18,21:01,01 - Clear,01 - Dry,01 - Traffic signal,03 - At intersection,05 - Dusk,03 - P.D. only,02 - Angle,Gloucester
8812,LAURIER AVE   E btwn LAURIER AVE W & NICHOLAS ST,368365.5801,5031790.687,-75.68772718,45.42316244,2014-07-22,11:44,01 - Clear,01 - Dry,10 - No control,01 - Non intersection,01 - Daylight,03 - P.D. only,03 - Rear end,Sandy Hill
8813,BASELINE RD @ CLYDE AVE,364360.1251,5024890.513,-75.73973912,45.36142848,2014-07-02,10:25,01 - Clear,01 - Dry,01 - Traffic signal,02 - Intersection related,01 - Daylight,03 - P.D. only,03 - Rear end,Civic Hospital - Experimental Farm - Central Park
8814,LISGAR ST btwn BANK ST & O'CONNOR ST,367618.4579,5031075.943,-75.69736446,45.41679889,2014-07-04,20:18,01 - Clear,01 - Dry,10 - No control,01 - Non intersection,01 - Daylight,03 - P.D. only,06 - SMV unattended vehicle,Centretown
8815,KINGSDALE AVE btwn BANK ST & SIXTH ST,373312.8195,5023526.111,-75.62566319,45.34833435,2014-07-04,20:55,01 - Clear,01 - Dry,10 - No control,04 - At/near private drive,05 - Dusk,03 - P.D. only,05 - Turning movement,Blossom Park - Blossom Park West - Sawmill Creek/ Timbermill
8816,ST. LAURENT BLVD btwn HWY417 IC115 RAMP26 & HWY417 IC115 RAMP51,372524.1499,5031431.149,-75.63464222,45.41953725,2014-07-14,15:30,01 - Clear,01 - Dry,10 - No control,01 - Non intersection,01 - Daylight,03 - P.D. only,04 - Sideswipe,Industrial Park
8817,NORMANDY CRES btwn ORTONA AVE & APELDOORN AVE,367159.2577,5024463.069,-75.70406665,45.35733903,2014-07-12,0:00,01 - Clear,01 - Dry,10 - No control,01 - Non intersection,00 - Unknown,03 - P.D. only,06 - SMV unattended vehicle,Carleton Heights - Rideauview
8818,CARLING AVE WB btwn CARLINGWOOD SC & IROQUOIS RD,362115.4736,5025970.388,-75.76826353,45.37133221,2014-07-22,16:30,01 - Clear,01 - Dry,10 - No control,01 - Non intersection,01 - Daylight,03 - P.D. only,03 - Rear end,Carlingwood - McKellar Park - Laurentien View
8819,KING EDWARD AVE @ SUSSEX DR,367666.0697,5033505.493,-75.69644605,45.43865489,2014-07-22,15:50,01 - Clear,01 - Dry,01 - Traffic signal,02 - Intersection related,01 - Daylight,03 - P.D. only,04 - Sideswipe,Byward Market - Parliament Hill
8820,PARKDALE AVE @ WELLINGTON ST,365149.5458,5029270.945,-75.72912794,45.40077525,2014-07-25,10:40,01 - Clear,01 - Dry,01 - Traffic signal,03 - At intersection,01 - Daylight,03 - P.D. only,05 - Turning movement,Islan
8821,CATHERINE ST @ METCALFE ST,368393.7067,5030486.817,-75.68753607,45.4114281,2014-07-25,13:16,01 - Clear,01 - Dry,01 - Traffic signal,03 - At intersection,01 - Daylight,03 - P.D. only,02 - Angle,Centretown
8822,MITCH OWENS RD @ OLD PRESCOTT RD,377090.1848,5015546.555,-75.57862804,45.27615861,2014-07-17,8:47,01 - Clear,01 - Dry,01 - Traffic signal,02 - Intersection related,01 - Daylight,03 - P.D. only,99 - Other,Greely
8823,HALL ST btwn HAMLET RD & OLYMPIA CRES,372959.7716,5029246.399,-75.6293787,45.39983758,2014-07-11,9:15,01 - Clear,01 - Dry,10 - No control,04 - At/near private drive,01 - Daylight,03 - P.D. only,06 - SMV unattended vehicle,Elmvale - Eastway - Riverview - Riverview Park West
8824,LENESTER AVE btwn DUBERRY ST & FAIRLAWN AVE,362050.5492,5025444.093,-75.76915333,45.36660196,2014-07-30,8:37,02 - Rain,02 - Wet,10 - No control,01 - Non intersection,01 - Daylight,03 - P.D. only,03 - Rear end,Glabar Park
8825,BASELINE RD @ WOODROFFE AVE,362550.1641,5023772.4,-75.76297121,45.35151923,2014-07-29,14:00,01 - Clear,01 - Dry,01 - Traffic signal,02 - Intersection related,01 - Daylight,03 - P.D. only,03 - Rear end,Iris
8826,BESSERER ST @ WALLER ST,368315.0786,5032193.34,-75.68832052,45.42678996,2014-05-05,11:46,01 - Clear,01 - Dry,01 - Traffic signal,02 - Intersection related,01 - Daylight,03 - P.D. only,05 - Turning movement,Byward Market - Parliament Hill
8827,RIDGESIDE FARM DR @ MARCHURST RD,344611.7412,5024969.878,-75.99180041,45.36354233,2014-05-23,10:15,01 - Clear,01 - Dry,02 - Stop sign,03 - At intersection,01 - Daylight,03 - P.D. only,07 - SMV other,Carp - Hardwood Plains
8828,CENTURY RD E @ SECOND LINE RD E,365983.4502,5006390.929,-75.7213002,45.19483032,2014-08-05,11:45,01 - Clear,01 - Dry,02 - Stop sign,03 - At intersection,01 - Daylight,03 - P.D. only,07 - SMV other,Manotick - North Gower
8829,INDUSTRIAL AVE btwn RUSSELL RD & ST. LAURENT BLVD,372911.5757,5029946.799,-75.62989751,45.40614415,2014-07-07,10:00,02 - Rain,02 - Wet,10 - No control,04 - At/near private drive,01 - Daylight,03 - P.D. only,03 - Rear end,Industrial Park
8830,CENTRUM BLVD btwn PRESTONE DR & END,382279.8402,5038378.494,-75.50891043,45.48103134,2014-07-07,11:05,01 - Clear,02 - Wet,10 - No control,04 - At/near private drive,01 - Daylight,03 - P.D. only,99 - Other,Industrial Park
8831,JEANNE D'ARC BLVD @ ORLEANS BLVD S,380939.5955,5036251.091,-75.52638141,45.46203817,2014-07-09,19:12,01 - Clear,01 - Dry,01 - Traffic signal,02 - Intersection related,01 - Daylight,03 - P.D. only,03 - Rear end,Orleans Village - Chateauneuf
8832,FALLOWFIELD RD btwn STEEPLE HILL CRES & MOODIE DR,359358.4095,5014588.072,-75.80471364,45.26913358,2014-07-10,16:47,01 - Clear,01 - Dry,10 - No control,01 - Non intersection,01 - Daylight,03 - P.D. only,03 - Rear end,Greenbelt
8833,BAYSHORE DR @ RICHMOND RD,359370.7895,5023370.422,-75.80358882,45.34815684,2014-07-30,10:27,01 - Clear,01 - Dry,01 - Traffic signal,02 - Intersection related,01 - Daylight,03 - P.D. only,99 - Other,Bayshore
8834,Silvertip Ln btwn Brettonwood Ridge and Mission Trail Cres,349118.856,5018180.728,-75.93487737,45.30218132,2014-11-28,9:48,03 - Snow,02 - Wet,10 - No control,01 - Non intersection,01 - Daylight,03 - P.D. only,06 - SMV unattended vehicle,Kanata Lakes - Marchwood Lakeside - Morgan's Grant - Kanata
8835,CAMPEAU DR @ HERLIHEY WAY,350508.5849,5019178.245,-75.91706545,45.3110682,2014-08-04,14:51,02 - Rain,02 - Wet,01 - Traffic signal,02 - Intersection related,01 - Daylight,03 - P.D. only,03 - Rear end,Kanata
8836,GREENBANK RD @ 220 N OF STRANDHERD DR,363849.8143,5014987.214,-75.74743298,45.2723623,2014-08-04,16:37,02 - Rain,02 - Wet,01 - Traffic signal,02 - Intersection related,01 - Daylight,03 - P.D. only,03 - Rear end,New Barrhaven
8837,QUEEN ST btwn KENT ST & BANK ST,367264.1962,5031440.986,-75.70184417,45.42011515,2014-07-10,8:50,01 - Clear,01 - Dry,10 - No control,04 - At/near private drive,01 - Daylight,03 - P.D. only,05 - Turning movement,Downtown
8838,OGILVIE RD btwn CYRVILLE RD & MURDOCK GT,372554.3677,5032062.602,-75.63416931,45.42521584,2014-07-28,22:49,01 - Clear,01 - Dry,10 - No control,01 - Non intersection,07 - Dark,03 - P.D. only,04 - Sideswipe,Cummings
8839,COBOURG ST @ TORMEY ST,369082.131,5032858.478,-75.6784323,45.43270454,2014-07-30,18:00,01 - Clear,01 - Dry,02 - Stop sign,03 - At intersection,01 - Daylight,03 - P.D. only,05 - Turning movement,Lower Town
8840,HAZELDEAN RD @ HUNTMAR DR/IBER RD,350942.124,5016077.536,-75.91182522,45.2831388,2014-07-02,14:57,01 - Clear,01 - Dry,01 - Traffic signal,02 - Intersection related,01 - Daylight,03 - P.D. only,03 - Rear end,Stittsville
8841,RIVERSIDE DR @ BROOKFIELD RD/HOG'S BACK RD,368168.1849,5026221.574,-75.69096479,45.37307116,2014-07-02,15:40,01 - Clear,01 - Dry,01 - Traffic signal,02 - Intersection related,01 - Daylight,03 - P.D. only,03 - Rear end,Riverside Park
8842,HUNT CLUB RD @ RIVERSIDE DR,368038.1248,5021945.499,-75.69317206,45.33460776,2014-07-04,15:30,01 - Clear,01 - Dry,01 - Traffic signal,02 - Intersection related,01 - Daylight,03 - P.D. only,03 - Rear end,Hunt Club Woods - Quintarra - Revelstoke - Riverside South P
8843,LEIKIN DR btwn HOLITZNER WAY & CRESTWAY DR,366806.8478,5017373.569,-75.70945207,45.29358001,2014-07-05,0:14,01 - Clear,01 - Dry,10 - No control,01 - Non intersection,07 - Dark,03 - P.D. only,07 - SMV other,Greenbelt
8844,STRANDHERD DR btwn MCGARRY TER & LONGFIELDS DR,364522.2702,5015164.794,-75.73884218,45.27390337,2014-07-13,12:00,01 - Clear,01 - Dry,10 - No control,01 - Non intersection,01 - Daylight,03 - P.D. only,04 - Sideswipe,New Barrhaven
8845,MARCH RD @ DIAMONDVIEW RD,340134.944,5019864.54,-76.04930977,45.31784238,2014-07-22,17:26,01 - Clear,01 - Dry,02 - Stop sign,03 - At intersection,01 - Daylight,03 - P.D. only,03 - Rear end,Carp - Hardwood Plains
8846,HAWTHORNE AVE @ MAIN ST,368970.2357,5030633.515,-75.68015207,45.41269541,2014-07-25,12:40,01 - Clear,01 - Dry,01 - Traffic signal,02 - Intersection related,01 - Daylight,03 - P.D. only,06 - SMV unattended vehicle,Old Ottawa East
8847,MANOTICK MAIN ST @ MILL ST,368821.1713,5009831.389,-75.68474512,45.22553558,2014-07-25,17:56,01 - Clear,01 - Dry,02 - Stop sign,03 - At intersection,01 - Daylight,03 - P.D. only,02 - Angle,Manotick
8848,ELGIN ST @ SOMERSET ST,368164.2347,5031198.572,-75.69037596,45.41785305,2014-07-16,13:00,01 - Clear,01 - Dry,01 - Traffic signal,02 - Intersection related,01 - Daylight,03 - P.D. only,03 - Rear end,Centretown
8849,ST. LAURENT BLVD btwn INDUSTRIAL AVE & BOURASSA ST,373133.8494,5029927.187,-75.62706109,45.40594603,2014-07-14,14:45,01 - Clear,01 - Dry,10 - No control,04 - At/near private drive,01 - Daylight,03 - P.D. only,04 - Sideswipe,Industrial Park
8850,HAWTHORNE RD btwn AGES DR & STEVENAGE DR,375132.6847,5027324.437,-75.60190088,45.38232981,2014-07-30,13:12,01 - Clear,01 - Dry,10 - No control,01 - Non intersection,01 - Daylight,03 - P.D. only,03 - Rear end,Industrial Park
8851,BANNER RD @ GREENBANK RD,361022.1465,5021565.544,-75.78272157,45.33178615,2014-05-23,17:10,01 - Clear,01 - Dry,01 - Traffic signal,03 - At intersection,01 - Daylight,03 - P.D. only,05 - Turning movement,Woodvale - Craig Henry - Manordale - Estates of Arlington Wo
8852,STRANDHERD DR @ CLARIDGE DR,364948.512,5015382.362,-75.73338388,45.27582472,2014-05-24,17:18,01 - Clear,01 - Dry,01 - Traffic signal,03 - At intersection,01 - Daylight,03 - P.D. only,05 - Turning movement,New Barrhaven
8853,BAYSHORE DR btwn WOODRIDGE CRES S & BAYSHORE CS,359218.0292,5023536.994,-75.80551981,45.34966753,2014-08-03,15:59,01 - Clear,01 - Dry,10 - No control,01 - Non intersection,01 - Daylight,03 - P.D. only,04 - Sideswipe,Bayshore
8854,MILTON RD @ SMITH RD,387573.2793,5031061.571,-75.44244124,45.41459361,2014-08-05,15:35,01 - Clear,01 - Dry,02 - Stop sign,03 - At intersection,01 - Daylight,03 - P.D. only,05 - Turning movement,Navan - Vars
8855,REGIONAL ROAD 174 btwn Continuation of REGIONAL ROAD 174 & OR174 IC112,374459.9115,5032591.155,-75.60974659,45.42978431,2014-07-08,4:56,01 - Clear,01 - Dry,10 - No control,01 - Non intersection,07 - Dark,03 - P.D. only,07 - SMV other,Industrial Park
8856,JOHNSTON RD btwn BASLAW DR & CELLINI CRT (2),374360.5333,5026537.084,-75.61187043,45.37532266,2014-07-10,17:40,01 - Clear,01 - Dry,10 - No control,01 - Non intersection,01 - Daylight,03 - P.D. only,06 - SMV unattended vehicle,Industrial Park
8857,RICHMOND RD @ LYNHAR RD/STAFFORD RD,358138.0237,5021086.484,-75.81956596,45.32770067,2014-07-03,16:00,01 - Clear,01 - Dry,01 - Traffic signal,02 - Intersection related,01 - Daylight,03 - P.D. only,03 - Rear end,Bells Corners East
8858,DYNES RD btwn ARNOT RD & CLAYMOR AVE,366704.7615,5025647.703,-75.70971874,45.3680384,2014-07-30,10:55,01 - Clear,02 - Wet,10 - No control,01 - Non intersection,01 - Daylight,03 - P.D. only,03 - Rear end,Carleton Heights - Rideauview
8859,CARP RD @ WESTBROOK RD,347738.039,5015441.493,-75.95272085,45.27761847,2014-07-30,19:31,01 - Clear,01 - Dry,01 - Traffic signal,02 - Intersection related,01 - Daylight,03 - P.D. only,03 - Rear end,Stittsville - Basswood
8860,MERIVALE RD btwn AMBERWOOD CRES & FALLOWFIELD RD,366848.5846,5018947.787,-75.70872299,45.30774097,2014-06-25,17:30,01 - Clear,01 - Dry,10 - No control,01 - Non intersection,01 - Daylight,03 - P.D. only,03 - Rear end,Greenbelt
8861,CARP RD @ HAZELDEAN RD,348805.0829,5014360.69,-75.93921698,45.26782703,2014-08-04,16:00,02 - Rain,02 - Wet,01 - Traffic signal,02 - Intersection related,01 - Daylight,03 - P.D. only,03 - Rear end,Stittsville
8862,MARCH RD @ MORGAN'S GRANT WAY/SHIRLEY'S BROOK ,349662.0831,5023619.406,-75.92745807,45.35108547,2014-08-05,0:36,01 - Clear,01 - Dry,01 - Traffic signal,03 - At intersection,07 - Dark,03 - P.D. only,07 - SMV other,Morgan's Grant
8863,SCOTT ST btwn HURON AVE N & TUNNEY'S PASTURE DRWY,364723.9529,5029588.922,-75.7345251,45.4036729,2014-07-10,12:18,01 - Clear,01 - Dry,10 - No control,01 - Non intersection,01 - Daylight,03 - P.D. only,99 - Other,Island Park
8864,MONTREAL RD @ ST. LAURENT BLVD,371545.229,5033817.595,-75.6468257,45.44110348,2014-08-01,15:37,01 - Clear,01 - Dry,01 - Traffic signal,03 - At intersection,01 - Daylight,03 - P.D. only,05 - Turning movement,Cummings
8865,RIVERSIDE DR SB btwn BILLINGS BRIDGE SC RAMP SB & BANK ST,369197.7538,5027961.745,-75.67759443,45.38863483,2014-07-02,17:28,01 - Clear,01 - Dry,10 - No control,01 - Non intersection,01 - Daylight,03 - P.D. only,03 - Rear end,Alta Vista
8866,VANIER PKWY SB btwn QUEEN MARY ST & PRESLAND RD,370351.8622,5031935.784,-75.66232885,45.42428465,2014-07-02,15:30,01 - Clear,01 - Dry,10 - No control,01 - Non intersection,01 - Daylight,03 - P.D. only,04 - Sideswipe,Overbrook
8867,LYON ST    N btwn SLATER ST & LAURIER AVE W,367129.6959,5031109.977,-75.70360449,45.41714883,2014-07-05,12:47,01 - Clear,01 - Dry,10 - No control,04 - At/near private drive,01 - Daylight,03 - P.D. only,02 - Angle,Downtown
8868,FALLOWFIELD RD btwn EAGLESON RD & RICHMOND RD,356881.8832,5013037.812,-75.83643457,45.25537178,2014-07-05,15:12,01 - Clear,01 - Dry,10 - No control,01 - Non intersection,01 - Daylight,03 - P.D. only,07 - SMV other,Munster Hamlet - Richmond
8869,HUNT CLUB RD @ RIVERSIDE DR,368036.2291,5021946.446,-75.69319612,45.33461645,2014-07-14,17:10,01 - Clear,01 - Dry,01 - Traffic signal,02 - Intersection related,01 - Daylight,03 - P.D. only,03 - Rear end,Hunt Club Woods - Quintarra - Revelstoke - Riverside South P
8870,TERRY FOX DR btwn PALLADIUM DR & MAPLE GROVE RD,351537.0209,5017883.422,-75.90407231,45.29934936,2014-07-22,17:45,01 - Clear,01 - Dry,10 - No control,01 - Non intersection,01 - Daylight,03 - P.D. only,03 - Rear end,Katimavik - Hazeldean
8871,CLEMOW AVE btwn BANK ST & COBALT AVE,368248.837,5029892.991,-75.68946314,45.4060982,2014-07-11,0:00,01 - Clear,01 - Dry,10 - No control,01 - Non intersection,00 - Unknown,03 - P.D. only,06 - SMV unattended vehicle,The Glebe
8872,ROBERTSON RD btwn HAZELDEAN RD & HAANEL DR,354541.7198,5018933.749,-75.86565732,45.30859409,2014-07-25,20:47,01 - Clear,01 - Dry,10 - No control,01 - Non intersection,05 - Dusk,03 - P.D. only,07 - SMV other,Greenbelt
8873,ALTA VISTA DR @ SMYTH RD,370434.1377,5029082.505,-75.66165751,45.39860425,2014-07-25,21:42,01 - Clear,01 - Dry,01 - Traffic signal,02 - Intersection related,07 - Dark,03 - P.D. only,04 - Sideswipe,Alta Vista
8874,BRIAN GOOD AVE @ POPLIN ST,368164.583,5014727.027,-75.69248142,45.26964561,2014-07-17,15:37,01 - Clear,08 - Loose sand or gravel,,02 - Intersection related,01 - Daylight,03 - P.D. only,99 - Other,Greenbelt
8875,Half Moon Bay Rd btwn Tucana Way and Callisto Way,364860.3575,5013350.914,-75.73475299,45.25755328,2014-12-24,21:30,01 - Clear,01 - Dry,10 - No control,04 - At/near private drive,07 - Dark,03 - P.D. only,06 - SMV unattended vehicle,New Barrhaven
8876,OGILVIE RD btwn OGILVIE RD & CYRVILLE RD,372401.5958,5031979.801,-75.63613272,45.42448562,2014-07-30,11:23,01 - Clear,01 - Dry,10 - No control,01 - Non intersection,01 - Daylight,03 - P.D. only,03 - Rear end,Cummings
8877,ELGIN ST @ SOMERSET ST,368167.0783,5031198.572,-75.69033963,45.4178528,2014-07-30,0:10,01 - Clear,01 - Dry,01 - Traffic signal,03 - At intersection,07 - Dark,03 - P.D. only,03 - Rear end,Centretown
8878,BOOTH ST @ ECCLES ST,366623.226,5030186.564,-75.71019093,45.40888516,2014-05-28,10:24,01 - Clear,01 - Dry,01 - Traffic signal,02 - Intersection related,01 - Daylight,03 - P.D. only,07 - SMV other,Chinatown
8879,ST. PATRICK ST WB btwn ISLAND LODGE RD & CRICHTON ST,368902.9507,5033259.056,-75.68066995,45.43632524,2014-05-30,15:33,01 - Clear,01 - Dry,10 - No control,01 - Non intersection,01 - Daylight,03 - P.D. only,03 - Rear end,Lower Town
8880,ALTA VISTA DR @ SMYTH RD,370433.1898,5029083.453,-75.66166949,45.39861287,2014-08-06,7:49,01 - Clear,01 - Dry,01 - Traffic signal,02 - Intersection related,01 - Daylight,03 - P.D. only,03 - Rear end,Alta Vista
8881,BEECHWOOD AVE btwn ST. PATRICK ST & MACKAY ST,369178.762,5033580.977,-75.67710294,45.43919641,2014-07-03,13:05,01 - Clear,01 - Dry,10 - No control,01 - Non intersection,01 - Daylight,03 - P.D. only,04 - Sideswipe,Vanier North
8882,GREENBANK RD @ JOCKVALE RD,364121.2139,5014331.361,-75.74405274,45.26643808,2014-07-08,13:54,01 - Clear,01 - Dry,01 - Traffic signal,02 - Intersection related,01 - Daylight,03 - P.D. only,03 - Rear end,New Barrhaven
8883,MONTREAL RD btwn PALACE ST & VANIER PKWY,370039.0605,5033048.53,-75.66617823,45.43432593,2014-07-09,15:00,01 - Clear,01 - Dry,10 - No control,01 - Non intersection,01 - Daylight,03 - P.D. only,04 - Sideswipe,Vanier
8884,BLAIR RD @ REGIONAL RD 174 S/OR174 IC112 RAMP15,374908.2403,5032662.743,-75.60400746,45.43038362,2014-07-31,12:21,01 - Clear,01 - Dry,01 - Traffic signal,02 - Intersection related,01 - Daylight,03 - P.D. only,03 - Rear end,Pineview
8885,BANK ST @ CHAMBERLAIN AVE N/ISABELLA ST,368085.0818,5030167.51,-75.69151961,45.40858306,2014-07-31,11:45,01 - Clear,01 - Dry,01 - Traffic signal,02 - Intersection related,01 - Daylight,03 - P.D. only,04 - Sideswipe,The Glebe
8886,RIVERSIDE DR @ TREMBLAY RD/HWY417 IC117 RAMP52,370801.6042,5031014.96,-75.65670568,45.41595717,2014-06-26,15:46,01 - Clear,01 - Dry,01 - Traffic signal,02 - Intersection related,01 - Daylight,03 - P.D. only,03 - Rear end,Industrial Park
8887,RIVERSIDE DR NB btwn SAN REMO PRIV & INDUSTRIAL AVE,370677.6096,5030572.648,-75.6583489,45.41198911,2014-06-27,14:01,01 - Clear,01 - Dry,10 - No control,01 - Non intersection,01 - Daylight,03 - P.D. only,04 - Sideswipe,Industrial Park
8888,HOLLAND AVE @ SHERWOOD DR,365150.2076,5028649.823,-75.72919548,45.39518647,2014-08-05,8:25,01 - Clear,01 - Dry,02 - Stop sign,02 - Intersection related,01 - Daylight,03 - P.D. only,03 - Rear end,Civic Hospital - Experimental Farm - Central Park
8889,PLAYFAIR DR btwn BEATTIE AVE & DELMAR DR,371828.9715,5028229.873,-75.64395917,45.39080046,2014-08-05,17:13,01 - Clear,01 - Dry,10 - No control,01 - Non intersection,01 - Daylight,03 - P.D. only,06 - SMV unattended vehicle,Playfair Park - Lynda Park - Guildwood Estates
8890,BANTREE ST @ NEWMARKET ST,373673.9079,5030481.199,-75.62008547,45.41087783,2014-07-10,16:13,01 - Clear,01 - Dry,02 - Stop sign,02 - Intersection related,01 - Daylight,03 - P.D. only,03 - Rear end,Industrial Park
8891,WOODROFFE AVE SB btwn WEST HUNT CLUB RD & SPORTSPLEX N,363687.2787,5021207.626,-75.74876544,45.32834705,2014-07-13,5:03,01 - Clear,01 - Dry,10 - No control,01 - Non intersection,03 - Dawn,03 - P.D. only,01 - Approaching,Woodvale - Craig Henry - Manordale - Estates of Arlington Wo
8892,QUEEN MARY ST @ VANIER PKWY,370364.1844,5031958.533,-75.66216838,45.42448819,2014-08-06,14:33,01 - Clear,01 - Dry,01 - Traffic signal,02 - Intersection related,01 - Daylight,03 - P.D. only,04 - Sideswipe,Overbrook
8893,CUMMINGS AVE @ OGILVIE RD,372749.3126,5032171.534,-75.63166337,45.42617705,2014-08-06,17:00,01 - Clear,01 - Dry,01 - Traffic signal,03 - At intersection,01 - Daylight,03 - P.D. only,05 - Turning movement,Cummings
8894,FALLOWFIELD RD btwn KOLO DR & BILTMORE CRES,346289.2818,5004275.217,-75.97211647,45.17722591,2014-07-02,21:00,02 - Rain,02 - Wet,10 - No control,01 - Non intersection,05 - Dusk,03 - P.D. only,07 - SMV other,Munster Hamlet - Richmond
8895,BEAVERPOND DR btwn HALLMARK PL & APPLETON DR (1),374991.1672,5032089.797,-75.60302943,45.42522025,2014-07-02,22:58,01 - Clear,02 - Wet,10 - No control,01 - Non intersection,07 - Dark,03 - P.D. only,06 - SMV unattended vehicle,Pineview
8896,LYON ST @ WELLINGTON ST,366934.7971,5031428.062,-75.70605439,45.4200282,2014-07-05,15:50,01 - Clear,01 - Dry,01 - Traffic signal,02 - Intersection related,01 - Daylight,03 - P.D. only,03 - Rear end,Downtown
8897,ARGYLE AVE @ O'CONNOR ST,368185.1847,5030486.521,-75.69019988,45.41144436,2014-07-14,18:20,01 - Clear,01 - Dry,01 - Traffic signal,02 - Intersection related,01 - Daylight,03 - P.D. only,03 - Rear end,Centretown
8898,AIRPORT PKWY btwn RAMP & AIRPORT PKWY (2),371029.4285,5023666.979,-75.65478093,45.34982117,2014-07-10,15:30,01 - Clear,01 - Dry,10 - No control,01 - Non intersection,01 - Daylight,03 - P.D. only,07 - SMV other,Hunt Club East - Western Community
8899,CAMPEAU DR @ TERON RD/COLCHESTER SQ,352563.2155,5020468.286,-75.89073923,45.32253953,2014-07-22,11:02,01 - Clear,01 - Dry,01 - Traffic signal,02 - Intersection related,01 - Daylight,03 - P.D. only,03 - Rear end,Beaverbrook