Record,Location,X,Y,lon,lat,Date,Time,Environment,Road_Surface,Traffic_Control,Collision_Location,Light,Collision_Classification,Impact_type,Neighborhood
8900,INDUSTRIAL AVE @ NEIGHBORHOOD WAY,371094.1435,5030527.557,-75.65303392,45.41154407,2014-07-27,5:06,01 - Clear,02 - Wet,02 - Stop sign,02 - Intersection related,03 - Dawn,03 - P.D. only,99 - Other,Industrial Park
8901,THATCHER ST btwn DAVID DR & HOWDEN AVE,363465.3032,5023122.531,-75.75136996,45.34559581,2014-07-16,18:00,01 - Clear,01 - Dry,10 - No control,04 - At/near private drive,01 - Daylight,03 - P.D. only,06 - SMV unattended vehicle,Crestview - Meadowlands
8902,ST. LAURENT BLVD btwn SHORE ST & BELFAST RD,372838.4492,5030625.008,-75.63073797,45.41225348,2014-07-17,12:57,01 - Clear,01 - Dry,10 - No control,01 - Non intersection,01 - Daylight,03 - P.D. only,04 - Sideswipe,Industrial Park
8903,HEMLOCK RD btwn BIRCH AVE & JUSTIN AVE,370315.6224,5034696.391,-75.66242449,45.44912681,2014-07-30,17:12,01 - Clear,01 - Dry,10 - No control,01 - Non intersection,01 - Daylight,03 - P.D. only,03 - Rear end,Cemetery
8904,GREENBANK RD @ WEST HUNT CLUB RD,361479.677,5020503.24,-75.7770065,45.32219074,2014-07-30,17:50,01 - Clear,01 - Dry,01 - Traffic signal,02 - Intersection related,01 - Daylight,03 - P.D. only,03 - Rear end,Greenbelt
8905,EAGLESON RD @ KATIMAVIK RD/TIMM DR,353216.0459,5019565.47,-75.88250055,45.31437109,2014-08-06,12:22,02 - Rain,02 - Wet,01 - Traffic signal,02 - Intersection related,01 - Daylight,03 - P.D. only,03 - Rear end,Greenbelt
8906,STRANDHERD DR @ LONGFIELDS DR,364551.1802,5015173.325,-75.73847273,45.27397768,2014-07-05,20:00,01 - Clear,01 - Dry,01 - Traffic signal,02 - Intersection related,01 - Daylight,03 - P.D. only,03 - Rear end,New Barrhaven
8907,FRANKTOWN RD btwn DWYER HILL RD & MATILDA GT,348437.2255,4998757.835,-75.9452705,45.12744782,2014-07-11,10:25,01 - Clear,01 - Dry,10 - No control,04 - At/near private drive,01 - Daylight,03 - P.D. only,03 - Rear end,Munster Hamlet - Richmond
8908,MONTREAL RD @ OGILVIE RD,375654.735,5034556.84,-75.59419569,45.44735035,2014-07-11,13:20,01 - Clear,01 - Dry,01 - Traffic signal,03 - At intersection,01 - Daylight,03 - P.D. only,03 - Rear end,Beacon Hill South - Cardinal Heights
8909,CENTREPOINTE DR @ HEMMINGWOOD WAY E,362326.0628,5023204.974,-75.76589704,45.34643198,2014-08-02,17:45,01 - Clear,01 - Dry,02 - Stop sign,02 - Intersection related,01 - Daylight,03 - P.D. only,05 - Turning movement,Centrepointe
8910,BLAIR RD @ OGILVIE RD,374506.3019,5033197.627,-75.60906793,45.43523639,2014-08-02,18:12,01 - Clear,01 - Dry,01 - Traffic signal,03 - At intersection,01 - Daylight,03 - P.D. only,07 - SMV other,Industrial Park
8911,RUSSELL AVE btwn LAURIER AVE E & OSGOODE ST,369137.7577,5032051.696,-75.67782683,45.42544031,2014-06-28,2:30,01 - Clear,01 - Dry,10 - No control,01 - Non intersection,07 - Dark,03 - P.D. only,06 - SMV unattended vehicle,Sandy Hill
8912,PLACEL RD btwn LAKEWAY DR & SANDRIDGE RD,369949.2701,5035273.254,-75.66703117,45.45435142,2014-07-31,17:45,01 - Clear,01 - Dry,10 - No control,01 - Non intersection,01 - Daylight,03 - P.D. only,06 - SMV unattended vehicle,Rockcliffe - Manor Park
8913,MOODIE DR @ ROBERTSON RD,357066.1782,5020455.478,-75.83330517,45.32210346,2014-08-06,16:50,01 - Clear,01 - Dry,01 - Traffic signal,02 - Intersection related,01 - Daylight,03 - P.D. only,03 - Rear end,Bells Corners West
8914,INNES RD btwn ANDERSON RD & INNES RD,376370.8646,5031887.243,-75.58542999,45.42325798,2014-07-31,7:33,01 - Clear,01 - Dry,10 - No control,01 - Non intersection,01 - Daylight,03 - P.D. only,04 - Sideswipe,Greenbelt
8915,WEST HUNT CLUB RD @ CLEOPATRA DR/LANCELOT DR,365237.3037,5021732.167,-75.72892925,45.33293505,2014-08-01,11:52,01 - Clear,01 - Dry,01 - Traffic signal,02 - Intersection related,01 - Daylight,03 - P.D. only,03 - Rear end,Tanglewood
8916,STITTSVILLE MAIN ST @ HOBIN ST/WILDPINE CRT,349665.4582,5014033.487,-75.9282828,45.26482838,2014-08-07,8:50,01 - Clear,01 - Dry,01 - Traffic signal,02 - Intersection related,01 - Daylight,03 - P.D. only,02 - Angle,Stittsville
8917,TREMBLAY RD btwn AVENUE U & ST. LAURENT BLVD,372311.8647,5031391.414,-75.63735987,45.41920025,2014-08-07,14:07,01 - Clear,01 - Dry,10 - No control,04 - At/near private drive,01 - Daylight,03 - P.D. only,02 - Angle,Industrial Park
8918,MARCH RD btwn MORGAN'S GRANT WAY & TERRY FOX DR,349851.8124,5023414.675,-75.92505547,45.3492311,2014-07-03,4:30,01 - Clear,01 - Dry,10 - No control,01 - Non intersection,07 - Dark,03 - P.D. only,07 - SMV other,South March
8919,BASELINE RD @ CLYDE AVE,364358.2294,5024887.669,-75.73976366,45.36140305,2014-07-03,8:20,01 - Clear,01 - Dry,01 - Traffic signal,02 - Intersection related,01 - Daylight,03 - P.D. only,03 - Rear end,Braemar Park - Bel Air Heights - Copeland Park
8920,DALECROFT CRES btwn ROSEMEADE PL & CENTREPOINTE DR,362442.453,5022277.855,-75.76451991,45.33808027,2014-07-05,15:25,01 - Clear,01 - Dry,10 - No control,04 - At/near private drive,01 - Daylight,03 - P.D. only,02 - Angle,Centrepointe
8921,AVIATION PKWY @ OGILVIE RD,373112.136,5032376.586,-75.62699889,45.42798666,2014-07-05,16:30,01 - Clear,01 - Dry,01 - Traffic signal,02 - Intersection related,01 - Daylight,03 - P.D. only,03 - Rear end,Industrial Park
8922,BRENNAN AVE btwn BYRON AVE & IONA ST,364177.4378,5028530.491,-75.74163314,45.39419591,2014-07-15,8:03,01 - Clear,01 - Dry,10 - No control,01 - Non intersection,01 - Daylight,03 - P.D. only,06 - SMV unattended vehicle,Westboro
8923,RIVERSIDE DR @ UPLANDS DR/KIMBERWICK CRES N,368194.2421,5022792.553,-75.6910719,45.34221529,2014-07-18,20:00,01 - Clear,01 - Dry,01 - Traffic signal,02 - Intersection related,01 - Daylight,03 - P.D. only,04 - Sideswipe,Hunt Club Woods - Quintarra - Revelstoke - Riverside South P
8924,VANIER PKWY/CRICHTON ST @ BEECHWOOD AVE/ST. PA,369129.2188,5033489.978,-75.67774803,45.4383822,2014-07-22,22:18,01 - Clear,01 - Dry,01 - Traffic signal,02 - Intersection related,07 - Dark,03 - P.D. only,03 - Rear end,Vanier North
8925,STEWART ST btwn KING EDWARD AVE & NELSON ST,368709.8585,5032251.489,-75.68326847,45.4272772,2014-07-27,11:07,01 - Clear,01 - Dry,10 - No control,04 - At/near private drive,01 - Daylight,03 - P.D. only,02 - Angle,Sandy Hill
8926,CUMMINGS AVE btwn QUEBEC ST & BURN ST,372280.4793,5033343.404,-75.6374934,45.43676636,2014-07-29,2:32,01 - Clear,01 - Dry,10 - No control,01 - Non intersection,07 - Dark,03 - P.D. only,06 - SMV unattended vehicle,Cummings
8927,GREENBANK RD @ STRANDHERD DR,363934.1578,5014783.469,-75.74638241,45.27052191,2014-07-18,13:58,01 - Clear,01 - Dry,01 - Traffic signal,02 - Intersection related,01 - Daylight,03 - P.D. only,03 - Rear end,New Barrhaven
8928,UPPER DWYER HILL RD btwn CARROLL SIDE RD & MARCH RD,334012.4033,5014365.298,-76.12772364,45.2686385,2014-07-11,23:30,01 - Clear,01 - Dry,10 - No control,01 - Non intersection,07 - Dark,03 - P.D. only,07 - SMV other,Carp - Hardwood Plains
8929,KANATA RD @ LORD BYNG WAY/MARITIME WAY,351429.368,5019332.049,-75.9053086,45.31239163,2014-07-30,18:35,02 - Rain,02 - Wet,01 - Traffic signal,02 - Intersection related,01 - Daylight,03 - P.D. only,03 - Rear end,Kanata
8930,FRANKTOWN RD btwn ASHTON STATION RD & ASHTON STATION RD,346314.1409,4996533.052,-75.97244313,45.10755566,2014-07-31,6:16,01 - Clear,01 - Dry,10 - No control,01 - Non intersection,01 - Daylight,03 - P.D. only,07 - SMV other,Munster Hamlet - Richmond
8931,RICHMOND RD btwn BASELINE RD TURN LANE & NORTHSIDE RD,358423.9549,5021369.435,-75.81588794,45.3302249,2014-06-07,18:32,01 - Clear,01 - Dry,10 - No control,04 - At/near private drive,01 - Daylight,03 - P.D. only,02 - Angle,Bells Corners East
8932,PRINCE OF WALES DR btwn NESBITT PL & MELFA CRES,367392.7635,5025530.934,-75.70095129,45.36692663,2014-06-11,17:38,02 - Rain,02 - Wet,10 - No control,01 - Non intersection,01 - Daylight,03 - P.D. only,04 - Sideswipe,Carleton Heights - Rideauview
8933,ST. LAURENT BLVD btwn BOURASSA ST & SMYTH RD,373242.4297,5029676.166,-75.62570902,45.40367685,2014-08-06,12:50,01 - Clear,01 - Dry,10 - No control,01 - Non intersection,01 - Daylight,03 - P.D. only,04 - Sideswipe,Industrial Park
8934,MONTREAL RD btwn EMOND ST & CYR AVE,370208.8611,5033141.955,-75.66399582,45.43515067,2014-08-06,13:02,01 - Clear,01 - Dry,10 - No control,01 - Non intersection,01 - Daylight,03 - P.D. only,04 - Sideswipe,Vanier South
8935,CYR AVE btwn MONTREAL RD & JEANNE MANCE ST,370232.1108,5033131.963,-75.66370002,45.43505859,2014-08-08,14:00,01 - Clear,01 - Dry,10 - No control,01 - Non intersection,01 - Daylight,03 - P.D. only,05 - Turning movement,Vanier South
8936,EAGLESON RD @ FLEWELLYN RD,355333.6235,5014248.693,-75.85603622,45.26638048,2014-08-08,18:38,01 - Clear,01 - Dry,02 - Stop sign,02 - Intersection related,01 - Daylight,03 - P.D. only,03 - Rear end,Greenbelt
8937,STATION RD btwn MARCH RD & END,350819.4651,5022167.835,-75.91282307,45.33794894,2014-07-11,12:30,01 - Clear,01 - Dry,10 - No control,01 - Non intersection,01 - Daylight,03 - P.D. only,06 - SMV unattended vehicle,South March
8938,DUNROBIN RD @ VANCES SIDE RD,340158.073,5033679.611,-76.0480254,45.44215399,2014-08-03,10:57,01 - Clear,01 - Dry,02 - Stop sign,02 - Intersection related,01 - Daylight,03 - P.D. only,05 - Turning movement,Car
8939,LUMBERMAN WAY @ ORLEANS BLVD,380451.7496,5037240.971,-75.53246637,45.47099732,2014-08-04,3:04,01 - Clear,01 - Dry,02 - Stop sign,02 - Intersection related,07 - Dark,03 - P.D. only,07 - SMV other,Industrial Park
8940,RIDEAU ST btwn CHARLOTTE ST & WURTEMBURG ST,369345.8057,5032922.745,-75.67505429,45.4332585,2014-06-30,22:48,01 - Clear,01 - Dry,10 - No control,01 - Non intersection,07 - Dark,03 - P.D. only,07 - SMV other,Sandy Hill
8941,BLAIR RD @ MONTREAL RD,374019.7202,5034440.345,-75.61511151,45.44646602,2014-08-06,13:15,01 - Clear,01 - Dry,01 - Traffic signal,03 - At intersection,01 - Daylight,03 - P.D. only,03 - Rear end,Gloucester
8942,ROBERTSON RD btwn HAZELDEAN RD & HAANEL DR,354973.9195,5019191.067,-75.86011988,45.31087874,2014-08-06,22:13,01 - Clear,01 - Dry,10 - No control,01 - Non intersection,07 - Dark,03 - P.D. only,07 - SMV other,Greenbelt
8943,OGILVIE RD btwn CYRVILLE RD & MURDOCK GT,372495.6944,5032030.261,-75.63492345,45.42493053,2014-08-01,15:11,01 - Clear,01 - Dry,10 - No control,01 - Non intersection,01 - Daylight,03 - P.D. only,04 - Sideswipe,Cummings
8944,JEANNE D'ARC BLVD @ GREY NUNS DR/YOUVILLE DR,379671.7657,5036698.095,-75.54252313,45.466197,2014-08-05,20:43,01 - Clear,01 - Dry,01 - Traffic signal,03 - At intersection,07 - Dark,03 - P.D. only,05 - Turning movement,Greenbelt
8945,STRANDHERD DR @ 215 W OF GREENBANK RD/BARRHAVE,363743.3818,5014678.406,-75.74882596,45.26959256,2014-08-07,21:30,01 - Clear,01 - Dry,01 - Traffic signal,03 - At intersection,07 - Dark,03 - P.D. only,02 - Angle,New Barrhaven
8946,WEST HUNT CLUB RD @ WOODROFFE AVE,363669.2692,5021245.541,-75.74899066,45.32868972,2014-06-21,11:20,01 - Clear,01 - Dry,01 - Traffic signal,02 - Intersection related,01 - Daylight,03 - P.D. only,03 - Rear end,Woodvale - Craig Henry - Manordale - Estates of Arlington Wo
8947,ST. PATRICK ST @ 36 W OF MACKENZIE AVE,367597.5139,5032423.568,-75.69746025,45.42892626,2014-07-02,14:45,01 - Clear,01 - Dry,01 - Traffic signal,02 - Intersection related,01 - Daylight,03 - P.D. only,03 - Rear end,Byward Market - Parliament Hill
8948,HUNT CLUB RD btwn RIVERSIDE DR & TURN LANE,368070.3523,5021959.717,-75.69275911,45.33473278,2014-07-05,19:00,01 - Clear,01 - Dry,10 - No control,01 - Non intersection,01 - Daylight,03 - P.D. only,04 - Sideswipe,Hunt Club - Ottawa Airport
8949,STRANDHERD DR @ CEDARVIEW RD/TARTAN DR,362290.7387,5013546.355,-75.76746792,45.25952654,2014-07-15,9:52,02 - Rain,02 - Wet,01 - Traffic signal,02 - Intersection related,01 - Daylight,03 - P.D. only,03 - Rear end,New Barrhaven
8950,HUNT CLUB RD @ RIVERSIDE DR,368039.0727,5021944.551,-75.69316009,45.33459914,2014-07-15,11:30,02 - Rain,02 - Wet,01 - Traffic signal,02 - Intersection related,01 - Daylight,03 - P.D. only,03 - Rear end,Hunt Club Woods - Quintarra - Revelstoke - Riverside South P
8951,DEAN MARTIN CRES btwn PAUL ANKA DR & GIBFORD DR,370008.975,5022870.481,-75.66790756,45.34275012,2014-07-23,8:00,01 - Clear,01 - Dry,10 - No control,01 - Non intersection,01 - Daylight,03 - P.D. only,06 - SMV unattended vehicle,Hunt Club - Ottawa Airport
8952,BREEZEHILL AVE @ GLADSTONE AVE,366099.2014,5029523.814,-75.71696726,45.40296799,2014-08-11,16:00,01 - Clear,01 - Dry,02 - Stop sign,03 - At intersection,01 - Daylight,03 - P.D. only,02 - Angle,Centretow
8953,EAGLESON RD @ HAZELDEAN RD/ROBERTSON RD,353675.0467,5018423.512,-75.87675942,45.30406372,2014-07-10,20:22,01 - Clear,01 - Dry,01 - Traffic signal,03 - At intersection,05 - Dusk,03 - P.D. only,05 - Turning movement,Greenbelt
8954,BANK ST @ CHAMBERLAIN AVE N/ISABELLA ST,368083.186,5030166.562,-75.69154395,45.4085747,2014-07-19,21:01,01 - Clear,01 - Dry,01 - Traffic signal,02 - Intersection related,05 - Dusk,03 - P.D. only,03 - Rear end,The Glebe
8955,HAWTHORNE RD btwn RUSSELL RD & AGES DR,374892.5118,5027908.009,-75.60488447,45.38760458,2014-07-20,3:47,01 - Clear,01 - Dry,10 - No control,01 - Non intersection,07 - Dark,03 - P.D. only,07 - SMV other,Industrial Park
8956,BANK ST btwn SCRIVENS DR & JOHN QUINN RD,383111.1409,5010901.513,-75.50263132,45.23372024,2014-07-31,6:00,02 - Rain,02 - Wet,10 - No control,01 - Non intersection,03 - Dawn,03 - P.D. only,07 - SMV other,Osgoode
8957,HAZELDEAN RD @ HUNTMAR DR/IBER RD,350944.0197,5016079.432,-75.91180088,45.28315573,2014-07-31,10:45,02 - Rain,02 - Wet,01 - Traffic signal,02 - Intersection related,01 - Daylight,03 - P.D. only,03 - Rear end,Stittsville
8958,Espin Heights btwn Abetti Ridge  and Abetti Ridge ,365215.7263,5013438.092,-75.73021494,45.25830728,2014-12-23,22:05,04 - Freezing Rain,05 - Packed snow,10 - No control,01 - Non intersection,07 - Dark,03 - P.D. only,07 - SMV other,New Barrhaven
8959,CEDARVIEW RD @ MARAVISTA DR,361668.1906,5014805.444,-75.77525547,45.27090653,2014-08-06,12:15,01 - Clear,01 - Dry,02 - Stop sign,02 - Intersection related,01 - Daylight,03 - P.D. only,03 - Rear end,Barrhaven West - Old Barrhaven
8960,TORWOOD DR @ VANCES SIDE RD,343335.2037,5036433.942,-76.00719846,45.46677003,2014-08-09,9:15,01 - Clear,01 - Dry,02 - Stop sign,03 - At intersection,01 - Daylight,03 - P.D. only,02 - Angle,Baskin'
8961,CLEOPATRA DR btwn CAESAR AVE & MERIVALE RD,365929.2104,5021111.014,-75.72017929,45.32728606,2014-08-11,16:00,01 - Clear,01 - Dry,10 - No control,04 - At/near private drive,01 - Daylight,03 - P.D. only,02 - Angle,Merivale Gardens - Grenfell Glen - Pineglen - Country Place
8962,COLONNADE RD @ MERIVALE RD,365363.695,5022545.257,-75.72721736,45.34024023,2014-07-11,15:18,01 - Clear,01 - Dry,01 - Traffic signal,02 - Intersection related,01 - Daylight,03 - P.D. only,03 - Rear end,Tanglewood
8963,MITCH OWENS RD btwn RAMSAYVILLE RD & 8TH LINE RD,382327.5615,5018745.311,-75.51138498,45.30438121,2014-07-11,17:23,01 - Clear,01 - Dry,10 - No control,01 - Non intersection,01 - Daylight,03 - P.D. only,07 - SMV other,Metcalfe
8964,WOODROFFE AVE btwn TURN LANE & RICE AVE,361451.112,5026954.863,-75.77663169,45.38024445,2014-08-04,6:23,01 - Clear,01 - Dry,10 - No control,01 - Non intersection,01 - Daylight,03 - P.D. only,07 - SMV other,Woodroffe - Lincoln Heights
8965,BROPHY DR btwn FOURTH LINE RD & TWIN ELM RD,360918.0616,5005778.659,-75.78583256,45.18974233,2014-07-01,22:00,01 - Clear,01 - Dry,10 - No control,01 - Non intersection,07 - Dark,03 - P.D. only,07 - SMV other,Munster Hamlet - Richmond
8966,GEORGE ST btwn BY WARD MARKET SQ & WILLIAM ST,368034.572,5032222.24,-75.69190114,45.4270754,2014-07-05,15:45,01 - Clear,01 - Dry,10 - No control,01 - Non intersection,01 - Daylight,03 - P.D. only,06 - SMV unattended vehicle,Byward Market
8967,RIDEAU RD btwn DOWNEY RD & BOWESVILLE RD,372605.4202,5015047.699,-75.63584983,45.27211681,2014-07-16,2:36,01 - Clear,01 - Dry,10 - No control,01 - Non intersection,07 - Dark,03 - P.D. only,07 - SMV other,Greenbelt
8968,TERRY FOX DR @ PALLADIUM DR/KATIMAVIK RD,351269.2441,5018182.723,-75.9074584,45.30206031,2014-08-07,8:19,01 - Clear,01 - Dry,01 - Traffic signal,02 - Intersection related,01 - Daylight,03 - P.D. only,03 - Rear end,Katimavik - Hazeldean
8969,KILBORN AVE btwn MCQUAIG ST & OLD LILAC LANE,370111.5354,5027718.77,-75.66595817,45.38636401,2014-08-05,22:13,01 - Clear,01 - Dry,10 - No control,01 - Non intersection,07 - Dark,03 - P.D. only,06 - SMV unattended vehicle,Alta Vista
8970,RICHARDSON SIDE RD btwn CARP RD & OAK CREEK RD,346498.5852,5017434.027,-75.96835052,45.29562266,2014-08-09,9:34,01 - Clear,01 - Dry,10 - No control,01 - Non intersection,01 - Daylight,03 - P.D. only,07 - SMV other,Stittsville - Basswood
8971,CARLING AVE @ PINECREST  RD/GREENVIEW AVE,360007.1496,5024633.476,-75.79532741,45.35947198,2014-07-03,13:17,01 - Clear,01 - Dry,01 - Traffic signal,02 - Intersection related,01 - Daylight,03 - P.D. only,03 - Rear end,Whitehaven - Queensway Terrace North
8972,Cedarlakes Way btwn Spartan Grove St and Stagecoach Rd,376283.8078,5011745.213,-75.58945127,45.2420378,2014-12-28,0:00,02 - Rain,02 - Wet,10 - No control,01 - Non intersection,00 - Unknown,03 - P.D. only,06 - SMV unattended vehicle,Kars - Osgoode
8973,CARP RD btwn GALETTA SIDE RD & STYLES SIDE RD,330038.6911,5033182.173,-76.1774023,45.43811644,2014-07-06,4:41,01 - Clear,01 - Dry,10 - No control,01 - Non intersection,07 - Dark,03 - P.D. only,07 - SMV other,Fitzro
8974,ABBEYHILL DR @ EAGLESON RD,353828.7417,5018035.562,-75.87483803,45.30056215,2014-07-06,14:52,01 - Clear,01 - Dry,01 - Traffic signal,02 - Intersection related,01 - Daylight,03 - P.D. only,03 - Rear end,Glen Cairn - Kanata South Business Park
8975,STEWART ST btwn KING EDWARD AVE & NELSON ST,368723.4813,5032261.025,-75.68309316,45.42736176,2014-06-30,13:30,01 - Clear,01 - Dry,10 - No control,01 - Non intersection,01 - Daylight,03 - P.D. only,06 - SMV unattended vehicle,Sandy Hill
8976,DAVENTRY CRES btwn DEWBERRY CRES & ROSECLIFFE CRT,364663.1124,5016842.471,-75.73684495,45.2889871,2014-07-14,0:00,01 - Clear,01 - Dry,10 - No control,01 - Non intersection,07 - Dark,03 - P.D. only,06 - SMV unattended vehicle,New Barrhaven
8977,CHAMPLAIN ST @ JEANNE D'ARC BLVD,381380.4259,5038725.556,-75.52035954,45.48425314,2014-07-15,15:00,01 - Clear,01 - Dry,01 - Traffic signal,02 - Intersection related,01 - Daylight,03 - P.D. only,03 - Rear end,Chatelaine Village
8978,CAPILANO DR btwn WITHROW AVE & KERRY CRES,364714.0062,5024295.985,-75.73529444,45.35604884,2014-07-23,11:04,01 - Clear,01 - Dry,10 - No control,04 - At/near private drive,01 - Daylight,03 - P.D. only,02 - Angle,Cityview - Skyline - Fisher Heights
8979,HOLLY ACRES RD @ CARLING AVE,358233.8269,5023497.992,-75.81808346,45.34939226,2014-07-14,18:35,01 - Clear,01 - Dry,01 - Traffic signal,02 - Intersection related,01 - Daylight,03 - P.D. only,03 - Rear end,Crystal Bay - Lakeview Park - Britannia Village
8980,CARLING AVE @ RICHMOND RD,360246.1529,5024780.564,-75.79226047,45.36077661,2014-07-11,12:00,01 - Clear,01 - Dry,01 - Traffic signal,02 - Intersection related,01 - Daylight,03 - P.D. only,04 - Sideswipe,Whitehaven - Queensway Terrace North
8981,MEADOWLANDS DR/TALLWOOD DR @ WOODROFFE AVE,363056.8081,5022730.02,-75.75662856,45.34209807,2014-07-19,13:00,01 - Clear,01 - Dry,01 - Traffic signal,02 - Intersection related,01 - Daylight,03 - P.D. only,04 - Sideswipe,Crestview - Meadowlands
8982,ALTA VISTA DR @ CUNNINGHAM AVE,370344.2159,5028017.798,-75.6629474,45.38903282,2014-07-31,12:01,01 - Clear,01 - Dry,02 - Stop sign,02 - Intersection related,01 - Daylight,03 - P.D. only,03 - Rear end,Alta Vista
8983,RIDEAU ST btwn MACKENZIE AVE & SUSSEX DR,367912.1025,5032039.66,-75.69348946,45.42544367,2014-07-31,11:30,01 - Clear,01 - Dry,10 - No control,01 - Non intersection,01 - Daylight,03 - P.D. only,04 - Sideswipe,Byward Market - Parliament Hill
8984,PINEWOOD CRES btwn RICHMOND RD & HARWOOD AVE,360145.2729,5024467.337,-75.79358312,45.35796618,2014-07-02,19:30,01 - Clear,01 - Dry,10 - No control,04 - At/near private drive,01 - Daylight,03 - P.D. only,06 - SMV unattended vehicle,Whitehaven - Queensway Terrace North
8985,WOODROFFE AVE @ CLARIDGE DR/STONEWAY DR N,365577.1735,5016707.443,-75.7252098,45.28769368,2014-08-06,14:31,01 - Clear,01 - Dry,01 - Traffic signal,03 - At intersection,01 - Daylight,03 - P.D. only,02 - Angle,Chapman Mills - Rideau Crest - Davidson Heights
8986,LADOUCEUR ST btwn MERTON ST & GARLAND ST,365516.969,5029903.528,-75.72435722,45.40643531,2014-08-05,19:45,01 - Clear,01 - Dry,10 - No control,01 - Non intersection,05 - Dusk,03 - P.D. only,06 - SMV unattended vehicle,Mechanicsville
8987,FRANKTOWN RD btwn WOOD'S RD & MUNSTER RD,350113.7827,5000275.932,-75.92382112,45.141003,2014-08-29,13:10,01 - Clear,01 - Dry,10 - No control,04 - At/near private drive,01 - Daylight,03 - P.D. only,03 - Rear end,Munster Hamlet - Richmond
8988,PRINCE OF WALES DR btwn WATERBRIDGE DR & CRESTWAY DR,367362.2109,5016477.38,-75.70248525,45.28546697,2014-08-29,15:08,01 - Clear,01 - Dry,10 - No control,01 - Non intersection,01 - Daylight,03 - P.D. only,05 - Turning movement,Greenbelt
8989,TOROVIN PRIV btwn STONEHENGE CRES & END,374981.1879,5031573.798,-75.60323045,45.42057858,2014-07-11,18:09,01 - Clear,01 - Dry,10 - No control,04 - At/near private drive,01 - Daylight,03 - P.D. only,02 - Angle,Pineview
8990,LYON ST @ WELLINGTON ST,366934.7971,5031426.166,-75.70605463,45.42001114,2014-08-04,16:45,01 - Clear,01 - Dry,01 - Traffic signal,02 - Intersection related,01 - Daylight,03 - P.D. only,04 - Sideswipe,Downtown
8991,INDUSTRIAL AVE/INNES RD @ ST. LAURENT BLVD,373100.2013,5030006.515,-75.62747989,45.40666307,2014-07-16,12:00,01 - Clear,01 - Dry,01 - Traffic signal,02 - Intersection related,01 - Daylight,03 - P.D. only,03 - Rear end,Industrial Park
8992,CARP RD @ HAZELDEAN RD,348805.9977,5014359.488,-75.93920543,45.26781616,2014-07-20,8:33,02 - Rain,02 - Wet,01 - Traffic signal,02 - Intersection related,01 - Daylight,03 - P.D. only,07 - SMV other,Stittsville
8993,RANGE RD btwn SOMERSET ST E & TEMPLETON ST,369661.0992,5031990.47,-75.6711478,45.42484109,2014-08-06,12:30,01 - Clear,01 - Dry,10 - No control,04 - At/near private drive,01 - Daylight,03 - P.D. only,02 - Angle,Sandy Hill
8994,EAGLESON RD @ FALLOWFIELD RD,355960.2123,5012594.406,-75.84822228,45.25144952,2014-07-11,21:45,01 - Clear,01 - Dry,01 - Traffic signal,02 - Intersection related,07 - Dark,03 - P.D. only,03 - Rear end,Stittsville - Basswood
8995,HOLLAND AVE btwn TYNDALL ST & 95 N OF SHERWOOD DR/FISHER PARK HS,365087.384,5028792.263,-75.7299804,45.39647353,2014-08-10,5:57,01 - Clear,01 - Dry,10 - No control,01 - Non intersection,03 - Dawn,03 - P.D. only,07 - SMV other,Island Park
8996,COLONEL BY DR/SUSSEX DR @ RIDEAU ST,367921.6095,5032044.551,-75.69336736,45.42548682,2014-08-10,11:00,01 - Clear,01 - Dry,01 - Traffic signal,02 - Intersection related,01 - Daylight,03 - P.D. only,03 - Rear end,Byward Market - Parliament Hill
8997,HERON RD EB btwn RIVERSIDE DR & BRONSON AVE RAMP 35,368234.375,5026644.378,-75.6900655,45.37686944,2014-07-03,14:56,01 - Clear,01 - Dry,10 - No control,01 - Non intersection,01 - Daylight,03 - P.D. only,07 - SMV other,Riverside Park
8998,TERRY FOX DR @ PALLADIUM DR/KATIMAVIK RD,351270.1919,5018179.879,-75.90744658,45.30203466,2014-07-03,15:39,01 - Clear,01 - Dry,01 - Traffic signal,02 - Intersection related,01 - Daylight,03 - P.D. only,03 - Rear end,Katimavik - Hazeldean
8999,DWYER HILL RD btwn FALLOWFIELD RD & MCCAFFREY TR,346042.3486,5001445.848,-75.97549185,45.15178006,2014-07-06,21:43,01 - Clear,01 - Dry,10 - No control,01 - Non intersection,07 - Dark,03 - P.D. only,07 - SMV other,Munster Hamlet - Richmond
9000,INNES RD @ 215 W OF CYRVILLE RD/HOME DEPOT W,374863.4117,5031002.68,-75.60481641,45.41545177,2014-07-15,11:15,01 - Clear,01 - Dry,01 - Traffic signal,03 - At intersection,01 - Daylight,03 - P.D. only,99 - Other,Industrial Park
9001,HAIG DR @ RUSSELL RD,372730.2567,5029658.615,-75.63225324,45.40356882,2014-07-23,12:20,01 - Clear,01 - Dry,01 - Traffic signal,02 - Intersection related,01 - Daylight,03 - P.D. only,04 - Sideswipe,Elmvale - Eastway - Riverview - Riverview Park West
9002,BERGAMOT CIRC btwn TO BE DETERMINED & AZALEA LANE (1),385965.0386,5038200.168,-75.461808,45.47900825,2014-07-22,14:00,01 - Clear,01 - Dry,10 - No control,01 - Non intersection,01 - Daylight,03 - P.D. only,06 - SMV unattended vehicle,Springridge