Record,Location,X,Y,lon,lat,Date,Time,Environment,Road_Surface,Traffic_Control,Collision_Location,Light,Collision_Classification,Impact_type,Neighborhood
9003,GALETTA SIDE RD btwn CANON SMITH DR & NEWTOWN RD,329470.948,5036531.56,-76.184491,45.46827574,2014-07-15,21:24,01 - Clear,01 - Dry,10 - No control,01 - Non intersection,07 - Dark,03 - P.D. only,07 - SMV other,Fitzro
9004,PONTIAC ST btwn PATRICIA AVE & KEYWORTH AVE,363685.5489,5029727.98,-75.74777202,45.40501224,2014-07-16,3:00,01 - Clear,01 - Dry,10 - No control,04 - At/near private drive,07 - Dark,03 - P.D. only,07 - SMV other,Champlain Park
9005,OGILVIE RD btwn ELMRIDGE DR & 190 E OF ELMRIDGE DR/JASMINE CRES,375428.787,5034076.692,-75.59715276,45.44305313,2014-07-16,6:34,01 - Clear,01 - Dry,10 - No control,01 - Non intersection,01 - Daylight,03 - P.D. only,01 - Approaching,Beacon Hill South - Cardinal Heights
9006,BELFAST RD btwn ST. LAURENT BLVD & TRIOLE ST,372882.0511,5030588.041,-75.63018608,45.41191662,2014-07-23,15:07,01 - Clear,01 - Dry,10 - No control,04 - At/near private drive,01 - Daylight,03 - P.D. only,99 - Other,Industrial Park
9007,INDUSTRIAL AVE/INNES RD @ ST. LAURENT BLVD,373100.6085,5030006.743,-75.62747466,45.40666508,2014-07-27,10:09,01 - Clear,01 - Dry,01 - Traffic signal,02 - Intersection related,01 - Daylight,03 - P.D. only,03 - Rear end,Industrial Park
9008,White Artic Ave btwn Grand Canal St and River Mist RD,364640.458,5012051.589,-75.73771097,45.24588065,2014-12-22,17:42,01 - Clear,01 - Dry,10 - No control,04 - At/near private drive,07 - Dark,03 - P.D. only,06 - SMV unattended vehicle,New Barrhaven
9009,BASELINE RD @ DEERFIELD DR,363372.1668,5024270.565,-75.75242239,45.35593349,2014-07-19,1:44,01 - Clear,01 - Dry,02 - Stop sign,02 - Intersection related,07 - Dark,03 - P.D. only,03 - Rear end,Braemar Park - Bel Air Heights - Copeland Park
9010,ANDERSON RD @ MITCH OWENS RD,382810.8513,5019044.944,-75.50517594,45.30702362,2014-08-06,16:48,01 - Clear,01 - Dry,02 - Stop sign,02 - Intersection related,01 - Daylight,03 - P.D. only,05 - Turning movement,Metcalfe
9011,CARP RD btwn MARCH RD & JOHN CAVANAUGH DR,343736.8223,5019969.017,-76.00336197,45.31859199,2014-08-07,3:08,01 - Clear,01 - Dry,10 - No control,01 - Non intersection,07 - Dark,03 - P.D. only,07 - SMV other,Stittsville - Basswood
9012,INNES RD @ PORTOBELLO BLVD,385633.8746,5036890.397,-75.46625875,45.46726264,2014-07-03,9:03,01 - Clear,01 - Dry,01 - Traffic signal,03 - At intersection,01 - Daylight,03 - P.D. only,05 - Turning movement,Fallingbrook
9013,BRONSON AVE @ POWELL AVE,367386.4571,5029479.11,-75.70053119,45.40245186,2014-08-11,18:00,01 - Clear,01 - Dry,01 - Traffic signal,02 - Intersection related,01 - Daylight,03 - P.D. only,03 - Rear end,The Glebe
9014,HOLLINGTON ST btwn SHILLINGTON AVE & END,365193.9587,5027051.602,-75.72883231,45.38080224,2014-08-04,22:39,01 - Clear,01 - Dry,10 - No control,01 - Non intersection,07 - Dark,03 - P.D. only,06 - SMV unattended vehicle,Carlington
9015,LYON ST @ SOMERSET ST,367367.1742,5030716.565,-75.70062044,45.41358783,2014-08-04,23:10,01 - Clear,01 - Dry,01 - Traffic signal,03 - At intersection,07 - Dark,03 - P.D. only,05 - Turning movement,Centretown
9016,SCULLY WAY btwn MULDER AVE & BRASSEUR CRES,386365.734,5037260.115,-75.45683958,45.47050391,2014-07-26,11:45,01 - Clear,01 - Dry,10 - No control,04 - At/near private drive,01 - Daylight,03 - P.D. only,06 - SMV unattended vehicle,Cardinal Creek
9017,MONTREAL RD @ SHEFFORD RD,376126.2044,5034854.523,-75.58812605,45.44998076,2014-07-28,10:49,02 - Rain,02 - Wet,01 - Traffic signal,02 - Intersection related,01 - Daylight,03 - P.D. only,04 - Sideswipe,Beacon Hill South - Cardinal Heights
9018,HAWTHORNE RD/RUSSELL RD @ WALKLEY RD,374675.2178,5028501.437,-75.60757505,45.39296567,2014-07-12,15:12,01 - Clear,01 - Dry,01 - Traffic signal,03 - At intersection,01 - Daylight,03 - P.D. only,03 - Rear end,Sheffield Glen
9019,BOOKTON PL btwn GREY SEAL CIRC & GREY SEAL CIRC,369242.058,5016354.185,-75.67854025,45.28418864,2014-07-12,19:58,01 - Clear,01 - Dry,10 - No control,04 - At/near private drive,01 - Daylight,03 - P.D. only,06 - SMV unattended vehicle,Gloucester
9020,MITCH OWENS RD/BRIDGE ST @ RIVER RD,369498.9696,5010770.159,-75.67599277,45.23392063,2014-08-06,21:04,01 - Clear,01 - Dry,01 - Traffic signal,03 - At intersection,07 - Dark,03 - P.D. only,05 - Turning movement,Manotick
9021,HOPE SIDE RD @ RICHMOND RD,356952.1627,5015485.435,-75.83528221,45.27739077,2014-08-05,15:15,01 - Clear,01 - Dry,02 - Stop sign,02 - Intersection related,01 - Daylight,03 - P.D. only,03 - Rear end,Bridlewood - Emerald Meadows
9022,DONALD ST @ VANIER PKWY,370312.187,5032270.585,-75.66279126,45.42730077,2014-08-10,17:40,01 - Clear,01 - Dry,01 - Traffic signal,03 - At intersection,01 - Daylight,03 - P.D. only,05 - Turning movement,Overbrook
9023,BOOTH ST @ SOMERSET ST,366591.281,5030254.571,-75.71059048,45.40949988,2014-08-10,18:20,01 - Clear,01 - Dry,01 - Traffic signal,03 - At intersection,01 - Daylight,03 - P.D. only,05 - Turning movement,Centretown West
9024,ADELINE ST @ PRESTON ST,366778.2786,5029049.607,-75.70835318,45.39864141,2014-07-03,15:57,01 - Clear,01 - Dry,02 - Stop sign,02 - Intersection related,01 - Daylight,03 - P.D. only,03 - Rear end,Little Italy
9025,BLACKBURN BYPASS EB btwn 1700 W OF NAVAN RD & NAVAN RD,378764.7147,5032723.107,-75.55471871,45.43052951,2014-07-03,16:45,02 - Rain,02 - Wet,10 - No control,01 - Non intersection,01 - Daylight,03 - P.D. only,07 - SMV other,Greenbelt
9026,LYON ST @ WELLINGTON ST,366935.7449,5031427.114,-75.7060424,45.42001958,2014-08-29,22:58,01 - Clear,01 - Dry,01 - Traffic signal,03 - At intersection,07 - Dark,03 - P.D. only,05 - Turning movement,Downtown
9027,MITCH OWENS RD @ OLD PRESCOTT RD,377088.2891,5015548.451,-75.57865193,45.27617586,2014-07-20,19:40,02 - Rain,02 - Wet,01 - Traffic signal,02 - Intersection related,01 - Daylight,03 - P.D. only,07 - SMV other,Greely
9028,PRINCE OF WALES DR btwn FAIRPARK DR & WATERBRIDGE DR,367273.2962,5015451.354,-75.70374774,45.27624278,2014-07-21,7:48,01 - Clear,01 - Dry,10 - No control,01 - Non intersection,01 - Daylight,03 - P.D. only,03 - Rear end,Greenbelt
9029,GREENBANK RD @ 207 S OF BELLMAN DR/GREENBANK S,361338.1535,5020825.584,-75.7787748,45.32510261,2014-07-23,17:47,01 - Clear,01 - Dry,01 - Traffic signal,02 - Intersection related,01 - Daylight,03 - P.D. only,03 - Rear end,Nepean
9030,BASELINE RD @ MERIVALE RD,365055.1703,5025325.515,-75.73081491,45.36528316,2014-07-23,18:29,01 - Clear,01 - Dry,01 - Traffic signal,02 - Intersection related,01 - Daylight,03 - P.D. only,03 - Rear end,Civic Hospital - Experimental Farm - Central Park
9031,CARP RD btwn NORMA LANE & HOLLAND HILL RD,340000.7312,5024171.979,-76.05071516,45.35660925,2014-07-16,7:29,01 - Clear,01 - Dry,10 - No control,01 - Non intersection,01 - Daylight,03 - P.D. only,07 - SMV other,Carp - Hardwood Plains
9032,TENTH LINE RD btwn DES EPINETTES AVE & INNES RD,383936.3316,5036186.969,-75.48807752,45.46112823,2014-07-16,8:25,01 - Clear,01 - Dry,10 - No control,01 - Non intersection,01 - Daylight,03 - P.D. only,03 - Rear end,Queenswood Heights
9033,HUNT CLUB RD @ RIVERSIDE DR,368037.8472,5021943.421,-75.69317587,45.33458908,2014-07-26,8:00,01 - Clear,01 - Dry,01 - Traffic signal,02 - Intersection related,01 - Daylight,03 - P.D. only,03 - Rear end,Hunt Club Woods - Quintarra - Revelstoke - Riverside South P
9034,HWY 417 CASTLEFR IC139R61 @ KANATA AVE,351617.2946,5019225.311,-75.90292208,45.31141867,2014-07-28,13:38,02 - Rain,02 - Wet,01 - Traffic signal,03 - At intersection,01 - Daylight,03 - P.D. only,07 - SMV other,Kanata
9035,WOODROFFE AVE NB btwn TO BE DETERMINED & WEST HUNT CLUB RD,363616.1886,5021394.356,-75.74965008,45.3300332,2014-07-31,11:40,02 - Rain,02 - Wet,10 - No control,01 - Non intersection,01 - Daylight,03 - P.D. only,03 - Rear end,Tanglewood
9036,VENTANNA WAY btwn LEAMINGTON WAY & TEMAGAMI DR,365451.6056,5014539.995,-75.72707523,45.2682019,2014-07-26,0:00,01 - Clear,01 - Dry,10 - No control,01 - Non intersection,00 - Unknown,03 - P.D. only,06 - SMV unattended vehicle,New Barrhaven
9037,PLANTE DR btwn OWL DR & IMPALA CRES,369774.502,5024222.659,-75.67072156,45.35493841,2014-02-05,16:30,01 - Clear,05 - Packed snow,10 - No control,04 - At/near private drive,01 - Daylight,03 - P.D. only,06 - SMV unattended vehicle,Hunt Club East - Western Community
9038,FERNBANK RD btwn TERRY FOX DR & Continuation of FERNBANK RD,354334.7695,5015157.866,-75.86867341,45.2746325,2014-07-21,17:44,01 - Clear,01 - Dry,10 - No control,01 - Non intersection,01 - Daylight,03 - P.D. only,03 - Rear end,Stittsville - Basswood
9039,CARLING AVE @ CROYDON AVE,360658.2067,5025042.518,-75.78697163,45.36310095,2014-07-08,16:51,01 - Clear,01 - Dry,01 - Traffic signal,02 - Intersection related,01 - Daylight,03 - P.D. only,99 - Other,Whitehaven - Queensway Terrace North
9040,CAMPEAU DR/HWY 417 MARCH IC138R63 @ MARCH RD,352841.151,5020476.467,-75.88719334,45.32259418,2014-07-08,16:54,02 - Rain,02 - Wet,01 - Traffic signal,02 - Intersection related,01 - Daylight,03 - P.D. only,03 - Rear end,Greenbelt
9041,DEERFOX DR btwn AMBERGLEN CRT & APPLEDALE DR,365150.6699,5015519.017,-75.73079092,45.27703701,2014-08-29,14:45,01 - Clear,01 - Dry,10 - No control,04 - At/near private drive,01 - Daylight,03 - P.D. only,02 - Angle,New Barrhaven
9042,KANATA RD @ LORD BYNG WAY/MARITIME WAY,351431.5884,5019334.27,-75.90528007,45.31241147,2014-08-05,8:28,01 - Clear,01 - Dry,01 - Traffic signal,02 - Intersection related,01 - Daylight,03 - P.D. only,03 - Rear end,Kanata
9043,ST. PATRICK ST EB btwn BEAUSOLEIL DR & COBOURG ST,368704.7464,5033227.162,-75.68320717,45.43605641,2014-07-29,20:15,01 - Clear,01 - Dry,10 - No control,01 - Non intersection,05 - Dusk,03 - P.D. only,04 - Sideswipe,Lower Town
9044,WEST HUNT CLUB RD @ WOODROFFE AVE,363670.2171,5021244.593,-75.74897868,45.32868111,2014-07-30,15:24,02 - Rain,02 - Wet,01 - Traffic signal,02 - Intersection related,01 - Daylight,03 - P.D. only,03 - Rear end,Woodvale - Craig Henry - Manordale - Estates of Arlington Wo
9045,DWYER HILL RD btwn BLEEKS RD & COPELAND RD,347274.7478,5000034.482,-75.95993918,45.13900669,2014-07-13,5:57,01 - Clear,01 - Dry,10 - No control,01 - Non intersection,01 - Daylight,03 - P.D. only,07 - SMV other,Munster Hamlet - Richmond
9046,BLACKLEAF DR @ JOCKVALE RD,365567.3359,5012899.706,-75.72580116,45.25343261,2014-07-13,10:15,02 - Rain,02 - Wet,02 - Stop sign,02 - Intersection related,01 - Daylight,03 - P.D. only,02 - Angle,New Barrhaven
9047,BANK ST btwn ALBION RD & SIEVERIGHT AVE,371970.8566,5024132.771,-75.6427045,45.35392267,2014-08-07,10:10,01 - Clear,01 - Dry,10 - No control,04 - At/near private drive,01 - Daylight,03 - P.D. only,02 - Angle,Blossom Park - Blossom Park West - Sawmill Creek/ Timbermill
9048,WAVELL AVE btwn DOVERCOURT AVE & TILLBURY AVE,362414.61,5026793.044,-75.76434885,45.37870985,2014-08-07,12:21,01 - Clear,01 - Dry,10 - No control,04 - At/near private drive,01 - Daylight,03 - P.D. only,06 - SMV unattended vehicle,Carlingwood - McKellar Park - Laurentien View
9049,ALERT RD/AIRPORT PKWY/UPLANDS DR RAMP 62 @ LES,371306.5893,5021353.781,-75.65155512,45.32898148,2014-08-11,8:00,01 - Clear,01 - Dry,01 - Traffic signal,02 - Intersection related,01 - Daylight,03 - P.D. only,04 - Sideswipe,Greenbelt
9050,DWYER HILL RD @ GOLF CLUB WAY,341462.889,5006731.92,-76.03334167,45.19960018,2014-07-03,16:51,01 - Clear,02 - Wet,02 - Stop sign,02 - Intersection related,01 - Daylight,03 - P.D. only,03 - Rear end,Munster Hamlet - Richmond
9051,DONALD B. MUNRO DR btwn GRANTS SIDE RD & LOMAR RD,332358.7843,5024623.669,-76.14822593,45.36101579,2014-07-03,17:20,01 - Clear,02 - Wet,10 - No control,01 - Non intersection,01 - Daylight,03 - P.D. only,07 - SMV other,Car
9052,EDGE HILL PL @ ERIE AVE,370291.3037,5026498.476,-75.66382461,45.37536743,2014-08-30,11:41,01 - Clear,01 - Dry,02 - Stop sign,03 - At intersection,01 - Daylight,03 - P.D. only,02 - Angle,Ledbury - Heron Gate - Ridgemont - Elmwood
9053,HUNT CLUB RD @ RIVERSIDE DR,368036.703,5021945.752,-75.69319017,45.33461016,2014-07-21,10:40,01 - Clear,01 - Dry,01 - Traffic signal,02 - Intersection related,01 - Daylight,03 - P.D. only,04 - Sideswipe,Hunt Club Woods - Quintarra - Revelstoke - Riverside South P
9054,RIVERSIDE DR RAMP 42A @ RIVERSIDE DR,368441.8135,5027267.403,-75.68733687,45.38245644,2014-07-21,9:00,01 - Clear,01 - Dry,03 - Yield sign,02 - Intersection related,01 - Daylight,03 - P.D. only,03 - Rear end,Alta Vista
9055,ROWALLEN PL btwn SHELLBROOK WAY & SHELLBROOK WAY,372984.8345,5026002.367,-75.62950673,45.37064671,2014-07-23,20:30,01 - Clear,01 - Dry,10 - No control,04 - At/near private drive,05 - Dusk,03 - P.D. only,06 - SMV unattended vehicle,Greenboro East
9056,ABETTI RDG/RIVERSTONE DR @ JOCKVALE RD,365167.2338,5013547.968,-75.7308194,45.25930011,2014-07-24,7:30,01 - Clear,01 - Dry,01 - Traffic signal,03 - At intersection,01 - Daylight,03 - P.D. only,03 - Rear end,New Barrhaven
9057,INNES RD @ TENTH LINE RD,383952.2673,5036159.814,-75.48787815,45.46088211,2014-07-16,8:41,01 - Clear,01 - Dry,01 - Traffic signal,02 - Intersection related,01 - Daylight,03 - P.D. only,03 - Rear end,Queenswood Heights
9058,WITHROW AVE btwn ST. HELEN'S PL & MERIVALE RD,364628.7651,5024216.803,-75.73639189,45.35534365,2014-07-16,8:35,01 - Clear,01 - Dry,10 - No control,04 - At/near private drive,01 - Daylight,03 - P.D. only,02 - Angle,Crestview - Meadowlands
9059,QUEEN ST btwn BRONSON AVE & BAY ST,366849.6399,5031181.317,-75.70717348,45.41781562,2014-07-27,1:00,01 - Clear,01 - Dry,10 - No control,01 - Non intersection,07 - Dark,03 - P.D. only,06 - SMV unattended vehicle,Downtown
9060,ARLINGTON AVE @ BANK ST,368007.1777,5030342.726,-75.69249229,45.41016664,2014-07-31,10:00,01 - Clear,01 - Dry,02 - Stop sign,03 - At intersection,01 - Daylight,03 - P.D. only,02 - Angle,Centretown
9061,MONTREAL RD @ FOXVIEW PL/DESLOGES PRIV,372907.3036,5034447.266,-75.62932976,45.44663757,2014-08-09,10:51,01 - Clear,01 - Dry,02 - Stop sign,03 - At intersection,01 - Daylight,03 - P.D. only,02 - Angle,Carson Grove - Carson Meadows
9062,Birchland Cres btwn Birchland Cres and Birchland Cres,349663.7063,5012491.272,-75.92844437,45.25095108,2014-12-14,15:02,01 - Clear,01 - Dry,10 - No control,04 - At/near private drive,01 - Daylight,03 - P.D. only,06 - SMV unattended vehicle,Stittsville
9063,WOODROFFE AVE @ KNOXDALE RD/MEDHURST DR,363419.6899,5021827.247,-75.75210544,45.33394476,2014-07-08,16:58,02 - Rain,02 - Wet,01 - Traffic signal,02 - Intersection related,01 - Daylight,03 - P.D. only,03 - Rear end,Woodvale - Craig Henry - Manordale - Estates of Arlington Wo
9064,DELAWARE AVE btwn CARTIER ST & ROBERT ST,368578.9849,5030917.896,-75.68511344,45.41528994,2014-07-26,15:00,01 - Clear,01 - Dry,10 - No control,04 - At/near private drive,01 - Daylight,03 - P.D. only,02 - Angle,Golden Triangle
9065,BRIARFIELD CRES btwn DEANCOURT CRES & DEANCOURT CRES,383811.9057,5038117.374,-75.48935794,45.47851032,2014-07-31,21:00,01 - Clear,01 - Dry,10 - No control,04 - At/near private drive,05 - Dusk,03 - P.D. only,06 - SMV unattended vehicle,Fallingbrook
9066,BANK ST @ RIVERSIDE DR N,369226.2229,5027984.813,-75.67722788,45.38883977,2014-08-01,12:58,01 - Clear,01 - Dry,01 - Traffic signal,03 - At intersection,01 - Daylight,03 - P.D. only,02 - Angle,Alta Vista
9067,MONTREAL RD @ ST. LAURENT BLVD,371545.229,5033816.647,-75.64682583,45.44109495,2014-07-13,11:57,02 - Rain,02 - Wet,01 - Traffic signal,02 - Intersection related,01 - Daylight,03 - P.D. only,03 - Rear end,Cummings
9068,SANDALWOOD DR btwn BAYCREST DR & HERON RD,371387.6286,5026738.999,-75.64979613,45.37742824,2014-07-13,12:00,02 - Rain,02 - Wet,10 - No control,01 - Non intersection,01 - Daylight,03 - P.D. only,06 - SMV unattended vehicle,Ledbury - Heron Gate - Ridgemont - Elmwood
9069,FALLOWFIELD RD @ WOODROFFE AVE,365084.6761,5017905.086,-75.73134204,45.29851243,2014-08-07,15:45,01 - Clear,01 - Dry,01 - Traffic signal,03 - At intersection,01 - Daylight,03 - P.D. only,03 - Rear end,New Barrhaven
9070,BAYCREST DR @ WALKLEY RD,371421.7306,5026590.78,-75.64938076,45.37609138,2014-08-12,8:10,01 - Clear,01 - Dry,01 - Traffic signal,03 - At intersection,01 - Daylight,03 - P.D. only,02 - Angle,Ledbury - Heron Gate - Ridgemont - Elmwood
9071,REGIONAL ROAD 174 EB btwn HWY417 IC113 RAMP65 & OR174 BLAIR IC112 RAMP51,374765.7962,5032792.972,-75.60580919,45.43156961,2014-07-03,17:00,01 - Clear,01 - Dry,10 - No control,01 - Non intersection,01 - Daylight,03 - P.D. only,03 - Rear end,Pineview
9072,HEMMINGWOOD WAY @ WESTPOINTE CRES E,362256.0607,5023165.464,-75.76679487,45.34608221,2014-07-03,23:00,01 - Clear,01 - Dry,02 - Stop sign,02 - Intersection related,07 - Dark,03 - P.D. only,06 - SMV unattended vehicle,Centrepointe
9073,PRINCE OF WALES DR @ LODGE RD S,366787.2775,5013757.376,-75.71015313,45.26104348,2014-07-21,15:20,01 - Clear,01 - Dry,02 - Stop sign,03 - At intersection,01 - Daylight,03 - P.D. only,03 - Rear end,New Barrhaven
9074,BANK ST @ MITCH OWENS RD,377759.2396,5015946.512,-75.57004297,45.27968815,2014-07-24,12:07,01 - Clear,01 - Dry,01 - Traffic signal,03 - At intersection,01 - Daylight,03 - P.D. only,04 - Sideswipe,Osgoode
9075,CROWNRIDGE DR @ MEADOWBREEZE DR,356003.552,5015123.32,-75.8474095,45.27420211,2014-07-16,9:59,01 - Clear,01 - Dry,02 - Stop sign,02 - Intersection related,01 - Daylight,03 - P.D. only,03 - Rear end,Bridlewood - Emerald Meadows
9076,BREWER RD @ BRONSON AVE,368109.0471,5027767.196,-75.69152155,45.38698359,2014-07-28,16:15,02 - Rain,02 - Wet,01 - Traffic signal,02 - Intersection related,01 - Daylight,03 - P.D. only,03 - Rear end,Carleto
9077,MITCH OWENS RD/BRIDGE ST @ RIVER RD,369499.7029,5010770.158,-75.67598344,45.23392055,2014-07-28,17:35,02 - Rain,02 - Wet,01 - Traffic signal,02 - Intersection related,01 - Daylight,03 - P.D. only,03 - Rear end,Manotick
9078,WALKLEY RD btwn BANTON ST & MELFORT ST,374424.4106,5028352.686,-75.61079889,45.39165226,2014-08-11,14:44,01 - Clear,01 - Dry,10 - No control,01 - Non intersection,01 - Daylight,03 - P.D. only,04 - Sideswipe,Hawthorne Meadows
9079,BRONSON AVE btwn CARLING AVE & FIRST AVE,367486.0956,5029250.254,-75.69928764,45.40038376,2014-08-08,15:50,01 - Clear,01 - Dry,10 - No control,01 - Non intersection,01 - Daylight,03 - P.D. only,04 - Sideswipe,The Glebe
9080,HUNT CLUB RD btwn CAHILL DR & LORRY GREENBERG DR,372743.6439,5024748.737,-75.63275795,45.35939046,2014-07-24,10:30,01 - Clear,01 - Dry,10 - No control,01 - Non intersection,01 - Daylight,03 - P.D. only,04 - Sideswipe,Greenboro East
9081,AGES DR @ LEGACY RD,374601.2642,5027549.644,-75.60865407,45.38440927,2014-07-25,13:03,01 - Clear,01 - Dry,02 - Stop sign,03 - At intersection,01 - Daylight,03 - P.D. only,05 - Turning movement,Industrial Park
9082,OLD TENTH LINE RD/OR174 IC101 RAMP63 @ ST. JOS,383119.2371,5038785.848,-75.4981099,45.48460268,2014-08-07,9:45,01 - Clear,01 - Dry,01 - Traffic signal,03 - At intersection,01 - Daylight,03 - P.D. only,02 - Angle,Industrial Park
9083,PRESTWICK DR btwn SUMMERLANDS CRES & SUMMERLANDS CRES,383586.5805,5036342.104,-75.49252426,45.46256352,2014-08-09,10:27,01 - Clear,01 - Dry,10 - No control,01 - Non intersection,01 - Daylight,03 - P.D. only,07 - SMV other,Queenswood Heights
9084,NEVILLE ST @ KELLY AVE,360501.6943,5024061.296,-75.78907993,45.35428441,2014-07-08,17:42,02 - Rain,02 - Wet,10 - No control,02 - Intersection related,01 - Daylight,03 - P.D. only,02 - Angle,Whitehaven - Queensway Terrace North
9085,FALLOWFIELD RD btwn ASHDALE AVE & PRINCE OF WALES DR,367316.7716,5019118.129,-75.70273151,45.30923216,2014-07-11,18:58,01 - Clear,01 - Dry,10 - No control,01 - Non intersection,01 - Daylight,03 - P.D. only,03 - Rear end,Greenbelt
9086,VIEWMOUNT DR @ MERIVALE RD,365193.6971,5022948.749,-75.72933705,45.34388546,2014-08-05,17:35,01 - Clear,01 - Dry,01 - Traffic signal,02 - Intersection related,01 - Daylight,03 - P.D. only,03 - Rear end,Tanglewood
9087,DATA CENTRE RD btwn TURN LANE & TURN LANE,369014.3976,5027431.936,-75.68000471,45.3838846,2014-08-01,16:05,01 - Clear,01 - Dry,10 - No control,04 - At/near private drive,01 - Daylight,03 - P.D. only,02 - Angle,Alta Vista
9088,WOODROFFE AVE @ DEERFOX DR/STONEWAY DR,365885.3724,5015942.216,-75.72137543,45.28078149,2014-08-01,8:30,01 - Clear,01 - Dry,01 - Traffic signal,02 - Intersection related,01 - Daylight,03 - P.D. only,03 - Rear end,Chapman Mills - Rideau Crest - Davidson Heights
9089,ANWATIN ST @ ARNOLD DR,357741.0717,5019568.469,-75.82479179,45.31407149,2014-07-13,14:38,02 - Rain,02 - Wet,02 - Stop sign,02 - Intersection related,01 - Daylight,03 - P.D. only,07 - SMV other,Bells Corners East
9090,PRINCE OF WALES DR btwn RIDEAU HEIGHTS LANE & STEPHANIE AVE,367511.5626,5022779.944,-75.69978382,45.34216319,2014-07-13,17:48,01 - Clear,01 - Dry,10 - No control,01 - Non intersection,01 - Daylight,03 - P.D. only,03 - Rear end,Industrial Park
9091,INDUSTRIAL AVE/INNES RD @ ST. LAURENT BLVD,373100.2013,5030004.619,-75.62748016,45.40664601,2014-08-12,9:37,01 - Clear,01 - Dry,01 - Traffic signal,02 - Intersection related,01 - Daylight,03 - P.D. only,04 - Sideswipe,Industrial Park
9092,PARENT AVE @ ST. PATRICK ST,367823.1241,5032555.645,-75.69456038,45.43009435,2014-08-29,22:22,01 - Clear,01 - Dry,01 - Traffic signal,02 - Intersection related,07 - Dark,03 - P.D. only,04 - Sideswipe,Byward Market
9093,ELGIN ST btwn ALBERT ST & SLATER ST (1),367857.8206,5031697.363,-75.69422688,45.42236869,2014-07-04,2:11,01 - Clear,01 - Dry,10 - No control,01 - Non intersection,07 - Dark,03 - P.D. only,04 - Sideswipe,Downtown
9094,LEEDS AVE btwn SHEFFIELD RD & END,374877.4315,5029561.927,-75.6048421,45.40248722,2014-07-04,9:30,01 - Clear,01 - Dry,10 - No control,01 - Non intersection,01 - Daylight,03 - P.D. only,06 - SMV unattended vehicle,Industrial Park
9095,GREENBANK RD btwn MEADOWBANK DR & HARRISON ST,360830.677,5022024.556,-75.78511217,45.33593165,2014-07-30,13:03,01 - Clear,01 - Dry,10 - No control,01 - Non intersection,01 - Daylight,03 - P.D. only,03 - Rear end,Briar Green - Leslie Park
9096,DEAKIN ST @ PRINCE OF WALES DR,367391.2181,5021523.741,-75.70147819,45.33087085,2014-08-01,17:51,01 - Clear,01 - Dry,01 - Traffic signal,02 - Intersection related,01 - Daylight,03 - P.D. only,03 - Rear end,Industrial Park
9097,REGIONAL ROAD 174 btwn QUIGLEY HILL RD & REGIONAL ROAD 174 DIVIDED,388267.1315,5042390.729,-75.43165393,45.51643878,2014-09-21,4:30,01 - Clear,02 - Wet,10 - No control,01 - Non intersection,07 - Dark,03 - P.D. only,07 - SMV other,Cumberland - Estates
9098,MARCH RD btwn SOLANDT RD & STATION RD,350877.5672,5022280.93,-75.91207123,45.33896278,2014-09-29,9:20,01 - Clear,01 - Dry,10 - No control,01 - Non intersection,01 - Daylight,03 - P.D. only,03 - Rear end,South March
9099,ST. JOSEPH BLVD @ REGIONAL RD 174/TRANSITWAY,376556.4033,5035057.229,-75.58259729,45.45176054,2014-08-07,16:00,01 - Clear,01 - Dry,01 - Traffic signal,03 - At intersection,01 - Daylight,03 - P.D. only,02 - Angle,Greenbelt
9100,SOMERSET ST    W btwn ELGIN ST & CARTIER ST,368185.3782,5031210.799,-75.69010426,45.41796115,2014-08-12,13:15,02 - Rain,02 - Wet,10 - No control,01 - Non intersection,01 - Daylight,03 - P.D. only,04 - Sideswipe,Golden Triangle
9101,GOLF CLUB WAY btwn WESTLEIGH BLVD & END,343251.4025,5009094.043,-76.01039532,45.22076062,2014-08-06,12:26,01 - Clear,01 - Dry,10 - No control,01 - Non intersection,01 - Daylight,03 - P.D. only,07 - SMV other,Munster Hamlet - Richmond
9102,UPPER DWYER HILL RD btwn MARCH RD & OLD ALMONTE RD,336878.735,5011188.928,-76.09140166,45.23993073,2014-08-29,15:00,01 - Clear,01 - Dry,10 - No control,01 - Non intersection,01 - Daylight,03 - P.D. only,07 - SMV other,Carp - Hardwood Plains
9103,BANK ST btwn BLAIS RD & RIDEAU RD,376939.1127,5017880.492,-75.58021394,45.29717398,2014-08-30,13:35,01 - Clear,01 - Dry,10 - No control,04 - At/near private drive,01 - Daylight,03 - P.D. only,07 - SMV other,Greenbelt
9104,BRIGADE AVE @ STITTSVILLE MAIN ST,350950.1166,5012496.406,-75.91205611,45.25091409,2014-08-28,13:40,01 - Clear,01 - Dry,02 - Stop sign,02 - Intersection related,01 - Daylight,03 - P.D. only,03 - Rear end,Stittsville
9105,CEDARVIEW RD btwn BRUIN RD & HWY416 IC72 RAMP62,359287.3721,5020487.926,-75.80497064,45.32222653,2014-07-09,7:14,01 - Clear,01 - Dry,10 - No control,04 - At/near private drive,01 - Daylight,03 - P.D. only,04 - Sideswipe,Greenbelt