Record,Location,X,Y,lon,lat,Date,Time,Environment,Road_Surface,Traffic_Control,Collision_Location,Light,Collision_Classification,Impact_type,Neighborhood
9106,COLONNADE RD @ PRINCE OF WALES DR,367394.2377,5023265.568,-75.70121932,45.34654322,2014-07-09,17:31,01 - Clear,01 - Dry,01 - Traffic signal,02 - Intersection related,01 - Daylight,03 - P.D. only,04 - Sideswipe,Industrial Park
9107,STAR TOP RD btwn CYRVILLE RD & ALGOMA RD,373909.6683,5031266.325,-75.61696372,45.41791876,2014-07-28,17:22,01 - Clear,01 - Dry,10 - No control,04 - At/near private drive,01 - Daylight,03 - P.D. only,02 - Angle,Industrial Park
9108,BELL ST    N btwn SOMERSET ST W & ECCLES ST,366809.8525,5030281.163,-75.70779506,45.40971982,2014-08-07,0:00,01 - Clear,01 - Dry,10 - No control,01 - Non intersection,00 - Unknown,03 - P.D. only,06 - SMV unattended vehicle,Chinatown
9109,TRAMONTANA PL btwn HUNTMAR DR & ROSEHILL AVE,350471.0042,5016523.531,-75.91778923,45.28718276,2014-08-13,8:00,01 - Clear,01 - Dry,10 - No control,01 - Non intersection,01 - Daylight,03 - P.D. only,06 - SMV unattended vehicle,Stittsville
9110,PRINCE ALBERT ST btwn BERNARD ST & ALESTHER ST,372021.1418,5032072.693,-75.64098123,45.42535808,2014-08-14,0:00,01 - Clear,01 - Dry,10 - No control,01 - Non intersection,00 - Unknown,03 - P.D. only,06 - SMV unattended vehicle,Overbrook
9111,MARGUERITE AVE @ MCARTHUR AVE,370031.1833,5032668.688,-75.66632922,45.43090901,2014-07-11,17:30,01 - Clear,01 - Dry,01 - Traffic signal,02 - Intersection related,01 - Daylight,03 - P.D. only,03 - Rear end,Vanier South
9112,NICHOLAS ST/NICHOLAS ST SB @ SB RAMP FROM WALL,368321.6462,5031893.294,-75.6882753,45.42408965,2014-07-15,19:14,01 - Clear,01 - Dry,01 - Traffic signal,03 - At intersection,01 - Daylight,03 - P.D. only,05 - Turning movement,Sandy Hill
9113,BRONSON AVE @ SUNNYSIDE AVE/UNIVERSITY RD - CA,367924.1319,5028090.599,-75.69384138,45.38991017,2014-06-30,21:00,01 - Clear,01 - Dry,01 - Traffic signal,02 - Intersection related,05 - Dusk,03 - P.D. only,03 - Rear end,Carleto
9114,CARP RD @ MARCH RD,342165.9771,5021731.56,-76.02326432,45.33453741,2014-08-15,14:00,01 - Clear,01 - Dry,01 - Traffic signal,02 - Intersection related,01 - Daylight,03 - P.D. only,99 - Other,Carp - Hardwood Plains
9115,CONROY RD @ WALKLEY RD,372906.0923,5027460.688,-75.63031076,45.38377574,2014-08-19,13:48,01 - Clear,01 - Dry,01 - Traffic signal,02 - Intersection related,01 - Daylight,03 - P.D. only,03 - Rear end,South Keys - Heron Gate - Greenboro West
9116,INNES RD @ JEANNE D'ARC BLVD/MER BLEUE RD,382639.1754,5035566.606,-75.50476002,45.45569246,2014-08-13,12:50,01 - Clear,01 - Dry,01 - Traffic signal,02 - Intersection related,01 - Daylight,03 - P.D. only,03 - Rear end,Chapel Hill South
9117,COWLEY AVE @ PONTIAC ST,363797.455,5029773.485,-75.74633717,45.40541226,2014-08-12,12:35,02 - Rain,02 - Wet,10 - No control,03 - At intersection,01 - Daylight,03 - P.D. only,06 - SMV unattended vehicle,Champlain Park
9118,RICHMOND RD btwn MCRAE AVE & CLIFTON RD,363672.3315,5028576.486,-75.7480783,45.39465241,2014-08-25,10:09,01 - Clear,01 - Dry,10 - No control,01 - Non intersection,01 - Daylight,03 - P.D. only,06 - SMV unattended vehicle,Westboro
9119,BLACKBURN BYPASS EB btwn NAVAN RD & INNES RD E,379693.0275,5033350.4,-75.54276096,45.43607465,2014-08-29,16:15,01 - Clear,01 - Dry,10 - No control,01 - Non intersection,01 - Daylight,03 - P.D. only,03 - Rear end,Greenbelt
9120,KING EDWARD AVE NB btwn SUSSEX DR & UNION ST,367675.5483,5033497.91,-75.69632588,45.43858581,2014-08-03,16:30,01 - Clear,01 - Dry,10 - No control,01 - Non intersection,01 - Daylight,03 - P.D. only,03 - Rear end,Byward Market - Parliament Hill
9121,WEST HUNT CLUB RD @ WOODROFFE AVE,363671.1649,5021246.489,-75.74896637,45.32869809,2014-07-01,11:36,01 - Clear,01 - Dry,01 - Traffic signal,03 - At intersection,01 - Daylight,03 - P.D. only,02 - Angle,Merivale Gardens - Grenfell Glen - Pineglen - Country Place
9122,SUNNYSIDE DR @ FERNBANK RD,351340.0716,5012505.459,-75.90708757,45.25096987,2014-08-12,16:35,02 - Rain,02 - Wet,02 - Stop sign,02 - Intersection related,01 - Daylight,03 - P.D. only,03 - Rear end,Stittsville
9123,TERRY FOX DR btwn CASTLEFRANK RD & TRANS CANADA TRAIL,353005.8573,5016286.798,-75.88549992,45.28488329,2014-08-28,15:45,01 - Clear,01 - Dry,10 - No control,01 - Non intersection,01 - Daylight,03 - P.D. only,03 - Rear end,Glen Cairn - Kanata South Business Park
9124,YORK ST WB btwn BYWARD MARKE SQ & SUSSEX DR,367806.7565,5032267.409,-75.69480641,45.42750238,2014-08-05,20:00,01 - Clear,01 - Dry,10 - No control,01 - Non intersection,05 - Dusk,03 - P.D. only,06 - SMV unattended vehicle,Byward Market
9125,MCARTHUR AVE @ VANIER PKWY,370218.2311,5032690.586,-75.66393604,45.43108856,2014-08-06,17:06,01 - Clear,01 - Dry,01 - Traffic signal,02 - Intersection related,01 - Daylight,03 - P.D. only,04 - Sideswipe,Vanier South
9126,GREENBANK RD btwn 220 N OF STRANDHERD DR & STRANDHERD DR,363893.3995,5014882.048,-75.74689007,45.27141235,2014-08-12,10:11,02 - Rain,02 - Wet,10 - No control,01 - Non intersection,01 - Daylight,03 - P.D. only,03 - Rear end,New Barrhaven
9127,WILLOW ST btwn PRESTON ST & ROCHESTER ST,366452.0851,5029870.942,-75.71241657,45.40606037,2014-08-28,9:00,01 - Clear,01 - Dry,10 - No control,01 - Non intersection,01 - Daylight,03 - P.D. only,06 - SMV unattended vehicle,Little Italy
9128,BASELINE RD/HWY 416 RICHMOND IC75R53 @ RICHMON,358637.0867,5021819.591,-75.81312013,45.33425911,2014-08-28,15:53,01 - Clear,01 - Dry,01 - Traffic signal,02 - Intersection related,01 - Daylight,03 - P.D. only,04 - Sideswipe,Briar Green - Leslie Park
9129,KING EDWARD AVE @ ST. PATRICK ST,368249.1752,5032820.745,-75.6890818,45.4324411,2014-07-30,7:32,02 - Rain,02 - Wet,01 - Traffic signal,02 - Intersection related,01 - Daylight,03 - P.D. only,04 - Sideswipe,Byward Market
9130,BANK ST @ RIVERSIDE DR N,369226.1898,5027984.494,-75.67722835,45.3888369,2014-07-30,13:50,01 - Clear,01 - Dry,01 - Traffic signal,03 - At intersection,01 - Daylight,03 - P.D. only,02 - Angle,Alta Vista
9131,MELROSE AVE btwn WELLINGTON ST W & GLADSTONE AVE,365518.1771,5029450.631,-75.72439756,45.40236015,2014-08-13,0:00,01 - Clear,01 - Dry,10 - No control,01 - Non intersection,00 - Unknown,03 - P.D. only,06 - SMV unattended vehicle,Civi
9132,OR174 IC109 RAMP54 btwn REGIONAL ROAD 174 & ST. JOSEPH BLVD,376579.9756,5034988.096,-75.58230604,45.45113611,2014-08-14,18:30,02 - Rain,02 - Wet,10 - No control,01 - Non intersection,01 - Daylight,03 - P.D. only,04 - Sideswipe,Greenbelt
9133,HAZEL ST @ MAIN ST,369168.1362,5030173.553,-75.67768399,45.40853866,2014-07-30,11:55,01 - Clear,01 - Dry,01 - Traffic signal,02 - Intersection related,01 - Daylight,03 - P.D. only,03 - Rear end,Old Ottawa East
9134,LEES AVE / GRAHAM AVE @ MAIN ST,369001.6754,5030560.444,-75.67975995,45.41203506,2014-07-09,7:20,01 - Clear,01 - Dry,01 - Traffic signal,02 - Intersection related,01 - Daylight,03 - P.D. only,03 - Rear end,Old Ottawa East
9135,GLEBE AVE btwn BANK ST & O'CONNOR ST,368491.119,5029940.083,-75.6863623,45.40649991,2014-07-11,9:00,01 - Clear,01 - Dry,10 - No control,01 - Non intersection,01 - Daylight,03 - P.D. only,99 - Other,The Glebe
9136,NAUGHTON ST @ QUEEN MARY ST,371334.195,5032066.638,-75.64975956,45.42536928,2014-08-15,17:35,01 - Clear,02 - Wet,02 - Stop sign,03 - At intersection,01 - Daylight,03 - P.D. only,02 - Angle,Overbrook
9137,CHAPEL ST btwn TEMPLETON ST & MANN AVE,369540.0307,5031577.865,-75.67274899,45.42113984,2014-08-23,12:29,01 - Clear,01 - Dry,10 - No control,04 - At/near private drive,01 - Daylight,03 - P.D. only,06 - SMV unattended vehicle,Sandy Hill
9138,LEGGET DR @ TERRY FOX DR,350178.0396,5023446.389,-75.92088951,45.34949543,2014-08-26,17:45,01 - Clear,01 - Dry,02 - Stop sign,03 - At intersection,01 - Daylight,03 - P.D. only,02 - Angle,South March
9139,TRIM RD btwn TAYLOR CREEK DR & ST. JOSEPH BLVD,384644.014,5039381.147,-75.47851064,45.48978586,2014-08-13,13:27,02 - Rain,02 - Wet,10 - No control,04 - At/near private drive,01 - Daylight,03 - P.D. only,02 - Angle,Cumberland - Estates
9140,BRIDGE ST btwn MANOTICK MAIN ST & DICKINSON CIRC,368721.9928,5009957.734,-75.68599172,45.22668143,2014-07-31,15:50,01 - Clear,01 - Dry,10 - No control,04 - At/near private drive,01 - Daylight,03 - P.D. only,05 - Turning movement,Manotick
9141,ELGIN ST btwn LAURIER AVE W & GLOUCESTER ST (1),367976.672,5031536.306,-75.69272896,45.42090883,2014-08-29,16:10,01 - Clear,01 - Dry,10 - No control,04 - At/near private drive,01 - Daylight,03 - P.D. only,02 - Angle,Golden Triangle
9142,MCLEOD ST btwn BANK ST & O'CONNOR ST,367967.6103,5030500.287,-75.69297754,45.41158789,2014-08-05,8:00,01 - Clear,01 - Dry,10 - No control,01 - Non intersection,01 - Daylight,03 - P.D. only,06 - SMV unattended vehicle,Centretown
9143,RUSSELL RD btwn SOUTHVALE CRES & TUPPER AVE,374037.9624,5028925.774,-75.61565335,45.39684695,2014-07-07,20:29,01 - Clear,01 - Dry,10 - No control,01 - Non intersection,05 - Dusk,03 - P.D. only,03 - Rear end,Sheffield Glen
9144,BENTLEY AVE @ SUNDERLAND ST,366152.1219,5021835.55,-75.7172461,45.33378589,2014-08-28,16:21,01 - Clear,01 - Dry,02 - Stop sign,02 - Intersection related,01 - Daylight,03 - P.D. only,05 - Turning movement,Industrial Park
9145,BANK ST btwn CAHILL DR & TURN LANE (1),371545.7033,5024112.62,-75.64813281,45.35378196,2014-08-28,15:45,01 - Clear,01 - Dry,10 - No control,04 - At/near private drive,01 - Daylight,03 - P.D. only,02 - Angle,South Keys - Heron Gate - Greenboro West
9146,BOTELER ST @ SUSSEX DR,367451.3115,5032952.446,-75.69926121,45.43369804,2014-08-06,14:00,01 - Clear,01 - Dry,01 - Traffic signal,02 - Intersection related,01 - Daylight,03 - P.D. only,03 - Rear end,Byward Market - Parliament Hill
9147,CHICKASAW CRES btwn PALOMINO DR & PALOMINO DR,354335.0064,5017432.846,-75.86844328,45.29510327,2014-08-07,7:08,01 - Clear,01 - Dry,10 - No control,01 - Non intersection,01 - Daylight,03 - P.D. only,06 - SMV unattended vehicle,Bridlewood - Emerald Meadows
9148,BASELINE RD @ MERIVALE RD,365054.2225,5025325.515,-75.73082701,45.36528324,2014-08-12,10:34,02 - Rain,02 - Wet,01 - Traffic signal,02 - Intersection related,01 - Daylight,03 - P.D. only,03 - Rear end,Civic Hospital - Experimental Farm - Central Park
9149,RUSSELL RD btwn ST. LAURENT BLVD & SOUTHVALE CRES,373784.0393,5029108.923,-75.61887061,45.3985199,2014-08-12,13:15,02 - Rain,02 - Wet,10 - No control,04 - At/near private drive,01 - Daylight,03 - P.D. only,02 - Angle,Sheffield Glen
9150,ISLAND PARK DR @ RICHMOND RD,364132.1085,5028869.453,-75.74217127,45.39724967,2014-10-04,11:50,02 - Rain,02 - Wet,01 - Traffic signal,03 - At intersection,01 - Daylight,03 - P.D. only,02 - Angle,Island Park
9151,HAZELDEAN RD @ TERRY FOX DR,352207.1371,5017240.555,-75.89558982,45.29351978,2014-07-25,17:00,01 - Clear,01 - Dry,01 - Traffic signal,03 - At intersection,01 - Daylight,03 - P.D. only,03 - Rear end,Glen Cairn - Kanata South Business Park
9152,BRONSON AVE @ SUNNYSIDE AVE/UNIVERSITY RD - CA,367923.184,5028090.599,-75.69385348,45.38991025,2014-07-27,7:58,01 - Clear,02 - Wet,01 - Traffic signal,02 - Intersection related,01 - Daylight,03 - P.D. only,03 - Rear end,Carleto
9153,RIDEAU ST btwn SUSSEX DR & 88 W OF WILLIAM ST/FREIMAN MALL,367952.4597,5032064.773,-75.69297057,45.42566599,2014-08-03,0:10,01 - Clear,01 - Dry,10 - No control,01 - Non intersection,07 - Dark,03 - P.D. only,04 - Sideswipe,Byward Market - Parliament Hill
9154,BRIDLE PARK DR btwn RIVERGREEN CRES & BLACK RIVERS PL,355421.7699,5016339.97,-75.85469977,45.28519191,2014-08-15,1:21,01 - Clear,01 - Dry,10 - No control,01 - Non intersection,07 - Dark,03 - P.D. only,06 - SMV unattended vehicle,Bridlewood - Emerald Meadows
9155,CARLING AVE WB btwn HWY417 IC124 RAMP76 & KIRKWOOD AVE,364229.7752,5027467.003,-75.74109283,45.3846224,2014-08-03,20:47,01 - Clear,01 - Dry,10 - No control,01 - Non intersection,07 - Dark,03 - P.D. only,07 - SMV other,Westboro
9156,REGIONAL ROAD 174 btwn HWY417 IC113 RAMP67 & Continuation of REGIONAL ,373520.6349,5031891.742,-75.6218467,45.42358427,2014-08-07,14:08,01 - Clear,01 - Dry,10 - No control,01 - Non intersection,01 - Daylight,03 - P.D. only,07 - SMV other,Industrial Park
9157,BANK ST btwn HOLMWOOD AVE & LANSDOWNE PARK,368492.6085,5029176.706,-75.68644187,45.39963115,2014-06-17,16:30,01 - Clear,01 - Dry,10 - No control,01 - Non intersection,01 - Daylight,03 - P.D. only,01 - Approaching,The Glebe
9158,CONROY RD @ HUNT CLUB RD,373764.2139,5025402.627,-75.61964154,45.36517424,2014-08-15,18:08,01 - Clear,01 - Dry,01 - Traffic signal,02 - Intersection related,01 - Daylight,03 - P.D. only,03 - Rear end,Greenboro East
9159,REGIS AVE btwn DUCHARME BLVD & DONAT ST,371163.0904,5033339.359,-75.65177434,45.43683691,2014-06-03,19:28,01 - Clear,01 - Dry,10 - No control,01 - Non intersection,01 - Daylight,03 - P.D. only,07 - SMV other,Vanier South
9160,ST. LAURENT BLVD btwn INDUSTRIAL AVE & BOURASSA ST,373173.6988,5029836.685,-75.62656464,45.40512784,2014-08-13,14:20,01 - Clear,01 - Dry,10 - No control,01 - Non intersection,01 - Daylight,03 - P.D. only,04 - Sideswipe,Industrial Park
9161,HERON RD EB btwn RIVERSIDE DR & BRONSON AVE RAMP 35,368233.1455,5026644.433,-75.69008119,45.37687005,2014-07-31,16:45,01 - Clear,01 - Dry,10 - No control,01 - Non intersection,01 - Daylight,03 - P.D. only,03 - Rear end,Riverside Park
9162,PARKDALE AVE btwn SIMS AVE & HWY417 IC122 RAMP16,365278.7521,5028981.393,-75.72751319,45.39815878,2014-08-08,10:50,01 - Clear,01 - Dry,10 - No control,01 - Non intersection,01 - Daylight,03 - P.D. only,01 - Approaching,Civi
9163,VANIER PKWY/CRICHTON ST @ BEECHWOOD AVE/ST. PA,369129.2188,5033488.082,-75.67774828,45.43836514,2014-08-08,11:15,01 - Clear,01 - Dry,01 - Traffic signal,02 - Intersection related,01 - Daylight,03 - P.D. only,03 - Rear end,Vanier North
9164,ISABELLA ST/HWY417 IC119AR75 @ METCALFE ST,368448.0769,5030400.222,-75.68685269,45.41064401,2014-07-08,18:00,01 - Clear,01 - Dry,01 - Traffic signal,02 - Intersection related,01 - Daylight,03 - P.D. only,04 - Sideswipe,The Glebe
9165,Terry Fox Dr btwn Second Line Rd and Richardson Side Rd,347868.3739,5020968.188,-75.95057956,45.32734154,2014-07-15,18:11,01 - Clear,01 - Dry,10 - No control,01 - Non intersection,01 - Daylight,02 - Non-fatal injury,01 - Approaching,Kanata Lakes - Marchwood Lakeside - Morgan's Grant - Kanata
9166,CARP RD @ RICHARDSON SIDE RD,346210.9775,5017158.561,-75.97204031,45.29316092,2014-08-28,17:51,01 - Clear,01 - Dry,01 - Traffic signal,03 - At intersection,01 - Daylight,03 - P.D. only,05 - Turning movement,Stittsville - Basswood
9167,MONTREAL RD btwn VANIER PKWY & DUROCHER ST,370111.0984,5033089.289,-75.6652522,45.43468594,2014-08-07,15:50,01 - Clear,01 - Dry,10 - No control,04 - At/near private drive,01 - Daylight,03 - P.D. only,02 - Angle,Vanier
9168,BANK ST btwn RIVERSIDE DR & BILLINGS TRANSIT,369417.1294,5027774.403,-75.67481766,45.38692898,2014-08-07,15:59,01 - Clear,01 - Dry,10 - No control,04 - At/near private drive,01 - Daylight,03 - P.D. only,02 - Angle,Alta Vista
9169,COLONNADE RD btwn COLONNADE RD S & PRINCE OF WALES DR,367356.323,5023249.454,-75.70170515,45.34640161,2014-08-30,18:24,01 - Clear,01 - Dry,10 - No control,04 - At/near private drive,01 - Daylight,03 - P.D. only,03 - Rear end,Industrial Park
9170,HOLLAND AVE btwn KENILWORTH ST & RUSKIN ST,365271.5897,5028367.504,-75.72767991,45.39263576,2014-06-07,15:00,01 - Clear,01 - Dry,10 - No control,01 - Non intersection,01 - Daylight,03 - P.D. only,06 - SMV unattended vehicle,Civic Hospital - Experimental Farm - Central Park
9171,PAUL ANKA DR btwn UPLANDS DR & SAMPLE RD,369436.5729,5023389.967,-75.67514299,45.3474773,2014-07-24,19:00,01 - Clear,01 - Dry,10 - No control,04 - At/near private drive,01 - Daylight,03 - P.D. only,02 - Angle,Hunt Club East - Western Community
9172,BASELINE RD @ GREENBANK RD,360597.2104,5022585.448,-75.78802746,45.34099716,2014-07-27,11:05,01 - Clear,01 - Dry,01 - Traffic signal,02 - Intersection related,01 - Daylight,03 - P.D. only,03 - Rear end,Qualicum - Redwood Park
9173,REGIONAL ROAD 174 btwn TRANSIT & OR174 IC109 RAMP56,375914.1872,5033836.732,-75.59098335,45.44084491,2014-08-05,12:09,01 - Clear,01 - Dry,10 - No control,01 - Non intersection,01 - Daylight,03 - P.D. only,99 - Other,Greenbelt
9174,GREENBANK RD @ BERRIGAN DR/WESSEX RD,363724.5111,5015275.714,-75.74899554,45.27496874,2014-06-30,17:49,01 - Clear,01 - Dry,01 - Traffic signal,02 - Intersection related,01 - Daylight,03 - P.D. only,03 - Rear end,New Barrhaven
9175,ST. PATRICK ST/ST. ANDREW ST @ BEAUSOLEIL DR,368428.0718,5033069.101,-75.68676353,45.43465947,2014-08-08,14:59,01 - Clear,01 - Dry,01 - Traffic signal,02 - Intersection related,01 - Daylight,03 - P.D. only,03 - Rear end,Lower Town
9176,HEMLOCK RD btwn JUSTIN AVE & THORNWOOD RD,370535.4091,5034719.497,-75.65961187,45.44931407,2014-08-12,16:40,02 - Rain,02 - Wet,10 - No control,01 - Non intersection,01 - Daylight,03 - P.D. only,03 - Rear end,Manor Park
9177,RIVERSIDE DR @ TREMBLAY RD/HWY417 IC117 RAMP52,370802.552,5031014.96,-75.65669358,45.41595708,2014-08-15,20:51,01 - Clear,01 - Dry,01 - Traffic signal,02 - Intersection related,07 - Dark,03 - P.D. only,04 - Sideswipe,Industrial Park
9178,KIRKWOOD AVE @ SWITZER AVE,364236.0697,5027587.533,-75.74099794,45.38570637,2014-08-15,18:00,02 - Rain,02 - Wet,01 - Traffic signal,02 - Intersection related,01 - Daylight,03 - P.D. only,03 - Rear end,Westboro
9179,CARLING AVE @ PINECREST  RD/GREENVIEW AVE,360007.1496,5024629.684,-75.79532784,45.35943786,2014-07-06,15:04,01 - Clear,01 - Dry,01 - Traffic signal,03 - At intersection,01 - Daylight,03 - P.D. only,05 - Turning movement,Whitehaven - Queensway Terrace North
9180,BANK ST @ KILBORN AVE/BELANGER AVE,369655.1417,5027428.496,-75.67182394,45.38379462,2014-07-10,10:45,01 - Clear,01 - Dry,01 - Traffic signal,03 - At intersection,01 - Daylight,03 - P.D. only,03 - Rear end,Alta Vista
9181,ST. LAURENT BLVD btwn DONALD ST & 125 N OF QUEEN MARY ST,372159.5897,5032304.812,-75.63918046,45.42743326,2014-08-13,15:20,01 - Clear,01 - Dry,10 - No control,04 - At/near private drive,01 - Daylight,03 - P.D. only,02 - Angle,Overbrook
9182,COVENTRY RD btwn ARCOLA PRIV & LOLA ST,371163.6734,5031604.191,-75.65200072,45.42122458,2014-08-13,13:30,02 - Rain,02 - Wet,10 - No control,01 - Non intersection,01 - Daylight,03 - P.D. only,03 - Rear end,Overbrook
9183,CONROY RD @ THURSTON DR,373204.5305,5026796.177,-75.62659233,45.37776768,2014-07-31,21:27,01 - Clear,01 - Dry,01 - Traffic signal,03 - At intersection,07 - Dark,03 - P.D. only,02 - Angle,Industrial Park
9184,TENTH LINE RD @ CHARLEMAGNE BLVD S/DES EPINETT,383640.9751,5036900.456,-75.49173924,45.46758093,2014-07-08,18:54,02 - Rain,02 - Wet,01 - Traffic signal,03 - At intersection,01 - Daylight,03 - P.D. only,07 - SMV other,Orlans
9185,CUMBERLAND ST @ ST. ANDREW ST,368041.6932,5032896.011,-75.69172361,45.43313711,2014-08-07,14:00,01 - Clear,01 - Dry,02 - Stop sign,02 - Intersection related,01 - Daylight,03 - P.D. only,05 - Turning movement,Lower Town
9186,COLONIAL RD btwn DELSON DR & FRANK KENNY RD,389690.8195,5031959.793,-75.41523641,45.42242119,2014-08-08,16:04,01 - Clear,01 - Dry,10 - No control,01 - Non intersection,01 - Daylight,03 - P.D. only,06 - SMV unattended vehicle,Navan
9187,FISHER AVE @ DEER PARK RD/DYNES RD,366408.1834,5025456.475,-75.71352836,45.3663439,2014-07-08,17:20,02 - Rain,02 - Wet,01 - Traffic signal,02 - Intersection related,01 - Daylight,03 - P.D. only,03 - Rear end,Carleton Heights - Rideauview
9188,TENTH LINE RD btwn VANGUARD DR & LAKEPOINTE DR,384219.4193,5035525.222,-75.48456511,45.45514231,2014-08-28,18:24,01 - Clear,01 - Dry,10 - No control,01 - Non intersection,01 - Daylight,03 - P.D. only,03 - Rear end,Avalon
9189,NAVY PRIV @ PRINCE OF WALES DR,366838.9615,5028678.131,-75.70762488,45.3952936,2014-08-07,16:17,01 - Clear,01 - Dry,02 - Stop sign,03 - At intersection,01 - Daylight,03 - P.D. only,05 - Turning movement,The Glebe
9190,HUNTERSWOOD CRES btwn FOLKWAY GT (2) & HUNTERSWOOD CRES,375211.559,5026715.805,-75.60098063,45.37684571,2014-08-08,2:19,01 - Clear,01 - Dry,10 - No control,01 - Non intersection,07 - Dark,03 - P.D. only,06 - SMV unattended vehicle,Industrial Park
9191,BANK ST btwn SOUTHKEYS SC & CAHILL DR/DAZE ST,371301.2383,5024322.558,-75.6512243,45.35569414,2014-08-30,15:20,01 - Clear,01 - Dry,10 - No control,01 - Non intersection,01 - Daylight,03 - P.D. only,03 - Rear end,South Keys - Heron Gate - Greenboro West
9192,HENEY ST @ WURTEMBURG ST,369230.1306,5033134.693,-75.67650482,45.4351762,2014-08-30,14:30,01 - Clear,01 - Dry,02 - Stop sign,02 - Intersection related,01 - Daylight,03 - P.D. only,02 - Angle,Lower Town
9193,WYMAN CRES btwn WYMAN PL & ARDEN CRT,370735.3728,5023216.015,-75.65859337,45.34579124,2014-06-15,2:15,01 - Clear,02 - Wet,10 - No control,01 - Non intersection,07 - Dark,03 - P.D. only,06 - SMV unattended vehicle,Hunt Club - Ottawa Airport
9194,KING EDWARD AVE SB btwn GUIGUES AVE & ST. PATRICK ST,368204.7045,5032893.978,-75.68964068,45.43310406,2014-06-26,15:52,01 - Clear,01 - Dry,10 - No control,01 - Non intersection,01 - Daylight,03 - P.D. only,04 - Sideswipe,Lower Town
9195,ST. JOSEPH BLVD @ JEANNE D'ARC BLVD,379862.2434,5036472.707,-75.54012202,45.46414869,2014-09-16,16:35,01 - Clear,01 - Dry,11 - Roundabout,03 - At intersection,01 - Daylight,03 - P.D. only,04 - Sideswipe,Chapel Hill
9196,INDUSTRIAL AVE/INNES RD @ ST. LAURENT BLVD,373100.2013,5030005.567,-75.62748002,45.40665454,2014-08-06,21:10,02 - Rain,02 - Wet,01 - Traffic signal,03 - At intersection,07 - Dark,03 - P.D. only,05 - Turning movement,Industrial Park
9197,LEITRIM RD @ RIVER RD,368018.2814,5017176.51,-75.6940337,45.29169895,2014-07-17,10:45,01 - Clear,01 - Dry,02 - Stop sign,03 - At intersection,01 - Daylight,03 - P.D. only,07 - SMV other,Gloucester
9198,ST. LAURENT BLVD @ COTE ST,371786.1946,5033225.588,-75.64382645,45.43575384,2014-07-29,17:41,01 - Clear,01 - Dry,01 - Traffic signal,02 - Intersection related,01 - Daylight,03 - P.D. only,03 - Rear end,Cummings
9199,COLDREY AVE @ KIRKWOOD AVE,364439.1694,5027134.644,-75.73845929,45.38161409,2014-08-08,10:15,01 - Clear,01 - Dry,01 - Traffic signal,02 - Intersection related,01 - Daylight,03 - P.D. only,04 - Sideswipe,Carlington
9200,HERON RD @ BRIAR HILL DR/SANDALWOOD DR,371454.1496,5027011.59,-75.64891008,45.37987459,2014-08-17,19:11,01 - Clear,01 - Dry,01 - Traffic signal,03 - At intersection,01 - Daylight,03 - P.D. only,02 - Angle,Ledbury - Heron Gate - Ridgemont - Elmwood
9201,PINEWOOD CRES btwn HARWOOD AVE & HENLEY ST,360296.0636,5024119.688,-75.79169763,45.35482612,2014-07-10,11:20,01 - Clear,01 - Dry,10 - No control,01 - Non intersection,01 - Daylight,03 - P.D. only,06 - SMV unattended vehicle,Whitehaven - Queensway Terrace North
9202,SLATER ST btwn BAY ST & LYON ST N,367010.7205,5031095.311,-75.70512636,45.41702746,2014-07-15,8:00,01 - Clear,01 - Dry,10 - No control,01 - Non intersection,01 - Daylight,03 - P.D. only,03 - Rear end,Downtown
9203,KATIMAVIK RD @ CHIMO DR E/HEARST WAY,352958.5821,5019611.926,-75.88577955,45.31480681,2014-08-14,7:55,01 - Clear,01 - Dry,01 - Traffic signal,02 - Intersection related,01 - Daylight,03 - P.D. only,03 - Rear end,Katimavik - Hazeldean
9204,SUSSEX DR btwn BOTELER ST & LADY GREY DR,367452.5388,5032966.957,-75.69924368,45.43382849,2014-07-31,23:49,01 - Clear,08 - Loose sand or gravel,10 - No control,01 - Non intersection,07 - Dark,03 - P.D. only,07 - SMV other,Byward Market - Parliament Hill
9205,AVIATION PKWY @ OGILVIE RD,373110.473,5032378.8,-75.62701983,45.42800675,2014-08-01,7:53,01 - Clear,01 - Dry,01 - Traffic signal,02 - Intersection related,01 - Daylight,03 - P.D. only,03 - Rear end,Industrial Park
9206,BRONSON AVE btwn FIRST AVE & SECOND AVE,367492.7492,5029228.704,-75.6992054,45.40018927,2014-08-07,16:35,01 - Clear,01 - Dry,10 - No control,01 - Non intersection,01 - Daylight,03 - P.D. only,03 - Rear end,The Glebe
9207,INNES RD btwn INDUSTRIAL AVE & BANTREE ST,373347.3302,5030160.579,-75.62430183,45.4080251,2014-08-08,15:40,01 - Clear,01 - Dry,10 - No control,01 - Non intersection,01 - Daylight,03 - P.D. only,03 - Rear end,Industrial Park
9208,CRAIG HENRY DR @ IVYLEA ST/WOODVALE GR,363035.2155,5021804.39,-75.757013,45.33377111,2014-08-07,19:00,01 - Clear,01 - Dry,02 - Stop sign,02 - Intersection related,01 - Daylight,03 - P.D. only,03 - Rear end,Woodvale - Craig Henry - Manordale - Estates of Arlington Wo
9209,Silver Sage Ave btwn Claridge Dr and Twinflower Way,364627.8415,5016333.023,-75.73735599,45.28440611,2014-08-08,21:00,01 - Clear,01 - Dry,10 - No control,01 - Non intersection,07 - Dark,02 - Non-fatal injury,07 - SMV other,New Barrhaven