Record,Location,X,Y,lon,lat,Date,Time,Environment,Road_Surface,Traffic_Control,Collision_Location,Light,Collision_Classification,Impact_type,Neighborhood
9210,Prestige Circ btwn North Service Rd and Prestige Circ,383300.2237,5039587.209,-75.49566687,45.49179225,2014-08-30,15:22,01 - Clear,01 - Dry,10 - No control,01 - Non intersection,01 - Daylight,02 - Non-fatal injury,07 - SMV other,Chatelaine Village
9211,UPLANDS DR btwn CAHILL DR W & HUNT CLUB RD,370112.6514,5023215.331,-75.66653921,45.34584334,2014-08-29,9:16,01 - Clear,01 - Dry,10 - No control,01 - Non intersection,01 - Daylight,03 - P.D. only,04 - Sideswipe,Hunt Club East - Western Community
9212,BASELINE RD/HERON RD @ PRINCE OF WALES DR,366873.2326,5026439.48,-75.70746873,45.37514773,2014-08-28,13:30,01 - Clear,01 - Dry,01 - Traffic signal,02 - Intersection related,01 - Daylight,03 - P.D. only,03 - Rear end,Civic Hospital - Experimental Farm - Central Park
9213,PRINCE OF WALES DR @ WEST HUNT CLUB RD,367458.7103,5021891.25,-75.7005707,45.33417161,2014-08-08,9:50,01 - Clear,01 - Dry,01 - Traffic signal,02 - Intersection related,01 - Daylight,03 - P.D. only,03 - Rear end,Industrial Park
9214,OTTAWA RIVER PKWY btwn TRANSITWAY - TIME POINT & VIMY PLACE PRIV,365832.6142,5030602.404,-75.72023879,45.41269617,2014-01-27,12:00,05 - Drifting Snow,03 - Loose snow,10 - No control,01 - Non intersection,01 - Daylight,03 - P.D. only,03 - Rear end,LeBreton Flats
9215,CORKSTOWN RD btwn MARCH RD & MOODIE DR,356054.8444,5022188.651,-75.8460252,45.33777332,2014-08-31,5:30,01 - Clear,01 - Dry,10 - No control,01 - Non intersection,03 - Dawn,03 - P.D. only,07 - SMV other,Greenbelt
9216,WELLINGTON ST    W btwn MELROSE AVE & MERTON ST,365482.5371,5029586.026,-75.72483611,45.40358149,2014-08-31,11:50,01 - Clear,01 - Dry,10 - No control,01 - Non intersection,01 - Daylight,03 - P.D. only,04 - Sideswipe,Hintonburg
9217,ELGIN ST @ QUEEN ST,367804.2286,5031778.63,-75.69490123,45.42310474,2014-06-30,16:20,01 - Clear,01 - Dry,01 - Traffic signal,02 - Intersection related,01 - Daylight,03 - P.D. only,03 - Rear end,Downtown
9218,TRAINYARDS DR @ RAILMARKET,371756.8258,5030717.141,-75.64454276,45.41318677,2014-06-15,15:30,01 - Clear,01 - Dry,01 - Traffic signal,02 - Intersection related,01 - Daylight,03 - P.D. only,03 - Rear end,Industrial Park
9219,BANK ST @ LEITRIM RD,375359.176,5021618.549,-75.59982352,45.33096803,2014-08-13,21:39,02 - Rain,02 - Wet,01 - Traffic signal,02 - Intersection related,07 - Dark,03 - P.D. only,03 - Rear end,Greenbelt
9220,CATHERINE ST btwn HWY417 IC120B RAMP36 & KENT ST,367885.4326,5030178.138,-75.69406856,45.40869671,2014-08-07,9:21,01 - Clear,01 - Dry,10 - No control,01 - Non intersection,01 - Daylight,03 - P.D. only,04 - Sideswipe,Centretown
9221,MONTREAL RD @ SINCLAIR ST,375970.1538,5034755.648,-75.59013514,45.44910705,2014-08-07,16:25,01 - Clear,01 - Dry,01 - Traffic signal,03 - At intersection,01 - Daylight,03 - P.D. only,02 - Angle,Beacon Hill South - Cardinal Heights
9222,REGIONAL ROAD 174 btwn OR174 IC109 RAMP56 & OR174 IC109 RAMP86,376420.7339,5034923.641,-75.58435104,45.45057252,2014-08-05,12:34,01 - Clear,01 - Dry,10 - No control,01 - Non intersection,01 - Daylight,03 - P.D. only,99 - Other,Greenbelt
9223,BLOHM DR btwn LORRY GREENBERG DR & 68 N OF BRISTON PRIV,373696.1395,5025923.198,-75.62043785,45.36986482,2014-08-12,14:01,01 - Clear,01 - Dry,10 - No control,04 - At/near private drive,01 - Daylight,03 - P.D. only,05 - Turning movement,Hunt Club
9224,KING EDWARD AVE @ SOMERSET ST/MARIE CURIE PRIV,368957.3742,5031674.365,-75.68018086,45.42206179,2014-08-12,17:10,02 - Rain,02 - Wet,01 - Traffic signal,02 - Intersection related,01 - Daylight,03 - P.D. only,03 - Rear end,Sandy Hill
9225,EAGLESON RD @ COPE DR/CADENCE GT,354620.1484,5016027.427,-75.86494917,45.28243685,2014-08-12,20:41,02 - Rain,02 - Wet,01 - Traffic signal,03 - At intersection,07 - Dark,03 - P.D. only,05 - Turning movement,Bridlewood - Emerald Meadows
9226,COOPER ST @ ELGIN ST,368119.2401,5031270.641,-75.69094155,45.41850558,2014-08-14,9:56,01 - Clear,01 - Dry,01 - Traffic signal,02 - Intersection related,01 - Daylight,03 - P.D. only,04 - Sideswipe,Centretown
9227,Percifor Way btwn Travis St  and Travis St ,381089.8233,5032768.898,-75.52500061,45.43069174,2014-01-21,19:23,01 - Clear,05 - Packed snow,10 - No control,01 - Non intersection,07 - Dark,03 - P.D. only,07 - SMV other,Chapel Hill South
9228,HUNT CLUB RD @ LINDBERGH PRIV,368364.321,5022131.093,-75.68898684,45.33624822,2014-08-17,19:26,02 - Rain,02 - Wet,02 - Stop sign,03 - At intersection,01 - Daylight,03 - P.D. only,03 - Rear end,Hunt Club - Ottawa Airport
9229,2ND LINE RD btwn DALMENY RD & DALMENY RD (2),377253.1075,4998922.632,-75.57896852,45.1265641,2014-08-17,20:51,01 - Clear,01 - Dry,10 - No control,01 - Non intersection,07 - Dark,03 - P.D. only,07 - SMV other,Kars - Osgoode
9230,MERIVALE RD @ WEST HUNT CLUB RD,365614.117,5021941.55,-75.72409651,45.33478649,2014-07-15,9:30,02 - Rain,02 - Wet,01 - Traffic signal,02 - Intersection related,01 - Daylight,03 - P.D. only,03 - Rear end,Industrial Park
9231,HIRAM DR btwn BARFIELD RD & COKER ST,377220.247,5013612.738,-75.57725254,45.25874545,2014-08-06,12:48,01 - Clear,01 - Dry,10 - No control,01 - Non intersection,01 - Daylight,03 - P.D. only,07 - SMV other,Greely
9232,DALEHURST DR @ WOODFIELD DR,363757.2507,5021820.712,-75.74779985,45.33385768,2014-08-14,8:30,01 - Clear,01 - Dry,02 - Stop sign,03 - At intersection,01 - Daylight,03 - P.D. only,02 - Angle,Tanglewood
9233,DEAKIN ST @ PRINCE OF WALES DR,367390.2041,5021523.741,-75.70149112,45.33087095,2014-07-31,15:45,01 - Clear,01 - Dry,01 - Traffic signal,02 - Intersection related,01 - Daylight,03 - P.D. only,03 - Rear end,Industrial Park
9234,MOODIE DR @ FITZGERALD RD/STAFFORD RD,356919.6516,5020814.737,-75.83513629,45.325347,2014-08-01,15:49,01 - Clear,01 - Dry,01 - Traffic signal,03 - At intersection,01 - Daylight,03 - P.D. only,05 - Turning movement,Bells Corners West
9235,ISABELLA ST/HWY 417 O'CONN IC119BR57 @ O'CONNO,368297.556,5030309.173,-75.68878723,45.40983845,2014-08-11,12:54,01 - Clear,01 - Dry,01 - Traffic signal,02 - Intersection related,01 - Daylight,03 - P.D. only,03 - Rear end,The Glebe
9236,CARLING AVE @ ROSEVIEW AVE,359359.1452,5024196.663,-75.80364624,45.35559227,2014-08-09,10:07,01 - Clear,01 - Dry,02 - Stop sign,03 - At intersection,01 - Daylight,03 - P.D. only,02 - Angle,Whitehaven - Queensway Terrace North
9237,NAVAHO DR @ WOODROFFE AVE/TRANSITWAY N BASELIN,362706.7489,5023492.548,-75.76100576,45.34898823,2014-08-09,13:48,01 - Clear,01 - Dry,01 - Traffic signal,03 - At intersection,01 - Daylight,03 - P.D. only,05 - Turning movement,Crestview - Meadowlands
9238,BRONSON AVE @ LISGAR ST,366898.1163,5030642.516,-75.70662203,45.41296334,2014-07-13,14:37,02 - Rain,02 - Wet,02 - Stop sign,03 - At intersection,01 - Daylight,03 - P.D. only,02 - Angle,Centretown West
9239,IONA ST @ PICCADILLY AVE,364434.1709,5028423.502,-75.73836738,45.39321143,2014-07-16,18:54,01 - Clear,01 - Dry,03 - Yield sign,03 - At intersection,01 - Daylight,03 - P.D. only,02 - Angle,Island Park
9240,MAITLAND AVE btwn CARLING AVE & DUNCAN PL,362953.5984,5026458.195,-75.7575068,45.37565239,2014-08-28,16:30,01 - Clear,01 - Dry,10 - No control,04 - At/near private drive,01 - Daylight,03 - P.D. only,02 - Angle,Carlingwood West - Glabar Park - McKellar Heights
9241,ARCH ST btwn FLEMING AVE & CANTERBURY AVE,372871.8069,5028090.831,-75.63066161,45.38944884,2014-08-29,14:34,01 - Clear,01 - Dry,10 - No control,04 - At/near private drive,01 - Daylight,03 - P.D. only,02 - Angle,Urbandale
9242,OAKBRIAR CRES btwn GOLFLINKS DR & MARWOOD CRT,366204.387,5013591.191,-75.7176002,45.25959927,2014-07-12,8:00,01 - Clear,01 - Dry,10 - No control,01 - Non intersection,01 - Daylight,03 - P.D. only,06 - SMV unattended vehicle,New Barrhaven
9243,MACKENZIE AVE @ RIDEAU ST,367869.2253,5032009.58,-75.69404119,45.42517689,2014-08-08,13:45,01 - Clear,01 - Dry,01 - Traffic signal,03 - At intersection,01 - Daylight,03 - P.D. only,02 - Angle,Byward Market - Parliament Hill
9244,RIVERSIDE DR @ TREMBLAY RD/HWY417 IC117 RAMP52,370801.9539,5031015.894,-75.65670109,45.41596554,2014-08-30,13:40,01 - Clear,01 - Dry,01 - Traffic signal,02 - Intersection related,01 - Daylight,03 - P.D. only,03 - Rear end,Industrial Park
9245,DALHOUSIE ST btwn GUIGUES AVE & ST. PATRICK ST,367934.6479,5032678.338,-75.69311951,45.43118824,2014-08-31,17:00,01 - Clear,01 - Dry,10 - No control,01 - Non intersection,01 - Daylight,03 - P.D. only,03 - Rear end,Lower Town
9246,BASELINE RD @ FISHER AVE,366167.2006,5026029.293,-75.71653323,45.37151914,2014-08-01,22:51,01 - Clear,01 - Dry,01 - Traffic signal,02 - Intersection related,07 - Dark,03 - P.D. only,04 - Sideswipe,Civic Hospital - Experimental Farm - Central Park
9247,ALBERT ST @ BOOTH ST,366430.115,5030626.567,-75.71260273,45.41286121,2014-08-02,12:35,01 - Clear,01 - Dry,01 - Traffic signal,03 - At intersection,01 - Daylight,03 - P.D. only,02 - Angle,Centretown West
9248,YORK ST btwn TURN LANE & NELSON ST,368473.3958,5032671.959,-75.68623566,45.431082,2014-08-14,21:43,01 - Clear,01 - Dry,10 - No control,01 - Non intersection,07 - Dark,03 - P.D. only,06 - SMV unattended vehicle,Lower Town
9249,DONALD ST @ ST. LAURENT BLVD,372095.1347,5032471.637,-75.63998127,45.42894048,2014-08-19,22:03,01 - Clear,01 - Dry,01 - Traffic signal,03 - At intersection,07 - Dark,03 - P.D. only,05 - Turning movement,Overbrook
9250,ST. LAURENT BLVD @ TREMBLAY RD,372598.0836,5031239.68,-75.63372398,45.41780734,2014-08-08,10:45,01 - Clear,01 - Dry,01 - Traffic signal,02 - Intersection related,01 - Daylight,03 - P.D. only,03 - Rear end,Industrial Park
9251,HERON RD btwn HUNTLEY AVE & CLEMENTINE BLVD,369518.8109,5026784.64,-75.67364905,45.37801402,2014-08-08,14:22,01 - Clear,01 - Dry,10 - No control,01 - Non intersection,01 - Daylight,03 - P.D. only,04 - Sideswipe,Alta Vista
9252,BANK ST btwn ARENA PL & WHITE ALDER AVE,375430.2661,5021440.35,-75.59894211,45.32935752,2014-08-12,17:35,02 - Rain,02 - Wet,10 - No control,01 - Non intersection,01 - Daylight,03 - P.D. only,03 - Rear end,Greenbelt
9253,INNES RD btwn ANDERSON RD & INNES RD,376690.4935,5032076.314,-75.58131854,45.42492636,2014-08-12,18:48,02 - Rain,02 - Wet,10 - No control,01 - Non intersection,01 - Daylight,03 - P.D. only,04 - Sideswipe,Greenbelt
9254,INNES RD btwn FRANK KENNY RD & O'TOOLE RD,388503.2032,5038017.257,-75.42937882,45.47706295,2014-08-12,22:48,02 - Rain,02 - Wet,10 - No control,01 - Non intersection,07 - Dark,03 - P.D. only,07 - SMV other,Cumberland - Estates
9255,MURRAY ST btwn SUSSEX DR & PARENT AVE,367819.5767,5032462.056,-75.69461768,45.42925259,2014-08-12,17:30,02 - Rain,02 - Wet,10 - No control,01 - Non intersection,01 - Daylight,03 - P.D. only,04 - Sideswipe,Byward Market
9256,FRANK BENDER ST @ JEANNE D'ARC BLVD,381872.1725,5035884.522,-75.51451551,45.45863783,2014-08-14,11:35,01 - Clear,02 - Wet,01 - Traffic signal,03 - At intersection,01 - Daylight,03 - P.D. only,02 - Angle,Orleans Village - Chateauneuf
9257,BLOHM DR @ HUNT CLUB RD,375130.2199,5026189.518,-75.60209399,45.3721186,2014-08-17,21:22,01 - Clear,01 - Dry,01 - Traffic signal,03 - At intersection,07 - Dark,03 - P.D. only,05 - Turning movement,Hunt Club
9258,KILBORN AVE @ PLAYFAIR DR,371464.1466,5027871.583,-75.6486663,45.38761153,2014-08-18,0:42,01 - Clear,01 - Dry,02 - Stop sign,02 - Intersection related,07 - Dark,03 - P.D. only,07 - SMV other,Playfair Park - Lynda Park - Guildwood Estates
9259,BARNSDALE RD @ PRINCE OF WALES DR,366646.3408,5011532.176,-75.71222564,45.24103359,2014-08-15,23:04,02 - Rain,02 - Wet,02 - Stop sign,03 - At intersection,07 - Dark,03 - P.D. only,02 - Angle,New Barrhaven
9260,MCGEE SIDE RD btwn DIAMONDVIEW RD & WILLIAM MOONEY RD,342323.3796,5017733.998,-76.02155897,45.29855731,2014-08-16,1:03,01 - Clear,01 - Dry,10 - No control,01 - Non intersection,07 - Dark,03 - P.D. only,07 - SMV other,Carp - Hardwood Plains
9261,CARLING AVE WB btwn BROMLEY RD & MCKELLAR AVE,362750.0491,5026368.996,-75.76011592,45.37486665,2014-08-15,16:16,01 - Clear,01 - Dry,10 - No control,01 - Non intersection,01 - Daylight,03 - P.D. only,04 - Sideswipe,Carlingwood - McKellar Park - Laurentien View
9262,BERRIGAN DR btwn CROXLEY WAY & CLARIDGE DR,364436.6891,5015721.686,-75.73986591,45.27892155,2014-08-01,21:29,01 - Clear,01 - Dry,10 - No control,01 - Non intersection,07 - Dark,03 - P.D. only,06 - SMV unattended vehicle,New Barrhaven
9263,HINES RD btwn INNOVATION DR & END,349981.4816,5022940.375,-75.92344406,45.3449549,2014-08-02,1:09,01 - Clear,01 - Dry,10 - No control,01 - Non intersection,07 - Dark,03 - P.D. only,07 - SMV other,South March
9264,ELGIN ST btwn QUEEN ST & ALBERT ST (1),367813.828,5031771.213,-75.69477953,45.42303714,2014-08-02,3:21,01 - Clear,01 - Dry,10 - No control,01 - Non intersection,07 - Dark,03 - P.D. only,04 - Sideswipe,Downtown
9265,EMOND ST @ MONTREAL RD,370194.2368,5033133.641,-75.66418382,45.43507723,2014-08-11,16:15,01 - Clear,01 - Dry,02 - Stop sign,02 - Intersection related,01 - Daylight,03 - P.D. only,03 - Rear end,Vanier
9266,ALPINE AVE @ SEVERN AVE,360818.2076,5024230.509,-75.78502141,45.35578176,2014-08-10,7:31,01 - Clear,01 - Dry,10 - No control,02 - Intersection related,01 - Daylight,03 - P.D. only,07 - SMV other,Whitehaven - Queensway Terrace North
9267,HALTON TER btwn PEPPERIDGE WAY & BRADY AVE,348913.8949,5023265.406,-75.93703776,45.34794756,2014-08-09,23:00,01 - Clear,01 - Dry,10 - No control,01 - Non intersection,07 - Dark,03 - P.D. only,07 - SMV other,Morgan's Grant
9268,AVIATION PKWY @ OGILVIE RD,373110.2403,5032375.638,-75.62702324,45.42797832,2014-07-24,6:58,01 - Clear,01 - Dry,01 - Traffic signal,02 - Intersection related,01 - Daylight,03 - P.D. only,03 - Rear end,Industrial Park
9269,CHELTONIA WAY btwn INSMILL CRES & GOLDRIDGE DR,349722.1366,5019350.288,-75.92707914,45.31266704,2014-08-08,11:00,01 - Clear,01 - Dry,10 - No control,01 - Non intersection,01 - Daylight,03 - P.D. only,06 - SMV unattended vehicle,Kanata Lakes - Marchwood Lakeside - Morgan's Grant - Kanata
9270,COLONEL BY DR btwn RIDEAU ST & MACKENZIE AVE,367988.9675,5031928.277,-75.69252159,45.42443455,2014-08-31,17:30,01 - Clear,01 - Dry,10 - No control,01 - Non intersection,01 - Daylight,03 - P.D. only,04 - Sideswipe,Byward Market - Parliament Hill
9271,WELLINGTON ST    W btwn SHERBROOKE AVE & PINHEY ST,365424.7501,5029507.982,-75.72558382,45.40288428,2014-08-31,18:19,02 - Rain,02 - Wet,10 - No control,01 - Non intersection,01 - Daylight,03 - P.D. only,06 - SMV unattended vehicle,Civi
9272,OLD TENTH LINE RD @ TENTH LINE RD,383042.489,5038357.083,-75.49915985,45.48075365,2014-08-03,10:03,01 - Clear,01 - Dry,01 - Traffic signal,03 - At intersection,01 - Daylight,03 - P.D. only,02 - Angle,Queenswood Heights
9273,CHARLOTTE ST @ RIDEAU ST,369249.2351,5032857.696,-75.67629692,45.43268212,2014-08-20,17:43,01 - Clear,01 - Dry,01 - Traffic signal,02 - Intersection related,01 - Daylight,03 - P.D. only,04 - Sideswipe,Lower Town
9274,AIRPORT PKWY @ HUNT CLUB RD,371019.9498,5023700.155,-75.65489744,45.35012057,2014-08-10,20:32,01 - Clear,01 - Dry,01 - Traffic signal,02 - Intersection related,05 - Dusk,03 - P.D. only,03 - Rear end,Hunt Club East - Western Community
9275,HERON RD @ HERON RD RAMP 36,368477.7806,5026689.563,-75.68695217,45.37725393,2014-08-15,9:00,01 - Clear,01 - Dry,03 - Yield sign,02 - Intersection related,01 - Daylight,03 - P.D. only,03 - Rear end,Riverside Park
9276,BRUYERE ST btwn PARENT AVE & DALHOUSIE ST,367711.0742,5032776.738,-75.69596399,45.43209376,2014-06-30,0:00,01 - Clear,01 - Dry,10 - No control,01 - Non intersection,00 - Unknown,03 - P.D. only,06 - SMV unattended vehicle,Lower Town
9277,WELLINGTON ST btwn O'CONNOR ST & METCALFE ST,367525.4148,5031794.833,-75.69846164,45.42327558,2014-08-13,8:20,02 - Rain,02 - Wet,10 - No control,01 - Non intersection,01 - Daylight,03 - P.D. only,04 - Sideswipe,Downtown
9278,HAZELDEAN RD btwn GO/KA BOUNDARY & HUNTMAR DR/IBER RD,351054.9202,5016181.802,-75.91037776,45.2840696,2014-08-08,11:45,01 - Clear,01 - Dry,10 - No control,01 - Non intersection,01 - Daylight,03 - P.D. only,04 - Sideswipe,Stittsville
9279,INNES RD @ STONEHENGE CRES E,375364.2164,5031314.501,-75.59837389,45.41820704,2014-08-14,15:11,02 - Rain,02 - Wet,01 - Traffic signal,02 - Intersection related,01 - Daylight,03 - P.D. only,03 - Rear end,Greenbelt
9280,PARKDALE AVE btwn SCOTT ST & BULLMAN ST,364954.3245,5029713.764,-75.73156735,45.40477644,2014-08-14,14:00,02 - Rain,02 - Wet,10 - No control,04 - At/near private drive,01 - Daylight,03 - P.D. only,02 - Angle,Islan
9281,JOCKVALE RD btwn TARTAN DR & STRANDHERD DR,363334.2819,5014765.223,-75.75402885,45.27040792,2014-08-18,8:27,01 - Clear,01 - Dry,10 - No control,01 - Non intersection,01 - Daylight,03 - P.D. only,04 - Sideswipe,Barrhaven West - Old Barrhaven
9282,ANDERSON RD btwn INNES RD & DESJARDINS ST,376627.1866,5031615.971,-75.58219455,45.42079097,2014-08-16,8:39,02 - Rain,02 - Wet,10 - No control,01 - Non intersection,01 - Daylight,03 - P.D. only,07 - SMV other,Greenbelt
9283,COLONIAL RD @ SARSFIELD RD,395216.2618,5034201.616,-75.34423279,45.44189792,2014-08-16,13:10,02 - Rain,02 - Wet,02 - Stop sign,03 - At intersection,01 - Daylight,03 - P.D. only,02 - Angle,Navan - Vars
9284,VANIER PKWY/CRICHTON ST @ BEECHWOOD AVE/ST. PA,369126.3752,5033485.238,-75.67778499,45.43833981,2014-08-15,17:42,02 - Rain,02 - Wet,01 - Traffic signal,02 - Intersection related,01 - Daylight,03 - P.D. only,03 - Rear end,Lindenlea - New Edinburgh
9285,ST. LAURENT BLVD btwn SHORE ST & BELFAST RD,372855.0234,5030588.538,-75.63053128,45.41192372,2014-08-02,11:28,01 - Clear,01 - Dry,10 - No control,04 - At/near private drive,01 - Daylight,03 - P.D. only,03 - Rear end,Industrial Park
9286,BASELINE RD @ WOODROFFE AVE,362551.112,5023768.609,-75.76295956,45.35148504,2014-08-02,16:15,01 - Clear,01 - Dry,01 - Traffic signal,02 - Intersection related,01 - Daylight,03 - P.D. only,04 - Sideswipe,Iris
9287,EASTVALE DR btwn OGILVIE RD & LOYOLA AVE,375663.0605,5035102.55,-75.59401066,45.45225947,2014-08-29,20:43,01 - Clear,01 - Dry,10 - No control,01 - Non intersection,07 - Dark,03 - P.D. only,06 - SMV unattended vehicle,Beacon Hill North
9288,BOTELER ST @ DALHOUSIE ST/MACDONALDCARTIER BR ,367696.876,5033070.93,-75.69610785,45.43474207,2014-08-30,3:38,01 - Clear,01 - Dry,02 - Stop sign,02 - Intersection related,07 - Dark,03 - P.D. only,07 - SMV other,Lower Town
9289,BRONSON AVE @ CATHERINE ST/RAYMOND ST,367252.2346,5029796.567,-75.70220535,45.40532023,2014-08-07,21:15,01 - Clear,01 - Dry,01 - Traffic signal,03 - At intersection,07 - Dark,03 - P.D. only,05 - Turning movement,Centretown West
9290,CARLING AVE/STATION RD @ MARCH RD,350909.0386,5022244.612,-75.91167308,45.33863392,2014-08-09,0:45,01 - Clear,01 - Dry,01 - Traffic signal,03 - At intersection,07 - Dark,03 - P.D. only,03 - Rear end,South March
9291,INDUSTRIAL AVE @ TRAINYARDS DR,371687.3769,5030538.531,-75.64545419,45.41158636,2014-09-22,9:25,01 - Clear,01 - Dry,01 - Traffic signal,02 - Intersection related,01 - Daylight,03 - P.D. only,03 - Rear end,Industrial Park
9292,HENN DR btwn AUGUST ST & LOEPER ST,388953.0168,5032184.487,-75.42462424,45.42453189,2014-08-09,23:23,01 - Clear,01 - Dry,10 - No control,01 - Non intersection,07 - Dark,03 - P.D. only,06 - SMV unattended vehicle,Navan
9293,LEITRIM RD @ LIMEBANK RD S,369356.1903,5017878.414,-75.67688716,45.29789293,2014-08-10,15:53,01 - Clear,01 - Dry,01 - Traffic signal,02 - Intersection related,01 - Daylight,03 - P.D. only,03 - Rear end,Gloucester
9294,HAWTHORNE RD/RUSSELL RD @ WALKLEY RD,374675.2178,5028499.541,-75.60757532,45.39294861,2014-04-26,9:35,01 - Clear,01 - Dry,01 - Traffic signal,02 - Intersection related,01 - Daylight,03 - P.D. only,03 - Rear end,Sheffield Glen
9295,YORK ST WB btwn BYWARD MARKE SQ & SUSSEX DR,367844.7702,5032288.835,-75.69431792,45.42769174,2014-06-29,2:53,01 - Clear,01 - Dry,10 - No control,01 - Non intersection,07 - Dark,03 - P.D. only,06 - SMV unattended vehicle,Byward Market
9296,RICHMOND RD btwn STINSON AVE & STAFFORD RD,357999.2162,5021002.517,-75.82134562,45.32695567,2014-08-15,11:20,01 - Clear,01 - Dry,10 - No control,04 - At/near private drive,01 - Daylight,03 - P.D. only,05 - Turning movement,Bells Corners East
9297,BANNING RD btwn ABBOTSFORD RD & BALBAIR RD,353357.5696,5017690.3,-75.88087937,45.29748813,2014-08-11,17:35,01 - Clear,01 - Dry,10 - No control,04 - At/near private drive,01 - Daylight,03 - P.D. only,02 - Angle,Glen Cairn - Kanata South Business Park
9298,MONTREAL RD btwn BEGIN ST & PARK ST,370488.9822,5033298.968,-75.66039497,45.43653715,2014-08-13,18:00,01 - Clear,01 - Dry,10 - No control,01 - Non intersection,01 - Daylight,03 - P.D. only,03 - Rear end,Vanier South
9299,OLD TENTH LINE RD @ TENTH LINE RD,383042.489,5038358.979,-75.49915955,45.48077071,2014-08-13,17:20,01 - Clear,01 - Dry,01 - Traffic signal,02 - Intersection related,01 - Daylight,03 - P.D. only,03 - Rear end,Queenswood Heights
9300,KENT ST btwn GILMOUR ST & JAMES ST,367652.6045,5030609.948,-75.69698764,45.41260295,2014-08-13,11:50,01 - Clear,01 - Dry,10 - No control,01 - Non intersection,01 - Daylight,03 - P.D. only,99 - Other,Centretown
9301,BASELINE RD @ WOODROFFE AVE,362549.2163,5023768.609,-75.76298375,45.35148519,2014-08-13,18:05,01 - Clear,01 - Dry,01 - Traffic signal,02 - Intersection related,01 - Daylight,03 - P.D. only,03 - Rear end,Iris
9302,CARLING AVE @ BROADVIEW AVE,363180.2127,5026639.489,-75.75459224,45.3772648,2014-09-26,8:25,01 - Clear,01 - Dry,01 - Traffic signal,02 - Intersection related,01 - Daylight,03 - P.D. only,04 - Sideswipe,Carlingwood - McKellar Park - Laurentien View
9303,MACLAREN ST @ METCALFE ST,368053.1285,5031031.628,-75.69181689,45.416361,2014-08-18,9:24,01 - Clear,01 - Dry,01 - Traffic signal,03 - At intersection,01 - Daylight,03 - P.D. only,05 - Turning movement,Centretown
9304,MACLAREN ST @ METCALFE ST,368054.0764,5031032.576,-75.69180466,45.41636945,2014-08-18,11:27,01 - Clear,01 - Dry,01 - Traffic signal,03 - At intersection,01 - Daylight,03 - P.D. only,02 - Angle,Centretown
9305,BRONSON AVE @ CARLING AVE/GLEBE AVE,367450.0767,5029332.718,-75.6997372,45.40112897,2014-08-16,13:20,02 - Rain,02 - Wet,01 - Traffic signal,02 - Intersection related,01 - Daylight,03 - P.D. only,04 - Sideswipe,The Glebe
9306,RUSSELL RD btwn RUSSELL RD & CARLSBAD LANE,386955.0408,5025868.084,-75.45120354,45.36794016,2014-08-17,12:15,01 - Clear,01 - Dry,10 - No control,04 - At/near private drive,01 - Daylight,03 - P.D. only,02 - Angle,Navan - Vars
9307,PRINCE OF WALES DR btwn GREENBANK RD & BARNSDALE RD,366270.222,5010028.858,-75.71720178,45.22753965,2014-08-15,17:30,01 - Clear,01 - Dry,10 - No control,01 - Non intersection,01 - Daylight,03 - P.D. only,05 - Turning movement,New Barrhaven
9308,HUNT CLUB RD btwn RAMP & TRANSIT,371109.0493,5023758.922,-75.65375259,45.35064092,2014-08-15,21:15,01 - Clear,01 - Dry,10 - No control,01 - Non intersection,07 - Dark,03 - P.D. only,03 - Rear end,South Keys - Heron Gate - Greenboro West
9309,ORLEANS BLVD btwn JEANNE D'ARC BLVD S & BEAUSEJOUR DR,380978.4451,5036139.843,-75.52590194,45.46103301,2014-08-06,21:30,01 - Clear,01 - Dry,10 - No control,01 - Non intersection,07 - Dark,03 - P.D. only,07 - SMV other,Orleans Village - Chateauneuf
9310,CELTIC RIDGE CRES btwn BRAECREEK AVE & MAXWELL BRIDGE RD,349303.5816,5024877.269,-75.93191989,45.36242684,2014-08-07,18:00,01 - Clear,01 - Dry,10 - No control,04 - At/near private drive,01 - Daylight,03 - P.D. only,06 - SMV unattended vehicle,South March
9311,HEMLOCK RD btwn BIRCH AVE & JUSTIN AVE,370308.0394,5034696.391,-75.66252142,45.44912752,2014-08-12,14:03,02 - Rain,02 - Wet,10 - No control,01 - Non intersection,01 - Daylight,03 - P.D. only,99 - Other,Cemetery
9312,CARLING AVE WB btwn KIRKWOOD AVE & HWY417 IC124 RAMP67,364313.2968,5027511.662,-75.74002098,45.38501714,2014-08-12,14:10,02 - Rain,02 - Wet,10 - No control,01 - Non intersection,01 - Daylight,03 - P.D. only,04 - Sideswipe,Westboro
9313,INDUSTRIAL AVE @ ALTA VISTA DR/SANDFORD FLEMIN,370884.2168,5030558.33,-75.65571149,45.4118408,2014-08-12,14:30,02 - Rain,02 - Wet,01 - Traffic signal,02 - Intersection related,01 - Daylight,03 - P.D. only,04 - Sideswipe,Industrial Park