Record,Location,X,Y,lon,lat,Date,Time,Environment,Road_Surface,Traffic_Control,Collision_Location,Light,Collision_Classification,Impact_type,Neighborhood
9314,CORDOVA ST @ WITHROW AVE,363962.1608,5023807.508,-75.74494814,45.35171743,2014-08-12,15:42,02 - Rain,02 - Wet,02 - Stop sign,03 - At intersection,01 - Daylight,03 - P.D. only,02 - Angle,Crestview - Meadowlands
9315,CARLING AVE @ HOLLAND AVE,365418.1205,5028038.547,-75.72584906,45.3896632,2014-08-03,12:48,01 - Clear,01 - Dry,01 - Traffic signal,02 - Intersection related,01 - Daylight,03 - P.D. only,05 - Turning movement,Civic Hospital - Experimental Farm - Central Park
9316,SHEFFIELD RD @ WALKLEY RD,375257.2612,5028785.487,-75.60010173,45.39546309,2014-08-05,3:30,01 - Clear,01 - Dry,01 - Traffic signal,03 - At intersection,07 - Dark,03 - P.D. only,07 - SMV other,Industrial Park
9317,VIEWMOUNT DR @ MERIVALE RD,365195.1189,5022948.495,-75.72931894,45.34388305,2014-07-13,14:48,01 - Clear,01 - Dry,01 - Traffic signal,03 - At intersection,01 - Daylight,03 - P.D. only,05 - Turning movement,Tanglewood
9318,STRANDHERD DR @ ANDORA AVE,363229.932,5014302.194,-75.75541306,45.26625024,2014-07-28,17:15,02 - Rain,02 - Wet,01 - Traffic signal,02 - Intersection related,01 - Daylight,03 - P.D. only,03 - Rear end,New Barrhaven
9319,FARLANE BLVD btwn ELEANOR DR & WALLFORD WAY,365545.5331,5025216.05,-75.72456923,45.36425589,2014-08-09,15:50,01 - Clear,01 - Dry,10 - No control,01 - Non intersection,01 - Daylight,03 - P.D. only,07 - SMV other,Cityview - Skyline - Fisher Heights
9320,VANIER PKWY NB btwn BEECHWOOD AVE/ ST. PATRICK ST/CRICHTON ST & DESCHA,369651.8778,5033364.27,-75.6710847,45.43720285,2014-08-09,18:30,01 - Clear,01 - Dry,10 - No control,01 - Non intersection,01 - Daylight,03 - P.D. only,04 - Sideswipe,Vanier North
9321,KATIMAVIK RD btwn TRANSIT & WHITNEY DR,352345.7735,5019368.139,-75.89361833,45.31265493,2014-08-09,20:35,01 - Clear,01 - Dry,10 - No control,01 - Non intersection,05 - Dusk,03 - P.D. only,07 - SMV other,Katimavik - Hazeldean
9322,WEST HUNT CLUB RD @ ROYDON PL/SUNDERLAND ST,365974.2146,5022169.744,-75.71947438,45.33680845,2014-03-22,10:48,03 - Snow,03 - Loose snow,01 - Traffic signal,02 - Intersection related,01 - Daylight,03 - P.D. only,03 - Rear end,Industrial Park
9323,BANK ST btwn HERON RD & ANOKA ST,370000.9333,5026838.272,-75.66748672,45.37845188,2014-06-13,17:11,01 - Clear,01 - Dry,10 - No control,04 - At/near private drive,01 - Daylight,03 - P.D. only,05 - Turning movement,Alta Vista
9324,FRANK ST @ METCALFE ST,368203.2328,5030792.625,-75.68992995,45.41419695,2014-08-10,20:11,01 - Clear,01 - Dry,02 - Stop sign,03 - At intersection,05 - Dusk,03 - P.D. only,05 - Turning movement,Centretown
9325,CROWNHILL ST btwn BLAIR RD & DUNHAM ST,374585.7393,5033367.222,-75.60802871,45.43675439,2014-08-11,16:45,01 - Clear,01 - Dry,10 - No control,04 - At/near private drive,01 - Daylight,03 - P.D. only,05 - Turning movement,Beacon Hill South - Cardinal Heights
9326,MEADOWLANDS DR    W btwn WOODROFFE AVE & TURN LANE,363074.7257,5022740.63,-75.7563987,45.34219205,2014-07-09,12:28,01 - Clear,01 - Dry,10 - No control,04 - At/near private drive,01 - Daylight,03 - P.D. only,02 - Angle,Crestview - Meadowlands
9327,INVERNESS AVE @ MEADOWLANDS DR,365751.0715,5024716.526,-75.72200734,45.35974342,2014-08-15,13:36,01 - Clear,01 - Dry,01 - Traffic signal,02 - Intersection related,01 - Daylight,03 - P.D. only,03 - Rear end,Borden Farm - Stewart Farm - Parkwood Hills - Fisher Glen
9328,ELGIN ST @ WELLINGTON ST W,367666.1256,5031877.577,-75.69665318,45.42400745,2014-08-15,14:29,01 - Clear,01 - Dry,01 - Traffic signal,03 - At intersection,01 - Daylight,03 - P.D. only,05 - Turning movement,Downtown
9329,CAMPEAU DR/HWY 417 MARCH IC138R63 @ MARCH RD,352843.0467,5020476.467,-75.88716916,45.32259405,2014-08-13,20:44,01 - Clear,01 - Dry,01 - Traffic signal,02 - Intersection related,07 - Dark,03 - P.D. only,03 - Rear end,Greenbelt
9330,BYRON AVE @ TWEEDSMUIR AVE,363593.164,5028303.605,-75.74912186,45.39220373,2014-08-18,14:03,01 - Clear,01 - Dry,02 - Stop sign,03 - At intersection,01 - Daylight,03 - P.D. only,02 - Angle,Westboro
9331,MONTREAL RD btwn ST. LAURENT BLVD & HILLSIDE DR,371571.7693,5033828.021,-75.64648507,45.44119476,2014-08-18,15:22,01 - Clear,01 - Dry,10 - No control,01 - Non intersection,01 - Daylight,03 - P.D. only,03 - Rear end,Cummings
9332,JASMINE CRES btwn OGILVIE RD & BEAVERHILL DR,375449.6401,5034054.891,-75.59688936,45.44285487,2014-08-17,12:30,01 - Clear,01 - Dry,10 - No control,01 - Non intersection,01 - Daylight,03 - P.D. only,06 - SMV unattended vehicle,Beacon Hill South - Cardinal Heights
9333,IRIS ST btwn HIGHGATE RD & GATEWAY RD,361726.0955,5024010.058,-75.77346006,45.35372504,2014-08-24,19:00,01 - Clear,01 - Dry,10 - No control,01 - Non intersection,01 - Daylight,03 - P.D. only,06 - SMV unattended vehicle,Iris
9334,WOODROFFE AVE btwn FALLOWFIELD RD & EARL MULLIGAN DR,365092.259,5017888.972,-75.73124732,45.29836678,2014-08-25,11:45,01 - Clear,01 - Dry,10 - No control,01 - Non intersection,01 - Daylight,03 - P.D. only,04 - Sideswipe,Greenbelt
9335,BLOHM DR btwn BRISTON PRIV & TED GRANT PRIV,373911.9404,5025739.025,-75.61770892,45.36818646,2014-08-17,4:23,01 - Clear,01 - Dry,10 - No control,01 - Non intersection,07 - Dark,03 - P.D. only,06 - SMV unattended vehicle,Hunt Club
9336,BASELINE RD @ FISHER AVE,366166.6936,5026029.8,-75.71653964,45.37152375,2014-08-07,9:15,01 - Clear,01 - Dry,01 - Traffic signal,02 - Intersection related,01 - Daylight,03 - P.D. only,03 - Rear end,Civic Hospital - Experimental Farm - Central Park
9337,KEENAN AVE @ WESTMINSTER AVE,362536.1083,5027155.594,-75.76275523,45.38196203,2014-08-12,16:26,02 - Rain,02 - Wet,02 - Stop sign,03 - At intersection,01 - Daylight,03 - P.D. only,02 - Angle,Carlingwood - McKellar Park - Laurentien View
9338,BANNER RD @ GREENBANK RD,361023.0944,5021568.388,-75.78270916,45.33181167,2014-08-12,13:00,02 - Rain,02 - Wet,01 - Traffic signal,02 - Intersection related,01 - Daylight,03 - P.D. only,03 - Rear end,Woodvale - Craig Henry - Manordale - Estates of Arlington Wo
9339,ST. LAURENT BLVD btwn MEADOW PARK PL & KAREN WAY,371231.9495,5034575.87,-75.65072739,45.44795592,2014-08-15,10:21,01 - Clear,01 - Dry,10 - No control,04 - At/near private drive,01 - Daylight,03 - P.D. only,05 - Turning movement,Cemetery
9340,MEADOWLANDS DR btwn SULLIVAN AVE & 68 W OF THATCHER ST/BROOK LANE PS,363420.8712,5022929.45,-75.75195979,45.3438622,2014-08-07,10:51,01 - Clear,01 - Dry,10 - No control,01 - Non intersection,01 - Daylight,03 - P.D. only,06 - SMV unattended vehicle,Crestview - Meadowlands
9341,BANK ST btwn CHESLEY ST & RIVERDALE AVE,369011.551,5028187.936,-75.6799427,45.39068712,2014-07-29,11:31,01 - Clear,01 - Dry,10 - No control,01 - Non intersection,01 - Daylight,03 - P.D. only,03 - Rear end,Old Ottawa South
9342,MILTON RD btwn SMITH RD & PERRAULT RD,388291.8875,5029247.169,-75.43356872,45.39818402,2014-07-30,6:05,01 - Clear,01 - Dry,10 - No control,01 - Non intersection,03 - Dawn,03 - P.D. only,07 - SMV other,Navan - Vars
9343,BANK ST btwn BANK ST EXTENSION NB & JOHNSTON RD,370789.1937,5024961.016,-75.65767373,45.36148716,2014-08-10,13:30,01 - Clear,01 - Dry,10 - No control,01 - Non intersection,01 - Daylight,03 - P.D. only,03 - Rear end,South Keys - Heron Gate - Greenboro West
9344,KING GEORGE ST btwn LOLA ST & NAUGHTON ST,371219.6413,5032126.078,-75.65121527,45.42591498,2014-08-09,0:00,01 - Clear,01 - Dry,10 - No control,01 - Non intersection,00 - Unknown,03 - P.D. only,06 - SMV unattended vehicle,Overbrook
9345,BLAIR RD @ REGIONAL RD 174 S/OR174 IC112 RAMP15,374907.2924,5032659.9,-75.60401998,45.43035813,2014-07-08,17:15,02 - Rain,02 - Wet,01 - Traffic signal,03 - At intersection,01 - Daylight,03 - P.D. only,03 - Rear end,Pineview
9346,LOLA ST @ DONALD ST,371094.219,5032360.344,-75.65278635,45.4280347,2014-08-12,7:16,01 - Clear,01 - Dry,01 - Traffic signal,03 - At intersection,01 - Daylight,03 - P.D. only,02 - Angle,Vanier South
9347,BESSERER ST @ NICHOLAS ST,368187.6366,5032110.134,-75.68995969,45.42605286,2014-07-03,11:20,01 - Clear,01 - Dry,01 - Traffic signal,02 - Intersection related,01 - Daylight,03 - P.D. only,04 - Sideswipe,Byward Market - Parliament Hill
9348,OTTAWA RIVER PKWY @ PORTAGE BRIDGE,366514.9405,5031315.906,-75.71143276,45.41905621,2014-08-20,15:45,01 - Clear,01 - Dry,01 - Traffic signal,02 - Intersection related,01 - Daylight,03 - P.D. only,03 - Rear end,LeBreton Flats
9349,DATA CENTRE RD btwn TURN LANE & TURN LANE,369065.9428,5027336.34,-75.67935901,45.38301973,2014-08-20,18:14,01 - Clear,01 - Dry,10 - No control,04 - At/near private drive,01 - Daylight,03 - P.D. only,02 - Angle,Alta Vista
9350,CORKERY RD btwn MARCH RD & MANION RD,336224.329,5015882.382,-76.09943999,45.28219473,2014-08-14,5:45,01 - Clear,01 - Dry,10 - No control,01 - Non intersection,03 - Dawn,03 - P.D. only,07 - SMV other,Carp - Hardwood Plains
9351,ST. LAURENT BLVD @ COVENTRY RD/OGILVIE RD,372307.1413,5031951.575,-75.63734346,45.42424077,2014-08-14,20:21,02 - Rain,02 - Wet,01 - Traffic signal,02 - Intersection related,05 - Dusk,03 - P.D. only,03 - Rear end,Overbrook
9352,WALKLEY EXTENSION RD btwn WALKLEY RD & HWY417 IC110 RAMP55,375482.8536,5028906.814,-75.59720338,45.39653199,2014-08-14,9:00,01 - Clear,01 - Dry,10 - No control,01 - Non intersection,01 - Daylight,03 - P.D. only,04 - Sideswipe,Greenbelt
9353,BELCOURT BLVD @ INNES RD,382122.0528,5035267.558,-75.5114179,45.45305929,2014-08-05,18:20,01 - Clear,01 - Dry,01 - Traffic signal,03 - At intersection,01 - Daylight,03 - P.D. only,05 - Turning movement,Chapel Hill South
9354,HALTON TER btwn KLONDIKE RD & WIMBLEDON WAY,348684.5379,5023423.117,-75.93995058,45.34938107,2014-08-16,9:57,02 - Rain,02 - Wet,10 - No control,04 - At/near private drive,01 - Daylight,03 - P.D. only,02 - Angle,Morgan's Grant
9355,BEAVERPOND DR @ BLAIR RD,375400.2038,5031876.463,-75.59783359,45.42325963,2014-08-19,7:42,01 - Clear,01 - Dry,01 - Traffic signal,03 - At intersection,01 - Daylight,03 - P.D. only,02 - Angle,Pineview
9356,Longfields Dr btwn Chapman Mills Dr and Glenroy Gilbert Dr,364803.6806,5014650.173,-75.73531813,45.26924886,2014-01-27,20:14,01 - Clear,03 - Loose snow,10 - No control,01 - Non intersection,07 - Dark,03 - P.D. only,07 - SMV other,New Barrhaven
9357,FISHER AVE @ 220 S OF TRENT ST,365872.7439,5026727.462,-75.72020583,45.37782685,2014-06-09,14:45,01 - Clear,01 - Dry,01 - Traffic signal,02 - Intersection related,01 - Daylight,03 - P.D. only,03 - Rear end,Civic Hospital - Experimental Farm - Central Park
9358,MAGLADRY RD btwn HEUVELMANS RD & DUNNING RD,393904.2255,5030521.895,-75.36166649,45.40896076,2014-08-17,9:11,01 - Clear,02 - Wet,10 - No control,01 - Non intersection,01 - Daylight,03 - P.D. only,07 - SMV other,Navan - Vars
9359,MERIVALE RD @ BENTLEY AVE/CAMELOT DR,365774.3565,5021558.283,-75.72209948,45.331324,2014-08-15,17:30,01 - Clear,02 - Wet,01 - Traffic signal,03 - At intersection,01 - Daylight,03 - P.D. only,05 - Turning movement,Merivale Gardens - Grenfell Glen - Pineglen - Country Place
9360,GREENBANK RD @ WEST HUNT CLUB RD,361481.0988,5020500.583,-75.77698867,45.32216672,2014-08-02,11:20,01 - Clear,01 - Dry,01 - Traffic signal,02 - Intersection related,01 - Daylight,03 - P.D. only,03 - Rear end,Greenbelt
9361,CATHERINE ST btwn HWY417 IC120B RAMP36 & KENT ST,367759.9104,5030099.911,-75.69568196,45.40800415,2014-08-28,18:47,01 - Clear,01 - Dry,10 - No control,04 - At/near private drive,01 - Daylight,03 - P.D. only,02 - Angle,Centretown
9362,CAPREOL ST btwn BOISFRANC CIRC & BOISFRANC CIRC,385459.4799,5035571.668,-75.46870498,45.45541815,2014-08-29,6:53,01 - Clear,01 - Dry,10 - No control,01 - Non intersection,01 - Daylight,03 - P.D. only,06 - SMV unattended vehicle,Avalon
9363,HAWTHORNE RD/RUSSELL RD @ WALKLEY RD,374677.1136,5028499.541,-75.60755111,45.39294842,2014-08-08,13:00,01 - Clear,01 - Dry,01 - Traffic signal,02 - Intersection related,01 - Daylight,03 - P.D. only,03 - Rear end,Sheffield Glen
9364,BASELINE RD @ FISHER AVE,366166.1866,5026029.8,-75.71654611,45.37152379,2014-08-11,6:55,01 - Clear,01 - Dry,01 - Traffic signal,02 - Intersection related,01 - Daylight,03 - P.D. only,03 - Rear end,Civic Hospital - Experimental Farm - Central Park
9365,CORKSTOWN RD @ MARCH RD,352658.087,5020885.382,-75.88948882,45.32628618,2014-08-08,21:29,01 - Clear,01 - Dry,02 - Stop sign,03 - At intersection,07 - Dark,03 - P.D. only,03 - Rear end,Greenbelt
9366,GLOUCESTER ST btwn O'CONNOR ST & METCALFE ST,367750.5686,5031336.136,-75.6956434,45.41912815,2014-08-25,14:00,01 - Clear,01 - Dry,10 - No control,01 - Non intersection,01 - Daylight,03 - P.D. only,06 - SMV unattended vehicle,Downtown
9367,LAURIER AVE   E btwn COPERNICUS ST & RING LANE,368679.4556,5031997.161,-75.68368995,45.42499163,2014-09-09,16:58,01 - Clear,01 - Dry,10 - No control,01 - Non intersection,01 - Daylight,03 - P.D. only,04 - Sideswipe,Sandy Hill
9368,PRINCE OF WALES DR btwn WELLSMERE CRT & RIDEAU HEIGHTS LANE,367419.4055,5022554.04,-75.70098825,45.34013878,2014-07-14,8:00,01 - Clear,01 - Dry,10 - No control,01 - Non intersection,01 - Daylight,03 - P.D. only,04 - Sideswipe,Industrial Park
9369,SLATER ST btwn BANK ST & O'CONNOR ST,367440.3422,5031363.108,-75.69960353,45.41939868,2014-07-14,17:45,01 - Clear,01 - Dry,10 - No control,01 - Non intersection,01 - Daylight,03 - P.D. only,04 - Sideswipe,Downtown
9370,COLUMBUS AVE @ EDITH AVE,370907.2964,5032245.583,-75.65519028,45.42701982,2014-08-27,18:45,01 - Clear,01 - Dry,02 - Stop sign,03 - At intersection,01 - Daylight,03 - P.D. only,02 - Angle,Overbrook
9371,PINECREST RD btwn KELLY AVE & DUMAURIER AVE,360305.8018,5023882.432,-75.79159999,45.35269052,2014-08-27,19:17,01 - Clear,01 - Dry,10 - No control,04 - At/near private drive,01 - Daylight,03 - P.D. only,07 - SMV other,Whitehaven - Queensway Terrace North
9372,RIVERSIDE DR btwn TURN LANE & HUNT CLUB RD,368039.6457,5021905.833,-75.69315773,45.33425071,2014-08-14,9:00,01 - Clear,01 - Dry,10 - No control,01 - Non intersection,01 - Daylight,03 - P.D. only,04 - Sideswipe,Hunt Club Woods - Quintarra - Revelstoke - Riverside South P
9373,SUSSEX DR btwn GEORGE ST & RIDEAU ST,367873.5925,5032121.937,-75.693971,45.42618745,2014-07-23,0:00,01 - Clear,01 - Dry,10 - No control,01 - Non intersection,00 - Unknown,03 - P.D. only,04 - Sideswipe,Byward Market
9374,JEANNE D'ARC BLVD @ ORLEANS BLVD N,380031.0975,5038104.651,-75.5377132,45.47881346,2014-08-14,9:20,01 - Clear,01 - Dry,01 - Traffic signal,02 - Intersection related,01 - Daylight,03 - P.D. only,03 - Rear end,Orleans South West
9375,MANOTICK STATION RD @ MITCH OWENS RD,373509.219,5013267.483,-75.6245789,45.25601113,2014-07-10,12:41,01 - Clear,01 - Dry,02 - Stop sign,03 - At intersection,01 - Daylight,03 - P.D. only,03 - Rear end,Greely
9376,CORNELL ST @ BASELINE RD,360389.196,5022456.498,-75.79069601,45.33985338,2014-07-15,17:11,01 - Clear,01 - Dry,02 - Stop sign,03 - At intersection,01 - Daylight,03 - P.D. only,02 - Angle,Qualicum - Redwood Park
9377,MONTREAL RD @ CARSON'S RD/CODD'S RD,372771.1923,5034397.633,-75.63107644,45.44620425,2014-08-19,8:47,01 - Clear,01 - Dry,01 - Traffic signal,02 - Intersection related,01 - Daylight,03 - P.D. only,03 - Rear end,Carson Grove - Carson Meadows
9378,WEST HUNT CLUB RD @ CLEOPATRA DR/LANCELOT DR,365237.1218,5021732.494,-75.72893153,45.33293801,2014-08-19,11:32,01 - Clear,01 - Dry,01 - Traffic signal,02 - Intersection related,01 - Daylight,03 - P.D. only,03 - Rear end,Tanglewood
9379,MEADOWLANDS DR/TALLWOOD DR @ WOODROFFE AVE,363057.1635,5022730.494,-75.75662397,45.34210231,2014-07-13,15:00,02 - Rain,02 - Wet,01 - Traffic signal,02 - Intersection related,01 - Daylight,03 - P.D. only,03 - Rear end,Crestview - Meadowlands
9380,MAIN ST @ TORONTO ST,369515.4985,5029341.089,-75.67335609,45.40101641,2014-08-17,16:42,01 - Clear,01 - Dry,02 - Stop sign,03 - At intersection,01 - Daylight,03 - P.D. only,03 - Rear end,Old Ottawa East
9381,AIRPORT PKWY btwn AIRPORT PKWY/HUNT CLUB RAMP 42 & WALKLEY RD NB RAMP,370657.4198,5024258.238,-75.65944923,45.35517617,2014-08-17,18:42,01 - Clear,01 - Dry,10 - No control,01 - Non intersection,01 - Daylight,03 - P.D. only,05 - Turning movement,Hunt Club East - Western Community
9382,ALTA VISTA DR @ CUNNINGHAM AVE,370344.7229,5028018.305,-75.66294086,45.38903734,2014-08-11,10:50,01 - Clear,01 - Dry,02 - Stop sign,03 - At intersection,01 - Daylight,03 - P.D. only,05 - Turning movement,Alta Vista
9383,POLYTEK ST btwn CANOTEK RD & END,376431.6789,5035603.15,-75.58411217,45.45668518,2014-08-11,10:15,01 - Clear,01 - Dry,10 - No control,01 - Non intersection,01 - Daylight,03 - P.D. only,04 - Sideswipe,Greenbelt
9384,BASELINE RD @ MERIVALE RD,365054.2225,5025325.515,-75.73082701,45.36528324,2014-08-28,20:48,01 - Clear,01 - Dry,01 - Traffic signal,02 - Intersection related,07 - Dark,03 - P.D. only,04 - Sideswipe,Civic Hospital - Experimental Farm - Central Park
9385,BRONSON AVE @ POWELL AVE,367387.7604,5029477.214,-75.70051478,45.40243468,2014-08-20,9:00,01 - Clear,01 - Dry,01 - Traffic signal,02 - Intersection related,01 - Daylight,03 - P.D. only,04 - Sideswipe,The Glebe
9386,HERON RD btwn FINN CRT & BAYCREST DR,371042.7814,5026968.17,-75.65416798,45.37952293,2014-08-29,7:08,01 - Clear,01 - Dry,10 - No control,01 - Non intersection,01 - Daylight,03 - P.D. only,07 - SMV other,Ledbury - Heron Gate - Ridgemont - Elmwood
9387,FALLOWFIELD RD @ WOODROFFE AVE,365084.643,5017903.95,-75.7313426,45.29850221,2014-08-29,8:47,01 - Clear,01 - Dry,01 - Traffic signal,02 - Intersection related,01 - Daylight,03 - P.D. only,03 - Rear end,New Barrhaven
9388,REGIONAL ROAD 174 btwn HIGHWAY 417 & HWY417 IC113 RAMP67,373431.1741,5031831.987,-75.62299807,45.4230554,2014-08-05,7:28,"07 - Fog, mist, smoke, dust",01 - Dry,10 - No control,01 - Non intersection,01 - Daylight,03 - P.D. only,03 - Rear end,Industrial Park
9389,WAYLING AVE btwn TUDOR PL & GREENSWAY AVE,369869.2192,5033123.313,-75.66833886,45.43501462,2014-08-28,9:40,01 - Clear,01 - Dry,10 - No control,01 - Non intersection,01 - Daylight,03 - P.D. only,99 - Other,Kingsview Park
9390,PRINCE OF WALES DR btwn TURN LANE & WEST HUNT CLUB RD,367439.1186,5021750.612,-75.70083844,45.33290793,2014-06-03,11:39,02 - Rain,02 - Wet,10 - No control,01 - Non intersection,01 - Daylight,03 - P.D. only,03 - Rear end,Industrial Park
9391,HUNT CLUB RD @ UPLANDS DR,370156.2533,5023121.492,-75.66599526,45.34499494,2014-07-16,8:11,01 - Clear,01 - Dry,01 - Traffic signal,02 - Intersection related,01 - Daylight,03 - P.D. only,03 - Rear end,Hunt Club East - Western Community
9392,SMYTH RD E/LANCASTER RD @ ST. LAURENT BLVD N/R,373365.2033,5029423.603,-75.624176,45.40139239,2014-08-27,21:52,01 - Clear,01 - Dry,01 - Traffic signal,03 - At intersection,07 - Dark,03 - P.D. only,03 - Rear end,Sheffield Glen
9393,PARKDALE AVE @ WESTMOUNT AVE/HWY 417 PARKDAL I,365300.3562,5028924.771,-75.72724421,45.39764744,2014-08-27,10:55,01 - Clear,01 - Dry,01 - Traffic signal,03 - At intersection,01 - Daylight,03 - P.D. only,05 - Turning movement,Civi
9394,WOODRIDGE CRES btwn BAYSHORE DR & BAYSHORE PS,358820.7194,5023626.161,-75.81058015,45.35050057,2014-08-27,19:35,01 - Clear,01 - Dry,10 - No control,04 - At/near private drive,01 - Daylight,03 - P.D. only,02 - Angle,Bayshore
9395,BANK ST btwn SPRINGHILL RD & DALMENY RD,385566.1399,5005152.15,-75.47230151,45.18171336,2014-08-14,14:15,01 - Clear,01 - Dry,10 - No control,01 - Non intersection,01 - Daylight,03 - P.D. only,07 - SMV other,Metcalfe
9396,MCARTHUR AVE @ CARMEN AVE,370904.4646,5032766.809,-75.6551565,45.43170986,2014-08-14,14:26,02 - Rain,02 - Wet,02 - Stop sign,03 - At intersection,01 - Daylight,03 - P.D. only,05 - Turning movement,Vanier South
9397,BANK ST @ JOHNSTON RD,370852.2044,5024840.476,-75.65688562,45.36039664,2014-07-18,9:00,01 - Clear,01 - Dry,01 - Traffic signal,03 - At intersection,01 - Daylight,03 - P.D. only,05 - Turning movement,South Keys - Heron Gate - Greenboro West
9398,KILBIRNIE DR btwn Continuation of KILBIRNIE DR & SANDGATE RDG,365915.4773,5011900.139,-75.721489,45.24440835,2014-08-03,15:46,01 - Clear,01 - Dry,10 - No control,01 - Non intersection,01 - Daylight,03 - P.D. only,06 - SMV unattended vehicle,New Barrhaven
9399,HWY 417 ST.LAURE IC115R51 @ ST. LAURENT BLVD,372532.6807,5031410.296,-75.6345361,45.4193488,2014-08-19,13:57,01 - Clear,01 - Dry,01 - Traffic signal,02 - Intersection related,01 - Daylight,03 - P.D. only,03 - Rear end,Industrial Park
9400,INNES RD btwn BANTREE ST & STAR TOP RD,374040.1429,5030600.21,-75.61539039,45.41191249,2014-08-19,15:27,01 - Clear,01 - Dry,10 - No control,01 - Non intersection,01 - Daylight,03 - P.D. only,03 - Rear end,Industrial Park
9401,MEADOWLANDS DR btwn HOGAN ST & NESS ST,366356.1067,5024910.205,-75.71426114,45.36143324,2014-07-15,0:00,02 - Rain,02 - Wet,10 - No control,01 - Non intersection,00 - Unknown,03 - P.D. only,06 - SMV unattended vehicle,Borden Farm - Stewart Farm - Parkwood Hills - Fisher Glen
9402,EAGLESON RD @ HAZELDEAN RD/ROBERTSON RD,353675.0467,5018422.564,-75.87675951,45.30405519,2014-08-24,15:15,01 - Clear,01 - Dry,01 - Traffic signal,02 - Intersection related,01 - Daylight,03 - P.D. only,04 - Sideswipe,Greenbelt
9403,AIRPORT PKWY @ UPLANDS DR,370859.7544,5021075.853,-75.65729199,45.32652296,2014-08-24,15:45,01 - Clear,01 - Dry,03 - Yield sign,02 - Intersection related,01 - Daylight,03 - P.D. only,03 - Rear end,Greenbelt
9404,Contour St btwn Butterfly Walk and Trailsedge Way,381659.1166,5033075.629,-75.51767812,45.43338914,2014-02-03,12:00,01 - Clear,03 - Loose snow,10 - No control,04 - At/near private drive,01 - Daylight,03 - P.D. only,06 - SMV unattended vehicle,Chapel Hill South
9405,ST. LAURENT BLVD @ WALKLEY RD,373903.2571,5028046.602,-75.61749681,45.38894987,2014-08-11,12:00,01 - Clear,01 - Dry,01 - Traffic signal,02 - Intersection related,01 - Daylight,03 - P.D. only,04 - Sideswipe,Hawthorne Meadows
9406,9TH LINE RD btwn PANA RD & VICTORIA ST,386477.3753,5013977.818,-75.45926063,45.26101643,2014-08-29,22:55,01 - Clear,01 - Dry,10 - No control,01 - Non intersection,07 - Dark,03 - P.D. only,07 - SMV other,Metcalfe
9407,FALLOWFIELD RD @ STRANDHERD DR,360754.5945,5014962.154,-75.78688003,45.27238991,2014-08-29,8:56,01 - Clear,01 - Dry,01 - Traffic signal,02 - Intersection related,01 - Daylight,03 - P.D. only,03 - Rear end,Munster Hamlet - Richmond
9408,BESSERER ST @ KING EDWARD AVE,368550.7052,5032341.343,-75.68529052,45.4281002,2014-08-29,12:19,01 - Clear,01 - Dry,01 - Traffic signal,03 - At intersection,01 - Daylight,03 - P.D. only,02 - Angle,Sand
9409,AIRPORT PKWY @ HUNT CLUB RD,371019.0019,5023703.946,-75.65490902,45.35015477,2014-08-11,8:15,01 - Clear,01 - Dry,01 - Traffic signal,02 - Intersection related,01 - Daylight,03 - P.D. only,03 - Rear end,Hunt Club East - Western Community
9410,ALTA VISTA DR @ SMYTH RD,370433.1898,5029079.662,-75.66166999,45.39857876,2014-08-04,20:15,01 - Clear,01 - Dry,01 - Traffic signal,02 - Intersection related,07 - Dark,03 - P.D. only,04 - Sideswipe,Alta Vista
9411,HUNT CLUB RD @ RIVERSIDE DR,368037.1769,5021947.394,-75.69318391,45.33462489,2014-08-05,14:47,01 - Clear,01 - Dry,01 - Traffic signal,02 - Intersection related,01 - Daylight,03 - P.D. only,03 - Rear end,Hunt Club Woods - Quintarra - Revelstoke - Riverside South P
9412,CROYDON AVE btwn BOND ST & CARLING AVE,360651.5716,5025056.736,-75.78705471,45.36322941,2014-08-28,10:38,01 - Clear,01 - Dry,10 - No control,04 - At/near private drive,01 - Daylight,03 - P.D. only,05 - Turning movement,Woodroffe - Lincoln Heights
9413,BANTREE ST @ INNES RD,373708.0929,5030405.608,-75.61965935,45.41019433,2014-08-28,14:31,01 - Clear,01 - Dry,01 - Traffic signal,02 - Intersection related,01 - Daylight,03 - P.D. only,04 - Sideswipe,Industrial Park
9414,BRANTHAVEN ST btwn TO BE DETERMINED & SOUTHFIELD WAY,384761.1131,5034895.111,-75.4777427,45.44941138,2014-08-27,0:00,01 - Clear,01 - Dry,10 - No control,04 - At/near private drive,00 - Unknown,03 - P.D. only,06 - SMV unattended vehicle,Avalon
9415,ALBION RD @ SOUTHGATE RD/ROYAL OAK CRT,371817.2503,5024442.572,-75.64462275,45.35672485,2014-08-28,11:28,01 - Clear,01 - Dry,02 - Stop sign,03 - At intersection,01 - Daylight,03 - P.D. only,02 - Angle,South Keys - Heron Gate - Greenboro West
9416,RIVERSIDE DR NB btwn SAN REMO PRIV & INDUSTRIAL AVE,370647.0983,5030508.768,-75.6587472,45.41141722,2014-08-27,22:25,01 - Clear,01 - Dry,10 - No control,01 - Non intersection,07 - Dark,03 - P.D. only,04 - Sideswipe,Industrial Park