Record,Location,X,Y,lon,lat,Date,Time,Environment,Road_Surface,Traffic_Control,Collision_Location,Light,Collision_Classification,Impact_type,Neighborhood
9417,HAIG DR @ SMYTH RD,372566.2652,5029298.311,-75.63439735,45.40034286,2014-09-05,19:04,01 - Clear,01 - Dry,01 - Traffic signal,03 - At intersection,01 - Daylight,03 - P.D. only,02 - Angle,Elmvale - Eastway - Riverview - Riverview Park West
9418,BALLYCASTLE CRES btwn TULLAMORE ST & KILLYMOON WAY (1),375727.6372,5014960.675,-75.59607585,45.27102582,2014-07-22,2:45,01 - Clear,01 - Dry,10 - No control,01 - Non intersection,07 - Dark,03 - P.D. only,07 - SMV other,Osgoode
9419,CORNWALL ST btwn WILBROD ST & END,368771.8007,5032164.895,-75.68248822,45.4264924,2014-08-28,11:20,01 - Clear,01 - Dry,10 - No control,04 - At/near private drive,01 - Daylight,03 - P.D. only,02 - Angle,Sandy Hill
9420,TAGGART ST btwn WARNER WAY & JAKE ST,374237.0098,5000247.499,-75.61712088,45.13878793,2014-05-09,14:00,01 - Clear,01 - Dry,10 - No control,04 - At/near private drive,01 - Daylight,03 - P.D. only,06 - SMV unattended vehicle,Kars - Osgoode
9421,MCCORDICK RD btwn MCMULLEN RD & FAIRHURST DR,369458.5938,4992897.537,-75.67881991,45.0731055,2014-08-27,21:35,01 - Clear,01 - Dry,10 - No control,01 - Non intersection,07 - Dark,03 - P.D. only,07 - SMV other,Munster Hamlet - Richmond
9422,LIMEBANK RD btwn LEITRIM RD & SPRATT RD,369731.9756,5016982.047,-75.67221362,45.28979296,2014-08-15,7:30,01 - Clear,01 - Dry,10 - No control,01 - Non intersection,01 - Daylight,03 - P.D. only,04 - Sideswipe,Gloucester
9423,MAITLAND AVE @ WOODWARD DR,363273.2207,5025663.475,-75.75352035,45.368475,2014-08-15,7:38,01 - Clear,01 - Dry,01 - Traffic signal,03 - At intersection,01 - Daylight,03 - P.D. only,02 - Angle,Braemar Park - Bel Air Heights - Copeland Park
9424,DEBRA AVE @ MEADOWLANDS DR,367215.1841,5025589.528,-75.70321062,45.36746968,2014-08-08,8:31,01 - Clear,01 - Dry,01 - Traffic signal,02 - Intersection related,01 - Daylight,03 - P.D. only,07 - SMV other,Carleton Heights - Rideauview
9425,CARLING AVE @ HOLLAND AVE,365419.0684,5028039.495,-75.72583684,45.38967165,2014-08-10,13:31,01 - Clear,01 - Dry,01 - Traffic signal,02 - Intersection related,01 - Daylight,03 - P.D. only,02 - Angle,Civic Hospital - Experimental Farm - Central Park
9426,HUNT CLUB RD @ RIVERSIDE DR,368036.2291,5021945.499,-75.69319624,45.33460793,2014-07-15,11:28,02 - Rain,02 - Wet,01 - Traffic signal,02 - Intersection related,01 - Daylight,03 - P.D. only,03 - Rear end,Hunt Club Woods - Quintarra - Revelstoke - Riverside South P
9427,INNES RD @ STAR TOP RD/WINDMILL LANE,374148.1997,5030668.456,-75.61400042,45.41251584,2014-07-18,9:05,01 - Clear,01 - Dry,01 - Traffic signal,02 - Intersection related,01 - Daylight,03 - P.D. only,06 - SMV unattended vehicle,Industrial Park
9428,GREENBANK RD @ PRINCE OF WALES DR,366200.2694,5009544.329,-75.71815228,45.22318595,2014-08-24,20:39,01 - Clear,01 - Dry,02 - Stop sign,02 - Intersection related,05 - Dusk,03 - P.D. only,07 - SMV other,New Barrhaven
9429,HUNT CLUB RD btwn TURN LANE & BANK ST (2),371578.8787,5024080.392,-75.64771379,45.35348882,2014-08-24,21:44,01 - Clear,01 - Dry,10 - No control,01 - Non intersection,07 - Dark,03 - P.D. only,03 - Rear end,South Keys - Heron Gate - Greenboro West
9430,SAUNDERSON DR btwn OLYMPIA CRES & WINGATE DR,372998.8671,5029109.331,-75.62889834,45.39860049,2014-08-10,8:00,01 - Clear,01 - Dry,10 - No control,01 - Non intersection,01 - Daylight,03 - P.D. only,06 - SMV unattended vehicle,Elmvale - Eastway - Riverview - Riverview Park West
9431,FALLOWFIELD RD btwn HWY416 IC66 RAMP53 & HWY416 IC66 RAMP34,359802.1535,5014721.9,-75.79904422,45.27030321,2014-08-30,14:00,01 - Clear,01 - Dry,10 - No control,01 - Non intersection,01 - Daylight,03 - P.D. only,05 - Turning movement,Munster Hamlet - Richmond
9432,BESSERER ST btwn KING EDWARD AVE & NELSON ST,368648.1267,5032398.974,-75.68403817,45.42860985,2014-08-21,18:30,01 - Clear,01 - Dry,10 - No control,01 - Non intersection,01 - Daylight,03 - P.D. only,06 - SMV unattended vehicle,Sand
9433,MAPLE GROVE RD @ TERRY FOX DR,351554.0825,5017864.465,-75.90385656,45.29917764,2014-08-29,14:00,01 - Clear,01 - Dry,01 - Traffic signal,02 - Intersection related,01 - Daylight,03 - P.D. only,03 - Rear end,Katimavik - Hazeldean
9434,GLADSTONE AVE btwn O'CONNOR ST & METCALFE ST,368152.7075,5030703.918,-75.69058682,45.41340337,2014-09-03,10:15,01 - Clear,01 - Dry,10 - No control,01 - Non intersection,01 - Daylight,03 - P.D. only,06 - SMV unattended vehicle,Centretown
9435,RIVERSIDE DR @ HERON RD,368121.1049,5026648.489,-75.69151107,45.37691668,2014-08-05,14:30,01 - Clear,01 - Dry,01 - Traffic signal,02 - Intersection related,01 - Daylight,03 - P.D. only,03 - Rear end,Riverside Park
9436,MCCORDICK RD @ POLLOCK RD,362559.1555,5000711.393,-75.76553564,45.14401345,2014-08-29,6:55,01 - Clear,01 - Dry,02 - Stop sign,03 - At intersection,01 - Daylight,03 - P.D. only,02 - Angle,Munster Hamlet - Richmond
9437,BRONSON AVE btwn GLOUCESTER ST & NEPEAN ST,366845.8694,5030762.915,-75.70727433,45.41405129,2014-08-30,4:35,01 - Clear,01 - Dry,10 - No control,01 - Non intersection,07 - Dark,03 - P.D. only,06 - SMV unattended vehicle,Centretown West
9438,DOZOIS RD btwn MITCH OWENS RD & LONGSHADOW ST,371681.7819,5012082.826,-75.64801896,45.24552787,2014-08-28,11:10,01 - Clear,01 - Dry,10 - No control,01 - Non intersection,01 - Daylight,03 - P.D. only,99 - Other,Manotick
9439,RIVERSIDE DR @ TREMBLAY RD/HWY417 IC117 RAMP52,370802.0781,5031016.161,-75.65669947,45.41596793,2014-08-28,11:30,01 - Clear,01 - Dry,01 - Traffic signal,02 - Intersection related,01 - Daylight,03 - P.D. only,03 - Rear end,Industrial Park
9440,SHEFFIELD RD @ WALKLEY RD,375260.1048,5028781.695,-75.60006595,45.39542868,2014-09-26,7:44,01 - Clear,01 - Dry,01 - Traffic signal,02 - Intersection related,01 - Daylight,03 - P.D. only,99 - Other,Industrial Park
9441,BLACKBURN BYPASS EB btwn 1700 W OF NAVAN RD & INNES RD,377260.6597,5032149.15,-75.57402268,45.42552286,2014-07-19,18:40,01 - Clear,01 - Dry,10 - No control,01 - Non intersection,01 - Daylight,03 - P.D. only,99 - Other,Greenbelt
9442,WEST HUNT CLUB RD @ ANTARES DR/LASER ST,367107.2374,5022080.554,-75.70503069,45.33590623,2014-07-22,18:10,01 - Clear,01 - Dry,01 - Traffic signal,02 - Intersection related,01 - Daylight,03 - P.D. only,03 - Rear end,Industrial Park
9443,TERRY FOX DR btwn LEGGET DR & HELMSDALE DR,350380.4452,5023576.329,-75.91829458,45.35065154,2014-07-30,13:53,02 - Rain,02 - Wet,10 - No control,01 - Non intersection,01 - Daylight,03 - P.D. only,07 - SMV other,South March
9444,WEST HUNT CLUB RD EB btwn 354 E OF WOODROFFE AVE/REC PATH & CLEOPATRA ,364667.3384,5021669.484,-75.73620791,45.33241989,2014-08-28,13:48,01 - Clear,01 - Dry,10 - No control,01 - Non intersection,01 - Daylight,03 - P.D. only,99 - Other,Tanglewood
9445,WOODROFFE AVE @ KNOXDALE RD/MEDHURST DR,363421.1117,5021824.591,-75.75208762,45.33392074,2014-08-28,14:15,01 - Clear,01 - Dry,01 - Traffic signal,02 - Intersection related,01 - Daylight,03 - P.D. only,03 - Rear end,Woodvale - Craig Henry - Manordale - Estates of Arlington Wo
9446,RIDEAU RIVER DR @ SMYTH RD,369544.094,5029282.609,-75.67299854,45.40048759,2014-08-12,16:26,02 - Rain,02 - Wet,02 - Stop sign,02 - Intersection related,01 - Daylight,03 - P.D. only,03 - Rear end,Old Ottawa East
9447,BOOTH ST btwn PRIMROSE AVE & ELM ST,366505.7555,5030456.406,-75.71165773,45.41132349,2014-08-12,18:10,02 - Rain,02 - Wet,10 - No control,04 - At/near private drive,01 - Daylight,03 - P.D. only,02 - Angle,Centretown West
9448,MACKENZIE AVE @ RIDEAU ST,367869.2253,5032009.58,-75.69404119,45.42517689,2014-08-19,19:40,01 - Clear,01 - Dry,01 - Traffic signal,02 - Intersection related,05 - Dusk,03 - P.D. only,04 - Sideswipe,Byward Market - Parliament Hill
9449,INNES RD btwn FRANK KENNY RD & O'TOOLE RD,388504.282,5038038.152,-75.42936146,45.47725081,2014-07-30,11:46,02 - Rain,02 - Wet,10 - No control,01 - Non intersection,01 - Daylight,03 - P.D. only,07 - SMV other,Cumberland - Estates
9450,HERON RD @ ALTA VISTA DR,370493.1963,5026902.537,-75.66119342,45.37898413,2014-08-25,1:42,01 - Clear,01 - Dry,01 - Traffic signal,02 - Intersection related,07 - Dark,03 - P.D. only,07 - SMV other,Alta Vista
9451,JEANNE D'ARC BLVD @ ORLEANS BLVD S,380941.0733,5036250.106,-75.52636267,45.46202915,2014-08-21,20:48,01 - Clear,01 - Dry,01 - Traffic signal,02 - Intersection related,07 - Dark,03 - P.D. only,03 - Rear end,Orleans Village - Chateauneuf
9452,NAVAN RD btwn RENAUD RD & MER BLEUE RD,382525.3354,5032458.092,-75.50670628,45.4277373,2014-08-29,15:48,01 - Clear,01 - Dry,10 - No control,01 - Non intersection,01 - Daylight,03 - P.D. only,07 - SMV other,Chapel Hill South
9453,ELGIN ST btwn WAVERLEY ST & FRANK ST,368328.8601,5030935.585,-75.68830661,45.41547186,2014-08-26,19:45,01 - Clear,01 - Dry,10 - No control,01 - Non intersection,05 - Dusk,03 - P.D. only,06 - SMV unattended vehicle,Centretown
9454,ST. JOSEPH BLVD @ JEANNE D'ARC BLVD,379861.2164,5036469.685,-75.54013561,45.46412161,2014-12-08,16:45,01 - Clear,01 - Dry,11 - Roundabout,03 - At intersection,05 - Dusk,03 - P.D. only,04 - Sideswipe,Chapel Hill
9455,EARL ARMSTRONG RD @ BOWESVILLE RD,372562.1628,5017437.62,-75.63607473,45.2936249,2014-09-13,22:50,01 - Clear,01 - Dry,02 - Stop sign,03 - At intersection,07 - Dark,03 - P.D. only,07 - SMV other,Greenbelt
9456,MERIVALE RD/LOTTA AVE @ CLYDE AVE,364522.1722,5024505.63,-75.73771735,45.35795157,2014-08-12,12:16,02 - Rain,02 - Wet,01 - Traffic signal,02 - Intersection related,01 - Daylight,03 - P.D. only,03 - Rear end,Cityview - Skyline - Fisher Heights
9457,JOY'S RD btwn FRANKTOWN RD & OTTAWA ST,355345.0295,5004858.49,-75.85684437,45.18188377,2014-08-12,14:35,01 - Clear,01 - Dry,10 - No control,01 - Non intersection,01 - Daylight,03 - P.D. only,07 - SMV other,Munster Hamlet - Richmond
9458,CUMBERLAND ST @ LAURIER AVE,368597.7041,5031949.852,-75.68474067,45.42457342,2014-07-31,18:36,01 - Clear,01 - Dry,01 - Traffic signal,02 - Intersection related,01 - Daylight,03 - P.D. only,99 - Other,Sandy Hill
9459,EAGLESON RD btwn FAULKNER TR & FALLOWFIELD RD,355950.7336,5012622.842,-75.8483401,45.25170608,2014-08-30,9:39,01 - Clear,01 - Dry,10 - No control,01 - Non intersection,01 - Daylight,03 - P.D. only,03 - Rear end,Stittsville - Basswood
9460,YORK ST WB btwn BYWARD MARKE SQ & SUSSEX DR,367926.5539,5032340.347,-75.69326627,45.42814785,2014-08-28,12:00,01 - Clear,01 - Dry,10 - No control,01 - Non intersection,01 - Daylight,03 - P.D. only,06 - SMV unattended vehicle,Byward Market
9461,MERIVALE RD btwn CLEOPATRA DR & SLACK RD,366013.5392,5020971.607,-75.71912085,45.32602435,2014-08-27,17:15,01 - Clear,01 - Dry,10 - No control,04 - At/near private drive,01 - Daylight,03 - P.D. only,05 - Turning movement,Merivale Gardens - Grenfell Glen - Pineglen - Country Place
9462,EAGLESON RD @ FERNBANK RD,354800.0511,5015586.477,-75.86270054,45.27845631,2014-07-07,7:24,02 - Rain,02 - Wet,01 - Traffic signal,03 - At intersection,01 - Daylight,03 - P.D. only,05 - Turning movement,Glen Cairn - Kanata South Business Park
9463,HUNT CLUB RD btwn DAZE ST & TURN LANE,371309.2645,5023866.4,-75.65118323,45.35158901,2014-07-08,9:47,01 - Clear,01 - Dry,10 - No control,01 - Non intersection,01 - Daylight,03 - P.D. only,03 - Rear end,South Keys - Heron Gate - Greenboro West
9464,SMIRLE AVE btwn SCOTT ST & SPENCER ST,364568.552,5029301.628,-75.73654485,45.40110117,2014-08-08,9:45,01 - Clear,01 - Dry,10 - No control,04 - At/near private drive,01 - Daylight,03 - P.D. only,06 - SMV unattended vehicle,Island Park
9465,FALLOWFIELD RD @ WOODROFFE AVE,365085.6239,5017903.19,-75.73133019,45.29849528,2014-07-05,13:36,01 - Clear,01 - Dry,01 - Traffic signal,02 - Intersection related,01 - Daylight,03 - P.D. only,03 - Rear end,New Barrhaven
9466,BLOHM DR @ BRADLEY COLE PRIV,374176.1107,5025881.571,-75.61431688,45.36944293,2014-07-05,22:06,01 - Clear,01 - Dry,02 - Stop sign,02 - Intersection related,07 - Dark,03 - P.D. only,07 - SMV other,Hunt Club
9467,DEN HAAG DR btwn CARGROVE PRIV & CARGROVE PRIV,372548.918,5033894.501,-75.63398687,45.4416989,2014-08-29,7:04,01 - Clear,01 - Dry,10 - No control,01 - Non intersection,01 - Daylight,03 - P.D. only,06 - SMV unattended vehicle,Carson Grove - Carson Meadows
9468,BRIDGE ST @ LONG ISLAND RD,369061.1308,5010345.399,-75.68162338,45.23013876,2014-08-13,9:48,02 - Rain,02 - Wet,01 - Traffic signal,03 - At intersection,01 - Daylight,03 - P.D. only,07 - SMV other,Manotick
9469,INNES RD @ WILDFLOWER DR,382937.2291,5035690.556,-75.50093004,45.45677439,2014-08-15,13:30,01 - Clear,01 - Dry,01 - Traffic signal,02 - Intersection related,01 - Daylight,03 - P.D. only,03 - Rear end,Avalon
9470,HUNT CLUB RD @ UPLANDS DR,370157.2011,5023121.492,-75.66598317,45.34499485,2014-08-19,21:00,01 - Clear,01 - Dry,01 - Traffic signal,03 - At intersection,07 - Dark,03 - P.D. only,05 - Turning movement,Hunt Club East - Western Community
9471,BYRON AVE @ TWEEDSMUIR AVE,363593.164,5028305.5,-75.74912163,45.39222078,2014-08-20,8:38,01 - Clear,01 - Dry,02 - Stop sign,03 - At intersection,01 - Daylight,03 - P.D. only,02 - Angle,Westboro
9472,BAYSHORE DR btwn WOODRIDGE CRES S & BAYSHORE CS,359225.6121,5023518.985,-75.80542503,45.34950489,2014-08-25,8:30,01 - Clear,01 - Dry,10 - No control,01 - Non intersection,01 - Daylight,03 - P.D. only,04 - Sideswipe,Bayshore
9473,BELCOURT BLVD @ CARRIERE ST,381483.7478,5036849.324,-75.51933088,45.46736106,2014-08-29,16:15,01 - Clear,01 - Dry,02 - Stop sign,02 - Intersection related,01 - Daylight,03 - P.D. only,02 - Angle,Orleans Village - Chateauneuf
9474,JEANNE D'ARC BLVD  N btwn VOYAGEUR DR & PADDLER WAY,379278.0021,5037755.405,-75.54739771,45.47575196,2014-08-29,18:06,01 - Clear,01 - Dry,10 - No control,01 - Non intersection,01 - Daylight,03 - P.D. only,04 - Sideswipe,Orleans South West
9475,STRANDHERD DR @ WOODROFFE AVE,366106.154,5015395.402,-75.71862904,45.27584207,2014-02-10,11:45,01 - Clear,01 - Dry,01 - Traffic signal,02 - Intersection related,01 - Daylight,03 - P.D. only,03 - Rear end,New Barrhaven
9476,ELGIN ST @ LAURIER AVE,367948.236,5031548.628,-75.6930907,45.42102227,2014-02-12,6:01,01 - Clear,03 - Loose snow,01 - Traffic signal,02 - Intersection related,07 - Dark,03 - P.D. only,07 - SMV other,Downtown
9477,COBOURG ST @ RIDEAU ST,369129.1801,5032785.68,-75.67784056,45.43204521,2014-08-19,22:09,01 - Clear,01 - Dry,01 - Traffic signal,03 - At intersection,07 - Dark,03 - P.D. only,05 - Turning movement,Lowe
9478,INDUSTRIAL AVE @ RIVERSIDE DR,370685.1925,5030592.553,-75.65824937,45.4121675,2014-08-23,4:10,01 - Clear,02 - Wet,01 - Traffic signal,02 - Intersection related,07 - Dark,03 - P.D. only,07 - SMV other,Industrial Park
9479,BASELINE RD btwn LOBLAWS SC & MERIVALE RD,364786.6654,5025161.603,-75.73426209,45.36383134,2014-08-25,19:44,01 - Clear,01 - Dry,10 - No control,01 - Non intersection,01 - Daylight,03 - P.D. only,03 - Rear end,Civic Hospital - Experimental Farm - Central Park
9480,COLONEL BY DR/SUSSEX DR @ RIDEAU ST,367920.8648,5032046.01,-75.69337669,45.42550002,2014-08-24,18:30,01 - Clear,01 - Dry,01 - Traffic signal,03 - At intersection,01 - Daylight,03 - P.D. only,05 - Turning movement,Byward Market - Parliament Hill
9481,HWY 417 ST.LAURE IC115R51 @ ST. LAURENT BLVD,372529.7492,5031412.323,-75.63457327,45.41936732,2014-10-30,8:15,01 - Clear,01 - Dry,01 - Traffic signal,02 - Intersection related,01 - Daylight,03 - P.D. only,04 - Sideswipe,Industrial Park
9482,HAWTHORNE AVE/ISABELLA ST @ QUEEN ELIZABETH DR,368666.0461,5030476.222,-75.68405843,45.41130797,2014-09-01,13:13,01 - Clear,01 - Dry,01 - Traffic signal,03 - At intersection,01 - Daylight,03 - P.D. only,02 - Angle,The Glebe
9483,OR174 IC109 RAMP65 @ MONTREAL RD,376402.0296,5034983.613,-75.58458141,45.45111403,2014-09-01,14:44,01 - Clear,01 - Dry,01 - Traffic signal,03 - At intersection,01 - Daylight,03 - P.D. only,02 - Angle,Beacon Hill South - Cardinal Heights
9484,NORICE ST @ WOODROFFE AVE,363193.2622,5022396.544,-75.75492688,45.33908613,2014-09-02,16:10,02 - Rain,02 - Wet,01 - Traffic signal,02 - Intersection related,01 - Daylight,03 - P.D. only,03 - Rear end,Tanglewood
9485,TENTH LINE RD btwn DES EPINETTES AVE & INNES RD,383757.2895,5036617.697,-75.49029741,45.46502379,2014-09-02,16:24,02 - Rain,02 - Wet,10 - No control,01 - Non intersection,01 - Daylight,03 - P.D. only,03 - Rear end,Queenswood Heights
9486,MONTREAL RD @ VANIER PKWY,370072.2028,5033066.353,-75.66575232,45.4344832,2014-08-19,0:56,01 - Clear,01 - Dry,01 - Traffic signal,03 - At intersection,07 - Dark,03 - P.D. only,05 - Turning movement,Vanier
9487,RIVERSIDE DR @ TREMBLAY RD/HWY417 IC117 RAMP52,370802.0781,5031017.175,-75.65669933,45.41597706,2014-08-19,19:22,01 - Clear,01 - Dry,01 - Traffic signal,02 - Intersection related,05 - Dusk,03 - P.D. only,03 - Rear end,Industrial Park
9488,PRINCE OF WALES DR btwn RIDEAU GLEN DR & FALLOWFIELD RD,367450.375,5018435.646,-75.70111411,45.30307937,2014-08-21,18:01,02 - Rain,02 - Wet,10 - No control,01 - Non intersection,01 - Daylight,03 - P.D. only,03 - Rear end,Greenbelt
9489,WOODROFFE AVE btwn FOX CRES & GEORGINA DR,361856.477,5025493.039,-75.77162495,45.3670582,2014-08-21,18:01,02 - Rain,02 - Wet,10 - No control,01 - Non intersection,01 - Daylight,03 - P.D. only,03 - Rear end,Whitehaven - Queensway Terrace North
9490,HAMILTON AVE   S btwn INGLEWOOD PL & CARLING AVE,365498.6951,5028262.711,-75.72479256,45.3916732,2014-08-12,13:15,02 - Rain,02 - Wet,10 - No control,04 - At/near private drive,01 - Daylight,03 - P.D. only,06 - SMV unattended vehicle,Civic Hospital - Experimental Farm - Central Park
9491,BRONSON AVE @ IMPERIAL AVE/PLYMOUTH ST,367318.7461,5029643.288,-75.70137522,45.40393513,2014-08-23,13:56,01 - Clear,01 - Dry,10 - No control,03 - At intersection,01 - Daylight,03 - P.D. only,05 - Turning movement,Centretown West
9492,ELMIRA DR btwn COBDEN RD & LAMBETH WALK,361456.4262,5024026.384,-75.77689966,45.35389378,2014-08-25,20:38,01 - Clear,01 - Dry,10 - No control,01 - Non intersection,05 - Dusk,03 - P.D. only,06 - SMV unattended vehicle,Iris
9493,MARCH RD @ HUNTMAR DR,344142.5841,5023547.25,-75.99790223,45.35076756,2014-08-24,10:00,01 - Clear,01 - Dry,02 - Stop sign,03 - At intersection,01 - Daylight,03 - P.D. only,05 - Turning movement,Stittsville - Basswood
9494,PINECREST RD btwn RICHMOND RD & FALLIS AVE,360081.7074,5024447.23,-75.79439665,45.35779027,2014-09-01,14:45,01 - Clear,01 - Dry,10 - No control,01 - Non intersection,01 - Daylight,03 - P.D. only,04 - Sideswipe,Whitehaven - Queensway Terrace North
9495,PRINCE OF WALES DR btwn BASELINE RD/HERON RD & GREEN VALLEY CRES,366903.8708,5026547.943,-75.70706395,45.37612094,2014-09-01,14:56,01 - Clear,01 - Dry,10 - No control,04 - At/near private drive,01 - Daylight,03 - P.D. only,03 - Rear end,Civic Hospital - Experimental Farm - Central Park
9496,CAHILL DR @ HUNT CLUB RD,372407.2608,5024540.614,-75.63707957,45.35755036,2014-09-02,16:53,02 - Rain,02 - Wet,01 - Traffic signal,02 - Intersection related,01 - Daylight,03 - P.D. only,03 - Rear end,Greenboro East
9497,KINCARDINE DR btwn TO BE DETERMINED & HALKIRK AVE,352111.5757,5017037.463,-75.89682747,45.29169874,2014-08-18,17:30,01 - Clear,01 - Dry,10 - No control,04 - At/near private drive,01 - Daylight,03 - P.D. only,06 - SMV unattended vehicle,Glen Cairn - Kanata South Business Park
9498,JEANNE D'ARC BLVD  N btwn AVIGNON CRT & DECARIE DR,380838.8788,5038510.546,-75.52731946,45.48237786,2014-08-23,11:30,01 - Clear,01 - Dry,10 - No control,04 - At/near private drive,01 - Daylight,03 - P.D. only,03 - Rear end,Orleans South West
9499,Barrick Hill Rd btwn Oakglade Ave and Moorpark Ave ,354175.9094,5016094.985,-75.87060476,45.2830761,2014-03-08,13:25,01 - Clear,02 - Wet,10 - No control,01 - Non intersection,01 - Daylight,03 - P.D. only,06 - SMV unattended vehicle,Glen Cairn - Kanata South Business Park
9500,CAMPEAU DR/HWY 417 MARCH IC138R63 @ MARCH RD,352843.1652,5020475.282,-75.88716776,45.32258338,2014-03-20,0:33,03 - Snow,04 - Slush,01 - Traffic signal,03 - At intersection,07 - Dark,03 - P.D. only,04 - Sideswipe,Greenbelt
9501,INNES RD btwn CASABELLA DR & ORCHARDVIEW AVE,384749.5039,5036518.853,-75.47762711,45.46402162,2014-08-20,11:15,01 - Clear,01 - Dry,10 - No control,01 - Non intersection,01 - Daylight,03 - P.D. only,03 - Rear end,Fallingbrook
9502,KENT ST @ WELLINGTON ST,367098.1717,5031526.574,-75.70395457,45.42090005,2014-08-20,11:53,01 - Clear,01 - Dry,01 - Traffic signal,02 - Intersection related,01 - Daylight,03 - P.D. only,04 - Sideswipe,Downtown
9503,CARLING AVE btwn BURKE RD & DEFENSE  RESEARCH COMPLEX,352920.2535,5022716.474,-75.8859666,45.34274475,2014-08-25,18:40,01 - Clear,01 - Dry,10 - No control,01 - Non intersection,01 - Daylight,03 - P.D. only,03 - Rear end,Greenbelt
9504,PRINCE OF WALES DR @ WEST HUNT CLUB RD,367460.1321,5021888.66,-75.70055289,45.33414818,2014-08-26,8:30,01 - Clear,01 - Dry,01 - Traffic signal,02 - Intersection related,01 - Daylight,03 - P.D. only,03 - Rear end,Industrial Park
9505,ST. LAURENT BLVD btwn BELFAST RD & INDUSTRIAL AVE,372871.1754,5030557.184,-75.63032927,45.41164004,2014-08-23,17:10,01 - Clear,01 - Dry,10 - No control,01 - Non intersection,01 - Daylight,03 - P.D. only,06 - SMV unattended vehicle,Industrial Park
9506,GREENBANK RD @ WEST HUNT CLUB RD,361482.0467,5020500.583,-75.77697658,45.32216665,2014-09-01,15:11,01 - Clear,01 - Dry,01 - Traffic signal,02 - Intersection related,01 - Daylight,03 - P.D. only,03 - Rear end,Woodvale - Craig Henry - Manordale - Estates of Arlington Wo
9507,WILLOW CREEK CIRC btwn BERRY GLEN ST & CASTLESTONE WAY,366640.7614,5014283.317,-75.71195439,45.26578877,2014-09-01,16:05,01 - Clear,01 - Dry,10 - No control,01 - Non intersection,01 - Daylight,03 - P.D. only,06 - SMV unattended vehicle,Chapman Mills - Rideau Crest - Davidson Heights
9508,LEITRIM RD btwn 810 W OF HAWTHORNE & BANK ST,375644.6556,5021783.956,-75.59615822,45.33242753,2014-09-02,17:51,02 - Rain,02 - Wet,10 - No control,01 - Non intersection,01 - Daylight,03 - P.D. only,07 - SMV other,Greenbelt
9509,INNES RD btwn WILDFLOWER DR & CHAPELIER PRIV,382951.4471,5035699.086,-75.50074692,45.45684955,2014-09-02,16:30,02 - Rain,02 - Wet,10 - No control,01 - Non intersection,01 - Daylight,03 - P.D. only,03 - Rear end,Queenswood Heights
9510,CHANONHOUSE DR @ KING ST,357663.6141,5005902.559,-75.82723309,45.19110868,2014-08-23,12:27,01 - Clear,01 - Dry,02 - Stop sign,03 - At intersection,01 - Daylight,03 - P.D. only,02 - Angle,Richmond
9511,KING EDWARD AVE btwn LAURIER AVE E & THOMAS MORE PRIV,368750.8642,5032012.55,-75.68277552,45.42512357,2014-08-25,13:28,01 - Clear,01 - Dry,10 - No control,01 - Non intersection,01 - Daylight,03 - P.D. only,03 - Rear end,Sandy Hill
9512,Boothfield St btwn Grand Tully Way and Wildcarrot Cres,370410.9282,5016615.797,-75.66360734,45.28643445,2014-02-10,22:04,01 - Clear,05 - Packed snow,10 - No control,01 - Non intersection,07 - Dark,03 - P.D. only,01 - Approaching,Gloucester
9513,HUNT CLUB RD @ RIVERSIDE DR,368038.1248,5021945.499,-75.69317206,45.33460776,2014-08-20,12:29,01 - Clear,01 - Dry,01 - Traffic signal,02 - Intersection related,01 - Daylight,03 - P.D. only,03 - Rear end,Hunt Club Woods - Quintarra - Revelstoke - Riverside South P
9514,ELGIN ST @ WELLINGTON ST W,367665.1777,5031878.525,-75.69666517,45.42401607,2014-08-23,20:25,01 - Clear,01 - Dry,01 - Traffic signal,02 - Intersection related,07 - Dark,03 - P.D. only,04 - Sideswipe,Downtown
9515,CARP RD @ STITTSVILLE MAIN ST,349524.3122,5014329.255,-75.93005469,45.2674988,2014-08-26,17:15,01 - Clear,01 - Dry,01 - Traffic signal,02 - Intersection related,01 - Daylight,03 - P.D. only,03 - Rear end,Stittsville
9516,BRONSON AVE @ SUNNYSIDE AVE/UNIVERSITY RD - CA,367922.2362,5028090.599,-75.69386559,45.38991034,2014-08-26,19:06,01 - Clear,01 - Dry,01 - Traffic signal,02 - Intersection related,01 - Daylight,03 - P.D. only,03 - Rear end,Carleto
9517,BANK ST btwn ST. PAUL AVE & KITCHENER AVE,370523.3406,5025533.147,-75.66099078,45.36665999,2014-08-24,18:26,01 - Clear,01 - Dry,10 - No control,01 - Non intersection,01 - Daylight,03 - P.D. only,03 - Rear end,Ledbury - Heron Gate - Ridgemont - Elmwood
9518,NORBERRY CRES btwn SPRINGLAND DR & SPRINGLAND DR,368816.3572,5025878.701,-75.68273471,45.36992717,2014-09-01,19:35,01 - Clear,01 - Dry,10 - No control,01 - Non intersection,05 - Dusk,03 - P.D. only,03 - Rear end,Riverside Park
9519,CLEGG ST @ MAIN ST,369271.4466,5029921.562,-75.67639727,45.40626183,2014-09-01,19:40,01 - Clear,01 - Dry,01 - Traffic signal,02 - Intersection related,07 - Dark,03 - P.D. only,03 - Rear end,Old Ottawa East