Record,Location,X,Y,lon,lat,Date,Time,Environment,Road_Surface,Traffic_Control,Collision_Location,Light,Collision_Classification,Impact_type,Neighborhood
9520,BLAIR RD @ OGILVIE RD,374507.2167,5033199.335,-75.609056,45.43525166,2014-09-02,17:00,02 - Rain,02 - Wet,01 - Traffic signal,02 - Intersection related,01 - Daylight,03 - P.D. only,03 - Rear end,Beacon Hill South - Cardinal Heights
9521,FORWARD AVE btwn EMMERSON AVE & BURNSIDE AVE,364819.5872,5030231.687,-75.73322533,45.40944816,2014-07-19,13:30,01 - Clear,01 - Dry,10 - No control,01 - Non intersection,01 - Daylight,03 - P.D. only,06 - SMV unattended vehicle,Mechanicsville
9522,BEARBROOK RD/ROCKCLIFFE PKWY @ ST. JOSEPH BLVD,377128.5438,5035243.113,-75.57525612,45.45337402,2014-06-23,21:20,01 - Clear,01 - Dry,01 - Traffic signal,03 - At intersection,07 - Dark,03 - P.D. only,04 - Sideswipe,Greenbelt
9523,GREENBANK RD btwn BATEMAN DR/BELLMAN DR & GREENBANK SQUARE SC,361320.8164,5020860.348,-75.77899197,45.32541681,2014-08-20,21:22,02 - Rain,02 - Wet,10 - No control,04 - At/near private drive,07 - Dark,03 - P.D. only,02 - Angle,Nepean
9524,BANK ST @ LEITRIM RD,375358.2281,5021616.654,-75.59983588,45.33095107,2014-08-21,8:14,02 - Rain,02 - Wet,01 - Traffic signal,02 - Intersection related,01 - Daylight,03 - P.D. only,03 - Rear end,Greenbelt
9525,Longfields Dr btwn Lindenshade Dr and Marketplace/Clearbrook Dr,364653.9626,5014914.629,-75.73719408,45.27164119,2014-03-16,16:40,01 - Clear,01 - Dry,10 - No control,01 - Non intersection,01 - Daylight,03 - P.D. only,07 - SMV other,New Barrhaven
9526,MCRAE AVE @ RICHMOND RD,363609.216,5028538.555,-75.74888886,45.39431642,2014-08-26,18:41,01 - Clear,01 - Dry,01 - Traffic signal,02 - Intersection related,01 - Daylight,03 - P.D. only,03 - Rear end,Westboro
9527,BAYSHORE DR @ RICHMOND RD,359372.2113,5023367.578,-75.80357099,45.34813114,2014-08-25,10:55,01 - Clear,01 - Dry,01 - Traffic signal,02 - Intersection related,01 - Daylight,03 - P.D. only,99 - Other,Bayshore
9528,REGIONAL ROAD 174 btwn EAST ST & EAST SHORE RD,391671.9121,5042814.434,-75.3880071,45.51983487,2014-08-26,7:55,01 - Clear,01 - Dry,10 - No control,01 - Non intersection,01 - Daylight,03 - P.D. only,03 - Rear end,Cumberland - Estates
9529,CARLING AVE @ PARKDALE AVE,365625.98,5028173.63,-75.72317809,45.39086063,2014-09-02,7:18,01 - Clear,01 - Dry,01 - Traffic signal,02 - Intersection related,01 - Daylight,03 - P.D. only,04 - Sideswipe,Civic Hospital - Experimental Farm - Central Park
9530,RIVERSIDE DR @ BROOKFIELD RD/HOG'S BACK RD,368166.7731,5026229.344,-75.69098181,45.3731412,2014-09-01,15:30,01 - Clear,01 - Dry,01 - Traffic signal,02 - Intersection related,01 - Daylight,03 - P.D. only,99 - Other,Riverside Park
9531,BANK ST @ SOUTHKEYS SC,371081.3598,5024523.411,-75.65400344,45.35752217,2014-09-02,20:42,02 - Rain,02 - Wet,01 - Traffic signal,03 - At intersection,07 - Dark,03 - P.D. only,07 - SMV other,South Keys - Heron Gate - Greenboro West
9532,BRONSON AVE btwn PLYMOUTH ST & RENFREW AVE,367339.4891,5029594.629,-75.70111644,45.40349546,2014-09-02,21:24,01 - Clear,02 - Wet,10 - No control,04 - At/near private drive,07 - Dark,03 - P.D. only,05 - Turning movement,The Glebe
9533,ALESTHER ST @ DONALD ST,371991.7704,5032460.109,-75.64130367,45.42884669,2014-08-27,12:29,01 - Clear,01 - Dry,02 - Stop sign,03 - At intersection,01 - Daylight,03 - P.D. only,05 - Turning movement,Overbrook
9534,FALLOWFIELD RD btwn KOLO DR & BILTMORE CRES,346317.2644,5004293.039,-75.97175897,45.17738463,2014-07-18,7:07,01 - Clear,01 - Dry,10 - No control,01 - Non intersection,01 - Daylight,03 - P.D. only,07 - SMV other,Munster Hamlet - Richmond
9535,EAGLESON RD btwn AKINS RD & RUSHMORE RD,356701.4523,5010641.08,-75.83898342,45.23381874,2014-07-20,4:30,02 - Rain,02 - Wet,10 - No control,01 - Non intersection,07 - Dark,03 - P.D. only,07 - SMV other,Stittsville - Basswood
9536,MITCH OWENS RD @ STAGECOACH RD,375400.2286,5014485.406,-75.6003155,45.26678244,2014-08-21,8:36,02 - Rain,02 - Wet,01 - Traffic signal,02 - Intersection related,01 - Daylight,03 - P.D. only,03 - Rear end,Osgoode
9537,KANATA RD @ LORD BYNG WAY/MARITIME WAY,351430.4479,5019330.361,-75.90529498,45.31237637,2014-08-20,21:05,02 - Rain,02 - Wet,01 - Traffic signal,02 - Intersection related,07 - Dark,03 - P.D. only,03 - Rear end,Kanata
9538,MERIVALE RD @ SHILLINGTON AVE,364843.2724,5026808.59,-75.73333936,45.3786458,2014-08-24,11:42,01 - Clear,01 - Dry,01 - Traffic signal,02 - Intersection related,01 - Daylight,03 - P.D. only,04 - Sideswipe,Carlington
9539,PRINCE OF WALES DR btwn VILLA CRES & MARYLAND AVE,366952.594,5026006.694,-75.70651002,45.37124658,2014-08-23,21:00,01 - Clear,01 - Dry,10 - No control,01 - Non intersection,07 - Dark,03 - P.D. only,06 - SMV unattended vehicle,Carleton Heights - Rideauview
9540,BANK ST btwn RIVERSIDE DR & RIVERSIDE DR,369261.736,5027944.107,-75.67677972,45.38847024,2014-08-31,14:01,01 - Clear,01 - Dry,10 - No control,04 - At/near private drive,01 - Daylight,03 - P.D. only,05 - Turning movement,Alta Vista
9541,TIMBERCREST RDG btwn CEDARHILL DR & END,360167.7649,5016705.426,-75.7941639,45.28812249,2014-08-26,10:10,01 - Clear,01 - Dry,10 - No control,01 - Non intersection,01 - Daylight,03 - P.D. only,06 - SMV unattended vehicle,Greenbelt
9542,VERMILLION DR btwn BRITO ST & BRITO ST,368781.036,5016494.222,-75.68439836,45.28549079,2014-08-31,12:30,01 - Clear,01 - Dry,10 - No control,01 - Non intersection,01 - Daylight,03 - P.D. only,06 - SMV unattended vehicle,Gloucester
9543,REGIONAL RD 174 @ TRIM RD,384353.2751,5039989.393,-75.48213105,45.49529147,2014-09-02,10:17,01 - Clear,01 - Dry,01 - Traffic signal,02 - Intersection related,01 - Daylight,03 - P.D. only,03 - Rear end,Chatelaine Village
9544,PRESTWICK DR @ SUMMERLANDS CRES S,383546.9174,5036232.912,-75.49304885,45.46158558,2014-09-03,8:25,01 - Clear,01 - Dry,02 - Stop sign,03 - At intersection,01 - Daylight,03 - P.D. only,02 - Angle,Queenswood Heights
9545,BASELINE RD @ NAVAHO DR,363085.2168,5024096.558,-75.75610504,45.35439171,2014-08-26,12:51,01 - Clear,01 - Dry,01 - Traffic signal,02 - Intersection related,01 - Daylight,03 - P.D. only,03 - Rear end,Braemar Park - Bel Air Heights - Copeland Park
9546,KING EDWARD AVE @ YORK ST,368397.183,5032620.641,-75.68721621,45.4306272,2014-08-27,14:00,01 - Clear,01 - Dry,01 - Traffic signal,03 - At intersection,01 - Daylight,03 - P.D. only,02 - Angle,Lower Town
9547,CLAYMOR AVE btwn EIFFEL AVE & DEBRA AVE,366811.5791,5025513.531,-75.70837206,45.3668217,2014-07-26,20:08,01 - Clear,01 - Dry,10 - No control,01 - Non intersection,05 - Dusk,03 - P.D. only,06 - SMV unattended vehicle,Carleton Heights - Rideauview
9548,BRUYERE ST btwn SUSSEX DR & PARENT AVE,367556.1907,5032679.8,-75.69795564,45.43123546,2014-08-21,10:46,01 - Clear,01 - Dry,10 - No control,01 - Non intersection,01 - Daylight,03 - P.D. only,06 - SMV unattended vehicle,Lower Town
9549,BRONSON AVE @ CARLING AVE/GLEBE AVE,367448.1809,5029335.562,-75.69976105,45.40115473,2014-08-20,10:52,01 - Clear,01 - Dry,01 - Traffic signal,02 - Intersection related,01 - Daylight,03 - P.D. only,02 - Angle,The Glebe
9550,CARLING AVE EB btwn FAIRLAWN AVE/WOODROFFE AVE W & CARLINGWOOD SC/FAIRLAWN PLAZA SC,362026.1482,5025887.406,-75.76941345,45.37059284,2014-08-24,12:33,01 - Clear,01 - Dry,10 - No control,01 - Non intersection,01 - Daylight,03 - P.D. only,04 - Sideswipe,Carlingwood West - Glabar Park - McKellar Heights
9551,BASELINE RD btwn PINECREST RD & ROCKWAY CRES,360873.2071,5022748.529,-75.78448753,45.34244255,2014-08-23,11:50,01 - Clear,01 - Dry,10 - No control,01 - Non intersection,01 - Daylight,03 - P.D. only,03 - Rear end,Iris
9552,MOODIE DR btwn WEST HUNT CLUB RD & ALTI PL,358605.5721,5016750.987,-75.81407256,45.28865379,2014-09-02,8:14,01 - Clear,01 - Dry,10 - No control,04 - At/near private drive,01 - Daylight,03 - P.D. only,05 - Turning movement,Greenbelt
9553,SOMERSET ST    W btwn KENT ST & BECKINGTON PRIV,367547.0804,5030825.991,-75.69830819,45.41455631,2014-09-01,9:00,01 - Clear,01 - Dry,10 - No control,01 - Non intersection,01 - Daylight,03 - P.D. only,06 - SMV unattended vehicle,Centretown
9554,BRONSON AVE btwn POWELL AVE & CLEMOW AVE,367417.1614,5029405.923,-75.70014831,45.4017906,2014-08-26,15:29,01 - Clear,01 - Dry,10 - No control,01 - Non intersection,01 - Daylight,03 - P.D. only,03 - Rear end,The Glebe
9555,FINDLAY CREEK DR btwn DEVONWOOD CIRC & BANK ST,375733.2554,5020389.823,-75.59522773,45.31987475,2014-08-26,15:55,01 - Clear,01 - Dry,10 - No control,04 - At/near private drive,01 - Daylight,03 - P.D. only,02 - Angle,Greenbelt
9556,MERIVALE RD btwn WITHROW AVE & RITA AVE,364624.685,5024270.608,-75.73643745,45.35582813,2014-09-02,11:48,01 - Clear,01 - Dry,10 - No control,04 - At/near private drive,01 - Daylight,03 - P.D. only,03 - Rear end,Cityview - Skyline - Fisher Heights
9557,MARCH RD @ SOLANDT RD,350489.6085,5022709.742,-75.91698155,45.3428467,2014-09-03,9:58,01 - Clear,01 - Dry,01 - Traffic signal,02 - Intersection related,01 - Daylight,03 - P.D. only,03 - Rear end,South March
9558,SAUNDERSON DR @ PLEASANT PARK RD,373146.2022,5028667.61,-75.62707785,45.39461172,2014-09-03,10:15,01 - Clear,01 - Dry,02 - Stop sign,03 - At intersection,01 - Daylight,03 - P.D. only,02 - Angle,Elmvale - Eastway - Riverview - Riverview Park West
9559,CHAMPAGNE AVE @ WELLINGTON ST,365955.5962,5030347.696,-75.7186993,45.41039363,2014-08-27,15:37,01 - Clear,01 - Dry,02 - Stop sign,02 - Intersection related,01 - Daylight,03 - P.D. only,03 - Rear end,LeBreton Flats
9560,CARLING AVE/STATION RD @ MARCH RD,350908.0907,5022245.56,-75.91168508,45.33864251,2014-07-30,19:31,02 - Rain,02 - Wet,01 - Traffic signal,03 - At intersection,01 - Daylight,03 - P.D. only,02 - Angle,South March
9561,BOYD AVE @ DOHENY ST/KERR AVE,363432.1651,5026635.489,-75.75137603,45.37720777,2014-08-21,14:45,02 - Rain,02 - Wet,02 - Stop sign,03 - At intersection,01 - Daylight,03 - P.D. only,02 - Angle,Carlingwood West - Glabar Park - McKellar Heights
9562,RICHMOND RD @ WEST HUNT CLUB RD,357147.0691,5018152.462,-75.83251672,45.30137461,2014-08-21,18:03,02 - Rain,02 - Wet,01 - Traffic signal,02 - Intersection related,01 - Daylight,03 - P.D. only,03 - Rear end,Greenbelt
9563,MERIVALE RD @ CAPILANO DR/WITHROW AVE,364644.7987,5024225.873,-75.73618617,45.3554239,2014-08-25,12:25,01 - Clear,01 - Dry,01 - Traffic signal,03 - At intersection,01 - Daylight,03 - P.D. only,04 - Sideswipe,Cityview - Skyline - Fisher Heights
9564,WALKLEY RD btwn BAYCREST DR & HEATHERINGTON RD,371610.6424,5026701.173,-75.64695408,45.37706667,2014-08-25,13:12,01 - Clear,01 - Dry,10 - No control,04 - At/near private drive,01 - Daylight,03 - P.D. only,07 - SMV other,Ledbury - Heron Gate - Ridgemont - Elmwood
9565,ST. PATRICK ST btwn DALHOUSIE ST & CUMBERLAND ST,367972.8665,5032652.903,-75.69263437,45.43095594,2014-09-04,15:28,01 - Clear,01 - Dry,10 - No control,01 - Non intersection,01 - Daylight,03 - P.D. only,04 - Sideswipe,Byward Market
9566,MEADOWLANDS DR btwn BAYNE AVE & MERIVALE RD,364792.8231,5023692.335,-75.73436181,45.35061055,2014-09-05,13:07,01 - Clear,01 - Dry,10 - No control,04 - At/near private drive,01 - Daylight,03 - P.D. only,02 - Angle,Crestview - Meadowlands
9567,LARKIN DR btwn ANDREA CRES & FABLE ST,362317.091,5015820.625,-75.76686876,45.27998841,2014-08-26,16:49,01 - Clear,01 - Dry,10 - No control,04 - At/near private drive,01 - Daylight,03 - P.D. only,06 - SMV unattended vehicle,Barrhaven West - Old Barrhaven
9568,WELLINGTON ST btwn LYON ST N & KENT ST,367092.1211,5031524.292,-75.70403216,45.42088006,2014-07-04,14:58,01 - Clear,01 - Dry,10 - No control,01 - Non intersection,01 - Daylight,03 - P.D. only,04 - Sideswipe,Downtown
9569,BEVERLY ST @ STITTSVILLE MAIN ST,349844.0575,5013823.529,-75.92602608,45.26292769,2014-07-12,11:21,01 - Clear,01 - Dry,01 - Traffic signal,03 - At intersection,01 - Daylight,03 - P.D. only,07 - SMV other,Stittsville
9570,AIRPORT PKWY/HUNT CLUB RAMP 34 btwn AIRPORT PKWY & TO BE DETERMINED,370840.8029,5024024.325,-75.65714017,45.35305425,2014-09-03,10:30,01 - Clear,01 - Dry,10 - No control,01 - Non intersection,01 - Daylight,03 - P.D. only,07 - SMV other,Hunt Club East - Western Community
9571,CENTRAL PARK DR N @ MERIVALE RD,364950.8897,5025872.403,-75.7320794,45.37021292,2014-09-03,12:09,01 - Clear,01 - Dry,01 - Traffic signal,02 - Intersection related,01 - Daylight,03 - P.D. only,03 - Rear end,Civic Hospital - Experimental Farm - Central Park
9572,MERIVALE RD btwn WOODFIELD DR & 170 N OF WEST HUNT CLUB RD/COSTCO SC,365472.6537,5022279.542,-75.72585978,45.33783995,2014-08-27,16:29,01 - Clear,01 - Dry,10 - No control,01 - Non intersection,01 - Daylight,03 - P.D. only,03 - Rear end,Tanglewood
9573,BANK ST @ HUNT CLUB RD,371609.8029,5024096.269,-75.64731701,45.35362873,2014-08-29,18:06,01 - Clear,01 - Dry,01 - Traffic signal,02 - Intersection related,01 - Daylight,03 - P.D. only,04 - Sideswipe,South Keys - Heron Gate - Greenboro West
9574,VANIER PKWY SB btwn MONTREAL RD & MCARTHUR AVE,370187.8757,5032790.711,-75.66431066,45.43199229,2014-08-06,23:32,01 - Clear,01 - Dry,10 - No control,01 - Non intersection,07 - Dark,03 - P.D. only,03 - Rear end,Vanier South
9575,CAVAN ST btwn RAVEN AVE & CHATELAIN AVE,364531.7513,5026659.056,-75.73733474,45.37732695,2014-08-21,19:25,02 - Rain,02 - Wet,10 - No control,01 - Non intersection,05 - Dusk,03 - P.D. only,06 - SMV unattended vehicle,Carlington
9576,CARP RD @ HAZELDEAN RD,348805.0498,5014360.436,-75.93921742,45.26782475,2014-08-21,18:15,02 - Rain,02 - Wet,01 - Traffic signal,03 - At intersection,01 - Daylight,03 - P.D. only,03 - Rear end,Stittsville
9577,MAPLE GROVE RD btwn JOHNWOODS ST & MONTSERRAT ST,349794.5306,5016295.654,-75.9264331,45.28517589,2014-08-25,13:20,01 - Clear,01 - Dry,10 - No control,04 - At/near private drive,01 - Daylight,03 - P.D. only,06 - SMV unattended vehicle,Stittsville
9578,BANK ST btwn BANK ST & ALBION RD,371902.9303,5024125.79,-75.64357229,45.35386636,2014-08-25,13:15,01 - Clear,01 - Dry,10 - No control,04 - At/near private drive,01 - Daylight,03 - P.D. only,02 - Angle,Emerald Woods - Sawmill Creek
9579,PINECREST RD @ ST. STEPHEN'S ST,360226.2628,5024079.75,-75.79259292,45.35447228,2014-09-05,16:59,01 - Clear,02 - Wet,02 - Stop sign,03 - At intersection,01 - Daylight,03 - P.D. only,02 - Angle,Whitehaven - Queensway Terrace North
9580,HALLDON PL btwn Continuation of HALLDON PL & Continuation of HALLDON P,361618.1243,5025882.213,-75.77462273,45.37057932,2014-08-26,16:34,01 - Clear,01 - Dry,10 - No control,04 - At/near private drive,01 - Daylight,03 - P.D. only,06 - SMV unattended vehicle,Carlingwood West - Glabar Park - McKellar Heights
9581,ST. JOSEPH BLVD btwn MONTREAL RD & OR174 IC109 RAMP55,376504.1462,5035030.75,-75.58326917,45.45152767,2014-08-26,16:15,01 - Clear,01 - Dry,10 - No control,01 - Non intersection,01 - Daylight,03 - P.D. only,03 - Rear end,Greenbelt
9582,BYRON AVE @ CHURCHILL AVE,363277.0624,5028181.498,-75.75317308,45.3911315,2014-07-25,15:29,01 - Clear,08 - Loose sand or gravel,01 - Traffic signal,02 - Intersection related,01 - Daylight,03 - P.D. only,99 - Other,Westboro
9583,RICHMOND RD btwn POULIN AVE & 140 E OF POULIN AVE,360367.6241,5024966.005,-75.79068923,45.36243559,2014-08-14,18:15,02 - Rain,02 - Wet,10 - No control,04 - At/near private drive,01 - Daylight,03 - P.D. only,02 - Angle,Woodroffe - Lincoln Heights
9584,RICHMOND RD btwn ROBERTSON RD & STINSON AVE,357710.6501,5020828.656,-75.82504514,45.32541307,2014-09-03,12:38,01 - Clear,01 - Dry,10 - No control,01 - Non intersection,01 - Daylight,03 - P.D. only,07 - SMV other,Bells Corners East
9585,ARGYLE AVE btwn BANK ST & O'CONNOR ST,368129.2606,5030454.293,-75.69091843,45.41115944,2014-09-03,12:20,01 - Clear,01 - Dry,10 - No control,01 - Non intersection,01 - Daylight,03 - P.D. only,99 - Other,Centretown
9586,MERIVALE RD @ WOODFIELD DR/ROYDON PL,365460.8488,5022298.198,-75.7260081,45.33800883,2014-09-02,12:47,01 - Clear,01 - Dry,01 - Traffic signal,02 - Intersection related,01 - Daylight,03 - P.D. only,03 - Rear end,Tanglewood
9587,COLDREY AVE @ KIRKWOOD AVE,364439.1694,5027135.592,-75.73845918,45.38162262,2014-09-02,16:16,01 - Clear,01 - Dry,01 - Traffic signal,03 - At intersection,01 - Daylight,03 - P.D. only,02 - Angle,Carlington
9588,BREWER RD @ BRONSON AVE,368108.5732,5027763.592,-75.69152806,45.3869512,2014-08-12,17:30,02 - Rain,02 - Wet,01 - Traffic signal,02 - Intersection related,01 - Daylight,03 - P.D. only,04 - Sideswipe,Carleto
9589,BASELINE RD btwn LOBLAWS SC & MERIVALE RD,364841.9002,5025195.657,-75.73355294,45.36413302,2014-08-12,18:02,02 - Rain,02 - Wet,10 - No control,01 - Non intersection,01 - Daylight,03 - P.D. only,03 - Rear end,Civic Hospital - Experimental Farm - Central Park
9590,GREENBANK RD @ BERRIGAN DR/WESSEX RD,363724.1556,5015275.477,-75.7490001,45.27496663,2014-08-21,21:30,02 - Rain,02 - Wet,01 - Traffic signal,02 - Intersection related,07 - Dark,03 - P.D. only,03 - Rear end,New Barrhaven
9591,KANATA AVE @ TERRY FOX DR,349306.3414,5019210.637,-75.93239433,45.31143689,2014-08-21,21:48,01 - Clear,02 - Wet,01 - Traffic signal,02 - Intersection related,07 - Dark,03 - P.D. only,03 - Rear end,Kanata Lakes - Marchwood Lakeside - Morgan's Grant - Kanata
9592,MERIVALE RD btwn BASIL MACDONALD WAY & VIEWMOUNT DR,365179.532,5022977.533,-75.72951428,45.34414567,2014-08-25,13:15,01 - Clear,01 - Dry,10 - No control,04 - At/near private drive,01 - Daylight,03 - P.D. only,02 - Angle,Crestview - Meadowlands
9593,JEANNE D'ARC BLVD @ MONTCERF CRT,381117.2795,5036287.531,-75.52410399,45.46234664,2014-08-25,14:55,01 - Clear,01 - Dry,01 - Traffic signal,02 - Intersection related,01 - Daylight,03 - P.D. only,03 - Rear end,Orleans Village - Chateauneuf
9594,INDUSTRIAL AVE/INNES RD @ ST. LAURENT BLVD,373100.2013,5030005.567,-75.62748002,45.40665454,2014-09-05,20:17,01 - Clear,01 - Dry,01 - Traffic signal,03 - At intersection,07 - Dark,03 - P.D. only,05 - Turning movement,Industrial Park
9595,MERIVALE RD btwn 210 S OF MEADOWLANDS DR/MERIVALE PL SC & FAMILY BROWN,364991.215,5023416.947,-75.73186365,45.34811564,2014-09-06,7:02,02 - Rain,02 - Wet,10 - No control,04 - At/near private drive,01 - Daylight,03 - P.D. only,02 - Angle,Borden Farm - Stewart Farm - Parkwood Hills - Fisher Glen
9596,BAY ST @ WELLINGTON ST,366814.2241,5031351.567,-75.70760452,45.41935062,2014-08-26,19:24,01 - Clear,01 - Dry,01 - Traffic signal,02 - Intersection related,01 - Daylight,03 - P.D. only,03 - Rear end,Downtown
9597,REGIONAL ROAD 174 btwn OLD MONTREAL RD & OLD MONTREAL RD,392652.0259,5042751.14,-75.37547504,45.51914263,2014-08-26,20:12,01 - Clear,01 - Dry,10 - No control,01 - Non intersection,05 - Dusk,03 - P.D. only,03 - Rear end,Cumberland - Estates
9598,Cooks Mill Cres btwn Grand Tully Way and Whitecliffs Ave ,370169.7224,5016562.62,-75.66668886,45.28597845,2014-03-17,0:00,01 - Clear,01 - Dry,10 - No control,01 - Non intersection,00 - Unknown,03 - P.D. only,06 - SMV unattended vehicle,Gloucester
9599,REGIONAL ROAD 174 btwn MCTEER RD & CANAAN RD,395488.4193,5043310.89,-75.3390724,45.5238153,2014-08-19,17:39,01 - Clear,01 - Dry,10 - No control,01 - Non intersection,01 - Daylight,03 - P.D. only,03 - Rear end,Cumberland - Estates
9600,CARLING AVE/STATION RD @ MARCH RD,350907.1429,5022247.455,-75.911697,45.33865962,2014-09-03,18:09,01 - Clear,01 - Dry,01 - Traffic signal,02 - Intersection related,01 - Daylight,03 - P.D. only,99 - Other,South March
9601,CUMMINGS AVE @ MONTREAL RD,372007.2338,5034041.534,-75.64089018,45.44307411,2014-09-03,20:19,01 - Clear,01 - Dry,01 - Traffic signal,03 - At intersection,07 - Dark,03 - P.D. only,07 - SMV other,Cummings
9602,HUNT CLUB RD @ DOWNPATRICK RD/MCCARTHY RD,370509.1562,5023400.509,-75.66145532,45.34747249,2014-09-03,7:32,01 - Clear,01 - Dry,01 - Traffic signal,02 - Intersection related,01 - Daylight,03 - P.D. only,07 - SMV other,Hunt Club East - Western Community
9603,SOMERSET ST    E btwn HENDERSON AVE & NELSON ST,369089.0963,5031757.562,-75.678487,45.42279827,2014-10-27,0:00,01 - Clear,01 - Dry,10 - No control,01 - Non intersection,00 - Unknown,03 - P.D. only,06 - SMV unattended vehicle,Sandy Hill
9604,CHAMPLAIN ST @ PLACE D'ORLEANS DR,381596.7721,5038179.868,-75.51767771,45.47931975,2014-08-21,23:54,01 - Clear,01 - Dry,01 - Traffic signal,03 - At intersection,07 - Dark,03 - P.D. only,07 - SMV other,Industrial Park
9605,BRIDGESTONE DR btwn FOXHALL WAY & KINGBROOK DR,355231.2456,5016357.754,-75.85712651,45.28536563,2014-08-22,3:29,01 - Clear,01 - Dry,10 - No control,01 - Non intersection,07 - Dark,03 - P.D. only,07 - SMV other,Bridlewood - Emerald Meadows
9606,BANK ST btwn LEITRIM RD & ARENA PL,375362.4935,5021609.071,-75.59978255,45.33088242,2014-08-25,15:15,01 - Clear,01 - Dry,10 - No control,01 - Non intersection,01 - Daylight,03 - P.D. only,03 - Rear end,Greenbelt
9607,CYRVILLE RD @ MEADOWBROOK RD,374630.2068,5031241.608,-75.60776179,45.41762483,2014-09-09,11:58,01 - Clear,01 - Dry,01 - Traffic signal,02 - Intersection related,01 - Daylight,03 - P.D. only,03 - Rear end,Industrial Park
9608,FALLOWFIELD RD btwn WOODROFFE AVE & VIA PARK PL/275 W OF WOODROFFE AVE,364913.3202,5017808.466,-75.73353843,45.29765773,2014-08-26,16:45,01 - Clear,01 - Dry,10 - No control,01 - Non intersection,01 - Daylight,03 - P.D. only,03 - Rear end,New Barrhaven
9609,WOODROFFE AVE @ KNOXDALE RD/MEDHURST DR,363421.1117,5021826.487,-75.75208739,45.3339378,2014-08-26,20:48,01 - Clear,01 - Dry,01 - Traffic signal,03 - At intersection,05 - Dusk,03 - P.D. only,05 - Turning movement,Woodvale - Craig Henry - Manordale - Estates of Arlington Wo
9610,BASELINE RD @ CLYDE AVE,364359.1772,5024889.565,-75.73975134,45.36142003,2014-08-19,18:14,01 - Clear,01 - Dry,01 - Traffic signal,03 - At intersection,01 - Daylight,03 - P.D. only,05 - Turning movement,Braemar Park - Bel Air Heights - Copeland Park
9611,BLOHM DR btwn MARNIE PRIV & HUNT CLUB RD,375091.6693,5026258.818,-75.60257624,45.37274599,2014-08-22,3:00,01 - Clear,01 - Dry,10 - No control,01 - Non intersection,07 - Dark,03 - P.D. only,06 - SMV unattended vehicle,Hunt Club
9612,Via Verona Ave btwn Via Amalfi St and Via San Marino ,363826.3662,5016054.72,-75.74760485,45.2819697,2014-04-10,13:36,01 - Clear,07 - Mud,10 - No control,01 - Non intersection,01 - Daylight,03 - P.D. only,06 - SMV unattended vehicle,New Barrhaven
9613,BASELINE RD @ NAVAHO DR,363084.2689,5024094.663,-75.75611736,45.35437473,2014-09-05,7:00,01 - Clear,01 - Dry,01 - Traffic signal,02 - Intersection related,01 - Daylight,03 - P.D. only,04 - Sideswipe,Braemar Park - Bel Air Heights - Copeland Park
9614,FALLOWFIELD RD btwn ASHDALE AVE & PRINCE OF WALES DR,367294.7012,5019100.086,-75.70301522,45.30907178,2014-11-02,10:20,01 - Clear,01 - Dry,10 - No control,01 - Non intersection,01 - Daylight,03 - P.D. only,03 - Rear end,Greenbelt
9615,BANKFIELD RD @ PRINCE OF WALES DR,366380.1638,5008974.439,-75.71593228,45.21804236,2014-08-02,12:02,01 - Clear,01 - Dry,01 - Traffic signal,03 - At intersection,01 - Daylight,03 - P.D. only,02 - Angle,Manotick
9616,WEST HUNT CLUB RD EB btwn ANTARES DR/LASER ST & PRINCE OF WALES DR,367298.0468,5021910.461,-75.7026179,45.3343588,2014-08-14,19:15,01 - Clear,01 - Dry,10 - No control,01 - Non intersection,01 - Daylight,03 - P.D. only,03 - Rear end,Industrial Park
9617,MERIVALE RD/LOTTA AVE @ CLYDE AVE,364522.1722,5024506.578,-75.73771723,45.3579601,2014-08-22,8:38,01 - Clear,01 - Dry,01 - Traffic signal,03 - At intersection,01 - Daylight,03 - P.D. only,02 - Angle,Cityview - Skyline - Fisher Heights
9618,OSGOODE ST btwn KING EDWARD AVE & HENDERSON AVE,368861.0435,5031860.056,-75.68138752,45.4237414,2014-08-20,11:57,01 - Clear,01 - Dry,10 - No control,04 - At/near private drive,01 - Daylight,03 - P.D. only,02 - Angle,Sandy Hill
9619,JAMES ST @ LYON ST,367497.1842,5030501.617,-75.69898689,45.41164216,2014-08-25,15:48,01 - Clear,01 - Dry,01 - Traffic signal,03 - At intersection,01 - Daylight,03 - P.D. only,02 - Angle,Centretown
9620,DONDALE ST btwn FOXWELL ST & FOXWELL ST,374480.558,5031496.129,-75.60963766,45.41992979,2014-08-25,16:52,01 - Clear,01 - Dry,10 - No control,04 - At/near private drive,01 - Daylight,03 - P.D. only,02 - Angle,Pineview
9621,RIVERSIDE DR NB btwn INDUSTRIAL AVE & TREMBLAY RD,370691.8276,5030618.146,-75.65816119,45.41239715,2014-09-11,14:48,01 - Clear,01 - Dry,10 - No control,01 - Non intersection,01 - Daylight,03 - P.D. only,03 - Rear end,Industrial Park