Record,Location,X,Y,lon,lat,Date,Time,Environment,Road_Surface,Traffic_Control,Collision_Location,Light,Collision_Classification,Impact_type,Neighborhood
9622,CLARENCE ST btwn PARENT AVE & WILLIAM ST,367922.2909,5032428.016,-75.6933095,45.42893705,2014-08-27,2:17,01 - Clear,01 - Dry,10 - No control,01 - Non intersection,07 - Dark,03 - P.D. only,04 - Sideswipe,Byward Market
9623,MITCH OWENS RD @ STAGECOACH RD,375399.2808,5014483.51,-75.60032784,45.26676548,2014-08-14,17:00,01 - Clear,01 - Dry,01 - Traffic signal,02 - Intersection related,01 - Daylight,03 - P.D. only,03 - Rear end,Osgoode
9624,PRINCE OF WALES DR btwn RIDEAU SHORE CRT & COLONNADE RD,367243.7656,5023603.553,-75.70309667,45.34959776,2014-08-23,15:08,01 - Clear,01 - Dry,10 - No control,01 - Non intersection,01 - Daylight,03 - P.D. only,99 - Other,Industrial Park
9625,HAZELDEAN RD @ EDGEWATER ST,352324.5344,5017352.09,-75.89408248,45.29451547,2014-09-05,9:05,01 - Clear,01 - Dry,01 - Traffic signal,02 - Intersection related,01 - Daylight,03 - P.D. only,03 - Rear end,Glen Cairn - Kanata South Business Park
9626,BANK ST @ HUNT CLUB RD,371609.2104,5024095.558,-75.64732467,45.35362239,2014-09-04,19:00,01 - Clear,01 - Dry,01 - Traffic signal,02 - Intersection related,01 - Daylight,03 - P.D. only,03 - Rear end,South Keys - Heron Gate - Greenboro West
9627,FOURTH AVE @ PERCY ST,367925.1311,5029211.612,-75.69368518,45.39999662,2014-08-21,11:05,01 - Clear,01 - Dry,02 - Stop sign,03 - At intersection,01 - Daylight,03 - P.D. only,02 - Angle,The Glebe
9628,BRONSON AVE @ KIPPEWA DR,367555.295,5029075.557,-75.69842604,45.39880569,2014-08-21,12:40,01 - Clear,01 - Dry,02 - Stop sign,02 - Intersection related,01 - Daylight,03 - P.D. only,03 - Rear end,The Glebe
9629,HAMILTON AVE   N btwn ARMSTRONG ST & WELLINGTON ST W,365028.153,5029345.162,-75.73066934,45.40145349,2014-08-22,13:49,01 - Clear,01 - Dry,10 - No control,01 - Non intersection,01 - Daylight,03 - P.D. only,06 - SMV unattended vehicle,Islan
9630,BANK ST @ LEITRIM RD,375358.8206,5021619.497,-75.59982792,45.33097659,2014-08-22,13:00,01 - Clear,01 - Dry,01 - Traffic signal,03 - At intersection,01 - Daylight,03 - P.D. only,04 - Sideswipe,Greenbelt
9631,REGIONAL ROAD 174 EB btwn HWY417 IC113 RAMP65 & OR174 BLAIR IC112 RAMP51,374734.8998,5032772.102,-75.60620697,45.43138493,2014-08-25,17:18,01 - Clear,01 - Dry,10 - No control,01 - Non intersection,01 - Daylight,03 - P.D. only,03 - Rear end,Pineview
9632,CYRVILLE RD btwn STAR TOP RD & MEADOWBROOK RD,374596.0836,5031255.826,-75.60819572,45.41775616,2014-09-12,8:27,01 - Clear,01 - Dry,10 - No control,04 - At/near private drive,01 - Daylight,03 - P.D. only,02 - Angle,Industrial Park
9633,ST. LAURENT BLVD @ COVENTRY RD/OGILVIE RD,372308.0892,5031951.575,-75.63733135,45.42424068,2014-09-13,14:05,02 - Rain,02 - Wet,01 - Traffic signal,02 - Intersection related,01 - Daylight,03 - P.D. only,04 - Sideswipe,Overbrook
9634,REGIONAL ROAD 174 btwn OR174 IC112 RAMP26 & OR174 IC112 RAMP61,375141.3242,5033095.851,-75.60096711,45.43425707,2014-08-27,9:36,01 - Clear,01 - Dry,10 - No control,01 - Non intersection,01 - Daylight,03 - P.D. only,07 - SMV other,Greenbelt
9635,ALTA VISTA DR @ SMYTH RD,370433.666,5029082.033,-75.6616636,45.39860005,2014-08-27,9:50,01 - Clear,01 - Dry,01 - Traffic signal,02 - Intersection related,01 - Daylight,03 - P.D. only,03 - Rear end,Alta Vista
9636,RIVERSIDE DR SB btwn BILLINGS BRIDGESC RAMP NB & DATA CENTRE RD,368985.1267,5027765.746,-75.68033504,45.38689081,2014-08-31,5:51,01 - Clear,01 - Dry,10 - No control,01 - Non intersection,07 - Dark,03 - P.D. only,07 - SMV other,Alta Vista
9637,NICHOLAS ST NB btwn LAURIER AVE E & WALLER ST,368430.0825,5031752.154,-75.68690799,45.42280987,2014-07-20,19:53,01 - Clear,01 - Dry,10 - No control,01 - Non intersection,01 - Daylight,03 - P.D. only,01 - Approaching,Sandy Hill
9638,BRONSON AVE btwn RENFREW AVE & POWELL AVE,367361.9249,5029539.241,-75.7008369,45.40299509,2014-08-21,12:59,01 - Clear,01 - Dry,10 - No control,04 - At/near private drive,01 - Daylight,03 - P.D. only,02 - Angle,The Glebe
9639,CENTREPOINTE DR btwn PASEO PRIV & 90 N OF EPSILON WAY,362514.8835,5022860.809,-75.76352782,45.3433197,2014-08-21,14:35,02 - Rain,02 - Wet,10 - No control,04 - At/near private drive,01 - Daylight,03 - P.D. only,02 - Angle,Centrepointe
9640,GREENBANK RD @ BERRIGAN DR/WESSEX RD,363724.1556,5015274.529,-75.74900021,45.2749581,2014-08-17,14:34,01 - Clear,01 - Dry,01 - Traffic signal,02 - Intersection related,01 - Daylight,03 - P.D. only,03 - Rear end,Barrhaven West - Old Barrhaven
9641,BOWESVILLE RD/EMERALD LINKS DR W @ MITCH OWENS,374185.728,5013709.659,-75.61589881,45.25992333,2014-08-22,14:35,01 - Clear,01 - Dry,02 - Stop sign,02 - Intersection related,01 - Daylight,03 - P.D. only,05 - Turning movement,Greely
9642,HANSEN AVE btwn BURGER GT & VERMEER WAY (2),350519.1683,5021334.409,-75.91673144,45.33046922,2014-08-22,8:00,01 - Clear,01 - Dry,10 - No control,01 - Non intersection,01 - Daylight,03 - P.D. only,06 - SMV unattended vehicle,Kanata Lakes - Marchwood Lakeside - Morgan's Grant - Kanata
9643,ALBERT ST btwn METCALFE ST & ELGIN ST,367728.1934,5031638.226,-75.69589069,45.42184827,2014-09-17,17:11,01 - Clear,01 - Dry,10 - No control,01 - Non intersection,01 - Daylight,03 - P.D. only,04 - Sideswipe,Downtown
9644,BRIERWOOD AVE btwn DOVERCOURT AVE & PARR AVE,363212.6242,5027006.876,-75.75413498,45.3805678,2014-08-21,14:35,01 - Clear,01 - Dry,10 - No control,01 - Non intersection,01 - Daylight,03 - P.D. only,06 - SMV unattended vehicle,Carlingwood - McKellar Park - Laurentien View
9645,INDUSTRIAL AVE @ RIVERSIDE DR,370683.2968,5030591.606,-75.65827371,45.41215915,2014-09-02,8:37,01 - Clear,01 - Dry,01 - Traffic signal,02 - Intersection related,01 - Daylight,03 - P.D. only,03 - Rear end,Industrial Park
9646,WEST HUNT CLUB RD @ CLEOPATRA DR/LANCELOT DR,365236.1739,5021729.65,-75.72894397,45.3329125,2014-09-02,12:01,01 - Clear,01 - Dry,01 - Traffic signal,02 - Intersection related,01 - Daylight,03 - P.D. only,03 - Rear end,Tanglewood
9647,RIDEAU ST @ NICHOLAS ST,368141.1882,5032185.525,-75.69054351,45.42673541,2014-07-29,14:28,01 - Clear,01 - Dry,02 - Stop sign,03 - At intersection,01 - Daylight,03 - P.D. only,99 - Other,Byward Market - Parliament Hill
9648,MERIVALE RD btwn COLDREY AVE & THAMES ST,364911.4585,5027503.549,-75.73238419,45.38489307,2014-08-08,9:53,01 - Clear,01 - Dry,10 - No control,04 - At/near private drive,01 - Daylight,03 - P.D. only,07 - SMV other,Carlington
9649,OR174 IC102 RAMP51 btwn REGIONAL ROAD 174 & PLACE D'ORLEANS DR,381107.7556,5037948.127,-75.5239679,45.47728835,2014-08-20,23:30,01 - Clear,01 - Dry,10 - No control,01 - Non intersection,07 - Dark,03 - P.D. only,07 - SMV other,Industrial Park
9650,VANIER PKWY NB btwn BEECHWOOD AVE/ ST. PATRICK ST/CRICHTON ST & DESCHA,369651.8778,5033360.479,-75.6710852,45.43716874,2014-08-21,14:55,01 - Clear,01 - Dry,10 - No control,01 - Non intersection,01 - Daylight,03 - P.D. only,03 - Rear end,Vanier North
9651,BANK ST @ RIVERDALE AVE,369078.9569,5028117.934,-75.67909105,45.39005108,2014-08-19,9:06,01 - Clear,01 - Dry,01 - Traffic signal,02 - Intersection related,01 - Daylight,03 - P.D. only,03 - Rear end,Old Ottawa South
9652,ANDERSON RD @ MITCH OWENS RD,382811.8014,5019044.944,-75.50516383,45.30702351,2014-08-19,13:14,01 - Clear,01 - Dry,02 - Stop sign,03 - At intersection,01 - Daylight,03 - P.D. only,05 - Turning movement,Metcalfe
9653,BANK ST @ MITCH OWENS RD,377760.1875,5015946.512,-75.57003089,45.27968806,2014-08-22,16:22,01 - Clear,01 - Dry,01 - Traffic signal,02 - Intersection related,01 - Daylight,03 - P.D. only,03 - Rear end,Osgoode
9654,WEST HUNT CLUB RD EB btwn ANTARES DR/LASER ST & PRINCE OF WALES DR,367130.2743,5022018.518,-75.70474461,45.335346,2014-08-25,17:56,01 - Clear,01 - Dry,10 - No control,01 - Non intersection,01 - Daylight,03 - P.D. only,04 - Sideswipe,Industrial Park
9655,Bretby Cres btwn Bamburgh Way  and Bamburgh Way ,361349.8158,5014918.631,-75.77929972,45.27195067,2014-05-07,12:33,01 - Clear,01 - Dry,10 - No control,01 - Non intersection,01 - Daylight,03 - P.D. only,99 - Other,Munster Hamlet - Richmond
9656,CATHERINE ST/HWY 417 O'CONN IC119BR76 @ O'CONN,368244.2899,5030393.449,-75.68945682,45.41060157,2014-09-18,8:44,01 - Clear,01 - Dry,01 - Traffic signal,02 - Intersection related,01 - Daylight,03 - P.D. only,04 - Sideswipe,Centretown
9657,CATHERINE ST @ ELGIN ST,368552.2357,5030575.676,-75.68549944,45.4122132,2014-08-31,23:28,01 - Clear,01 - Dry,01 - Traffic signal,03 - At intersection,07 - Dark,03 - P.D. only,05 - Turning movement,Centretown
9658,GROSVENOR AVE btwn AYLMER AVE & END,368424.7064,5028598.715,-75.68738366,45.39443674,2014-09-01,10:50,01 - Clear,01 - Dry,10 - No control,01 - Non intersection,01 - Daylight,03 - P.D. only,07 - SMV other,Old Ottawa South
9659,GRANT CARMAN DR @ MEADOWLANDS DR,365052.2011,5023901.761,-75.73102636,45.3524727,2014-09-02,12:20,01 - Clear,01 - Dry,01 - Traffic signal,03 - At intersection,01 - Daylight,03 - P.D. only,05 - Turning movement,Cityview - Skyline - Fisher Heights
9660,"MONTREAL RD btwn EGLISE, RUE DE L & ST. LAURENT BLVD",371248.2315,5033679.085,-75.65064036,45.43988552,2014-09-02,12:54,01 - Clear,01 - Dry,10 - No control,01 - Non intersection,01 - Daylight,03 - P.D. only,04 - Sideswipe,Vanier South
9661,INDUSTRIAL AVE @ RUSSELL RD,372468.0983,5030278.605,-75.6355166,45.40917261,2014-08-21,15:05,01 - Clear,01 - Dry,01 - Traffic signal,03 - At intersection,01 - Daylight,03 - P.D. only,05 - Turning movement,Industrial Park
9662,EAGLESON RD @ HWY 417 EAGLESO IC138R51/PARK AN,353038.6029,5020013.788,-75.88471988,45.31841736,2014-08-21,14:00,01 - Clear,01 - Dry,01 - Traffic signal,03 - At intersection,01 - Daylight,03 - P.D. only,02 - Angle,Greenbelt
9663,RIVERSIDE DR NB btwn INDUSTRIAL AVE & TREMBLAY RD,370690.8023,5030611.565,-75.65817516,45.41233803,2014-08-19,16:34,01 - Clear,01 - Dry,10 - No control,01 - Non intersection,01 - Daylight,03 - P.D. only,03 - Rear end,Industrial Park
9664,BASELINE RD/HERON RD @ PRINCE OF WALES DR,366873.5467,5026439.294,-75.70746474,45.37514603,2014-08-22,16:48,01 - Clear,01 - Dry,01 - Traffic signal,02 - Intersection related,01 - Daylight,03 - P.D. only,03 - Rear end,Civic Hospital - Experimental Farm - Central Park
9665,REGIONAL ROAD 174 btwn OR174 IC109 RAMP54 & OR174 IC109 RAMP55,376428.3168,5034892.362,-75.58425867,45.45029031,2014-08-25,17:45,01 - Clear,01 - Dry,10 - No control,01 - Non intersection,01 - Daylight,03 - P.D. only,03 - Rear end,Greenbelt
9666,ST. JOSEPH BLVD @ JEANNE D'ARC BLVD,379860.7425,5036470.135,-75.5401416,45.46412571,2014-08-25,18:50,01 - Clear,01 - Dry,11 - Roundabout,03 - At intersection,01 - Daylight,03 - P.D. only,04 - Sideswipe,Chapel Hill
9667,CATHERINE ST @ KENT ST,367908.2145,5030189.325,-75.69377611,45.40879531,2014-09-18,17:28,01 - Clear,01 - Dry,01 - Traffic signal,03 - At intersection,01 - Daylight,03 - P.D. only,02 - Angle,Centretown
9668,STITTSVILLE MAIN ST/HUNTLEY RD @ FLEWELLYN RD,351417.7996,5010739.165,-75.90626296,45.23507098,2014-09-01,12:25,01 - Clear,01 - Dry,02 - Stop sign,03 - At intersection,01 - Daylight,03 - P.D. only,02 - Angle,Stittsville - Basswood
9669,MEADOWLANDS DR @ MERIVALE RD,364860.1217,5023724.563,-75.7334991,45.35089477,2014-09-01,12:28,01 - Clear,01 - Dry,01 - Traffic signal,03 - At intersection,01 - Daylight,03 - P.D. only,05 - Turning movement,Cityview - Skyline - Fisher Heights
9670,FALLOWFIELD RD @ GREENBANK RD,363082.0975,5016733.403,-75.75701135,45.2881386,2014-09-02,16:05,02 - Rain,02 - Wet,01 - Traffic signal,02 - Intersection related,01 - Daylight,03 - P.D. only,03 - Rear end,Greenbelt
9671,GREENBANK RD btwn BERRIGAN DR/WESSEX RD & 220 N OF STRANDHERD DR,363731.7386,5015261.259,-75.74890515,45.27483806,2014-08-16,18:10,02 - Rain,02 - Wet,10 - No control,01 - Non intersection,01 - Daylight,03 - P.D. only,03 - Rear end,New Barrhaven
9672,WOODROFFE AVE btwn HWY417 IC127 RAMP36 & HWY417 IC127 RAMP62,362046.194,5025030.513,-75.76925684,45.36288096,2014-08-17,14:25,01 - Clear,01 - Dry,10 - No control,01 - Non intersection,01 - Daylight,03 - P.D. only,03 - Rear end,Whitehaven - Queensway Terrace North
9673,STRANDHERD @ KENNEVALE DR,361493.2818,5014100.497,-75.77756485,45.26457748,2014-08-21,17:41,01 - Clear,02 - Wet,01 - Traffic signal,02 - Intersection related,01 - Daylight,03 - P.D. only,03 - Rear end,Munster Hamlet - Richmond
9674,CARLING AVE @ KIRKWOOD AVE S,364351.2266,5027338.497,-75.73955755,45.38345581,2014-09-25,8:50,01 - Clear,01 - Dry,01 - Traffic signal,03 - At intersection,01 - Daylight,03 - P.D. only,05 - Turning movement,Carlington
9675,WALKLEY RD btwn THORNDALE DR & AVONCOURT WAY,369486.1034,5025442.9,-75.67424234,45.36594446,2014-09-26,15:00,01 - Clear,01 - Dry,10 - No control,01 - Non intersection,01 - Daylight,03 - P.D. only,06 - SMV unattended vehicle,Riverside Park
9676,GUIGUES AVE btwn SUSSEX DR & PARENT AVE,367749.0347,5032612.003,-75.69549995,45.43060811,2014-11-02,0:00,01 - Clear,01 - Dry,10 - No control,01 - Non intersection,00 - Unknown,03 - P.D. only,06 - SMV unattended vehicle,Lower Town
9677,MOUNTSHANNON DR btwn DAVENTRY CRES N & DEWBERRY CRES,364429.3029,5016873.119,-75.73982169,45.28928275,2014-11-22,0:00,02 - Rain,02 - Wet,10 - No control,01 - Non intersection,00 - Unknown,03 - P.D. only,06 - SMV unattended vehicle,New Barrhaven
9678,MCGEE SIDE RD @ WILLIAM MOONEY RD,343180.5079,5018533.951,-76.01056864,45.30570932,2014-06-20,10:40,01 - Clear,01 - Dry,02 - Stop sign,03 - At intersection,01 - Daylight,03 - P.D. only,02 - Angle,Stittsville - Basswood
9679,HIGHWAY 417 btwn HWY417 IC119A RAMP75 & HWY417 IC118 RAMP57,369050.1382,5030764.304,-75.67911428,45.41386488,2014-07-11,16:10,01 - Clear,01 - Dry,10 - No control,01 - Non intersection,01 - Daylight,03 - P.D. only,03 - Rear end,Old Ottawa East
9680,HIGHWAY 417 btwn HWY417 IC117 RAMP61 & HWY417 IC115 RAMP36,371554.5268,5031423.555,-75.6470314,45.41956211,2014-07-08,10:00,01 - Clear,01 - Dry,10 - No control,01 - Non intersection,01 - Daylight,03 - P.D. only,03 - Rear end,Overbrook
9681,HIGHWAY 417 btwn HWY417 IC118 RAMP76 & HWY417 IC118 RAMP67,369250.1382,5030918.806,-75.67653906,45.41523664,2014-07-08,15:50,01 - Clear,01 - Dry,10 - No control,01 - Non intersection,01 - Daylight,03 - P.D. only,07 - SMV other,Old Ottawa East
9682,HIGHWAY 417 btwn HWY417 IC163 RAMP61 & HWY417 IC155 RAMP36,336112.298,5020241.153,-76.10059268,45.32142226,2014-07-03,21:15,01 - Clear,01 - Dry,10 - No control,01 - Non intersection,07 - Dark,03 - P.D. only,07 - SMV other,Carp - Hardwood Plains
9683,HIGHWAY 417 btwn HWY417 IC127 RAMP67 & HWY417 IC126 RAMP16,362436.8188,5025099.229,-75.76426294,45.36346725,2014-03-25,17:06,01 - Clear,01 - Dry,10 - No control,01 - Non intersection,01 - Daylight,03 - P.D. only,03 - Rear end,Carlingwood West - Glabar Park - McKellar Heights
9684,RIVERSIDE DR @ TREMBLAY RD/HWY417 IC117 RAMP52,370802.1949,5031015.492,-75.65669807,45.4159619,2014-03-24,17:55,01 - Clear,01 - Dry,01 - Traffic signal,02 - Intersection related,05 - Dusk,03 - P.D. only,03 - Rear end,Industrial Park
9685,HIGHWAY 417 btwn HWY417 IC117 RAMP26 & HWY417 IC117 RAMP61,370798.4035,5031206.961,-75.65672086,45.41768502,2014-03-26,11:35,01 - Clear,01 - Dry,10 - No control,01 - Non intersection,01 - Daylight,03 - P.D. only,03 - Rear end,Industrial Park
9686,HIGHWAY 417 btwn HWY417 IC118 RAMP35 & HWY417 IC117 RAMP51,369818.8586,5031138.711,-75.66924444,45.41716265,2014-07-16,15:45,01 - Clear,01 - Dry,10 - No control,01 - Non intersection,01 - Daylight,03 - P.D. only,03 - Rear end,Old Ottawa East
9687,HWY417 IC117 RAMP36 btwn HIGHWAY 417 & VANIER PKWY,370459.6989,5031158.62,-75.66105455,45.41728193,2014-06-15,12:30,01 - Clear,01 - Dry,10 - No control,01 - Non intersection,01 - Daylight,03 - P.D. only,03 - Rear end,Overbrook
9688,HERON RD @ ALTA VISTA DR,370493.2294,5026902.791,-75.66119297,45.37898641,2014-11-08,16:23,02 - Rain,02 - Wet,01 - Traffic signal,02 - Intersection related,05 - Dusk,03 - P.D. only,03 - Rear end,Alta Vista
9689,INDUSTRIAL AVE btwn RUSSELL RD & ST. LAURENT BLVD,372936.2281,5029943.559,-75.62958307,45.4061126,2014-08-14,17:13,02 - Rain,02 - Wet,10 - No control,04 - At/near private drive,01 - Daylight,03 - P.D. only,02 - Angle,Industrial Park
9690,COOPER ST @ BANK ST,367649.1842,5030989.624,-75.69698292,45.41601946,2014-09-27,11:57,01 - Clear,01 - Dry,02 - Stop sign,03 - At intersection,01 - Daylight,03 - P.D. only,02 - Angle,Centretown
9691,STRANDHERD DR btwn 215 W OF GREENBANK RD/BARRHAVEN MALL SC & GREENBANK,363867.8071,5014746.503,-75.74723232,45.27019486,2014-10-14,14:06,01 - Clear,01 - Dry,10 - No control,01 - Non intersection,01 - Daylight,03 - P.D. only,04 - Sideswipe,New Barrhaven
9692,TALLTREE CRES btwn ABBOTT ST E & ABBOTT ST E,351792.984,5014756.674,-75.90110492,45.27119692,2014-10-13,0:00,01 - Clear,01 - Dry,10 - No control,01 - Non intersection,00 - Unknown,03 - P.D. only,06 - SMV unattended vehicle,Stittsville
9693,HWY417 IC119A RAMP75 btwn METCALFE ST & HIGHWAY 417,368604.2042,5030516.928,-75.68484316,45.41167987,2014-07-16,17:02,01 - Clear,01 - Dry,10 - No control,01 - Non intersection,01 - Daylight,03 - P.D. only,03 - Rear end,The Glebe
9694,HIGHWAY 416 btwn HWY416 IC75A RAMP43 & HWY416 IC72 RAMP34,359051.1248,5021202.275,-75.80790567,45.32867258,2014-08-11,17:23,01 - Clear,01 - Dry,10 - No control,01 - Non intersection,01 - Daylight,03 - P.D. only,03 - Rear end,Greenbelt
9695,HWY417 IC117 RAMP36 btwn HIGHWAY 417 & VANIER PKWY,370423.9959,5031151.037,-75.6615117,45.41721706,2014-08-06,10:35,01 - Clear,01 - Dry,10 - No control,01 - Non intersection,01 - Daylight,03 - P.D. only,03 - Rear end,Overbrook
9696,HIGHWAY 417 btwn HWY417 IC117 RAMP51 & HWY417 IC117 RAMP35,370910.2401,5031234.618,-75.65528834,45.41792331,2014-09-18,12:45,01 - Clear,01 - Dry,10 - No control,01 - Non intersection,01 - Daylight,03 - P.D. only,04 - Sideswipe,Industrial Park
9697,HIGHWAY 417 btwn HWY417 IC142 RAMP35 & HWY417 IC142 RAMP25,348972.8769,5017242.004,-75.93682233,45.29374358,2014-09-26,14:30,01 - Clear,01 - Dry,10 - No control,01 - Non intersection,01 - Daylight,03 - P.D. only,03 - Rear end,Stittsville - Basswood
9698,HIGHWAY 417 btwn HWY417 IC118 RAMP57 & HWY417 IC118 RAMP35,369336.3942,5030955.773,-75.67543227,45.4155613,2014-10-30,8:30,01 - Clear,01 - Dry,10 - No control,01 - Non intersection,01 - Daylight,03 - P.D. only,04 - Sideswipe,Old Ottawa East
9699,HIGHWAY 417 btwn HWY417 IC129 RAMP76 & HWY417 IC129 RAMP26,360428.6647,5023533.388,-75.79007132,45.3495401,2014-10-26,19:19,01 - Clear,01 - Dry,10 - No control,01 - Non intersection,07 - Dark,03 - P.D. only,07 - SMV other,Whitehaven - Queensway Terrace North
9700,HIGHWAY 417 btwn HIGHWAY 417 & Continuation of HIGHWAY 417,352975.1029,5020218.842,-75.88550982,45.32026684,2014-10-24,7:00,01 - Clear,01 - Dry,10 - No control,01 - Non intersection,03 - Dawn,03 - P.D. only,03 - Rear end,Greenbelt
9701,HWY417 IC118 RAMP76 btwn HIGHWAY 417 & HWY417 IC118 RAMP43,369387.4309,5031078.522,-75.67476416,45.41666104,2014-10-24,8:50,01 - Clear,01 - Dry,10 - No control,01 - Non intersection,01 - Daylight,03 - P.D. only,04 - Sideswipe,Old Ottawa East
9702,WEST HUNT CLUB RD @ CLEOPATRA DR/LANCELOT DR,365234.7361,5021732.976,-75.72896191,45.33294255,2014-10-15,8:06,02 - Rain,02 - Wet,01 - Traffic signal,03 - At intersection,01 - Daylight,03 - P.D. only,05 - Turning movement,Tanglewood
9703,CHARLEMAGNE BLVD @ GARDENWAY DR/BOTTRIELL WAY ,384049.7586,5037032.156,-75.48649108,45.46871959,2014-10-16,0:00,01 - Clear,01 - Dry,01 - Traffic signal,02 - Intersection related,00 - Unknown,03 - P.D. only,07 - SMV other,Fallingbrook
9704,JAMES ST @ KENT ST,367659.2396,5030599.522,-75.69690421,45.41250854,2014-09-25,9:00,01 - Clear,01 - Dry,02 - Stop sign,02 - Intersection related,01 - Daylight,03 - P.D. only,04 - Sideswipe,Centretown
9705,BERTONA ST btwn CRAIG HENRY DR & CHARING RD,362615.693,5021735.914,-75.76237298,45.33318965,2014-11-23,21:00,01 - Clear,01 - Dry,10 - No control,01 - Non intersection,07 - Dark,03 - P.D. only,06 - SMV unattended vehicle,Woodvale - Craig Henry - Manordale - Estates of Arlington Wo
9706,SOMERSET ST    W btwn ELGIN ST & CARTIER ST,368206.5382,5031223.797,-75.68983225,45.41807619,2014-04-28,0:00,01 - Clear,01 - Dry,10 - No control,01 - Non intersection,00 - Unknown,03 - P.D. only,06 - SMV unattended vehicle,Golden Triangle
9707,HIGHWAY 417 btwn HWY417 IC138 RAMP26 & HWY417 IC138 RAMP61,353000.6954,5020289.932,-75.88517648,45.32090476,2014-07-11,18:01,01 - Clear,01 - Dry,10 - No control,01 - Non intersection,01 - Daylight,03 - P.D. only,03 - Rear end,Greenbelt
9708,HIGHWAY 417 btwn HWY417 IC138 RAMP26 & HWY417 IC138 RAMP61,353023.4442,5020302.254,-75.88488513,45.32101407,2014-07-11,15:55,01 - Clear,01 - Dry,10 - No control,01 - Non intersection,01 - Daylight,03 - P.D. only,03 - Rear end,Greenbelt
9709,HIGHWAY 417 btwn HWY417 IC122 RAMP16 & HWY417 IC122 RAMP61,365427.2476,5028960.483,-75.72561922,45.39795779,2014-07-11,16:00,01 - Clear,01 - Dry,10 - No control,01 - Non intersection,01 - Daylight,03 - P.D. only,03 - Rear end,Civi
9710,HIGHWAY 417 btwn HWY417 IC117 RAMP51 & HWY417 IC117 RAMP35,370602.1949,5031159.567,-75.65923393,45.41727707,2014-07-12,9:55,01 - Clear,01 - Dry,10 - No control,01 - Non intersection,01 - Daylight,03 - P.D. only,03 - Rear end,Industrial Park
9711,HIGHWAY 417 btwn HIGHWAY 417 & HWY417 IC110 RAMP66,375562.0183,5029770.872,-75.59606841,45.40429833,2014-03-18,15:30,01 - Clear,06 - Ice,10 - No control,01 - Non intersection,01 - Daylight,03 - P.D. only,07 - SMV other,Greenbelt
9712,HIGHWAY 416 btwn HWY416 IC66 RAMP34 & HWY416 IC72 RAMP53,360280.3979,5018112.496,-75.79257074,45.30077453,2014-03-26,15:20,01 - Clear,01 - Dry,10 - No control,01 - Non intersection,01 - Daylight,03 - P.D. only,07 - SMV other,Greenbelt
9713,HIGHWAY 417 btwn HWY417 IC121B RAMP51 & HWY417 IC121A RAMP51,366747.9382,5029567.787,-75.7086756,45.40330654,2014-03-26,16:30,01 - Clear,01 - Dry,10 - No control,01 - Non intersection,01 - Daylight,03 - P.D. only,03 - Rear end,Little Italy
9714,HIGHWAY 417 btwn HWY417 IC104 RAMP15 & HWY417 IC96 RAMP51,386707.9112,5023943.204,-75.45467686,45.35065064,2014-03-21,9:15,01 - Clear,01 - Dry,10 - No control,01 - Non intersection,01 - Daylight,03 - P.D. only,07 - SMV other,Greenbelt
9715,HIGHWAY 417 btwn HIGHWAY 417 & HWY417 IC140 RAMP36,350355.2366,5018261.194,-75.91910533,45.30282628,2014-03-22,11:55,03 - Snow,03 - Loose snow,10 - No control,01 - Non intersection,01 - Daylight,03 - P.D. only,07 - SMV other,Kanata Lakes - Marchwood Lakeside - Morgan's Grant - Kanata
9716,OSGOODE ST btwn NELSON ST & SWEETLAND AVE,369054.4927,5031977.903,-75.67890039,45.424784,2014-07-18,16:28,01 - Clear,01 - Dry,10 - No control,01 - Non intersection,01 - Daylight,03 - P.D. only,06 - SMV unattended vehicle,Sandy Hill
9717,LEITRIM RD btwn 810 W OF HAWTHORNE & BANK ST,375403.8886,5021645.099,-75.59924937,45.33120242,2014-08-14,6:43,01 - Clear,01 - Dry,10 - No control,04 - At/near private drive,01 - Daylight,03 - P.D. only,02 - Angle,Greenbelt
9718,BANK ST @ WALKLEY RD,370337.852,5025949.002,-75.66330327,45.37041909,2014-08-18,11:15,01 - Clear,01 - Dry,01 - Traffic signal,02 - Intersection related,01 - Daylight,03 - P.D. only,03 - Rear end,Ledbury - Heron Gate - Ridgemont - Elmwood
9719,PINECREST RD btwn TRANSIT & HWY417 IC129 RAMP26,360409.089,5023624.214,-75.79031092,45.3503589,2014-08-21,14:40,01 - Clear,01 - Dry,10 - No control,07 - Overpass or bridge,01 - Daylight,03 - P.D. only,04 - Sideswipe,Whitehaven - Queensway Terrace North
9720,BYRON AVE @ CHURCHILL AVE,363273.9318,5028180.345,-75.7532132,45.39112138,2014-10-02,10:57,01 - Clear,01 - Dry,01 - Traffic signal,02 - Intersection related,01 - Daylight,03 - P.D. only,03 - Rear end,Westboro
9721,HWY417 IC127 RAMP53 btwn HWY417 IC127 RAMP51 & WOODROFFE AVE,362156.0946,5024663.64,-75.76789666,45.35957088,2014-07-18,7:12,01 - Clear,01 - Dry,10 - No control,01 - Non intersection,01 - Daylight,03 - P.D. only,04 - Sideswipe,Iris
9722,HIGHWAY 417 btwn HWY417 IC115 RAMP25 & REGIONAL ROAD 174,373282.5056,5031703.528,-75.62491546,45.42191416,2014-07-10,5:45,01 - Clear,01 - Dry,10 - No control,01 - Non intersection,03 - Dawn,03 - P.D. only,07 - SMV other,Industrial Park
9723,HIGHWAY 417 btwn HWY417 IC117 RAMP51 & HWY417 IC117 RAMP35,370696.9817,5031171.89,-75.6580213,45.41737903,2014-07-09,7:54,01 - Clear,01 - Dry,10 - No control,01 - Non intersection,01 - Daylight,03 - P.D. only,04 - Sideswipe,Industrial Park