Record,Location,X,Y,lon,lat,Date,Time,Environment,Road_Surface,Traffic_Control,Collision_Location,Light,Collision_Classification,Impact_type,Neighborhood
9724,HIGHWAY 417 btwn HWY417 IC117 RAMP36 & HWY417 IC117 RAMP26,370682.7637,5031180.42,-75.65820181,45.41745711,2014-07-10,16:47,01 - Clear,01 - Dry,10 - No control,01 - Non intersection,01 - Daylight,03 - P.D. only,04 - Sideswipe,Industrial Park
9725,HIGHWAY 417 btwn HWY417 IC142 RAMP16 & HWY417 IC142 RAMP61,348961.5025,5017291.293,-75.93696295,45.29418781,2014-09-28,8:20,01 - Clear,01 - Dry,10 - No control,01 - Non intersection,01 - Daylight,03 - P.D. only,03 - Rear end,Stittsville - Basswood
9726,HIGHWAY 417 btwn HWY417 IC117 RAMP36 & HWY417 IC117 RAMP26,370743.4155,5031195.756,-75.65742488,45.41758939,2014-10-07,4:30,01 - Clear,01 - Dry,10 - No control,01 - Non intersection,07 - Dark,03 - P.D. only,04 - Sideswipe,Industrial Park
9727,HIGHWAY 417 btwn HWY417 IC117 RAMP26 & HWY417 IC117 RAMP61,370862.8468,5031233.67,-75.65589396,45.41791926,2014-10-07,6:55,02 - Rain,02 - Wet,10 - No control,01 - Non intersection,07 - Dark,03 - P.D. only,03 - Rear end,Industrial Park
9728,HIGHWAY 417 btwn HWY417 IC117 RAMP61 & HWY417 IC115 RAMP36,371375.0111,5031403.655,-75.64932763,45.41940016,2014-10-08,6:17,02 - Rain,02 - Wet,10 - No control,01 - Non intersection,07 - Dark,03 - P.D. only,03 - Rear end,Industrial Park
9729,HIGHWAY 417 btwn HWY417 IC118 RAMP57 & HWY417 IC118 RAMP35,369489.8006,5031056.662,-75.67345919,45.4164549,2014-10-17,15:25,02 - Rain,02 - Wet,10 - No control,01 - Non intersection,01 - Daylight,03 - P.D. only,03 - Rear end,Old Ottawa East
9730,HIGHWAY 417 btwn HWY417 IC138 RAMP26 & HWY417 IC138 RAMP61,353111.5958,5020353.439,-75.88375578,45.32146859,2014-10-28,16:05,01 - Clear,01 - Dry,10 - No control,01 - Non intersection,01 - Daylight,03 - P.D. only,03 - Rear end,Greenbelt
9731,HIGHWAY 417 btwn HWY417 IC117 RAMP35 & HWY417 IC117 RAMP25,371094.1264,5031326.561,-75.65292665,45.41873317,2014-10-31,12:50,01 - Clear,01 - Dry,10 - No control,01 - Non intersection,01 - Daylight,03 - P.D. only,03 - Rear end,Industrial Park
9732,HWY417 IC129 RAMP25 btwn GREENBANK RD & HIGHWAY 417,360524.3993,5023517.274,-75.78885148,45.34938751,2014-11-02,9:27,01 - Clear,01 - Dry,10 - No control,01 - Non intersection,01 - Daylight,03 - P.D. only,07 - SMV other,Iris
9733,MONTREAL RD btwn Continuation of MONTREAL RD & MARIER AVE,370411.5155,5033254.724,-75.6613909,45.43614633,2014-10-18,1:49,01 - Clear,01 - Dry,10 - No control,01 - Non intersection,07 - Dark,03 - P.D. only,01 - Approaching,Vanier South
9734,PLEASANT PARK RD btwn DICKENS AVE & ARCH ST,372752.2666,5028624.501,-75.63211458,45.39426218,2014-11-14,6:58,01 - Clear,01 - Dry,10 - No control,01 - Non intersection,03 - Dawn,03 - P.D. only,06 - SMV unattended vehicle,Elmvale - Eastway - Riverview - Riverview Park West
9735,HIGHWAY 417 btwn Continuation of HIGHWAY 417 & HWY417 IC134 RAMP51,354959.8575,5021374.856,-75.86007804,45.33052982,2014-06-18,17:30,01 - Clear,01 - Dry,10 - No control,01 - Non intersection,01 - Daylight,03 - P.D. only,04 - Sideswipe,Greenbelt
9736,HIGHWAY 416 btwn HWY416 IC66 RAMP24 & HWY416 IC57 RAMP62,363804.5807,5009893.17,-75.74861404,45.2265296,2014-06-28,4:30,01 - Clear,01 - Dry,10 - No control,01 - Non intersection,07 - Dark,03 - P.D. only,07 - SMV other,New Barrhaven
9737,HWY417 IC117 RAMP25 btwn RIVERSIDE DR & HIGHWAY 417,371075.1807,5031297.008,-75.65317268,45.41846906,2014-06-29,6:00,01 - Clear,01 - Dry,10 - No control,01 - Non intersection,01 - Daylight,03 - P.D. only,07 - SMV other,Industrial Park
9738,HIGHWAY 417 btwn HWY417 IC119B RAMP57 & HWY417 IC119A RAMP75,368423.9909,5030423.564,-75.68715736,45.41085622,2014-06-27,13:10,01 - Clear,01 - Dry,10 - No control,01 - Non intersection,01 - Daylight,03 - P.D. only,04 - Sideswipe,The Glebe
9739,HIGHWAY 417 btwn HWY417 IC115 RAMP36 & HWY417 IC115 RAMP26,372470.1833,5031523.433,-75.63531904,45.4203728,2014-03-07,13:10,01 - Clear,01 - Dry,10 - No control,01 - Non intersection,01 - Daylight,03 - P.D. only,03 - Rear end,Overbrook
9740,HWY 417 WOODROFF IC127R53 @ WOODROFFE AVE,362205.5392,5024626.244,-75.76726993,45.35923035,2014-03-05,12:55,01 - Clear,01 - Dry,03 - Yield sign,02 - Intersection related,01 - Daylight,03 - P.D. only,03 - Rear end,Iris
9741,HIGHWAY 417 btwn HWY417 IC122 RAMP51 & HWY417 IC122 RAMP15,365293.5702,5028848.398,-75.72734024,45.39696084,2014-01-15,6:04,01 - Clear,06 - Ice,10 - No control,01 - Non intersection,07 - Dark,03 - P.D. only,07 - SMV other,Civi
9742,HIGHWAY 417 btwn HWY417 IC110 RAMP55 & HWY417 IC104 RAMP51,377965.1911,5026369.086,-75.56587805,45.373444,2014-03-09,6:52,01 - Clear,01 - Dry,10 - No control,01 - Non intersection,03 - Dawn,03 - P.D. only,07 - SMV other,Greenbelt
9743,HIGHWAY 417 btwn HWY417 IC180 RAMP35 & HWY417 IC169 RAMP51,323445.2595,5027081.19,-76.26190861,45.38342368,2014-02-21,10:20,02 - Rain,02 - Wet,10 - No control,01 - Non intersection,01 - Daylight,03 - P.D. only,99 - Other,Mississipp
9744,HIGHWAY 417 btwn HWY417 IC117 RAMP35 & HWY417 IC117 RAMP25,371100.2992,5031327.34,-75.65284768,45.4187396,2014-03-27,14:55,01 - Clear,01 - Dry,10 - No control,01 - Non intersection,01 - Daylight,03 - P.D. only,03 - Rear end,Industrial Park
9745,HIGHWAY 417 btwn HWY417 IC118 RAMP35 & HWY417 IC117 RAMP51,369904.5646,5031130.184,-75.6681506,45.41707795,2014-03-27,11:45,01 - Clear,01 - Dry,10 - No control,01 - Non intersection,01 - Daylight,03 - P.D. only,03 - Rear end,Old Ottawa East
9746,HIGHWAY 417 btwn HWY417 IC119A RAMP75 & HWY417 IC118 RAMP57,368624.9438,5030532.079,-75.68457626,45.4118143,2014-03-27,14:50,01 - Clear,01 - Dry,10 - No control,01 - Non intersection,01 - Daylight,03 - P.D. only,04 - Sideswipe,The Glebe
9747,INNES RD btwn VISENEAU DR & BELCOURT BLVD,381863.2851,5035113.056,-75.51475002,45.45169779,2014-08-22,14:19,01 - Clear,01 - Dry,10 - No control,01 - Non intersection,01 - Daylight,03 - P.D. only,03 - Rear end,Chapel Hill South
9748,ST. LAURENT BLVD btwn MCARTHUR AVE & DONALD ST,372012.1431,5032683.032,-75.64101292,45.43085049,2014-08-22,13:12,01 - Clear,01 - Dry,10 - No control,04 - At/near private drive,01 - Daylight,03 - P.D. only,05 - Turning movement,Castl
9749,DALY AVE @ KING EDWARD AVE,368591.2337,5032272.638,-75.68478154,45.42747832,2014-10-02,17:31,01 - Clear,01 - Dry,02 - Stop sign,03 - At intersection,01 - Daylight,03 - P.D. only,05 - Turning movement,Sandy Hill
9750,HIGHWAY 417 btwn HWY417 IC117 RAMP36 & HWY417 IC117 RAMP26,370714.0433,5031185.16,-75.65780155,45.41749682,2014-07-18,9:15,01 - Clear,01 - Dry,10 - No control,01 - Non intersection,01 - Daylight,03 - P.D. only,04 - Sideswipe,Industrial Park
9751,HIGHWAY 417 btwn HWY417 IC119A RAMP75 & HWY417 IC118 RAMP57,368639.1568,5030540.151,-75.68439364,45.41188564,2014-07-14,7:45,01 - Clear,01 - Dry,10 - No control,01 - Non intersection,01 - Daylight,03 - P.D. only,04 - Sideswipe,The Glebe
9752,HIGHWAY 7 btwn HWY 7 HAZELDEAN RD IC RAMP 34 & HAZELDEAN RD IC RAMP 63,346331.8543,5012805.282,-75.97086344,45.2539812,2014-07-05,21:30,01 - Clear,01 - Dry,10 - No control,01 - Non intersection,07 - Dark,03 - P.D. only,07 - SMV other,Stittsville - Basswood
9753,HIGHWAY 417 btwn HWY417 IC117 RAMP51 & HWY417 IC117 RAMP35,370788.9248,5031188.003,-75.6568445,45.41751534,2014-07-12,13:10,01 - Clear,01 - Dry,10 - No control,01 - Non intersection,01 - Daylight,03 - P.D. only,03 - Rear end,Industrial Park
9754,HIGHWAY 417 btwn HWY417 IC138 RAMP26 & HWY417 IC138 RAMP61,353020.6006,5020304.15,-75.88492121,45.32103133,2014-09-16,15:30,01 - Clear,01 - Dry,10 - No control,01 - Non intersection,01 - Daylight,03 - P.D. only,04 - Sideswipe,Greenbelt
9755,HIGHWAY 417 btwn HWY417 IC118 RAMP35 & HWY417 IC117 RAMP51,370311.6791,5031116.206,-75.66295126,45.41691419,2014-10-08,9:25,01 - Clear,01 - Dry,10 - No control,01 - Non intersection,01 - Daylight,03 - P.D. only,03 - Rear end,Old Ottawa East
9756,HIGHWAY 417 btwn HWY417 IC124 RAMP76 & HWY417 IC124 RAMP67,364159.3928,5027187.388,-75.74202514,45.38211244,2014-10-09,15:00,01 - Clear,01 - Dry,10 - No control,01 - Non intersection,01 - Daylight,03 - P.D. only,03 - Rear end,Westboro
9757,HIGHWAY 417 btwn HIGHWAY 417 & HWY417 IC115 RAMP61,372788.6667,5031564.191,-75.63124434,45.42070864,2014-10-09,11:45,01 - Clear,02 - Wet,10 - No control,01 - Non intersection,01 - Daylight,03 - P.D. only,04 - Sideswipe,Cummings
9758,HIGHWAY 417 btwn HWY417 IC117 RAMP25 & HWY417 IC115 RAMP51,371243.8894,5031367.32,-75.65100777,45.4190857,2014-11-02,20:14,01 - Clear,01 - Dry,10 - No control,01 - Non intersection,07 - Dark,03 - P.D. only,03 - Rear end,Industrial Park
9759,HIGHWAY 417 btwn HWY417 IC155 RAMP61 & HWY417 IC145 RAMP56,344349.1557,5015456.624,-75.99591189,45.27795342,2014-11-02,22:10,01 - Clear,01 - Dry,10 - No control,01 - Non intersection,07 - Dark,03 - P.D. only,07 - SMV other,Carp - Hardwood Plains
9760,BANK ST @ HUNT CLUB RD,371609.7004,5024096.024,-75.64731835,45.35362654,2014-12-01,4:32,01 - Clear,02 - Wet,01 - Traffic signal,02 - Intersection related,07 - Dark,03 - P.D. only,07 - SMV other,South Keys - Heron Gate - Greenboro West
9761,MONTREAL RD btwn SAVARD AVE & EMOND ST,370185.0722,5033132.179,-75.66430114,45.43506493,2014-12-06,1:57,01 - Clear,01 - Dry,10 - No control,01 - Non intersection,07 - Dark,03 - P.D. only,07 - SMV other,Vanier
9762,PLEASANT PARK RD @ ST. LAURENT BLVD,373598.2018,5028796.498,-75.62128759,45.39572713,2014-09-25,11:33,01 - Clear,01 - Dry,01 - Traffic signal,02 - Intersection related,01 - Daylight,03 - P.D. only,03 - Rear end,Hawthorn
9763,CLEGG ST @ MAIN ST,369272.1812,5029919.673,-75.67638813,45.40624476,2014-09-25,11:59,01 - Clear,01 - Dry,01 - Traffic signal,03 - At intersection,01 - Daylight,03 - P.D. only,03 - Rear end,Old Ottawa East
9764,TAPIOLA CRES btwn BRANDO CRES & SOMERO PRIV (2),372346.9608,5025517.622,-75.6377156,45.36634693,2014-10-08,18:55,02 - Rain,02 - Wet,10 - No control,01 - Non intersection,07 - Dark,03 - P.D. only,06 - SMV unattended vehicle,Greenboro East
9765,HIGHWAY 417 btwn HWY417 IC120A RAMP52 & HWY417 IC119B RAMP57,367926.3606,5030086.123,-75.69355753,45.4078651,2014-06-28,21:00,01 - Clear,01 - Dry,10 - No control,01 - Non intersection,05 - Dusk,03 - P.D. only,99 - Other,The Glebe
9766,HIGHWAY 417 btwn HWY417 IC127 RAMP25 & HWY417 IC126 RAMP51,363184.7805,5025858.956,-75.7546262,45.37024129,2014-06-20,0:00,01 - Clear,01 - Dry,10 - No control,01 - Non intersection,00 - Unknown,03 - P.D. only,99 - Other,Braemar Park - Bel Air Heights - Copeland Park
9767,HIGHWAY 417 btwn HWY417 IC122 RAMP15 & HWY417 IC121B RAMP51,365830.6835,5029200.401,-75.720437,45.40008146,2014-06-16,7:40,01 - Clear,01 - Dry,10 - No control,01 - Non intersection,01 - Daylight,03 - P.D. only,07 - SMV other,Civic Hospital - Experimental Farm - Central Park
9768,HWY417 IC118 RAMP35 btwn HWY417 IC118 RAMP45 & HIGHWAY 417,369633.1951,5031102.219,-75.67162124,45.41685153,2014-03-05,10:35,01 - Clear,02 - Wet,10 - No control,01 - Non intersection,01 - Daylight,03 - P.D. only,03 - Rear end,Old Ottawa East
9769,HIGHWAY 417 btwn HWY417 IC119A RAMP75 & HWY417 IC118 RAMP57,368632.9582,5030538.317,-75.68447307,45.4118697,2014-02-25,16:00,01 - Clear,01 - Dry,10 - No control,01 - Non intersection,01 - Daylight,03 - P.D. only,03 - Rear end,The Glebe
9770,HIGHWAY 417 btwn HWY417 IC130 RAMP26 & HIGHWAY 417,359503.449,5023118.536,-75.80192385,45.34588003,2014-03-11,17:45,01 - Clear,01 - Dry,10 - No control,01 - Non intersection,01 - Daylight,03 - P.D. only,04 - Sideswipe,Bayshore
9771,HIGHWAY 417 btwn HWY 417 ANDERSON IC104R61 & HWY 417 BOUNDARY IC96R16,384967.8608,5024995.735,-75.47670941,45.36032156,2014-03-12,6:40,01 - Clear,01 - Dry,10 - No control,01 - Non intersection,03 - Dawn,03 - P.D. only,07 - SMV other,Greenbelt
9772,HIGHWAY 417 btwn HWY417 IC124 RAMP76 & HWY417 IC124 RAMP67,364354.2102,5027437.048,-75.73950757,45.3843423,2014-03-28,10:15,02 - Rain,02 - Wet,10 - No control,01 - Non intersection,01 - Daylight,03 - P.D. only,04 - Sideswipe,Westboro
9773,HWY417 IC119A RAMP75 btwn METCALFE ST & HIGHWAY 417,368525.857,5030459.76,-75.6858514,45.41117263,2014-03-28,15:55,01 - Clear,01 - Dry,10 - No control,01 - Non intersection,01 - Daylight,03 - P.D. only,03 - Rear end,The Glebe
9774,HWY417 IC138 RAMP61 btwn HWY417 IC138 RAMP62 & HIGHWAY 417,353292.6313,5020504.783,-75.88143188,45.32281793,2014-03-30,11:25,01 - Clear,02 - Wet,10 - No control,01 - Non intersection,01 - Daylight,03 - P.D. only,07 - SMV other,Greenbelt
9775,HIGHWAY 417 btwn HWY417 IC121B RAMP51 & HWY417 IC121A RAMP51,366805.774,5029583.544,-75.70793489,45.4034432,2014-03-30,10:05,03 - Snow,04 - Slush,10 - No control,01 - Non intersection,01 - Daylight,03 - P.D. only,07 - SMV other,The Glebe Annex
9776,ST. LAURENT BLVD btwn HWY417 IC115 RAMP26 & HWY417 IC115 RAMP51,372514.9475,5031445.882,-75.63475777,45.4196707,2014-08-22,17:10,01 - Clear,01 - Dry,10 - No control,01 - Non intersection,01 - Daylight,03 - P.D. only,03 - Rear end,Industrial Park
9777,FALLOWFIELD RD btwn EAGLESON RD & RICHMOND RD,356333.2437,5012726.979,-75.84345645,45.25261523,2014-08-24,6:22,01 - Clear,01 - Dry,10 - No control,01 - Non intersection,01 - Daylight,03 - P.D. only,07 - SMV other,Munster Hamlet - Richmond
9778,MADELEINE MEILLEUR PRIV @ VANIER PKWY,369654.8152,5033359.306,-75.67104781,45.43715791,2014-08-27,8:45,01 - Clear,01 - Dry,01 - Traffic signal,02 - Intersection related,01 - Daylight,03 - P.D. only,03 - Rear end,Vanier North
9779,TERRY FOX DR @ PALLADIUM DR/KATIMAVIK RD,351268.2962,5018180.827,-75.90747067,45.30204331,2014-10-06,12:19,01 - Clear,01 - Dry,01 - Traffic signal,02 - Intersection related,01 - Daylight,03 - P.D. only,03 - Rear end,Katimavik - Hazeldean
9780,REGIONAL ROAD 174 EB btwn OR174 IC109 RAMP55 & TRANSIT,376467.1794,5034972.93,-75.58375015,45.45101123,2014-10-06,20:38,01 - Clear,01 - Dry,10 - No control,01 - Non intersection,07 - Dark,03 - P.D. only,03 - Rear end,Greenbelt
9781,HWY417 IC110 RAMP56 btwn HIGHWAY 417 & WALKLEY EXTENSION RD,375945.1875,5028971.848,-75.59128959,45.39707031,2014-07-17,23:10,01 - Clear,01 - Dry,10 - No control,01 - Non intersection,07 - Dark,03 - P.D. only,07 - SMV other,Greenbelt
9782,HWY417 IC110 RAMP64 btwn HIGHWAY 417 & WALKLEY EXTENSION RD,375911.0642,5028521.315,-75.59179031,45.39302011,2014-07-18,0:20,01 - Clear,01 - Dry,10 - No control,01 - Non intersection,07 - Dark,03 - P.D. only,04 - Sideswipe,Greenbelt
9783,HIGHWAY 417 btwn HWY417 IC134 RAMP36 & HWY417 IC134 RAMP26,356457.0012,5022313.623,-75.84088126,45.33886833,2014-07-21,12:15,01 - Clear,01 - Dry,10 - No control,01 - Non intersection,01 - Daylight,03 - P.D. only,03 - Rear end,Greenbelt
9784,HIGHWAY 417 btwn HWY417 IC120A RAMP52 & HWY417 IC119B RAMP57,367928.172,5030087.244,-75.69353424,45.40787502,2014-07-21,17:28,01 - Clear,01 - Dry,10 - No control,01 - Non intersection,01 - Daylight,03 - P.D. only,03 - Rear end,The Glebe
9785,HIGHWAY 417 btwn HWY417 IC140 RAMP51 & HWY417 IC140 RAMP35,350382.6933,5018231.121,-75.91875801,45.3025539,2014-10-10,8:15,01 - Clear,01 - Dry,10 - No control,01 - Non intersection,01 - Daylight,03 - P.D. only,99 - Other,Katimavik - Hazeldean
9786,HIGHWAY 417 btwn HWY417 IC121A RAMP16 & HWY417 IC121A RAMP61,367036.3619,5029675.966,-75.70497797,45.40425432,2014-10-07,16:05,01 - Clear,01 - Dry,10 - No control,01 - Non intersection,01 - Daylight,03 - P.D. only,03 - Rear end,Centretown West
9787,HIGHWAY 417 btwn HWY417 IC117 RAMP26 & HWY417 IC117 RAMP61,371174.6951,5031375.85,-75.65189066,45.41916902,2014-10-09,8:55,01 - Clear,01 - Dry,10 - No control,01 - Non intersection,01 - Daylight,03 - P.D. only,03 - Rear end,Overbrook
9788,HWY417 IC139 RAMP15 btwn KANATA AVE & HIGHWAY 417,352049.1997,5019483.823,-75.89738949,45.3137159,2014-10-09,10:55,02 - Rain,02 - Wet,10 - No control,01 - Non intersection,01 - Daylight,03 - P.D. only,03 - Rear end,Katimavik - Hazeldean
9789,HIGHWAY 417 btwn HWY417 IC169 RAMP25 & HWY417 IC163 RAMP51,329753.3327,5021915.702,-76.18161931,45.33674564,2014-11-03,22:05,01 - Clear,01 - Dry,10 - No control,01 - Non intersection,07 - Dark,03 - P.D. only,99 - Other,Car
9790,HIGHWAY 417 btwn HWY 417 ANDERSON IC104R61 & HWY 417 BOUNDARY IC96R16,380842.2843,5025763.961,-75.52924369,45.36769319,2014-11-03,7:10,01 - Clear,01 - Dry,10 - No control,01 - Non intersection,03 - Dawn,03 - P.D. only,03 - Rear end,Greenbelt
9791,HIGHWAY 417 btwn HWY417 IC118 RAMP57 & HWY417 IC118 RAMP35,369455.8254,5031041.081,-75.67389529,45.41631785,2014-11-03,13:30,01 - Clear,01 - Dry,10 - No control,01 - Non intersection,01 - Daylight,03 - P.D. only,03 - Rear end,Old Ottawa East
9792,CADBORO RD @ OGILVIE RD,373599.7582,5032665.045,-75.62072771,45.43053427,2014-12-24,15:15,02 - Rain,02 - Wet,01 - Traffic signal,02 - Intersection related,01 - Daylight,03 - P.D. only,03 - Rear end,Industrial Park
9793,MARCH RD btwn CAMPEAU DR/HWY 417 MARCH IC138R63 & HWY417 IC138 RAMP36,352846.3377,5020465.354,-75.88712826,45.32249382,2014-12-31,10:39,01 - Clear,01 - Dry,10 - No control,01 - Non intersection,01 - Daylight,03 - P.D. only,03 - Rear end,Greenbelt
9794,CATHERINE ST @ METCALFE ST,368393.2328,5030485.615,-75.68754228,45.41141733,2014-09-25,12:17,01 - Clear,01 - Dry,01 - Traffic signal,03 - At intersection,01 - Daylight,03 - P.D. only,05 - Turning movement,Centretown
9795,HIGHWAY 417 btwn HWY417 IC121A RAMP61 & HWY417 IC120B RAMP36,367577.9496,5029907.457,-75.6980308,45.40628885,2014-06-17,16:25,01 - Clear,01 - Dry,10 - No control,01 - Non intersection,01 - Daylight,03 - P.D. only,04 - Sideswipe,The Glebe
9796,HIGHWAY 417 btwn HWY417 IC124 RAMP67 & HWY417 IC123 RAMP62,364723.5264,5027967.083,-75.73472756,45.38907996,2014-06-17,8:40,01 - Clear,01 - Dry,10 - No control,01 - Non intersection,01 - Daylight,03 - P.D. only,07 - SMV other,Westboro
9797,HWY417 IC117 RAMP51 btwn HIGHWAY 417 & HWY417 IC117 RAMP53,370533.9485,5031129.236,-75.66010987,45.41701058,2014-06-19,16:57,01 - Clear,01 - Dry,10 - No control,01 - Non intersection,01 - Daylight,03 - P.D. only,04 - Sideswipe,Industrial Park
9798,HIGHWAY 416 btwn HWY416 IC66 RAMP53 & HWY416 IC57 RAMP34,362549.5803,5011869.28,-75.76436494,45.24441488,2014-07-01,21:40,02 - Rain,02 - Wet,10 - No control,01 - Non intersection,07 - Dark,03 - P.D. only,07 - SMV other,Munster Hamlet - Richmond
9799,HIGHWAY 7 btwn HWY 7 HAZELDEAN RD IC RAMP 52 & HAZELDEAN RD IC RAMP 62,346406.9633,5012342.288,-75.96994531,45.24981054,2014-07-02,0:54,01 - Clear,01 - Dry,10 - No control,01 - Non intersection,07 - Dark,03 - P.D. only,07 - SMV other,Stittsville - Basswood
9800,HWY417 IC122 RAMP51 btwn HIGHWAY 417 & PARKDALE AVE,365264.0679,5028795.081,-75.72772356,45.39648365,2014-03-02,10:45,01 - Clear,01 - Dry,10 - No control,01 - Non intersection,01 - Daylight,03 - P.D. only,04 - Sideswipe,Civic Hospital - Experimental Farm - Central Park
9801,HIGHWAY 417 btwn HWY417 IC104 RAMP15 & HWY417 IC96 RAMP51,386687.1868,5023941.285,-75.45494162,45.35063579,2014-03-12,17:46,03 - Snow,03 - Loose snow,10 - No control,01 - Non intersection,01 - Daylight,03 - P.D. only,07 - SMV other,Greenbelt
9802,HIGHWAY 417 btwn HWY417 IC110 RAMP64 & HWY417 IC104 RAMP16,379396.4707,5026105.579,-75.54764678,45.37092223,2014-03-12,19:08,03 - Snow,03 - Loose snow,10 - No control,01 - Non intersection,07 - Dark,03 - P.D. only,07 - SMV other,Greenbelt
9803,HIGHWAY 417 btwn HWY417 IC117 RAMP51 & HWY417 IC117 RAMP35,370897.079,5031229.357,-75.65545719,45.41787722,2014-03-07,15:05,01 - Clear,01 - Dry,10 - No control,01 - Non intersection,01 - Daylight,03 - P.D. only,04 - Sideswipe,Industrial Park
9804,HIGHWAY 417 btwn HWY417 IC127 RAMP67 & HWY417 IC126 RAMP16,362513.5961,5025158.629,-75.76327602,45.36399541,2014-03-12,22:30,03 - Snow,03 - Loose snow,10 - No control,01 - Non intersection,07 - Dark,03 - P.D. only,07 - SMV other,Carlingwood West - Glabar Park - McKellar Heights
9805,HIGHWAY 417 btwn HWY417 IC155 RAMP25 & RAMP,340688.2333,5018968.7,-76.04231779,45.30975315,2014-03-30,9:53,03 - Snow,04 - Slush,10 - No control,01 - Non intersection,01 - Daylight,03 - P.D. only,07 - SMV other,Carp - Hardwood Plains
9806,HIGHWAY 417 btwn HWY417 IC104 RAMP51 & HWY417 IC104 RAMP15,380023.6642,5025910.081,-75.53967047,45.36909622,2014-03-30,7:35,03 - Snow,04 - Slush,10 - No control,01 - Non intersection,01 - Daylight,03 - P.D. only,07 - SMV other,Greenbelt
9807,HIGHWAY 417 btwn HWY417 IC122 RAMP15 & HWY417 IC121B RAMP51,366564.9998,5029510.915,-75.71101936,45.40281099,2014-03-30,9:21,03 - Snow,04 - Slush,10 - No control,01 - Non intersection,01 - Daylight,03 - P.D. only,07 - SMV other,Little Italy
9808,HIGHWAY 417 btwn TRANSIT & HWY417 IC127 RAMP35,361975.2075,5024708.708,-75.77020013,45.35999118,2014-02-28,0:00,01 - Clear,01 - Dry,10 - No control,01 - Non intersection,00 - Unknown,03 - P.D. only,03 - Rear end,Iris
9809,HIGHWAY 417 btwn HWY417 IC96 RAMP61 & HIGHWAY 417,387595.3388,5023852.138,-75.44336852,45.3497271,2014-03-01,10:19,03 - Snow,03 - Loose snow,10 - No control,01 - Non intersection,01 - Daylight,03 - P.D. only,04 - Sideswipe,Navan - Vars
9810,BASELINE RD @ WOODROFFE AVE,362551.112,5023771.453,-75.76295923,45.35151063,2014-08-22,17:30,01 - Clear,01 - Dry,01 - Traffic signal,02 - Intersection related,01 - Daylight,03 - P.D. only,03 - Rear end,Iris
9811,BEECHWOOD AVE btwn CHAMPLAIN AVE & CHAPLEAU AVE,369481.5904,5033829.577,-75.67319988,45.44140526,2014-08-20,17:30,01 - Clear,01 - Dry,10 - No control,01 - Non intersection,01 - Daylight,03 - P.D. only,06 - SMV unattended vehicle,Vanier North
9812,DUPUIS ST btwn LEVIS AVE & END,370448.0375,5033165.306,-75.66093607,45.43533836,2014-08-26,15:45,01 - Clear,01 - Dry,10 - No control,04 - At/near private drive,01 - Daylight,03 - P.D. only,06 - SMV unattended vehicle,Vanier South
9813,DALHOUSIE ST btwn CLARENCE ST & YORK ST,368057.7537,5032481.293,-75.69157165,45.42940418,2014-09-11,12:02,01 - Clear,01 - Dry,10 - No control,01 - Non intersection,01 - Daylight,03 - P.D. only,06 - SMV unattended vehicle,Byward Market
9814,MEADOWCROFT CRES btwn WARNOCK CRT & MEADOWCROFT CRES (1),372890.6035,5033177.716,-75.62971887,45.43521644,2014-10-18,15:26,01 - Clear,01 - Dry,10 - No control,01 - Non intersection,01 - Daylight,03 - P.D. only,06 - SMV unattended vehicle,Carson Grove - Carson Meadows
9815,BREWER RD @ BRONSON AVE,368107.6253,5027764.54,-75.69154004,45.38695982,2014-10-07,6:39,02 - Rain,02 - Wet,01 - Traffic signal,02 - Intersection related,03 - Dawn,03 - P.D. only,03 - Rear end,Carleto
9816,HAZELDEAN RD btwn IRWIN GT & EAGLESON RD,353498.7434,5018318.299,-75.87901779,45.30312923,2014-10-07,8:30,01 - Clear,01 - Dry,10 - No control,01 - Non intersection,01 - Daylight,03 - P.D. only,03 - Rear end,Katimavik - Hazeldean
9817,HIGHWAY 417 btwn TRANSIT & HWY417 IC127 RAMP16,361799.0095,5024608.024,-75.7724606,45.35909957,2014-07-16,15:30,01 - Clear,01 - Dry,10 - No control,01 - Non intersection,01 - Daylight,03 - P.D. only,03 - Rear end,Whitehaven - Queensway Terrace North
9818,HIGHWAY 417 btwn HWY417 IC155 RAMP25 & RAMP,342380.9249,5017405.957,-76.02085013,45.29560237,2014-07-21,16:42,01 - Clear,01 - Dry,10 - No control,01 - Non intersection,01 - Daylight,03 - P.D. only,07 - SMV other,Carp - Hardwood Plains
9819,HIGHWAY 417 btwn HIGHWAY 417 & HWY417 IC115 RAMP61,372716.6288,5031546.182,-75.63216722,45.4205536,2014-07-22,11:00,01 - Clear,01 - Dry,10 - No control,01 - Non intersection,01 - Daylight,03 - P.D. only,04 - Sideswipe,Cummings
9820,HIGHWAY 417 btwn HWY417 IC117 RAMP36 & HWY417 IC117 RAMP26,370765.9179,5031197.366,-75.65713718,45.41760175,2014-07-17,12:00,01 - Clear,01 - Dry,10 - No control,01 - Non intersection,01 - Daylight,03 - P.D. only,04 - Sideswipe,Industrial Park
9821,HIGHWAY 417 btwn HIGHWAY 417 & HWY417 IC129 RAMP51,359966.0141,5023184.594,-75.79601409,45.3464382,2014-10-14,8:00,01 - Clear,01 - Dry,10 - No control,01 - Non intersection,01 - Daylight,03 - P.D. only,04 - Sideswipe,Qualicum - Redwood Park
9822,HIGHWAY 417 btwn HWY417 IC117 RAMP61 & HWY417 IC115 RAMP36,371553.5789,5031420.712,-75.64704389,45.41953662,2014-10-15,14:21,02 - Rain,02 - Wet,10 - No control,01 - Non intersection,01 - Daylight,03 - P.D. only,03 - Rear end,Overbrook
9823,HWY417 IC130 RAMP35 btwn HIGHWAY 417 & RICHMOND RD,359169.1712,5023008.578,-75.80620138,45.34491662,2014-10-15,20:35,02 - Rain,02 - Wet,10 - No control,01 - Non intersection,07 - Dark,03 - P.D. only,03 - Rear end,Greenbelt