Record,Location,X,Y,lon,lat,Date,Time,Environment,Road_Surface,Traffic_Control,Collision_Location,Light,Collision_Classification,Impact_type,Neighborhood
9824,HWY417 IC122 RAMP15 btwn HWY417 IC122 RAMP51 & HIGHWAY 417,365620.7029,5029060.958,-75.72313609,45.39884506,2014-10-16,7:35,02 - Rain,02 - Wet,10 - No control,01 - Non intersection,01 - Daylight,03 - P.D. only,03 - Rear end,Civic Hospital - Experimental Farm - Central Park
9825,HWY417 IC118 RAMP35 btwn NICHOLAS ST & HWY417 IC118 RAMP45,369405.1812,5030978.033,-75.67455057,45.41575524,2014-11-04,17:30,02 - Rain,02 - Wet,10 - No control,01 - Non intersection,07 - Dark,03 - P.D. only,03 - Rear end,Old Ottawa East
9826,HIGHWAY 417 btwn HWY417 IC104 RAMP15 & HWY417 IC96 RAMP51,382479.7326,5025436.575,-75.5083946,45.36456803,2014-11-04,16:35,01 - Clear,01 - Dry,10 - No control,01 - Non intersection,05 - Dusk,03 - P.D. only,03 - Rear end,Greenbelt
9827,CYRVILLE RD btwn INNES RD & END,375109.75,5030981.775,-75.60167237,45.41523897,2014-09-25,14:00,01 - Clear,01 - Dry,10 - No control,04 - At/near private drive,01 - Daylight,03 - P.D. only,02 - Angle,Industrial Park
9828,SARSFIELD RD btwn DESSAINT ST & COLONIAL RD,395170.7261,5034314.47,-75.34479402,45.44291912,2014-09-26,0:00,01 - Clear,01 - Dry,10 - No control,01 - Non intersection,00 - Unknown,03 - P.D. only,06 - SMV unattended vehicle,Navan - Vars
9829,HORNCHURCH LANE btwn OAKWELL DR & NO NAME,364154.8734,5015450.954,-75.74349002,45.27650935,2014-06-02,0:00,01 - Clear,01 - Dry,10 - No control,01 - Non intersection,00 - Unknown,03 - P.D. only,06 - SMV unattended vehicle,New Barrhaven
9830,HIGHWAY 7 btwn TO BE DETERMINED & RAMP,344805.8581,5010422.492,-75.9904963,45.23262812,2014-07-02,7:50,01 - Clear,01 - Dry,10 - No control,01 - Non intersection,01 - Daylight,03 - P.D. only,07 - SMV other,Stittsville - Basswood
9831,HIGHWAY 416 btwn HWY416 IC72 RAMP63 & HWY416 IC72 RAMP53,359640.4891,5019285.868,-75.80059977,45.31138286,2014-06-29,23:25,01 - Clear,01 - Dry,10 - No control,01 - Non intersection,07 - Dark,03 - P.D. only,07 - SMV other,Greenbelt
9832,HIGHWAY 417 btwn HWY417 IC118 RAMP35 & HWY417 IC117 RAMP51,370351.958,5031122.601,-75.66243582,45.41696795,2014-07-02,15:45,01 - Clear,01 - Dry,10 - No control,01 - Non intersection,01 - Daylight,03 - P.D. only,04 - Sideswipe,Old Ottawa East
9833,HIGHWAY 417 btwn HWY417 IC118 RAMP35 & HWY417 IC117 RAMP51,370406.9343,5031129.236,-75.66173257,45.4170225,2014-07-02,23:45,01 - Clear,01 - Dry,10 - No control,01 - Non intersection,07 - Dark,03 - P.D. only,03 - Rear end,Industrial Park
9834,HIGHWAY 7 btwn HAZELDEAN IC RAMP 53 & HIGHWAY 7,343214.446,5009198.898,-76.01085778,45.22170618,2014-06-29,21:45,01 - Clear,01 - Dry,10 - No control,01 - Non intersection,07 - Dark,03 - P.D. only,07 - SMV other,Munster Hamlet - Richmond
9835,HIGHWAY 417 btwn HWY417 IC112 RAMP66 & HWY417 IC113 RAMP65,374234.6404,5031199.923,-75.6128213,45.41728913,2014-03-12,20:27,03 - Snow,03 - Loose snow,10 - No control,01 - Non intersection,07 - Dark,03 - P.D. only,03 - Rear end,Industrial Park
9836,HIGHWAY 417 btwn HWY417 IC112 RAMP65 & HWY417 IC112 RAMP55,374516.0165,5030780.776,-75.60928584,45.41348989,2014-03-09,22:00,01 - Clear,03 - Loose snow,10 - No control,01 - Non intersection,07 - Dark,03 - P.D. only,07 - SMV other,Industrial Park
9837,HIGHWAY 417 btwn HWY417 IC121A RAMP16 & HWY417 IC121A RAMP61,367274.3831,5029764.086,-75.70192656,45.405026,2014-03-13,15:50,01 - Clear,01 - Dry,10 - No control,01 - Non intersection,01 - Daylight,03 - P.D. only,03 - Rear end,Centretown
9838,HIGHWAY 417 btwn HWY 417 ANDERSON IC104R61 & HWY 417 BOUNDARY IC96R16,386347.1436,5024080.076,-75.4592577,45.35192414,2014-02-18,13:32,01 - Clear,01 - Dry,10 - No control,01 - Non intersection,01 - Daylight,03 - P.D. only,07 - SMV other,Greenbelt
9839,HIGHWAY 417 btwn HWY417 IC127 RAMP35 & HWY417 IC127 RAMP25,362120.2312,5024822.452,-75.76833597,45.36100279,2014-03-30,9:11,03 - Snow,03 - Loose snow,10 - No control,01 - Non intersection,01 - Daylight,03 - P.D. only,07 - SMV other,Iris
9840,HIGHWAY 417 btwn HWY417 IC127 RAMP63 & HWY417 IC127 RAMP67,362145.8236,5024872.689,-75.76800349,45.36145273,2014-03-30,8:07,03 - Snow,03 - Loose snow,10 - No control,01 - Non intersection,01 - Daylight,03 - P.D. only,07 - SMV other,Carlingwood West - Glabar Park - McKellar Heights
9841,HIGHWAY 417 btwn HWY417 IC134 RAMP35 & HWY417 IC134 RAMP25,356449.4183,5022261.491,-75.84098345,45.3383998,2014-03-30,9:18,03 - Snow,04 - Slush,10 - No control,01 - Non intersection,01 - Daylight,03 - P.D. only,04 - Sideswipe,Greenbelt
9842,HIGHWAY 417 btwn HWY417 IC126 RAMP25 & HWY417 IC124 RAMP57,363663.0849,5026497.502,-75.74844431,45.37594682,2014-03-30,4:15,03 - Snow,05 - Packed snow,10 - No control,01 - Non intersection,07 - Dark,03 - P.D. only,07 - SMV other,Carlingwood West - Glabar Park - McKellar Heights
9843,HIGHWAY 417 btwn HWY417 IC117 RAMP25 & HWY417 IC115 RAMP51,371504.4821,5031391.293,-75.64767515,45.4192766,2014-03-24,15:30,01 - Clear,01 - Dry,10 - No control,01 - Non intersection,01 - Daylight,03 - P.D. only,03 - Rear end,Industrial Park
9844,COLONEL BY DR/SUSSEX DR @ RIDEAU ST,367921.6095,5032044.551,-75.69336736,45.42548682,2014-08-26,16:03,01 - Clear,01 - Dry,01 - Traffic signal,02 - Intersection related,01 - Daylight,03 - P.D. only,04 - Sideswipe,Byward Market - Parliament Hill
9845,WEST HUNT CLUB RD @ WOODROFFE AVE,363671.1649,5021246.489,-75.74896637,45.32869809,2014-09-02,15:45,02 - Rain,02 - Wet,01 - Traffic signal,02 - Intersection related,01 - Daylight,03 - P.D. only,99 - Other,Merivale Gardens - Grenfell Glen - Pineglen - Country Place
9846,HAWTHORNE RD @ HUNT CLUB RD,375510.1196,5026406.529,-75.59721334,45.37403293,2014-12-24,19:56,02 - Rain,02 - Wet,01 - Traffic signal,02 - Intersection related,07 - Dark,03 - P.D. only,03 - Rear end,Industrial Park
9847,PARKDALE AVE @ TYNDALL ST,365264.6507,5029014.036,-75.72768928,45.39845371,2014-10-10,8:45,01 - Clear,01 - Dry,02 - Stop sign,02 - Intersection related,01 - Daylight,03 - P.D. only,04 - Sideswipe,Civi
9848,BANKFIELD RD @ MANOTICK MAIN ST/RIDEAU VALLEY ,368432.1724,5010155.505,-75.68965675,45.22848721,2014-10-10,9:38,01 - Clear,01 - Dry,01 - Traffic signal,02 - Intersection related,01 - Daylight,03 - P.D. only,03 - Rear end,Manotick
9849,HIGHWAY 417 btwn HWY417 IC118 RAMP57 & HWY417 IC118 RAMP35,369457.7212,5031036.342,-75.67387169,45.41627503,2014-07-23,13:40,01 - Clear,01 - Dry,10 - No control,01 - Non intersection,01 - Daylight,03 - P.D. only,03 - Rear end,Old Ottawa East
9850,HIGHWAY 417 btwn HWY417 IC118 RAMP35 & HWY417 IC117 RAMP51,370288.0529,5031114.067,-75.66325339,45.41689715,2014-07-23,15:20,01 - Clear,01 - Dry,10 - No control,01 - Non intersection,01 - Daylight,03 - P.D. only,03 - Rear end,Old Ottawa East
9851,HWY417 IC124 RAMP67 btwn CARLING AVE & HIGHWAY 417,364516.7388,5027672.696,-75.73740379,45.38644878,2014-10-16,18:25,02 - Rain,02 - Wet,10 - No control,01 - Non intersection,07 - Dark,03 - P.D. only,03 - Rear end,Westboro
9852,HIGHWAY 417 btwn HWY417 IC117 RAMP36 & HWY417 IC117 RAMP26,370761.425,5031201.443,-75.65719403,45.41763886,2014-10-17,12:55,01 - Clear,01 - Dry,10 - No control,01 - Non intersection,01 - Daylight,03 - P.D. only,04 - Sideswipe,Industrial Park
9853,HIGHWAY 417 btwn HWY417 IC96 RAMP61 & HIGHWAY 417,387413.2531,5023875.882,-75.44568793,45.3499622,2014-10-03,20:25,02 - Rain,02 - Wet,10 - No control,01 - Non intersection,07 - Dark,03 - P.D. only,07 - SMV other,Navan - Vars
9854,HIGHWAY 417 btwn HWY417 IC117 RAMP35 & HWY417 IC117 RAMP25,371181.3302,5031352.154,-75.65180908,45.41895518,2014-11-04,17:15,01 - Clear,01 - Dry,10 - No control,01 - Non intersection,07 - Dark,03 - P.D. only,03 - Rear end,Industrial Park
9855,HIGHWAY 417 btwn HWY417 IC117 RAMP51 & HWY417 IC117 RAMP35,370505.5008,5031142.675,-75.66047152,45.41713417,2014-11-04,22:05,02 - Rain,02 - Wet,10 - No control,01 - Non intersection,07 - Dark,03 - P.D. only,03 - Rear end,Industrial Park
9856,HIGHWAY 417 btwn HWY417 IC138 RAMP61 & HWY417 IC134 RAMP36,355552.0203,5021781.014,-75.85248226,45.33414191,2014-10-30,19:00,01 - Clear,01 - Dry,10 - No control,01 - Non intersection,07 - Dark,03 - P.D. only,04 - Sideswipe,Greenbelt
9857,EAGLESON RD btwn MARCH RD & HWY417 IC138 RAMP35,352955.1977,5020200.832,-75.88576546,45.32010614,2014-07-24,13:11,01 - Clear,01 - Dry,10 - No control,01 - Non intersection,01 - Daylight,03 - P.D. only,03 - Rear end,Katimavik - Hazeldean
9858,CYRVILLE RD btwn STAR TOP RD & MEADOWBROOK RD,374572.3869,5031262.461,-75.60849753,45.41781822,2014-09-26,7:35,01 - Clear,01 - Dry,10 - No control,01 - Non intersection,01 - Daylight,03 - P.D. only,03 - Rear end,Pineview
9859,RICHMOND RD @ ROBERTSON RD,357578.129,5020750.429,-75.82674387,45.32471915,2014-09-26,10:20,01 - Clear,01 - Dry,01 - Traffic signal,02 - Intersection related,01 - Daylight,03 - P.D. only,07 - SMV other,Bells Corners East
9860,HIGHWAY 416 btwn HWY416 IC75A RAMP26 & HWY416 IC72 RAMP62,359224.1296,5020761.218,-75.80574725,45.32469054,2014-06-29,1:22,01 - Clear,01 - Dry,10 - No control,01 - Non intersection,07 - Dark,03 - P.D. only,07 - SMV other,Greenbelt
9861,HIGHWAY 7 btwn ASHTON STATION RD & OVERPASS RD,339984.8019,5003795.081,-76.05236188,45.1732479,2014-06-18,22:08,01 - Clear,01 - Dry,10 - No control,01 - Non intersection,07 - Dark,03 - P.D. only,07 - SMV other,Munster Hamlet - Richmond
9862,HIGHWAY 417 btwn HWY417 IC180 RAMP61 & HWY417 IC169 RAMP36,321381.2349,5029289.557,-76.28819084,45.40334766,2014-06-18,18:49,01 - Clear,01 - Dry,10 - No control,01 - Non intersection,01 - Daylight,03 - P.D. only,07 - SMV other,Mississipp
9863,HIGHWAY 417 btwn HWY417 IC117 RAMP36 & HWY417 IC117 RAMP26,370477.3983,5031153.471,-75.66082911,45.41723395,2014-07-03,15:03,01 - Clear,01 - Dry,10 - No control,01 - Non intersection,01 - Daylight,03 - P.D. only,03 - Rear end,Industrial Park
9864,HIGHWAY 417 btwn HWY417 IC121B RAMP51 & HWY417 IC121A RAMP51,366747.9382,5029568.735,-75.70867548,45.40331507,2014-06-29,8:45,01 - Clear,01 - Dry,10 - No control,01 - Non intersection,01 - Daylight,03 - P.D. only,07 - SMV other,Little Italy
9865,HIGHWAY 417 btwn HWY417 IC118 RAMP35 & HWY417 IC117 RAMP51,369790.4226,5031137.764,-75.66960785,45.41715677,2014-03-13,15:14,01 - Clear,01 - Dry,10 - No control,01 - Non intersection,01 - Daylight,03 - P.D. only,03 - Rear end,Old Ottawa East
9866,HIGHWAY 417 btwn HWY417 IC117 RAMP26 & HWY417 IC117 RAMP61,370837.2544,5031222.296,-75.65622245,45.41781933,2014-03-07,10:00,01 - Clear,01 - Dry,10 - No control,01 - Non intersection,01 - Daylight,03 - P.D. only,03 - Rear end,Industrial Park
9867,HIGHWAY 417 btwn HWY417 IC122 RAMP51 & HWY417 IC122 RAMP15,365249.0205,5028807.64,-75.7279142,45.39659795,2014-03-14,16:55,01 - Clear,01 - Dry,10 - No control,01 - Non intersection,01 - Daylight,03 - P.D. only,07 - SMV other,Civi
9868,HIGHWAY 417 btwn HWY417 IC140 RAMP35 & HWY417 IC140 RAMP25,350922.0613,5018538.919,-75.91185204,45.30528834,2014-03-31,9:00,01 - Clear,01 - Dry,10 - No control,01 - Non intersection,01 - Daylight,03 - P.D. only,04 - Sideswipe,Katimavik - Hazeldean
9869,HIGHWAY 417 btwn HWY417 IC117 RAMP51 & HWY417 IC117 RAMP35,370796.5077,5031189.899,-75.65674737,45.41753168,2014-03-29,12:45,01 - Clear,01 - Dry,10 - No control,01 - Non intersection,01 - Daylight,03 - P.D. only,03 - Rear end,Industrial Park
9870,HIGHWAY 417 btwn HWY417 IC140 RAMP61 & HWY417 IC139 RAMP61,351566.7352,5019135.008,-75.90357537,45.31060947,2014-03-31,9:00,01 - Clear,01 - Dry,10 - No control,01 - Non intersection,01 - Daylight,03 - P.D. only,03 - Rear end,Kanata
9871,HIGHWAY 417 btwn HWY417 IC138 RAMP26 & HWY417 IC138 RAMP61,353690.9058,5020690.458,-75.87633349,45.32446104,2014-04-01,8:45,01 - Clear,01 - Dry,10 - No control,01 - Non intersection,01 - Daylight,03 - P.D. only,03 - Rear end,Greenbelt
9872,ST. PATRICK ST EB btwn MURRAY ST & BEAUSOLEIL DR,368369.3247,5032886.394,-75.6875379,45.43302088,2014-09-05,6:52,01 - Clear,01 - Dry,10 - No control,01 - Non intersection,03 - Dawn,03 - P.D. only,03 - Rear end,Lower Town
9873,ABBOTT ST @ STITTSVILLE MAIN ST,350249.0582,5013331.417,-75.92091064,45.25847344,2014-08-21,18:40,02 - Rain,02 - Wet,01 - Traffic signal,02 - Intersection related,01 - Daylight,03 - P.D. only,03 - Rear end,Stittsville
9874,PRESTON ST btwn ANDERSON ST & OAK ST,366372.3802,5029984.791,-75.71342046,45.40709177,2014-09-09,14:09,01 - Clear,01 - Dry,10 - No control,01 - Non intersection,01 - Daylight,03 - P.D. only,04 - Sideswipe,Little Italy
9875,MAXIME ST btwn EUGENE ST & MEADOWBROOK RD,374432.5487,5032261.164,-75.6101429,45.42681795,2014-10-13,4:51,01 - Clear,01 - Dry,10 - No control,01 - Non intersection,07 - Dark,03 - P.D. only,06 - SMV unattended vehicle,Pineview
9876,HIGHWAY 417 btwn HWY417 IC115 RAMP36 & HWY417 IC115 RAMP26,372385.8231,5031513.006,-75.63639829,45.42028714,2014-07-18,13:44,01 - Clear,01 - Dry,10 - No control,01 - Non intersection,01 - Daylight,03 - P.D. only,03 - Rear end,Overbrook
9877,HIGHWAY 417 btwn HWY417 IC119B RAMP57 & HWY417 IC119A RAMP75,368424.9388,5030420.72,-75.68714562,45.41083055,2014-07-18,15:59,01 - Clear,01 - Dry,10 - No control,01 - Non intersection,01 - Daylight,03 - P.D. only,03 - Rear end,The Glebe
9878,HIGHWAY 417 btwn HWY417 IC180 RAMP51 & HWY417 IC180 RAMP35,317666.1008,5031040.344,-76.33560215,45.41918033,2014-07-22,21:35,01 - Clear,01 - Dry,10 - No control,01 - Non intersection,07 - Dark,03 - P.D. only,07 - SMV other,Arnprior
9879,HIGHWAY 417 btwn HIGHWAY 417 & HWY417 IC140 RAMP51,350294.5731,5018182.521,-75.91988606,45.30212229,2014-10-14,6:45,01 - Clear,01 - Dry,10 - No control,01 - Non intersection,07 - Dark,03 - P.D. only,03 - Rear end,Katimavik - Hazeldean
9880,HIGHWAY 417 btwn HWY417 IC118 RAMP67 & HWY417 IC117 RAMP36,369746.8207,5031156.721,-75.6701624,45.41733138,2014-10-17,12:20,01 - Clear,02 - Wet,10 - No control,01 - Non intersection,01 - Daylight,03 - P.D. only,04 - Sideswipe,Sandy Hill
9881,HIGHWAY 417 btwn HWY417 IC144 RAMP16 & HWY417 IC144 RAMP61,347790.5105,5016220.654,-75.9519846,45.28462644,2014-10-18,15:10,01 - Clear,01 - Dry,10 - No control,01 - Non intersection,01 - Daylight,03 - P.D. only,03 - Rear end,Stittsville - Basswood
9882,HIGHWAY 417 btwn HIGHWAY 417 & HWY417 IC138 RAMP26,352943.8233,5020255.809,-75.88590519,45.32060162,2014-10-18,18:30,01 - Clear,01 - Dry,10 - No control,01 - Non intersection,07 - Dark,03 - P.D. only,03 - Rear end,Greenbelt
9883,HIGHWAY 417 btwn HWY417 IC118 RAMP76 & HWY417 IC118 RAMP67,369484.2615,5031071.413,-75.67352802,45.41658814,2014-11-05,16:56,01 - Clear,01 - Dry,10 - No control,01 - Non intersection,05 - Dusk,03 - P.D. only,03 - Rear end,Sandy Hill
9884,CATHERINE ST @ KENT ST,367905.7798,5030190.01,-75.69380712,45.4088017,2014-12-26,15:49,01 - Clear,01 - Dry,01 - Traffic signal,03 - At intersection,01 - Daylight,03 - P.D. only,05 - Turning movement,Centretown
9885,HERON RD EB btwn RIVERSIDE DR & BRONSON AVE RAMP 35,368272.2897,5026649.117,-75.68958084,45.37690865,2014-09-26,11:11,01 - Clear,01 - Dry,10 - No control,01 - Non intersection,01 - Daylight,03 - P.D. only,03 - Rear end,Riverside Park
9886,CLYDE AVE btwn STARWOOD RD & LOTTA AVE,364480.566,5024603.845,-75.7382365,45.35883884,2014-09-26,13:00,01 - Clear,01 - Dry,10 - No control,04 - At/near private drive,01 - Daylight,03 - P.D. only,04 - Sideswipe,Cityview - Skyline - Fisher Heights
9887,HIGHWAY 417 btwn HWY417 IC117 RAMP26 & HWY417 IC117 RAMP61,370854.3276,5031228.762,-75.65600346,45.4178759,2014-06-27,14:00,01 - Clear,01 - Dry,10 - No control,01 - Non intersection,01 - Daylight,03 - P.D. only,03 - Rear end,Industrial Park
9888,HIGHWAY 416 btwn HWY416 IC42 RAMP34 & HWY416 IC42 RAMP43,371453.3366,4995161.484,-75.653188,45.09329179,2014-06-20,12:00,01 - Clear,01 - Dry,10 - No control,01 - Non intersection,01 - Daylight,03 - P.D. only,07 - SMV other,Manotick - North Gower
9889,HIGHWAY 417 btwn HWY417 IC138 RAMP26 & HWY417 IC138 RAMP61,353544.8918,5020602.534,-75.87820463,45.32368004,2014-07-04,18:30,01 - Clear,01 - Dry,10 - No control,01 - Non intersection,01 - Daylight,03 - P.D. only,04 - Sideswipe,Greenbelt
9890,CARP RD/HWY 417 CARP IC144R63 @ HWY 417 CARP I,347300.4631,5015928.711,-75.95825613,45.28202923,2014-03-14,15:30,01 - Clear,01 - Dry,01 - Traffic signal,02 - Intersection related,01 - Daylight,03 - P.D. only,03 - Rear end,Stittsville - Basswood
9891,HIGHWAY 417 btwn HWY 417 ANDERSON IC104R61 & HWY 417 BOUNDARY IC96R16,381492.9492,5025634.915,-75.52095854,45.36646122,2014-03-15,17:40,01 - Clear,02 - Wet,10 - No control,01 - Non intersection,01 - Daylight,03 - P.D. only,07 - SMV other,Greenbelt
9892,HIGHWAY 417 btwn HWY417 IC129 RAMP26 & HWY417 IC129 RAMP61,360560.3269,5023633.778,-75.78837987,45.35043295,2014-03-16,16:20,01 - Clear,01 - Dry,10 - No control,01 - Non intersection,01 - Daylight,03 - P.D. only,03 - Rear end,Whitehaven - Queensway Terrace North
9893,HIGHWAY 417 btwn HWY417 IC104 RAMP16 & HWY417 IC104 RAMP61,380065.3703,5025947.048,-75.53913248,45.36942435,2014-04-01,6:11,01 - Clear,01 - Dry,10 - No control,01 - Non intersection,03 - Dawn,03 - P.D. only,07 - SMV other,Greenbelt
9894,MAITLAND AVE/HWY 417 MAITLAND IC126R53 @ HWY 4,363227.4346,5025774.595,-75.75409167,45.36947866,2014-04-01,8:50,01 - Clear,01 - Dry,01 - Traffic signal,02 - Intersection related,01 - Daylight,03 - P.D. only,03 - Rear end,Braemar Park - Bel Air Heights - Copeland Park
9895,HIGHWAY 417 btwn HWY417 IC117 RAMP51 & HWY417 IC117 RAMP35,370793.6641,5031188.951,-75.65678382,45.41752342,2014-04-02,16:10,01 - Clear,01 - Dry,10 - No control,01 - Non intersection,01 - Daylight,03 - P.D. only,04 - Sideswipe,Industrial Park
9896,FIELDING DR @ MCCARTHY RD,369366.2127,5025039.771,-75.67582533,45.36232827,2014-09-09,16:16,01 - Clear,01 - Dry,01 - Traffic signal,02 - Intersection related,01 - Daylight,03 - P.D. only,03 - Rear end,Hunt Club Woods - Quintarra - Revelstoke - Riverside South P
9897,BEARBROOK RD/ROCKCLIFFE PKWY @ ST. JOSEPH BLVD,377124.5776,5035251.376,-75.5753056,45.45344878,2014-09-10,23:02,02 - Rain,02 - Wet,01 - Traffic signal,02 - Intersection related,07 - Dark,03 - P.D. only,07 - SMV other,Greenbelt
9898,AIRPORT PKWY @ HUNT CLUB RD,371019.0019,5023703.946,-75.65490902,45.35015477,2014-09-14,17:28,01 - Clear,08 - Loose sand or gravel,01 - Traffic signal,02 - Intersection related,01 - Daylight,03 - P.D. only,03 - Rear end,Hunt Club East - Western Community
9899,BANK ST @ RANDALL AVE,369740.1991,5027281.596,-75.67075722,45.38246498,2014-10-13,9:43,01 - Clear,01 - Dry,01 - Traffic signal,03 - At intersection,01 - Daylight,03 - P.D. only,05 - Turning movement,Alta Vista
9900,PORTOBELLO BLVD @ VALIN ST,385349.3442,5037698.517,-75.4697644,45.47456619,2014-10-13,16:55,01 - Clear,01 - Dry,02 - Stop sign,03 - At intersection,01 - Daylight,03 - P.D. only,02 - Angle,Fallingbrook
9901,HIGHWAY 7 btwn HWY 7 HAZELDEAN RD IC RAMP 34 & HAZELDEAN RD IC RAMP 63,346371.029,5012374.397,-75.97040039,45.25010159,2014-07-25,21:40,01 - Clear,01 - Dry,10 - No control,01 - Non intersection,07 - Dark,03 - P.D. only,07 - SMV other,Stittsville - Basswood
9902,HIGHWAY 417 btwn HWY417 IC117 RAMP51 & HWY417 IC117 RAMP35,370997.4556,5031281.842,-75.65416774,45.41833996,2014-07-26,19:40,01 - Clear,01 - Dry,10 - No control,01 - Non intersection,01 - Daylight,03 - P.D. only,03 - Rear end,Industrial Park
9903,HIGHWAY 417 btwn HWY417 IC117 RAMP36 & HWY417 IC117 RAMP26,370604.0907,5031169.046,-75.65920844,45.41736218,2014-07-26,21:30,01 - Clear,01 - Dry,10 - No control,01 - Non intersection,07 - Dark,03 - P.D. only,04 - Sideswipe,Industrial Park
9904,HIGHWAY 417 btwn HWY417 IC118 RAMP57 & HWY417 IC118 RAMP35,369489.9487,5031056.247,-75.67345735,45.41645115,2014-10-18,19:30,01 - Clear,01 - Dry,10 - No control,01 - Non intersection,07 - Dark,03 - P.D. only,03 - Rear end,Old Ottawa East
9905,HIGHWAY 417 btwn HWY417 IC117 RAMP61 & HWY417 IC115 RAMP36,371349.8042,5031397.366,-75.64965053,45.41934597,2014-10-19,22:45,01 - Clear,01 - Dry,10 - No control,01 - Non intersection,07 - Dark,03 - P.D. only,03 - Rear end,Industrial Park
9906,HIGHWAY 417 btwn HWY417 IC96 RAMP61 & HIGHWAY 417,387477.7081,5023871.143,-75.44486629,45.34991197,2014-09-27,4:16,01 - Clear,01 - Dry,10 - No control,01 - Non intersection,07 - Dark,03 - P.D. only,07 - SMV other,Navan - Vars
9907,HIGHWAY 417 btwn HWY417 IC127 RAMP63 & HWY417 IC127 RAMP67,362121.4456,5024852.843,-75.76831694,45.36127615,2014-10-07,8:00,01 - Clear,01 - Dry,10 - No control,01 - Non intersection,01 - Daylight,03 - P.D. only,07 - SMV other,Carlingwood West - Glabar Park - McKellar Heights
9908,RICHMOND RD btwn JOHN SUTHERLAND DR & HOLLY ACRES RD,359004.7003,5022620.396,-75.80834255,45.34143648,2014-12-10,20:38,03 - Snow,03 - Loose snow,10 - No control,01 - Non intersection,07 - Dark,03 - P.D. only,07 - SMV other,Qualicum - Redwood Park
9909,HWY 417 INNES IC112R57 @ INNES RD,374298.8479,5030754.754,-75.61206379,45.41327736,2014-09-13,15:35,02 - Rain,02 - Wet,01 - Traffic signal,02 - Intersection related,01 - Daylight,03 - P.D. only,03 - Rear end,Industrial Park
9910,BRONSON AVE @ IMPERIAL AVE/PLYMOUTH ST,367319.6534,5029644.027,-75.70136354,45.4039417,2014-09-26,13:20,01 - Clear,01 - Dry,10 - No control,03 - At intersection,01 - Daylight,03 - P.D. only,05 - Turning movement,The Glebe
9911,QUEEN ST btwn METCALFE ST & ELGIN ST,367670.9769,5031693.849,-75.69661464,45.42235389,2014-09-26,14:21,01 - Clear,01 - Dry,10 - No control,01 - Non intersection,01 - Daylight,03 - P.D. only,05 - Turning movement,Downtown
9912,HIGHWAY 417 btwn HWY417 IC118 RAMP35 & HWY417 IC117 RAMP51,370407.8821,5031128.288,-75.66172059,45.41701388,2014-07-04,20:55,01 - Clear,01 - Dry,10 - No control,01 - Non intersection,05 - Dusk,03 - P.D. only,03 - Rear end,Industrial Park
9913,HIGHWAY 417 btwn HWY417 IC138 RAMP26 & HWY417 IC138 RAMP61,353364.6764,5020502.254,-75.88051318,45.32279019,2014-07-04,17:30,01 - Clear,01 - Dry,10 - No control,01 - Non intersection,01 - Daylight,03 - P.D. only,03 - Rear end,Greenbelt
9914,HIGHWAY 416 btwn HWY416 IC57 RAMP53 & HWY416 IC49 RAMP34,365495.8859,5006733.664,-75.72746328,45.19795642,2014-07-06,1:15,01 - Clear,01 - Dry,10 - No control,01 - Non intersection,07 - Dark,03 - P.D. only,07 - SMV other,Manotick - North Gower
9915,HIGHWAY 417 btwn HWY417 IC127 RAMP63 & HWY417 IC127 RAMP67,362107.9089,5024845.201,-75.7684906,45.36120849,2014-03-14,16:05,01 - Clear,01 - Dry,10 - No control,01 - Non intersection,01 - Daylight,03 - P.D. only,03 - Rear end,Whitehaven - Queensway Terrace North
9916,HIGHWAY 417 btwn HWY417 IC129 RAMP61 & TRANSIT,361230.6798,5024163.811,-75.77976493,45.35514854,2014-03-14,17:15,01 - Clear,01 - Dry,10 - No control,01 - Non intersection,01 - Daylight,03 - P.D. only,04 - Sideswipe,Whitehaven - Queensway Terrace North
9917,HIGHWAY 416 btwn HWY416 IC66 RAMP62 & HWY416 IC72 RAMP24,359851.8039,5018989.484,-75.79793792,45.30869944,2014-03-15,21:40,01 - Clear,01 - Dry,10 - No control,01 - Non intersection,07 - Dark,03 - P.D. only,07 - SMV other,Greenbelt
9918,HWY416 IC75A RAMP26 btwn HIGHWAY 417 & HIGHWAY 416,358327.8162,5022678.924,-75.81697271,45.34201509,2014-03-29,3:40,01 - Clear,01 - Dry,10 - No control,01 - Non intersection,07 - Dark,03 - P.D. only,07 - SMV other,Greenbelt
9919,HIGHWAY 417 btwn HWY417 IC115 RAMP61 & REGIONAL ROAD 174,373237.9558,5031710.163,-75.62548374,45.42197822,2014-04-02,6:39,01 - Clear,01 - Dry,10 - No control,01 - Non intersection,01 - Daylight,03 - P.D. only,03 - Rear end,Cummings
9920,DUNNING RD btwn FRENCH HILL RD & INNES RD,391738.3603,5039180.691,-75.38780069,45.48713478,2014-09-11,5:47,02 - Rain,02 - Wet,10 - No control,01 - Non intersection,07 - Dark,03 - P.D. only,03 - Rear end,Cumberland - Estates
9921,REGIONAL ROAD 174 btwn QUIGLEY HILL RD & CAMERON ST,388576.5263,5042429.049,-75.42768794,45.51674644,2014-09-11,8:23,01 - Clear,02 - Wet,10 - No control,01 - Non intersection,01 - Daylight,03 - P.D. only,07 - SMV other,Cumberland - Estates
9922,BESSERER ST @ WALLER ST,368316.0956,5032191.815,-75.68830773,45.42677614,2014-09-20,15:00,01 - Clear,01 - Dry,01 - Traffic signal,03 - At intersection,01 - Daylight,03 - P.D. only,05 - Turning movement,Byward Market - Parliament Hill
9923,CARLING AVE @ NAUTICA PRIV,357743.2627,5023499.522,-75.82434338,45.34944323,2014-09-25,8:15,01 - Clear,01 - Dry,10 - No control,02 - Intersection related,01 - Daylight,03 - P.D. only,03 - Rear end,Crystal Bay - Lakeview Park - Britannia Village