Record,Location,X,Y,lon,lat,Date,Time,Environment,Road_Surface,Traffic_Control,Collision_Location,Light,Collision_Classification,Impact_type,Neighborhood
9924,BORTHWICK AVE btwn QUEBEC ST & BURN ST,372238.1348,5033257.031,-75.6380464,45.4359933,2014-10-13,18:32,01 - Clear,02 - Wet,10 - No control,01 - Non intersection,05 - Dusk,03 - P.D. only,07 - SMV other,Cummings
9925,PERTH ST btwn FRANKTOWN RD & ROCHELLE DR,355971.5209,5005549.124,-75.8488023,45.18805317,2014-10-13,19:27,02 - Rain,02 - Wet,10 - No control,04 - At/near private drive,07 - Dark,03 - P.D. only,05 - Turning movement,Munster Hamlet - Richmond
9926,HIGHWAY 417 btwn HWY417 IC117 RAMP51 & HWY417 IC117 RAMP35,370604.0907,5031156.724,-75.65921009,45.41725131,2014-07-23,13:40,01 - Clear,01 - Dry,10 - No control,01 - Non intersection,01 - Daylight,03 - P.D. only,03 - Rear end,Industrial Park
9927,HIGHWAY 417 btwn HWY417 IC134 RAMP35 & HWY417 IC134 RAMP25,356516.7169,5022294.666,-75.84012135,45.33869336,2014-07-22,7:38,01 - Clear,01 - Dry,10 - No control,01 - Non intersection,01 - Daylight,03 - P.D. only,04 - Sideswipe,Greenbelt
9928,HIGHWAY 417 btwn HWY417 IC155 RAMP61 & HWY417 IC145 RAMP56,346023.1946,5014820.448,-75.97462852,45.27213268,2014-05-01,17:34,01 - Clear,01 - Dry,10 - No control,01 - Non intersection,01 - Daylight,03 - P.D. only,03 - Rear end,Stittsville - Basswood
9929,HIGHWAY 417 btwn HWY417 IC117 RAMP26 & HWY417 IC117 RAMP61,371153.8537,5031369.994,-75.65215772,45.4191183,2014-07-24,21:47,02 - Rain,02 - Wet,10 - No control,01 - Non intersection,07 - Dark,03 - P.D. only,07 - SMV other,Overbrook
9930,HIGHWAY 417 btwn HWY417 IC144 RAMP25 & HWY417 IC142 RAMP51,348339.2802,5016662.436,-75.9449508,45.28856797,2014-10-07,6:50,02 - Rain,02 - Wet,10 - No control,01 - Non intersection,07 - Dark,03 - P.D. only,04 - Sideswipe,Stittsville - Basswood
9931,HIGHWAY 417 btwn HWY417 IC129 RAMP25 & TRANSIT,361497.7983,5024336.618,-75.7763361,45.3566819,2014-10-07,13:35,02 - Rain,02 - Wet,10 - No control,01 - Non intersection,01 - Daylight,03 - P.D. only,03 - Rear end,Iris
9932,HIGHWAY 417 btwn HWY417 IC117 RAMP26 & HWY417 IC117 RAMP61,370822.4149,5031216.278,-75.65641284,45.41776659,2014-10-16,8:45,01 - Clear,01 - Dry,10 - No control,01 - Non intersection,01 - Daylight,03 - P.D. only,03 - Rear end,Industrial Park
9933,HIGHWAY 416 btwn HWY416 IC72 RAMP63 & HWY416 IC72 RAMP53,359572.341,5019401.596,-75.80145602,45.3124295,2014-10-20,16:55,02 - Rain,02 - Wet,10 - No control,01 - Non intersection,01 - Daylight,03 - P.D. only,07 - SMV other,Greenbelt
9934,CAMEO DR @ MAITLAND AVE,364152.9581,5025146.624,-75.74235253,45.3637505,2014-12-22,15:02,01 - Clear,01 - Dry,02 - Stop sign,03 - At intersection,01 - Daylight,03 - P.D. only,05 - Turning movement,Civic Hospital - Experimental Farm - Central Park
9935,MAITLAND AVE btwn HWY417 IC126 RAMP25 & WOODWARD DR,363263.742,5025689.068,-75.75363832,45.36870607,2014-09-18,10:50,01 - Clear,01 - Dry,10 - No control,01 - Non intersection,01 - Daylight,03 - P.D. only,03 - Rear end,Braemar Park - Bel Air Heights - Copeland Park
9936,MOODIE DR btwn CORKSTOWN RD & HWY417 IC134 RAMP62,356351.8121,5022724.53,-75.84218052,45.34257345,2014-09-19,8:15,01 - Clear,01 - Dry,10 - No control,01 - Non intersection,01 - Daylight,03 - P.D. only,04 - Sideswipe,Crystal Bay - Lakeview Park - Britannia Village
9937,WOODROFFE AVE @ SPORTSPLEX S,363831.6589,5020900.397,-75.74696035,45.3255705,2014-09-26,14:30,01 - Clear,01 - Dry,01 - Traffic signal,03 - At intersection,01 - Daylight,03 - P.D. only,02 - Angle,Merivale Gardens - Grenfell Glen - Pineglen - Country Place
9938,KLONDIKE RD @ MARCH RD,349263.4449,5024060.673,-75.93250566,45.35508148,2014-09-26,13:45,02 - Rain,02 - Wet,01 - Traffic signal,02 - Intersection related,01 - Daylight,03 - P.D. only,03 - Rear end,South March
9939,CHATELAIN AVE btwn KIRKWOOD AVE & MERIVALE RD,364818.162,5026754.004,-75.73366659,45.3781568,2014-05-05,0:00,01 - Clear,01 - Dry,10 - No control,01 - Non intersection,00 - Unknown,03 - P.D. only,06 - SMV unattended vehicle,Carlington
9940,HIGHWAY 417 btwn HWY417 IC118 RAMP57 & HWY417 IC118 RAMP35,369295.6359,5030927.337,-75.6759567,45.4153092,2014-07-06,23:40,01 - Clear,01 - Dry,10 - No control,01 - Non intersection,07 - Dark,03 - P.D. only,03 - Rear end,Old Ottawa East
9941,HIGHWAY 417 btwn HWY417 IC119A RAMP75 & HWY417 IC118 RAMP57,369051.0861,5030767.148,-75.6791018,45.41389038,2014-06-07,19:06,01 - Clear,01 - Dry,10 - No control,01 - Non intersection,01 - Daylight,03 - P.D. only,03 - Rear end,Old Ottawa East
9942,HIGHWAY 417 btwn HWY417 IC118 RAMP57 & HWY417 IC118 RAMP35,369211.2757,5030876.152,-75.67704112,45.41485643,2014-06-06,10:56,01 - Clear,01 - Dry,10 - No control,01 - Non intersection,01 - Daylight,03 - P.D. only,03 - Rear end,Old Ottawa East
9943,HIGHWAY 417 btwn HWY417 IC121A RAMP16 & HWY417 IC121A RAMP61,367279.1225,5029765.033,-75.7018659,45.4050341,2014-06-06,11:00,01 - Clear,01 - Dry,10 - No control,01 - Non intersection,01 - Daylight,03 - P.D. only,99 - Other,The Glebe
9944,HIGHWAY 417 btwn HWY417 IC129 RAMP76 & HWY417 IC129 RAMP26,360452.2701,5023554.157,-75.78976776,45.3497251,2014-03-10,13:21,01 - Clear,01 - Dry,10 - No control,01 - Non intersection,01 - Daylight,03 - P.D. only,99 - Other,Whitehaven - Queensway Terrace North
9945,HIGHWAY 417 btwn HWY417 IC104 RAMP16 & HWY417 IC104 RAMP61,380504.3623,5025841.127,-75.53354516,45.36842406,2014-03-17,5:44,01 - Clear,01 - Dry,10 - No control,01 - Non intersection,07 - Dark,03 - P.D. only,07 - SMV other,Greenbelt
9946,HIGHWAY 417 btwn Continuation of HIGHWAY 417 & HWY417 IC134 RAMP51,354710.6448,5021236.491,-75.86327116,45.32930256,2014-03-12,21:00,03 - Snow,03 - Loose snow,10 - No control,01 - Non intersection,07 - Dark,03 - P.D. only,07 - SMV other,Greenbelt
9947,HIGHWAY 417 btwn HWY417 IC130 RAMP26 & HIGHWAY 417,359506.2985,5023120.034,-75.80188733,45.34589329,2014-04-03,16:45,01 - Clear,01 - Dry,10 - No control,01 - Non intersection,01 - Daylight,03 - P.D. only,03 - Rear end,Bayshore
9948,HWY417 IC131 RAMP55 btwn HIGHWAY 417 & HWY416 IC75B RAMP25,358692.7451,5022913.047,-75.81229096,45.3440938,2014-04-04,7:45,01 - Clear,01 - Dry,10 - No control,01 - Non intersection,01 - Daylight,03 - P.D. only,03 - Rear end,Greenbelt
9949,HIGHWAY 417 btwn HWY417 IC118 RAMP35 & HWY417 IC117 RAMP51,370165.2281,5031101.747,-75.6648242,45.41679779,2014-04-04,10:45,01 - Clear,01 - Dry,10 - No control,01 - Non intersection,01 - Daylight,03 - P.D. only,03 - Rear end,Old Ottawa East
9950,PRINCE OF WALES DR btwn DYNES RD & 187 N OF MEADOWLANDS DR,367129.406,5025918.793,-75.70426401,45.37043997,2014-09-11,8:41,02 - Rain,02 - Wet,10 - No control,04 - At/near private drive,01 - Daylight,03 - P.D. only,02 - Angle,Carleton Heights - Rideauview
9951,BASELINE RD btwn TURN LANE & FISHER AVE,366142.9969,5026012.419,-75.7168443,45.37136943,2014-09-25,17:30,01 - Clear,01 - Dry,10 - No control,01 - Non intersection,01 - Daylight,03 - P.D. only,03 - Rear end,Civic Hospital - Experimental Farm - Central Park
9952,CARLING AVE @ MERIVALE RD,364896.1256,5027701.492,-75.73255587,45.38667543,2014-10-03,13:08,01 - Clear,01 - Dry,01 - Traffic signal,02 - Intersection related,01 - Daylight,03 - P.D. only,03 - Rear end,Carlington
9953,HAZELDEAN RD btwn HAZELDEAN RD IC RAMP 24 & HAZELDEAN RD IC RAMP 52,346444.6818,5012300.182,-75.96946834,45.24942942,2014-10-13,23:14,01 - Clear,01 - Dry,10 - No control,01 - Non intersection,07 - Dark,03 - P.D. only,07 - SMV other,Stittsville - Basswood
9954,HIGHWAY 417 btwn HWY417 IC118 RAMP57 & HWY417 IC118 RAMP35,369399.9013,5031001.271,-75.67461497,45.41596482,2014-07-28,16:15,01 - Clear,01 - Dry,10 - No control,01 - Non intersection,01 - Daylight,03 - P.D. only,03 - Rear end,Old Ottawa East
9955,HIGHWAY 417 btwn HWY417 IC169 RAMP35 & HWY417 IC169 RAMP25,325561.9456,5024780.471,-76.23497649,45.36266103,2014-07-28,8:40,01 - Clear,01 - Dry,10 - No control,01 - Non intersection,01 - Daylight,03 - P.D. only,03 - Rear end,Antrim
9956,HIGHWAY 416 btwn HWY416 IC49 RAMP24 & HWY416 IC42 RAMP42,371046.1137,4996090.613,-75.65823826,45.10169043,2014-07-28,15:15,01 - Clear,01 - Dry,10 - No control,01 - Non intersection,01 - Daylight,03 - P.D. only,07 - SMV other,Kars - Osgoode
9957,HIGHWAY 417 btwn HWY417 IC117 RAMP51 & HWY417 IC117 RAMP35,370765.2281,5031183.264,-75.65714788,45.41747493,2014-07-29,5:43,01 - Clear,01 - Dry,10 - No control,01 - Non intersection,03 - Dawn,03 - P.D. only,04 - Sideswipe,Industrial Park
9958,HIGHWAY 417 btwn HWY417 IC115 RAMP61 & REGIONAL ROAD 174,373240.7994,5031715.85,-75.62544662,45.42202911,2014-10-16,6:40,02 - Rain,02 - Wet,10 - No control,01 - Non intersection,07 - Dark,03 - P.D. only,04 - Sideswipe,Cummings
9959,HIGHWAY 416 btwn HWY416 IC49 RAMP34 & HWY416 IC49 RAMP43,369171.5524,5001141.704,-75.68140527,45.14731377,2014-10-16,8:05,01 - Clear,01 - Dry,10 - No control,01 - Non intersection,01 - Daylight,03 - P.D. only,07 - SMV other,Kars - Osgoode
9960,HWY417 IC126 RAMP25 btwn MAITLAND AVE & HWY417 IC126 RAMP55,363253.6013,5025718.687,-75.75376426,45.36897343,2014-10-20,3:00,02 - Rain,02 - Wet,10 - No control,01 - Non intersection,07 - Dark,03 - P.D. only,03 - Rear end,Braemar Park - Bel Air Heights - Copeland Park
9961,CARP RD btwn RIVINGTON ST & MARCH RD,341736.6351,5022215.744,-76.02870577,45.33891702,2014-12-02,15:38,01 - Clear,01 - Dry,10 - No control,04 - At/near private drive,01 - Daylight,03 - P.D. only,05 - Turning movement,Carp - Hardwood Plains
9962,HAZELDEAN RD @ TERRY FOX DR,352208.0849,5017241.503,-75.89557765,45.29352824,2014-09-19,9:55,01 - Clear,01 - Dry,01 - Traffic signal,02 - Intersection related,01 - Daylight,03 - P.D. only,04 - Sideswipe,Glen Cairn - Kanata South Business Park
9963,WEST HUNT CLUB RD @ WOODROFFE AVE,363672.5912,5021246.964,-75.74894811,45.32870224,2014-09-19,17:30,01 - Clear,01 - Dry,01 - Traffic signal,02 - Intersection related,01 - Daylight,03 - P.D. only,03 - Rear end,Merivale Gardens - Grenfell Glen - Pineglen - Country Place
9964,BANK ST @ SUNNYSIDE AVE,368734.2348,5028580.601,-75.68343311,45.39424557,2014-09-26,14:15,01 - Clear,01 - Dry,01 - Traffic signal,02 - Intersection related,01 - Daylight,03 - P.D. only,03 - Rear end,Old Ottawa South
9965,HIGHWAY 417 btwn HWY417 IC117 RAMP26 & HWY417 IC117 RAMP61,370790.8205,5031202.221,-75.65681837,45.41764309,2014-06-12,18:30,01 - Clear,01 - Dry,10 - No control,01 - Non intersection,01 - Daylight,03 - P.D. only,03 - Rear end,Industrial Park
9966,HIGHWAY 417 btwn HWY417 IC112 RAMP66 & HWY417 IC112 RAMP56,374463.8838,5030862.293,-75.6099403,45.41422853,2014-07-07,8:20,01 - Clear,01 - Dry,10 - No control,01 - Non intersection,01 - Daylight,03 - P.D. only,03 - Rear end,Industrial Park
9967,HIGHWAY 417 btwn HWY417 IC122 RAMP51 & HWY417 IC122 RAMP15,365319.3715,5028864.686,-75.72700873,45.39710516,2014-07-07,18:07,01 - Clear,01 - Dry,10 - No control,01 - Non intersection,01 - Daylight,03 - P.D. only,03 - Rear end,Civi
9968,HIGHWAY 417 btwn HWY417 IC115 RAMP25 & REGIONAL ROAD 174,373279.9222,5031705.255,-75.62494823,45.42192995,2014-03-17,12:30,01 - Clear,01 - Dry,10 - No control,01 - Non intersection,01 - Daylight,03 - P.D. only,04 - Sideswipe,Industrial Park
9969,HIGHWAY 417 btwn HWY417 IC117 RAMP61 & HWY417 IC115 RAMP36,372010.4677,5031475.092,-75.64119915,45.41998216,2014-03-07,19:00,01 - Clear,01 - Dry,10 - No control,01 - Non intersection,07 - Dark,03 - P.D. only,04 - Sideswipe,Overbrook
9970,HIGHWAY 417 btwn HWY417 IC126 RAMP61 & HWY417 IC124 RAMP76,364093.9899,5027103.976,-75.74287023,45.38136745,2014-03-18,7:45,01 - Clear,01 - Dry,10 - No control,01 - Non intersection,01 - Daylight,03 - P.D. only,04 - Sideswipe,Westboro
9971,HIGHWAY 417 btwn HWY417 IC117 RAMP26 & HWY417 IC117 RAMP61,370828.7352,5031215.492,-75.6563322,45.41775892,2014-03-17,23:15,01 - Clear,01 - Dry,10 - No control,01 - Non intersection,07 - Dark,03 - P.D. only,99 - Other,Industrial Park
9972,HIGHWAY 417 btwn HWY417 IC117 RAMP61 & HWY417 IC115 RAMP36,371781.8685,5031448.445,-75.64412344,45.41976433,2014-03-27,14:43,01 - Clear,01 - Dry,10 - No control,01 - Non intersection,01 - Daylight,03 - P.D. only,03 - Rear end,Overbrook
9973,HIGHWAY 417 btwn HWY417 IC117 RAMP26 & HWY417 IC117 RAMP61,370793.2594,5031207.394,-75.65678652,45.4176894,2014-04-06,12:10,01 - Clear,01 - Dry,10 - No control,01 - Non intersection,01 - Daylight,03 - P.D. only,03 - Rear end,Industrial Park
9974,HIGHWAY 417 btwn HWY417 IC115 RAMP25 & REGIONAL ROAD 174,373273.6356,5031701.381,-75.62502909,45.42189571,2014-04-06,17:30,01 - Clear,01 - Dry,10 - No control,01 - Non intersection,01 - Daylight,03 - P.D. only,07 - SMV other,Industrial Park
9975,HIGHWAY 417 btwn HWY417 IC122 RAMP51 & HWY417 IC122 RAMP15,365319.1627,5028866.408,-75.72701118,45.39712068,2014-01-14,15:40,01 - Clear,01 - Dry,10 - No control,01 - Non intersection,01 - Daylight,03 - P.D. only,04 - Sideswipe,Civi
9976,BRONSON AVE btwn LAKESIDE AVE & LAKEVIEW TER,367661.164,5028824.094,-75.69710596,45.3965336,2014-09-11,8:40,02 - Rain,02 - Wet,10 - No control,01 - Non intersection,01 - Daylight,03 - P.D. only,04 - Sideswipe,The Glebe
9977,MOODIE DR @ ROBERTSON RD,357066.1451,5020456.239,-75.83330552,45.32211031,2014-11-03,8:40,01 - Clear,01 - Dry,01 - Traffic signal,02 - Intersection related,01 - Daylight,03 - P.D. only,03 - Rear end,Bells Corners West
9978,MONTREAL RD btwn PALACE ST & VANIER PKWY,369974.1171,5033009.176,-75.66701339,45.4339779,2014-10-08,20:00,01 - Clear,01 - Dry,10 - No control,01 - Non intersection,07 - Dark,03 - P.D. only,06 - SMV unattended vehicle,Vanier South
9979,POULIN AVE btwn CONN ST & PRISCILLA ST,360253.5235,5025065.475,-75.79213443,45.36333965,2014-09-19,20:00,01 - Clear,01 - Dry,10 - No control,01 - Non intersection,07 - Dark,03 - P.D. only,06 - SMV unattended vehicle,Woodroffe - Lincoln Heights
9980,MCCALLUM DR btwn NICOLET WAY & NICOLET WAY,385089.1967,5037498.459,-75.47312387,45.47279622,2014-09-20,12:00,01 - Clear,01 - Dry,10 - No control,01 - Non intersection,01 - Daylight,03 - P.D. only,06 - SMV unattended vehicle,Fallingbrook
9981,MERIVALE RD btwn BENTLEY AVE & JAMIE AVE,365767.7214,5021572.501,-75.72218237,45.33145251,2014-10-14,6:41,01 - Clear,01 - Dry,10 - No control,01 - Non intersection,07 - Dark,03 - P.D. only,04 - Sideswipe,Merivale Gardens - Grenfell Glen - Pineglen - Country Place
9982,BLAIR RD @ REGIONAL RD 174 N/OR174 IC112 RAMP61,374634.0427,5032991.076,-75.60746475,45.43336521,2014-10-14,6:53,01 - Clear,01 - Dry,01 - Traffic signal,02 - Intersection related,03 - Dawn,03 - P.D. only,03 - Rear end,Industrial Park
9983,HIGHWAY 417 btwn HWY417 IC124 RAMP67 & HWY417 IC123 RAMP62,364606.7862,5027774.118,-75.73624168,45.38735367,2014-07-29,14:40,01 - Clear,01 - Dry,10 - No control,01 - Non intersection,01 - Daylight,03 - P.D. only,03 - Rear end,Westboro
9984,HIGHWAY 7 btwn HWY 7 HAZELDEAN RD IC RAMP 63 & HAZELDEAN RD,346360.9917,5012296.79,-75.97053475,45.24940384,2014-07-12,19:29,01 - Clear,01 - Dry,10 - No control,01 - Non intersection,01 - Daylight,03 - P.D. only,03 - Rear end,Stittsville - Basswood
9985,HIGHWAY 417 btwn HWY417 IC118 RAMP57 & HWY417 IC118 RAMP35,369338.2899,5030962.408,-75.67540718,45.41562083,2014-07-17,15:45,01 - Clear,01 - Dry,10 - No control,01 - Non intersection,01 - Daylight,03 - P.D. only,04 - Sideswipe,Old Ottawa East
9986,HIGHWAY 417 btwn HWY417 IC129 RAMP26 & HWY417 IC129 RAMP61,360602.981,5023670.745,-75.78783139,45.35076219,2014-10-22,20:30,01 - Clear,01 - Dry,10 - No control,01 - Non intersection,07 - Dark,03 - P.D. only,04 - Sideswipe,Whitehaven - Queensway Terrace North
9987,HIGHWAY 417 btwn HWY417 IC140 RAMP61 & HWY417 IC139 RAMP61,351861.5219,5019386.193,-75.89979225,45.31285,2014-10-12,17:30,01 - Clear,01 - Dry,10 - No control,01 - Non intersection,01 - Daylight,03 - P.D. only,04 - Sideswipe,Kanata
9988,HIGHWAY 417 btwn HWY417 IC142 RAMP51 & HWY417 IC142 RAMP35,348555.1834,5016861.593,-75.94218098,45.29034664,2014-10-23,6:35,01 - Clear,01 - Dry,10 - No control,01 - Non intersection,07 - Dark,03 - P.D. only,03 - Rear end,Stittsville - Basswood
9989,PRINCE OF WALES DR @ WEST HUNT CLUB RD,367457.2885,5021890.555,-75.70058893,45.33416549,2014-09-22,18:03,01 - Clear,01 - Dry,01 - Traffic signal,02 - Intersection related,01 - Daylight,03 - P.D. only,03 - Rear end,Industrial Park
9990,VANIER PKWY NB btwn HWY417 IC117 RAMP62 & HWY417 IC117 RAMP63,370788.1921,5031447.366,-75.65681912,45.41984905,2014-09-26,15:53,01 - Clear,08 - Loose sand or gravel,09 - Traffic controller,07 - Overpass or bridge,01 - Daylight,03 - P.D. only,02 - Angle,Overbrook
9991,MACKENZIE AVE @ RIDEAU ST,367869.6992,5032009.098,-75.69403519,45.42517251,2014-03-09,12:45,01 - Clear,01 - Dry,01 - Traffic signal,03 - At intersection,01 - Daylight,03 - P.D. only,02 - Angle,Byward Market - Parliament Hill
9992,HWY417 IC110 RAMP66 btwn HIGHWAY 417 & WALKLEY EXTENSION RD,375756.71,5029476.114,-75.59362409,45.40162655,2014-07-07,21:53,01 - Clear,01 - Dry,10 - No control,01 - Non intersection,07 - Dark,03 - P.D. only,99 - Other,Greenbelt
9993,HIGHWAY 417 btwn HWY417 IC122 RAMP15 & HWY417 IC121B RAMP51,365841.7419,5029198.4,-75.720296,45.4000625,2014-07-07,18:07,01 - Clear,01 - Dry,10 - No control,01 - Non intersection,01 - Daylight,03 - P.D. only,07 - SMV other,Civic Hospital - Experimental Farm - Central Park
9994,HIGHWAY 417 btwn HWY417 IC110 RAMP66 & HWY417 IC110 RAMP56,375731.5915,5029486.54,-75.5939434,45.4017229,2014-07-07,21:40,01 - Clear,01 - Dry,10 - No control,01 - Non intersection,07 - Dark,03 - P.D. only,07 - SMV other,Greenbelt
9995,HIGHWAY 417 btwn HWY417 IC180 RAMP35 & HWY417 IC169 RAMP51,321864.8578,5028708.776,-76.28203317,45.39810987,2014-07-07,6:00,02 - Rain,02 - Wet,10 - No control,01 - Non intersection,03 - Dawn,03 - P.D. only,07 - SMV other,Mississipp
9996,HIGHWAY 417 btwn HWY417 IC126 RAMP61 & HWY417 IC124 RAMP76,364078.8241,5027085.018,-75.74306614,45.38119815,2014-03-18,7:35,01 - Clear,01 - Dry,10 - No control,01 - Non intersection,01 - Daylight,03 - P.D. only,03 - Rear end,Carlingwood West - Glabar Park - McKellar Heights
9997,HIGHWAY 417 btwn HWY417 IC119B RAMP57 & HWY417 IC119A RAMP75,368600.7682,5030522.142,-75.68488638,45.4117271,2014-03-18,15:35,01 - Clear,01 - Dry,10 - No control,01 - Non intersection,01 - Daylight,03 - P.D. only,04 - Sideswipe,The Glebe
9998,HIGHWAY 416 btwn HWY416 IC66 RAMP62 & HWY416 IC72 RAMP24,360098.8754,5018563.542,-75.79483484,45.30484738,2014-03-18,16:50,01 - Clear,01 - Dry,10 - No control,01 - Non intersection,01 - Daylight,03 - P.D. only,07 - SMV other,Greenbelt
9999,HIGHWAY 417 btwn HWY417 IC129 RAMP61 & TRANSIT,361490.5313,5024359.577,-75.77642621,45.35688907,2014-03-20,0:10,03 - Snow,05 - Packed snow,10 - No control,01 - Non intersection,07 - Dark,03 - P.D. only,07 - SMV other,Whitehaven - Queensway Terrace North
10000,HIGHWAY 417 btwn HIGHWAY 417 & HWY417 IC115 RAMP61,372733.6904,5031552.817,-75.63194831,45.42061165,2014-03-20,0:40,03 - Snow,04 - Slush,10 - No control,01 - Non intersection,07 - Dark,03 - P.D. only,07 - SMV other,Cummings
10001,HIGHWAY 417 btwn HWY417 IC127 RAMP25 & HWY417 IC126 RAMP51,363187.6241,5025857.06,-75.75459012,45.37022399,2014-03-28,9:15,01 - Clear,01 - Dry,10 - No control,01 - Non intersection,01 - Daylight,03 - P.D. only,03 - Rear end,Braemar Park - Bel Air Heights - Copeland Park
10002,HIGHWAY 417 btwn HWY417 IC104 RAMP15 & HWY417 IC96 RAMP51,386661.1278,5023938.92,-75.45527452,45.35061756,2014-04-02,22:39,01 - Clear,01 - Dry,10 - No control,01 - Non intersection,07 - Dark,03 - P.D. only,07 - SMV other,Greenbelt
10003,HIGHWAY 417 btwn HWY417 IC138 RAMP61 & HWY417 IC134 RAMP36,355558.423,5021787.557,-75.85239991,45.33420032,2014-04-07,15:50,01 - Clear,01 - Dry,10 - No control,01 - Non intersection,01 - Daylight,03 - P.D. only,07 - SMV other,Greenbelt
10004,HIGHWAY 417 btwn HWY417 IC127 RAMP25 & HWY417 IC126 RAMP51,363157.2924,5025820.093,-75.75498169,45.36989389,2014-04-03,18:43,01 - Clear,01 - Dry,10 - No control,01 - Non intersection,01 - Daylight,03 - P.D. only,03 - Rear end,Carlingwood West - Glabar Park - McKellar Heights
10005,GREENBANK RD @ BELLMAN DR/BATEMAN DR,361259.0452,5021017.489,-75.77976198,45.32683574,2014-11-03,17:30,01 - Clear,01 - Dry,01 - Traffic signal,02 - Intersection related,07 - Dark,03 - P.D. only,03 - Rear end,Woodvale - Craig Henry - Manordale - Estates of Arlington Wo
10006,RUSKIN ST btwn MACFARLANE AVE & MELROSE AVE,365741.9517,5028554.962,-75.72165003,45.39428169,2014-09-22,7:30,01 - Clear,01 - Dry,10 - No control,01 - Non intersection,01 - Daylight,03 - P.D. only,06 - SMV unattended vehicle,Civic Hospital - Experimental Farm - Central Park
10007,COCHRANE ST btwn PAARDEBURGH AVE & KITCHENER AVE,370873.667,5025737.968,-75.65649169,45.36846996,2014-09-22,9:20,01 - Clear,01 - Dry,10 - No control,01 - Non intersection,01 - Daylight,03 - P.D. only,06 - SMV unattended vehicle,Ledbury - Heron Gate - Ridgemont - Elmwood
10008,DALHOUSIE ST btwn RIDEAU ST & BESSERER ST,368224.8843,5032200.299,-75.68947213,45.42686075,2014-11-01,2:28,01 - Clear,01 - Dry,10 - No control,01 - Non intersection,07 - Dark,03 - P.D. only,06 - SMV unattended vehicle,Byward Market - Parliament Hill
10009,OLD PRESCOTT RD btwn SHADOW RIDGE DR & DONWEL DR,378328.6513,5012627.332,-75.56327739,45.24976417,2014-10-14,7:18,01 - Clear,01 - Dry,10 - No control,01 - Non intersection,03 - Dawn,03 - P.D. only,07 - SMV other,Greely
10010,MONTREAL RD btwn CYR AVE & HANNAH ST,370244.2349,5033163.688,-75.66354086,45.4353429,2014-10-14,9:27,01 - Clear,01 - Dry,10 - No control,01 - Non intersection,01 - Daylight,03 - P.D. only,04 - Sideswipe,Vanier South
10011,HIGHWAY 417 btwn HWY417 IC120A RAMP52 & HWY417 IC119B RAMP57,367929.1198,5030091.035,-75.69352165,45.40790904,2014-07-30,17:07,01 - Clear,01 - Dry,10 - No control,01 - Non intersection,01 - Daylight,03 - P.D. only,03 - Rear end,The Glebe
10012,HWY416 IC72 RAMP24 btwn HIGHWAY 416 & CEDARVIEW RD,359514.7877,5019586.489,-75.80216956,45.31409767,2014-08-04,23:00,01 - Clear,01 - Dry,10 - No control,01 - Non intersection,07 - Dark,03 - P.D. only,07 - SMV other,Greenbelt
10013,HIGHWAY 417 btwn HIGHWAY 417 & HWY417 IC129 RAMP51,359763.1705,5023134.041,-75.79860805,45.34599924,2014-08-06,11:15,01 - Clear,01 - Dry,10 - No control,01 - Non intersection,01 - Daylight,03 - P.D. only,04 - Sideswipe,Qualicum - Redwood Park
10014,HIGHWAY 417 btwn HWY417 IC124 RAMP57 & HWY417 IC124 RAMP55,364111.9994,5027089.758,-75.74264199,45.38123799,2014-10-23,21:00,01 - Clear,01 - Dry,10 - No control,01 - Non intersection,07 - Dark,03 - P.D. only,03 - Rear end,Carlington
10015,HIGHWAY 417 btwn HWY417 IC138 RAMP61 & HWY417 IC134 RAMP36,355662.6884,5021845.377,-75.85106379,45.33471304,2014-10-24,17:30,01 - Clear,01 - Dry,10 - No control,01 - Non intersection,01 - Daylight,03 - P.D. only,04 - Sideswipe,Greenbelt
10016,HIGHWAY 417 btwn HWY417 IC163 RAMP16 & HWY417 IC163 RAMP61,331531.5318,5021442.74,-76.15895712,45.33242418,2014-10-21,16:10,01 - Clear,01 - Dry,10 - No control,01 - Non intersection,01 - Daylight,03 - P.D. only,07 - SMV other,Carp - Hardwood Plains
10017,HWY416 IC57 RAMP34 btwn HIGHWAY 416 & BROPHY DR,364459.0722,5008450.266,-75.74045313,45.21349109,2014-10-23,19:50,01 - Clear,01 - Dry,10 - No control,01 - Non intersection,07 - Dark,03 - P.D. only,07 - SMV other,New Barrhaven
10018,MOODIE DR @ CORKSTOWN RD,356346.1249,5022760.549,-75.84224933,45.34289797,2014-09-23,17:04,01 - Clear,01 - Dry,01 - Traffic signal,03 - At intersection,01 - Daylight,03 - P.D. only,05 - Turning movement,Crystal Bay - Lakeview Park - Britannia Village
10019,BLAIR RD @ INNES RD,375579.2088,5031439.555,-75.59560923,45.41931049,2014-09-26,16:30,01 - Clear,01 - Dry,01 - Traffic signal,02 - Intersection related,01 - Daylight,03 - P.D. only,03 - Rear end,Greenbelt
10020,EAGLESON RD @ 146 N OF ABBEYHILL DR/HAZELDEAN ,353770.9218,5018171.107,-75.87556185,45.30178585,2014-09-26,17:09,01 - Clear,01 - Dry,01 - Traffic signal,03 - At intersection,01 - Daylight,03 - P.D. only,05 - Turning movement,Glen Cairn - Kanata South Business Park
10021,HAWKTREE RDG btwn DOCHART TER & END,365934.3816,5012748.962,-75.72114384,45.25204442,2014-04-11,13:50,01 - Clear,01 - Dry,10 - No control,04 - At/near private drive,01 - Daylight,03 - P.D. only,06 - SMV unattended vehicle,New Barrhaven
10022,HIGHWAY 417 btwn HWY417 IC117 RAMP61 & HWY417 IC115 RAMP36,371282.7637,5031389.899,-75.65050806,45.41928516,2014-07-08,10:07,01 - Clear,01 - Dry,10 - No control,01 - Non intersection,01 - Daylight,03 - P.D. only,04 - Sideswipe,Industrial Park