Record,Location,X,Y,lon,lat,Date,Time,Environment,Road_Surface,Traffic_Control,Collision_Location,Light,Collision_Classification,Impact_type,Neighborhood
10023,HIGHWAY 417 btwn HWY417 IC122 RAMP16 & HWY417 IC122 RAMP61,365326.0065,5028893.122,-75.7269205,45.39736045,2014-07-08,17:30,01 - Clear,01 - Dry,10 - No control,01 - Non intersection,01 - Daylight,03 - P.D. only,03 - Rear end,Civi
10024,HIGHWAY 417 btwn RAMP & HWY417 IC129 RAMP76,359900.5621,5023181.902,-75.79684958,45.34641912,2014-06-09,19:00,01 - Clear,01 - Dry,10 - No control,01 - Non intersection,01 - Daylight,03 - P.D. only,99 - Other,Whitehaven - Queensway Terrace North
10025,HIGHWAY 417 btwn HWY417 IC96 RAMP51 & HIGHWAY 417,386918.5191,5023907.372,-75.45199544,45.35030362,2014-03-20,20:30,02 - Rain,02 - Wet,10 - No control,01 - Non intersection,07 - Dark,03 - P.D. only,07 - SMV other,Greenbelt
10026,HIGHWAY 417 btwn HWY417 IC142 RAMP51 & HWY417 IC142 RAMP35,348779.5119,5017069.492,-75.9393028,45.29220338,2014-03-06,6:45,01 - Clear,01 - Dry,10 - No control,01 - Non intersection,03 - Dawn,03 - P.D. only,03 - Rear end,Stittsville - Basswood
10027,HWY417 IC129 RAMP61 btwn HWY417 IC129 RAMP63 & HIGHWAY 417,360687.6966,5023744.679,-75.78674196,45.3514207,2014-03-06,11:00,01 - Clear,01 - Dry,10 - No control,01 - Non intersection,01 - Daylight,03 - P.D. only,07 - SMV other,Whitehaven - Queensway Terrace North
10028,HIGHWAY 417 btwn HWY417 IC121B RAMP16 & HWY417 IC121A RAMP16,366760.2604,5029586.745,-75.70851583,45.40347603,2014-03-06,15:35,01 - Clear,01 - Dry,10 - No control,01 - Non intersection,01 - Daylight,03 - P.D. only,03 - Rear end,Centretown West
10029,HIGHWAY 417 btwn HWY417 IC117 RAMP51 & HWY417 IC117 RAMP35,370716.8869,5031172.838,-75.65776687,45.41738568,2014-07-12,17:55,01 - Clear,01 - Dry,10 - No control,01 - Non intersection,01 - Daylight,03 - P.D. only,03 - Rear end,Industrial Park
10030,HIGHWAY 417 btwn HWY417 IC121A RAMP51 & HWY417 IC120A RAMP52,367580.1433,5029881.945,-75.69800603,45.4060591,2014-07-12,16:40,01 - Clear,01 - Dry,10 - No control,01 - Non intersection,01 - Daylight,03 - P.D. only,03 - Rear end,The Glebe
10031,HIGHWAY 417 btwn HWY417 IC117 RAMP25 & HWY417 IC115 RAMP51,371248.6404,5031367.15,-75.65094709,45.41908372,2014-07-11,22:50,01 - Clear,01 - Dry,10 - No control,01 - Non intersection,07 - Dark,03 - P.D. only,04 - Sideswipe,Industrial Park
10032,CARLING AVE @ SCRIVENS ST,359423.7208,5024258.489,-75.80281527,45.35614355,2014-11-04,12:39,01 - Clear,01 - Dry,01 - Traffic signal,03 - At intersection,01 - Daylight,03 - P.D. only,05 - Turning movement,Bayshore
10033,BLACKLEAF DR @ JOCKVALE RD,365567.3359,5012899.706,-75.72580116,45.25343261,2014-11-04,12:54,01 - Clear,01 - Dry,02 - Stop sign,03 - At intersection,01 - Daylight,03 - P.D. only,01 - Approaching,New Barrhaven
10034,ALTA VISTA DR @ SMYTH RD,370432.242,5029080.61,-75.66168197,45.39858738,2014-10-14,8:30,01 - Clear,01 - Dry,01 - Traffic signal,02 - Intersection related,01 - Daylight,03 - P.D. only,03 - Rear end,Alta Vista
10035,HWY417 IC88 RAMP51 btwn HIGHWAY 417 & ROCKDALE RD,395181.5882,5022272.59,-75.3468605,45.33457955,2014-08-06,15:35,01 - Clear,01 - Dry,10 - No control,01 - Non intersection,01 - Daylight,03 - P.D. only,03 - Rear end,Navan - Vars
10036,HWY417 IC126 RAMP61 btwn HWY417 IC126 RAMP63 & HIGHWAY 417,363140.4974,5025851.432,-75.75519238,45.37017727,2014-08-02,22:30,01 - Clear,01 - Dry,10 - No control,01 - Non intersection,07 - Dark,03 - P.D. only,07 - SMV other,Carlingwood West - Glabar Park - McKellar Heights
10037,HIGHWAY 417 btwn HWY417 IC117 RAMP36 & HWY417 IC117 RAMP26,370573.361,5031167.826,-75.6596012,45.41735409,2014-08-07,10:40,01 - Clear,01 - Dry,10 - No control,01 - Non intersection,01 - Daylight,03 - P.D. only,04 - Sideswipe,Industrial Park
10038,HIGHWAY 417 btwn HWY417 IC117 RAMP25 & HWY417 IC115 RAMP51,371500.0236,5031396.699,-75.64773138,45.41932567,2014-08-07,16:00,01 - Clear,01 - Dry,10 - No control,01 - Non intersection,01 - Daylight,03 - P.D. only,03 - Rear end,Industrial Park
10039,HIGHWAY 417 btwn HWY417 IC104 RAMP51 & HWY417 IC104 RAMP15,380040.0726,5025906.527,-75.53946156,45.36906248,2014-10-16,16:50,02 - Rain,02 - Wet,10 - No control,01 - Non intersection,01 - Daylight,03 - P.D. only,03 - Rear end,Greenbelt
10040,HIGHWAY 417 btwn HWY417 IC155 RAMP35 & HWY417 IC155 RAMP25,339549.162,5019310.037,-76.05681997,45.31288194,2014-10-12,23:50,01 - Clear,01 - Dry,10 - No control,01 - Non intersection,07 - Dark,03 - P.D. only,07 - SMV other,Carp - Hardwood Plains
10041,HIGHWAY 417 btwn HWY417 IC138 RAMP36 & HIGHWAY 417,352872.7333,5020218.842,-75.88681551,45.32027385,2014-10-11,23:26,01 - Clear,01 - Dry,10 - No control,01 - Non intersection,07 - Dark,03 - P.D. only,07 - SMV other,Kanata
10042,HWY417 IC130 RAMP66 btwn BAYSHORE DR & HWY417 IC130 RAMP61,359402.9389,5023300.758,-75.80318626,45.3475275,2014-10-16,15:14,01 - Clear,01 - Dry,10 - No control,01 - Non intersection,01 - Daylight,03 - P.D. only,04 - Sideswipe,Bayshore
10043,BROWNLEE RD @ SHEA RD,355783.6188,5008946.928,-75.85084572,45.21864133,2014-11-04,19:32,01 - Clear,02 - Wet,02 - Stop sign,02 - Intersection related,07 - Dark,03 - P.D. only,07 - SMV other,Munster Hamlet - Richmond
10044,BANK ST btwn PHILNOR ST & SALE BARN RD,379672.5093,5013698.302,-75.54599825,45.25925862,2014-11-15,9:17,01 - Clear,01 - Dry,10 - No control,01 - Non intersection,01 - Daylight,03 - P.D. only,06 - SMV unattended vehicle,Greely
10045,KIMBERWICK CRES btwn QUINTERRA CRT & TATTERSALL WAY,368088.9116,5022797.09,-75.69241524,45.34226562,2014-07-24,5:58,01 - Clear,01 - Dry,10 - No control,01 - Non intersection,03 - Dawn,03 - P.D. only,06 - SMV unattended vehicle,Hunt Club Woods - Quintarra - Revelstoke - Riverside South P
10046,BESSERER ST @ KING EDWARD AVE,368550.2313,5032341.53,-75.68529656,45.42810192,2014-09-24,15:00,01 - Clear,01 - Dry,01 - Traffic signal,03 - At intersection,01 - Daylight,03 - P.D. only,04 - Sideswipe,Sand
10047,BYRON AVE @ HOLLAND AVE,365014.2264,5028957.608,-75.73089453,45.39796756,2014-09-25,0:02,01 - Clear,01 - Dry,02 - Stop sign,03 - At intersection,07 - Dark,03 - P.D. only,07 - SMV other,Island Park
10048,VANIER PKWY SB btwn HWY417 IC117 RAMP36 & TO BE DETERMINED,370782.1865,5031428.44,-75.65689839,45.41967933,2014-09-26,17:28,01 - Clear,08 - Loose sand or gravel,10 - No control,07 - Overpass or bridge,01 - Daylight,03 - P.D. only,03 - Rear end,Overbrook
10049,AVIATION PKWY @ MONTREAL RD,372144.3469,5034108.583,-75.63912849,45.44366419,2014-09-25,8:45,01 - Clear,01 - Dry,01 - Traffic signal,02 - Intersection related,01 - Daylight,03 - P.D. only,03 - Rear end,Cummings
10050,HIGHWAY 417 btwn HWY417 IC126 RAMP61 & HWY417 IC124 RAMP76,364101.5729,5027116.298,-75.74277193,45.38147768,2014-07-08,17:00,01 - Clear,01 - Dry,10 - No control,01 - Non intersection,01 - Daylight,03 - P.D. only,03 - Rear end,Westboro
10051,HIGHWAY 417 btwn HWY417 IC121B RAMP51 & HWY417 IC121A RAMP51,367044.9992,5029658.872,-75.7048698,45.40409975,2014-07-09,18:20,01 - Clear,01 - Dry,10 - No control,01 - Non intersection,01 - Daylight,03 - P.D. only,03 - Rear end,The Glebe Annex
10052,HIGHWAY 417 btwn HWY417 IC121B RAMP51 & HWY417 IC121A RAMP51,366753.6254,5029564.944,-75.70860331,45.40328046,2014-03-21,18:15,01 - Clear,01 - Dry,10 - No control,01 - Non intersection,05 - Dusk,03 - P.D. only,03 - Rear end,Little Italy
10053,HIGHWAY 416 btwn HWY416 IC66 RAMP34 & HWY416 IC72 RAMP53,360067.2239,5018565.359,-75.79523823,45.30486622,2014-03-22,0:44,01 - Clear,01 - Dry,10 - No control,01 - Non intersection,07 - Dark,03 - P.D. only,07 - SMV other,Greenbelt
10054,HWY417 IC138 RAMP61 btwn HWY417 IC138 RAMP62 & HIGHWAY 417,353701.1693,5020704.15,-75.87620122,45.32458353,2014-03-20,4:00,02 - Rain,02 - Wet,10 - No control,01 - Non intersection,07 - Dark,03 - P.D. only,07 - SMV other,Greenbelt
10055,HIGHWAY 417 btwn HWY417 IC155 RAMP61 & HWY417 IC145 RAMP56,344369.6668,5015435.938,-75.99565211,45.27776612,2014-03-22,8:30,03 - Snow,03 - Loose snow,10 - No control,01 - Non intersection,01 - Daylight,03 - P.D. only,07 - SMV other,Stittsville - Basswood
10056,HIGHWAY 417 btwn HWY417 IC129 RAMP25 & HWY417 IC129 RAMP35,360462.6966,5023528.565,-75.78963759,45.349494,2014-07-11,7:00,01 - Clear,01 - Dry,10 - No control,01 - Non intersection,01 - Daylight,03 - P.D. only,03 - Rear end,Whitehaven - Queensway Terrace North
10057,HIGHWAY 417 btwn HWY417 IC117 RAMP51 & HWY417 IC117 RAMP35,370706.4603,5031173.785,-75.65789995,45.41739518,2014-07-11,14:40,01 - Clear,01 - Dry,10 - No control,01 - Non intersection,01 - Daylight,03 - P.D. only,03 - Rear end,Industrial Park
10058,HIGHWAY 417 btwn HWY417 IC180 RAMP61 & HWY417 IC169 RAMP36,324865.9224,5025584.711,-76.24382838,45.3699183,2014-07-12,9:33,01 - Clear,01 - Dry,10 - No control,01 - Non intersection,01 - Daylight,03 - P.D. only,07 - SMV other,Antrim
10059,HIGHWAY 417 btwn HWY417 IC119B RAMP57 & HWY417 IC119A RAMP75,368424.9388,5030421.668,-75.6871455,45.41083908,2014-07-12,16:59,01 - Clear,01 - Dry,10 - No control,01 - Non intersection,01 - Daylight,03 - P.D. only,04 - Sideswipe,The Glebe
10060,MCARTHUR AVE @ VANIER PKWY,370217.2832,5032690.586,-75.66394816,45.43108865,2014-11-04,15:30,01 - Clear,01 - Dry,01 - Traffic signal,02 - Intersection related,01 - Daylight,03 - P.D. only,03 - Rear end,Vanier South
10061,MAPLE GROVE RD @ TERRY FOX DR,351554.1156,5017864.211,-75.90385616,45.29917536,2014-11-04,16:24,01 - Clear,01 - Dry,01 - Traffic signal,03 - At intersection,05 - Dusk,03 - P.D. only,05 - Turning movement,Katimavik - Hazeldean
10062,CARP RD @ THOMAS A. DOLAN PKWY,336459.0642,5025991.379,-76.09580149,45.37314984,2014-09-08,7:44,01 - Clear,01 - Dry,02 - Stop sign,03 - At intersection,01 - Daylight,03 - P.D. only,07 - SMV other,Carp - Hardwood Plains
10063,COLONEL BY DR/SUSSEX DR @ RIDEAU ST,367921.1815,5032044.589,-75.69337282,45.4254872,2014-10-14,10:24,01 - Clear,01 - Dry,01 - Traffic signal,02 - Intersection related,01 - Daylight,03 - P.D. only,03 - Rear end,Byward Market - Parliament Hill
10064,RUSSELL RD btwn CUBA AVE & SMYTH RD,373096.9898,5029480.956,-75.62759371,45.40193464,2014-10-14,10:29,01 - Clear,01 - Dry,10 - No control,01 - Non intersection,01 - Daylight,03 - P.D. only,03 - Rear end,Elmvale - Eastway - Riverview - Riverview Park West
10065,HIGHWAY 416 btwn HWY416 IC42 RAMP43 & END,372068.41,4994226.918,-75.64549993,45.08482428,2014-07-14,12:15,01 - Clear,01 - Dry,10 - No control,01 - Non intersection,01 - Daylight,03 - P.D. only,07 - SMV other,Manotick - North Gower
10066,HIGHWAY 417 btwn HWY417 IC118 RAMP35 & HWY417 IC117 RAMP51,370226.4416,5031101.745,-75.66404215,45.41679205,2014-08-08,13:25,01 - Clear,01 - Dry,10 - No control,01 - Non intersection,01 - Daylight,03 - P.D. only,03 - Rear end,Old Ottawa East
10067,HIGHWAY 417 btwn HWY417 IC118 RAMP35 & HWY417 IC117 RAMP51,370216.015,5031100.797,-75.66417549,45.41678449,2014-08-08,16:45,01 - Clear,01 - Dry,10 - No control,01 - Non intersection,01 - Daylight,03 - P.D. only,03 - Rear end,Old Ottawa East
10068,HIGHWAY 417 btwn HWY417 IC117 RAMP61 & HWY417 IC115 RAMP36,371728.9511,5031444.444,-75.64480007,45.41973339,2014-10-24,7:20,01 - Clear,01 - Dry,10 - No control,01 - Non intersection,01 - Daylight,03 - P.D. only,03 - Rear end,Overbrook
10069,HIGHWAY 417 btwn HWY417 IC121B RAMP16 & HWY417 IC121A RAMP16,366740.3552,5029582.005,-75.70877067,45.40343514,2014-10-24,17:20,01 - Clear,01 - Dry,10 - No control,01 - Non intersection,01 - Daylight,03 - P.D. only,03 - Rear end,Little Italy
10070,HIGHWAY 417 btwn HWY417 IC155 RAMP25 & RAMP,344976.242,5014909.859,-75.9879637,45.27299784,2014-08-02,10:31,01 - Clear,01 - Dry,10 - No control,01 - Non intersection,01 - Daylight,03 - P.D. only,07 - SMV other,Stittsville - Basswood
10071,HIGHWAY 417 btwn HWY417 IC121A RAMP16 & HWY417 IC121A RAMP61,367280.0703,5029765.033,-75.7018538,45.40503401,2014-10-24,18:30,01 - Clear,01 - Dry,10 - No control,01 - Non intersection,07 - Dark,03 - P.D. only,03 - Rear end,The Glebe
10072,PLEASANT PARK RD @ ST. LAURENT BLVD,373596.764,5028794.104,-75.62130629,45.39570573,2014-12-22,13:18,01 - Clear,01 - Dry,01 - Traffic signal,02 - Intersection related,01 - Daylight,03 - P.D. only,03 - Rear end,Urbandale
10073,DUNNING RD btwn MAGLADRY RD & SARSFIELD RD,395579.7605,5029532.536,-75.34044753,45.39984444,2014-09-25,6:19,01 - Clear,01 - Dry,10 - No control,01 - Non intersection,03 - Dawn,03 - P.D. only,07 - SMV other,Navan - Vars
10074,MAIN ST @ BECKWITH RD/BOWER ST,369359.1845,5029717.507,-75.67530328,45.40441772,2014-09-24,17:30,01 - Clear,01 - Dry,01 - Traffic signal,02 - Intersection related,01 - Daylight,03 - P.D. only,05 - Turning movement,Old Ottawa East
10075,FALLOWFIELD RD btwn ASHDALE AVE & PRINCE OF WALES DR,367149.0586,5019008.45,-75.70488392,45.30826019,2014-09-26,18:49,01 - Clear,01 - Dry,10 - No control,01 - Non intersection,01 - Daylight,03 - P.D. only,03 - Rear end,Greenbelt
10076,HIGHWAY 417 btwn HWY417 IC118 RAMP57 & HWY417 IC118 RAMP35,369455.8254,5031037.29,-75.67389579,45.41628374,2014-07-09,17:20,01 - Clear,01 - Dry,10 - No control,01 - Non intersection,01 - Daylight,03 - P.D. only,03 - Rear end,Old Ottawa East
10077,HIGHWAY 417 btwn HWY417 IC118 RAMP57 & HWY417 IC118 RAMP35,369448.5585,5031035.815,-75.67398882,45.41627114,2014-07-10,23:04,01 - Clear,01 - Dry,10 - No control,01 - Non intersection,07 - Dark,03 - P.D. only,03 - Rear end,Old Ottawa East
10078,HIGHWAY 417 btwn HWY417 IC127 RAMP35 & HWY417 IC127 RAMP25,362115.4918,5024823.4,-75.76839635,45.36101171,2014-07-10,17:13,01 - Clear,01 - Dry,10 - No control,01 - Non intersection,01 - Daylight,03 - P.D. only,03 - Rear end,Whitehaven - Queensway Terrace North
10079,HIGHWAY 417 btwn HWY417 IC144 RAMP35 & HWY417 IC144 RAMP25,347410.4157,5015820.654,-75.95686393,45.28105023,2014-03-22,11:46,03 - Snow,02 - Wet,10 - No control,01 - Non intersection,01 - Daylight,03 - P.D. only,07 - SMV other,Stittsville - Basswood
10080,HWY417 IC118 RAMP35 btwn HWY417 IC118 RAMP45 & HIGHWAY 417,369765.8965,5031132.076,-75.66992194,45.41710787,2014-03-21,14:30,01 - Clear,01 - Dry,10 - No control,01 - Non intersection,01 - Daylight,03 - P.D. only,03 - Rear end,Old Ottawa East
10081,HWY 416 WESTHUNT IC72R34 @ WEST HUNT CLUB RD,359369.4974,5019360.838,-75.80404731,45.31207855,2014-03-22,12:30,01 - Clear,01 - Dry,01 - Traffic signal,02 - Intersection related,01 - Daylight,03 - P.D. only,03 - Rear end,Greenbelt
10082,HIGHWAY 417 btwn HWY417 IC118 RAMP35 & HWY417 IC117 RAMP51,370203.1428,5031101.747,-75.66433981,45.41679424,2014-03-18,15:20,01 - Clear,01 - Dry,10 - No control,01 - Non intersection,01 - Daylight,03 - P.D. only,03 - Rear end,Old Ottawa East
10083,HWY417 IC126 RAMP25 btwn HWY417 IC126 RAMP55 & HIGHWAY 417,363327.9974,5026039.169,-75.75277661,45.37185087,2014-07-12,12:25,01 - Clear,01 - Dry,10 - No control,01 - Non intersection,01 - Daylight,03 - P.D. only,03 - Rear end,Carlington
10084,HIGHWAY 417 btwn HWY417 IC117 RAMP51 & HWY417 IC117 RAMP35,370863.8063,5031214.544,-75.65588427,45.41774708,2014-07-09,16:45,01 - Clear,01 - Dry,10 - No control,01 - Non intersection,01 - Daylight,03 - P.D. only,03 - Rear end,Industrial Park
10085,HIGHWAY 417 btwn HWY417 IC119A RAMP75 & HWY417 IC118 RAMP57,368641.0575,5030539.662,-75.68436943,45.41188106,2014-07-12,15:00,01 - Clear,01 - Dry,10 - No control,01 - Non intersection,01 - Daylight,03 - P.D. only,04 - Sideswipe,The Glebe
10086,HIGHWAY 417 btwn HWY417 IC118 RAMP35 & HWY417 IC117 RAMP51,370183.2376,5031101.747,-75.66459411,45.4167961,2014-07-13,16:30,01 - Clear,01 - Dry,10 - No control,01 - Non intersection,01 - Daylight,03 - P.D. only,03 - Rear end,Old Ottawa East
10087,WALKLEY RD btwn MELFORT ST & RUSSELL RD,374586.1183,5028447.409,-75.60872051,45.39248844,2014-11-04,16:41,01 - Clear,02 - Wet,10 - No control,04 - At/near private drive,05 - Dusk,03 - P.D. only,05 - Turning movement,Hawthorne Meadows
10088,KENT ST @ WELLINGTON ST,367096.6629,5031526.15,-75.7039739,45.42089637,2014-11-04,16:50,01 - Clear,01 - Dry,01 - Traffic signal,02 - Intersection related,05 - Dusk,03 - P.D. only,03 - Rear end,Downtown
10089,ISIDORE ST @ PRINCE ALBERT ST,371682.1915,5032033.583,-75.6453175,45.42503868,2014-09-09,10:25,01 - Clear,01 - Dry,03 - Yield sign,03 - At intersection,01 - Daylight,03 - P.D. only,02 - Angle,Overbrook
10090,PLEASANT PARK RD btwn DICKENS AVE & ARCH ST,372778.4083,5028627.635,-75.6317803,45.39428784,2014-10-14,11:00,01 - Clear,01 - Dry,10 - No control,04 - At/near private drive,01 - Daylight,03 - P.D. only,06 - SMV unattended vehicle,Elmvale - Eastway - Riverview - Riverview Park West
10091,HWY417 IC180 RAMP61 btwn OTTAWA ROAD 29 & HIGHWAY 417,318397.7253,5031213.892,-76.32624899,45.42072817,2014-08-08,16:40,01 - Clear,01 - Dry,10 - No control,01 - Non intersection,01 - Daylight,03 - P.D. only,03 - Rear end,Arnprior
10092,HIGHWAY 417 btwn HWY417 IC155 RAMP61 & HWY417 IC145 RAMP56,343609.5106,5016283.813,-76.00527426,45.28543805,2014-08-09,9:35,01 - Clear,01 - Dry,10 - No control,01 - Non intersection,01 - Daylight,03 - P.D. only,07 - SMV other,Carp - Hardwood Plains
10093,HIGHWAY 417 btwn HWY417 IC142 RAMP35 & HWY417 IC142 RAMP25,348900.6409,5017177.023,-75.93774903,45.29316339,2014-08-09,16:44,01 - Clear,01 - Dry,10 - No control,06 - Underpass or tunnel,01 - Daylight,03 - P.D. only,07 - SMV other,Stittsville - Basswood
10094,HIGHWAY 417 btwn HWY417 IC115 RAMP36 & HWY417 IC115 RAMP26,372473.9748,5031525.328,-75.63527034,45.42038948,2014-08-09,10:15,01 - Clear,01 - Dry,10 - No control,01 - Non intersection,01 - Daylight,03 - P.D. only,04 - Sideswipe,Overbrook
10095,HIGHWAY 417 btwn HWY417 IC134 RAMP36 & HWY417 IC134 RAMP26,356413.3993,5022286.135,-75.84144043,45.3386242,2014-10-22,11:32,01 - Clear,01 - Dry,10 - No control,01 - Non intersection,01 - Daylight,03 - P.D. only,03 - Rear end,Greenbelt
10096,HIGHWAY 417 btwn HWY417 IC131 RAMP53 & HWY417 IC131 RAMP51,358014.3134,5022732.038,-75.82096708,45.34251686,2014-10-28,7:20,02 - Rain,02 - Wet,10 - No control,01 - Non intersection,01 - Daylight,03 - P.D. only,03 - Rear end,Greenbelt
10097,HIGHWAY 417 btwn HWY417 IC117 RAMP61 & HWY417 IC115 RAMP36,371534.6216,5031420.712,-75.6472861,45.41953843,2014-10-27,6:46,01 - Clear,01 - Dry,10 - No control,01 - Non intersection,07 - Dark,03 - P.D. only,03 - Rear end,Overbrook
10098,HIGHWAY 417 btwn HWY417 IC123 RAMP62 & HWY417 IC122 RAMP16,364821.1567,5028154.761,-75.73345803,45.39076029,2014-10-28,15:25,01 - Clear,01 - Dry,10 - No control,01 - Non intersection,01 - Daylight,03 - P.D. only,03 - Rear end,Island Park
10099,KIRKWOOD AVE @ MERIVALE RD,364853.7014,5026645.097,-75.73322609,45.37717383,2014-09-03,8:42,01 - Clear,01 - Dry,01 - Traffic signal,02 - Intersection related,01 - Daylight,03 - P.D. only,07 - SMV other,Carlington
10100,AVIATION PKWY @ MONTREAL RD,372146.2427,5034108.583,-75.63910426,45.44366401,2014-09-25,8:19,01 - Clear,01 - Dry,01 - Traffic signal,02 - Intersection related,01 - Daylight,03 - P.D. only,04 - Sideswipe,Cummings
10101,LAURIER AVE @ O'CONNOR ST,367634.331,5031359.525,-75.69712551,45.41934905,2014-09-26,5:20,01 - Clear,01 - Dry,01 - Traffic signal,02 - Intersection related,07 - Dark,03 - P.D. only,03 - Rear end,Downtown
10102,PRINCE OF WALES DR btwn WINDING WAY & MERIVALE RD,367449.2374,5017518.83,-75.70124446,45.29483007,2014-09-27,10:00,01 - Clear,01 - Dry,10 - No control,01 - Non intersection,01 - Daylight,03 - P.D. only,03 - Rear end,Greenbelt
10103,OTTAWA RIVER PKWY @ REMIC RAPIDS ENT/TUNNEY'S ,364263.2714,5030244.765,-75.74033028,45.40961332,2014-03-28,14:52,01 - Clear,02 - Wet,01 - Traffic signal,03 - At intersection,01 - Daylight,03 - P.D. only,05 - Turning movement,Island Park
10104,HIGHWAY 417 btwn HWY417 IC131 RAMP66 & HWY417 IC130 RAMP26,358910.7546,5023035.322,-75.80949583,45.34517725,2014-07-04,18:40,01 - Clear,01 - Dry,10 - No control,01 - Non intersection,01 - Daylight,03 - P.D. only,99 - Other,Bayshore
10105,HWY417 IC118 RAMP67 btwn HWY417 IC118 RAMP64 & HIGHWAY 417,369710.8018,5031158.617,-75.67062233,45.41735178,2014-07-11,10:43,01 - Clear,01 - Dry,10 - No control,01 - Non intersection,01 - Daylight,03 - P.D. only,03 - Rear end,Sandy Hill
10106,HIGHWAY 417 btwn HWY417 IC123 RAMP62 & HWY417 IC122 RAMP16,365059.6558,5028589.805,-75.73035925,45.39465424,2014-07-11,17:38,01 - Clear,01 - Dry,10 - No control,01 - Non intersection,01 - Daylight,03 - P.D. only,03 - Rear end,Island Park
10107,HIGHWAY 417 btwn HWY417 IC129 RAMP25 & HWY417 IC129 RAMP35,360852.2701,5023837.57,-75.78463125,45.35224339,2014-03-20,8:34,01 - Clear,02 - Wet,10 - No control,01 - Non intersection,01 - Daylight,03 - P.D. only,07 - SMV other,Iris
10108,HIGHWAY 417 btwn HWY417 IC129 RAMP25 & HWY417 IC129 RAMP35,360460.8009,5023529.513,-75.78966167,45.34950268,2014-03-20,9:40,01 - Clear,01 - Dry,10 - No control,01 - Non intersection,01 - Daylight,03 - P.D. only,03 - Rear end,Whitehaven - Queensway Terrace North
10109,HIGHWAY 417 btwn HWY417 IC124 RAMP76 & HWY417 IC124 RAMP67,364583.5941,5027741.313,-75.7365418,45.38706048,2014-02-14,19:10,01 - Clear,02 - Wet,10 - No control,01 - Non intersection,07 - Dark,03 - P.D. only,07 - SMV other,Westboro
10110,HIGHWAY 416 btwn HWY416 IC66 RAMP53 & HWY416 IC57 RAMP34,364221.2397,5008879.593,-75.74342959,45.21737432,2014-03-25,20:56,01 - Clear,01 - Dry,10 - No control,01 - Non intersection,07 - Dark,03 - P.D. only,07 - SMV other,New Barrhaven
10111,HIGHWAY 417 btwn HWY417 IC163 RAMP16 & HWY417 IC163 RAMP61,331819.5848,5021369.619,-76.15528618,45.33175516,2014-02-19,7:40,01 - Clear,01 - Dry,10 - No control,01 - Non intersection,03 - Dawn,03 - P.D. only,07 - SMV other,Carp - Hardwood Plains
10112,HIGHWAY 417 btwn HWY417 IC121B RAMP51 & HWY417 IC121A RAMP51,366742.251,5029563.048,-75.70874883,45.40326441,2014-07-13,14:27,02 - Rain,02 - Wet,10 - No control,01 - Non intersection,01 - Daylight,03 - P.D. only,04 - Sideswipe,Little Italy
10113,HIGHWAY 417 btwn HWY417 IC120A RAMP52 & HWY417 IC119B RAMP57,367920.589,5030087.244,-75.69363111,45.4078757,2014-07-14,16:15,01 - Clear,01 - Dry,10 - No control,01 - Non intersection,01 - Daylight,03 - P.D. only,99 - Other,The Glebe
10114,HIGHWAY 417 btwn HWY417 IC122 RAMP51 & HWY417 IC122 RAMP15,365414.5463,5028929.51,-75.72578524,45.3976802,2014-07-10,22:15,01 - Clear,01 - Dry,10 - No control,01 - Non intersection,07 - Dark,03 - P.D. only,07 - SMV other,Civic Hospital - Experimental Farm - Central Park
10115,HIGHWAY 417 btwn HWY417 IC124 RAMP76 & HWY417 IC124 RAMP67,364203.4993,5027250.318,-75.74145441,45.38267493,2014-07-10,17:20,01 - Clear,01 - Dry,10 - No control,01 - Non intersection,01 - Daylight,03 - P.D. only,03 - Rear end,Westboro
10116,MCARTHUR AVE btwn LACASSE AVE & CARMEN AVE,370834.703,5032758.328,-75.65604913,45.43164014,2014-11-06,16:15,02 - Rain,02 - Wet,10 - No control,04 - At/near private drive,05 - Dusk,03 - P.D. only,03 - Rear end,Vanier South
10117,GLADSTONE AVE @ PRESTON ST,366490.1799,5029712.558,-75.71194978,45.40463192,2014-11-08,12:01,01 - Clear,01 - Dry,01 - Traffic signal,02 - Intersection related,01 - Daylight,03 - P.D. only,03 - Rear end,Little Italy
10118,BRONSON AVE btwn JAMES ST & FLORENCE ST,367089.6259,5030186.777,-75.70423309,45.40884572,2014-09-24,11:00,01 - Clear,01 - Dry,10 - No control,04 - At/near private drive,01 - Daylight,03 - P.D. only,05 - Turning movement,Centretown West
10119,MERIVALE RD btwn WITHROW AVE & ROSSLAND AVE,364658.0688,5024187.958,-75.73602141,45.35508161,2014-10-13,18:15,01 - Clear,01 - Dry,10 - No control,01 - Non intersection,07 - Dark,03 - P.D. only,04 - Sideswipe,Cityview - Skyline - Fisher Heights
10120,HIGHWAY 417 btwn HWY417 IC118 RAMP35 & HWY417 IC117 RAMP51,370183.9274,5031099.736,-75.66458557,45.41677794,2014-07-31,16:55,01 - Clear,01 - Dry,10 - No control,01 - Non intersection,01 - Daylight,03 - P.D. only,04 - Sideswipe,Old Ottawa East
10121,HIGHWAY 417 btwn HWY417 IC126 RAMP61 & HWY417 IC124 RAMP76,363674.0657,5026536.628,-75.74829946,45.37629795,2014-07-31,19:31,01 - Clear,01 - Dry,10 - No control,01 - Non intersection,01 - Daylight,03 - P.D. only,03 - Rear end,Carlingwood West - Glabar Park - McKellar Heights
10122,HIGHWAY 417 btwn HWY417 IC142 RAMP35 & HWY417 IC142 RAMP25,349209.0544,5017456.203,-75.93379218,45.29565612,2014-08-10,21:19,01 - Clear,01 - Dry,10 - No control,01 - Non intersection,07 - Dark,03 - P.D. only,03 - Rear end,Stittsville - Basswood