Record,Location,X,Y,lon,lat,Date,Time,Environment,Road_Surface,Traffic_Control,Collision_Location,Light,Collision_Classification,Impact_type,Neighborhood
10123,HIGHWAY 7 btwn ASHTON STATION RD & OVERPASS RD,339992.3849,5003795.081,-76.05226541,45.17324752,2014-08-04,21:45,01 - Clear,01 - Dry,10 - No control,01 - Non intersection,07 - Dark,03 - P.D. only,07 - SMV other,Munster Hamlet - Richmond
10124,HIGHWAY 417 btwn HWY417 IC139 RAMP15 & HWY417 IC138 RAMP51,352171.37,5019597.532,-75.89582056,45.31473084,2014-10-18,22:40,01 - Clear,01 - Dry,10 - No control,01 - Non intersection,07 - Dark,03 - P.D. only,03 - Rear end,Katimavik - Hazeldean
10125,HIGHWAY 417 btwn HWY417 IC117 RAMP51 & HWY417 IC117 RAMP35,370785.1216,5031187.225,-75.65689319,45.4175087,2014-10-28,18:00,01 - Clear,01 - Dry,10 - No control,01 - Non intersection,07 - Dark,03 - P.D. only,03 - Rear end,Industrial Park
10126,HIGHWAY 417 btwn HWY417 IC127 RAMP63 & HWY417 IC127 RAMP67,362147.7193,5024867.002,-75.76797995,45.3614014,2014-10-29,19:59,01 - Clear,01 - Dry,10 - No control,01 - Non intersection,07 - Dark,03 - P.D. only,04 - Sideswipe,Carlingwood West - Glabar Park - McKellar Heights
10127,PRINCE OF WALES DR @ MEADOWLANDS DR/HOG'S BACK,367370.955,5025692.995,-75.70120914,45.36838677,2014-09-08,11:35,01 - Clear,01 - Dry,01 - Traffic signal,02 - Intersection related,01 - Daylight,03 - P.D. only,99 - Other,Carleton Heights - Rideauview
10128,BANK ST @ CATHERINE ST,368040.6693,5030266.126,-75.69207428,45.40947439,2014-10-09,11:32,02 - Rain,02 - Wet,01 - Traffic signal,03 - At intersection,01 - Daylight,03 - P.D. only,07 - SMV other,Centretown
10129,RICHMOND RD btwn BERKLEY AVE & ROOSEVELT AVE,362946.1712,5028092.845,-75.75740908,45.39036136,2014-11-25,13:50,01 - Clear,01 - Dry,10 - No control,01 - Non intersection,01 - Daylight,03 - P.D. only,06 - SMV unattended vehicle,Westboro
10130,GREENBANK RD @ STRANDHERD DR,363933.6839,5014783.942,-75.74638839,45.2705262,2014-11-25,18:29,01 - Clear,01 - Dry,01 - Traffic signal,02 - Intersection related,07 - Dark,03 - P.D. only,03 - Rear end,New Barrhaven
10131,BAY ST @ LAURIER AVE,367035.6555,5030998.998,-75.70481996,45.41615865,2014-10-20,7:35,01 - Clear,01 - Dry,01 - Traffic signal,02 - Intersection related,01 - Daylight,03 - P.D. only,04 - Sideswipe,Downtown
10132,ELGIN ST @ SLATER ST,367891.6578,5031646.1,-75.69380111,45.4219044,2014-12-02,22:27,03 - Snow,03 - Loose snow,01 - Traffic signal,03 - At intersection,07 - Dark,03 - P.D. only,07 - SMV other,Downtown
10133,BANK ST btwn ST. PAUL AVE & KITCHENER AVE,370527.5744,5025525.15,-75.6609378,45.36658763,2014-12-06,13:07,01 - Clear,01 - Dry,10 - No control,01 - Non intersection,01 - Daylight,03 - P.D. only,04 - Sideswipe,Ledbury - Heron Gate - Ridgemont - Elmwood
10134,GREENBANK RD @ STRANDHERD DR,363934.1578,5014783.469,-75.74638241,45.27052191,2014-11-08,21:51,02 - Rain,02 - Wet,01 - Traffic signal,03 - At intersection,07 - Dark,03 - P.D. only,05 - Turning movement,New Barrhaven
10135,HUNT CLUB RD btwn RAMP & TRANSIT,371144.508,5023777.371,-75.65329763,45.35080356,2014-11-10,8:46,01 - Clear,01 - Dry,10 - No control,01 - Non intersection,01 - Daylight,03 - P.D. only,07 - SMV other,South Keys - Heron Gate - Greenboro West
10136,SMYTH RD btwn ROGER GUINDON AVE & BOTSFORD ST,372077.8989,5029243.074,-75.64064225,45.39989296,2014-12-10,7:42,03 - Snow,03 - Loose snow,10 - No control,04 - At/near private drive,03 - Dawn,03 - P.D. only,02 - Angle,Elmvale - Eastway - Riverview - Riverview Park West
10137,Percifor Way btwn Travis St  and Travis St ,381089.8233,5032768.898,-75.52500061,45.43069174,2014-05-21,1:28,01 - Clear,01 - Dry,10 - No control,01 - Non intersection,07 - Dark,03 - P.D. only,06 - SMV unattended vehicle,Chapel Hill South
10138,AVIATION PKWY @ OGILVIE RD,373110.2403,5032375.638,-75.62702324,45.42797832,2014-11-17,16:45,05 - Drifting Snow,03 - Loose snow,01 - Traffic signal,03 - At intersection,05 - Dusk,03 - P.D. only,05 - Turning movement,Industrial Park
10139,ST. LAURENT BLVD @ COVENTRY RD/OGILVIE RD,372304.2977,5031952.522,-75.63737966,45.42424957,2014-11-18,14:07,01 - Clear,01 - Dry,01 - Traffic signal,02 - Intersection related,01 - Daylight,03 - P.D. only,03 - Rear end,Overbrook
10140,RITA AVE @ MERIVALE RD,364612.2281,5024297.411,-75.73659319,45.35607037,2014-09-12,19:50,01 - Clear,01 - Dry,02 - Stop sign,02 - Intersection related,07 - Dark,03 - P.D. only,03 - Rear end,Cityview - Skyline - Fisher Heights
10141,CATHERINE ST @ KENT ST,367908.1814,5030190.46,-75.69377639,45.40880553,2014-09-13,6:37,01 - Clear,01 - Dry,01 - Traffic signal,03 - At intersection,03 - Dawn,03 - P.D. only,05 - Turning movement,Centretown
10142,CENTREPOINTE DR @ HEMMINGWOOD WAY E,362328.4347,5023204.499,-75.76586683,45.34642752,2014-11-05,17:45,01 - Clear,01 - Dry,02 - Stop sign,02 - Intersection related,07 - Dark,03 - P.D. only,03 - Rear end,Centrepointe
10143,DUNDONALD DR @ GREENBANK RD,365090.6441,5012122.311,-75.73196813,45.24647859,2014-11-05,18:20,01 - Clear,01 - Dry,02 - Stop sign,03 - At intersection,07 - Dark,03 - P.D. only,02 - Angle,New Barrhaven
10144,STITTSVILLE MAIN ST @ BRYCE PL/DENALI WAY,349363.7413,5015509.591,-75.93199489,45.27813007,2014-09-08,7:48,01 - Clear,01 - Dry,02 - Stop sign,03 - At intersection,01 - Daylight,03 - P.D. only,02 - Angle,Stittsville
10145,KIRKWOOD AVE @ RICHMOND RD,363778.2158,5028639.659,-75.7467185,45.39521192,2014-09-08,15:42,01 - Clear,01 - Dry,01 - Traffic signal,02 - Intersection related,01 - Daylight,03 - P.D. only,05 - Turning movement,Westboro
10146,BANK ST @ MITCH OWENS RD,377758.2918,5015947.46,-75.57005491,45.27969678,2014-09-22,15:20,01 - Clear,01 - Dry,01 - Traffic signal,03 - At intersection,01 - Daylight,03 - P.D. only,05 - Turning movement,Osgoode
10147,CARP RD btwn THOMAS A. DOLAN PKWY & NORMA LANE,337389.1272,5025251.048,-76.08397631,45.36644541,2014-11-05,17:24,01 - Clear,01 - Dry,10 - No control,01 - Non intersection,07 - Dark,03 - P.D. only,07 - SMV other,Carp - Hardwood Plains
10148,AMESBROOKE DR @ MAITLAND AVE,363770.1647,5025179.416,-75.7472346,45.36407786,2014-11-06,10:41,01 - Clear,01 - Dry,02 - Stop sign,02 - Intersection related,01 - Daylight,03 - P.D. only,04 - Sideswipe,Braemar Park - Bel Air Heights - Copeland Park
10149,RIDEAU ST btwn NELSON ST & FRIEL ST,368667.5688,5032508.43,-75.68377554,45.42959292,2014-08-15,18:16,01 - Clear,01 - Dry,10 - No control,01 - Non intersection,01 - Daylight,03 - P.D. only,04 - Sideswipe,Lower Town
10150,CYRVILLE RD btwn MAXIME ST & INNES RD,374888.9569,5031163.166,-75.60446724,45.41689318,2014-08-17,6:48,02 - Rain,02 - Wet,10 - No control,01 - Non intersection,03 - Dawn,03 - P.D. only,07 - SMV other,Industrial Park
10151,SETTLER'S RIDGE WAY btwn CONLAN WAY & RYLAND ST,365524.598,5015608.859,-75.7260144,45.27781321,2014-11-24,10:20,01 - Clear,01 - Dry,10 - No control,01 - Non intersection,01 - Daylight,03 - P.D. only,06 - SMV unattended vehicle,New Barrhaven
10152,Gerry Lalonde Dr btwn Brian Coburn Blvd and Trigoria Cres,383463.3302,5034758.92,-75.4943533,45.44833332,2014-05-21,12:07,01 - Clear,01 - Dry,10 - No control,04 - At/near private drive,01 - Daylight,03 - P.D. only,06 - SMV unattended vehicle,Avalon
10153,DES BROUSSAILLES TER btwn MEADOWGLEN DR & MEADOWGLEN DR,379542.4847,5034827.754,-75.54446046,45.44938292,2014-10-11,11:45,01 - Clear,01 - Dry,10 - No control,01 - Non intersection,01 - Daylight,03 - P.D. only,06 - SMV unattended vehicle,Chapel Hill
10154,INNES RD @ ORLEANS BLVD,380462.6953,5034295.928,-75.53277956,45.44449894,2014-12-09,7:50,01 - Clear,01 - Dry,01 - Traffic signal,02 - Intersection related,03 - Dawn,03 - P.D. only,02 - Angle,Chapel Hill South
10155,DEBRA AVE btwn CLAYMOR AVE & BELLAMY ST,366893.256,5025445.401,-75.70733806,45.36620145,2014-11-20,9:48,01 - Clear,06 - Ice,10 - No control,04 - At/near private drive,01 - Daylight,03 - P.D. only,05 - Turning movement,Carleton Heights - Rideauview
10156,GLADSTONE AVE @ LYON ST,367582.7634,5030362.996,-75.6979113,45.41038722,2014-11-24,22:13,01 - Clear,01 - Dry,01 - Traffic signal,03 - At intersection,07 - Dark,03 - P.D. only,02 - Angle,Centretown
10157,CANOTEK RD @ SHEFFORD RD,376028.7782,5035095.023,-75.58933662,45.45215457,2014-11-27,12:00,01 - Clear,01 - Dry,01 - Traffic signal,03 - At intersection,01 - Daylight,03 - P.D. only,04 - Sideswipe,Greenbelt
10158,FRANKTOWN RD btwn CONLEY RD & JOY'S RD,353466.6822,5003206.819,-75.88090487,45.16715342,2014-11-25,19:07,01 - Clear,01 - Dry,10 - No control,01 - Non intersection,07 - Dark,03 - P.D. only,07 - SMV other,Munster Hamlet - Richmond
10159,MEADOWLANDS DR @ MERIVALE RD,364860.6001,5023725.035,-75.73349293,45.35089898,2014-11-25,20:04,01 - Clear,01 - Dry,01 - Traffic signal,03 - At intersection,07 - Dark,03 - P.D. only,07 - SMV other,Cityview - Skyline - Fisher Heights
10160,BANK ST @ CAHILL DR/DAZE ST,371305.8649,5024317.203,-75.65116598,45.35564552,2014-10-21,18:00,01 - Clear,01 - Dry,01 - Traffic signal,02 - Intersection related,01 - Daylight,03 - P.D. only,04 - Sideswipe,South Keys - Heron Gate - Greenboro West
10161,BANK ST @ LEITRIM RD,375357.7542,5021619.972,-75.59984146,45.33098097,2014-10-21,21:31,01 - Clear,01 - Dry,01 - Traffic signal,02 - Intersection related,07 - Dark,03 - P.D. only,03 - Rear end,Greenbelt
10162,AVIATION PKWY btwn TO BE DETERMINED & OGILVIE RD,373081.4981,5032455.089,-75.6273795,45.42869599,2014-12-07,3:50,01 - Clear,01 - Dry,10 - No control,01 - Non intersection,07 - Dark,03 - P.D. only,07 - SMV other,Carson Grove - Carson Meadows
10163,SUSSEX DR btwn YORK ST & GEORGE ST,367864.9505,5032139.224,-75.69407921,45.42634377,2014-11-04,9:30,01 - Clear,01 - Dry,10 - No control,01 - Non intersection,01 - Daylight,03 - P.D. only,04 - Sideswipe,Byward Market
10164,PARKDALE AVE @ GLADSTONE AVE,365215.7516,5029118.086,-75.72830107,45.39939415,2014-12-20,14:06,01 - Clear,01 - Dry,01 - Traffic signal,02 - Intersection related,01 - Daylight,03 - P.D. only,03 - Rear end,Civi
10165,ST. LAURENT BLVD @ COVENTRY RD/OGILVIE RD,372306.6696,5031950.149,-75.63734968,45.42422799,2014-12-20,19:10,01 - Clear,01 - Dry,01 - Traffic signal,02 - Intersection related,07 - Dark,03 - P.D. only,03 - Rear end,Overbrook
10166,WOODROFFE AVE btwn HWY417 IC127 RAMP52 & HWY417 IC127 RAMP53,362185.5357,5024678.486,-75.76751917,45.35970206,2014-09-05,16:29,02 - Rain,02 - Wet,10 - No control,01 - Non intersection,01 - Daylight,03 - P.D. only,99 - Other,Iris
10167,FROBISHER LANE W @ RIVERSIDE DR,370119.9972,5029601.214,-75.66560088,45.40330078,2014-08-21,17:30,02 - Rain,02 - Wet,01 - Traffic signal,02 - Intersection related,01 - Daylight,03 - P.D. only,03 - Rear end,Industrial Park
10168,CORKERY RD btwn MARCH RD & MANION RD,336958.149,5015103.399,-76.09013683,45.27515182,2014-09-13,6:45,01 - Clear,01 - Dry,10 - No control,01 - Non intersection,03 - Dawn,03 - P.D. only,07 - SMV other,Carp - Hardwood Plains
10169,FALLOWFIELD RD @ MERIVALE RD,366889.3429,5018845.417,-75.70821609,45.30681625,2014-09-12,13:00,01 - Clear,01 - Dry,01 - Traffic signal,02 - Intersection related,01 - Daylight,03 - P.D. only,03 - Rear end,Greenbelt
10170,WALKLEY RD @ HEATHERINGTON RD,371765.8954,5026793.579,-75.64495948,45.37788328,2014-11-06,13:51,01 - Clear,01 - Dry,01 - Traffic signal,02 - Intersection related,01 - Daylight,03 - P.D. only,04 - Sideswipe,Ledbury - Heron Gate - Ridgemont - Elmwood
10171,TRIM RD btwn MCFADDEN RD & PERRAULT RD,389884.1808,5029027.954,-75.41327202,45.39602007,2014-08-07,16:24,01 - Clear,01 - Dry,10 - No control,01 - Non intersection,01 - Daylight,03 - P.D. only,06 - SMV unattended vehicle,Navan - Vars
10172,ELGIN ST btwn COOPER ST & SOMERSET ST W,368143.2313,5031231.829,-75.69064003,45.41815419,2014-08-17,0:00,01 - Clear,01 - Dry,10 - No control,01 - Non intersection,00 - Unknown,03 - P.D. only,06 - SMV unattended vehicle,Centretown
10173,PLEASANT PARK RD btwn HOLT CRES & CAMROSE ST,372567.3169,5028605.416,-75.6344791,45.39410838,2014-08-29,15:50,01 - Clear,01 - Dry,10 - No control,01 - Non intersection,01 - Daylight,03 - P.D. only,06 - SMV unattended vehicle,Elmvale - Eastway - Riverview - Riverview Park West
10174,BASELINE RD @ WOODROFFE AVE,362550.1641,5023769.557,-75.76297154,45.35149365,2014-09-22,14:20,01 - Clear,01 - Dry,01 - Traffic signal,02 - Intersection related,01 - Daylight,03 - P.D. only,03 - Rear end,Iris
10175,QUEEN MARY ST @ VANIER PKWY,370361.3408,5031957.585,-75.66220484,45.42447992,2014-09-22,15:00,01 - Clear,01 - Dry,01 - Traffic signal,02 - Intersection related,01 - Daylight,03 - P.D. only,04 - Sideswipe,Overbrook
10176,LANARK AVE/WEST VILLAGE PRIV @ SCOTT ST,363624.691,5028916.142,-75.74864621,45.39771258,2014-11-06,15:03,02 - Rain,02 - Wet,01 - Traffic signal,02 - Intersection related,01 - Daylight,03 - P.D. only,03 - Rear end,Westboro
10177,BANK ST @ RIVERSIDE DR S,369305.2241,5027894.806,-75.67623085,45.38802264,2014-09-04,18:06,01 - Clear,01 - Dry,01 - Traffic signal,02 - Intersection related,01 - Daylight,03 - P.D. only,03 - Rear end,Alta Vista
10178,RICHMOND RD @ WOODROFFE AVE,361585.1603,5026656.419,-75.77495452,45.37754823,2014-09-07,16:23,01 - Clear,01 - Dry,01 - Traffic signal,03 - At intersection,01 - Daylight,03 - P.D. only,02 - Angle,Carlingwood - McKellar Park - Laurentien View
10179,LANGEVIN AVE btwn PUTMAN AVE & BEECHWOOD AVE,369363.7079,5033812.364,-75.67470883,45.44126129,2014-10-11,13:00,01 - Clear,01 - Dry,10 - No control,01 - Non intersection,01 - Daylight,03 - P.D. only,06 - SMV unattended vehicle,Lindenlea
10180,LAURIER AVE   W btwn O'CONNOR ST & METCALFE ST,367711.1768,5031401.157,-75.69613838,45.41971673,2014-10-11,0:00,01 - Clear,01 - Dry,10 - No control,01 - Non intersection,00 - Unknown,03 - P.D. only,06 - SMV unattended vehicle,Downtown
10181,IRIS ST btwn FIELD ST & WHITMORE AVE,362649.3355,5024655.214,-75.76160235,45.35945454,2014-10-10,0:00,01 - Clear,01 - Dry,10 - No control,01 - Non intersection,00 - Unknown,03 - P.D. only,06 - SMV unattended vehicle,Braemar Park - Bel Air Heights - Copeland Park
10182,CLARKSON CRES btwn PICKFORD DR & TO BE DETERMINED,353553.7645,5018509.3,-75.87829744,45.30484409,2014-12-09,21:08,01 - Clear,01 - Dry,10 - No control,04 - At/near private drive,07 - Dark,03 - P.D. only,02 - Angle,Katimavik - Hazeldean
10183,MOODIE DR btwn HWY417 IC134 RAMP25 & HWY417 IC134 RAMP53,356481.0402,5021914.7,-75.84061622,45.33527702,2014-12-10,1:30,01 - Clear,01 - Dry,10 - No control,01 - Non intersection,07 - Dark,03 - P.D. only,04 - Sideswipe,Greenbelt
10184,NAVY PRIV @ PRINCE OF WALES DR,366841.3334,5028678.604,-75.70759453,45.39529764,2014-11-20,8:00,01 - Clear,01 - Dry,02 - Stop sign,02 - Intersection related,01 - Daylight,03 - P.D. only,05 - Turning movement,The Glebe
10185,ROCHESTER ST btwn NORMAN ST & PAMILLA ST,366910.4215,5029221.912,-75.70664379,45.40018006,2014-11-20,13:00,01 - Clear,01 - Dry,10 - No control,01 - Non intersection,01 - Daylight,03 - P.D. only,06 - SMV unattended vehicle,Little Italy
10186,CLAYMOR AVE @ MEADOWLANDS DR,366922.6056,5025323,-75.70697881,45.36509751,2014-11-27,14:26,01 - Clear,01 - Dry,01 - Traffic signal,02 - Intersection related,01 - Daylight,03 - P.D. only,04 - Sideswipe,Carleton Heights - Rideauview
10187,PARKDALE AVE @ WELLINGTON ST,365150.6507,5029270.081,-75.72911393,45.40076738,2014-11-25,20:11,01 - Clear,01 - Dry,01 - Traffic signal,02 - Intersection related,07 - Dark,03 - P.D. only,03 - Rear end,Islan
10188,MERIVALE RD btwn PINEGLEN CRES & GERVIN ST,366287.0107,5020307.206,-75.7157151,45.32002225,2014-11-26,8:41,01 - Clear,01 - Dry,10 - No control,01 - Non intersection,01 - Daylight,03 - P.D. only,03 - Rear end,Merivale Gardens - Grenfell Glen - Pineglen - Country Place
10189,OTTAWA RIVER PKWY WB btwn TUNNEY'S PASTURE/REMIC RAPIDS ENT & PARKDALE,363380.4055,5029637.411,-75.75168047,45.40422292,2014-11-03,2:33,02 - Rain,02 - Wet,10 - No control,01 - Non intersection,07 - Dark,03 - P.D. only,07 - SMV other,Island Park
10190,CHAMPLAIN BRIDGE/ISLAND PARK DR btwn BATE ISLAND & OTTAWA RIVER PKWY,363115.3224,5029752.376,-75.75505282,45.40527948,2014-10-27,18:10,01 - Clear,01 - Dry,10 - No control,07 - Overpass or bridge,01 - Daylight,03 - P.D. only,04 - Sideswipe,Westboro
10191,ISLAND PARK DR btwn RICHMOND RD & BASSETT LANE,364214.8349,5028696.188,-75.7411356,45.39568365,2014-10-28,18:30,02 - Rain,02 - Wet,10 - No control,01 - Non intersection,07 - Dark,03 - P.D. only,03 - Rear end,Island Park
10192,MERIVALE RD @ WEST HUNT CLUB RD,365610.795,5021942.973,-75.72413871,45.33479959,2014-12-08,15:43,01 - Clear,01 - Dry,01 - Traffic signal,02 - Intersection related,01 - Daylight,03 - P.D. only,03 - Rear end,Tanglewood
10193,HWY 417 VANIER IC117R63 @ VANIER PKWY,370799.7084,5031397.898,-75.65667861,45.41940287,2014-11-06,18:00,01 - Clear,01 - Dry,01 - Traffic signal,03 - At intersection,07 - Dark,03 - P.D. only,04 - Sideswipe,Overbrook
10194,KIRKWOOD AVE btwn COLDREY AVE & LAPERRIERE AVE,364443.9088,5027127.061,-75.73839969,45.38154546,2014-11-14,11:06,01 - Clear,01 - Dry,10 - No control,01 - Non intersection,01 - Daylight,03 - P.D. only,03 - Rear end,Carlington
10195,EARL MULLIGAN DR @ WOODROFFE AVE,365251.6513,5017506.935,-75.72926176,45.29491554,2014-12-22,17:14,01 - Clear,01 - Dry,01 - Traffic signal,02 - Intersection related,07 - Dark,03 - P.D. only,03 - Rear end,Greenbelt
10196,GREENBANK RD @ BERRIGAN DR/WESSEX RD,363721.7815,5015276.9,-75.74903019,45.27497964,2014-12-26,13:29,01 - Clear,01 - Dry,01 - Traffic signal,02 - Intersection related,01 - Daylight,03 - P.D. only,03 - Rear end,Barrhaven West - Old Barrhaven
10197,KING EDWARD AVE @ LAURIER AVE,368738.2854,5032035.53,-75.68293327,45.42533148,2014-09-06,16:27,01 - Clear,01 - Dry,01 - Traffic signal,02 - Intersection related,01 - Daylight,03 - P.D. only,03 - Rear end,Sandy Hill
10198,CEDARVIEW RD @ WEST HUNT CLUB RD,359718.2035,5019554.478,-75.79957895,45.31379375,2014-09-07,12:14,01 - Clear,01 - Dry,01 - Traffic signal,02 - Intersection related,01 - Daylight,03 - P.D. only,03 - Rear end,Greenbelt
10199,STRASBOURG ST @ ROCHEFORT CIRC,384002.014,5034959.279,-75.48743548,45.45007514,2014-09-13,9:20,01 - Clear,01 - Dry,02 - Stop sign,03 - At intersection,01 - Daylight,03 - P.D. only,02 - Angle,Avalon
10200,BANK ST @ SUNNYSIDE AVE,368733.8793,5028581.075,-75.68343759,45.39424987,2014-11-01,2:01,01 - Clear,01 - Dry,01 - Traffic signal,02 - Intersection related,07 - Dark,03 - P.D. only,03 - Rear end,Old Ottawa South
10201,BANK ST @ KILBORN AVE/BELANGER AVE,369654.1938,5027427.548,-75.67183616,45.38378618,2014-11-06,19:30,01 - Clear,02 - Wet,01 - Traffic signal,03 - At intersection,07 - Dark,03 - P.D. only,05 - Turning movement,Alta Vista
10202,GILMOUR ST btwn KENT ST & BANK ST,367703.3537,5030727.008,-75.69632439,45.41365166,2014-09-11,0:00,01 - Clear,01 - Dry,10 - No control,01 - Non intersection,00 - Unknown,03 - P.D. only,06 - SMV unattended vehicle,Centretown
10203,CLARENCE ST    E btwn COBOURG ST & CHARLOTTE ST,369013.6909,5033096.678,-75.67927585,45.43485406,2014-11-11,17:52,01 - Clear,01 - Dry,10 - No control,01 - Non intersection,07 - Dark,03 - P.D. only,06 - SMV unattended vehicle,Lower Town
10204,DICKINSON ST @ TIGHE ST,368984.84,5009876.557,-75.68265532,45.2259271,2014-08-21,2:23,01 - Clear,02 - Wet,02 - Stop sign,02 - Intersection related,07 - Dark,03 - P.D. only,06 - SMV unattended vehicle,Manotick
10205,EARL MULLIGAN DR @ WOODROFFE AVE,365252.123,5017505.512,-75.72925592,45.2949027,2014-09-22,16:35,01 - Clear,01 - Dry,01 - Traffic signal,03 - At intersection,01 - Daylight,03 - P.D. only,05 - Turning movement,Greenbelt
10206,FISHER AVE btwn EMPEROR AVE & TRENT ST,365763.3203,5026971.194,-75.72157276,45.38002943,2014-09-22,16:50,01 - Clear,01 - Dry,10 - No control,01 - Non intersection,01 - Daylight,03 - P.D. only,03 - Rear end,Carlington
10207,HAWTHORNE AVE @ MAIN ST,368972.1314,5030632.567,-75.68012798,45.41268671,2014-11-12,6:43,02 - Rain,02 - Wet,01 - Traffic signal,03 - At intersection,07 - Dark,03 - P.D. only,05 - Turning movement,Old Ottawa East
10208,REGIONAL ROAD 174 btwn OR174 IC102 RAMP26 & REGIONAL ROAD 174,381562.0976,5038243.746,-75.51811119,45.47989828,2014-11-12,8:54,02 - Rain,02 - Wet,10 - No control,01 - Non intersection,01 - Daylight,03 - P.D. only,03 - Rear end,Orleans South West
10209,HAWTHORNE AVE btwn COLONEL BY DR & MAIN ST,368851.3587,5030573.967,-75.68167845,45.41217051,2014-09-09,9:32,01 - Clear,01 - Dry,10 - No control,01 - Non intersection,01 - Daylight,03 - P.D. only,03 - Rear end,Old Ottawa East
10210,TERRY FOX DR btwn HWY417 IC140 RAMP35 & HWY417 IC140 RAMP52,351019.3612,5018470.793,-75.9106177,45.30466893,2014-09-14,14:30,01 - Clear,01 - Dry,10 - No control,01 - Non intersection,01 - Daylight,03 - P.D. only,03 - Rear end,Katimavik - Hazeldean
10211,ST. LAURENT BLVD @ WALKLEY RD,373903.7002,5028046.38,-75.61749119,45.38894783,2014-10-17,11:00,01 - Clear,01 - Dry,01 - Traffic signal,02 - Intersection related,01 - Daylight,03 - P.D. only,02 - Angle,Hawthorne Meadows
10212,CONROY RD @ ROSEBELLA AVE,374288.7473,5024191.93,-75.61311666,45.3542291,2014-12-10,7:36,03 - Snow,02 - Wet,02 - Stop sign,03 - At intersection,03 - Dawn,03 - P.D. only,02 - Angle,Blossom Park - Blossom Park West - Sawmill Creek/ Timbermill
10213,WOODROFFE AVE @ KNOXDALE RD/MEDHURST DR,363418.7398,5021827.912,-75.75211748,45.33395082,2014-12-09,19:00,01 - Clear,01 - Dry,01 - Traffic signal,02 - Intersection related,07 - Dark,03 - P.D. only,03 - Rear end,Woodvale - Craig Henry - Manordale - Estates of Arlington Wo
10214,JEANNE D'ARC BLVD @ OR174 IC105 RAMP52,379456.5649,5036917.682,-75.54524142,45.4681957,2014-11-20,16:50,01 - Clear,01 - Dry,01 - Traffic signal,02 - Intersection related,05 - Dusk,03 - P.D. only,03 - Rear end,Greenbelt
10215,BANK ST btwn ST. BERNARD ST & GRAND AVE,373016.1412,5023702.323,-75.62942455,45.34994875,2014-11-27,15:12,01 - Clear,01 - Dry,10 - No control,01 - Non intersection,01 - Daylight,03 - P.D. only,03 - Rear end,Blossom Park - Blossom Park West - Sawmill Creek/ Timbermill
10216,HUNT CLUB RD @ RIVERSIDE DR,368036.9405,5021945.617,-75.69318715,45.33460893,2014-11-27,7:35,01 - Clear,01 - Dry,01 - Traffic signal,02 - Intersection related,01 - Daylight,03 - P.D. only,04 - Sideswipe,Hunt Club Woods - Quintarra - Revelstoke - Riverside South P
10217,BANK ST btwn GLEBE AVE & FIRST AVE,368257.9062,5029744.664,-75.68936639,45.40476278,2014-05-30,15:10,01 - Clear,01 - Dry,10 - No control,01 - Non intersection,01 - Daylight,03 - P.D. only,03 - Rear end,The Glebe
10218,OTTAWA RIVER PKWY WB btwn TUNNEY'S PASTURE/REMIC RAPIDS ENT & PARKDALE,364175.8605,5030150.71,-75.74145822,45.40877445,2014-10-29,15:58,01 - Clear,01 - Dry,10 - No control,01 - Non intersection,01 - Daylight,03 - P.D. only,03 - Rear end,Island Park
10219,CARLING AVE WB btwn CONNAUGHT AVE & OTTAWA RIVER PKWY WB RAMP/CARLING ,360848.9012,5025165.13,-75.7845237,45.36418899,2014-10-30,8:40,01 - Clear,01 - Dry,10 - No control,01 - Non intersection,01 - Daylight,03 - P.D. only,04 - Sideswipe,Woodroffe - Lincoln Heights
10220,MONTREAL RD @ SHEFFORD RD,376126.6806,5034853.1,-75.58812017,45.44996791,2014-11-05,15:06,01 - Clear,01 - Dry,01 - Traffic signal,02 - Intersection related,01 - Daylight,03 - P.D. only,03 - Rear end,Beacon Hill South - Cardinal Heights
10221,WEST HUNT CLUB RD WB btwn CEDARVIEW RD & GREENBANK RD,359802.5637,5019612.298,-75.79849669,45.31430742,2014-10-14,15:45,01 - Clear,01 - Dry,10 - No control,01 - Non intersection,01 - Daylight,03 - P.D. only,03 - Rear end,Greenbelt
10222,ALTA VISTA DR @ KILBORN AVE,370365.2492,5027750.591,-75.66271431,45.38662662,2014-11-28,22:25,01 - Clear,01 - Dry,01 - Traffic signal,03 - At intersection,07 - Dark,03 - P.D. only,05 - Turning movement,Alta Vista
10223,VANIER PKWY/CRICHTON ST @ BEECHWOOD AVE/ST. PA,369129.2188,5033486.186,-75.67774853,45.43834808,2014-12-01,16:40,01 - Clear,01 - Dry,01 - Traffic signal,02 - Intersection related,05 - Dusk,03 - P.D. only,04 - Sideswipe,Vanier North
10224,NAIRN ST btwn HALKIRK AVE & KINCARDINE DR,352281.6994,5016890.858,-75.89467273,45.29036808,2014-09-10,9:17,01 - Clear,01 - Dry,10 - No control,04 - At/near private drive,01 - Daylight,03 - P.D. only,05 - Turning movement,Glen Cairn - Kanata South Business Park
10225,CASTLEFRANK RD @ KATIMAVIK RD,351950.9268,5018945.412,-75.89869401,45.30887775,2014-09-10,12:20,01 - Clear,01 - Dry,01 - Traffic signal,02 - Intersection related,01 - Daylight,03 - P.D. only,03 - Rear end,Katimavik - Hazeldean