Record,Location,X,Y,lon,lat,Date,Time,Environment,Road_Surface,Traffic_Control,Collision_Location,Light,Collision_Classification,Impact_type,Neighborhood
10226,FLEWELLYN RD btwn MUNSTER RD & CONLEY RD,348340.6889,5008015.212,-75.94569023,45.21075662,2014-11-01,3:23,01 - Clear,01 - Dry,10 - No control,01 - Non intersection,07 - Dark,03 - P.D. only,07 - SMV other,Stittsville - Basswood
10227,REGIONAL ROAD 174 btwn TRANSIT & OR174 IC105 RAMP51,377912.9217,5036158.614,-75.56509281,45.46152944,2014-11-01,4:12,01 - Clear,01 - Dry,10 - No control,01 - Non intersection,07 - Dark,03 - P.D. only,07 - SMV other,Greenbelt
10228,TALLTREE CRES btwn ABBOTT ST E & ABBOTT ST E,351798.3435,5014749.091,-75.90103734,45.27112833,2014-11-01,11:16,01 - Clear,01 - Dry,10 - No control,04 - At/near private drive,01 - Daylight,03 - P.D. only,06 - SMV unattended vehicle,Stittsville
10229,CONROY RD @ HUNT CLUB RD,373762.3182,5025402.627,-75.61966574,45.36517443,2014-11-07,14:10,01 - Clear,02 - Wet,01 - Traffic signal,02 - Intersection related,01 - Daylight,03 - P.D. only,03 - Rear end,Greenboro East
10230,ROBINWOOD PL btwn Continuation of ROBINWOOD PL & Continuation of ROBIN,381117.4025,5034952.24,-75.52430964,45.45033275,2014-11-01,0:00,01 - Clear,01 - Dry,10 - No control,01 - Non intersection,00 - Unknown,03 - P.D. only,06 - SMV unattended vehicle,Orleans Village - Chateauneuf
10231,DUNNING RD btwn COLONIAL RD & WATSON RD,394069.0815,5033503.991,-75.35902047,45.43576899,2014-09-22,5:45,01 - Clear,01 - Dry,10 - No control,01 - Non intersection,07 - Dark,03 - P.D. only,07 - SMV other,Navan - Vars
10232,KING EDWARD AVE @ SOMERSET ST/MARIE CURIE PRIV,368957.2364,5031672.63,-75.68018285,45.42204619,2014-09-22,15:00,01 - Clear,01 - Dry,01 - Traffic signal,02 - Intersection related,01 - Daylight,03 - P.D. only,04 - Sideswipe,Sandy Hill
10233,CARLING AVE @ MAITLAND AVE/SHERBOURNE RD,362942.6979,5026489.002,-75.75764233,45.37593049,2014-11-12,12:03,01 - Clear,01 - Dry,01 - Traffic signal,03 - At intersection,01 - Daylight,03 - P.D. only,04 - Sideswipe,Carlingwood - McKellar Park - Laurentien View
10234,ANDERSON ST btwn PRESTON ST & ROCHESTER ST,366413.1637,5030032.073,-75.71289359,45.40751361,2014-11-12,17:17,01 - Clear,01 - Dry,10 - No control,04 - At/near private drive,07 - Dark,03 - P.D. only,99 - Other,Little Italy
10235,CUMMINGS AVE @ MONTREAL RD,372007.2338,5034039.638,-75.64089044,45.44305706,2014-09-14,23:04,01 - Clear,01 - Dry,01 - Traffic signal,02 - Intersection related,07 - Dark,03 - P.D. only,03 - Rear end,Cummings
10236,LYON ST @ SLATER ST,367102.2307,5031152.587,-75.70395,45.41753467,2014-09-17,17:13,01 - Clear,01 - Dry,01 - Traffic signal,02 - Intersection related,01 - Daylight,03 - P.D. only,04 - Sideswipe,Downtown
10237,BANTREE ST @ INNES RD,373706.6733,5030406.08,-75.61967741,45.41019872,2014-10-01,17:05,01 - Clear,01 - Dry,01 - Traffic signal,03 - At intersection,01 - Daylight,03 - P.D. only,05 - Turning movement,Industrial Park
10238,LONGFIELDS DR btwn DEERCROFT AVE & STRANDHERD DR,364524.7199,5015207.065,-75.73880588,45.27428352,2014-12-10,7:53,03 - Snow,02 - Wet,10 - No control,04 - At/near private drive,01 - Daylight,03 - P.D. only,02 - Angle,New Barrhaven
10239,MARCH VALLEY RD btwn RIDDELL DR & KLONDIKE RD,348272.7489,5027181.163,-75.94487487,45.38322246,2014-12-09,0:00,01 - Clear,01 - Dry,10 - No control,01 - Non intersection,00 - Unknown,03 - P.D. only,07 - SMV other,Carp - Hardwood Plains
10240,SECOND LINE RD btwn WILD ACRE LANE & SHARNE LANE,346753.4657,5024631.06,-75.96449109,45.36036865,2014-11-20,23:00,03 - Snow,02 - Wet,10 - No control,01 - Non intersection,07 - Dark,03 - P.D. only,07 - SMV other,Carp - Hardwood Plains
10241,GEORGE ST @ DALHOUSIE ST,368155.7974,5032317.015,-75.69033992,45.42791719,2014-11-21,8:10,01 - Clear,01 - Dry,01 - Traffic signal,03 - At intersection,01 - Daylight,03 - P.D. only,05 - Turning movement,Byward Market
10242,ISABELLA ST/HWY417 IC119AR75 @ METCALFE ST,368447.7564,5030400.04,-75.68685681,45.4106424,2014-11-27,16:07,01 - Clear,01 - Dry,01 - Traffic signal,02 - Intersection related,05 - Dusk,03 - P.D. only,04 - Sideswipe,The Glebe
10243,BREWER RD @ BRONSON AVE,368108.097,5027766.911,-75.69153372,45.38698111,2014-11-27,18:00,01 - Clear,01 - Dry,01 - Traffic signal,02 - Intersection related,07 - Dark,03 - P.D. only,03 - Rear end,Carleto
10244,ROCKCLIFFE PKWY btwn Continuation of ROCKCLIFFE PKWY & GL/OT BOUNDARY,372664.835,5035859.705,-75.63223418,45.45936954,2014-11-07,8:40,01 - Clear,01 - Dry,10 - No control,01 - Non intersection,01 - Daylight,03 - P.D. only,07 - SMV other,Gloucester
10245,BANK ST @ WELLINGTON ST,367257.707,5031629.048,-75.70190323,45.42180785,2014-11-07,19:19,01 - Clear,01 - Dry,01 - Traffic signal,02 - Intersection related,07 - Dark,03 - P.D. only,03 - Rear end,Downtown
10246,BRONSON PL @ COLONEL BY DR,367809.6613,5028522.979,-75.69524792,45.39381091,2014-06-23,23:09,01 - Clear,01 - Dry,02 - Stop sign,02 - Intersection related,07 - Dark,03 - P.D. only,07 - SMV other,Old Ottawa South
10247,BIRCH AVE EXT./ROCKCLIFFE PKWY @ ROCKCLIFFE PK,370129.652,5035707.04,-75.6646675,45.45823759,2014-07-20,13:20,01 - Clear,01 - Dry,02 - Stop sign,02 - Intersection related,01 - Daylight,03 - P.D. only,07 - SMV other,Rockcliffe - Manor Park
10248,PEPPERVILLE CRES btwn TEMPLEFORD AVE & REGIMENT AVE,354371.7237,5015617.285,-75.86815658,45.27876386,2014-10-14,16:09,01 - Clear,01 - Dry,10 - No control,01 - Non intersection,01 - Daylight,03 - P.D. only,06 - SMV unattended vehicle,Glen Cairn - Kanata South Business Park
10249,STRANDHERD DR @ 215 W OF GREENBANK RD/BARRHAVE,363743.8928,5014682.103,-75.74881901,45.26962579,2014-10-14,16:37,01 - Clear,01 - Dry,01 - Traffic signal,02 - Intersection related,01 - Daylight,03 - P.D. only,03 - Rear end,New Barrhaven
10250,PARKDALE AVE btwn LYNDALE AVE & SCOTT ST,364940.0344,5029747.758,-75.73174573,45.40508354,2014-12-02,7:01,01 - Clear,01 - Dry,10 - No control,04 - At/near private drive,03 - Dawn,03 - P.D. only,02 - Angle,Mechanicsville
10251,QUEEN MARY ST @ VANIER PKWY,370362.7604,5031956.16,-75.66218689,45.42446697,2014-12-29,11:14,01 - Clear,01 - Dry,01 - Traffic signal,02 - Intersection related,01 - Daylight,03 - P.D. only,03 - Rear end,Overbrook
10252,PRINCE OF WALES DR @ MERIVALE RD,367450.1852,5017616.461,-75.70122004,45.29570846,2014-08-29,10:00,01 - Clear,01 - Dry,01 - Traffic signal,02 - Intersection related,01 - Daylight,03 - P.D. only,03 - Rear end,Greenbelt
10253,GREENBANK RD @ 207 S OF BELLMAN DR/GREENBANK S,361337.2057,5020829.375,-75.77878646,45.3251368,2014-09-10,17:57,01 - Clear,01 - Dry,01 - Traffic signal,03 - At intersection,01 - Daylight,03 - P.D. only,05 - Turning movement,Nepean
10254,PORTOBELLO BLVD @ CELESTE WAY/NESTING WAY,385533.2975,5037115.615,-75.46750777,45.46930056,2014-11-08,19:12,01 - Clear,01 - Dry,02 - Stop sign,02 - Intersection related,07 - Dark,03 - P.D. only,03 - Rear end,Cardinal Creek
10255,BRIGHTON AVE @ RIVERDALE AVE,369076.2672,5028716.629,-75.6790474,45.39543819,2014-09-12,8:41,01 - Clear,01 - Dry,02 - Stop sign,03 - At intersection,01 - Daylight,03 - P.D. only,02 - Angle,Old Ottawa South
10256,PARENT AVE btwn ST. PATRICK ST & MURRAY ST,367859.3641,5032494.066,-75.69410516,45.42953702,2014-09-12,11:00,01 - Clear,01 - Dry,10 - No control,01 - Non intersection,01 - Daylight,03 - P.D. only,07 - SMV other,Byward Market
10257,PRINCE OF WALES DR @ WEST HUNT CLUB RD,367458.2364,5021889.608,-75.70057696,45.33415688,2014-09-21,20:02,01 - Clear,01 - Dry,01 - Traffic signal,02 - Intersection related,07 - Dark,03 - P.D. only,03 - Rear end,Industrial Park
10258,GLOUCESTER ST btwn LYON ST N & KENT ST,367273.3367,5031046.797,-75.70177736,45.41656755,2014-11-13,8:44,01 - Clear,01 - Dry,10 - No control,01 - Non intersection,01 - Daylight,03 - P.D. only,04 - Sideswipe,Centretown
10259,STITTSVILLE MAIN ST btwn HOBIN ST & BEVERLY ST,349743.4401,5013941.813,-75.92729743,45.26399849,2014-09-24,14:00,01 - Clear,01 - Dry,10 - No control,01 - Non intersection,01 - Daylight,03 - P.D. only,03 - Rear end,Stittsville
10260,JOCKVALE RD @ CAMBRIAN RD/GOLFLINKS DR W,365382.6908,5013221.991,-75.72811411,45.25634845,2014-10-22,14:43,01 - Clear,01 - Dry,11 - Roundabout,03 - At intersection,01 - Daylight,03 - P.D. only,02 - Angle,New Barrhaven
10261,CURRELL AVE @ CHURCHILL AVE,363700.1624,5027206.715,-75.74788635,45.3823251,2014-12-10,8:30,03 - Snow,03 - Loose snow,02 - Stop sign,02 - Intersection related,01 - Daylight,03 - P.D. only,03 - Rear end,Westboro
10262,BAYFIELD AVE @ HERZBERG RD,352090.5675,5022183.917,-75.89660403,45.33800913,2014-12-10,10:20,03 - Snow,03 - Loose snow,02 - Stop sign,03 - At intersection,01 - Daylight,03 - P.D. only,07 - SMV other,Kanata Lakes - Marchwood Lakeside - Morgan's Grant - Kanata
10263,BANK ST @ RIVERDALE AVE,369078.4852,5028116.511,-75.67909726,45.39003832,2014-11-20,19:00,01 - Clear,02 - Wet,01 - Traffic signal,02 - Intersection related,07 - Dark,03 - P.D. only,03 - Rear end,Old Ottawa South
10264,CHARLEMAGNE BLVD @ PRINCESS LOUISE DR W/VALADE,383521.7028,5037973.101,-75.49309247,45.47724507,2014-11-21,14:40,01 - Clear,01 - Dry,01 - Traffic signal,02 - Intersection related,01 - Daylight,03 - P.D. only,03 - Rear end,Fallingbrook
10265,INNES RD @ PAGE RD,380887.749,5034541.98,-75.5273087,45.44666659,2014-08-19,11:06,01 - Clear,01 - Dry,01 - Traffic signal,03 - At intersection,01 - Daylight,03 - P.D. only,02 - Angle,Orleans Village - Chateauneuf
10266,BYRON AVE @ ISLAND PARK DR,364255.69,5028604.976,-75.74062482,45.39485947,2014-08-22,17:30,01 - Clear,01 - Dry,01 - Traffic signal,02 - Intersection related,01 - Daylight,03 - P.D. only,03 - Rear end,Island Park
10267,COLONEL BY DR btwn ROSEDALE AVE & ECHO DR,368352.6676,5028712.039,-75.68828905,45.39546294,2014-10-15,22:00,02 - Rain,02 - Wet,10 - No control,01 - Non intersection,07 - Dark,03 - P.D. only,07 - SMV other,Old Ottawa South
10268,OTTAWA RIVER PKWY @ WOODROFFE AVE,361428.5818,5027002.062,-75.77691394,45.38067096,2014-12-10,22:00,03 - Snow,03 - Loose snow,02 - Stop sign,02 - Intersection related,07 - Dark,03 - P.D. only,07 - SMV other,Woodroffe - Lincoln Heights
10269,CLEGG ST @ COLONEL BY DR,368969.0863,5029741.386,-75.68028288,45.40466845,2014-02-11,9:00,01 - Clear,01 - Dry,02 - Stop sign,02 - Intersection related,01 - Daylight,03 - P.D. only,03 - Rear end,Old Ottawa East
10270,CARLING AVE @ CROYDON AVE,360657.2588,5025043.465,-75.78698362,45.36310955,2014-12-01,11:45,01 - Clear,01 - Dry,01 - Traffic signal,02 - Intersection related,01 - Daylight,03 - P.D. only,03 - Rear end,Whitehaven - Queensway Terrace North
10271,DWYER HILL RD @ ROGER STEVENS DR,354337.0159,4989351.272,-75.87120417,45.0424135,2014-09-27,13:40,01 - Clear,01 - Dry,02 - Stop sign,03 - At intersection,01 - Daylight,03 - P.D. only,02 - Angle,Munster Hamlet - Richmond
10272,RUSSELL RD S @ ST. LAURENT BLVD,373569.6953,5029260.976,-75.62158689,45.39990909,2014-11-03,15:51,01 - Clear,01 - Dry,01 - Traffic signal,03 - At intersection,01 - Daylight,03 - P.D. only,02 - Angle,Hawthorne Meadows - Sheffield Glen
10273,ST. LAURENT BLVD btwn MCARTHUR AVE & DONALD ST,372088.4996,5032491.542,-75.64006334,45.42912021,2014-09-11,10:30,02 - Rain,02 - Wet,10 - No control,01 - Non intersection,01 - Daylight,03 - P.D. only,04 - Sideswipe,Castl
10274,MONTREAL RD/HANNAH ST @ CODY AVE,370253.2954,5033169.592,-75.66342428,45.43539518,2014-09-11,11:00,01 - Clear,02 - Wet,01 - Traffic signal,02 - Intersection related,01 - Daylight,03 - P.D. only,04 - Sideswipe,Vanier
10275,BANK ST @ WELLINGTON ST,367256.2852,5031630.469,-75.70192122,45.42182077,2014-10-31,13:00,01 - Clear,01 - Dry,01 - Traffic signal,02 - Intersection related,01 - Daylight,03 - P.D. only,03 - Rear end,Downtown
10276,ST. LAURENT BLVD @ COVENTRY RD/OGILVIE RD,372304.2977,5031948.731,-75.63738018,45.42421546,2014-11-01,12:15,01 - Clear,01 - Dry,01 - Traffic signal,02 - Intersection related,01 - Daylight,03 - P.D. only,03 - Rear end,Overbrook
10277,KAKULU RD @ CASTLEFRANK RD,352181.7063,5018499.013,-75.89579377,45.30484541,2014-11-09,14:03,01 - Clear,01 - Dry,01 - Traffic signal,03 - At intersection,01 - Daylight,03 - P.D. only,02 - Angle,Katimavik - Hazeldean
10278,BANK ST @ GLEN AVE,368804.9541,5028435.09,-75.68254885,45.39292985,2014-10-10,7:50,01 - Clear,01 - Dry,01 - Traffic signal,02 - Intersection related,01 - Daylight,03 - P.D. only,04 - Sideswipe,Old Ottawa South
10279,AIRPORT PKWY/BROOKFIELD RD @ FLANNERY DR/AIRPORT PKWY RAMPS 52A/53,368695.9042,5026295.584,-75.68421839,45.37368916,2014-09-15,8:25,01 - Clear,02 - Wet,03 - Yield sign,03 - At intersection,01 - Daylight,03 - P.D. only,04 - Sideswipe,Riverside Park
10280,NAVAHO DR @ 265 E OF WOODROFFE AVE ,362923.0479,5023625.049,-75.75823005,45.35016257,2014-09-16,13:30,01 - Clear,01 - Dry,01 - Traffic signal,02 - Intersection related,01 - Daylight,03 - P.D. only,03 - Rear end,Crestview - Meadowlands
10281,AMBERCREST ST btwn MEADOWCROFT CRES & MATHESON RD,372935.6322,5033125.33,-75.62915066,45.43474071,2014-09-22,16:20,01 - Clear,01 - Dry,10 - No control,04 - At/near private drive,01 - Daylight,03 - P.D. only,06 - SMV unattended vehicle,Carson Grove - Carson Meadows
10282,MERIVALE RD @ WEST HUNT CLUB RD,365613.1691,5021941.55,-75.7241086,45.33478658,2014-09-22,8:15,01 - Clear,01 - Dry,01 - Traffic signal,02 - Intersection related,01 - Daylight,03 - P.D. only,03 - Rear end,Industrial Park
10283,BANK ST @ RIVERSIDE DR S,369306.1389,5027894.553,-75.6762192,45.38802028,2014-11-13,15:20,01 - Clear,01 - Dry,01 - Traffic signal,02 - Intersection related,01 - Daylight,03 - P.D. only,03 - Rear end,Alta Vista
10284,WILLOW ST btwn BOOTH ST & LEBRETON ST N,366739.8487,5029984.2,-75.70872661,45.40705403,2014-07-27,0:00,01 - Clear,01 - Dry,10 - No control,01 - Non intersection,00 - Unknown,03 - P.D. only,06 - SMV unattended vehicle,Centretown West
10285,MARCH RD @ SOLANDT RD,350490.3211,5022711.096,-75.91697233,45.34285884,2014-09-30,9:13,01 - Clear,01 - Dry,01 - Traffic signal,02 - Intersection related,01 - Daylight,03 - P.D. only,02 - Angle,South March
10286,8TH LINE RD btwn CASTOR RD & MARIONVILLE RD,389180.076,5001882.718,-75.42687689,45.15187402,2014-10-08,7:05,01 - Clear,01 - Dry,10 - No control,01 - Non intersection,03 - Dawn,03 - P.D. only,07 - SMV other,Metcalfe
10287,MACLAREN ST @ METCALFE ST,368051.7067,5031034.001,-75.69183475,45.41638248,2014-10-22,16:41,01 - Clear,01 - Dry,01 - Traffic signal,02 - Intersection related,01 - Daylight,03 - P.D. only,04 - Sideswipe,Centretown
10288,ST. LAURENT BLVD @ COVENTRY RD/OGILVIE RD,372304.9469,5031952.158,-75.63737142,45.42424623,2014-11-21,14:53,01 - Clear,01 - Dry,01 - Traffic signal,02 - Intersection related,01 - Daylight,03 - P.D. only,03 - Rear end,Overbrook
10289,BEGIN ST @ MONTREAL RD,370466.7073,5033287.118,-75.66068123,45.43643262,2014-09-02,21:40,01 - Clear,01 - Dry,02 - Stop sign,02 - Intersection related,07 - Dark,03 - P.D. only,04 - Sideswipe,Vanier South
10290,GREENBANK RD @ MALVERN DR/FOXFIELD DR,363311.6864,5016193.958,-75.75414838,45.28326559,2014-11-19,18:30,03 - Snow,04 - Slush,01 - Traffic signal,03 - At intersection,07 - Dark,03 - P.D. only,05 - Turning movement,Barrhaven West - Old Barrhaven
10291,FLANNERY DR btwn MALDEN SQ & SANDHURST CRT,368901.6343,5025202.699,-75.68173384,45.36383689,2014-10-15,16:21,01 - Clear,01 - Dry,10 - No control,01 - Non intersection,01 - Daylight,03 - P.D. only,06 - SMV unattended vehicle,Riverside Park
10292,BASELINE RD @ FISHER AVE,366168.1154,5026030.428,-75.71652141,45.37152927,2014-12-03,16:47,01 - Clear,02 - Wet,01 - Traffic signal,02 - Intersection related,05 - Dusk,03 - P.D. only,03 - Rear end,Civic Hospital - Experimental Farm - Central Park
10293,HWY 416 ACRES IC75R24 @ HOLLY ACRES RD,358758.7604,5022868.92,-75.81145343,45.34369167,2014-11-04,17:52,02 - Rain,02 - Wet,01 - Traffic signal,03 - At intersection,07 - Dark,03 - P.D. only,04 - Sideswipe,Greenbelt
10294,MARCH RD @ MORGAN'S GRANT WAY/SHIRLEY'S BROOK ,349660.1874,5023618.458,-75.92748235,45.35107707,2014-11-07,17:47,01 - Clear,01 - Dry,01 - Traffic signal,02 - Intersection related,07 - Dark,03 - P.D. only,03 - Rear end,Morgan's Grant
10295,GLADSTONE AVE btwn LORETTA AVE N & PRESTON ST,366474.0662,5029704.975,-75.71215655,45.40456511,2014-09-11,11:18,01 - Clear,01 - Dry,10 - No control,04 - At/near private drive,01 - Daylight,03 - P.D. only,02 - Angle,Little Italy
10296,KANATA AVE btwn EARL GREY DR & MARITIME WAY,351322.707,5019326.57,-75.90666935,45.3123494,2014-11-01,13:20,01 - Clear,01 - Dry,10 - No control,01 - Non intersection,01 - Daylight,03 - P.D. only,03 - Rear end,Kanata
10297,AMIENS ST btwn DUFORD DR & BLACKHEATH ST,382361.1389,5037344.324,-75.50803393,45.47171776,2014-11-01,13:49,01 - Clear,01 - Dry,10 - No control,01 - Non intersection,01 - Daylight,03 - P.D. only,07 - SMV other,Queenswood Heights
10298,EAGLESON RD @ HOPE SIDE RD/TERRY FOX DR,355187.679,5014616.005,-75.85785865,45.26969611,2014-10-17,13:49,02 - Rain,02 - Wet,01 - Traffic signal,03 - At intersection,01 - Daylight,03 - P.D. only,02 - Angle,Stittsville - Basswood
10299,WEST HUNT CLUB RD @ WOODROFFE AVE,363672.1128,5021244.593,-75.7489545,45.32868095,2014-10-17,17:51,01 - Clear,01 - Dry,01 - Traffic signal,02 - Intersection related,01 - Daylight,03 - P.D. only,99 - Other,Woodvale - Craig Henry - Manordale - Estates of Arlington Wo
10300,SNAKE ISLAND RD @ STAGECOACH RD,378064.1793,5006582.333,-75.56753582,45.19540079,2014-09-17,16:09,01 - Clear,01 - Dry,02 - Stop sign,03 - At intersection,01 - Daylight,03 - P.D. only,05 - Turning movement,Kars - Osgoode
10301,COLONEL BY DR btwn MACKENZIE AVE & N.D.H.Q.,368092.2851,5031849.604,-75.69121156,45.42371733,2014-09-23,8:00,01 - Clear,01 - Dry,10 - No control,01 - Non intersection,01 - Daylight,03 - P.D. only,03 - Rear end,Byward Market - Parliament Hill
10302,WOODROFFE AVE btwn KNOXDALE RD/MEDHURST DR & NORICE ST,363233.9606,5022303.37,-75.75441863,45.33824437,2014-11-13,16:23,01 - Clear,01 - Dry,10 - No control,01 - Non intersection,05 - Dusk,03 - P.D. only,03 - Rear end,Tanglewood
10303,ALTA VISTA DR btwn BANK ST & EDGE HILL PL,370297.8321,5026222.54,-75.66377786,45.37288403,2014-11-13,16:36,01 - Clear,01 - Dry,10 - No control,04 - At/near private drive,05 - Dusk,03 - P.D. only,99 - Other,Ledbury - Heron Gate - Ridgemont - Elmwood
10304,GREENBANK RD @ HARRISON ST/ASHGROVE CRES,360837.312,5022008.442,-75.78502935,45.33578613,2014-10-10,17:41,01 - Clear,01 - Dry,01 - Traffic signal,02 - Intersection related,01 - Daylight,03 - P.D. only,03 - Rear end,Briar Green - Leslie Park
10305,KING EDWARD AVE @ LAURIER AVE,368739.7072,5032034.108,-75.68291528,45.42531856,2014-10-24,10:02,01 - Clear,01 - Dry,01 - Traffic signal,02 - Intersection related,01 - Daylight,03 - P.D. only,04 - Sideswipe,Sandy Hill
10306,RICHMOND RD @ HOLLY ACRES RD/NANAIMO DR,359057.7215,5022748.021,-75.80765205,45.34258075,2014-10-25,16:32,01 - Clear,02 - Wet,01 - Traffic signal,02 - Intersection related,01 - Daylight,03 - P.D. only,03 - Rear end,Greenbelt
10307,BOYER RD @ BAIE VERTE CRES S/HUNTER'S RUN GT,380927.6492,5035625.994,-75.52663093,45.45641535,2014-09-29,19:13,01 - Clear,01 - Dry,02 - Stop sign,02 - Intersection related,05 - Dusk,03 - P.D. only,01 - Approaching,Chapel Hill
10308,SPRINGHILL RD btwn CAMPBELLCROFT RD & BANK ST,383548.9471,5005316.253,-75.49793913,45.18341795,2014-11-21,22:19,01 - Clear,01 - Dry,10 - No control,01 - Non intersection,07 - Dark,03 - P.D. only,07 - SMV other,Metcalfe
10309,ALBION RD btwn DEL ZOTTO AVE & HIGH RD,374584.95,5017845.761,-75.61023111,45.29709925,2014-11-22,4:44,01 - Clear,02 - Wet,10 - No control,01 - Non intersection,07 - Dark,03 - P.D. only,07 - SMV other,Greenbelt
10310,BANK ST @ HERON RD,369994.7699,5026852.017,-75.6675636,45.37857613,2014-12-09,11:45,01 - Clear,01 - Dry,01 - Traffic signal,02 - Intersection related,01 - Daylight,03 - P.D. only,04 - Sideswipe,Alta Vista
10311,TENTH LINE RD @ LAKEPOINTE DR,384263.092,5035418.28,-75.48402409,45.45417518,2014-12-26,21:30,01 - Clear,01 - Dry,01 - Traffic signal,02 - Intersection related,07 - Dark,03 - P.D. only,03 - Rear end,Avalon
10312,FIFTH AVE btwn MONK ST & BANK ST,368370.2098,5029383.931,-75.68797843,45.40150683,2014-09-10,0:00,01 - Clear,02 - Wet,10 - No control,01 - Non intersection,00 - Unknown,03 - P.D. only,06 - SMV unattended vehicle,The Glebe
10313,MCLEOD ST btwn BANK ST & O'CONNOR ST,367973.2578,5030501.101,-75.69290529,45.41159471,2014-09-11,16:46,01 - Clear,01 - Dry,10 - No control,04 - At/near private drive,01 - Daylight,03 - P.D. only,05 - Turning movement,Centretown
10314,BRONSON AVE @ FOURTH AVE,367583.7135,5029008.135,-75.69807167,45.3981965,2014-11-19,18:33,03 - Snow,02 - Wet,02 - Stop sign,02 - Intersection related,07 - Dark,03 - P.D. only,03 - Rear end,The Glebe
10315,EAGLESON RD btwn MICHAEL COWPLAND DR/STONEHAVEN DR & 240 N OF CADENCE ,354426.3315,5016513.705,-75.86737094,45.2868262,2014-11-19,19:19,01 - Clear,02 - Wet,10 - No control,01 - Non intersection,07 - Dark,03 - P.D. only,07 - SMV other,Bridlewood - Emerald Meadows
10316,BANK ST @ WALKLEY RD,370338.3259,5025947.735,-75.66329739,45.37040764,2014-10-15,16:34,01 - Clear,01 - Dry,01 - Traffic signal,02 - Intersection related,01 - Daylight,03 - P.D. only,03 - Rear end,Ledbury - Heron Gate - Ridgemont - Elmwood
10317,MER BLEUE RD btwn RENAUD RD & DU PALAIS ST,383732.6415,5033053.851,-75.49118436,45.43296223,2014-10-15,16:34,02 - Rain,02 - Wet,10 - No control,04 - At/near private drive,01 - Daylight,03 - P.D. only,03 - Rear end,Orlans
10318,CYRVILLE RD @ OGILVIE RD,372454.193,5032004.622,-75.63545725,45.42470386,2014-12-04,6:55,01 - Clear,01 - Dry,01 - Traffic signal,02 - Intersection related,03 - Dawn,03 - P.D. only,03 - Rear end,Cummings
10319,OLD TENTH LINE RD @ TENTH LINE RD,383040.1786,5038357.813,-75.49918928,45.48076048,2014-12-04,8:15,01 - Clear,06 - Ice,01 - Traffic signal,02 - Intersection related,01 - Daylight,03 - P.D. only,05 - Turning movement,Queenswood Heights
10320,JEANNE D'ARC BLVD @ VORLAGE DR W/VOYAGEUR WAY,379267.7886,5037740.395,-75.5475306,45.475618,2014-11-07,18:08,01 - Clear,01 - Dry,01 - Traffic signal,03 - At intersection,07 - Dark,03 - P.D. only,05 - Turning movement,Orleans South West
10321,WOODROFFE AVE @ KNOXDALE RD/MEDHURST DR,363419.6899,5021827.754,-75.75210538,45.33394932,2014-09-11,20:15,01 - Clear,01 - Dry,01 - Traffic signal,02 - Intersection related,07 - Dark,03 - P.D. only,05 - Turning movement,Woodvale - Craig Henry - Manordale - Estates of Arlington Wo
10322,LAWNSBERRY DR btwn JEANNE D'ARC BLVD & NIGHTINGALE ST,381964.0356,5038740.913,-75.51289252,45.48432705,2014-09-12,9:00,01 - Clear,01 - Dry,10 - No control,04 - At/near private drive,01 - Daylight,03 - P.D. only,02 - Angle,Chatelaine Village
10323,CAMPBELL REID CRT btwn RIDDELL DR & Continuation of CAMPBELL REID CRT,347253.6523,5026241.062,-75.95796846,45.37482572,2014-11-01,14:09,01 - Clear,01 - Dry,10 - No control,04 - At/near private drive,01 - Daylight,03 - P.D. only,06 - SMV unattended vehicle,Carp - Hardwood Plains
10324,RICHMOND RD @ LYNHAR RD/STAFFORD RD,358138.0219,5021088.399,-75.81956577,45.32771791,2014-10-23,17:24,01 - Clear,01 - Dry,01 - Traffic signal,02 - Intersection related,01 - Daylight,03 - P.D. only,03 - Rear end,Bells Corners East
10325,CARLING AVE @ CLYDE AVE/COLE AVE,363522.1124,5026848.646,-75.75020232,45.3791182,2014-11-14,16:14,03 - Snow,02 - Wet,01 - Traffic signal,02 - Intersection related,05 - Dusk,03 - P.D. only,05 - Turning movement,Carlingwood - McKellar Park - Laurentien View
10326,KING EDWARD AVE @ GEORGE ST,368462.3568,5032481.596,-75.68640134,45.42937019,2014-09-19,8:52,01 - Clear,01 - Dry,02 - Stop sign,02 - Intersection related,01 - Daylight,03 - P.D. only,04 - Sideswipe,Byward Market
10327,MERIVALE RD btwn WEST HUNT CLUB RD & JAMIE AVE,365652.9796,5021840.129,-75.72361319,45.33387055,2014-09-19,20:55,01 - Clear,01 - Dry,10 - No control,04 - At/near private drive,07 - Dark,03 - P.D. only,02 - Angle,Merivale Gardens - Grenfell Glen - Pineglen - Country Place
10328,CARP RD @ STITTSVILLE MAIN ST,349523.3643,5014332.099,-75.93006651,45.26752445,2014-09-23,11:55,01 - Clear,01 - Dry,01 - Traffic signal,02 - Intersection related,01 - Daylight,03 - P.D. only,03 - Rear end,Stittsville
10329,KING EDWARD AVE btwn RIDEAU ST & BESSERER ST,368518.2238,5032404.111,-75.68569746,45.42866792,2014-09-23,15:12,01 - Clear,01 - Dry,10 - No control,01 - Non intersection,01 - Daylight,03 - P.D. only,04 - Sideswipe,Lowe