Record,Location,X,Y,lon,lat,Date,Time,Environment,Road_Surface,Traffic_Control,Collision_Location,Light,Collision_Classification,Impact_type,Neighborhood
10330,STRANDHERD DR btwn WOODROFFE AVE & CRESTWAY DR,366131.2725,5015404.628,-75.71830778,45.27592289,2014-11-12,17:50,01 - Clear,01 - Dry,10 - No control,01 - Non intersection,07 - Dark,03 - P.D. only,03 - Rear end,Chapman Mills - Rideau Crest - Davidson Heights
10331,FISHER AVE btwn 220 S OF TRENT ST & MCCOOEY LANE,365909.8796,5026623.278,-75.71974461,45.37688618,2014-11-18,17:27,01 - Clear,02 - Wet,10 - No control,04 - At/near private drive,07 - Dark,03 - P.D. only,02 - Angle,Civic Hospital - Experimental Farm - Central Park
10332,ROBERTSON RD btwn FITZGERALD RD & MOODIE DR,357020.3604,5020428.137,-75.83389246,45.32186085,2014-10-29,7:56,01 - Clear,01 - Dry,10 - No control,04 - At/near private drive,01 - Daylight,03 - P.D. only,05 - Turning movement,Bells Corners West
10333,METCALFE ST @ SLATER ST,367731.6966,5031550.051,-75.69585719,45.42105459,2014-10-28,2:27,02 - Rain,02 - Wet,01 - Traffic signal,03 - At intersection,07 - Dark,03 - P.D. only,02 - Angle,Downtown
10334,ELGIN ST btwn WELLINGTON ST & LAWRENCE FREIMAN LANE (1),367810.4032,5031820.908,-75.69481693,45.42348458,2014-10-28,12:25,01 - Clear,01 - Dry,10 - No control,01 - Non intersection,01 - Daylight,03 - P.D. only,03 - Rear end,Downtown
10335,HAZELDEAN RD btwn TERRY FOX DR & EDGEWATER ST,352225.6633,5017259.078,-75.89535186,45.2936852,2014-10-02,18:09,01 - Clear,01 - Dry,10 - No control,01 - Non intersection,01 - Daylight,03 - P.D. only,04 - Sideswipe,Katimavik - Hazeldean
10336,OXER PL/WESTPHALIAN AVE @ ROUNCEY RD,353202.3243,5015536.069,-75.88306884,45.27811454,2014-10-08,12:46,01 - Clear,08 - Loose sand or gravel,02 - Stop sign,03 - At intersection,01 - Daylight,03 - P.D. only,02 - Angle,Glen Cairn - Kanata South Business Park
10337,RICHMOND RD btwn ATHLONE AVE & TWEEDSMUIR AVE,363491.0098,5028463.879,-75.75040735,45.39365442,2014-11-20,14:25,01 - Clear,01 - Dry,10 - No control,04 - At/near private drive,01 - Daylight,03 - P.D. only,02 - Angle,Westboro
10338,WURTEMBURG ST btwn HENEY ST & BRIGADIER PRIV,369279.333,5033059.689,-75.67588584,45.4344968,2014-11-22,10:32,02 - Rain,02 - Wet,10 - No control,04 - At/near private drive,01 - Daylight,03 - P.D. only,06 - SMV unattended vehicle,Lower Town
10339,BESSERER ST @ CUMBERLAND ST,368416.703,5032257.049,-75.68701374,45.42735395,2014-06-25,10:52,01 - Clear,01 - Dry,01 - Traffic signal,02 - Intersection related,01 - Daylight,03 - P.D. only,04 - Sideswipe,Byward Market - Parliament Hill
10340,RICHMOND RD @ EDGEWORTH AVE/MCEWEN AVE,361073.7824,5025884.004,-75.78157139,45.37063935,2014-09-16,8:31,01 - Clear,01 - Dry,01 - Traffic signal,02 - Intersection related,01 - Daylight,03 - P.D. only,03 - Rear end,Woodroffe - Lincoln Heights
10341,CASTLE GLEN CRES btwn CASTLEFRANK RD & CASTLEFRANK RD,353301.2959,5016118.352,-75.88175052,45.28334725,2014-11-19,19:31,03 - Snow,06 - Ice,10 - No control,01 - Non intersection,07 - Dark,03 - P.D. only,06 - SMV unattended vehicle,Glen Cairn - Kanata South Business Park
10342,HUNT CLUB RD @ RIVERSIDE DR,368036.703,5021945.974,-75.69319014,45.33461216,2014-11-19,19:53,01 - Clear,02 - Wet,01 - Traffic signal,02 - Intersection related,07 - Dark,03 - P.D. only,03 - Rear end,Hunt Club Woods - Quintarra - Revelstoke - Riverside South P
10343,FISHER AVE btwn SHILLINGTON AVE & EMPEROR AVE,365643.2803,5027257.683,-75.72307008,45.38261763,2014-10-15,16:37,02 - Rain,02 - Wet,10 - No control,01 - Non intersection,01 - Daylight,03 - P.D. only,03 - Rear end,Carlington
10344,BRONSON AVE @ CARLING AVE/GLEBE AVE,367446.2852,5029335.562,-75.69978527,45.4011549,2014-10-11,16:46,01 - Clear,01 - Dry,01 - Traffic signal,02 - Intersection related,01 - Daylight,03 - P.D. only,04 - Sideswipe,The Glebe
10345,SCALA AVE @ PORTOBELLO BLVD,385640.0143,5036380.82,-75.46626405,45.46267725,2014-12-04,9:14,01 - Clear,06 - Ice,02 - Stop sign,02 - Intersection related,01 - Daylight,03 - P.D. only,03 - Rear end,Notting Hill
10346,BRONSON AVE @ RENFREW AVE,367357.1855,5029548.719,-75.70089623,45.4030808,2014-12-04,9:45,01 - Clear,02 - Wet,02 - Stop sign,02 - Intersection related,01 - Daylight,03 - P.D. only,04 - Sideswipe,Centretown West
10347,EDGEWOOD AVE btwn RICHMOND RD & LINCOLN AVE,363402.7963,5028384.542,-75.75154332,45.39294794,2014-11-17,17:31,03 - Snow,04 - Slush,10 - No control,01 - Non intersection,07 - Dark,03 - P.D. only,06 - SMV unattended vehicle,Westboro
10348,SUSSEX DR btwn 151 W OF KING EDWARD AVE/L.B. PEARSON BUILDING & RAMP,367630.3167,5033422.319,-75.69691362,45.43790973,2014-09-12,11:16,01 - Clear,01 - Dry,10 - No control,01 - Non intersection,01 - Daylight,03 - P.D. only,03 - Rear end,Byward Market - Parliament Hill
10349,CARLING AVE @ RICHMOND RD,360247.1008,5024782.46,-75.79224816,45.3607936,2014-09-12,11:15,01 - Clear,01 - Dry,01 - Traffic signal,02 - Intersection related,01 - Daylight,03 - P.D. only,99 - Other,Whitehaven - Queensway Terrace North
10350,MEADOWLANDS DR btwn HOGAN ST & NESS ST,366280.9635,5024893.906,-75.71522225,45.36129318,2014-11-02,0:18,01 - Clear,01 - Dry,10 - No control,04 - At/near private drive,07 - Dark,03 - P.D. only,02 - Angle,Borden Farm - Stewart Farm - Parkwood Hills - Fisher Glen
10351,CASTLEFRANK RD btwn CASTLE GLEN CRES & CASTLE GLEN CRES,353103.144,5016333.255,-75.88425531,45.28529465,2014-11-02,2:10,01 - Clear,01 - Dry,10 - No control,01 - Non intersection,07 - Dark,03 - P.D. only,07 - SMV other,Glen Cairn - Kanata South Business Park
10352,BOUNDARY RD btwn ENTREPRENEUR CRES & MITCH OWENS RD,388055.8795,5022195.645,-75.4377709,45.33476889,2014-11-15,20:16,01 - Clear,01 - Dry,10 - No control,01 - Non intersection,07 - Dark,03 - P.D. only,07 - SMV other,Navan - Vars
10353,STONEHAVEN DR btwn FURLONG CRES & FURLONG CRES,355671.3739,5016914.905,-75.8514592,45.29034726,2014-11-15,22:40,01 - Clear,01 - Dry,10 - No control,01 - Non intersection,07 - Dark,03 - P.D. only,07 - SMV other,Bridlewood - Emerald Meadows
10354,RIDEAU ST btwn KING EDWARD AVE & NELSON ST,368561.4076,5032444.923,-75.68514036,45.4290312,2014-09-20,13:30,01 - Clear,01 - Dry,10 - No control,04 - At/near private drive,01 - Daylight,03 - P.D. only,05 - Turning movement,Lowe
10355,ST. LAURENT BLVD @ MCARTHUR AVE,371920.2972,5032886.627,-75.64215885,45.43269117,2014-09-23,15:26,01 - Clear,01 - Dry,01 - Traffic signal,03 - At intersection,01 - Daylight,03 - P.D. only,04 - Sideswipe,Cummings
10356,COBOURG ST @ ST. PATRICK ST,368804.0052,5033232.542,-75.68193793,45.43609574,2014-09-23,17:18,01 - Clear,01 - Dry,01 - Traffic signal,02 - Intersection related,01 - Daylight,03 - P.D. only,03 - Rear end,Lower Town
10357,CARLING AVE @ MERIVALE RD,364895.1777,5027700.544,-75.73256809,45.38666699,2014-11-20,17:31,01 - Clear,02 - Wet,01 - Traffic signal,02 - Intersection related,07 - Dark,03 - P.D. only,03 - Rear end,Carlington
10358,CONROY RD @ HUNT CLUB RD,373764.2139,5025403.575,-75.61964141,45.36518277,2014-11-23,11:32,02 - Rain,02 - Wet,01 - Traffic signal,02 - Intersection related,01 - Daylight,03 - P.D. only,03 - Rear end,Greenboro East
10359,NANTES ST btwn BRIANNA WAY & BEROT LANE,385921.6602,5036006.949,-75.4627248,45.45928088,2014-11-07,8:27,02 - Rain,02 - Wet,10 - No control,01 - Non intersection,01 - Daylight,03 - P.D. only,06 - SMV unattended vehicle,Notting Hill
10360,SHEA RD btwn ABBOTT ST E & FERNBANK RD,351930.1462,5013260.376,-75.89949894,45.25772359,2014-11-14,7:06,"07 - Fog, mist, smoke, dust",01 - Dry,10 - No control,01 - Non intersection,03 - Dawn,03 - P.D. only,07 - SMV other,Stittsville
10361,MUNSTER RD btwn COPELAND RD & FRANKTOWN RD,350643.1538,5000885.798,-75.91703442,45.14645674,2014-10-30,11:21,01 - Clear,01 - Dry,10 - No control,01 - Non intersection,01 - Daylight,03 - P.D. only,07 - SMV other,Munster Hamlet - Richmond
10362,EAGLESON RD @ HAZELDEAN RD/ROBERTSON RD,353672.6748,5018424.935,-75.87678952,45.30407669,2014-10-08,20:44,01 - Clear,01 - Dry,01 - Traffic signal,03 - At intersection,07 - Dark,03 - P.D. only,05 - Turning movement,Greenbelt
10363,BASELINE RD @ MERIVALE RD,365054.6964,5025325.04,-75.73082102,45.36527893,2014-11-21,12:40,01 - Clear,01 - Dry,01 - Traffic signal,02 - Intersection related,01 - Daylight,03 - P.D. only,04 - Sideswipe,Civic Hospital - Experimental Farm - Central Park
10364,BREWER RD @ BRONSON AVE,368109.0471,5027767.861,-75.69152146,45.38698957,2014-11-22,12:04,01 - Clear,01 - Dry,01 - Traffic signal,02 - Intersection related,01 - Daylight,03 - P.D. only,03 - Rear end,Carleto
10365,HERON RD WB btwn PRINCE OF WALES DR & HERON RD WB ON RAMP/VINCENT MASS,367131.8201,5026482.903,-75.704162,45.37551548,2014-10-14,15:32,01 - Clear,01 - Dry,10 - No control,01 - Non intersection,01 - Daylight,03 - P.D. only,03 - Rear end,Civic Hospital - Experimental Farm - Central Park
10366,PARKDALE AVE @ SCOTT ST,364948.7535,5029727.985,-75.73163677,45.40490487,2014-09-20,16:55,02 - Rain,02 - Wet,01 - Traffic signal,03 - At intersection,01 - Daylight,03 - P.D. only,05 - Turning movement,Mechanicsville
10367,BASELINE RD btwn FERGUSON ST & CORDOVA ST,363562.3343,5024387.199,-75.74998155,45.35696704,2014-09-20,22:38,01 - Clear,01 - Dry,10 - No control,01 - Non intersection,07 - Dark,03 - P.D. only,04 - Sideswipe,Crestview - Meadowlands
10368,REGIONAL ROAD 174 btwn QUIGLEY HILL RD & REGIONAL ROAD 174 DIVIDED,384848.8593,5040844.597,-75.47565164,45.50292906,2014-11-19,20:17,01 - Clear,02 - Wet,10 - No control,01 - Non intersection,07 - Dark,03 - P.D. only,07 - SMV other,Cumberland - Estates
10369,HUNTLEY RD btwn FALLOWFIELD RD & MANSFIELD RD,353258.8518,5008633.409,-75.88302117,45.21599836,2014-11-19,21:05,03 - Snow,02 - Wet,10 - No control,01 - Non intersection,07 - Dark,03 - P.D. only,07 - SMV other,Munster Hamlet - Richmond
10370,RICHMOND RD btwn TWEEDSMUIR AVE & MCRAE AVE,363598.7894,5028531.92,-75.74902281,45.3942576,2014-10-15,17:16,01 - Clear,01 - Dry,10 - No control,01 - Non intersection,01 - Daylight,03 - P.D. only,03 - Rear end,Westboro
10371,VIEWMOUNT DR btwn MERIVALE RD & GRANT CARMAN DR,365224.5028,5022967.453,-75.7289417,45.3440511,2014-10-15,17:26,01 - Clear,01 - Dry,10 - No control,04 - At/near private drive,01 - Daylight,03 - P.D. only,05 - Turning movement,Borden Farm - Stewart Farm - Parkwood Hills - Fisher Glen
10372,BRONSON/HERON RAMP 42/BRONSON/HERON RAMP 52 @ ,368753.6359,5026892.898,-75.68340403,45.37905835,2014-12-04,10:10,01 - Clear,01 - Dry,02 - Stop sign,02 - Intersection related,01 - Daylight,03 - P.D. only,03 - Rear end,Alta Vista
10373,ALBION RD btwn ALBION RD S & BANK ST,371937.5369,5024150.2,-75.64312734,45.35408268,2014-12-03,18:45,01 - Clear,02 - Wet,10 - No control,04 - At/near private drive,07 - Dark,03 - P.D. only,03 - Rear end,Emerald Woods - Sawmill Creek
10374,ST. LAURENT BLVD btwn BELFAST RD & INDUSTRIAL AVE,373058.3767,5030096.799,-75.62800163,45.40747948,2014-11-18,7:59,01 - Clear,06 - Ice,10 - No control,01 - Non intersection,01 - Daylight,03 - P.D. only,03 - Rear end,Industrial Park
10375,FISHER AVE @ TUNIS AVE,365496.2252,5027596.534,-75.72490604,45.3856793,2014-09-12,12:17,01 - Clear,01 - Dry,02 - Stop sign,02 - Intersection related,01 - Daylight,03 - P.D. only,03 - Rear end,Carlington
10376,KIRKWOOD AVE N @ CARLING AVE,364276.3451,5027492.051,-75.74049517,45.38484382,2014-11-02,13:15,01 - Clear,01 - Dry,01 - Traffic signal,02 - Intersection related,01 - Daylight,03 - P.D. only,04 - Sideswipe,Westboro
10377,TERRY FOX DR @ PALLADIUM DR/KATIMAVIK RD,351269.2441,5018180.827,-75.90745858,45.30204325,2014-11-02,15:18,01 - Clear,01 - Dry,01 - Traffic signal,02 - Intersection related,01 - Daylight,03 - P.D. only,03 - Rear end,Katimavik - Hazeldean
10378,BANK ST @ KEMP DR,375078.2809,5022201.608,-75.60332388,45.33624234,2014-09-20,15:03,01 - Clear,01 - Dry,02 - Stop sign,02 - Intersection related,01 - Daylight,03 - P.D. only,03 - Rear end,Greenbelt
10379,LAURIER AVE @ NICHOLAS ST,368373.1631,5031799.218,-75.68762919,45.42323851,2014-09-20,23:45,01 - Clear,01 - Dry,01 - Traffic signal,02 - Intersection related,07 - Dark,03 - P.D. only,04 - Sideswipe,Sandy Hill
10380,ELGIN ST @ MACLAREN ST,368208.2395,5031124.679,-75.68982326,45.4171842,2014-09-22,20:00,01 - Clear,01 - Dry,01 - Traffic signal,02 - Intersection related,07 - Dark,03 - P.D. only,03 - Rear end,Centretown
10381,INDUSTRIAL AVE/INNES RD @ ST. LAURENT BLVD,373098.3056,5030003.671,-75.6275045,45.40663766,2014-09-23,19:14,01 - Clear,01 - Dry,01 - Traffic signal,02 - Intersection related,05 - Dusk,03 - P.D. only,04 - Sideswipe,Industrial Park
10382,REGIONAL ROAD 174 btwn QUIGLEY HILL RD & REGIONAL ROAD 174 DIVIDED,388266.1837,5042389.781,-75.43166622,45.51643037,2014-11-23,1:00,"07 - Fog, mist, smoke, dust",01 - Dry,10 - No control,01 - Non intersection,07 - Dark,03 - P.D. only,07 - SMV other,Cumberland - Estates
10383,INNES RD @ TAUVETTE ST/GLEN PARK DR W,377348.762,5032465.319,-75.57285039,45.42835842,2014-11-22,16:05,04 - Freezing Rain,02 - Wet,02 - Stop sign,03 - At intersection,01 - Daylight,03 - P.D. only,02 - Angle,Greenbelt
10384,EAGLESON RD @ HAZELDEAN RD/ROBERTSON RD,353673.151,5018425.408,-75.8767834,45.30408091,2014-11-22,12:01,01 - Clear,01 - Dry,01 - Traffic signal,02 - Intersection related,01 - Daylight,03 - P.D. only,03 - Rear end,Greenbelt
10385,MOODIE DR @ ROBERTSON RD,357066.1782,5020455.478,-75.83330517,45.32210346,2014-11-22,12:15,01 - Clear,01 - Dry,01 - Traffic signal,02 - Intersection related,01 - Daylight,03 - P.D. only,03 - Rear end,Bells Corners West
10386,AIRPORT PKWY @ HUNT CLUB RD,371019.4781,5023701.573,-75.65490327,45.35013337,2014-11-01,12:35,01 - Clear,01 - Dry,01 - Traffic signal,02 - Intersection related,01 - Daylight,03 - P.D. only,03 - Rear end,Hunt Club East - Western Community
10387,MERIVALE RD @ 170 N OF HUNTCLUB RD/COSTCO/CANA,365548.5265,5022099.619,-75.72491387,45.33621446,2014-11-12,20:54,01 - Clear,01 - Dry,01 - Traffic signal,03 - At intersection,07 - Dark,03 - P.D. only,02 - Angle,Tanglewood
10388,GILMOUR ST @ PERCY ST,367201.6447,5030422.092,-75.70277237,45.41095303,2014-11-22,15:59,01 - Clear,01 - Dry,02 - Stop sign,03 - At intersection,01 - Daylight,03 - P.D. only,02 - Angle,Centretown
10389,PARKDALE AVE btwn HWY417 IC122 RAMP51 & SHERWOOD DR,365365.5011,5028776.424,-75.72643042,45.39630701,2014-11-19,18:00,01 - Clear,01 - Dry,10 - No control,01 - Non intersection,07 - Dark,03 - P.D. only,04 - Sideswipe,Civic Hospital - Experimental Farm - Central Park
10390,ISABELLA ST/HWY417 IC119AR75 @ METCALFE ST,368447.7564,5030400.04,-75.68685681,45.4106424,2014-11-20,9:35,01 - Clear,01 - Dry,01 - Traffic signal,02 - Intersection related,01 - Daylight,03 - P.D. only,04 - Sideswipe,The Glebe
10391,RIDEAU ST btwn CUMBERLAND ST & KING EDWARD AVE,368494.6051,5032403.613,-75.68599934,45.42866559,2014-10-02,16:00,01 - Clear,01 - Dry,10 - No control,04 - At/near private drive,01 - Daylight,03 - P.D. only,02 - Angle,Byward Market
10392,UPLANDS DR btwn LILLICO DR & CAHILL DR W,370074.42,5023258.391,-75.66702135,45.34623434,2014-09-28,1:57,01 - Clear,01 - Dry,10 - No control,01 - Non intersection,07 - Dark,03 - P.D. only,06 - SMV unattended vehicle,Hunt Club East - Western Community
10393,MARCH RD btwn CORKERY RD & GREY FOX DR,336298.0221,5016432.327,-76.09846575,45.28714014,2014-11-20,9:37,01 - Clear,02 - Wet,10 - No control,01 - Non intersection,01 - Daylight,03 - P.D. only,07 - SMV other,Carp - Hardwood Plains
10394,GREENBANK RD @ WEST HUNT CLUB RD,361478.7269,5020502.004,-75.77701876,45.3221797,2014-11-20,10:33,01 - Clear,01 - Dry,01 - Traffic signal,02 - Intersection related,01 - Daylight,03 - P.D. only,03 - Rear end,Greenbelt
10395,HUNTMAR DR btwn PALLADIUM DR & MAPLE GROVE RD,350196.041,5016789.283,-75.92126994,45.2895919,2014-10-15,17:20,01 - Clear,01 - Dry,10 - No control,04 - At/near private drive,05 - Dusk,03 - P.D. only,02 - Angle,Stittsville
10396,KING EDWARD AVE @ MURRAY ST,368290.278,5032754.53,-75.68856508,45.43184159,2014-10-15,23:25,02 - Rain,02 - Wet,01 - Traffic signal,03 - At intersection,07 - Dark,03 - P.D. only,05 - Turning movement,Byward Market
10397,MERIVALE RD btwn BASIL MACDONALD WAY & VIEWMOUNT DR,365155.5763,5023034.744,-75.72981296,45.34466251,2014-12-04,11:13,01 - Clear,02 - Wet,10 - No control,01 - Non intersection,01 - Daylight,03 - P.D. only,03 - Rear end,Crestview - Meadowlands
10398,CONROY RD @ ST. LAURENT BLVD,373070.4414,5027160.25,-75.62825387,45.38105653,2014-11-18,8:29,01 - Clear,06 - Ice,01 - Traffic signal,02 - Intersection related,01 - Daylight,03 - P.D. only,03 - Rear end,Industrial Park
10399,GLADSTONE AVE @ PRESTON ST,366491.1278,5029712.558,-75.71193767,45.40463183,2014-11-18,8:57,01 - Clear,01 - Dry,01 - Traffic signal,03 - At intersection,01 - Daylight,03 - P.D. only,05 - Turning movement,Little Italy
10400,BASELINE RD @ WOODROFFE AVE,362549.2163,5023769.557,-75.76298364,45.35149372,2014-09-12,9:45,01 - Clear,01 - Dry,01 - Traffic signal,02 - Intersection related,01 - Daylight,03 - P.D. only,03 - Rear end,Iris
10401,ROYDON PL btwn WOODFIELD DR & WEST HUNT CLUB RD,365950.5934,5022213.331,-75.71977035,45.3372027,2014-04-27,12:30,01 - Clear,01 - Dry,10 - No control,04 - At/near private drive,01 - Daylight,03 - P.D. only,02 - Angle,Industrial Park
10402,SUSSEX DR btwn 151 W OF KING EDWARD AVE/L.B. PEARSON BUILDING & RAMP,367633.9908,5033437.015,-75.69686479,45.43804163,2014-11-02,16:28,01 - Clear,01 - Dry,10 - No control,01 - Non intersection,05 - Dusk,03 - P.D. only,07 - SMV other,Byward Market - Parliament Hill
10403,ST. JOSEPH BLVD btwn HART RD & R.C.M.P. COMPLEX,377811.028,5035731.587,-75.56645897,45.457698,2014-11-02,17:10,01 - Clear,01 - Dry,10 - No control,01 - Non intersection,07 - Dark,03 - P.D. only,07 - SMV other,Greenbelt
10404,BOUNDARY RD btwn Continuation of BOUNDARY RD & VICTORIA ST,391288.9411,5013651.498,-75.39801916,45.2575054,2014-11-02,17:23,01 - Clear,01 - Dry,10 - No control,01 - Non intersection,07 - Dark,03 - P.D. only,07 - SMV other,Metcalfe
10405,HUNT CLUB RD @ RIVERSIDE DR,368037.1769,5021944.551,-75.69318427,45.33459931,2014-06-07,19:00,01 - Clear,01 - Dry,01 - Traffic signal,02 - Intersection related,01 - Daylight,03 - P.D. only,03 - Rear end,Hunt Club Woods - Quintarra - Revelstoke - Riverside South P
10406,RIVERSIDE DR @ WALKLEY RD,368418.25,5024852.581,-75.68794875,45.36073066,2014-09-22,8:30,01 - Clear,01 - Dry,01 - Traffic signal,02 - Intersection related,01 - Daylight,03 - P.D. only,03 - Rear end,Riverside Park
10407,CATHERINE ST @ METCALFE ST,368393.2328,5030486.563,-75.68754215,45.41142586,2014-09-22,8:53,01 - Clear,01 - Dry,01 - Traffic signal,03 - At intersection,01 - Daylight,03 - P.D. only,07 - SMV other,Centretown
10408,JEANNE D'ARC BLVD @ ORLEANS BLVD N,380028.734,5038103.775,-75.53774356,45.47880584,2014-09-23,19:28,01 - Clear,01 - Dry,01 - Traffic signal,02 - Intersection related,07 - Dark,03 - P.D. only,07 - SMV other,Orleans South West
10409,BOURASSA ST @ ST. LAURENT BLVD,373236.2581,5029693.557,-75.62578544,45.40383393,2014-09-24,15:06,01 - Clear,01 - Dry,01 - Traffic signal,03 - At intersection,01 - Daylight,03 - P.D. only,05 - Turning movement,Industrial Park
10410,PRINCE OF WALES DR btwn BLAZER AVE & DEAKIN ST,367347.3725,5021134.301,-75.70208671,45.32737065,2014-11-23,15:25,01 - Clear,01 - Dry,10 - No control,01 - Non intersection,01 - Daylight,03 - P.D. only,03 - Rear end,Industrial Park
10411,BANK ST btwn KINGSDALE AVE & QUEENSDALE AVE,373322.9988,5023456.888,-75.62554289,45.34771051,2014-11-23,15:43,01 - Clear,02 - Wet,10 - No control,01 - Non intersection,01 - Daylight,03 - P.D. only,04 - Sideswipe,Blossom Park - Blossom Park West - Sawmill Creek/ Timbermill
10412,WALKLEY RD btwn JASPER AVE & COLLISTON CRES,370911.0762,5026280.584,-75.65594155,45.37334871,2014-11-22,15:18,04 - Freezing Rain,02 - Wet,10 - No control,01 - Non intersection,01 - Daylight,03 - P.D. only,04 - Sideswipe,Ledbury - Heron Gate - Ridgemont - Elmwood
10413,DALY AVE @ CHARLOTTE ST,369335.1818,5032722.589,-75.67521629,45.43145856,2014-11-23,8:48,01 - Clear,02 - Wet,02 - Stop sign,03 - At intersection,01 - Daylight,03 - P.D. only,02 - Angle,Sandy Hill
10414,FARM GATE CRES E @ VIEWMOUNT DR E,366872.467,5024179.232,-75.70776244,45.35481057,2014-11-19,18:36,01 - Clear,02 - Wet,02 - Stop sign,02 - Intersection related,07 - Dark,03 - P.D. only,04 - Sideswipe,Borden Farm - Stewart Farm - Parkwood Hills - Fisher Glen
10415,BASELINE RD btwn COBDEN RD & BARBARA ANN PRIV,361656.4843,5023218.437,-75.77443944,45.34660772,2014-10-22,7:42,01 - Clear,01 - Dry,10 - No control,01 - Non intersection,01 - Daylight,03 - P.D. only,03 - Rear end,Iris
10416,BANK ST btwn RIVERSIDE DR & RIVERSIDE DR,369275.2634,5027933.033,-75.67660843,45.38836935,2014-10-24,11:24,01 - Clear,01 - Dry,10 - No control,04 - At/near private drive,01 - Daylight,03 - P.D. only,03 - Rear end,Alta Vista
10417,MERIVALE RD btwn COLDREY AVE & THAMES ST,364908.2604,5027502.235,-75.73242518,45.38488152,2014-11-22,16:21,02 - Rain,02 - Wet,10 - No control,01 - Non intersection,05 - Dusk,03 - P.D. only,04 - Sideswipe,Carlington
10418,GREENVIEW AVE btwn DON ST & CARLING AVE,360002.8752,5024654.856,-75.79537958,45.35966469,2014-11-22,17:05,03 - Snow,06 - Ice,10 - No control,01 - Non intersection,07 - Dark,03 - P.D. only,07 - SMV other,Crystal Bay - Lakeview Park - Britannia Village
10419,HAWTHORNE RD @ STEVENAGE DR,375135.7904,5027314.012,-75.60186271,45.3822357,2014-11-20,17:50,01 - Clear,01 - Dry,01 - Traffic signal,03 - At intersection,07 - Dark,03 - P.D. only,05 - Turning movement,Industrial Park
10420,REGIONAL ROAD 174 btwn OR174 IC101 RAMP63 & OR174 IC101 RAMP45,382685.7834,5038857.538,-75.50364259,45.48529618,2014-11-24,16:20,01 - Clear,01 - Dry,10 - No control,01 - Non intersection,01 - Daylight,03 - P.D. only,04 - Sideswipe,Chatelaine Village
10421,JEANNE D'ARC BLVD  S btwn SAPINIER ST & INNES RD,382599.7489,5035663.041,-75.50524879,45.45656449,2014-09-28,17:55,01 - Clear,01 - Dry,10 - No control,01 - Non intersection,01 - Daylight,03 - P.D. only,04 - Sideswipe,Orleans Village - Chateauneuf
10422,FERNBANK RD btwn SHEA RD & FERNBANK RD,352807.0511,5013809.844,-75.88827354,45.26260858,2014-11-20,10:41,00 - Unknown,03 - Loose snow,10 - No control,01 - Non intersection,01 - Daylight,03 - P.D. only,07 - SMV other,Stittsville - Basswood
10423,RICHMOND RD @ WEST HUNT CLUB RD,357145.6473,5018151.987,-75.8325349,45.30137044,2014-11-21,8:58,01 - Clear,01 - Dry,01 - Traffic signal,02 - Intersection related,01 - Daylight,03 - P.D. only,04 - Sideswipe,Greenbelt
10424,CUMBERLAND ST @ YORK ST,368263.6122,5032521.562,-75.68893587,45.42974785,2014-10-15,23:49,02 - Rain,02 - Wet,01 - Traffic signal,02 - Intersection related,07 - Dark,03 - P.D. only,99 - Other,Byward Market
10425,SIXTH LINE RD btwn BERRY SIDE RD & RIDDELL DR,348934.4356,5030479.334,-75.93613077,45.41285855,2014-10-17,7:17,01 - Clear,01 - Dry,10 - No control,01 - Non intersection,01 - Daylight,03 - P.D. only,07 - SMV other,Carp - Hardwood Plains
10426,BRONSON AVE @ FIRST AVE,367490.5368,5029237.747,-75.69923251,45.40027083,2014-12-04,12:57,01 - Clear,01 - Dry,02 - Stop sign,02 - Intersection related,01 - Daylight,03 - P.D. only,04 - Sideswipe,The Glebe
10427,MCARTHUR AVE @ VANIER PKWY,370216.3353,5032690.586,-75.66396027,45.43108874,2014-11-18,9:38,01 - Clear,06 - Ice,01 - Traffic signal,02 - Intersection related,01 - Daylight,03 - P.D. only,03 - Rear end,Vanier South
10428,EAGLESON RD @ MICHAEL COWPLAND DR/STONEHAVEN D,354383.0999,5016620.601,-75.86791134,45.28779113,2014-09-12,14:14,01 - Clear,01 - Dry,01 - Traffic signal,02 - Intersection related,01 - Daylight,03 - P.D. only,04 - Sideswipe,Glen Cairn - Kanata South Business Park
10429,TENTH LINE RD @ WALL RD,385152.3031,5033307.175,-75.47300163,45.43507973,2014-11-02,18:44,01 - Clear,01 - Dry,02 - Stop sign,03 - At intersection,07 - Dark,03 - P.D. only,02 - Angle,Cumberland
10430,CARP RD btwn THOMAS A. DOLAN PKWY & NORMA LANE,337551.72,5025154.336,-76.08190716,45.36556758,2014-11-02,19:11,01 - Clear,01 - Dry,10 - No control,01 - Non intersection,07 - Dark,03 - P.D. only,07 - SMV other,Carp - Hardwood Plains
10431,CONCORD ST @ HAWTHORNE AVE,369217.1071,5030774.687,-75.67697989,45.41394295,2014-07-21,11:05,01 - Clear,01 - Dry,03 - Yield sign,03 - At intersection,01 - Daylight,03 - P.D. only,02 - Angle,Old Ottawa East
10432,STRANDHERD DR @ CEDARVIEW RD/TARTAN DR,362291.6865,5013546.355,-75.76745584,45.25952646,2014-09-21,12:15,02 - Rain,02 - Wet,01 - Traffic signal,02 - Intersection related,01 - Daylight,03 - P.D. only,03 - Rear end,New Barrhaven