Record,Location,X,Y,lon,lat,Date,Time,Environment,Road_Surface,Traffic_Control,Collision_Location,Light,Collision_Classification,Impact_type,Neighborhood
10433,BASELINE RD @ MERIVALE RD,365053.2746,5025326.463,-75.73083899,45.36529185,2014-09-22,6:50,01 - Clear,01 - Dry,01 - Traffic signal,02 - Intersection related,03 - Dawn,03 - P.D. only,03 - Rear end,Civic Hospital - Experimental Farm - Central Park
10434,CATHERINE ST/HWY 417 O'CONN IC119BR76 @ O'CONN,368244.733,5030392.599,-75.68945127,45.41059388,2014-09-28,17:03,01 - Clear,01 - Dry,01 - Traffic signal,03 - At intersection,01 - Daylight,03 - P.D. only,02 - Angle,Centretown
10435,ALBION RD/COLLISTON CRES E @ WALKLEY RD,371032.6171,5026354.609,-75.65438004,45.37400328,2014-09-29,15:37,01 - Clear,01 - Dry,01 - Traffic signal,03 - At intersection,01 - Daylight,03 - P.D. only,05 - Turning movement,Ledbury - Heron Gate - Ridgemont - Elmwood
10436,CLAREY AVE @ BANK ST,368451.2851,5029268.608,-75.68695779,45.40046182,2014-11-23,16:05,01 - Clear,02 - Wet,02 - Stop sign,03 - At intersection,05 - Dusk,03 - P.D. only,03 - Rear end,The Glebe
10437,WEST HUNT CLUB RD btwn PRINCE OF WALES DR & HUNT CLUB RD,367665.8193,5021883.92,-75.6979295,45.33408713,2014-11-23,17:30,01 - Clear,01 - Dry,10 - No control,01 - Non intersection,07 - Dark,03 - P.D. only,03 - Rear end,Industrial Park
10438,ALBERT ST @ KENT ST (OTTAWA),367221.2209,5031318.626,-75.70240874,45.41901803,2014-11-22,18:23,01 - Clear,02 - Wet,01 - Traffic signal,03 - At intersection,07 - Dark,03 - P.D. only,04 - Sideswipe,Downtown
10439,RIVERSIDE DR @ 175 S OF HUNT CLUB  RD/RUNWAY C,368028.5,5021767.725,-75.69331756,45.33300905,2014-11-20,7:44,01 - Clear,01 - Dry,01 - Traffic signal,03 - At intersection,01 - Daylight,03 - P.D. only,05 - Turning movement,Hunt Club Woods - Quintarra - Revelstoke - Riverside South P
10440,RIVERSIDE DR @ TREMBLAY RD/HWY417 IC117 RAMP52,370800.1779,5031017.333,-75.65672359,45.41597866,2014-11-20,7:44,01 - Clear,01 - Dry,01 - Traffic signal,02 - Intersection related,01 - Daylight,03 - P.D. only,03 - Rear end,Industrial Park
10441,MONTREAL RD btwn MONTGOMERY ST & PALACE ST,369827.0143,5032926.764,-75.66890419,45.43325008,2014-11-23,14:59,02 - Rain,02 - Wet,10 - No control,01 - Non intersection,01 - Daylight,03 - P.D. only,03 - Rear end,Vanier South
10442,CENTRAL PARK DR S @ MERIVALE RD,364987.2004,5025598.016,-75.7316493,45.36774092,2014-11-24,20:21,01 - Clear,02 - Wet,01 - Traffic signal,02 - Intersection related,07 - Dark,03 - P.D. only,03 - Rear end,Civic Hospital - Experimental Farm - Central Park
10443,SLATER ST btwn KENT ST & BANK ST,367408.5799,5031342.892,-75.7000119,45.41921963,2014-10-03,10:42,01 - Clear,01 - Dry,10 - No control,01 - Non intersection,01 - Daylight,03 - P.D. only,06 - SMV unattended vehicle,Downtown
10444,MERIVALE RD btwn EMERALD PLAZA SC & MEADOWLANDS DR,364798.8424,5023863.753,-75.7342642,45.35215243,2014-11-28,6:50,01 - Clear,01 - Dry,10 - No control,01 - Non intersection,03 - Dawn,03 - P.D. only,03 - Rear end,Cityview - Skyline - Fisher Heights
10445,INNES RD @ ORLEANS BLVD,380459.3733,5034296.403,-75.53282195,45.44450358,2014-10-17,7:25,01 - Clear,01 - Dry,01 - Traffic signal,03 - At intersection,01 - Daylight,03 - P.D. only,05 - Turning movement,Orleans Village - Chateauneuf
10446,JEANNE D'ARC BLVD @ FORTUNE DR/VINEYARD DR,379238.2547,5037374.65,-75.54796371,45.47233046,2014-10-17,8:52,01 - Clear,01 - Dry,01 - Traffic signal,03 - At intersection,01 - Daylight,03 - P.D. only,05 - Turning movement,Orleans South West
10447,OGILVIE RD btwn BLAIR PL & ELMLEA GT,374929.9986,5033452.603,-75.60361691,45.43748815,2014-12-04,13:47,01 - Clear,01 - Dry,10 - No control,01 - Non intersection,01 - Daylight,03 - P.D. only,03 - Rear end,Beacon Hill South - Cardinal Heights
10448,FIFTH LINE RD btwn BERRY SIDE RD & KERWIN RD,347218.0237,5030288.429,-75.95807537,45.4112469,2014-12-04,14:32,01 - Clear,01 - Dry,10 - No control,01 - Non intersection,01 - Daylight,03 - P.D. only,07 - SMV other,Carp - Hardwood Plains
10449,BOOTH ST @ POPLAR ST,366682.5482,5030057.137,-75.70944939,45.40771536,2014-11-18,9:42,01 - Clear,01 - Dry,02 - Stop sign,03 - At intersection,01 - Daylight,03 - P.D. only,05 - Turning movement,Centretown West
10450,ALBERT ST @ BAY ST,366942.2215,5031143.587,-75.70599541,45.41746792,2014-11-17,15:40,03 - Snow,02 - Wet,01 - Traffic signal,03 - At intersection,01 - Daylight,03 - P.D. only,02 - Angle,Downtown
10451,MERIVALE RD btwn VIEWMOUNT DR & COLONNADE RD,365317.7234,5022652.553,-75.72779078,45.34120963,2014-09-12,14:29,01 - Clear,01 - Dry,10 - No control,01 - Non intersection,01 - Daylight,03 - P.D. only,03 - Rear end,Tanglewood
10452,CARLING AVE btwn BAYFIELD AVE & BURKE RD,352790.5633,5022634.375,-75.88762936,45.34201489,2014-11-02,20:41,01 - Clear,01 - Dry,10 - No control,01 - Non intersection,07 - Dark,03 - P.D. only,07 - SMV other,Greenbelt
10453,BOWESVILLE RD btwn RIDEAU RD & MITCH OWENS RD,373441.3297,5015385.718,-75.62515105,45.27507712,2014-11-03,6:27,01 - Clear,01 - Dry,10 - No control,01 - Non intersection,03 - Dawn,03 - P.D. only,07 - SMV other,Greenbelt
10454,HWY 417 VANIER IC117R63 @ VANIER PKWY,370799.1236,5031397.79,-75.6566861,45.41940195,2014-08-15,7:28,01 - Clear,01 - Dry,01 - Traffic signal,02 - Intersection related,01 - Daylight,03 - P.D. only,03 - Rear end,Overbrook
10455,BANTREE ST btwn OLD INNES RD & EDINBURGH PL,373805.7232,5030171.484,-75.61844498,45.40807818,2014-09-22,10:50,01 - Clear,01 - Dry,10 - No control,04 - At/near private drive,01 - Daylight,03 - P.D. only,05 - Turning movement,Industrial Park
10456,BANK ST btwn ALBION RD & SIEVERIGHT AVE,372061.9161,5024142.774,-75.64154108,45.35400395,2014-10-01,13:23,01 - Clear,01 - Dry,10 - No control,04 - At/near private drive,01 - Daylight,03 - P.D. only,03 - Rear end,Blossom Park - Blossom Park West - Sawmill Creek/ Timbermill
10457,BRONSON AVE @ GLADSTONE AVE,367135.1235,5030081.564,-75.70366521,45.40789499,2014-10-05,20:54,01 - Clear,01 - Dry,01 - Traffic signal,03 - At intersection,07 - Dark,03 - P.D. only,04 - Sideswipe,Centretown West
10458,FLEWELLYN RD btwn DWYER HILL RD & MUNSTER RD,345770.6425,5005737.528,-75.97859493,45.19041491,2014-11-23,17:50,01 - Clear,01 - Dry,10 - No control,01 - Non intersection,07 - Dark,03 - P.D. only,07 - SMV other,Munster Hamlet - Richmond
10459,BANK ST btwn SUNNYSIDE AVE & HOPEWELL AVE,368763.495,5028516.822,-75.6830677,45.39366903,2014-11-23,18:29,01 - Clear,01 - Dry,10 - No control,01 - Non intersection,07 - Dark,03 - P.D. only,03 - Rear end,Old Ottawa South
10460,TENTH LINE RD @ CHARLEMAGNE BLVD S/DES EPINETT,383640.9751,5036900.456,-75.49173924,45.46758093,2014-11-25,8:00,01 - Clear,01 - Dry,01 - Traffic signal,02 - Intersection related,01 - Daylight,03 - P.D. only,03 - Rear end,Orlans
10461,LUESBY CRES btwn WINSOME TER & VALIN ST,386230.1568,5037434.598,-75.4585443,45.47208955,2014-09-27,22:00,01 - Clear,01 - Dry,10 - No control,01 - Non intersection,07 - Dark,03 - P.D. only,06 - SMV unattended vehicle,Cardinal Creek
10462,WALLFORD WAY btwn BEAVERTON AVE & PARTHIA AVE,365484.3594,5025047.71,-75.72537073,45.36274649,2014-09-20,0:00,00 - Unknown,99 - Other,10 - No control,01 - Non intersection,00 - Unknown,03 - P.D. only,06 - SMV unattended vehicle,Cityview - Skyline - Fisher Heights
10463,FISHER AVE btwn KINTYRE PRIV & FOREST PARK AVE,366500.0055,5025227.394,-75.71238491,45.3642746,2014-11-20,8:29,01 - Clear,02 - Wet,10 - No control,01 - Non intersection,01 - Daylight,03 - P.D. only,04 - Sideswipe,Carleton Heights - Rideauview
10464,GLADSTONE AVE @ CAMBRIDGE ST,367066.6048,5030036.095,-75.7045462,45.40749197,2014-11-19,20:15,01 - Clear,01 - Dry,02 - Stop sign,03 - At intersection,07 - Dark,03 - P.D. only,02 - Angle,Centretown West
10465,ALBERT ST @ COMMISSIONER ST,366714.0702,5030971.84,-75.70893184,45.41594281,2014-10-29,11:35,01 - Clear,01 - Dry,02 - Stop sign,03 - At intersection,01 - Daylight,03 - P.D. only,02 - Angle,LeBreton Flats
10466,INNES RD btwn HWY417 IC112 RAMP66 & CYRVILLE RD,375032.5228,5031108.638,-75.60264088,45.41638817,2014-11-24,6:45,02 - Rain,02 - Wet,10 - No control,01 - Non intersection,07 - Dark,03 - P.D. only,04 - Sideswipe,Industrial Park
10467,HUNT CLUB RD btwn BANK ST & TURN LANE (1),371621.5766,5024121.227,-75.64716339,45.35385217,2014-11-24,20:41,01 - Clear,01 - Dry,10 - No control,04 - At/near private drive,07 - Dark,03 - P.D. only,02 - Angle,South Keys - Heron Gate - Greenboro West
10468,ST. LAURENT BLVD/DUNBARTON CRT @ BRITTANY DR,371331.6433,5034336.681,-75.64948538,45.44579433,2014-11-24,21:20,06 - Strong wind,02 - Wet,01 - Traffic signal,03 - At intersection,07 - Dark,03 - P.D. only,05 - Turning movement,Cemetery
10469,KIRKWOOD AVE @ MERIVALE RD,364852.7513,5026648.918,-75.73323776,45.37720829,2014-10-07,10:41,01 - Clear,01 - Dry,01 - Traffic signal,02 - Intersection related,01 - Daylight,03 - P.D. only,03 - Rear end,Carlington
10470,BLAIR RD @ INNES RD,375576.8347,5031439.08,-75.59563963,45.41930645,2014-11-28,11:10,01 - Clear,01 - Dry,01 - Traffic signal,02 - Intersection related,01 - Daylight,03 - P.D. only,03 - Rear end,Greenbelt
10471,WEST HUNT CLUB RD @ WOODROFFE AVE,363670.691,5021246.014,-75.74897247,45.32869385,2014-11-28,11:50,01 - Clear,01 - Dry,01 - Traffic signal,02 - Intersection related,01 - Daylight,03 - P.D. only,03 - Rear end,Merivale Gardens - Grenfell Glen - Pineglen - Country Place
10472,Southbridge St btwn Tennant Way and Summerhill St ,367681.2425,5014326.813,-75.69869118,45.26608789,2014-06-04,9:58,01 - Clear,01 - Dry,10 - No control,01 - Non intersection,01 - Daylight,03 - P.D. only,06 - SMV unattended vehicle,Greenbelt
10473,MERIVALE RD btwn VIEWMOUNT DR & COLONNADE RD,365212.1805,5022911.529,-75.72910576,45.34354896,2014-10-17,11:07,01 - Clear,01 - Dry,10 - No control,01 - Non intersection,01 - Daylight,03 - P.D. only,03 - Rear end,Borden Farm - Stewart Farm - Parkwood Hills - Fisher Glen
10474,MEADOWLANDS DR @ MERIVALE RD,364859.1738,5023726.458,-75.73351096,45.3509119,2014-12-04,15:17,01 - Clear,01 - Dry,01 - Traffic signal,03 - At intersection,01 - Daylight,03 - P.D. only,05 - Turning movement,Cityview - Skyline - Fisher Heights
10475,HWY 417 MAITLAND IC126R26/62 @ MAITLAND AVE,363145.9477,5025983.667,-75.75510719,45.37136666,2014-12-04,15:50,01 - Clear,01 - Dry,01 - Traffic signal,03 - At intersection,05 - Dusk,03 - P.D. only,05 - Turning movement,Carlingwood West - Glabar Park - McKellar Heights
10476,GLEN AVE @ LEONARD AVE,368438.2399,5028215.811,-75.68726022,45.39099026,2014-11-18,11:15,01 - Clear,06 - Ice,02 - Stop sign,03 - At intersection,01 - Daylight,03 - P.D. only,02 - Angle,Old Ottawa South
10477,HAZELDEAN RD btwn IRWIN GT & EAGLESON RD,353422.9305,5018269.165,-75.87998928,45.30269237,2014-09-12,16:30,01 - Clear,01 - Dry,10 - No control,01 - Non intersection,01 - Daylight,03 - P.D. only,03 - Rear end,Katimavik - Hazeldean
10478,BASELINE RD @ GREENBANK RD,360596.2625,5022581.657,-75.78803998,45.34096312,2014-11-03,9:49,01 - Clear,01 - Dry,01 - Traffic signal,02 - Intersection related,01 - Daylight,03 - P.D. only,04 - Sideswipe,Qualicum - Redwood Park
10479,PRINCE OF WALES DR @ LODGE RD S,366789.09,5013755.263,-75.7101303,45.26102431,2014-08-22,15:56,01 - Clear,01 - Dry,02 - Stop sign,02 - Intersection related,01 - Daylight,03 - P.D. only,07 - SMV other,New Barrhaven
10480,REGIONAL ROAD 174 btwn EAST ST & EAST SHORE RD,390565.9409,5042725.607,-75.40217685,45.51917264,2014-08-26,22:31,01 - Clear,01 - Dry,10 - No control,01 - Non intersection,07 - Dark,03 - P.D. only,06 - SMV unattended vehicle,Cumberland - Estates
10481,CARLING AVE @ RIFLE RD,353891.1118,5023314.501,-75.87351945,45.34805861,2014-09-21,12:06,01 - Clear,01 - Dry,02 - Stop sign,02 - Intersection related,01 - Daylight,03 - P.D. only,03 - Rear end,Greenbelt
10482,CARLING AVE @ SCRIVENS ST,359423.1941,5024259.46,-75.80282188,45.35615233,2014-09-22,9:30,01 - Clear,01 - Dry,01 - Traffic signal,02 - Intersection related,01 - Daylight,03 - P.D. only,99 - Other,Bayshore
10483,DWYER HILL RD btwn GOLF CLUB WAY & CRAWFORD SIDE RD,341530.339,5006636.974,-76.03249017,45.19874229,2014-10-29,15:52,01 - Clear,01 - Dry,10 - No control,01 - Non intersection,01 - Daylight,03 - P.D. only,07 - SMV other,Munster Hamlet - Richmond
10484,DEVINE RD @ ROCKDALE RD,394888.5865,5024097.201,-75.35026576,45.35103301,2014-11-01,11:42,01 - Clear,01 - Dry,02 - Stop sign,03 - At intersection,01 - Daylight,03 - P.D. only,02 - Angle,Navan - Vars
10485,RICHMOND RD btwn PERTH ST & CAMBRIAN RD,358161.903,5007505.847,-75.82072044,45.20549799,2014-11-23,18:37,01 - Clear,01 - Dry,10 - No control,01 - Non intersection,07 - Dark,03 - P.D. only,07 - SMV other,Munster Hamlet - Richmond
10486,DOZOIS RD @ KNIGHTS DR/SQUIRE DR S,372609.304,5009965.454,-75.63649357,45.22638737,2014-11-23,19:09,01 - Clear,06 - Ice,02 - Stop sign,03 - At intersection,07 - Dark,03 - P.D. only,07 - SMV other,Manotick
10487,MANN AVE btwn TURN LANE & RUSSELL AVE,369445.596,5031489.416,-75.67396716,45.42035274,2014-09-29,0:00,01 - Clear,01 - Dry,10 - No control,01 - Non intersection,00 - Unknown,03 - P.D. only,06 - SMV unattended vehicle,Sandy Hill
10488,ATLANTIS AVE btwn LANARK AVE & WORKMAN AVE,362877.1398,5028634.809,-75.75822682,45.3952436,2014-10-02,0:00,01 - Clear,01 - Dry,10 - No control,01 - Non intersection,00 - Unknown,03 - P.D. only,06 - SMV unattended vehicle,Westboro Beach
10489,ETHEL ST btwn MARIER AVE & PARK ST,370349.3282,5033500.539,-75.66215293,45.4383639,2014-10-02,0:00,01 - Clear,01 - Dry,10 - No control,01 - Non intersection,00 - Unknown,03 - P.D. only,06 - SMV unattended vehicle,Vanier North
10490,INNES RD @ 298 E OF WILDFLOWER DR/LOBLAWS SC,383192.8051,5035797.541,-75.49764567,45.45770832,2014-11-21,16:40,01 - Clear,01 - Dry,01 - Traffic signal,03 - At intersection,05 - Dusk,03 - P.D. only,99 - Other,Avalon
10491,CARLING AVE EB btwn RICHMOND RD & DUNDEE AVE,360259.9308,5024774.386,-75.79208531,45.36071993,2014-10-30,8:49,01 - Clear,01 - Dry,10 - No control,01 - Non intersection,01 - Daylight,03 - P.D. only,03 - Rear end,Whitehaven - Queensway Terrace North
10492,CLARE ST @ KIRKWOOD AVE,364067.2033,5027974.818,-75.74310768,45.3892054,2014-10-30,9:22,01 - Clear,01 - Dry,01 - Traffic signal,02 - Intersection related,01 - Daylight,03 - P.D. only,03 - Rear end,Westboro
10493,MAITLAND AVE btwn LENESTER AVE & HWY417 IC126 RAMP36,363085.3387,5026131.797,-75.75586343,45.37270455,2014-11-24,8:30,02 - Rain,02 - Wet,10 - No control,01 - Non intersection,01 - Daylight,03 - P.D. only,03 - Rear end,Carlingwood West - Glabar Park - McKellar Heights
10494,FOURTH AVE btwn BANK ST & O'CONNOR ST,368455.8966,5029530.706,-75.68686506,45.40281967,2014-11-22,21:00,02 - Rain,02 - Wet,10 - No control,01 - Non intersection,07 - Dark,03 - P.D. only,06 - SMV unattended vehicle,The Glebe
10495,AIRPORT PKWY btwn RAMP & AIRPORT PKWY (2),370962.471,5023836.49,-75.65561266,45.3513527,2014-11-25,0:22,01 - Clear,01 - Dry,10 - No control,01 - Non intersection,07 - Dark,03 - P.D. only,07 - SMV other,Hunt Club East - Western Community
10496,YORK ST WB btwn TO BE DETERMINED & CUMBERLAND ST,368235.0436,5032528.042,-75.6893001,45.42980875,2014-11-24,19:30,01 - Clear,02 - Wet,10 - No control,01 - Non intersection,07 - Dark,03 - P.D. only,06 - SMV unattended vehicle,Byward Market
10497,CARLING AVE WB btwn HAMILTON AVE S & PARKDALE AVE,365610.7781,5028164.794,-75.72337331,45.39078244,2014-10-14,16:13,01 - Clear,01 - Dry,10 - No control,01 - Non intersection,01 - Daylight,03 - P.D. only,04 - Sideswipe,Civic Hospital - Experimental Farm - Central Park
10498,STITTSVILLE MAIN ST @ ORVILLE ST,350312.5913,5013246.954,-75.92010891,45.25770931,2014-11-28,11:15,03 - Snow,02 - Wet,02 - Stop sign,02 - Intersection related,01 - Daylight,03 - P.D. only,03 - Rear end,Stittsville
10499,GLADSTONE AVE @ KENT ST,367745.6543,5030458.145,-75.69581833,45.41122871,2014-11-28,12:13,01 - Clear,01 - Dry,01 - Traffic signal,03 - At intersection,01 - Daylight,03 - P.D. only,02 - Angle,Centretown
10500,RIDEAU ST btwn WURTEMBURG ST & RIDEAU PL,369512.0204,5032968.332,-75.67292417,45.43365331,2014-10-17,14:40,01 - Clear,01 - Dry,10 - No control,01 - Non intersection,01 - Daylight,03 - P.D. only,04 - Sideswipe,Lowe
10501,DWYER HILL RD btwn FLEWELLYN RD & FALLOWFIELD RD,344466.9764,5003345.394,-75.99537531,45.16896361,2014-10-13,18:45,01 - Clear,01 - Dry,10 - No control,01 - Non intersection,07 - Dark,03 - P.D. only,07 - SMV other,Munster Hamlet - Richmond
10502,BANK ST @ HUNT CLUB RD,371610.1583,5024096.506,-75.64731244,45.35363083,2014-12-04,16:36,01 - Clear,01 - Dry,01 - Traffic signal,02 - Intersection related,05 - Dusk,03 - P.D. only,04 - Sideswipe,South Keys - Heron Gate - Greenboro West
10503,STRANDHERD DR btwn CEDARVIEW RD & MCKENNA CASEY DR,361990.4988,5013583.316,-75.77128893,45.25988359,2014-12-04,16:38,01 - Clear,01 - Dry,10 - No control,05 - At railway crossing,05 - Dusk,03 - P.D. only,03 - Rear end,Munster Hamlet - Richmond
10504,CUMMINGS AVE @ DONALD ST,372650.248,5032412.527,-75.63289599,45.428355,2014-11-18,11:32,01 - Clear,01 - Dry,01 - Traffic signal,02 - Intersection related,01 - Daylight,03 - P.D. only,03 - Rear end,Cummings
10505,WOODROFFE AVE btwn FIRESTATION & BASELINE RD,362500.875,5023902.258,-75.76358505,45.35269174,2014-11-18,11:41,06 - Strong wind,01 - Dry,10 - No control,01 - Non intersection,01 - Daylight,03 - P.D. only,03 - Rear end,Iris
10506,PRINCE ST @ SUMMERVILLE AVE,365039.0004,5026545.382,-75.73087255,45.3762607,2014-09-12,16:51,01 - Clear,01 - Dry,02 - Stop sign,03 - At intersection,01 - Daylight,03 - P.D. only,02 - Angle,Carlington
10507,BANK ST btwn JOHNSTON RD & SOUTHKEYS SC,370862.631,5024822.466,-75.65675496,45.36023361,2014-09-12,17:05,01 - Clear,01 - Dry,10 - No control,01 - Non intersection,01 - Daylight,03 - P.D. only,03 - Rear end,South Keys - Heron Gate - Greenboro West
10508,Percifor Way btwn Travis St  and Travis St ,381089.8233,5032768.898,-75.52500061,45.43069174,2014-05-31,11:19,01 - Clear,01 - Dry,10 - No control,04 - At/near private drive,01 - Daylight,03 - P.D. only,06 - SMV unattended vehicle,Chapel Hill South
10509,MONTREAL RD btwn SHEFFORD RD & OR174 IC109 RAMP56,376152.1128,5034867.687,-75.58779296,45.45009656,2014-11-05,7:52,01 - Clear,01 - Dry,10 - No control,01 - Non intersection,01 - Daylight,03 - P.D. only,03 - Rear end,Beacon Hill South - Cardinal Heights
10510,MARIER AVE @ MONTREAL RD,370419.2344,5033259.695,-75.66129159,45.43619033,2014-09-03,16:27,01 - Clear,01 - Dry,01 - Traffic signal,03 - At intersection,01 - Daylight,03 - P.D. only,02 - Angle,Vanier South
10511,BANK ST @ DALMENY RD/MARVELVILLE RD,385828.3042,5004369.69,-75.46909323,45.17464312,2014-09-22,12:45,01 - Clear,01 - Dry,02 - Stop sign,02 - Intersection related,01 - Daylight,03 - P.D. only,03 - Rear end,Metcalfe
10512,OLD INNES RD btwn BANTREE ST & END,373708.2984,5030342.134,-75.61966559,45.4096232,2014-09-22,13:47,01 - Clear,01 - Dry,10 - No control,04 - At/near private drive,01 - Daylight,03 - P.D. only,99 - Other,Industrial Park
10513,CYRVILLE RD @ OGILVIE RD,372453.2452,5032003.674,-75.63546949,45.42469542,2014-11-03,6:41,01 - Clear,01 - Dry,01 - Traffic signal,03 - At intersection,03 - Dawn,03 - P.D. only,02 - Angle,Cummings
10514,FERNBANK RD btwn MUNSTER RD & LUCAS LANE,345235.1161,5007085.349,-75.9853006,45.20257426,2014-11-03,10:15,01 - Clear,01 - Dry,10 - No control,01 - Non intersection,01 - Daylight,03 - P.D. only,07 - SMV other,Munster Hamlet - Richmond
10515,LESTER RD btwn ALBION RD & UPLANDS DR,372339.0092,5022101.22,-75.63828372,45.3356081,2014-11-23,22:36,01 - Clear,01 - Dry,10 - No control,01 - Non intersection,07 - Dark,03 - P.D. only,07 - SMV other,Emerald Woods - Sawmill Creek
10516,MELROSE AVE btwn RUSKIN ST & CARLING AVE,365929.327,5028486.301,-75.7192656,45.39364756,2014-11-20,13:40,01 - Clear,01 - Dry,10 - No control,01 - Non intersection,01 - Daylight,03 - P.D. only,06 - SMV unattended vehicle,Civic Hospital - Experimental Farm - Central Park
10517,RIVERSIDE DR btwn FROBISHER LANE & HINCKS LANE,370239.0828,5029884.599,-75.66404224,45.40583945,2014-10-07,15:30,01 - Clear,01 - Dry,10 - No control,01 - Non intersection,01 - Daylight,03 - P.D. only,06 - SMV unattended vehicle,Industrial Park
10518,MAPLE STAND WAY btwn FOREST GATE WAY & FOREST GATE WAY,365873.1437,5016900.96,-75.72141328,45.28940927,2014-09-26,0:00,01 - Clear,01 - Dry,10 - No control,01 - Non intersection,00 - Unknown,03 - P.D. only,06 - SMV unattended vehicle,Greenbelt
10519,FALLOWFIELD RD @ WOODROFFE AVE,365085.15,5017903.665,-75.73133617,45.2984996,2014-11-30,14:45,01 - Clear,01 - Dry,01 - Traffic signal,02 - Intersection related,01 - Daylight,03 - P.D. only,04 - Sideswipe,New Barrhaven
10520,INNES RD @ JEANNE D'ARC BLVD/MER BLEUE RD,382636.8035,5035568.029,-75.50479012,45.45570553,2014-11-30,18:59,02 - Rain,02 - Wet,01 - Traffic signal,02 - Intersection related,07 - Dark,03 - P.D. only,03 - Rear end,Chapel Hill South
10521,SOMERSET ST    W btwn BRONSON AVE & PERCY ST,366993.1021,5030494.356,-75.70542729,45.41162181,2014-10-31,7:10,01 - Clear,01 - Dry,10 - No control,01 - Non intersection,03 - Dawn,03 - P.D. only,05 - Turning movement,Centretown
10522,FOXFIELD DR btwn SANDRINGHAM CRT & ELKE DR,363722.3697,5016861.179,-75.74883459,45.28923494,2014-11-06,19:30,01 - Clear,01 - Dry,10 - No control,01 - Non intersection,07 - Dark,03 - P.D. only,06 - SMV unattended vehicle,New Barrhaven
10523,QUEEN ST btwn METCALFE ST & ELGIN ST,367670.4929,5031695.785,-75.69662058,45.42237136,2014-11-21,0:00,01 - Clear,01 - Dry,10 - No control,01 - Non intersection,00 - Unknown,03 - P.D. only,06 - SMV unattended vehicle,Downtown
10524,BREEZEWOOD ST btwn MONDAVI ST & MONDAVI ST,386366.0761,5037891.678,-75.45673036,45.47618603,2014-11-23,17:30,02 - Rain,02 - Wet,10 - No control,04 - At/near private drive,07 - Dark,03 - P.D. only,06 - SMV unattended vehicle,Cardinal Creek
10525,MONTREAL RD @ ST. LAURENT BLVD,371545.7029,5033818.07,-75.64681958,45.44110771,2014-11-24,14:00,01 - Clear,01 - Dry,01 - Traffic signal,02 - Intersection related,01 - Daylight,03 - P.D. only,99 - Other,Cummings
10526,MCCURDY DR btwn SICARD WAY & PATCH WAY,352010.5062,5017812.885,-75.89804211,45.29868299,2014-11-21,19:30,01 - Clear,01 - Dry,10 - No control,01 - Non intersection,07 - Dark,03 - P.D. only,06 - SMV unattended vehicle,Katimavik - Hazeldean
10527,BELCOURT BLVD @ ST. JOSEPH BLVD,381204.7402,5037358.122,-75.52281933,45.47196937,2014-10-16,13:36,01 - Clear,01 - Dry,01 - Traffic signal,03 - At intersection,01 - Daylight,03 - P.D. only,05 - Turning movement,Orleans Village - Chateauneuf
10528,BRONSON AVE @ SOMERSET ST,366968.6462,5030477.047,-75.70574189,45.41146824,2014-10-17,16:51,01 - Clear,01 - Dry,01 - Traffic signal,03 - At intersection,01 - Daylight,03 - P.D. only,05 - Turning movement,Chinatown
10529,STEVENAGE DR btwn SWANSEA CRES & SWANSEA CRES,374772.6736,5027130.652,-75.60652487,45.38062227,2014-12-02,7:25,01 - Clear,01 - Dry,10 - No control,04 - At/near private drive,03 - Dawn,03 - P.D. only,05 - Turning movement,Industrial Park
10530,GREENBANK RD btwn MALVERN DR & HIGHBURY PARK DR,363329.222,5016154.623,-75.75392951,45.28291019,2014-10-17,17:33,01 - Clear,01 - Dry,10 - No control,01 - Non intersection,01 - Daylight,03 - P.D. only,03 - Rear end,New Barrhaven
10531,RUSSELL RD S @ ST. LAURENT BLVD,373568.7475,5029260.976,-75.62159899,45.39990918,2014-12-04,16:48,01 - Clear,01 - Dry,01 - Traffic signal,03 - At intersection,05 - Dusk,03 - P.D. only,05 - Turning movement,Hawthorne Meadows - Sheffield Glen
10532,MITCH OWENS RD btwn DAWN TARA DR & JOHN QUINN RD,379733.1673,5017187.997,-75.54469877,45.29065083,2014-12-04,17:06,01 - Clear,01 - Dry,10 - No control,01 - Non intersection,07 - Dark,03 - P.D. only,03 - Rear end,Osgoode
10533,RIVERSIDE DR @ HERON RD,368120.631,5026648.169,-75.69151716,45.37691384,2014-11-17,19:45,03 - Snow,03 - Loose snow,01 - Traffic signal,02 - Intersection related,07 - Dark,03 - P.D. only,03 - Rear end,Riverside Park
10534,BATHGATE DR @ DEN HAAG DR,373407.2457,5033925.575,-75.62301209,45.44189478,2014-11-17,8:15,01 - Clear,02 - Wet,02 - Stop sign,03 - At intersection,01 - Daylight,03 - P.D. only,02 - Angle,Carson Grove - Carson Meadows
10535,BANK ST btwn FOXBAR AVE & ST. PAUL AVE,370499.1009,5025569.786,-75.66129532,45.36699192,2014-09-12,18:34,01 - Clear,01 - Dry,10 - No control,04 - At/near private drive,05 - Dusk,03 - P.D. only,02 - Angle,Ledbury - Heron Gate - Ridgemont - Elmwood