Record,Location,X,Y,lon,lat,Date,Time,Environment,Road_Surface,Traffic_Control,Collision_Location,Light,Collision_Classification,Impact_type,Neighborhood
10536,EAGLESON RD @ KATIMAVIK RD/TIMM DR,353222.5438,5019569.804,-75.88241726,45.31440964,2014-09-12,18:30,01 - Clear,01 - Dry,01 - Traffic signal,03 - At intersection,05 - Dusk,03 - P.D. only,03 - Rear end,Greenbelt
10537,GRANDVIEW RD btwn HASTINGS ST & JAY ST,354588.1929,5025056.362,-75.8644487,45.36368293,2014-11-05,11:57,01 - Clear,01 - Dry,10 - No control,04 - At/near private drive,01 - Daylight,03 - P.D. only,06 - SMV unattended vehicle,Crystal Bay - Lakeview Park - Britannia Village
10538,ALBERT ST @ LYON ST,367062.7002,5031223.288,-75.7044461,45.41817433,2014-11-05,16:25,01 - Clear,01 - Dry,01 - Traffic signal,02 - Intersection related,05 - Dusk,03 - P.D. only,04 - Sideswipe,Downtown
10539,BASIL MACDONALD WAY btwn MERIVALE RD & GRANT CARMAN DR,365228.2489,5023247.694,-75.72885967,45.34657235,2014-09-06,11:16,01 - Clear,01 - Dry,10 - No control,04 - At/near private drive,01 - Daylight,03 - P.D. only,02 - Angle,Borden Farm - Stewart Farm - Parkwood Hills - Fisher Glen
10540,MERIVALE RD @ SHILLINGTON AVE,364844.2203,5026808.59,-75.73332726,45.37864572,2014-09-07,13:56,01 - Clear,01 - Dry,01 - Traffic signal,03 - At intersection,01 - Daylight,03 - P.D. only,02 - Angle,Carlington
10541,ROSEMOUNT AVE btwn WELLINGTON ST W & GLADSTONE AVE,365447.8242,5029236.786,-75.72532245,45.40044212,2014-09-22,15:07,01 - Clear,01 - Dry,10 - No control,01 - Non intersection,01 - Daylight,03 - P.D. only,06 - SMV unattended vehicle,Civi
10542,BAYVIEW RD @ SCOTT ST/ALBERT ST,365519.4796,5030071.241,-75.7243045,45.40794413,2014-11-03,15:05,01 - Clear,01 - Dry,01 - Traffic signal,02 - Intersection related,01 - Daylight,03 - P.D. only,03 - Rear end,Mechanicsville
10543,ALTA VISTA DR btwn RANDALL AVE & PALEN AVE,370413.9349,5027350.428,-75.66214584,45.38302153,2014-07-29,10:48,01 - Clear,01 - Dry,10 - No control,01 - Non intersection,01 - Daylight,03 - P.D. only,04 - Sideswipe,Alta Vista
10544,FIELDROW ST btwn MALCOLM PL & PERRY ST,364322.7332,5022970.506,-75.74044751,45.34415567,2014-09-15,0:00,01 - Clear,01 - Dry,10 - No control,01 - Non intersection,00 - Unknown,03 - P.D. only,06 - SMV unattended vehicle,Crestview - Meadowlands
10545,MARCH RD @ SOLANDT RD,350492.4589,5022709.077,-75.91694524,45.34284053,2014-12-08,7:42,01 - Clear,01 - Dry,01 - Traffic signal,03 - At intersection,03 - Dawn,03 - P.D. only,05 - Turning movement,South March
10546,STRANDHERD DR @ WOODROFFE AVE,366108.0542,5015395.624,-75.71860479,45.2758439,2014-12-08,21:06,01 - Clear,01 - Dry,01 - Traffic signal,02 - Intersection related,07 - Dark,03 - P.D. only,03 - Rear end,Chapman Mills - Rideau Crest - Davidson Heights
10547,SMYTH RD btwn MAIN ST & RAMP,369558.1069,5029257.435,-75.67282287,45.40025978,2014-11-14,17:21,03 - Snow,06 - Ice,10 - No control,01 - Non intersection,07 - Dark,03 - P.D. only,07 - SMV other,Old Ottawa East
10548,RICHMOND RD btwn LEIGHTON TER & ISLAND PARK DR,364122.0816,5028862.183,-75.7423002,45.39718511,2014-11-24,15:58,01 - Clear,01 - Dry,10 - No control,04 - At/near private drive,01 - Daylight,03 - P.D. only,05 - Turning movement,Island Park
10549,MAIN ST @ RIVERDALE AVE,369433.6413,5029532.969,-75.67437643,45.40275044,2014-11-25,17:40,01 - Clear,01 - Dry,01 - Traffic signal,02 - Intersection related,07 - Dark,03 - P.D. only,03 - Rear end,Old Ottawa East
10550,TERRY FOX DR N @ FLAMBOROUGH WAY/INNOVATION DR,349384.4372,5022957.095,-75.93106099,45.34514355,2014-11-25,17:46,01 - Clear,01 - Dry,01 - Traffic signal,02 - Intersection related,07 - Dark,03 - P.D. only,04 - Sideswipe,Morgan's Grant
10551,CAMPEAU DR/HWY 417 MARCH IC138R63 @ MARCH RD,352841.151,5020476.467,-75.88719334,45.32259418,2014-12-01,9:40,01 - Clear,01 - Dry,01 - Traffic signal,02 - Intersection related,01 - Daylight,03 - P.D. only,04 - Sideswipe,Greenbelt
10552,HAZELDEAN RD btwn GO/KA BOUNDARY & HUNTMAR DR/IBER RD,350980.0387,5016109.764,-75.91133895,45.2834263,2014-12-01,20:46,01 - Clear,01 - Dry,10 - No control,01 - Non intersection,07 - Dark,03 - P.D. only,07 - SMV other,Stittsville
10553,SUSSEX DR btwn 151 W OF KING EDWARD AVE/L.B. PEARSON BUILDING & RAMP,367633.9908,5033436.097,-75.69686491,45.43803337,2014-09-11,15:40,01 - Clear,01 - Dry,10 - No control,01 - Non intersection,01 - Daylight,03 - P.D. only,04 - Sideswipe,Byward Market - Parliament Hill
10554,LAPERRIERE AVE btwn CLYDE AVE & BELLEVUE AVE,363728.7683,5026463.303,-75.74760983,45.37563359,2014-09-11,17:28,01 - Clear,01 - Dry,10 - No control,04 - At/near private drive,01 - Daylight,03 - P.D. only,02 - Angle,Carlington
10555,REGIONAL ROAD 174 btwn MCTEER RD & CANAAN RD,395496.4606,5043314.973,-75.33896873,45.52385099,2014-10-10,4:20,01 - Clear,01 - Dry,10 - No control,01 - Non intersection,07 - Dark,03 - P.D. only,07 - SMV other,Cumberland - Estates
10556,CRICHTON ST @ VAUGHAN ST,369033.1779,5033531.639,-75.67897006,45.43876588,2014-10-10,8:01,01 - Clear,01 - Dry,02 - Stop sign,03 - At intersection,01 - Daylight,03 - P.D. only,02 - Angle,New Edinburgh
10557,MOODIE DR btwn WEST HUNT CLUB RD & ALTI PL,359335.1729,5015016.331,-75.80496271,45.27298891,2014-12-03,7:06,02 - Rain,02 - Wet,10 - No control,04 - At/near private drive,03 - Dawn,03 - P.D. only,02 - Angle,Greenbelt
10558,DONNELLY DR @ MCCORDICK RD,370435.2197,4991829.273,-75.66655754,45.06340324,2014-12-03,6:58,02 - Rain,06 - Ice,02 - Stop sign,02 - Intersection related,03 - Dawn,03 - P.D. only,07 - SMV other,Munster Hamlet - Richmond
10559,GREENBANK RD @ HWY 417 IC129 RAMP57/IRIS ST,360530.8351,5023313.442,-75.78879232,45.34755292,2014-10-07,13:55,01 - Clear,01 - Dry,01 - Traffic signal,02 - Intersection related,01 - Daylight,03 - P.D. only,04 - Sideswipe,Iris
10560,OTTAWA ROAD 29 btwn Continuation of OTTAWA ROAD 29 & GALETTA SIDE RD,318657.1557,5029212.967,-76.32299028,45.40271769,2014-10-10,14:55,01 - Clear,01 - Dry,10 - No control,01 - Non intersection,01 - Daylight,03 - P.D. only,05 - Turning movement,Mississipp
10561,Stalwart Cres btwn White Alder Ave  and White Alder Ave ,375472.2322,5020870.629,-75.59848812,45.32422717,2014-06-28,0:00,01 - Clear,01 - Dry,10 - No control,01 - Non intersection,00 - Unknown,03 - P.D. only,06 - SMV unattended vehicle,Greenbelt
10562,MONTREAL RD @ BATHGATE DR/BURMA RD,373226.1442,5034515.644,-75.62524473,45.44722166,2014-10-01,16:00,01 - Clear,01 - Dry,01 - Traffic signal,03 - At intersection,01 - Daylight,03 - P.D. only,03 - Rear end,Carson Grove - Carson Meadows
10563,BANK ST btwn MASON ST & MEADOW DR,378114.324,5015085.951,-75.56564466,45.27190824,2014-11-06,17:33,02 - Rain,02 - Wet,10 - No control,04 - At/near private drive,07 - Dark,03 - P.D. only,03 - Rear end,Osgoode
10564,BOYD AVE btwn CARLING AVE & KERR AVE,363427.4258,5026648.759,-75.75143496,45.37732757,2014-11-07,9:59,01 - Clear,01 - Dry,10 - No control,04 - At/near private drive,01 - Daylight,03 - P.D. only,06 - SMV unattended vehicle,Carlingwood West - Glabar Park - McKellar Heights
10565,GLADSTONE AVE @ CAMBRIDGE ST,367064.2307,5030035.622,-75.70457658,45.40748793,2014-09-13,12:00,02 - Rain,02 - Wet,02 - Stop sign,03 - At intersection,01 - Daylight,03 - P.D. only,02 - Angle,Centretown West
10566,TOPLEY CRES btwn KARSH DR & KEYS WAY (2),373836.0738,5026441.173,-75.61857919,45.37451156,2014-09-12,16:30,01 - Clear,01 - Dry,10 - No control,04 - At/near private drive,01 - Daylight,03 - P.D. only,02 - Angle,Hunt Club
10567,EAGLESON RD btwn PALOMINO DR & ROTHESAY DR,354086.2458,5017387.027,-75.87161927,45.29470848,2014-09-29,16:11,01 - Clear,01 - Dry,10 - No control,01 - Non intersection,01 - Daylight,03 - P.D. only,04 - Sideswipe,Bridlewood - Emerald Meadows
10568,BASELINE RD @ WOODROFFE AVE,362548.2684,5023771.453,-75.76299551,45.35151086,2014-09-29,16:48,01 - Clear,01 - Dry,01 - Traffic signal,02 - Intersection related,01 - Daylight,03 - P.D. only,03 - Rear end,Iris
10569,GALETTA SIDE RD btwn JOHN SHAW RD & HOMESTEADERS RD,326632.5731,5033976.109,-76.22090308,45.44537527,2014-11-03,12:03,01 - Clear,01 - Dry,10 - No control,01 - Non intersection,01 - Daylight,03 - P.D. only,07 - SMV other,Fitzro
10570,REGIONAL ROAD 174 EB btwn OR174 IC109 RAMP55 & TRANSIT,376503.1983,5035047.812,-75.5832788,45.45168128,2014-11-04,17:33,02 - Rain,02 - Wet,10 - No control,01 - Non intersection,07 - Dark,03 - P.D. only,03 - Rear end,Greenbelt
10571,RENAUD RD @ RENAUD RD S,379962.7236,5031597.948,-75.5395818,45.42027841,2014-10-04,19:21,02 - Rain,02 - Wet,10 - No control,03 - At intersection,07 - Dark,03 - P.D. only,07 - SMV other,Greenbelt
10572,ST. LAURENT BLVD btwn DUNBARTON CRT & MONTREAL RD,371460.3093,5034016.13,-75.64788417,45.44289791,2014-11-18,11:26,01 - Clear,01 - Dry,10 - No control,01 - Non intersection,01 - Daylight,03 - P.D. only,04 - Sideswipe,Cemetery
10573,BANK ST @ WALKLEY RD,370339.3923,5025947.024,-75.66328387,45.37040114,2014-11-18,12:02,01 - Clear,01 - Dry,01 - Traffic signal,03 - At intersection,01 - Daylight,03 - P.D. only,02 - Angle,Ledbury - Heron Gate - Ridgemont - Elmwood
10574,ST. JOSEPH BLVD btwn GABRIEL ST & PLACE D'ORLEANS DR,381582.9914,5037666.73,-75.51793416,45.47470448,2014-12-01,17:07,01 - Clear,01 - Dry,10 - No control,04 - At/near private drive,07 - Dark,03 - P.D. only,05 - Turning movement,Orleans Village - Chateauneuf
10575,ST. LAURENT BLVD btwn 125 N OF QUEEN MARY ST & QUEEN MARY ST,372190.3577,5032236.259,-75.63879669,45.42681349,2014-12-01,17:35,01 - Clear,01 - Dry,10 - No control,01 - Non intersection,07 - Dark,03 - P.D. only,07 - SMV other,Overbrook
10576,BELGREEN DR btwn STEVENAGE DR & RUSSELL RD,376010.1629,5027402.102,-75.5906863,45.38293995,2014-10-06,16:23,01 - Clear,01 - Dry,10 - No control,01 - Non intersection,01 - Daylight,03 - P.D. only,04 - Sideswipe,Greenbelt
10577,REGIONAL ROAD 174 btwn OR174 IC112 RAMP51 & OR174 IC112 RAMP15,374867.6012,5032874.472,-75.60449664,45.43229271,2014-10-06,16:54,01 - Clear,01 - Dry,10 - No control,01 - Non intersection,01 - Daylight,03 - P.D. only,03 - Rear end,Greenbelt
10578,STITTSVILLE MAIN ST @ HOBIN ST/WILDPINE CRT,349665.1028,5014036.331,-75.92828707,45.264854,2014-10-07,15:30,01 - Clear,01 - Dry,01 - Traffic signal,02 - Intersection related,01 - Daylight,03 - P.D. only,03 - Rear end,Stittsville
10579,MONTREAL RD/HANNAH ST @ CODY AVE,370255.1911,5033169.592,-75.66340006,45.435395,2014-10-07,16:50,01 - Clear,01 - Dry,01 - Traffic signal,02 - Intersection related,01 - Daylight,03 - P.D. only,04 - Sideswipe,Vanier
10580,AIRPORT PKWY/WALKLEY RD NB OFF RAMP @ WALKLEY RD,370078.8972,5025790.863,-75.66662979,45.36902037,2014-12-01,20:51,01 - Clear,01 - Dry,01 - Traffic signal,02 - Intersection related,07 - Dark,03 - P.D. only,99 - Other,Riverside Park
10581,BLACKBURN BYPASS @ NAVAN RD,379617.624,5033274.536,-75.54373612,45.43540016,2014-09-25,16:34,01 - Clear,01 - Dry,01 - Traffic signal,02 - Intersection related,01 - Daylight,03 - P.D. only,03 - Rear end,Greenbelt
10582,SIXTH LINE RD btwn PINHEY POINT RD & BERRY SIDE RD,347326.5556,5032188.891,-75.95652481,45.42834097,2014-10-10,7:30,01 - Clear,01 - Dry,10 - No control,01 - Non intersection,01 - Daylight,03 - P.D. only,07 - SMV other,Carp - Hardwood Plains
10583,BREWER RD @ BRONSON AVE,368107.6253,5027763.592,-75.69154016,45.38695129,2014-10-10,8:22,01 - Clear,01 - Dry,01 - Traffic signal,02 - Intersection related,01 - Daylight,03 - P.D. only,03 - Rear end,Carleto
10584,MARCH RD btwn TALL FOREST DR & TALL FOREST DR,343644.3698,5023099.691,-76.00429545,45.34676805,2014-12-03,7:14,02 - Rain,04 - Slush,10 - No control,01 - Non intersection,03 - Dawn,03 - P.D. only,07 - SMV other,Carp - Hardwood Plains
10585,CORKSTOWN RD btwn MOODIE DR & CRYSTAL BEACH DR,357115.5857,5022828.489,-75.83242416,45.34345234,2014-12-03,7:50,01 - Clear,02 - Wet,10 - No control,04 - At/near private drive,03 - Dawn,03 - P.D. only,01 - Approaching,Crystal Bay - Lakeview Park - Britannia Village
10586,FALLOWFIELD RD btwn STEEPLE HILL CRES & MOODIE DR,358485.3793,5014061.876,-75.81589552,45.26446596,2014-07-14,8:56,01 - Clear,01 - Dry,10 - No control,01 - Non intersection,01 - Daylight,03 - P.D. only,07 - SMV other,Greenbelt
10587,PLACE D'ORLEANS DR @ PLACE D'ORLEANS SC S,381501.5857,5037816.284,-75.51895185,45.47605899,2014-10-01,14:30,01 - Clear,01 - Dry,01 - Traffic signal,02 - Intersection related,01 - Daylight,03 - P.D. only,03 - Rear end,Industrial Park
10588,EARL MULLIGAN DR @ WOODPARK WAY,365105.704,5017423.937,-75.73113246,45.29418127,2014-10-01,17:37,01 - Clear,01 - Dry,02 - Stop sign,03 - At intersection,01 - Daylight,03 - P.D. only,05 - Turning movement,New Barrhaven
10589,WALKLEY RD btwn SPRINGLAND DR & MCCARTHY RD,368830.2484,5025038.436,-75.68266628,45.36236542,2014-11-08,11:57,01 - Clear,01 - Dry,10 - No control,04 - At/near private drive,01 - Daylight,03 - P.D. only,03 - Rear end,Hunt Club Woods - Quintarra - Revelstoke - Riverside South P
10590,BOOTH ST @ TRANSITWAY,366369.3314,5030743.624,-75.71336462,45.41391981,2014-11-11,12:30,01 - Clear,01 - Dry,01 - Traffic signal,03 - At intersection,01 - Daylight,03 - P.D. only,02 - Angle,LeBreton Flats
10591,SOUTHVIEW CRES btwn CHESTERTON DR & CHESTERTON DR,365342.9611,5023976.56,-75.7273067,45.35312068,2014-09-06,12:30,01 - Clear,01 - Dry,10 - No control,01 - Non intersection,01 - Daylight,03 - P.D. only,06 - SMV unattended vehicle,Borden Farm - Stewart Farm - Parkwood Hills - Fisher Glen
10592,ROSEWOOD AVE btwn GEORGINA DR & EDGEWORTH AVE,361149.0434,5025147.059,-75.78069469,45.36400232,2014-09-15,12:31,01 - Clear,01 - Dry,10 - No control,01 - Non intersection,01 - Daylight,03 - P.D. only,06 - SMV unattended vehicle,Whitehaven - Queensway Terrace North
10593,LISGAR ST btwn ALLENDALE PRIV & BANK ST,367595.1773,5031058.084,-75.69766416,45.41664029,2014-09-13,18:30,02 - Rain,02 - Wet,10 - No control,01 - Non intersection,05 - Dusk,03 - P.D. only,06 - SMV unattended vehicle,Centretown
10594,AYLMER AVE @ BANK ST,368672.2906,5028729.544,-75.68420489,45.39559136,2014-09-29,16:25,01 - Clear,01 - Dry,01 - Traffic signal,03 - At intersection,01 - Daylight,03 - P.D. only,07 - SMV other,Old Ottawa South
10595,BASELINE RD @ MERIVALE RD,365053.6301,5025326.463,-75.73083445,45.36529182,2014-09-29,17:04,01 - Clear,01 - Dry,01 - Traffic signal,02 - Intersection related,01 - Daylight,03 - P.D. only,03 - Rear end,Civic Hospital - Experimental Farm - Central Park
10596,CUMBERLAND ST @ MURRAY ST,368169.488,5032680.714,-75.69011817,45.43118838,2014-11-04,19:15,02 - Rain,02 - Wet,01 - Traffic signal,02 - Intersection related,07 - Dark,03 - P.D. only,04 - Sideswipe,Byward Market
10597,BYWARD MARKET @ YORK ST,367944.7041,5032328.592,-75.69303584,45.42804044,2014-10-05,0:38,01 - Clear,01 - Dry,02 - Stop sign,02 - Intersection related,07 - Dark,03 - P.D. only,06 - SMV unattended vehicle,Byward Market
10598,COLONEL BY DR/SUSSEX DR @ RIDEAU ST,367920.8807,5032045.649,-75.69337653,45.42549677,2014-10-05,1:30,01 - Clear,01 - Dry,01 - Traffic signal,02 - Intersection related,07 - Dark,03 - P.D. only,05 - Turning movement,Byward Market - Parliament Hill
10599,MITCH OWENS RD/BRIDGE ST @ RIVER RD,369498.5186,5010770.623,-75.67599846,45.23392485,2014-11-21,20:30,01 - Clear,01 - Dry,01 - Traffic signal,03 - At intersection,07 - Dark,03 - P.D. only,07 - SMV other,Manotick
10600,BRONSON AVE @ THIRD AVE,367550.2381,5029087.558,-75.6984891,45.39891412,2014-11-22,12:28,01 - Clear,01 - Dry,02 - Stop sign,02 - Intersection related,01 - Daylight,03 - P.D. only,04 - Sideswipe,The Glebe
10601,WEST HUNT CLUB RD btwn MOODIE DR & RICHMOND RD,357242.8037,5018170.472,-75.83129418,45.30152953,2014-12-01,17:40,01 - Clear,01 - Dry,10 - No control,01 - Non intersection,07 - Dark,03 - P.D. only,07 - SMV other,Greenbelt
10602,FALLOWFIELD RD btwn HWY416 IC66 RAMP62 & STRANDHERD DR,360645.5897,5014954.571,-75.78827,45.27233034,2014-10-06,16:59,01 - Clear,01 - Dry,10 - No control,01 - Non intersection,01 - Daylight,03 - P.D. only,03 - Rear end,Munster Hamlet - Richmond
10603,BLAIR RD @ REGIONAL RD 174 S/OR174 IC112 RAMP15,374909.1881,5032661.796,-75.60399548,45.430375,2014-10-04,13:00,02 - Rain,02 - Wet,01 - Traffic signal,02 - Intersection related,01 - Daylight,03 - P.D. only,03 - Rear end,Pineview
10604,ST. LAURENT BLVD btwn INDUSTRIAL AVE & BOURASSA ST,373156.0297,5029876.172,-75.62678485,45.40548485,2014-10-07,16:51,01 - Clear,01 - Dry,10 - No control,04 - At/near private drive,01 - Daylight,03 - P.D. only,02 - Angle,Industrial Park
10605,BANTREE ST @ INNES RD,373704.3014,5030407.503,-75.61970751,45.41021176,2014-10-07,17:57,01 - Clear,02 - Wet,01 - Traffic signal,02 - Intersection related,05 - Dusk,03 - P.D. only,03 - Rear end,Industrial Park
10606,BANK ST @ CATHERINE ST,368039.2315,5030267.572,-75.69209246,45.40948753,2014-12-02,6:51,01 - Clear,06 - Ice,01 - Traffic signal,02 - Intersection related,07 - Dark,03 - P.D. only,03 - Rear end,Centretown
10607,HILLMOUNT CRES btwn VIEWMOUNT DR & GLENMANOR DR,364580.55,5022624.46,-75.7371997,45.34102006,2014-09-25,14:00,01 - Clear,01 - Dry,10 - No control,01 - Non intersection,01 - Daylight,03 - P.D. only,06 - SMV unattended vehicle,Crestview - Meadowlands
10608,WOODROFFE AVE @ KNOXDALE RD/MEDHURST DR,363420.1638,5021827.435,-75.75209937,45.33394641,2014-10-16,20:57,02 - Rain,02 - Wet,01 - Traffic signal,02 - Intersection related,07 - Dark,03 - P.D. only,03 - Rear end,Woodvale - Craig Henry - Manordale - Estates of Arlington Wo
10609,WOODROFFE AVE @ SPORTSPLEX N,363761.2926,5021067.234,-75.74783803,45.3270776,2014-10-21,18:23,02 - Rain,02 - Wet,01 - Traffic signal,02 - Intersection related,07 - Dark,03 - P.D. only,03 - Rear end,Merivale Gardens - Grenfell Glen - Pineglen - Country Place
10610,DEN HAAG DR btwn DES PIONNIERS PRIV & CARSON'S RD,372990.0668,5033788.683,-75.62836312,45.44070391,2014-12-03,8:10,04 - Freezing Rain,04 - Slush,10 - No control,04 - At/near private drive,01 - Daylight,03 - P.D. only,05 - Turning movement,Carson Grove - Carson Meadows
10611,GOLDFINCH DR btwn PARTRIDGE DR & END,356128.0371,5017088.661,-75.84561976,45.29187755,2014-12-03,8:32,03 - Snow,04 - Slush,10 - No control,04 - At/near private drive,01 - Daylight,03 - P.D. only,02 - Angle,Bridlewood - Emerald Meadows
10612,FROBISHER LANE W @ RIVERSIDE DR,370118.7927,5029601.392,-75.66561625,45.4033025,2014-10-08,9:48,01 - Clear,01 - Dry,01 - Traffic signal,02 - Intersection related,01 - Daylight,03 - P.D. only,99 - Other,Industrial Park
10613,MCARTHUR AVE @ VANIER PKWY,370218.705,5032692.388,-75.66392975,45.43110473,2014-10-06,10:00,01 - Clear,01 - Dry,01 - Traffic signal,02 - Intersection related,01 - Daylight,03 - P.D. only,03 - Rear end,Vanier South
10614,CASTLEFRANK RD @ KATIMAVIK RD,351949.979,5018943.516,-75.89870628,45.30886075,2014-08-02,18:57,01 - Clear,01 - Dry,01 - Traffic signal,02 - Intersection related,01 - Daylight,03 - P.D. only,03 - Rear end,Katimavik - Hazeldean
10615,HIGHWAY 417 btwn HWY417 IC122 RAMP51 & HWY417 IC122 RAMP15,365319.551,5028866.543,-75.72700621,45.39712186,2014-02-13,6:50,01 - Clear,01 - Dry,10 - No control,01 - Non intersection,03 - Dawn,03 - P.D. only,03 - Rear end,Civi
10616,ALEXANDER ST btwn SUSSEX DR & THOMAS ST,367931.0365,5033997.592,-75.69299646,45.44305874,2014-10-01,12:00,01 - Clear,01 - Dry,10 - No control,04 - At/near private drive,01 - Daylight,03 - P.D. only,06 - SMV unattended vehicle,New Edinburgh
10617,STRANDHERD @ KENNEVALE DR,361490.4382,5014100.497,-75.77760108,45.26457771,2014-10-01,18:33,01 - Clear,01 - Dry,01 - Traffic signal,02 - Intersection related,07 - Dark,03 - P.D. only,03 - Rear end,Munster Hamlet - Richmond
10618,CANAAN @ BASELINE RD(CLARENCE TWP,396671.8313,5041509.801,-75.32426393,45.50745683,2014-11-17,6:04,03 - Snow,03 - Loose snow,02 - Stop sign,02 - Intersection related,07 - Dark,03 - P.D. only,07 - SMV other,Cumberland - Estates
10619,Watershield Ridge btwn Gentian Heights and Springbeauty Ave ,365325.2472,5016721.371,-75.72841937,45.28784074,2014-05-27,16:00,01 - Clear,01 - Dry,10 - No control,04 - At/near private drive,01 - Daylight,03 - P.D. only,05 - Turning movement,Greenbelt
10620,SUMMERWIND CRES btwn WINDHURST DR & WINDHURST DR,366000.2775,5015847.824,-75.71992257,45.27992216,2014-11-10,0:00,01 - Clear,02 - Wet,10 - No control,01 - Non intersection,00 - Unknown,03 - P.D. only,06 - SMV unattended vehicle,Chapman Mills - Rideau Crest - Davidson Heights
10621,RIVERSIDE DR btwn FROBISHER LANE & HINCKS LANE,370264.8202,5030148.694,-75.66367842,45.40821327,2014-11-11,0:00,01 - Clear,01 - Dry,10 - No control,01 - Non intersection,00 - Unknown,03 - P.D. only,06 - SMV unattended vehicle,Industrial Park
10622,OGILVIE RD @ ELMLEA GT/SHOPPERS CITY EAST SC,374989.2066,5033485.635,-75.60285551,45.43777941,2014-09-29,17:25,01 - Clear,01 - Dry,01 - Traffic signal,02 - Intersection related,01 - Daylight,03 - P.D. only,03 - Rear end,Beacon Hill South - Cardinal Heights
10623,HAWTHORNE RD/RUSSELL RD @ WALKLEY RD,374674.27,5028498.593,-75.60758756,45.39294017,2014-09-26,15:30,01 - Clear,01 - Dry,01 - Traffic signal,02 - Intersection related,01 - Daylight,03 - P.D. only,03 - Rear end,Sheffield Glen
10624,ROB ROY AVE btwn CRESTHILL ST & HENLEY ST,360338.7661,5024484.69,-75.79111165,45.35810702,2014-10-05,8:16,01 - Clear,01 - Dry,10 - No control,01 - Non intersection,01 - Daylight,03 - P.D. only,07 - SMV other,Whitehaven - Queensway Terrace North
10625,PARKDALE AVE @ RUSKIN ST,365507.2285,5028450.609,-75.72466047,45.39336313,2014-10-05,11:40,01 - Clear,01 - Dry,01 - Traffic signal,03 - At intersection,01 - Daylight,03 - P.D. only,05 - Turning movement,Civic Hospital - Experimental Farm - Central Park
10626,INDUSTRIAL AVE/INNES RD @ ST. LAURENT BLVD,373103.5796,5030005.557,-75.62743687,45.40665412,2014-11-22,12:45,01 - Clear,01 - Dry,01 - Traffic signal,03 - At intersection,01 - Daylight,03 - P.D. only,05 - Turning movement,Industrial Park
10627,ST. LAURENT BLVD @ MCARTHUR AVE,371921.719,5032888.176,-75.64214046,45.43270497,2014-11-22,16:02,04 - Freezing Rain,06 - Ice,01 - Traffic signal,02 - Intersection related,01 - Daylight,03 - P.D. only,03 - Rear end,Cummings
10628,HOLLAND AVE @ KENILWORTH ST,365214.2234,5028495.603,-75.72839682,45.39379331,2014-10-07,16:05,02 - Rain,02 - Wet,01 - Traffic signal,03 - At intersection,01 - Daylight,03 - P.D. only,03 - Rear end,Civic Hospital - Experimental Farm - Central Park
10629,HAZELDEAN RD @ SPRINGBROOK DR,349868.2189,5015110.439,-75.92560143,45.27450621,2014-12-02,8:11,01 - Clear,01 - Dry,01 - Traffic signal,02 - Intersection related,01 - Daylight,03 - P.D. only,03 - Rear end,Stittsville
10630,BEECHWOOD AVE btwn CHAPLEAU AVE & PUTMAN AVE,369595.7539,5033897.167,-75.67173183,45.44200284,2014-12-02,8:34,01 - Clear,01 - Dry,10 - No control,01 - Non intersection,01 - Daylight,03 - P.D. only,03 - Rear end,Vanier North
10631,INDUSTRIAL AVE btwn RUSSELL RD & ST. LAURENT BLVD,372774.7615,5029990.992,-75.63163897,45.40655508,2014-09-30,15:28,01 - Clear,01 - Dry,10 - No control,01 - Non intersection,01 - Daylight,03 - P.D. only,04 - Sideswipe,Industrial Park
10632,HWY 417 ST.LAURE IC115R51 @ ST. LAURENT BLVD,372530.8492,5031410.789,-75.63455943,45.41935341,2014-10-01,17:19,01 - Clear,01 - Dry,01 - Traffic signal,02 - Intersection related,01 - Daylight,03 - P.D. only,03 - Rear end,Industrial Park
10633,HWY 417 WOODROFF IC127R53 @ WOODROFFE AVE,362206.3836,5024627.669,-75.76725899,45.3592431,2014-11-02,15:09,01 - Clear,01 - Dry,03 - Yield sign,02 - Intersection related,01 - Daylight,03 - P.D. only,04 - Sideswipe,Iris
10634,MCRAE AVE @ RICHMOND RD,363609.216,5028540.451,-75.74888864,45.39433348,2014-11-04,17:46,03 - Snow,02 - Wet,01 - Traffic signal,02 - Intersection related,07 - Dark,03 - P.D. only,03 - Rear end,Westboro
10635,GREENBANK RD @ HARRISON ST/ASHGROVE CRES,360840.1556,5022006.547,-75.78499328,45.33576885,2014-12-03,7:50,03 - Snow,04 - Slush,01 - Traffic signal,02 - Intersection related,03 - Dawn,03 - P.D. only,03 - Rear end,Briar Green - Leslie Park
10636,BESSERER ST @ WALLER ST,368316.4072,5032191.03,-75.68830385,45.42676905,2014-12-02,18:55,01 - Clear,01 - Dry,01 - Traffic signal,02 - Intersection related,07 - Dark,03 - P.D. only,03 - Rear end,Byward Market - Parliament Hill
10637,CARLING AVE @ MERIVALE RD,364896.1256,5027700.544,-75.73255598,45.3866669,2014-10-08,10:51,01 - Clear,01 - Dry,01 - Traffic signal,02 - Intersection related,01 - Daylight,03 - P.D. only,05 - Turning movement,Carlington