Record,Location,X,Y,lon,lat,Date,Time,Environment,Road_Surface,Traffic_Control,Collision_Location,Light,Collision_Classification,Impact_type,Neighborhood
10638,HUNT CLUB RD @ LORRY GREENBERG DR/SABLE RIDGE ,372823.2648,5024808.453,-75.63173356,45.35992004,2014-10-08,11:12,01 - Clear,01 - Dry,01 - Traffic signal,02 - Intersection related,01 - Daylight,03 - P.D. only,07 - SMV other,Greenboro East
10639,PRINCE OF WALES DR @ WEST HUNT CLUB RD,367459.1842,5021890.555,-75.70056474,45.33416532,2014-09-08,16:16,01 - Clear,01 - Dry,01 - Traffic signal,02 - Intersection related,01 - Daylight,03 - P.D. only,03 - Rear end,Industrial Park
10640,RAYMOND ST btwn HWY417 IC121A RAMP16 & BRONSON AVE,367208.2627,5029782.409,-75.70276881,45.40519676,2014-09-12,13:47,01 - Clear,01 - Dry,10 - No control,01 - Non intersection,01 - Daylight,03 - P.D. only,03 - Rear end,Centretown West
10641,MARCH RD btwn SOLANDT RD & STATION RD,350841.6024,5022319.165,-75.91252655,45.33930919,2014-10-01,17:45,01 - Clear,01 - Dry,10 - No control,01 - Non intersection,01 - Daylight,03 - P.D. only,04 - Sideswipe,South March
10642,CUMMINGS AVE btwn OGILVIE RD & LABELLE ST,372864.9813,5031907.586,-75.63022187,45.42379093,2014-10-01,19:22,01 - Clear,01 - Dry,10 - No control,04 - At/near private drive,07 - Dark,03 - P.D. only,02 - Angle,Industrial Park
10643,INNES RD @ WILDFLOWER DR,382936.2813,5035689.608,-75.50094231,45.45676597,2014-11-22,12:37,01 - Clear,01 - Dry,01 - Traffic signal,02 - Intersection related,01 - Daylight,03 - P.D. only,03 - Rear end,Avalon
10644,SHEFFIELD RD @ WALKLEY RD,375257.2612,5028786.435,-75.60010159,45.39547162,2014-09-15,8:30,01 - Clear,01 - Dry,01 - Traffic signal,02 - Intersection related,01 - Daylight,03 - P.D. only,04 - Sideswipe,Industrial Park
10645,CRAIG ST btwn FIFTH AVE & ELLA ST,367982.3271,5029141.78,-75.69296362,45.39936314,2014-09-17,16:37,01 - Clear,01 - Dry,10 - No control,01 - Non intersection,01 - Daylight,03 - P.D. only,06 - SMV unattended vehicle,The Glebe
10646,ANDERSON RD btwn EIGHTH LINE RD & NINTH LINE RD,381832.0152,5021588.205,-75.51726106,45.33001438,2014-09-04,18:11,01 - Clear,01 - Dry,10 - No control,01 - Non intersection,01 - Daylight,03 - P.D. only,07 - SMV other,Greenbelt
10647,PARKDALE AVE btwn GRANT ST & WELLINGTON ST W,365137.8523,5029293.305,-75.72927456,45.40097745,2014-09-05,10:16,01 - Clear,01 - Dry,10 - No control,01 - Non intersection,01 - Daylight,03 - P.D. only,06 - SMV unattended vehicle,Islan
10648,WILLINGDON RD btwn LISGAR RD & MINTO PL,368613.8656,5034606.298,-75.6841898,45.44847364,2014-11-06,6:00,02 - Rain,02 - Wet,10 - No control,01 - Non intersection,07 - Dark,03 - P.D. only,06 - SMV unattended vehicle,Rockcliffe - Manor Park
10649,BANK ST @ CATHERINE ST,368039.2315,5030268.52,-75.69209234,45.40949606,2014-11-19,10:14,01 - Clear,01 - Dry,01 - Traffic signal,02 - Intersection related,01 - Daylight,03 - P.D. only,03 - Rear end,Centretown
10650,WOODROFFE AVE btwn TURN LANE & GRENFELL CRES,364270.1764,5019893.909,-75.74148773,45.31647717,2014-11-24,18:51,02 - Rain,02 - Wet,10 - No control,01 - Non intersection,07 - Dark,03 - P.D. only,04 - Sideswipe,Greenbelt
10651,OGILVIE RD btwn NASKAPI DR & MONTREAL RD,375648.5739,5034580.283,-75.59427107,45.4475619,2014-10-05,16:14,01 - Clear,01 - Dry,10 - No control,01 - Non intersection,01 - Daylight,03 - P.D. only,03 - Rear end,Beacon Hill North
10652,CEDARVIEW RD @ FALLOWFIELD RD,361293.2454,5015665.39,-75.77993564,45.27867461,2014-10-05,17:28,01 - Clear,01 - Dry,01 - Traffic signal,03 - At intersection,01 - Daylight,03 - P.D. only,02 - Angle,Munster Hamlet - Richmond
10653,RIOCAN AVE btwn MARKETPLACE AVE & END,364346.197,5014665.375,-75.74114592,45.26942453,2014-11-22,18:12,02 - Rain,02 - Wet,10 - No control,04 - At/near private drive,07 - Dark,03 - P.D. only,02 - Angle,New Barrhaven
10654,BEARBROOK RD/ROCKCLIFFE PKWY @ ST. JOSEPH BLVD,377129.7484,5035242.518,-75.5752408,45.45336855,2014-11-27,16:00,01 - Clear,01 - Dry,01 - Traffic signal,02 - Intersection related,01 - Daylight,03 - P.D. only,03 - Rear end,Greenbelt
10655,WHYTE SIDE RD btwn HAWTHORNE RD & RAMSAYVILLE RD,377545.6426,5025327.745,-75.57138718,45.36411826,2014-10-06,20:18,01 - Clear,01 - Dry,10 - No control,04 - At/near private drive,07 - Dark,03 - P.D. only,02 - Angle,Greenbelt
10656,RICHMOND RD @ WEST HUNT CLUB RD,357144.2255,5018152.462,-75.83255298,45.30137482,2014-10-06,16:55,01 - Clear,01 - Dry,01 - Traffic signal,02 - Intersection related,01 - Daylight,03 - P.D. only,03 - Rear end,Greenbelt
10657,MCBEAN ST btwn RICHLAND DR & DOBSON LANE,358342.4968,5004225.451,-75.81877393,45.17596634,2014-10-07,20:34,01 - Clear,01 - Dry,10 - No control,01 - Non intersection,07 - Dark,03 - P.D. only,07 - SMV other,Munster Hamlet - Richmond
10658,BASELINE RD @ CENTREPOINTE DR E/HIGHGATE RD,362062.1605,5023464.557,-75.76923443,45.34878929,2014-10-03,21:53,01 - Clear,02 - Wet,01 - Traffic signal,02 - Intersection related,07 - Dark,03 - P.D. only,03 - Rear end,Iris
10659,CATHERINE ST @ KENT ST,367907.2336,5030190.46,-75.69378849,45.40880561,2014-10-04,0:30,02 - Rain,02 - Wet,01 - Traffic signal,03 - At intersection,07 - Dark,03 - P.D. only,02 - Angle,Centretown
10660,BANK ST @ RIVERSIDE DR S,369303.2953,5027893.605,-75.67625563,45.38801201,2014-11-06,6:27,01 - Clear,01 - Dry,01 - Traffic signal,02 - Intersection related,03 - Dawn,03 - P.D. only,02 - Angle,Alta Vista
10661,VIEWMOUNT DR @ MERIVALE RD,365193.2232,5022947.548,-75.72934325,45.34387469,2014-12-03,11:16,03 - Snow,02 - Wet,01 - Traffic signal,03 - At intersection,01 - Daylight,03 - P.D. only,05 - Turning movement,Tanglewood
10662,ALBION RD @ LESTER RD,372694.737,5022333.788,-75.63371367,45.33766634,2014-12-03,12:15,03 - Snow,02 - Wet,01 - Traffic signal,02 - Intersection related,01 - Daylight,03 - P.D. only,03 - Rear end,Greenbelt
10663,WEST HUNT CLUB RD @ ROYDON PL/SUNDERLAND ST,365974.0371,5022171.483,-75.71947643,45.33682411,2014-10-08,11:26,01 - Clear,01 - Dry,01 - Traffic signal,02 - Intersection related,01 - Daylight,03 - P.D. only,03 - Rear end,Industrial Park
10664,INDUSTRIAL AVE/INNES RD @ ST. LAURENT BLVD,373100.2013,5030003.671,-75.62748029,45.40663748,2014-10-08,12:24,01 - Clear,01 - Dry,01 - Traffic signal,02 - Intersection related,01 - Daylight,03 - P.D. only,03 - Rear end,Industrial Park
10665,INDUSTRIAL AVE btwn RUSSELL RD & ST. LAURENT BLVD,373053.7558,5029981.87,-75.62807657,45.40644585,2014-09-23,12:47,01 - Clear,01 - Dry,10 - No control,04 - At/near private drive,01 - Daylight,03 - P.D. only,05 - Turning movement,Industrial Park
10666,EAGLESON RD btwn PERTH ST & BARNSDALE RD,358092.5657,5007222.457,-75.82163332,45.20295321,2014-10-01,20:14,01 - Clear,01 - Dry,10 - No control,01 - Non intersection,07 - Dark,03 - P.D. only,07 - SMV other,Munster Hamlet - Richmond
10667,SANDHILL RD @ BILLINGHAM CRES N,349856.9023,5023982.72,-75.92493875,45.35434216,2014-11-29,3:54,01 - Clear,01 - Dry,02 - Stop sign,03 - At intersection,07 - Dark,03 - P.D. only,06 - SMV unattended vehicle,South March
10668,SHERBROOKE AVE btwn WELLINGTON ST W & GLADSTONE AVE,365426.8101,5029485.444,-75.72556027,45.40268131,2014-11-06,22:05,02 - Rain,02 - Wet,10 - No control,01 - Non intersection,07 - Dark,03 - P.D. only,06 - SMV unattended vehicle,Civi
10669,CONCORD ST    N btwn KINGS LANDING PRIV & GREENFIELD AVE,369026.7992,5031067.329,-75.67937295,45.41659353,2014-11-07,0:00,01 - Clear,01 - Dry,10 - No control,01 - Non intersection,00 - Unknown,03 - P.D. only,06 - SMV unattended vehicle,Old Ottawa East
10670,DU PLATEAU ST btwn AVEBURY DR & ESPRIT DR,384861.6016,5036400.53,-75.47621313,45.46294423,2014-08-20,0:00,01 - Clear,01 - Dry,10 - No control,01 - Non intersection,00 - Unknown,03 - P.D. only,06 - SMV unattended vehicle,Avalon
10671,PRINCE OF WALES DR @ FAIRPARK DR,367268.817,5015414.788,-75.70380942,45.27591416,2014-10-05,17:31,01 - Clear,01 - Dry,02 - Stop sign,03 - At intersection,01 - Daylight,03 - P.D. only,03 - Rear end,Greenbelt
10672,CARLING AVE btwn DAVIDSON'S SIDE RD & GRANDVIEW RD,354875.3326,5023916.863,-75.860899,45.35340915,2014-10-05,20:54,01 - Clear,01 - Dry,10 - No control,01 - Non intersection,07 - Dark,03 - P.D. only,07 - SMV other,Greenbelt
10673,OR174 IC112 RAMP61 btwn OR174 IC112 RAMP36 & REGIONAL ROAD 174,374927.8815,5032992.972,-75.60370944,45.43335286,2014-11-23,4:07,01 - Clear,02 - Wet,10 - No control,01 - Non intersection,07 - Dark,03 - P.D. only,07 - SMV other,Beacon Hill South - Cardinal Heights
10674,IRIS ST btwn GREENBANK RD & TO BE DETERMINED,360564.0104,5023322.921,-75.78836792,45.34763557,2014-11-23,12:04,01 - Clear,02 - Wet,10 - No control,01 - Non intersection,01 - Daylight,03 - P.D. only,04 - Sideswipe,Iris
10675,ANALDEA DR @ BANK ST,375698.2569,5020812.222,-75.59561362,45.32367886,2014-10-04,16:04,02 - Rain,02 - Wet,01 - Traffic signal,02 - Intersection related,01 - Daylight,03 - P.D. only,03 - Rear end,Greenbelt
10676,LORRY GREENBERG DR btwn HEARTLEAF PRIV & HUNT CLUB RD,372816.6297,5024824.566,-75.63181603,45.36006566,2014-10-08,15:20,01 - Clear,01 - Dry,10 - No control,01 - Non intersection,01 - Daylight,03 - P.D. only,04 - Sideswipe,Greenboro East
10677,CARLING AVE @ CLYDE AVE/COLE AVE,363520.2167,5026851.49,-75.75022618,45.37914395,2014-11-06,11:59,01 - Clear,01 - Dry,01 - Traffic signal,02 - Intersection related,01 - Daylight,03 - P.D. only,04 - Sideswipe,Carlingwood - McKellar Park - Laurentien View
10678,RAVEN AVE @ KIRKWOOD AVE,364690.2242,5026771.649,-75.73529786,45.37832651,2014-11-06,12:55,01 - Clear,01 - Dry,02 - Stop sign,03 - At intersection,01 - Daylight,03 - P.D. only,05 - Turning movement,Carlington
10679,ALTA VISTA DR @ MOUNTBATTEN AVE,370383.71,5028348.658,-75.66239911,45.39200608,2014-11-17,12:20,03 - Snow,03 - Loose snow,02 - Stop sign,02 - Intersection related,01 - Daylight,03 - P.D. only,03 - Rear end,Alta Vista
10680,ORLEANS BLVD @ ST. JOSEPH BLVD,380630.3159,5036980.59,-75.53022314,45.46863526,2014-12-03,12:26,03 - Snow,02 - Wet,01 - Traffic signal,03 - At intersection,01 - Daylight,03 - P.D. only,05 - Turning movement,Industrial Park
10681,HERZBERG RD @ CARLING AVE,352037.1461,5022300.493,-75.89727448,45.3390617,2014-10-08,12:30,01 - Clear,01 - Dry,01 - Traffic signal,03 - At intersection,01 - Daylight,03 - P.D. only,05 - Turning movement,Kanata Lakes - Marchwood Lakeside - Morgan's Grant - Kanata
10682,BOTTRIELL WAY @ MARSALA CRES,383862.2871,5037270.516,-75.48884989,45.47088538,2014-10-08,12:42,01 - Clear,01 - Dry,02 - Stop sign,03 - At intersection,01 - Daylight,03 - P.D. only,02 - Angle,Fallingbrook
10683,KING EDWARD AVE @ LAURIER AVE,368738.7571,5032033.157,-75.68292755,45.42531009,2014-09-23,15:05,01 - Clear,01 - Dry,01 - Traffic signal,02 - Intersection related,01 - Daylight,03 - P.D. only,04 - Sideswipe,Sandy Hill
10684,EDGECOMBE ST @ SMYTH RD,372324.2497,5029270.598,-75.63749214,45.40011689,2014-09-23,15:35,01 - Clear,01 - Dry,02 - Stop sign,03 - At intersection,01 - Daylight,03 - P.D. only,02 - Angle,Elmvale - Eastway - Riverview - Riverview Park West
10685,WESTBROOK RD btwn WILLOWLEA RD & WALGREEN RD,347320.5668,5015048.757,-75.95807527,45.27410985,2014-10-01,23:48,01 - Clear,01 - Dry,10 - No control,01 - Non intersection,07 - Dark,03 - P.D. only,07 - SMV other,Stittsville - Basswood
10686,ELGIN ST @ SLATER ST,367890.2338,5031648.471,-75.693819,45.42192586,2014-10-01,16:35,01 - Clear,01 - Dry,01 - Traffic signal,02 - Intersection related,01 - Daylight,03 - P.D. only,03 - Rear end,Downtown
10687,NAVAN RD btwn DIAMOND WAY & TENTH LINE RD,385653.996,5031858.126,-75.46682834,45.42198469,2014-11-29,7:14,01 - Clear,01 - Dry,10 - No control,01 - Non intersection,01 - Daylight,03 - P.D. only,07 - SMV other,Cumberland
10688,ELMSLEY CRES btwn ASHFORD DR & LAURENTIDE RD (1),358132.055,5020061.43,-75.81975249,45.31847761,2014-11-28,8:00,01 - Clear,01 - Dry,10 - No control,04 - At/near private drive,01 - Daylight,03 - P.D. only,06 - SMV unattended vehicle,Bells Corners East
10689,DALY AVE @ NICHOLAS ST,368226.1652,5032045.133,-75.68947575,45.42546451,2014-09-21,2:53,02 - Rain,02 - Wet,01 - Traffic signal,02 - Intersection related,07 - Dark,03 - P.D. only,01 - Approaching,Byward Market - Parliament Hill
10690,CLEMENTINE BLVD btwn TALBACK PL & BELANGER AVE,369465.5587,5027411.337,-75.67424684,45.38365776,2014-09-06,21:30,01 - Clear,01 - Dry,10 - No control,01 - Non intersection,07 - Dark,03 - P.D. only,06 - SMV unattended vehicle,Alta Vista
10691,VALLEY STREAM DR btwn BASELINE RD & SHADOW CRT,359317.6077,5021773.832,-75.80444339,45.33379482,2014-09-07,21:30,01 - Clear,01 - Dry,10 - No control,01 - Non intersection,07 - Dark,03 - P.D. only,06 - SMV unattended vehicle,Briar Green - Leslie Park
10692,MCRAE AVE btwn SCOTT ST & RICHMOND RD,363464.7405,5028795.438,-75.7507034,45.39663993,2014-11-05,0:00,00 - Unknown,01 - Dry,10 - No control,01 - Non intersection,00 - Unknown,03 - P.D. only,06 - SMV unattended vehicle,Westboro
10693,CHELTONIA WAY @ GOLDRIDGE DR,349741.8573,5019354.471,-75.92682726,45.31270342,2014-01-27,9:30,03 - Snow,03 - Loose snow,02 - Stop sign,03 - At intersection,01 - Daylight,03 - P.D. only,02 - Angle,Kanata Lakes - Marchwood Lakeside - Morgan's Grant - Kanata
10694,CHURCHILL AVE @ RICHMOND RD,363226.272,5028291.603,-75.75380865,45.39212644,2014-10-06,0:46,01 - Clear,01 - Dry,01 - Traffic signal,03 - At intersection,07 - Dark,03 - P.D. only,02 - Angle,Carlingwood - McKellar Park - Laurentien View
10695,KITCHENER AVE @ BANK ST,370540.8761,5025500.572,-75.66077129,45.36636524,2014-11-23,12:11,01 - Clear,02 - Wet,01 - Traffic signal,02 - Intersection related,01 - Daylight,03 - P.D. only,03 - Rear end,Ledbury - Heron Gate - Ridgemont - Elmwood
10696,MCRAE AVE @ SCOTT ST,363455.4824,5028813.353,-75.75081951,45.3968019,2014-11-23,13:30,01 - Clear,01 - Dry,02 - Stop sign,02 - Intersection related,01 - Daylight,03 - P.D. only,03 - Rear end,Westboro
10697,LEITRIM RD @ ALBION RD,373497.1112,5020418.313,-75.62374297,45.32035346,2014-09-04,17:15,01 - Clear,01 - Dry,01 - Traffic signal,02 - Intersection related,01 - Daylight,03 - P.D. only,01 - Approaching,Greenbelt
10698,DUMAURIER AVE @ RICHMOND RD,359628.1393,5023734.564,-75.80026449,45.35141332,2014-10-07,7:09,02 - Rain,02 - Wet,01 - Traffic signal,02 - Intersection related,07 - Dark,03 - P.D. only,03 - Rear end,Whitehaven - Queensway Terrace North
10699,ROCKDALE RD btwn HWY417 IC88 RAMP51 & END,395253.9236,5022222.297,-75.34594698,45.33411775,2014-10-07,7:52,02 - Rain,02 - Wet,10 - No control,04 - At/near private drive,01 - Daylight,03 - P.D. only,03 - Rear end,Navan - Vars
10700,TENTH LINE RD btwn ST. JOSEPH BLVD & OLD TENTH LINE RD,382995.1214,5038455.608,-75.49974997,45.4816454,2014-10-08,7:16,02 - Rain,02 - Wet,10 - No control,01 - Non intersection,01 - Daylight,03 - P.D. only,03 - Rear end,Queenswood Heights
10701,HUNTLEY RD btwn MANSFIELD RD & BROWNLEE RD,353416.728,5008462.253,-75.88102791,45.21444736,2014-10-08,7:51,01 - Clear,02 - Wet,10 - No control,01 - Non intersection,01 - Daylight,03 - P.D. only,01 - Approaching,Munster Hamlet - Richmond
10702,BASELINE RD @ GREENBANK RD,360598.1582,5022584.5,-75.78801547,45.34098856,2014-11-28,13:00,01 - Clear,01 - Dry,01 - Traffic signal,02 - Intersection related,01 - Daylight,03 - P.D. only,03 - Rear end,Qualicum - Redwood Park
10703,REGIONAL ROAD 174 btwn OLD MONTREAL RD & OLD MONTREAL RD,392836.9989,5042738.625,-75.37311006,45.51900671,2014-10-08,16:39,01 - Clear,01 - Dry,10 - No control,01 - Non intersection,01 - Daylight,03 - P.D. only,01 - Approaching,Cumberland - Estates
10704,MONTREAL RD btwn BORTHWICK AVE & CUMMINGS AVE,371951.7157,5034015.271,-75.64160337,45.44284315,2014-10-08,17:32,01 - Clear,02 - Wet,10 - No control,01 - Non intersection,01 - Daylight,03 - P.D. only,04 - Sideswipe,Cummings
10705,BANK ST @ HUNT CLUB RD,371609.2104,5024096.506,-75.64732454,45.35363092,2014-11-06,17:38,01 - Clear,01 - Dry,01 - Traffic signal,02 - Intersection related,07 - Dark,03 - P.D. only,03 - Rear end,South Keys - Heron Gate - Greenboro West
10706,SLACK RD btwn VAAN DR & GRENFELL CRES,364963.1301,5020381.746,-75.73259099,45.32080765,2014-11-10,15:20,01 - Clear,01 - Dry,10 - No control,01 - Non intersection,01 - Daylight,03 - P.D. only,03 - Rear end,Merivale Gardens - Grenfell Glen - Pineglen - Country Place
10707,BANK ST @ CHAMBERLAIN AVE N/ISABELLA ST,368081.2903,5030165.614,-75.69156829,45.40856634,2014-10-08,13:59,01 - Clear,01 - Dry,01 - Traffic signal,02 - Intersection related,01 - Daylight,03 - P.D. only,04 - Sideswipe,The Glebe
10708,WOODROFFE AVE @ FIRESTATION,362494.0972,5023912.251,-75.76367038,45.35278221,2014-10-08,14:51,01 - Clear,01 - Dry,01 - Traffic signal,02 - Intersection related,01 - Daylight,03 - P.D. only,03 - Rear end,Iris
10709,PRINCE OF WALES DR btwn BARNSDALE RD & JOCKVALE RD,366651.9095,5011647.105,-75.71214042,45.24206723,2014-10-02,8:57,01 - Clear,01 - Dry,10 - No control,01 - Non intersection,01 - Daylight,03 - P.D. only,03 - Rear end,New Barrhaven
10710,JOCKVALE RD @ CAMBRIAN RD/GOLFLINKS DR W,365382.2169,5013223.417,-75.72811997,45.25636132,2014-10-02,12:11,01 - Clear,01 - Dry,11 - Roundabout,02 - Intersection related,01 - Daylight,03 - P.D. only,03 - Rear end,New Barrhaven
10711,INNES RD @ TRIM RD,386566.2982,5037272.608,-75.45427288,45.47059286,2014-11-29,10:10,01 - Clear,01 - Dry,01 - Traffic signal,03 - At intersection,01 - Daylight,03 - P.D. only,02 - Angle,Cardinal Creek
10712,RAFTUS SQ btwn PHEASANT RUN DR & OTTEN DR,361775.1518,5015452.9,-75.77381814,45.27672372,2014-11-06,10:00,01 - Clear,01 - Dry,10 - No control,04 - At/near private drive,01 - Daylight,03 - P.D. only,06 - SMV unattended vehicle,Barrhaven West - Old Barrhaven
10713,DES PERDRIX CRES btwn SUNVIEW DR & SUNVIEW DR,382110.4608,5036225.731,-75.51141544,45.46168141,2014-11-07,19:30,01 - Clear,01 - Dry,10 - No control,01 - Non intersection,07 - Dark,03 - P.D. only,06 - SMV unattended vehicle,Queenswood Heights
10714,BERRIGAN DR @ CROXLEY WAY,364419.4521,5015713.067,-75.74008663,45.27884546,2014-01-30,9:06,01 - Clear,04 - Slush,02 - Stop sign,03 - At intersection,01 - Daylight,03 - P.D. only,02 - Angle,New Barrhaven
10715,EARLSCOURT CRES @ GOUGH RD E,373781.3077,5010940.634,-75.62143544,45.23504804,2014-02-01,10:45,01 - Clear,03 - Loose snow,02 - Stop sign,02 - Intersection related,01 - Daylight,03 - P.D. only,07 - SMV other,Manotick
10716,GREENLAND RD btwn DAVID KENNEDY DR & THOMAS A. DOLAN PKWY,344352.3777,5033337.683,-75.99443998,45.43885254,2014-10-06,6:35,01 - Clear,01 - Dry,10 - No control,01 - Non intersection,07 - Dark,03 - P.D. only,07 - SMV other,Car
10717,FLEWELLYN RD btwn FAULKNER TR & EAGLESON RD,354955.9302,5013918.655,-75.86088229,45.26343775,2014-12-01,6:58,01 - Clear,01 - Dry,10 - No control,01 - Non intersection,03 - Dawn,03 - P.D. only,07 - SMV other,Stittsville - Basswood
10718,BAYSHORE DR @ BAYSHORE CS,359144.1541,5023739.057,-75.80644032,45.35149142,2014-09-13,15:10,02 - Rain,02 - Wet,01 - Traffic signal,02 - Intersection related,01 - Daylight,03 - P.D. only,02 - Angle,Bayshore
10719,MARCH RD btwn CORKSTOWN RD & HWY417 IC138 RAMP62,352662.8264,5020872.112,-75.88942965,45.32616645,2014-10-07,8:53,02 - Rain,02 - Wet,10 - No control,01 - Non intersection,01 - Daylight,03 - P.D. only,03 - Rear end,Greenbelt
10720,PRINCE OF WALES DR @ STRANDHERD DR,367174.8159,5014824.191,-75.70508159,45.27060836,2014-10-03,6:30,01 - Clear,01 - Dry,01 - Traffic signal,02 - Intersection related,03 - Dawn,03 - P.D. only,03 - Rear end,Greenbelt
10721,BASELINE RD btwn 207 E OF CLYDE AVE & LOBLAWS SC,364601.0673,5025040.251,-75.73664575,45.36275529,2014-10-10,17:20,01 - Clear,01 - Dry,10 - No control,01 - Non intersection,01 - Daylight,03 - P.D. only,04 - Sideswipe,Civic Hospital - Experimental Farm - Central Park
10722,BANKFIELD RD @ PRINCE OF WALES DR,366378.2681,5008976.334,-75.71595618,45.21805957,2014-12-02,11:16,01 - Clear,01 - Dry,01 - Traffic signal,02 - Intersection related,01 - Daylight,03 - P.D. only,03 - Rear end,Manotick
10723,BRONSON AVE btwn PLYMOUTH ST & RENFREW AVE,367323.9166,5029631.229,-75.70131071,45.40382617,2014-12-02,11:22,01 - Clear,01 - Dry,10 - No control,01 - Non intersection,01 - Daylight,03 - P.D. only,04 - Sideswipe,The Glebe
10724,METCALFE ST @ LAURIER AVE,367793.1833,5031451.576,-75.69508418,45.42016301,2014-10-08,17:36,01 - Clear,01 - Dry,01 - Traffic signal,02 - Intersection related,01 - Daylight,03 - P.D. only,99 - Other,Downtown
10725,BRONSON AVE btwn BREWER WAY & RIVERSIDE DR RAMPS 34B & 42A-3,368150.2793,5027684.919,-75.69100561,45.38623955,2014-10-08,17:58,02 - Rain,02 - Wet,10 - No control,01 - Non intersection,01 - Daylight,03 - P.D. only,03 - Rear end,Carleton University
10726,INDUSTRIAL AVE @ ALTA VISTA DR/SANDFORD FLEMIN,370883.302,5030559.466,-75.65572303,45.41185111,2014-11-11,14:37,01 - Clear,01 - Dry,01 - Traffic signal,03 - At intersection,01 - Daylight,03 - P.D. only,05 - Turning movement,Industrial Park
10727,NIXON DR btwn SNAKE ISLAND RD & CABIN RD,373892.0812,5001739.141,-75.62129988,45.15224345,2014-12-02,21:45,03 - Snow,03 - Loose snow,10 - No control,01 - Non intersection,07 - Dark,03 - P.D. only,07 - SMV other,Kars - Osgoode
10728,HUNT CLUB RD @ RIVERSIDE DR,368037.1769,5021945.499,-75.69318415,45.33460784,2014-10-07,16:20,01 - Clear,01 - Dry,01 - Traffic signal,02 - Intersection related,01 - Daylight,03 - P.D. only,03 - Rear end,Hunt Club Woods - Quintarra - Revelstoke - Riverside South P
10729,AVIATION PKWY @ OGILVIE RD,373109.2924,5032375.638,-75.62703535,45.42797841,2014-10-08,16:08,01 - Clear,01 - Dry,01 - Traffic signal,02 - Intersection related,01 - Daylight,03 - P.D. only,03 - Rear end,Industrial Park
10730,BELFAST RD btwn TRAINYARDS DR & ST. LAURENT BLVD,372785.3687,5030550.126,-75.63142638,45.41158488,2014-09-29,11:46,01 - Clear,01 - Dry,10 - No control,01 - Non intersection,01 - Daylight,03 - P.D. only,04 - Sideswipe,Industrial Park
10731,MARCH RD @ SOLANDT RD,350488.6584,5022708.127,-75.91699382,45.34283223,2014-10-02,12:19,01 - Clear,01 - Dry,01 - Traffic signal,03 - At intersection,01 - Daylight,03 - P.D. only,02 - Angle,South March
10732,RIVERSIDE DR NB btwn INDUSTRIAL AVE & TREMBLAY RD,370701.3063,5030640.895,-75.65803706,45.41260094,2014-10-02,13:33,01 - Clear,01 - Dry,10 - No control,01 - Non intersection,01 - Daylight,03 - P.D. only,04 - Sideswipe,Industrial Park
10733,ANDERSON RD/WEIR RD @ RENAUD RD,377768.222,5031504.509,-75.56763287,45.41967003,2014-11-28,23:30,01 - Clear,01 - Dry,02 - Stop sign,02 - Intersection related,07 - Dark,03 - P.D. only,07 - SMV other,Greenbelt
10734,MARKWICK CRES btwn LUCILLE WAY & JANET WAY,385902.9496,5036927.294,-75.46281217,45.46756341,2014-11-29,8:30,01 - Clear,01 - Dry,10 - No control,04 - At/near private drive,01 - Daylight,03 - P.D. only,06 - SMV unattended vehicle,Notting Hill
10735,TERRY FOX DR btwn HWY417 IC140 RAMP16 & HWY417 IC140 RAMP35,350950.7607,5018548.6,-75.91148519,45.30537357,2014-09-23,14:15,01 - Clear,01 - Dry,10 - No control,01 - Non intersection,01 - Daylight,03 - P.D. only,03 - Rear end,Katimavik - Hazeldean
10736,ELGIN ST NB @ WELLINGTON ST/RIDEAU ST,367802.6185,5031965.729,-75.69489788,45.42478834,2014-09-23,15:30,01 - Clear,01 - Dry,01 - Traffic signal,02 - Intersection related,01 - Daylight,03 - P.D. only,04 - Sideswipe,Byward Market - Parliament Hill
10737,LAURIER AVE   W btwn KENT ST & BANK ST,367399.1156,5031211.779,-75.70014948,45.41804076,2014-09-30,17:42,01 - Clear,01 - Dry,10 - No control,04 - At/near private drive,01 - Daylight,03 - P.D. only,02 - Angle,Downtown
10738,O'CONNOR ST btwn SOMERSET ST W & MACLAREN ST,367880.2836,5030970.909,-75.69403287,45.41583027,2014-10-01,10:30,01 - Clear,01 - Dry,10 - No control,01 - Non intersection,01 - Daylight,03 - P.D. only,04 - Sideswipe,Centretown
10739,OR174 IC109 RAMP56 @ REGIONAL RD 174,376310.4258,5034669.139,-75.58579811,45.44829397,2014-02-01,16:09,03 - Snow,03 - Loose snow,10 - No control,02 - Intersection related,01 - Daylight,03 - P.D. only,07 - SMV other,Greenbelt
10740,BOAKE ST @ LEJEUNE DR N,384957.9487,5036875.796,-75.47490379,45.46720917,2014-02-08,10:37,01 - Clear,05 - Packed snow,03 - Yield sign,03 - At intersection,01 - Daylight,03 - P.D. only,02 - Angle,Fallingbrook
10741,NORICE ST @ WOODROFFE AVE,363194.2101,5022396.544,-75.75491478,45.33908606,2014-10-06,7:56,01 - Clear,01 - Dry,01 - Traffic signal,02 - Intersection related,01 - Daylight,03 - P.D. only,03 - Rear end,Tanglewood