Record,Location,X,Y,lon,lat,Date,Time,Environment,Road_Surface,Traffic_Control,Collision_Location,Light,Collision_Classification,Impact_type,Neighborhood
10742,BASELINE RD @ GREENBANK RD,360597.6843,5022585.261,-75.78802143,45.34099544,2014-12-01,8:51,01 - Clear,01 - Dry,01 - Traffic signal,02 - Intersection related,01 - Daylight,03 - P.D. only,03 - Rear end,Qualicum - Redwood Park
10743,BANK ST @ STRATHCONA AVE,368138.7099,5030029.507,-75.6908523,45.4073365,2014-12-01,8:58,01 - Clear,01 - Dry,01 - Traffic signal,02 - Intersection related,01 - Daylight,03 - P.D. only,04 - Sideswipe,The Glebe
10744,OGILVIE RD btwn BEAULIEU PL & AVIATION PKWY,373080.8564,5032359.524,-75.62740095,45.4278362,2014-09-28,11:30,01 - Clear,01 - Dry,10 - No control,01 - Non intersection,01 - Daylight,03 - P.D. only,07 - SMV other,Industrial Park
10745,ALBION RD @ WYLDEWOOD ST,372293.2105,5023293.509,-75.63870534,45.34634033,2014-10-07,9:10,02 - Rain,02 - Wet,02 - Stop sign,02 - Intersection related,01 - Daylight,03 - P.D. only,03 - Rear end,Blossom Park - Blossom Park West - Sawmill Creek/ Timbermill
10746,RIVER RD btwn KILBY LANE & WATERFRONT CRT,372309.879,5007394.035,-75.64065468,45.20327884,2014-10-14,21:41,01 - Clear,02 - Wet,10 - No control,01 - Non intersection,07 - Dark,03 - P.D. only,01 - Approaching,Manotick
10747,WOODROFFE AVE btwn PINELAND AVE & SLACK RD,364223.7309,5020006.706,-75.74206654,45.31749605,2014-10-21,15:00,01 - Clear,01 - Dry,10 - No control,01 - Non intersection,01 - Daylight,03 - P.D. only,04 - Sideswipe,Merivale Gardens - Grenfell Glen - Pineglen - Country Place
10748,EAGLESON RD @ MICHAEL COWPLAND DR/STONEHAVEN D,354381.2042,5016623.444,-75.86793522,45.28781684,2014-12-02,11:29,01 - Clear,01 - Dry,01 - Traffic signal,02 - Intersection related,01 - Daylight,03 - P.D. only,03 - Rear end,Glen Cairn - Kanata South Business Park
10749,EDITH AVE @ QUEEN MARY ST,370932.2469,5032020.686,-75.65490166,45.42499394,2014-12-02,11:32,01 - Clear,01 - Dry,02 - Stop sign,03 - At intersection,01 - Daylight,03 - P.D. only,02 - Angle,Overbrook
10750,DUROCHER ST @ MONTREAL RD,370136.7085,5033103.011,-75.66492309,45.43480701,2014-10-08,18:45,01 - Clear,02 - Wet,02 - Stop sign,03 - At intersection,07 - Dark,03 - P.D. only,02 - Angle,Vanier
10751,SMYTH RD/OTHELLO AVE @ RUSSELL RD W,373254.3143,5029373.546,-75.62559923,45.40095285,2014-11-11,9:00,01 - Clear,01 - Dry,01 - Traffic signal,02 - Intersection related,01 - Daylight,03 - P.D. only,03 - Rear end,Elmvale - Eastway - Riverview - Riverview Park West
10752,O'CONNOR ST btwn ARGYLE AVE & CATHERINE ST,368191.3985,5030473.447,-75.69012219,45.41132616,2014-09-17,9:01,01 - Clear,01 - Dry,10 - No control,01 - Non intersection,01 - Daylight,03 - P.D. only,03 - Rear end,Centretown
10753,PARKDALE AVE @ GLADSTONE AVE,365215.2799,5029119.509,-75.72830692,45.39940699,2014-09-18,9:39,01 - Clear,01 - Dry,01 - Traffic signal,03 - At intersection,01 - Daylight,03 - P.D. only,03 - Rear end,Civi
10754,HAZEL ST @ MAIN ST,369167.1883,5030173.553,-75.6776961,45.40853875,2014-10-08,16:27,01 - Clear,01 - Dry,01 - Traffic signal,03 - At intersection,01 - Daylight,03 - P.D. only,03 - Rear end,Old Ottawa East
10755,INNES RD @ TENTH LINE RD,383951.2864,5036158.613,-75.48789089,45.46087141,2014-09-29,18:36,01 - Clear,01 - Dry,01 - Traffic signal,02 - Intersection related,01 - Daylight,03 - P.D. only,03 - Rear end,Queenswood Heights
10756,Caldermill Priv btwn Callisto Way and Callisto Way,365001.962,5013032.482,-75.73298751,45.25467592,2014-08-16,11:48,01 - Clear,01 - Dry,10 - No control,01 - Non intersection,01 - Daylight,03 - P.D. only,06 - SMV unattended vehicle,New Barrhaven
10757,ELGIN ST btwn WAVERLEY ST & FRANK ST,368328.6072,5030931.715,-75.68831034,45.41543706,2014-11-29,14:58,01 - Clear,01 - Dry,10 - No control,01 - Non intersection,01 - Daylight,03 - P.D. only,99 - Other,Centretown
10758,CAMPEAU DR @ HERLIHEY WAY,350509.0588,5019177.484,-75.91705948,45.31106132,2014-11-28,17:20,01 - Clear,01 - Dry,01 - Traffic signal,02 - Intersection related,07 - Dark,03 - P.D. only,04 - Sideswipe,Kanata
10759,BANK ST btwn CHAMBERLAIN AVE N/ISABELLA ST & CHAMBERLAIN AVE S,368089.8211,5030149.501,-75.69146138,45.40842059,2014-09-24,13:30,01 - Clear,01 - Dry,10 - No control,01 - Non intersection,01 - Daylight,03 - P.D. only,04 - Sideswipe,The Glebe
10760,GREENBANK RD @ BERRIGAN DR/WESSEX RD,363725.1035,5015275.477,-75.74898802,45.27496655,2014-09-25,8:10,01 - Clear,01 - Dry,01 - Traffic signal,02 - Intersection related,01 - Daylight,03 - P.D. only,03 - Rear end,New Barrhaven
10761,BROOKFIELD RD btwn RIVERSIDE DR/HOG'S BACK RD & 200 W OF FLANNERY DR,368305.5043,5026233.281,-75.68921027,45.37316406,2014-10-01,16:37,01 - Clear,01 - Dry,10 - No control,04 - At/near private drive,01 - Daylight,03 - P.D. only,05 - Turning movement,Riverside Park
10762,EDITH AVE/POMMIERS PRIV @ PRINCE ALBERT ST,370939.9389,5031951.254,-75.6548127,45.42436849,2014-02-10,11:24,01 - Clear,03 - Loose snow,02 - Stop sign,03 - At intersection,01 - Daylight,03 - P.D. only,02 - Angle,Overbrook
10763,RIVERSIDE DR @ BROOKFIELD RD/HOG'S BACK RD,368167.8295,5026221.574,-75.69096932,45.37307119,2014-07-28,21:00,01 - Clear,01 - Dry,01 - Traffic signal,02 - Intersection related,05 - Dusk,03 - P.D. only,99 - Other,Riverside Park
10764,ST. LAURENT BLVD btwn MCARTHUR AVE & DONALD ST,372079.9688,5032515.239,-75.64016911,45.42933425,2014-10-04,8:15,02 - Rain,02 - Wet,10 - No control,01 - Non intersection,01 - Daylight,03 - P.D. only,03 - Rear end,Castl
10765,PALLADIUM DR @ SILVER SEVEN RD,351050.1859,5017886.499,-75.91027916,45.29940926,2014-10-06,10:21,01 - Clear,01 - Dry,01 - Traffic signal,03 - At intersection,01 - Daylight,03 - P.D. only,02 - Angle,Katimavik - Hazeldean
10766,OAKFERN CRES btwn CASTLEFIELD AVE & CARBERY DR,350582.1123,5013703.489,-75.91663296,45.26179988,2014-12-01,9:10,01 - Clear,01 - Dry,10 - No control,01 - Non intersection,01 - Daylight,03 - P.D. only,01 - Approaching,Stittsville
10767,RIDGEWOOD AVE @ RIVERSIDE DR,368281.1786,5025609.532,-75.68960097,45.36755394,2014-12-01,10:20,01 - Clear,01 - Dry,01 - Traffic signal,02 - Intersection related,01 - Daylight,03 - P.D. only,03 - Rear end,Riverside Park
10768,MEADOWLANDS DR @ MERIVALE RD,364860.1217,5023724.563,-75.7334991,45.35089477,2014-09-26,12:00,01 - Clear,01 - Dry,01 - Traffic signal,02 - Intersection related,01 - Daylight,03 - P.D. only,03 - Rear end,Cityview - Skyline - Fisher Heights
10769,WEST HUNT CLUB RD btwn MOODIE DR & RICHMOND RD,357200.1497,5018149.619,-75.83184023,45.30134507,2014-10-06,12:50,02 - Rain,02 - Wet,10 - No control,01 - Non intersection,01 - Daylight,03 - P.D. only,01 - Approaching,Greenbelt
10770,NAVAHO DR btwn BASELINE RD & NAVAHO DR,363095.6433,5024079.497,-75.75597399,45.35423733,2014-10-07,9:40,02 - Rain,02 - Wet,10 - No control,01 - Non intersection,01 - Daylight,03 - P.D. only,03 - Rear end,Crestview - Meadowlands
10771,WOODROFFE AVE btwn GEORGINA DR & HWY417 IC127 RAMP36,362023.0709,5025088.034,-75.76954532,45.36340042,2014-12-02,12:57,01 - Clear,01 - Dry,10 - No control,01 - Non intersection,01 - Daylight,03 - P.D. only,03 - Rear end,Whitehaven - Queensway Terrace North
10772,INDUSTRIAL AVE @ ALTA VISTA DR/SANDFORD FLEMIN,370884.2499,5030555.674,-75.65571143,45.4118169,2014-11-14,12:55,01 - Clear,01 - Dry,01 - Traffic signal,02 - Intersection related,01 - Daylight,03 - P.D. only,03 - Rear end,Industrial Park
10773,MERIVALE RD @ WEST HUNT CLUB RD,365611.2734,5021942.498,-75.72413267,45.33479527,2014-11-18,9:50,01 - Clear,01 - Dry,01 - Traffic signal,02 - Intersection related,01 - Daylight,03 - P.D. only,03 - Rear end,Tanglewood
10774,NAVY PRIV @ PRINCE OF WALES DR,366840.8572,5028680.026,-75.70760043,45.39531048,2014-10-09,8:11,01 - Clear,01 - Dry,02 - Stop sign,03 - At intersection,01 - Daylight,03 - P.D. only,05 - Turning movement,The Glebe
10775,MONTREAL RD btwn PALACE ST & VANIER PKWY,370000.198,5033025.782,-75.66667789,45.43412488,2014-10-08,6:55,02 - Rain,02 - Wet,10 - No control,04 - At/near private drive,03 - Dawn,03 - P.D. only,03 - Rear end,Vanier South
10776,BAYCREST DR @ WALKLEY RD,371423.1524,5026589.579,-75.64936277,45.37608044,2014-09-29,17:00,01 - Clear,01 - Dry,01 - Traffic signal,02 - Intersection related,01 - Daylight,03 - P.D. only,03 - Rear end,Ledbury - Heron Gate - Ridgemont - Elmwood
10777,CARLING AVE btwn DEFENSE  RESEARCH COMPLEX & RIFLE RD,353869.3109,5023301.231,-75.87379896,45.34794073,2014-09-29,19:10,01 - Clear,01 - Dry,10 - No control,01 - Non intersection,05 - Dusk,03 - P.D. only,07 - SMV other,Greenbelt
10778,HUNTER'S GLEN CRES btwn STREAMWOOD LANE & LORRY GREENBERG DR,372634.3599,5024974.281,-75.63412175,45.3614304,2014-10-02,22:18,01 - Clear,01 - Dry,10 - No control,01 - Non intersection,07 - Dark,03 - P.D. only,06 - SMV unattended vehicle,Greenboro East
10779,BLAIR RD @ INNES RD,375576.3652,5031439.555,-75.59564556,45.41931077,2014-11-29,15:00,01 - Clear,01 - Dry,01 - Traffic signal,02 - Intersection related,01 - Daylight,03 - P.D. only,03 - Rear end,Greenbelt
10780,MAJESTIC DR @ WOODROFFE AVE,363528.1673,5021569.597,-75.75075213,45.33161737,2014-09-26,16:25,01 - Clear,01 - Dry,01 - Traffic signal,03 - At intersection,01 - Daylight,03 - P.D. only,05 - Turning movement,Woodvale - Craig Henry - Manordale - Estates of Arlington Wo
10781,OR174 IC112 RAMP36 btwn REGIONAL ROAD 174 & BLAIR RD,374692.8104,5032843.209,-75.60673473,45.43202891,2014-09-26,19:50,01 - Clear,01 - Dry,10 - No control,01 - Non intersection,07 - Dark,03 - P.D. only,07 - SMV other,Industrial Park
10782,EDGEWOOD AVE btwn RICHMOND RD & LINCOLN AVE,363405.6399,5028378.855,-75.75150768,45.39289654,2014-09-22,14:30,01 - Clear,01 - Dry,10 - No control,04 - At/near private drive,01 - Daylight,03 - P.D. only,02 - Angle,Westboro
10783,NICHOLAS ST NB btwn NICHOLAS ST NB OFF RAMP TO NICHOLAS ST SB & MACKEN,368372.212,5031966.571,-75.68761974,45.42474438,2014-10-02,10:13,01 - Clear,01 - Dry,10 - No control,04 - At/near private drive,01 - Daylight,03 - P.D. only,02 - Angle,Sandy Hill
10784,HERON RD EB btwn BRONSON AVE RAMP 35 & BRONSON AVE RAMP 52,368676.4697,5026693.863,-75.68441498,45.37727453,2014-08-22,0:28,02 - Rain,02 - Wet,10 - No control,01 - Non intersection,07 - Dark,03 - P.D. only,07 - SMV other,Riverside Park
10785,RICHMOND RD btwn HWY417 IC130 RAMP35 & HWY417 IC130 RAMP26,359231.4518,5023126.353,-75.80539372,45.34597153,2014-11-03,7:33,01 - Clear,01 - Dry,10 - No control,01 - Non intersection,01 - Daylight,03 - P.D. only,04 - Sideswipe,Bayshore
10786,Callisto Way btwn Triton Pl and Half Moon Bay Rd,364845.3656,5013283.698,-75.73495211,45.25694975,2014-06-07,17:32,01 - Clear,01 - Dry,10 - No control,01 - Non intersection,01 - Daylight,03 - P.D. only,06 - SMV unattended vehicle,New Barrhaven
10787,MONTREAL RD/HANNAH ST @ CODY AVE,370256.139,5033169.592,-75.66338794,45.43539491,2014-12-01,10:30,01 - Clear,01 - Dry,01 - Traffic signal,02 - Intersection related,01 - Daylight,03 - P.D. only,03 - Rear end,Vanier
10788,INDUSTRIAL AVE btwn RUSSELL RD & ST. LAURENT BLVD,372559.0935,5030233.108,-75.63436049,45.40875444,2014-10-06,12:57,02 - Rain,02 - Wet,10 - No control,01 - Non intersection,01 - Daylight,03 - P.D. only,03 - Rear end,Industrial Park
10789,MONTREAL RD btwn ST. LAURENT BLVD & HILLSIDE DR,371614.8591,5033849.66,-75.64593139,45.44138534,2014-10-06,14:00,02 - Rain,02 - Wet,10 - No control,04 - At/near private drive,01 - Daylight,03 - P.D. only,02 - Angle,Cummings
10790,THORNDALE DR @ WALKLEY RD,369464.3024,5025430.577,-75.67452222,45.36583559,2014-10-07,11:32,01 - Clear,02 - Wet,02 - Stop sign,02 - Intersection related,01 - Daylight,03 - P.D. only,06 - SMV unattended vehicle,Riverside Park
10791,RICHMOND RD btwn WEST HUNT CLUB RD & STONEHAVEN DR,357123.7279,5018056.965,-75.83282441,45.30051706,2014-10-07,6:50,02 - Rain,02 - Wet,10 - No control,01 - Non intersection,07 - Dark,03 - P.D. only,03 - Rear end,Greenbelt
10792,NEPEAN ST btwn KENT ST & BANK ST,367425.076,5031046.961,-75.69983875,45.41655546,2014-11-03,14:35,01 - Clear,01 - Dry,10 - No control,01 - Non intersection,01 - Daylight,03 - P.D. only,06 - SMV unattended vehicle,Centretown
10793,PARKDALE AVE @ SCOTT ST,364951.1254,5029723.716,-75.731607,45.40486626,2014-11-04,19:01,02 - Rain,02 - Wet,01 - Traffic signal,02 - Intersection related,07 - Dark,03 - P.D. only,03 - Rear end,Islan
10794,BAY ST @ LAURIER AVE,367033.2836,5030997.573,-75.70485044,45.41614603,2014-12-01,22:00,01 - Clear,01 - Dry,01 - Traffic signal,02 - Intersection related,07 - Dark,03 - P.D. only,03 - Rear end,Downtown
10795,ABERDEEN ST @ PRESTON ST,366650.2729,5029341.563,-75.70995143,45.40127968,2014-12-02,13:37,01 - Clear,01 - Dry,02 - Stop sign,03 - At intersection,01 - Daylight,03 - P.D. only,02 - Angle,Little Italy
10796,BRADFORD ST @ ROWATT ST,359578.3362,5025832.733,-75.80066749,45.3702965,2014-10-09,13:03,01 - Clear,02 - Wet,02 - Stop sign,02 - Intersection related,01 - Daylight,03 - P.D. only,02 - Angle,Crystal Bay - Lakeview Park - Britannia Village
10797,CAMPEAU DR @ TERRY FOX DR,350455.1268,5019009.507,-75.91776273,45.30955333,2014-11-29,17:30,01 - Clear,01 - Dry,01 - Traffic signal,02 - Intersection related,07 - Dark,03 - P.D. only,03 - Rear end,Kanata Lakes - Marchwood Lakeside - Morgan's Grant - Kanata
10798,HOLLY ACRES RD @ CARLING AVE,358234.1824,5023497.518,-75.81807898,45.34938797,2014-09-30,17:11,01 - Clear,01 - Dry,01 - Traffic signal,02 - Intersection related,01 - Daylight,03 - P.D. only,03 - Rear end,Crystal Bay - Lakeview Park - Britannia Village
10799,RIVERSIDE DR SB btwn NEIL WAY & 82 E OF BILLINGS AVE/RIVERSIDE HOSPITA,369464.1045,5028311.508,-75.67414746,45.39175734,2014-10-09,8:33,02 - Rain,02 - Wet,10 - No control,01 - Non intersection,01 - Daylight,03 - P.D. only,03 - Rear end,Alta Vista
10800,RIOCAN AVE btwn STRANDHERD DR & MARKETPLACE AVE,364263.9337,5014806.13,-75.74217734,45.27069801,2014-10-04,15:02,02 - Rain,02 - Wet,10 - No control,04 - At/near private drive,01 - Daylight,03 - P.D. only,02 - Angle,New Barrhaven
10801,CARLING AVE @ PINECREST  RD/GREENVIEW AVE,360006.2018,5024632.528,-75.79533962,45.35946352,2014-10-06,9:35,01 - Clear,01 - Dry,01 - Traffic signal,02 - Intersection related,01 - Daylight,03 - P.D. only,03 - Rear end,Whitehaven - Queensway Terrace North
10802,MERIVALE RD @ FAMILY BROWN LANE,365004.4852,5023383.772,-75.73169835,45.347816,2014-11-29,15:38,01 - Clear,01 - Dry,01 - Traffic signal,02 - Intersection related,01 - Daylight,03 - P.D. only,03 - Rear end,Borden Farm - Stewart Farm - Parkwood Hills - Fisher Glen
10803,Maloja Way btwn Campobello Dr and Milbank Ln,349753.2739,5016594.278,-75.92693193,45.28786564,2014-08-22,19:10,01 - Clear,01 - Dry,10 - No control,01 - Non intersection,01 - Daylight,03 - P.D. only,06 - SMV unattended vehicle,Stittsville
10804,ELGIN ST @ SOMERSET ST,368165.1825,5031199.52,-75.69036373,45.4178615,2014-09-27,2:15,01 - Clear,01 - Dry,01 - Traffic signal,02 - Intersection related,07 - Dark,03 - P.D. only,03 - Rear end,Centretown
10805,GREENBANK RD btwn LARKIN DR & MALVERN DR,363198.0049,5016457.164,-75.75556638,45.28564337,2014-09-27,13:45,01 - Clear,01 - Dry,10 - No control,01 - Non intersection,01 - Daylight,03 - P.D. only,03 - Rear end,Barrhaven West - Old Barrhaven
10806,HERON RD @ WALKLEY RD,372266.7012,5027084.402,-75.63852603,45.38045195,2014-10-02,18:13,01 - Clear,01 - Dry,01 - Traffic signal,02 - Intersection related,07 - Dark,03 - P.D. only,03 - Rear end,Ledbury - Heron Gate - Ridgemont - Elmwood
10807,GLADSTONE AVE @ KENT ST,367743.2824,5030460.518,-75.69584832,45.41125028,2014-09-12,12:05,01 - Clear,01 - Dry,01 - Traffic signal,03 - At intersection,01 - Daylight,03 - P.D. only,04 - Sideswipe,Centretown
10808,HAZELDEAN RD btwn KITTIWAKE DR & CARP RD,348653.6402,5014126.308,-75.9411675,45.26572743,2014-10-03,13:25,01 - Clear,01 - Dry,10 - No control,04 - At/near private drive,01 - Daylight,03 - P.D. only,99 - Other,Stittsville
10809,COLONNADE RD @ PRINCE OF WALES DR,367395.1855,5023265.568,-75.70120723,45.34654314,2014-12-01,11:47,01 - Clear,01 - Dry,01 - Traffic signal,02 - Intersection related,01 - Daylight,03 - P.D. only,03 - Rear end,Industrial Park
10810,RICHMOND RD btwn PERTH ST & CAMBRIAN RD,359033.9298,5008603.335,-75.80950114,45.21530689,2014-11-30,23:30,02 - Rain,02 - Wet,10 - No control,01 - Non intersection,07 - Dark,03 - P.D. only,07 - SMV other,Munster Hamlet - Richmond
10811,MARCH RD @ TERRY FOX DR,349862.2389,5023402.353,-75.92492354,45.34911955,2014-10-06,9:10,01 - Clear,01 - Dry,01 - Traffic signal,02 - Intersection related,01 - Daylight,03 - P.D. only,03 - Rear end,South March
10812,BASELINE RD @ CENTREPOINTE DR E/HIGHGATE RD,362060.2648,5023465.505,-75.76925851,45.34879798,2014-10-06,13:15,02 - Rain,02 - Wet,01 - Traffic signal,02 - Intersection related,01 - Daylight,03 - P.D. only,04 - Sideswipe,Iris
10813,LYON ST @ WELLINGTON ST,366933.8492,5031426.166,-75.70606674,45.42001122,2014-10-07,11:15,01 - Clear,01 - Dry,01 - Traffic signal,03 - At intersection,01 - Daylight,03 - P.D. only,04 - Sideswipe,Downtown
10814,BANK ST btwn WALKLEY RD & SURREY AVE,370344.961,5025928.778,-75.6632152,45.37023645,2014-10-07,12:18,01 - Clear,01 - Dry,10 - No control,04 - At/near private drive,01 - Daylight,03 - P.D. only,02 - Angle,Ledbury - Heron Gate - Ridgemont - Elmwood
10815,WEST HUNT CLUB RD btwn PRINCE OF WALES DR & TURN LANE,367513.2127,5021888.66,-75.69987573,45.33414344,2014-11-05,18:47,01 - Clear,01 - Dry,10 - No control,01 - Non intersection,07 - Dark,03 - P.D. only,03 - Rear end,Industrial Park
10816,ALTA VISTA DR @ BANK ST,370246.6473,5026201.687,-75.66443404,45.37270119,2014-11-23,3:57,01 - Clear,02 - Wet,01 - Traffic signal,03 - At intersection,07 - Dark,03 - P.D. only,07 - SMV other,Ledbury - Heron Gate - Ridgemont - Elmwood
10817,ALBION RD btwn DEL ZOTTO AVE & HIGH RD,373860.7776,5019536.807,-75.61922771,45.31238629,2014-12-02,15:49,01 - Clear,01 - Dry,10 - No control,01 - Non intersection,01 - Daylight,03 - P.D. only,07 - SMV other,Greenbelt
10818,INDUSTRIAL AVE/INNES RD @ ST. LAURENT BLVD,373098.3056,5030004.619,-75.62750437,45.40664619,2014-10-09,16:10,02 - Rain,02 - Wet,01 - Traffic signal,02 - Intersection related,01 - Daylight,03 - P.D. only,03 - Rear end,Industrial Park
10819,HAWTHORNE RD btwn LEITRIM RD & LOUISEIZE RD,377232.7059,5022258.317,-75.57583095,45.33653349,2014-11-28,11:39,01 - Clear,01 - Dry,10 - No control,01 - Non intersection,01 - Daylight,03 - P.D. only,07 - SMV other,Greenbelt
10820,EAGLESON RD @ 146 N OF ABBEYHILL DR/HAZELDEAN ,353773.7654,5018171.107,-75.87552559,45.30178565,2014-12-02,17:22,01 - Clear,01 - Dry,01 - Traffic signal,03 - At intersection,07 - Dark,03 - P.D. only,05 - Turning movement,Glen Cairn - Kanata South Business Park
10821,BASELINE RD @ NAVAHO DR,363085.2168,5024098.454,-75.75610481,45.35440877,2014-10-01,7:35,01 - Clear,01 - Dry,01 - Traffic signal,02 - Intersection related,01 - Daylight,03 - P.D. only,05 - Turning movement,Braemar Park - Bel Air Heights - Copeland Park
10822,STRANDHERD @ KENNEVALE DR,361490.4382,5014097.653,-75.77760141,45.26455212,2014-10-01,10:29,01 - Clear,01 - Dry,01 - Traffic signal,02 - Intersection related,01 - Daylight,03 - P.D. only,99 - Other,Munster Hamlet - Richmond
10823,ALBION RD @ MITCH OWENS RD,375905.804,5014804.924,-75.59382782,45.26960643,2014-10-09,17:37,01 - Clear,01 - Dry,01 - Traffic signal,03 - At intersection,01 - Daylight,03 - P.D. only,02 - Angle,Osgoode
10824,VALIN ST btwn NORTHLANDS DR & VARENNES BLVD,385060.7213,5037646.432,-75.47346383,45.47413081,2014-10-20,7:00,02 - Rain,02 - Wet,10 - No control,01 - Non intersection,03 - Dawn,03 - P.D. only,06 - SMV unattended vehicle,Fallingbrook
10825,MARTELLO DR btwn SOJOURN ST & BRIANNA WAY,385799.9892,5035682.358,-75.46433378,45.45637464,2014-09-29,20:19,01 - Clear,01 - Dry,10 - No control,01 - Non intersection,07 - Dark,03 - P.D. only,03 - Rear end,Notting Hill
10826,INDUSTRIAL AVE btwn RUSSELL RD & ST. LAURENT BLVD,372663.3589,5030125.999,-75.63304337,45.40778062,2014-10-06,15:02,01 - Clear,02 - Wet,10 - No control,01 - Non intersection,01 - Daylight,03 - P.D. only,03 - Rear end,Industrial Park
10827,KIRKWOOD AVE @ LAPERRIERE AVE,364520.1679,5026957.595,-75.73744652,45.38001414,2014-10-07,16:38,02 - Rain,02 - Wet,01 - Traffic signal,03 - At intersection,01 - Daylight,03 - P.D. only,05 - Turning movement,Carlington
10828,YORKS CORNERS RD btwn MCKEOWN FARM RD & RAY WILSON RD,389263.1655,5012194.729,-75.42407306,45.24464461,2014-11-29,17:06,01 - Clear,01 - Dry,10 - No control,01 - Non intersection,07 - Dark,03 - P.D. only,07 - SMV other,Metcalfe
10829,MEADOWLANDS DR/TALLWOOD DR @ WOODROFFE AVE,363057.1635,5022728.599,-75.75662419,45.34208526,2014-10-03,8:30,01 - Clear,01 - Dry,01 - Traffic signal,02 - Intersection related,01 - Daylight,03 - P.D. only,03 - Rear end,Crestview - Meadowlands
10830,ST. PATRICK ST WB btwn ISLAND LODGE RD & CRICHTON ST,369032.6789,5033367.301,-75.67899788,45.43728728,2014-10-02,23:00,01 - Clear,01 - Dry,10 - No control,07 - Overpass or bridge,07 - Dark,03 - P.D. only,04 - Sideswipe,Lowe
10831,DALY AVE btwn NICHOLAS ST & COURT HOUSE LANE,368248.0802,5032057.948,-75.68919407,45.42557783,2014-09-15,17:06,01 - Clear,01 - Dry,10 - No control,01 - Non intersection,01 - Daylight,03 - P.D. only,05 - Turning movement,Byward Market - Parliament Hill
10832,MONTREAL RD/HANNAH ST @ CODY AVE,370255.1118,5033169.127,-75.66340113,45.43539082,2014-09-18,15:30,01 - Clear,01 - Dry,01 - Traffic signal,03 - At intersection,01 - Daylight,03 - P.D. only,05 - Turning movement,Vanier
10833,COBOURG ST @ TORMEY ST,369079.4019,5032856.023,-75.6784675,45.4326827,2014-11-04,11:24,01 - Clear,01 - Dry,02 - Stop sign,02 - Intersection related,01 - Daylight,03 - P.D. only,03 - Rear end,Lower Town
10834,NICHOLAS ST btwn DALY AVE & SB RAMP FROM WALLER/NICHOLAS/MACKENZIE KIN,368268.5378,5031982.118,-75.68894244,45.42489368,2014-11-04,19:41,02 - Rain,02 - Wet,10 - No control,04 - At/near private drive,07 - Dark,03 - P.D. only,05 - Turning movement,Sandy Hill
10835,WELLINGTON ST    W btwn CLARENDON AVE & GRANGE AVE,364579.0142,5029038.814,-75.73644308,45.39873553,2014-12-01,12:07,01 - Clear,01 - Dry,10 - No control,01 - Non intersection,01 - Daylight,03 - P.D. only,99 - Other,Island Park
10836,CATHERINE ST @ KENT ST,367907.589,5030189.512,-75.69378408,45.40879705,2014-12-01,12:27,01 - Clear,01 - Dry,01 - Traffic signal,03 - At intersection,01 - Daylight,03 - P.D. only,04 - Sideswipe,Centretown
10837,BRONSON AVE btwn BREWER WAY & RIVERSIDE DR RAMPS 34B & 42A-3,368178.5047,5027634.472,-75.69065168,45.38578309,2014-10-06,14:42,01 - Clear,01 - Dry,10 - No control,01 - Non intersection,01 - Daylight,03 - P.D. only,07 - SMV other,Carleto
10838,HWY 417 MARCH IC138R26 @ MARCH RD,352919.1788,5020286.14,-75.88621657,45.32087623,2014-10-07,11:45,01 - Clear,01 - Dry,10 - No control,02 - Intersection related,01 - Daylight,03 - P.D. only,03 - Rear end,Greenbelt
10839,O'CONNOR ST @ SOMERSET ST,367856.184,5031013.522,-75.69433531,45.41621586,2014-11-23,9:26,01 - Clear,02 - Wet,01 - Traffic signal,03 - At intersection,01 - Daylight,03 - P.D. only,02 - Angle,Centretown
10840,ELGIN ST @ LAURIER AVE,367949.1838,5031547.68,-75.69307871,45.42101366,2014-11-23,13:04,01 - Clear,01 - Dry,01 - Traffic signal,03 - At intersection,01 - Daylight,03 - P.D. only,05 - Turning movement,Downtown
10841,HAZELDEAN RD btwn BRADLEY GREEN CRT & SWEETNAM DR,350417.9694,5015602.558,-75.91854994,45.278899,2014-12-02,15:57,01 - Clear,01 - Dry,10 - No control,01 - Non intersection,01 - Daylight,03 - P.D. only,04 - Sideswipe,Stittsville
10842,CHARLEMAGNE BLVD @ GARDENWAY DR/BOTTRIELL WAY ,384048.3368,5037035.513,-75.48650872,45.46874995,2014-12-02,16:07,01 - Clear,01 - Dry,01 - Traffic signal,03 - At intersection,05 - Dusk,03 - P.D. only,07 - SMV other,Fallingbrook
10843,CENTRAL PARK DR N @ MERIVALE RD,364954.1051,5025871.786,-75.73203843,45.3702071,2014-10-09,16:12,01 - Clear,02 - Wet,01 - Traffic signal,03 - At intersection,01 - Daylight,03 - P.D. only,05 - Turning movement,Civic Hospital - Experimental Farm - Central Park
10844,BASELINE RD @ CLYDE AVE,364357.2815,5024890.513,-75.73977542,45.36142872,2014-10-09,16:20,02 - Rain,02 - Wet,01 - Traffic signal,02 - Intersection related,01 - Daylight,03 - P.D. only,03 - Rear end,Braemar Park - Bel Air Heights - Copeland Park