Record,Location,X,Y,lon,lat,Date,Time,Environment,Road_Surface,Traffic_Control,Collision_Location,Light,Collision_Classification,Impact_type,Neighborhood
10845,ALBERNI ST @ WESSEX RD,363661.3725,5015250.973,-75.74980312,45.2747514,2014-12-02,17:33,01 - Clear,01 - Dry,02 - Stop sign,03 - At intersection,07 - Dark,03 - P.D. only,02 - Angle,Barrhaven West - Old Barrhaven
10846,ROLAND MICHENER DR btwn EARL GREY DR & END,350810.1947,5018931.336,-75.91324206,45.30882675,2014-12-02,17:57,01 - Clear,02 - Wet,10 - No control,01 - Non intersection,07 - Dark,03 - P.D. only,03 - Rear end,Kanata
10847,TERRY FOX DR @ PALLADIUM DR/KATIMAVIK RD,351268.2962,5018184.619,-75.90747031,45.30207744,2014-10-02,9:36,01 - Clear,01 - Dry,01 - Traffic signal,02 - Intersection related,01 - Daylight,03 - P.D. only,03 - Rear end,Katimavik - Hazeldean
10848,BRONSON AVE @ SUNNYSIDE AVE/UNIVERSITY RD - CA,367922.2362,5028091.547,-75.69386546,45.38991887,2014-10-09,17:30,01 - Clear,01 - Dry,01 - Traffic signal,02 - Intersection related,01 - Daylight,03 - P.D. only,03 - Rear end,Carleto
10849,KING EDWARD AVE @ SOMERSET ST/MARIE CURIE PRIV,368957.2364,5031671.682,-75.68018297,45.42203766,2014-09-15,20:30,01 - Clear,01 - Dry,01 - Traffic signal,02 - Intersection related,07 - Dark,03 - P.D. only,03 - Rear end,Sandy Hill
10850,HOLLAND AVE/TUNNEY'S PASTURE @ SCOTT ST,364736.1567,5029594.609,-75.73436853,45.40372302,2014-10-14,8:35,01 - Clear,01 - Dry,01 - Traffic signal,02 - Intersection related,01 - Daylight,03 - P.D. only,04 - Sideswipe,Island Park
10851,LORRY GREENBERG DR @ PIKE ST,373114.3812,5025402.181,-75.62793603,45.36523386,2014-10-26,13:51,01 - Clear,01 - Dry,02 - Stop sign,02 - Intersection related,01 - Daylight,03 - P.D. only,06 - SMV unattended vehicle,Greenboro East
10852,8TH LINE RD @ MITCH OWENS RD,382362.322,5018775.42,-75.51093707,45.30464828,2014-11-22,16:51,02 - Rain,04 - Slush,02 - Stop sign,02 - Intersection related,05 - Dusk,03 - P.D. only,06 - SMV unattended vehicle,Metcalfe
10853,MONTREAL RD @ GRANVILLE ST/LAFONTAINE AVE,370828.1352,5033473.644,-75.65603712,45.43807686,2014-09-29,13:08,01 - Clear,01 - Dry,01 - Traffic signal,03 - At intersection,01 - Daylight,03 - P.D. only,03 - Rear end,Vanier South
10854,RICHMOND RD @ LYNHAR RD/STAFFORD RD,358137.1904,5021085.528,-75.81957669,45.32769214,2014-09-29,13:30,01 - Clear,01 - Dry,01 - Traffic signal,02 - Intersection related,01 - Daylight,03 - P.D. only,03 - Rear end,Bells Corners East
10855,BASELINE RD @ NAVAHO DR,363088.0604,5024095.611,-75.75606886,45.35438295,2014-10-03,11:20,01 - Clear,01 - Dry,01 - Traffic signal,02 - Intersection related,01 - Daylight,03 - P.D. only,03 - Rear end,Braemar Park - Bel Air Heights - Copeland Park
10856,TERRY FOX DR @ PALLADIUM DR/KATIMAVIK RD,351270.1919,5018181.775,-75.90744641,45.30205172,2014-10-03,12:20,01 - Clear,01 - Dry,01 - Traffic signal,02 - Intersection related,01 - Daylight,03 - P.D. only,03 - Rear end,Katimavik - Hazeldean
10857,ST. LAURENT BLVD @ WALKLEY RD,373902.7501,5028047.109,-75.61750322,45.38895449,2014-09-18,17:00,01 - Clear,01 - Dry,01 - Traffic signal,02 - Intersection related,01 - Daylight,03 - P.D. only,03 - Rear end,Hawthorne Meadows
10858,CUMMINGS AVE @ OGILVIE RD,372749.3126,5032170.349,-75.63166354,45.42616639,2014-11-12,16:00,01 - Clear,01 - Dry,01 - Traffic signal,02 - Intersection related,01 - Daylight,03 - P.D. only,03 - Rear end,Cummings
10859,FALLOWFIELD RD @ MERIVALE RD,366890.2908,5018844.469,-75.70820413,45.30680764,2014-11-14,13:27,01 - Clear,02 - Wet,01 - Traffic signal,02 - Intersection related,01 - Daylight,03 - P.D. only,03 - Rear end,Greenbelt
10860,ALESTHER ST @ DONALD ST,371991.7704,5032459.159,-75.6413038,45.42883814,2014-12-01,13:46,01 - Clear,01 - Dry,02 - Stop sign,03 - At intersection,01 - Daylight,03 - P.D. only,05 - Turning movement,Overbrook
10861,ALBION RD @ HUNT CLUB RD,371869.4502,5024320.304,-75.64397315,45.35561974,2014-12-01,14:11,01 - Clear,01 - Dry,01 - Traffic signal,02 - Intersection related,01 - Daylight,03 - P.D. only,03 - Rear end,South Keys - Heron Gate - Greenboro West
10862,FISHER AVE @ DEER PARK RD/DYNES RD,366408.1834,5025457.423,-75.71352824,45.36635243,2014-10-06,14:53,02 - Rain,02 - Wet,01 - Traffic signal,02 - Intersection related,01 - Daylight,03 - P.D. only,03 - Rear end,Carleton Heights - Rideauview
10863,WEST HUNT CLUB RD EB btwn 354 E OF WOODROFFE AVE/REC PATH & CLEOPATRA ,365139.4915,5021695.527,-75.73018151,45.33261378,2014-10-06,15:18,01 - Clear,01 - Dry,10 - No control,01 - Non intersection,01 - Daylight,03 - P.D. only,04 - Sideswipe,Merivale Gardens - Grenfell Glen - Pineglen - Country Place
10864,SHEFFIELD RD @ WALKLEY RD,375257.2612,5028785.487,-75.60010173,45.39546309,2014-10-07,13:27,01 - Clear,01 - Dry,01 - Traffic signal,03 - At intersection,01 - Daylight,03 - P.D. only,05 - Turning movement,Industrial Park
10865,OLD INNES RD @ BANTREE ST,373727.5759,5030352.874,-75.61941784,45.40971794,2014-10-07,13:37,01 - Clear,01 - Dry,02 - Stop sign,03 - At intersection,01 - Daylight,03 - P.D. only,05 - Turning movement,Industrial Park
10866,CLEMOW AVE @ BRONSON AVE,367421.1841,5029398.506,-75.70009787,45.4017235,2014-12-01,10:00,01 - Clear,01 - Dry,02 - Stop sign,02 - Intersection related,01 - Daylight,03 - P.D. only,03 - Rear end,The Glebe
10867,POULIN AVE @ RICHMOND RD,360325.2055,5024900.514,-75.79123801,45.36184966,2014-12-02,17:10,01 - Clear,02 - Wet,01 - Traffic signal,02 - Intersection related,07 - Dark,03 - P.D. only,03 - Rear end,Woodroffe - Lincoln Heights
10868,BROADVIEW AVE btwn WELLESLEY AVE & CARLING AVE,363173.5776,5026652.76,-75.75467539,45.37738477,2014-06-03,12:00,02 - Rain,02 - Wet,10 - No control,04 - At/near private drive,01 - Daylight,03 - P.D. only,03 - Rear end,Carlingwood - McKellar Park - Laurentien View
10869,RIVERSIDE DR btwn BANK ST & TURN LANE,369315.973,5027910.667,-75.67609152,45.38816436,2014-10-09,16:30,02 - Rain,02 - Wet,10 - No control,01 - Non intersection,01 - Daylight,03 - P.D. only,04 - Sideswipe,Alta Vista
10870,JEANNE D'ARC BLVD  S btwn BEAUSEJOUR DR & BELCOURT BLVD,381428.804,5036048.249,-75.5201583,45.46015967,2014-10-09,17:22,01 - Clear,02 - Wet,10 - No control,01 - Non intersection,01 - Daylight,03 - P.D. only,04 - Sideswipe,Orleans Village - Chateauneuf
10871,OGILVIE RD @ BATHGATE DR/CITYPARK DR W,373826.3524,5032800.577,-75.61781315,45.43173139,2014-12-02,18:04,01 - Clear,01 - Dry,01 - Traffic signal,02 - Intersection related,07 - Dark,03 - P.D. only,02 - Angle,Industrial Park
10872,PRINCE OF WALES DR @ WEST HUNT CLUB RD,367459.1842,5021890.555,-75.70056474,45.33416532,2014-12-02,20:01,01 - Clear,01 - Dry,01 - Traffic signal,02 - Intersection related,07 - Dark,03 - P.D. only,03 - Rear end,Industrial Park
10873,CYRVILLE RD btwn INNES RD & END,375089.9048,5031029.517,-75.60191909,45.41567052,2014-10-10,11:07,01 - Clear,01 - Dry,10 - No control,04 - At/near private drive,01 - Daylight,03 - P.D. only,02 - Angle,Industrial Park
10874,ALBERT ST @ METCALFE ST,367691.2266,5031612.634,-75.69636628,45.42162133,2014-10-10,11:32,01 - Clear,01 - Dry,01 - Traffic signal,03 - At intersection,01 - Daylight,03 - P.D. only,05 - Turning movement,Downtown
10875,BRENNAN AVE btwn BYRON AVE & IONA ST,364215.9973,5028451.765,-75.74115019,45.39348428,2014-09-30,11:31,01 - Clear,01 - Dry,10 - No control,04 - At/near private drive,01 - Daylight,03 - P.D. only,06 - SMV unattended vehicle,Westboro
10876,REGIONAL ROAD 174 btwn QUIGLEY HILL RD & REGIONAL ROAD 174 DIVIDED,387881.018,5042389.247,-75.43659542,45.51647156,2014-10-01,4:55,01 - Clear,01 - Dry,10 - No control,01 - Non intersection,07 - Dark,03 - P.D. only,07 - SMV other,Cumberland - Estates
10877,REGIONAL ROAD 174 btwn OR174 IC102 RAMP51 & REGIONAL ROAD 174,381138.7987,5037980.888,-75.5235658,45.47757972,2014-11-02,2:52,01 - Clear,01 - Dry,10 - No control,01 - Non intersection,07 - Dark,03 - P.D. only,07 - SMV other,Industrial Park
10878,ST. LAURENT BLVD @ COVENTRY RD/OGILVIE RD,372304.2977,5031951.575,-75.63737979,45.42424105,2014-11-02,19:47,01 - Clear,01 - Dry,01 - Traffic signal,03 - At intersection,07 - Dark,03 - P.D. only,04 - Sideswipe,Overbrook
10879,COLONEL BY DR @ HAWTHORNE AVE/PRETORIA BRIDGE,368768.5551,5030525.861,-75.68274248,45.41174524,2014-07-15,11:37,02 - Rain,02 - Wet,01 - Traffic signal,02 - Intersection related,01 - Daylight,03 - P.D. only,03 - Rear end,Old Ottawa East
10880,DONALD ST @ EDITH AVE,370899.2955,5032335.634,-75.65528043,45.42783082,2014-09-29,15:38,01 - Clear,01 - Dry,02 - Stop sign,02 - Intersection related,01 - Daylight,03 - P.D. only,03 - Rear end,Overbrook
10881,BASELINE RD btwn CLYDE AVE & 207 E OF CLYDE AVE,364497.0921,5024981.07,-75.73798001,45.36223165,2014-09-29,14:45,01 - Clear,01 - Dry,10 - No control,01 - Non intersection,01 - Daylight,03 - P.D. only,04 - Sideswipe,Civic Hospital - Experimental Farm - Central Park
10882,CARLING AVE @ BAYSHORE DR/BIRCHDALE AVE,359005.3449,5023991.56,-75.80818405,45.35377419,2014-10-02,21:00,01 - Clear,01 - Dry,01 - Traffic signal,02 - Intersection related,07 - Dark,03 - P.D. only,04 - Sideswipe,Bayshore
10883,MEADOWLANDS DR    W btwn TURN LANE & MERIVALE RD,364829.79,5023710.345,-75.73388789,45.35076943,2014-10-03,14:46,01 - Clear,01 - Dry,10 - No control,01 - Non intersection,01 - Daylight,03 - P.D. only,04 - Sideswipe,Crestview - Meadowlands
10884,HOPE SIDE RD btwn CROWNRIDGE DR & RICHMOND RD,356110.4565,5015001.075,-75.84605973,45.27309433,2014-09-26,19:00,01 - Clear,01 - Dry,10 - No control,01 - Non intersection,05 - Dusk,03 - P.D. only,03 - Rear end,Greenbelt
10885,JOHNSTON RD btwn CONROY RD & GARDENIA CRT,373417.0859,5026317.332,-75.62394521,45.37343845,2014-09-28,13:30,01 - Clear,01 - Dry,10 - No control,04 - At/near private drive,01 - Daylight,03 - P.D. only,03 - Rear end,Hunt Club
10886,NORICE ST @ WOODROFFE AVE,363195.1579,5022398.44,-75.75490247,45.33910304,2014-11-14,14:59,01 - Clear,01 - Dry,01 - Traffic signal,02 - Intersection related,01 - Daylight,03 - P.D. only,03 - Rear end,Tanglewood
10887,MARCH RD @ HUNTMAR DR,344142.0441,5023548.451,-75.99790902,45.3507784,2014-11-15,8:18,01 - Clear,01 - Dry,02 - Stop sign,02 - Intersection related,01 - Daylight,03 - P.D. only,07 - SMV other,Carp - Hardwood Plains
10888,WHITE ALDER AVE btwn BULRUSH CRES & BULRUSH CRES,374950.0301,5020419.946,-75.60521247,45.32022448,2014-12-01,14:30,01 - Clear,01 - Dry,10 - No control,01 - Non intersection,01 - Daylight,03 - P.D. only,04 - Sideswipe,Greenbelt
10889,DONALD ST @ 110 E OF ST. LAURENT BLVD ,372203.4395,5032483.825,-75.63859565,45.42903971,2014-12-01,15:25,01 - Clear,01 - Dry,01 - Traffic signal,02 - Intersection related,01 - Daylight,03 - P.D. only,03 - Rear end,Cummings
10890,PRINCE OF WALES DR btwn DYNES RD & 187 N OF MEADOWLANDS DR,367271.287,5025865.989,-75.70245952,45.36995222,2014-10-06,15:32,02 - Rain,02 - Wet,10 - No control,04 - At/near private drive,01 - Daylight,03 - P.D. only,03 - Rear end,Carleton Heights - Rideauview
10891,HERZBERG RD @ MARCH RD,352322.2004,5021529.436,-75.89371156,45.33210433,2014-10-07,14:01,02 - Rain,02 - Wet,01 - Traffic signal,02 - Intersection related,01 - Daylight,03 - P.D. only,03 - Rear end,Kanata Lakes - Marchwood Lakeside - Morgan's Grant - Kanata
10892,HAZELDEAN RD @ EDGEWATER ST,352324.0796,5017351.445,-75.89408834,45.29450969,2014-12-01,16:58,01 - Clear,01 - Dry,01 - Traffic signal,02 - Intersection related,05 - Dusk,03 - P.D. only,03 - Rear end,Glen Cairn - Kanata South Business Park
10893,BRIAN COBURN BLVD @ TENTH LINE RD,384428.3389,5035022.308,-75.48197576,45.45059377,2014-12-01,18:26,03 - Snow,02 - Wet,01 - Traffic signal,03 - At intersection,07 - Dark,03 - P.D. only,05 - Turning movement,Avalon
10894,TERRY FOX DR @ EDGEWATER ST/WALTER BAKER PL,351778.0821,5017613.45,-75.90102437,45.296904,2014-09-06,11:30,01 - Clear,02 - Wet,01 - Traffic signal,03 - At intersection,01 - Daylight,03 - P.D. only,05 - Turning movement,Katimavik - Hazeldean
10895,TERRY FOX DR @ PALLADIUM DR/KATIMAVIK RD,351269.2441,5018181.775,-75.90745849,45.30205178,2014-09-06,10:00,02 - Rain,02 - Wet,01 - Traffic signal,03 - At intersection,01 - Daylight,03 - P.D. only,04 - Sideswipe,Katimavik - Hazeldean
10896,WOODROFFE AVE @ HWY 417 WOODROFF IC127R26/HWY4,362083.1608,5024940.465,-75.76879543,45.36206769,2014-10-09,16:45,02 - Rain,02 - Wet,01 - Traffic signal,02 - Intersection related,01 - Daylight,03 - P.D. only,03 - Rear end,Carlingwood West - Glabar Park - McKellar Heights
10897,RUSSELL RD S @ ST. LAURENT BLVD,373570.8962,5029263.507,-75.62157119,45.39993174,2014-10-09,18:45,01 - Clear,01 - Dry,01 - Traffic signal,03 - At intersection,07 - Dark,03 - P.D. only,05 - Turning movement,Sheffield Glen
10898,KING EDWARD AVE @ LAURIER AVE,368739.2333,5032033.635,-75.6829214,45.42531434,2014-12-02,21:18,03 - Snow,02 - Wet,01 - Traffic signal,03 - At intersection,07 - Dark,03 - P.D. only,05 - Turning movement,Sandy Hill
10899,BANK ST btwn LESTER RD & PARK LANE,373746.1978,5022845.788,-75.62022805,45.34217059,2014-12-03,0:14,03 - Snow,06 - Ice,10 - No control,01 - Non intersection,07 - Dark,03 - P.D. only,07 - SMV other,Greenbelt
10900,HERON RD @ JEFFERSON ST,371809.1992,5027051.594,-75.64437162,45.38020066,2014-10-04,8:59,02 - Rain,02 - Wet,01 - Traffic signal,03 - At intersection,01 - Daylight,03 - P.D. only,02 - Angle,Ledbury - Heron Gate - Ridgemont - Elmwood
10901,MONTREAL RD @ FOXVIEW PL/DESLOGES PRIV,372909.195,5034446.585,-75.62930568,45.44663126,2014-10-10,12:07,01 - Clear,01 - Dry,02 - Stop sign,02 - Intersection related,01 - Daylight,03 - P.D. only,03 - Rear end,Carson Grove - Carson Meadows
10902,REGIONAL ROAD 174 btwn OR174 IC109 RAMP54 & OR174 IC109 RAMP55,376448.222,5034933.12,-75.58399828,45.45065499,2014-09-30,21:30,01 - Clear,01 - Dry,10 - No control,01 - Non intersection,07 - Dark,03 - P.D. only,03 - Rear end,Greenbelt
10903,RIVERSIDE DR NB btwn INDUSTRIAL AVE & TREMBLAY RD,370692.7755,5030624.781,-75.65814819,45.41245676,2014-10-01,8:29,01 - Clear,01 - Dry,10 - No control,01 - Non intersection,01 - Daylight,03 - P.D. only,04 - Sideswipe,Industrial Park
10904,INNES RD btwn ANDERSON RD & INNES RD,376627.6935,5032044.955,-75.58212552,45.42465066,2014-11-03,11:58,01 - Clear,01 - Dry,10 - No control,04 - At/near private drive,01 - Daylight,03 - P.D. only,99 - Other,Greenbelt
10905,MARCH RD btwn OLD CARP RD & KLONDIKE RD,348972.8907,5024382.697,-75.9361851,45.35799749,2014-08-20,21:27,01 - Clear,01 - Dry,10 - No control,01 - Non intersection,07 - Dark,03 - P.D. only,07 - SMV other,South March
10906,BAYVIEW DR btwn WENDIGO WAY & MACROSTIE LANE,336879.3743,5040881.038,-76.08946492,45.50711233,2014-08-25,17:40,01 - Clear,01 - Dry,10 - No control,04 - At/near private drive,01 - Daylight,03 - P.D. only,05 - Turning movement,Buckham'
10907,MCCORDICK RD @ ROGER STEVENS DR,364682.1154,4998308.319,-75.73883018,45.12221327,2014-09-29,15:52,01 - Clear,01 - Dry,02 - Stop sign,03 - At intersection,01 - Daylight,03 - P.D. only,02 - Angle,Munster Hamlet - Richmond
10908,HERON RD btwn JEFFERSON ST & TURN LANE,372167.649,5027097.673,-75.63978886,45.38058088,2014-10-08,15:30,01 - Clear,01 - Dry,10 - No control,01 - Non intersection,01 - Daylight,03 - P.D. only,03 - Rear end,Ledbury - Heron Gate - Ridgemont - Elmwood
10909,PINECREST RD btwn KELLY AVE & DUMAURIER AVE,360314.57,5023862.947,-75.79149028,45.35251451,2014-10-14,12:31,01 - Clear,01 - Dry,10 - No control,01 - Non intersection,01 - Daylight,03 - P.D. only,04 - Sideswipe,Whitehaven - Queensway Terrace North
10910,GREENBANK RD @ STRANDHERD DR,363934.6318,5014785.365,-75.74637615,45.27053893,2014-09-30,10:20,01 - Clear,01 - Dry,01 - Traffic signal,02 - Intersection related,01 - Daylight,03 - P.D. only,04 - Sideswipe,New Barrhaven
10911,BANK ST @ JOHNSTON RD,370849.3608,5024841.424,-75.65692179,45.36040544,2014-11-17,16:36,03 - Snow,03 - Loose snow,01 - Traffic signal,02 - Intersection related,05 - Dusk,03 - P.D. only,03 - Rear end,South Keys - Heron Gate - Greenboro West
10912,TENTH LINE RD btwn INNES RD & VANGUARD DR,383959.8172,5036142.499,-75.48778441,45.46072547,2014-12-01,15:44,01 - Clear,01 - Dry,10 - No control,01 - Non intersection,01 - Daylight,03 - P.D. only,03 - Rear end,Queenswood Heights
10913,RICKEY PL btwn MCKITRICK DR & MCELROY DR,352832.3285,5016895.006,-75.88765295,45.29036798,2014-10-07,15:01,02 - Rain,02 - Wet,10 - No control,01 - Non intersection,01 - Daylight,03 - P.D. only,06 - SMV unattended vehicle,Glen Cairn - Kanata South Business Park
10914,AVIATION PKWY @ OGILVIE RD,373109.2924,5032374.69,-75.62703549,45.42796988,2014-10-07,16:12,02 - Rain,02 - Wet,01 - Traffic signal,02 - Intersection related,01 - Daylight,03 - P.D. only,03 - Rear end,Industrial Park
10915,CARLING AVE @ RICHMOND RD,360245.2051,5024782.46,-75.79227236,45.36079375,2014-12-01,18:20,01 - Clear,01 - Dry,01 - Traffic signal,02 - Intersection related,07 - Dark,03 - P.D. only,04 - Sideswipe,Whitehaven - Queensway Terrace North
10916,HAZELDEAN RD btwn GO/KA BOUNDARY & HUNTMAR DR/IBER RD,351174.4578,5016282.302,-75.90884468,45.28496605,2014-12-01,19:40,01 - Clear,01 - Dry,10 - No control,01 - Non intersection,07 - Dark,03 - P.D. only,07 - SMV other,Stittsville
10917,RICHMOND RD @ LYNHAR RD/STAFFORD RD,358138.1382,5021085.528,-75.8195646,45.32769206,2014-09-11,10:08,01 - Clear,02 - Wet,01 - Traffic signal,03 - At intersection,01 - Daylight,03 - P.D. only,05 - Turning movement,Bells Corners East
10918,HWY 417 TERRYFO IC140R61 @ TERRY FOX DR,350808.5806,5018707.842,-75.91328339,45.3068158,2014-10-09,19:16,02 - Rain,02 - Wet,01 - Traffic signal,02 - Intersection related,07 - Dark,03 - P.D. only,03 - Rear end,Kanata Lakes - Marchwood Lakeside - Morgan's Grant - Kanata
10919,TORWOOD DR btwn VANCES SIDE RD & KERSCOTT HEIGHTS WAY,344006.0455,5035730.573,-75.99867593,45.46040368,2014-10-09,23:00,01 - Clear,01 - Dry,10 - No control,01 - Non intersection,07 - Dark,03 - P.D. only,07 - SMV other,Car
10920,NAVAHO DR btwn Continuation of NAVAHO DR & Continuation of NAVAHO DR,363053.342,5023851.411,-75.7565407,45.35218854,2014-12-03,1:00,03 - Snow,03 - Loose snow,10 - No control,01 - Non intersection,07 - Dark,03 - P.D. only,07 - SMV other,Crestview - Meadowlands
10921,MONTREAL RD btwn ELMSMERE RD & BETHAMY LANE,375125.0431,5034299.13,-75.60100325,45.44508512,2014-12-03,6:34,04 - Freezing Rain,03 - Loose snow,10 - No control,01 - Non intersection,07 - Dark,03 - P.D. only,07 - SMV other,Beacon Hill South - Cardinal Heights
10922,FISHER AVE @ MEADOWLANDS DR,366573.6431,5025045.446,-75.71146774,45.36263098,2014-10-06,14:14,01 - Clear,01 - Dry,01 - Traffic signal,03 - At intersection,01 - Daylight,03 - P.D. only,05 - Turning movement,Carleton Heights - Rideauview
10923,LORRY GREENBERG DR @ MARGRAVE AVE,372618.7229,5025288.691,-75.63427818,45.36426085,2014-10-07,13:27,01 - Clear,01 - Dry,02 - Stop sign,02 - Intersection related,01 - Daylight,03 - P.D. only,04 - Sideswipe,Greenboro East
10924,HERON RD btwn FINN CRT & BAYCREST DR,371004.0821,5026963.891,-75.65466264,45.37948808,2014-10-10,13:20,01 - Clear,01 - Dry,10 - No control,04 - At/near private drive,01 - Daylight,03 - P.D. only,03 - Rear end,Ledbury - Heron Gate - Ridgemont - Elmwood
10925,ALTON ST btwn WESTON DR & WESTON DR,372295.0879,5028711.563,-75.63794108,45.39508974,2014-10-01,12:05,01 - Clear,01 - Dry,10 - No control,04 - At/near private drive,01 - Daylight,03 - P.D. only,02 - Angle,Elmvale - Eastway - Riverview - Riverview Park West
10926,BASELINE RD @ 207 E OF CLYDE AVE,364535.0068,5025000.976,-75.73749368,45.36240753,2014-10-01,15:06,01 - Clear,01 - Dry,01 - Traffic signal,02 - Intersection related,01 - Daylight,03 - P.D. only,05 - Turning movement,Civic Hospital - Experimental Farm - Central Park
10927,SLATER ST btwn BANK ST & O'CONNOR ST,367439.3943,5031363.108,-75.69961564,45.41939877,2014-11-04,21:12,02 - Rain,02 - Wet,10 - No control,01 - Non intersection,07 - Dark,03 - P.D. only,04 - Sideswipe,Downtown
10928,INDUSTRIAL AVE/INNES RD @ ST. LAURENT BLVD,373100.2013,5030007.462,-75.62747976,45.40667159,2014-08-27,9:37,01 - Clear,01 - Dry,01 - Traffic signal,02 - Intersection related,01 - Daylight,03 - P.D. only,04 - Sideswipe,Industrial Park
10929,BANK ST @ WALKLEY RD,370336.4302,5025946.787,-75.66332171,45.37039929,2014-09-27,16:09,01 - Clear,01 - Dry,01 - Traffic signal,02 - Intersection related,01 - Daylight,03 - P.D. only,03 - Rear end,Ledbury - Heron Gate - Ridgemont - Elmwood
10930,KIRKWOOD AVE @ MERIVALE RD,364852.2796,5026648.438,-75.73324384,45.37720401,2014-09-29,16:06,01 - Clear,01 - Dry,01 - Traffic signal,02 - Intersection related,01 - Daylight,03 - P.D. only,03 - Rear end,Carlington
10931,CARRUTHERS AVE @ SCOTT ST,365154.2411,5029849.257,-75.72899719,45.40597836,2014-10-23,19:26,01 - Clear,01 - Dry,01 - Traffic signal,02 - Intersection related,07 - Dark,03 - P.D. only,05 - Turning movement,Mechanicsville
10932,REGIONAL ROAD 174 EB btwn OR174 IC109 RAMP55 & TRANSIT,376475.7102,5034991.888,-75.58363833,45.45118093,2014-10-02,15:43,01 - Clear,01 - Dry,10 - No control,01 - Non intersection,01 - Daylight,03 - P.D. only,03 - Rear end,Greenbelt
10933,BASELINE RD @ FISHER AVE,366167.1675,5026028.533,-75.71653375,45.3715123,2014-11-18,8:24,01 - Clear,06 - Ice,01 - Traffic signal,02 - Intersection related,01 - Daylight,03 - P.D. only,04 - Sideswipe,Civic Hospital - Experimental Farm - Central Park
10934,KENT ST btwn MACLAREN ST & GILMOUR ST,367606.7041,5030685.841,-75.69756434,45.41328993,2014-10-27,14:00,01 - Clear,01 - Dry,10 - No control,01 - Non intersection,01 - Daylight,03 - P.D. only,04 - Sideswipe,Centretown
10935,LAURIER AVE @ WALLER ST/TRANSITWAY,368454.7468,5031857.055,-75.6865793,45.42375149,2014-12-01,16:18,01 - Clear,01 - Dry,01 - Traffic signal,03 - At intersection,05 - Dusk,03 - P.D. only,07 - SMV other,Sandy Hill
10936,COPE @ TERRY FOX,353995.8483,5015342.464,-75.87297445,45.27631735,2014-12-01,16:58,01 - Clear,01 - Dry,01 - Traffic signal,02 - Intersection related,07 - Dark,03 - P.D. only,03 - Rear end,Glen Cairn - Kanata South Business Park
10937,PARKGLEN DR @ WOODROFFE AVE,362889.1618,5023126.513,-75.75872103,45.34567959,2014-10-06,16:13,01 - Clear,01 - Dry,02 - Stop sign,02 - Intersection related,01 - Daylight,03 - P.D. only,02 - Angle,Crestview - Meadowlands
10938,SENATEURS WAY btwn DUPLANTE AVE & STOJKO ST,385305.8129,5038128.053,-75.47025068,45.47843575,2014-10-06,14:00,02 - Rain,02 - Wet,10 - No control,01 - Non intersection,01 - Daylight,03 - P.D. only,06 - SMV unattended vehicle,Cardinal Creek
10939,DALY AVE @ WURTEMBURG ST,369439.0443,5032787.426,-75.67388052,45.43203234,2014-10-07,16:19,01 - Clear,01 - Dry,10 - No control,03 - At intersection,01 - Daylight,03 - P.D. only,02 - Angle,Sandy Hill
10940,TYNDALL ST btwn HOLLAND AVE & HINTON AVE N,365105.3714,5028946.895,-75.72973177,45.39786333,2014-12-01,20:27,01 - Clear,01 - Dry,10 - No control,01 - Non intersection,07 - Dark,03 - P.D. only,06 - SMV unattended vehicle,Islan
10941,BRONSON AVE @ COMMISSIONER ST/SLATER ST,366768.2315,5030949.516,-75.70824271,45.41573716,2014-12-01,20:42,01 - Clear,01 - Dry,01 - Traffic signal,02 - Intersection related,07 - Dark,03 - P.D. only,04 - Sideswipe,Byward Market - Parliament Hill
10942,DOMALATCHY PL @ WOODROFFE AVE,362403.221,5024137.615,-75.76480385,45.35481749,2014-11-11,16:29,01 - Clear,01 - Dry,02 - Stop sign,02 - Intersection related,05 - Dusk,03 - P.D. only,03 - Rear end,Iris
10943,STITTSVILLE MAIN ST @ HAZELDEAN RD,349557.9242,5014878.717,-75.92957685,45.27244091,2014-11-12,8:15,01 - Clear,01 - Dry,01 - Traffic signal,02 - Intersection related,01 - Daylight,03 - P.D. only,03 - Rear end,Stittsville
10944,INNES RD WB btwn INNES RD W & INNES RD,376791.5433,5032152.844,-75.58001622,45.42560453,2014-11-12,8:58,01 - Clear,02 - Wet,10 - No control,01 - Non intersection,01 - Daylight,03 - P.D. only,07 - SMV other,Greenbelt
10945,MONTREAL RD btwn DEN HAAG DR & CODD'S RD,372753.369,5034390.388,-75.63130526,45.44614079,2014-10-22,21:44,01 - Clear,01 - Dry,10 - No control,01 - Non intersection,07 - Dark,03 - P.D. only,99 - Other,Carson Grove - Carson Meadows
10946,MEADOWLANDS DR btwn TURN LANE & SULLIVAN AVE,363102.2953,5022757.573,-75.75604493,45.34234221,2014-10-25,18:00,01 - Clear,01 - Dry,10 - No control,04 - At/near private drive,01 - Daylight,03 - P.D. only,02 - Angle,Crestview - Meadowlands
10947,HIGHWAY 417 btwn HWY417 IC122 RAMP16 & HWY417 IC122 RAMP61,365332.4227,5028897.336,-75.72683804,45.39739781,2014-12-07,14:55,01 - Clear,01 - Dry,10 - No control,01 - Non intersection,01 - Daylight,03 - P.D. only,04 - Sideswipe,Civi