Record,Location,X,Y,lon,lat,Date,Time,Environment,Road_Surface,Traffic_Control,Collision_Location,Light,Collision_Classification,Impact_type,Neighborhood
10948,HIGHWAY 417 btwn HWY417 IC122 RAMP51 & HWY417 IC122 RAMP15,365319.121,5028863.132,-75.72701212,45.3970912,2014-12-12,19:31,03 - Snow,03 - Loose snow,10 - No control,01 - Non intersection,07 - Dark,03 - P.D. only,03 - Rear end,Civi
10949,HIGHWAY 417 btwn HWY417 IC134 RAMP36 & HWY417 IC134 RAMP26,356399.9142,5022283.301,-75.84161278,45.3385997,2014-12-10,18:58,03 - Snow,03 - Loose snow,10 - No control,01 - Non intersection,07 - Dark,03 - P.D. only,07 - SMV other,Greenbelt
10950,HIGHWAY 417 btwn HIGHWAY 417 & HWY417 IC110 RAMP54,375543.755,5029723.077,-75.59630853,45.40387014,2014-12-10,22:30,03 - Snow,04 - Slush,10 - No control,01 - Non intersection,07 - Dark,03 - P.D. only,07 - SMV other,Greenbelt
10951,HIGHWAY 7 btwn HAZELDEAN IC RAMP 53 & HIGHWAY 7,344384.2365,5010104.61,-75.99589104,45.22979148,2014-12-23,20:00,04 - Freezing Rain,06 - Ice,10 - No control,01 - Non intersection,07 - Dark,03 - P.D. only,07 - SMV other,Munster Hamlet - Richmond
10952,HIGHWAY 7 btwn HAZELDEAN IC RAMP 53 & HIGHWAY 7,344051.1306,5009820.36,-76.00015543,45.2272523,2014-12-23,20:30,04 - Freezing Rain,06 - Ice,10 - No control,01 - Non intersection,07 - Dark,03 - P.D. only,07 - SMV other,Munster Hamlet - Richmond
10953,HIGHWAY 7 btwn HAZELDEAN IC RAMP 53 & HIGHWAY 7,344165.0269,5009915.729,-75.99869753,45.22810412,2014-12-23,20:40,04 - Freezing Rain,06 - Ice,10 - No control,01 - Non intersection,07 - Dark,03 - P.D. only,07 - SMV other,Munster Hamlet - Richmond
10954,HIGHWAY 7 btwn HAZELDEAN IC RAMP 53 & HIGHWAY 7,344411.7685,5010124.055,-75.99553888,45.22996491,2014-12-23,21:00,04 - Freezing Rain,06 - Ice,10 - No control,01 - Non intersection,07 - Dark,03 - P.D. only,07 - SMV other,Munster Hamlet - Richmond
10955,HIGHWAY 7 btwn HWY 7 HAZELDEAN RD IC RAMP 63 & HAZELDEAN RD,346004.8947,5011606.758,-75.97512823,45.24321556,2014-12-23,20:30,"07 - Fog, mist, smoke, dust",06 - Ice,10 - No control,01 - Non intersection,07 - Dark,03 - P.D. only,04 - Sideswipe,Stittsville - Basswood
10956,OGILVIE WALK CRES btwn AMBASSADOR AVE & AMBASSADOR AVE,374060.7898,5032563.029,-75.6148507,45.42957088,2014-10-20,17:00,02 - Rain,02 - Wet,10 - No control,01 - Non intersection,05 - Dusk,03 - P.D. only,06 - SMV unattended vehicle,Industrial Park
10957,MCEWEN AVE btwn AMBLESIDE DR & END,360926.9829,5026128.563,-75.7834176,45.37285165,2014-12-06,0:00,01 - Clear,02 - Wet,10 - No control,01 - Non intersection,00 - Unknown,03 - P.D. only,06 - SMV unattended vehicle,Woodroffe - Lincoln Heights
10958,BEECH ST btwn RAILWAY ST & PRESTON ST,366674.3623,5029263.674,-75.70965352,45.40057672,2014-12-01,14:15,01 - Clear,01 - Dry,10 - No control,01 - Non intersection,01 - Daylight,03 - P.D. only,02 - Angle,Little Italy
10959,KEYWORTH AVE btwn PONTIAC ST & CLEARVIEW AVE,363733.3347,5029645.345,-75.74717151,45.40426468,2014-12-03,9:00,03 - Snow,03 - Loose snow,10 - No control,01 - Non intersection,01 - Daylight,03 - P.D. only,05 - Turning movement,Champlain Park
10960,NEIL WAY @ RIVERSIDE DR,369465.206,5028291.317,-75.67413604,45.39157557,2014-11-13,8:52,01 - Clear,01 - Dry,02 - Stop sign,02 - Intersection related,01 - Daylight,03 - P.D. only,03 - Rear end,Alta Vista
10961,HAZELDEAN RD @ HUNTMAR DR/IBER RD,350943.548,5016078.957,-75.91180694,45.28315149,2014-11-16,12:34,02 - Rain,02 - Wet,01 - Traffic signal,02 - Intersection related,01 - Daylight,03 - P.D. only,03 - Rear end,Stittsville
10962,DONALD ST @ 110 E OF ST. LAURENT BLVD ,372203.9134,5032486.2,-75.63858927,45.42906103,2014-12-24,14:02,02 - Rain,02 - Wet,01 - Traffic signal,03 - At intersection,01 - Daylight,03 - P.D. only,02 - Angle,Cummings
10963,INNES RD @ PORTOBELLO BLVD,385632.2448,5036894.096,-75.46627898,45.46729611,2014-12-24,15:06,01 - Clear,01 - Dry,01 - Traffic signal,02 - Intersection related,01 - Daylight,03 - P.D. only,04 - Sideswipe,Notting Hill
10964,REGIONAL ROAD 174 EB btwn OR174 IC109 RAMP55 & TRANSIT,376495.9708,5035036.437,-75.58337285,45.45157967,2014-08-17,19:02,02 - Rain,02 - Wet,10 - No control,01 - Non intersection,01 - Daylight,03 - P.D. only,03 - Rear end,Greenbelt
10965,ALBERT ST @ ELGIN ST/MACKENZIE KING BRIDGE,367852.1334,5031709.686,-75.69429797,45.42248009,2014-09-06,9:58,02 - Rain,02 - Wet,01 - Traffic signal,03 - At intersection,01 - Daylight,03 - P.D. only,07 - SMV other,Downtown
10966,KANATA AVE @ EARL GREY DR,350952.2281,5019284.656,-75.91139793,45.3119967,2014-09-06,11:48,02 - Rain,02 - Wet,01 - Traffic signal,02 - Intersection related,01 - Daylight,03 - P.D. only,03 - Rear end,Kanata
10967,DONALD ST @ 110 E OF ST. LAURENT BLVD ,372205.3352,5032482.877,-75.63857156,45.429031,2014-11-07,21:15,01 - Clear,01 - Dry,01 - Traffic signal,03 - At intersection,07 - Dark,03 - P.D. only,02 - Angle,Cummings
10968,CASTLEFRANK RD btwn WINCHESTER DR & MCKITRICK DR,352888.6823,5017407.973,-75.88688482,45.29497993,2014-11-07,22:09,01 - Clear,01 - Dry,10 - No control,04 - At/near private drive,07 - Dark,03 - P.D. only,05 - Turning movement,Glen Cairn - Kanata South Business Park
10969,MITCH OWENS RD/BRIDGE ST @ RIVER RD,369499.3165,5010769.999,-75.67598838,45.23391916,2014-08-26,17:09,01 - Clear,01 - Dry,01 - Traffic signal,02 - Intersection related,01 - Daylight,03 - P.D. only,03 - Rear end,Manotick
10970,INNES RD btwn HWY417 IC112 RAMP57 & HWY417 IC112 RAMP65,374323.5552,5030768.93,-75.61174616,45.41340245,2014-11-05,16:21,01 - Clear,01 - Dry,10 - No control,01 - Non intersection,05 - Dusk,03 - P.D. only,03 - Rear end,Industrial Park
10971,CAMPEAU DR/HWY 417 MARCH IC138R63 @ MARCH RD,352842.0988,5020474.571,-75.88718143,45.32257705,2014-11-05,16:25,01 - Clear,01 - Dry,01 - Traffic signal,03 - At intersection,05 - Dusk,03 - P.D. only,03 - Rear end,Greenbelt
10972,MCARTHUR AVE @ VANIER PKWY,370218.2311,5032689.638,-75.66393617,45.43108003,2014-08-18,15:05,01 - Clear,01 - Dry,01 - Traffic signal,02 - Intersection related,01 - Daylight,03 - P.D. only,03 - Rear end,Vanier South
10973,COUNTRY LANE  E btwn VILLAGE GR & COUNTRY LANE W,353934.2906,5017515.215,-75.87354382,45.29587258,2014-11-10,14:00,01 - Clear,01 - Dry,10 - No control,04 - At/near private drive,01 - Daylight,03 - P.D. only,06 - SMV unattended vehicle,Glen Cairn - Kanata South Business Park
10974,MONTREAL RD @ VANIER PKWY,370072.5913,5033065.829,-75.66574742,45.43447845,2014-11-12,9:08,01 - Clear,02 - Wet,01 - Traffic signal,02 - Intersection related,01 - Daylight,03 - P.D. only,03 - Rear end,Vanier
10975,ALBION RD btwn DEL ZOTTO AVE & HIGH RD,373868.1451,5019550.26,-75.61913189,45.31250661,2014-11-12,7:55,01 - Clear,01 - Dry,10 - No control,01 - Non intersection,01 - Daylight,03 - P.D. only,03 - Rear end,Greenbelt
10976,GREENBANK RD btwn GIBBARD AVE & WEST HUNT CLUB RD,361437.8718,5020594.166,-75.77752932,45.32301227,2014-10-26,13:00,01 - Clear,01 - Dry,10 - No control,01 - Non intersection,01 - Daylight,03 - P.D. only,03 - Rear end,Greenbelt
10977,CUMMINGS AVE @ MONTREAL RD,372007.7077,5034040.111,-75.64088432,45.44306127,2014-10-28,9:00,01 - Clear,01 - Dry,01 - Traffic signal,02 - Intersection related,01 - Daylight,03 - P.D. only,03 - Rear end,Cummings
10978,HIGHWAY 417 btwn HWY417 IC115 RAMP51 & HWY417 IC115 RAMP35,372341.6595,5031483.62,-75.63696657,45.420027,2014-12-10,20:00,03 - Snow,03 - Loose snow,10 - No control,01 - Non intersection,07 - Dark,03 - P.D. only,04 - Sideswipe,Industrial Park
10979,HWY417 IC110 RAMP55 btwn WALKLEY EXTENSION RD & HIGHWAY 417,375562.9059,5028940.565,-75.5961762,45.39682758,2014-12-10,22:15,03 - Snow,03 - Loose snow,10 - No control,01 - Non intersection,07 - Dark,03 - P.D. only,07 - SMV other,Greenbelt
10980,HIGHWAY 416 btwn HWY416 IC66 RAMP34 & HWY416 IC66 RAMP63,359760.3168,5015232.294,-75.79952085,45.27489907,2014-12-11,8:00,03 - Snow,03 - Loose snow,10 - No control,01 - Non intersection,01 - Daylight,03 - P.D. only,07 - SMV other,Greenbelt
10981,HIGHWAY 417 btwn HWY417 IC134 RAMP35 & HWY417 IC134 RAMP25,356419.8667,5022243.396,-75.84136238,45.33823916,2014-10-20,8:45,01 - Clear,01 - Dry,10 - No control,06 - Underpass or tunnel,01 - Daylight,03 - P.D. only,07 - SMV other,Greenbelt
10982,HIGHWAY 417 btwn HWY417 IC115 RAMP61 & REGIONAL ROAD 174,372838.5716,5031578.632,-75.63060474,45.42083372,2014-10-20,11:20,01 - Clear,01 - Dry,10 - No control,01 - Non intersection,01 - Daylight,03 - P.D. only,04 - Sideswipe,Cummings
10983,FALLOWFIELD RD @ WOODROFFE AVE,365085.15,5017904.615,-75.73133606,45.29850815,2014-10-22,16:00,01 - Clear,01 - Dry,01 - Traffic signal,02 - Intersection related,01 - Daylight,03 - P.D. only,04 - Sideswipe,New Barrhaven
10984,FITZGERALD RD @ ROBERTSON RD,356789.5756,5020289.774,-75.83685061,45.32063297,2014-10-28,18:04,02 - Rain,02 - Wet,01 - Traffic signal,03 - At intersection,07 - Dark,03 - P.D. only,05 - Turning movement,Bells Corners West
10985,KING EDWARD AVE NB btwn CLARENCE ST & YORK ST,368385.8086,5032642.442,-75.68735875,45.43082439,2014-10-10,19:11,01 - Clear,01 - Dry,10 - No control,01 - Non intersection,07 - Dark,03 - P.D. only,03 - Rear end,Lower Town
10986,CYRVILLE RD @ ST. LAURENT BLVD,372240.299,5032111.58,-75.63817562,45.42568687,2014-12-03,14:53,01 - Clear,01 - Dry,01 - Traffic signal,02 - Intersection related,01 - Daylight,03 - P.D. only,02 - Angle,Overbrook
10987,MONTREAL RD @ OLMSTEAD ST,370332.2394,5033214.534,-75.6624094,45.43579215,2014-12-03,13:30,01 - Clear,01 - Dry,01 - Traffic signal,03 - At intersection,01 - Daylight,03 - P.D. only,02 - Angle,Vanier South
10988,CEDARWOOD DR btwn WALKLEY RD & BAYCREST DR,371208.6552,5026769.748,-75.65207691,45.37772189,2014-09-06,0:00,01 - Clear,01 - Dry,10 - No control,01 - Non intersection,00 - Unknown,03 - P.D. only,06 - SMV unattended vehicle,Ledbury - Heron Gate - Ridgemont - Elmwood
10989,PARKDALE AVE @ WELLINGTON ST,365148.7505,5029271.981,-75.72913797,45.40078464,2014-11-18,14:40,01 - Clear,01 - Dry,01 - Traffic signal,02 - Intersection related,01 - Daylight,03 - P.D. only,05 - Turning movement,Islan
10990,ALBERT ST @ ELGIN ST/MACKENZIE KING BRIDGE,367851.0663,5031710.963,-75.69431144,45.42249167,2014-02-11,10:03,01 - Clear,01 - Dry,01 - Traffic signal,03 - At intersection,01 - Daylight,03 - P.D. only,02 - Angle,Downtown
10991,BLAIR RD btwn BEAVERPOND DR & INNES RD,375503.3795,5031624.389,-75.5965515,45.42098119,2014-07-08,20:29,02 - Rain,02 - Wet,10 - No control,01 - Non intersection,05 - Dusk,03 - P.D. only,03 - Rear end,Pineview
10992,BRONSON AVE RAMP 52 btwn HERON RD EB & BRONSON AVE RAMP 62,368719.5127,5026693.846,-75.68386546,45.37727045,2014-08-18,1:23,01 - Clear,01 - Dry,10 - No control,01 - Non intersection,07 - Dark,03 - P.D. only,07 - SMV other,Alta Vista
10993,SECOND LINE RD btwn THOMAS FULLER DR & OLD CARP RD,347694.0971,5023615.871,-75.95257316,45.3511768,2014-08-18,6:20,01 - Clear,01 - Dry,10 - No control,01 - Non intersection,03 - Dawn,03 - P.D. only,07 - SMV other,Carp - Hardwood Plains
10994,RIVERSIDE DR @ SMYTH RD SOUTH SIDE RAMP,369789.8667,5028997.028,-75.66989715,45.39789526,2014-08-21,17:30,02 - Rain,02 - Wet,01 - Traffic signal,02 - Intersection related,01 - Daylight,03 - P.D. only,03 - Rear end,Alta Vista
10995,PRINCE OF WALES DR @ STRANDHERD DR,367176.7116,5014824.191,-75.70505743,45.27060819,2014-09-06,12:18,01 - Clear,01 - Dry,01 - Traffic signal,03 - At intersection,01 - Daylight,03 - P.D. only,02 - Angle,Greenbelt
10996,FINN CRT btwn COLBERT CRES & COLBERT CRES,370854.1235,5026748.738,-75.65660598,45.37756637,2014-11-07,22:22,01 - Clear,01 - Dry,10 - No control,04 - At/near private drive,07 - Dark,03 - P.D. only,06 - SMV unattended vehicle,Ledbury - Heron Gate - Ridgemont - Elmwood
10997,CASTLEFRANK RD @ MACNEIL CRT,352551.1585,5017823.982,-75.89114784,45.29874631,2014-07-30,9:10,02 - Rain,02 - Wet,02 - Stop sign,03 - At intersection,01 - Daylight,03 - P.D. only,02 - Angle,Katimavik - Hazeldean
10998,KEYWORTH AVE btwn PONTIAC ST & CLEARVIEW AVE,363708.7924,5029714.655,-75.74747672,45.40489038,2014-08-27,9:25,01 - Clear,01 - Dry,10 - No control,04 - At/near private drive,01 - Daylight,03 - P.D. only,06 - SMV unattended vehicle,Champlain Park
10999,GEORGE ST @ DALHOUSIE ST,368155.3279,5032314.642,-75.69034622,45.42789588,2014-08-29,13:38,01 - Clear,01 - Dry,01 - Traffic signal,03 - At intersection,01 - Daylight,03 - P.D. only,05 - Turning movement,Byward Market
11000,MARCH RD btwn HERZBERG RD & CORKSTOWN RD,352344.0014,5021519.957,-75.89343435,45.33201756,2014-11-05,17:55,01 - Clear,01 - Dry,10 - No control,01 - Non intersection,07 - Dark,03 - P.D. only,03 - Rear end,Greenbelt
11001,AVONDALE AVE @ BRIERWOOD AVE,363062.6382,5027367.967,-75.75600736,45.38382934,2014-08-18,12:30,01 - Clear,01 - Dry,02 - Stop sign,02 - Intersection related,01 - Daylight,03 - P.D. only,06 - SMV unattended vehicle,Carlingwood - McKellar Park - Laurentien View
11002,BEARBROOK RD/ROCKCLIFFE PKWY @ ST. JOSEPH BLVD,377129.2082,5035238.644,-75.57524828,45.45333375,2014-08-18,5:35,01 - Clear,01 - Dry,01 - Traffic signal,03 - At intersection,03 - Dawn,03 - P.D. only,03 - Rear end,Greenbelt
11003,UPPER DWYER HILL RD btwn PANMURE RD & MANTIL SIDE RD,330046.5214,5018916.875,-76.17803145,45.30974999,2014-11-11,17:38,01 - Clear,01 - Dry,10 - No control,01 - Non intersection,07 - Dark,03 - P.D. only,07 - SMV other,Carp - Hardwood Plains
11004,MARCH RD btwn HALTON TERR/MAXWELL BRIDGE RD & KLONDIKE RD,348764.6894,5024612.369,-75.93882199,45.36007722,2014-11-11,17:44,01 - Clear,01 - Dry,10 - No control,01 - Non intersection,07 - Dark,03 - P.D. only,07 - SMV other,Carp - Hardwood Plains
11005,RIDEAU ST btwn KING EDWARD AVE & NELSON ST,368519.7641,5032422.12,-75.68567545,45.42882982,2014-11-12,11:00,01 - Clear,01 - Dry,10 - No control,01 - Non intersection,01 - Daylight,03 - P.D. only,04 - Sideswipe,Lower Town
11006,CITY PARK DR btwn AMBASSADOR AVE & OGILVIE RD,374200.2945,5032983.107,-75.61300885,45.43333669,2014-11-12,13:52,01 - Clear,01 - Dry,10 - No control,01 - Non intersection,01 - Daylight,03 - P.D. only,05 - Turning movement,Industrial Park
11007,HIGHWAY 417 btwn HWY417 IC115 RAMP25 & REGIONAL ROAD 174,372990.9073,5031585.283,-75.6286575,45.42087874,2014-11-18,16:24,01 - Clear,01 - Dry,10 - No control,01 - Non intersection,05 - Dusk,03 - P.D. only,04 - Sideswipe,Industrial Park
11008,HIGHWAY 417 btwn HWY417 IC124 RAMP67 & HWY417 IC123 RAMP62,364771.45,5028060.949,-75.73410419,45.38992044,2014-12-09,16:35,01 - Clear,01 - Dry,10 - No control,01 - Non intersection,05 - Dusk,03 - P.D. only,03 - Rear end,Westboro
11009,HWY 417 MAITLAND IC126R52 @ MAITLAND AVE,363205.2604,5025833.204,-75.75436781,45.37000787,2014-12-09,16:10,01 - Clear,01 - Dry,03 - Yield sign,02 - Intersection related,05 - Dusk,03 - P.D. only,03 - Rear end,Braemar Park - Bel Air Heights - Copeland Park
11010,HIGHWAY 417 btwn HWY417 IC118 RAMP57 & HWY417 IC118 RAMP35,369212.3958,5030873.32,-75.67702718,45.41483085,2014-12-09,17:45,01 - Clear,01 - Dry,10 - No control,01 - Non intersection,07 - Dark,03 - P.D. only,03 - Rear end,Old Ottawa East
11011,HIGHWAY 417 btwn HWY417 IC127 RAMP63 & HWY417 IC127 RAMP67,362130.0757,5024857.782,-75.76820622,45.36131988,2014-10-24,15:30,01 - Clear,01 - Dry,10 - No control,01 - Non intersection,01 - Daylight,03 - P.D. only,03 - Rear end,Carlingwood West - Glabar Park - McKellar Heights
11012,HIGHWAY 417 btwn HWY417 IC126 RAMP61 & HWY417 IC124 RAMP76,363365.9729,5026132.257,-75.75228078,45.3726853,2014-10-29,15:10,01 - Clear,01 - Dry,10 - No control,01 - Non intersection,01 - Daylight,03 - P.D. only,04 - Sideswipe,Carlingwood West - Glabar Park - McKellar Heights
11013,HIGHWAY 416 btwn HWY416 IC66 RAMP24 & HWY416 IC57 RAMP62,363640.1509,5010271.447,-75.75066304,45.22994713,2014-11-04,6:35,01 - Clear,01 - Dry,10 - No control,01 - Non intersection,03 - Dawn,03 - P.D. only,07 - SMV other,Manotick
11014,HIGHWAY 417 btwn TRANSIT & HWY417 IC127 RAMP35,361967.6054,5024702.913,-75.77029783,45.35993965,2014-11-04,11:52,01 - Clear,01 - Dry,10 - No control,01 - Non intersection,01 - Daylight,03 - P.D. only,04 - Sideswipe,Iris
11015,FRANK KENNY RD btwn RUSSELL RD & DEVINE RD,392599.3416,5026271.636,-75.37908973,45.37088658,2014-10-10,5:00,01 - Clear,01 - Dry,10 - No control,01 - Non intersection,07 - Dark,03 - P.D. only,07 - SMV other,Navan - Vars
11016,HAZELDEAN RD @ HUNTMAR DR/IBER RD,350941.1761,5016080.38,-75.91183704,45.28316445,2014-09-19,19:30,01 - Clear,01 - Dry,01 - Traffic signal,02 - Intersection related,07 - Dark,03 - P.D. only,03 - Rear end,Stittsville
11017,SOMERSET ST    W btwn CAMBRIDGE ST N & BRONSON AVE,366952.0848,5030466.79,-75.70595474,45.41137742,2014-11-29,21:30,01 - Clear,02 - Wet,10 - No control,04 - At/near private drive,07 - Dark,03 - P.D. only,02 - Angle,Centretown West
11018,BASELINE RD @ MERIVALE RD,365053.2746,5025326.463,-75.73083899,45.36529185,2014-12-03,15:36,03 - Snow,04 - Slush,01 - Traffic signal,02 - Intersection related,01 - Daylight,03 - P.D. only,03 - Rear end,Civic Hospital - Experimental Farm - Central Park
11019,BRONSON AVE @ FOURTH AVE,367583.7135,5029010.036,-75.69807143,45.3982136,2014-11-19,18:40,03 - Snow,02 - Wet,02 - Stop sign,02 - Intersection related,07 - Dark,03 - P.D. only,03 - Rear end,The Glebe
11020,LISGAR ST @ METCALFE ST,367916.1823,5031252.535,-75.69353817,45.41836102,2014-08-18,9:45,01 - Clear,01 - Dry,01 - Traffic signal,02 - Intersection related,01 - Daylight,03 - P.D. only,05 - Turning movement,Centretown
11021,METCALFE ST btwn PRETORIA AVE & STRATHCONA AVE,368502.6639,5030312.663,-75.68616669,45.40985121,2014-09-06,11:30,02 - Rain,02 - Wet,10 - No control,01 - Non intersection,01 - Daylight,03 - P.D. only,06 - SMV unattended vehicle,The Glebe
11022,FOURTH LINE RD btwn CENTURY RD W & CARSONBY RD W,362384.4631,5003818.964,-75.7673986,45.17199038,2014-09-06,15:42,01 - Clear,01 - Dry,10 - No control,01 - Non intersection,01 - Daylight,03 - P.D. only,06 - SMV unattended vehicle,Munster Hamlet - Richmond
11023,ALTA VISTA DR @ SMYTH RD,370431.2941,5029079.662,-75.6616942,45.39857893,2014-11-06,17:03,02 - Rain,02 - Wet,01 - Traffic signal,02 - Intersection related,07 - Dark,03 - P.D. only,03 - Rear end,Alta Vista
11024,DES EPINETTES AVE @ PRESTWICK DR,383335.1402,5036664.801,-75.49568747,45.46549517,2014-11-06,17:17,02 - Rain,02 - Wet,02 - Stop sign,03 - At intersection,07 - Dark,03 - P.D. only,02 - Angle,Queenswood Heights
11025,DONNA ST btwn OAKRIDGE BLVD & WESTWOOD DR,363210.8774,5022593.05,-75.75467893,45.34085281,2014-08-01,13:36,01 - Clear,01 - Dry,10 - No control,04 - At/near private drive,01 - Daylight,03 - P.D. only,06 - SMV unattended vehicle,Crestview - Meadowlands
11026,RIVERSIDE DR SB btwn Continuation of RIVERSIDE DR & HWY417 IC117 RAMP5,370752.3151,5030863.301,-75.65735567,45.41459725,2014-08-11,8:06,01 - Clear,01 - Dry,10 - No control,01 - Non intersection,01 - Daylight,03 - P.D. only,03 - Rear end,Industrial Park
11027,VANSTONE DR btwn BELLEVIEW DR & PINEVIEW RD,352902.4911,5018899.798,-75.88656403,45.30840278,2014-09-02,10:30,01 - Clear,01 - Dry,10 - No control,04 - At/near private drive,01 - Daylight,03 - P.D. only,02 - Angle,Katimavik - Hazeldean
11028,BASELINE RD btwn LOBLAWS SC & MERIVALE RD,364959.4357,5025267.695,-75.73204394,45.36477113,2014-09-02,8:30,01 - Clear,01 - Dry,10 - No control,01 - Non intersection,01 - Daylight,03 - P.D. only,03 - Rear end,Civic Hospital - Experimental Farm - Central Park
11029,ANDERSON RD btwn DOLMAN RIDGE RD & RIDGE RD,378850.8738,5028984.678,-75.55417942,45.39688447,2014-11-05,17:56,01 - Clear,01 - Dry,10 - No control,01 - Non intersection,07 - Dark,03 - P.D. only,07 - SMV other,Greenbelt
11030,MITCH OWENS RD btwn SPRATT RD & LIMEBANK RD,370042.3953,5011104.226,-75.66902861,45.23687639,2014-11-05,18:20,01 - Clear,01 - Dry,10 - No control,01 - Non intersection,07 - Dark,03 - P.D. only,07 - SMV other,Manotick
11031,INNES RD btwn CYRVILLE RD & STONEHENGE CRES,375124.8806,5031170.353,-75.60145216,45.41693417,2014-08-18,19:00,01 - Clear,01 - Dry,10 - No control,04 - At/near private drive,01 - Daylight,03 - P.D. only,03 - Rear end,Industrial Park
11032,HAWTHORNE RD @ STEVENAGE DR,375137.2144,5027311.641,-75.60184487,45.38221422,2014-08-18,22:43,01 - Clear,01 - Dry,01 - Traffic signal,02 - Intersection related,07 - Dark,03 - P.D. only,03 - Rear end,Industrial Park
11033,INNES RD @ JEANNE D'ARC BLVD/MER BLEUE RD,382637.2797,5035566.606,-75.50478426,45.45569267,2014-11-11,19:02,01 - Clear,01 - Dry,01 - Traffic signal,03 - At intersection,07 - Dark,03 - P.D. only,05 - Turning movement,Chapel Hill South
11034,PRINCE OF WALES DR @ STRANDHERD DR,367172.9201,5014826.087,-75.70510551,45.27062559,2014-11-11,19:23,01 - Clear,01 - Dry,01 - Traffic signal,02 - Intersection related,07 - Dark,03 - P.D. only,03 - Rear end,Greenbelt
11035,MONTREAL RD @ VANIER PKWY,370072.2359,5033065.592,-75.66575199,45.43447635,2014-11-11,20:00,01 - Clear,01 - Dry,01 - Traffic signal,02 - Intersection related,07 - Dark,03 - P.D. only,04 - Sideswipe,Vanier
11036,RIDEAU ST btwn CUMBERLAND ST & KING EDWARD AVE,368493.2238,5032405.058,-75.6860168,45.42867872,2014-11-12,15:14,01 - Clear,01 - Dry,10 - No control,01 - Non intersection,01 - Daylight,03 - P.D. only,02 - Angle,Byward Market
11037,HIGHWAY 417 btwn HIGHWAY 417 & HWY417 IC129 RAMP51,360041.5842,5023222.293,-75.79504559,45.34677146,2014-12-09,8:00,01 - Clear,01 - Dry,10 - No control,01 - Non intersection,01 - Daylight,03 - P.D. only,04 - Sideswipe,Whitehaven - Queensway Terrace North
11038,HIGHWAY 417 btwn RAMP & HWY417 IC145 RAMP55,346376.2436,5014906.692,-75.97012204,45.27288796,2014-11-22,14:40,01 - Clear,02 - Wet,10 - No control,01 - Non intersection,01 - Daylight,03 - P.D. only,03 - Rear end,Stittsville - Basswood
11039,HIGHWAY 417 btwn HWY417 IC117 RAMP25 & HWY417 IC115 RAMP51,371257.2128,5031369.356,-75.65083727,45.41910275,2014-12-10,17:50,03 - Snow,03 - Loose snow,10 - No control,01 - Non intersection,07 - Dark,03 - P.D. only,03 - Rear end,Industrial Park
11040,HIGHWAY 417 btwn HWY417 IC117 RAMP51 & HWY417 IC117 RAMP35,370695.7283,5031170.008,-75.65803757,45.41736221,2014-11-13,9:15,01 - Clear,01 - Dry,10 - No control,01 - Non intersection,01 - Daylight,03 - P.D. only,03 - Rear end,Industrial Park
11041,HIGHWAY 417 btwn HWY417 IC130 RAMP25 & HIGHWAY 417,359610.8089,5023111.415,-75.80055471,45.34580758,2014-11-13,10:40,01 - Clear,01 - Dry,10 - No control,01 - Non intersection,01 - Daylight,03 - P.D. only,04 - Sideswipe,Qualicum - Redwood Park
11042,HIGHWAY 417 btwn HWY417 IC145 RAMP56 & Continuation of HIGHWAY 417,346256.6771,5014890.451,-75.97164717,45.27274887,2014-12-10,12:30,03 - Snow,04 - Slush,10 - No control,01 - Non intersection,01 - Daylight,03 - P.D. only,07 - SMV other,Stittsville - Basswood
11043,REGIONAL ROAD 174 btwn OR174 IC101 RAMP45 & RAMP,384187.3983,5039851.004,-75.48427546,45.49406527,2014-10-10,21:18,01 - Clear,01 - Dry,10 - No control,01 - Non intersection,07 - Dark,03 - P.D. only,04 - Sideswipe,Chatelaine Village
11044,ABBEYHILL DR @ CASTLEFRANK RD,353225.0407,5017259.502,-75.88261111,45.29362086,2014-10-10,22:44,02 - Rain,02 - Wet,02 - Stop sign,02 - Intersection related,07 - Dark,03 - P.D. only,03 - Rear end,Glen Cairn - Kanata South Business Park
11045,REGIONAL ROAD 174 btwn MCTEER RD & CANAAN RD,395307.4137,5043248.236,-75.3414006,45.52327515,2014-12-03,16:26,03 - Snow,02 - Wet,10 - No control,01 - Non intersection,05 - Dusk,03 - P.D. only,03 - Rear end,Cumberland - Estates
11046,MCKENNA RD @ ROGER STEVENS DR,353310.5677,4988429.811,-75.88432151,45.03419259,2014-12-03,16:43,02 - Rain,02 - Wet,02 - Stop sign,03 - At intersection,05 - Dusk,03 - P.D. only,07 - SMV other,Munster Hamlet - Richmond
11047,CYRVILLE RD btwn INNES RD & END,375076.2283,5031066.833,-75.60208849,45.41600764,2014-11-21,10:45,01 - Clear,01 - Dry,10 - No control,04 - At/near private drive,01 - Daylight,03 - P.D. only,02 - Angle,Industrial Park
11048,SUNNYSIDE AVE @ WILLARD ST,368802.7079,5028621.978,-75.68255329,45.39461161,2014-11-21,16:05,01 - Clear,01 - Dry,02 - Stop sign,02 - Intersection related,01 - Daylight,03 - P.D. only,03 - Rear end,Old Ottawa South
11049,IBER RD btwn HARRY DOUGLAS DR & ABBOTT ST E,351771.5129,5015120.445,-75.90134413,45.27447168,2014-07-15,17:02,01 - Clear,01 - Dry,10 - No control,04 - At/near private drive,01 - Daylight,03 - P.D. only,03 - Rear end,Stittsville