Record,Location,X,Y,lon,lat,Date,Time,Environment,Road_Surface,Traffic_Control,Collision_Location,Light,Collision_Classification,Impact_type,Neighborhood
11050,GLADSTONE AVE @ LYON ST,367583.2396,5030359.675,-75.69790564,45.4103573,2014-07-21,7:19,01 - Clear,01 - Dry,01 - Traffic signal,02 - Intersection related,01 - Daylight,03 - P.D. only,99 - Other,Centretown
11051,RIVERSIDE DR @ HERON RD,368120.631,5026647.221,-75.69151728,45.37690531,2014-08-20,15:57,01 - Clear,01 - Dry,01 - Traffic signal,02 - Intersection related,01 - Daylight,03 - P.D. only,03 - Rear end,Riverside Park
11052,CARLING AVE @ PINECREST  RD/GREENVIEW AVE,360007.1496,5024631.58,-75.79532762,45.35945492,2014-09-06,16:01,01 - Clear,01 - Dry,01 - Traffic signal,02 - Intersection related,01 - Daylight,03 - P.D. only,03 - Rear end,Whitehaven - Queensway Terrace North
11053,BANK ST @ CAMERON AVE,368944.1879,5028261.6,-75.68079334,45.3913561,2014-09-06,17:40,01 - Clear,01 - Dry,01 - Traffic signal,03 - At intersection,01 - Daylight,03 - P.D. only,03 - Rear end,Old Ottawa South
11054,TRIM RD btwn SOUTH FRONTAGE & TAYLOR CREEK DR,384491.923,5039687.334,-75.4804064,45.49255802,2014-11-06,17:36,02 - Rain,02 - Wet,10 - No control,04 - At/near private drive,07 - Dark,03 - P.D. only,02 - Angle,Industrial Park
11055,KENT ST @ WELLINGTON ST,367099.1196,5031526.574,-75.70394246,45.42089996,2014-08-12,18:00,02 - Rain,02 - Wet,01 - Traffic signal,02 - Intersection related,01 - Daylight,03 - P.D. only,03 - Rear end,Downtown
11056,GLENORA AVE @ HERRIDGE ST,369145.7121,5030016.789,-75.6779909,45.40713022,2014-09-02,11:18,01 - Clear,01 - Dry,02 - Stop sign,03 - At intersection,01 - Daylight,03 - P.D. only,02 - Angle,Old Ottawa East
11057,CLEGG ST @ MAIN ST,369271.2334,5029920.621,-75.67640012,45.40625338,2014-09-02,19:53,02 - Rain,02 - Wet,01 - Traffic signal,02 - Intersection related,05 - Dusk,03 - P.D. only,03 - Rear end,Old Ottawa East
11058,EARL MULLIGAN DR @ WOODROFFE AVE,365252.123,5017504.564,-75.72925603,45.29489417,2014-11-05,19:10,01 - Clear,01 - Dry,01 - Traffic signal,02 - Intersection related,07 - Dark,03 - P.D. only,03 - Rear end,Greenbelt
11059,LEMIEUX ST @ ST. LAURENT BLVD,372390.3029,5031741.617,-75.63630969,45.42234364,2014-08-19,8:25,01 - Clear,01 - Dry,01 - Traffic signal,02 - Intersection related,01 - Daylight,03 - P.D. only,04 - Sideswipe,Overbrook
11060,REGIONAL ROAD 174 btwn MORIN RD & OLD MONTREAL RD,392088.9097,5042784.64,-75.3826757,45.51951474,2014-11-11,22:33,01 - Clear,01 - Dry,10 - No control,01 - Non intersection,07 - Dark,03 - P.D. only,07 - SMV other,Cumberland - Estates
11061,ALMOND LANE btwn PICKFORD DR & END,352919.721,5018418.475,-75.88639104,45.30407054,2014-11-11,22:39,01 - Clear,01 - Dry,10 - No control,04 - At/near private drive,07 - Dark,03 - P.D. only,06 - SMV unattended vehicle,Katimavik - Hazeldean
11062,REGIONAL ROAD 174 btwn OR174 IC101 RAMP63 & OR174 IC101 RAMP45,382799.9871,5038919.642,-75.50217199,45.48584218,2014-11-12,15:15,01 - Clear,01 - Dry,10 - No control,01 - Non intersection,01 - Daylight,03 - P.D. only,07 - SMV other,Chatelaine Village
11063,TERRY FOX DR @ PALLADIUM DR/KATIMAVIK RD,351268.2962,5018181.775,-75.90747058,45.30205184,2014-11-12,15:28,01 - Clear,01 - Dry,01 - Traffic signal,02 - Intersection related,01 - Daylight,03 - P.D. only,03 - Rear end,Katimavik - Hazeldean
11064,HIGHWAY 417 btwn HWY417 IC118 RAMP35 & HWY417 IC117 RAMP51,370301.2881,5031113.397,-75.66308439,45.41688988,2014-09-22,18:20,01 - Clear,01 - Dry,10 - No control,01 - Non intersection,01 - Daylight,03 - P.D. only,03 - Rear end,Old Ottawa East
11065,HIGHWAY 417 btwn HWY417 IC138 RAMP61 & HWY417 IC134 RAMP36,354235.4259,5021012.633,-75.86935569,45.32732188,2014-09-23,3:40,01 - Clear,01 - Dry,10 - No control,01 - Non intersection,07 - Dark,03 - P.D. only,99 - Other,Greenbelt
11066,HIGHWAY 417 btwn HWY417 IC123 RAMP62 & HWY417 IC122 RAMP16,365054.3321,5028581.617,-75.73042824,45.39458103,2014-09-23,15:36,01 - Clear,01 - Dry,10 - No control,01 - Non intersection,01 - Daylight,03 - P.D. only,03 - Rear end,Island Park
11067,HIGHWAY 417 btwn HWY417 IC127 RAMP25 & HWY417 IC126 RAMP51,362834.0696,5025379.967,-75.75915946,45.36596053,2014-09-25,3:20,01 - Clear,01 - Dry,10 - No control,01 - Non intersection,07 - Dark,03 - P.D. only,07 - SMV other,Braemar Park - Bel Air Heights - Copeland Park
11068,HIGHWAY 7 btwn HAZELDEAN IC RAMP 53 & HIGHWAY 7,342364.3033,5008435.525,-76.0217401,45.21488276,2014-12-10,13:00,03 - Snow,03 - Loose snow,10 - No control,01 - Non intersection,01 - Daylight,03 - P.D. only,07 - SMV other,Munster Hamlet - Richmond
11069,HIGHWAY 417 btwn HWY417 IC127 RAMP63 & HWY417 IC127 RAMP67,362275.4439,5024970.846,-75.76633766,45.36232532,2014-12-10,15:25,03 - Snow,03 - Loose snow,10 - No control,01 - Non intersection,01 - Daylight,03 - P.D. only,03 - Rear end,Carlingwood West - Glabar Park - McKellar Heights
11070,HIGHWAY 417 btwn HIGHWAY 417 & Continuation of HIGHWAY 417,353320.0242,5020425.574,-75.88109024,45.3221033,2014-12-11,6:15,01 - Clear,04 - Slush,10 - No control,01 - Non intersection,07 - Dark,03 - P.D. only,07 - SMV other,Greenbelt
11071,HIGHWAY 417 btwn HWY417 IC140 RAMP61 & HWY417 IC139 RAMP61,351326.5472,5018925.416,-75.90665804,45.30873946,2014-12-11,9:15,01 - Clear,04 - Slush,10 - No control,01 - Non intersection,01 - Daylight,03 - P.D. only,03 - Rear end,Kanata
11072,RICHMOND RD btwn WEST HUNT CLUB RD & SEYTON DR,357361.5933,5019129.676,-75.82967786,45.31015169,2014-09-29,2:42,01 - Clear,01 - Dry,10 - No control,01 - Non intersection,07 - Dark,03 - P.D. only,07 - SMV other,Greenbelt
11073,HOLLAND AVE btwn WELLINGTON ST W & BYRON AVE,364989.5589,5029011.512,-75.731203,45.3984547,2014-09-30,8:42,01 - Clear,01 - Dry,10 - No control,01 - Non intersection,01 - Daylight,03 - P.D. only,03 - Rear end,Island Park
11074,DRIVEWAY (THE) @ PRINCE OF WALES DR,366882.4768,5028137.989,-75.70713711,45.39042968,2014-10-11,9:06,01 - Clear,01 - Dry,03 - Yield sign,03 - At intersection,01 - Daylight,03 - P.D. only,03 - Rear end,Civic Hospital - Experimental Farm - Central Park
11075,CARLING AVE @ BAYSHORE DR/BIRCHDALE AVE,359005.3449,5023991.56,-75.80818405,45.35377419,2014-12-03,16:41,02 - Rain,04 - Slush,01 - Traffic signal,02 - Intersection related,05 - Dusk,03 - P.D. only,04 - Sideswipe,Bayshore
11076,ST. LAURENT BLVD @ COVENTRY RD/OGILVIE RD,372305.7195,5031951.1,-75.63736169,45.42423664,2014-11-22,9:42,01 - Clear,01 - Dry,01 - Traffic signal,02 - Intersection related,01 - Daylight,03 - P.D. only,04 - Sideswipe,Overbrook
11077,SMYTH RD btwn EDGECOMBE ST & HAIG DR,372344.1884,5029273.878,-75.63723703,45.40014448,2014-11-24,8:25,01 - Clear,01 - Dry,10 - No control,01 - Non intersection,01 - Daylight,03 - P.D. only,04 - Sideswipe,Elmvale - Eastway - Riverview - Riverview Park West
11078,HUNT CLUB RD btwn WEST HUNT CLUB RD & TURN LANE,367916.7978,5021906.636,-75.69472482,45.334269,2014-09-04,16:52,01 - Clear,01 - Dry,10 - No control,01 - Non intersection,01 - Daylight,03 - P.D. only,03 - Rear end,Hunt Club Woods - Quintarra - Revelstoke - Riverside South P
11079,BASELINE RD @ FERGUSON ST,363440.8086,5024314.559,-75.75154114,45.35632361,2014-09-06,20:16,01 - Clear,01 - Dry,01 - Traffic signal,02 - Intersection related,07 - Dark,03 - P.D. only,03 - Rear end,Crestview - Meadowlands
11080,BESSERER ST @ DALHOUSIE ST,368253.1756,5032158.838,-75.68911597,45.42648514,2014-09-07,2:54,01 - Clear,01 - Dry,01 - Traffic signal,03 - At intersection,07 - Dark,03 - P.D. only,05 - Turning movement,Byward Market - Parliament Hill
11081,BANK ST @ LEITRIM RD,375357.2803,5021621.393,-75.5998473,45.33099381,2014-11-04,16:30,01 - Clear,01 - Dry,01 - Traffic signal,03 - At intersection,05 - Dusk,03 - P.D. only,05 - Turning movement,Greenbelt
11082,CATHERINE ST @ METCALFE ST,368393.7378,5030486.653,-75.68753569,45.41142662,2014-09-03,9:01,01 - Clear,01 - Dry,01 - Traffic signal,03 - At intersection,01 - Daylight,03 - P.D. only,04 - Sideswipe,Centretown
11083,BANK ST btwn RIVERSIDE DR & BILLINGS TRANSIT,369376.9007,5027819.565,-75.67532544,45.38733904,2014-11-06,10:25,01 - Clear,01 - Dry,10 - No control,04 - At/near private drive,01 - Daylight,03 - P.D. only,02 - Angle,Alta Vista
11084,ASHTON STATION RD btwn COPELAND RD & FRANKTOWN RD,345295.7666,4997634.586,-75.98529489,45.11752706,2014-11-05,18:00,01 - Clear,01 - Dry,10 - No control,01 - Non intersection,07 - Dark,03 - P.D. only,07 - SMV other,Beckwith
11085,PRINCE OF WALES DR btwn MEADOWLANDS DR & NESBITT PL,367375.2364,5025658.406,-75.70115887,45.36807516,2014-08-19,18:05,01 - Clear,01 - Dry,10 - No control,01 - Non intersection,01 - Daylight,03 - P.D. only,03 - Rear end,Carleton Heights - Rideauview
11086,INNES RD @ TENTH LINE RD,383952.2342,5036158.613,-75.48787877,45.4608713,2014-08-19,18:15,01 - Clear,01 - Dry,01 - Traffic signal,02 - Intersection related,01 - Daylight,03 - P.D. only,03 - Rear end,Queenswood Heights
11087,RENAUD RD btwn NAVAN RD & WHITE ST,382456.7732,5033137.733,-75.50747516,45.43385978,2014-11-12,5:49,01 - Clear,02 - Wet,10 - No control,01 - Non intersection,07 - Dark,03 - P.D. only,03 - Rear end,Chapel Hill South
11088,RICHMOND RD @ WEST HUNT CLUB RD,357146.1212,5018153.41,-75.83252871,45.30138321,2014-11-12,7:32,02 - Rain,02 - Wet,01 - Traffic signal,02 - Intersection related,01 - Daylight,03 - P.D. only,03 - Rear end,Greenbelt
11089,BANK ST @ CAHILL DR/DAZE ST,371307.2889,5024315.78,-75.65114799,45.35563258,2014-11-12,16:26,01 - Clear,01 - Dry,01 - Traffic signal,03 - At intersection,05 - Dusk,03 - P.D. only,04 - Sideswipe,South Keys - Heron Gate - Greenboro West
11090,HIGHWAY 417 btwn HWY417 IC117 RAMP51 & HWY417 IC117 RAMP35,370793.6525,5031188.173,-75.65678407,45.41751642,2014-09-24,9:25,01 - Clear,01 - Dry,10 - No control,01 - Non intersection,01 - Daylight,03 - P.D. only,04 - Sideswipe,Industrial Park
11091,HIGHWAY 417 btwn HWY417 IC115 RAMP25 & REGIONAL ROAD 174,372984.8752,5031585.044,-75.62873461,45.42087717,2014-09-25,17:15,01 - Clear,01 - Dry,10 - No control,01 - Non intersection,01 - Daylight,03 - P.D. only,04 - Sideswipe,Industrial Park
11092,HIGHWAY 417 btwn HWY417 IC140 RAMP61 & HWY417 IC139 RAMP61,351666.2613,5019216.525,-75.90229845,45.31133635,2014-09-04,17:25,01 - Clear,01 - Dry,10 - No control,01 - Non intersection,01 - Daylight,03 - P.D. only,03 - Rear end,Kanata
11093,HIGHWAY 417 btwn HWY417 IC130 RAMP35 & HWY417 IC130 RAMP25,359177.6304,5023057.45,-75.80608806,45.34535572,2014-12-05,11:25,01 - Clear,01 - Dry,10 - No control,01 - Non intersection,01 - Daylight,03 - P.D. only,99 - Other,Bayshore
11094,HWY416 IC75A RAMP26 btwn HIGHWAY 417 & HIGHWAY 416,358487.6966,5022433.793,-75.81495934,45.33979717,2014-12-12,13:50,01 - Clear,02 - Wet,10 - No control,01 - Non intersection,01 - Daylight,03 - P.D. only,04 - Sideswipe,Greenbelt
11095,HIGHWAY 417 btwn HWY417 IC124 RAMP57 & HWY417 IC124 RAMP55,364122.1569,5027101.409,-75.7425109,45.38134197,2014-12-09,7:00,01 - Clear,01 - Dry,10 - No control,01 - Non intersection,03 - Dawn,03 - P.D. only,03 - Rear end,Carlington
11096,MARCH VALLEY RD btwn RIDDELL DR & KLONDIKE RD,348271.2756,5027189.713,-75.94489293,45.38329948,2014-10-11,9:06,01 - Clear,02 - Wet,10 - No control,01 - Non intersection,01 - Daylight,03 - P.D. only,07 - SMV other,Carp - Hardwood Plains
11097,"MCARTHUR AVE btwn MCARTHUR AVE & EGLISE, RUE DE L",371429.129,5032824.579,-75.64844399,45.43217986,2014-10-11,9:48,01 - Clear,01 - Dry,10 - No control,01 - Non intersection,01 - Daylight,03 - P.D. only,03 - Rear end,Castle Heights
11098,WALKLEY RD btwn MELFORT ST & RUSSELL RD,374518.5966,5028406.13,-75.6095886,45.39212375,2014-12-03,16:05,01 - Clear,02 - Wet,10 - No control,04 - At/near private drive,05 - Dusk,03 - P.D. only,05 - Turning movement,Hawthorne Meadows
11099,OSGOODE MAIN ST btwn OLD GEORGE ST & ROBERT DOWD ST,374804.1657,5000885.194,-75.60982117,45.14446989,2014-12-03,17:08,03 - Snow,04 - Slush,10 - No control,01 - Non intersection,07 - Dark,03 - P.D. only,06 - SMV unattended vehicle,Kars - Osgoode
11100,INNES RD @ TENTH LINE RD,383952.7104,5036160.036,-75.48787245,45.46088405,2014-11-24,17:00,02 - Rain,02 - Wet,01 - Traffic signal,02 - Intersection related,07 - Dark,03 - P.D. only,03 - Rear end,Queenswood Heights
11101,MARCH RD @ TERRY FOX DR,349865.5587,5023401.884,-75.92488122,45.34911512,2014-11-24,19:08,02 - Rain,02 - Wet,01 - Traffic signal,02 - Intersection related,07 - Dark,03 - P.D. only,03 - Rear end,South March
11102,FIELDING DR btwn FIELDING CRT & SOUTHMORE DR W,368723.2865,5024600.987,-75.68408806,45.35843913,2014-07-27,19:57,01 - Clear,01 - Dry,10 - No control,01 - Non intersection,01 - Daylight,03 - P.D. only,06 - SMV unattended vehicle,Hunt Club Woods - Quintarra - Revelstoke - Riverside South P
11103,DONALD ST btwn VANIER PKWY & VERA ST,370399.8126,5032277.415,-75.66167067,45.42735401,2014-07-31,8:40,01 - Clear,01 - Dry,10 - No control,04 - At/near private drive,01 - Daylight,03 - P.D. only,05 - Turning movement,Overbrook
11104,BANK ST @ SECOND AVE,368305.2315,5029626.665,-75.68877709,45.40369677,2014-09-04,17:13,01 - Clear,01 - Dry,02 - Stop sign,03 - At intersection,01 - Daylight,03 - P.D. only,05 - Turning movement,The Glebe
11105,COLONNADE RD @ PRINCE OF WALES DR,367393.2898,5023266.516,-75.7012313,45.34655184,2014-09-04,17:21,01 - Clear,01 - Dry,01 - Traffic signal,02 - Intersection related,01 - Daylight,03 - P.D. only,03 - Rear end,Industrial Park
11106,DONALD ST btwn NORTH RIVER RD & END,369950.6365,5032230.275,-75.66741651,45.42697185,2014-09-07,20:40,01 - Clear,01 - Dry,10 - No control,04 - At/near private drive,07 - Dark,03 - P.D. only,06 - SMV unattended vehicle,Overbrook
11107,HOLLAND AVE btwn WELLINGTON ST W & BYRON AVE,364998.4099,5028995.503,-75.73109191,45.39830989,2014-11-07,10:07,01 - Clear,01 - Dry,10 - No control,04 - At/near private drive,01 - Daylight,03 - P.D. only,02 - Angle,Island Park
11108,PRINCE OF WALES DR @ STRANDHERD DR,367174.8159,5014825.139,-75.70508147,45.27061689,2014-11-06,17:00,02 - Rain,02 - Wet,01 - Traffic signal,02 - Intersection related,07 - Dark,03 - P.D. only,07 - SMV other,Greenbelt
11109,BANK ST btwn HOPEWELL AVE & GLEN AVE,368775.8173,5028492.177,-75.68291354,45.39344616,2014-08-16,10:45,01 - Clear,01 - Dry,10 - No control,01 - Non intersection,01 - Daylight,03 - P.D. only,06 - SMV unattended vehicle,Old Ottawa South
11110,WHITE ALDER AVE btwn SPARTINA ST & BUFFLEHEAD WAY,374576.9675,5020165.233,-75.61000632,45.31796984,2014-08-17,23:03,01 - Clear,01 - Dry,10 - No control,01 - Non intersection,07 - Dark,03 - P.D. only,07 - SMV other,Greenbelt
11111,DU GRAND BOIS AVE @ PRESTWICK DR,383502.4056,5036091.578,-75.49364057,45.460319,2014-08-18,0:22,01 - Clear,01 - Dry,02 - Stop sign,02 - Intersection related,07 - Dark,03 - P.D. only,07 - SMV other,Queenswood Heights
11112,FALLOWFIELD RD btwn STEEPLE HILL CRES & MOODIE DR,358793.6517,5014258.951,-75.81194611,45.26621568,2014-11-06,10:37,01 - Clear,01 - Dry,10 - No control,01 - Non intersection,01 - Daylight,03 - P.D. only,03 - Rear end,Greenbelt
11113,CARLING AVE WB btwn ANCASTER AVE & WOODROFFE AVE,361916.4988,5025835.466,-75.7708192,45.37013444,2014-11-06,11:34,01 - Clear,01 - Dry,10 - No control,01 - Non intersection,01 - Daylight,03 - P.D. only,03 - Rear end,Carlingwood West - Glabar Park - McKellar Heights
11114,SMYTH RD btwn ALTA VISTA DR & FAIRBANKS AVE,370454.0429,5029077.766,-75.66140392,45.39855974,2014-11-12,8:11,01 - Clear,01 - Dry,10 - No control,01 - Non intersection,01 - Daylight,03 - P.D. only,04 - Sideswipe,Alta Vista
11115,HUNT CLUB RD btwn WEST HUNT CLUB RD & TURN LANE,367909.2149,5021904.74,-75.6948218,45.33425262,2014-11-12,8:26,01 - Clear,01 - Dry,10 - No control,01 - Non intersection,01 - Daylight,03 - P.D. only,04 - Sideswipe,Hunt Club Woods - Quintarra - Revelstoke - Riverside South P
11116,HIGHWAY 417 btwn HWY417 IC140 RAMP51 & HWY417 IC140 RAMP35,350506.4963,5018296.382,-75.91717341,45.30313309,2014-09-26,14:25,01 - Clear,01 - Dry,10 - No control,01 - Non intersection,01 - Daylight,03 - P.D. only,04 - Sideswipe,Katimavik - Hazeldean
11117,HIGHWAY 417 btwn HWY417 IC117 RAMP25 & HWY417 IC115 RAMP51,371288.6498,5031373.428,-75.65043508,45.41913641,2014-09-26,7:50,01 - Clear,01 - Dry,10 - No control,01 - Non intersection,01 - Daylight,03 - P.D. only,03 - Rear end,Industrial Park
11118,HIGHWAY 417 btwn HWY417 IC118 RAMP57 & HWY417 IC118 RAMP35,369483.3136,5031055.299,-75.67354224,45.41644324,2014-09-26,17:15,01 - Clear,01 - Dry,10 - No control,01 - Non intersection,01 - Daylight,03 - P.D. only,04 - Sideswipe,Old Ottawa East
11119,HIGHWAY 417 btwn REGIONAL ROAD 174 & HWY417 IC113 RAMP85,373329.9868,5031722.869,-75.62430612,45.42208353,2014-09-26,22:00,01 - Clear,01 - Dry,10 - No control,01 - Non intersection,07 - Dark,03 - P.D. only,04 - Sideswipe,Pineview
11120,HIGHWAY 417 btwn HWY417 IC155 RAMP61 & HWY417 IC145 RAMP56,342170.9929,5017591.426,-76.02351265,45.2972825,2014-12-12,16:00,01 - Clear,01 - Dry,10 - No control,01 - Non intersection,05 - Dusk,03 - P.D. only,07 - SMV other,Carp - Hardwood Plains
11121,HIGHWAY 417 btwn HWY417 IC118 RAMP67 & HWY417 IC117 RAMP36,370206.1004,5031118.701,-75.66429978,45.41694651,2014-12-13,17:20,01 - Clear,01 - Dry,10 - No control,01 - Non intersection,07 - Dark,03 - P.D. only,03 - Rear end,Sandy Hill
11122,HIGHWAY 417 btwn HWY417 IC180 RAMP35 & HWY417 IC169 RAMP51,320658.8461,5030046.012,-76.29739427,45.41017138,2014-12-14,16:15,01 - Clear,02 - Wet,10 - No control,01 - Non intersection,05 - Dusk,03 - P.D. only,07 - SMV other,Mississipp
11123,HIGHWAY 417 btwn HWY417 IC163 RAMP51 & HWY417 IC163 RAMP15,331076.6574,5021512.503,-76.16475664,45.33306913,2014-12-14,19:30,01 - Clear,02 - Wet,10 - No control,01 - Non intersection,07 - Dark,03 - P.D. only,07 - SMV other,Car
11124,WELLINGTON ST btwn O'CONNOR ST & METCALFE ST,367550.4973,5031805.705,-75.69813977,45.42337115,2014-10-08,9:02,01 - Clear,02 - Wet,10 - No control,01 - Non intersection,01 - Daylight,03 - P.D. only,04 - Sideswipe,Downtown
11125,EARL MULLIGAN DR @ WOODROFFE AVE,365250.2273,5017506.46,-75.72927997,45.29491139,2014-10-11,11:53,01 - Clear,01 - Dry,01 - Traffic signal,02 - Intersection related,01 - Daylight,03 - P.D. only,03 - Rear end,Greenbelt
11126,CARLING AVE @ FAIRLAWN AVE/WOODROFFE AVE E,361934.6841,5025830.528,-75.77058762,45.37008852,2014-10-11,11:50,01 - Clear,01 - Dry,01 - Traffic signal,02 - Intersection related,01 - Daylight,03 - P.D. only,04 - Sideswipe,Carlingwood West - Glabar Park - McKellar Heights
11127,BLAIR RD @ REGIONAL RD 174 N/OR174 IC112 RAMP61,374632.4109,5032991.653,-75.60748552,45.43337057,2014-12-03,18:27,03 - Snow,02 - Wet,01 - Traffic signal,02 - Intersection related,07 - Dark,03 - P.D. only,03 - Rear end,Industrial Park
11128,HAZELDEAN RD/HAZELDEAN RD IC RAMP 62 @ HAZELDE,346896.2056,5012419.922,-75.96370627,45.25048003,2014-12-03,18:40,03 - Snow,06 - Ice,02 - Stop sign,02 - Intersection related,07 - Dark,03 - P.D. only,03 - Rear end,Stittsville - Basswood
11129,MALAKOFF RD btwn MACKEY RD & COWELL RD,364586.973,4993267.806,-75.7406409,45.0768654,2014-11-26,0:03,01 - Clear,01 - Dry,10 - No control,01 - Non intersection,07 - Dark,03 - P.D. only,07 - SMV other,Munster Hamlet - Richmond
11130,INNES RD @ JEANNE D'ARC BLVD/MER BLEUE RD,382639.1754,5035566.606,-75.50476002,45.45569246,2014-08-08,14:34,01 - Clear,01 - Dry,01 - Traffic signal,02 - Intersection related,01 - Daylight,03 - P.D. only,03 - Rear end,Chapel Hill South
11131,DAZE ST btwn HUNT CLUB RD & 200 W OF BANK ST,371225.3037,5023984.139,-75.65223884,45.35265635,2014-08-11,17:53,01 - Clear,01 - Dry,10 - No control,01 - Non intersection,01 - Daylight,03 - P.D. only,03 - Rear end,South Keys - Heron Gate - Greenboro West
11132,CUMMINGS AVE @ MONTREAL RD,372007.2338,5034038.69,-75.64089057,45.44304853,2014-09-04,17:25,01 - Clear,01 - Dry,01 - Traffic signal,03 - At intersection,01 - Daylight,03 - P.D. only,05 - Turning movement,Cummings
11133,PERTH ST @ SHEA RD,357526.9724,5006973.02,-75.82885871,45.20075124,2014-09-04,16:45,01 - Clear,01 - Dry,02 - Stop sign,02 - Intersection related,01 - Daylight,03 - P.D. only,99 - Other,Munster Hamlet - Richmond
11134,STITTSVILLE MAIN ST @ ORVILLE ST,350312.5913,5013247.682,-75.92010884,45.25771586,2014-11-07,11:11,01 - Clear,02 - Wet,02 - Stop sign,02 - Intersection related,01 - Daylight,03 - P.D. only,03 - Rear end,Stittsville
11135,MEADOWLANDS DR @ MERIVALE RD,364858.6999,5023724.75,-75.73351722,45.35089657,2014-11-07,1:00,02 - Rain,02 - Wet,01 - Traffic signal,02 - Intersection related,07 - Dark,03 - P.D. only,07 - SMV other,Cityview - Skyline - Fisher Heights
11136,LYON ST @ SLATER ST,367102.2307,5031150.692,-75.70395023,45.41751762,2014-11-06,22:58,02 - Rain,02 - Wet,01 - Traffic signal,03 - At intersection,07 - Dark,03 - P.D. only,02 - Angle,Downtown
11137,DALHOUSIE ST @ RIDEAU ST,368206.2352,5032225.685,-75.68970717,45.42709086,2014-08-18,4:41,01 - Clear,01 - Dry,01 - Traffic signal,03 - At intersection,07 - Dark,03 - P.D. only,05 - Turning movement,Byward Market - Parliament Hill
11138,RIDEAU ST @ WALLER ST,368281.3261,5032273.636,-75.68874147,45.42751549,2014-09-03,18:00,01 - Clear,01 - Dry,01 - Traffic signal,03 - At intersection,01 - Daylight,03 - P.D. only,04 - Sideswipe,Byward Market
11139,BASELINE RD/HERON RD @ PRINCE OF WALES DR,366876.0762,5026439.48,-75.70743242,45.37514748,2014-09-04,9:15,01 - Clear,01 - Dry,01 - Traffic signal,02 - Intersection related,01 - Daylight,03 - P.D. only,03 - Rear end,Civic Hospital - Experimental Farm - Central Park
11140,BASELINE RD btwn GREENBANK RD & PINECREST RD,360686.3099,5022637.581,-75.78688475,45.34145916,2014-11-06,15:00,01 - Clear,02 - Wet,10 - No control,04 - At/near private drive,01 - Daylight,03 - P.D. only,02 - Angle,Iris
11141,HOPE SIDE RD @ FREEPORT DR,355435.221,5014672.437,-75.85469841,45.27018612,2014-09-18,15:05,01 - Clear,01 - Dry,02 - Stop sign,02 - Intersection related,01 - Daylight,03 - P.D. only,03 - Rear end,Bridlewood - Emerald Meadows
11142,KING EDWARD AVE @ TEMPLETON ST,369060.1829,5031506.634,-75.67888916,45.42054317,2014-09-19,10:39,01 - Clear,01 - Dry,01 - Traffic signal,02 - Intersection related,01 - Daylight,03 - P.D. only,03 - Rear end,Sandy Hill
11143,CASTLEFRANK RD @ KATIMAVIK RD,351949.979,5018944.464,-75.89870619,45.30886928,2014-03-06,11:24,01 - Clear,01 - Dry,01 - Traffic signal,03 - At intersection,01 - Daylight,03 - P.D. only,05 - Turning movement,Katimavik - Hazeldean
11144,FRANK KENNY RD btwn COLONIAL RD & HUISMANS RD,390257.137,5031872.35,-75.4080163,45.42156552,2014-11-12,17:19,01 - Clear,01 - Dry,10 - No control,01 - Non intersection,07 - Dark,03 - P.D. only,99 - Other,Navan
11145,EAGLESON RD @ HAZELDEAN RD/ROBERTSON RD,353675.9946,5018423.512,-75.87674733,45.30406365,2014-11-12,17:10,01 - Clear,01 - Dry,01 - Traffic signal,02 - Intersection related,07 - Dark,03 - P.D. only,03 - Rear end,Greenbelt
11146,HIGHWAY 417 btwn HWY417 IC138 RAMP61 & HWY417 IC134 RAMP36,355538.9898,5021782.287,-75.85264837,45.3341543,2014-09-27,0:00,01 - Clear,01 - Dry,10 - No control,01 - Non intersection,00 - Unknown,03 - P.D. only,03 - Rear end,Greenbelt
11147,HIGHWAY 417 btwn HWY417 IC115 RAMP36 & HWY417 IC115 RAMP26,372461.6525,5031522.485,-75.63542816,45.42036509,2014-09-18,12:25,01 - Clear,01 - Dry,10 - No control,01 - Non intersection,01 - Daylight,03 - P.D. only,03 - Rear end,Overbrook
11148,HIGHWAY 417 btwn HWY417 IC119B RAMP76 & HWY417 IC119A RAMP67,368151.9127,5030264.747,-75.69065342,45.40945192,2014-11-25,17:44,01 - Clear,01 - Dry,10 - No control,01 - Non intersection,07 - Dark,03 - P.D. only,03 - Rear end,The Glebe
11149,HIGHWAY 417 btwn HWY417 IC119A RAMP75 & HWY417 IC118 RAMP57,368835.1986,5030632.94,-75.68187722,45.41270261,2014-12-15,13:05,01 - Clear,01 - Dry,10 - No control,01 - Non intersection,01 - Daylight,03 - P.D. only,04 - Sideswipe,Old Ottawa East
11150,HIGHWAY 417 btwn HWY417 IC130 RAMP35 & HWY417 IC130 RAMP25,359250.221,5023066.91,-75.80516076,45.34543521,2014-11-18,6:39,01 - Clear,01 - Dry,10 - No control,01 - Non intersection,03 - Dawn,03 - P.D. only,03 - Rear end,Qualicum - Redwood Park
11151,HIGHWAY 417 btwn HWY417 IC119B RAMP57 & HWY417 IC119A RAMP75,368464.6828,5030448.008,-75.68663439,45.41107246,2014-12-15,11:10,01 - Clear,01 - Dry,10 - No control,01 - Non intersection,01 - Daylight,03 - P.D. only,03 - Rear end,The Glebe
11152,HUNT CLUB RD @ DOWNPATRICK RD/MCCARTHY RD,370508.6845,5023400.034,-75.6614614,45.34746826,2014-10-16,19:32,02 - Rain,02 - Wet,01 - Traffic signal,02 - Intersection related,07 - Dark,03 - P.D. only,03 - Rear end,Hunt Club East - Western Community