Record,Location,X,Y,lon,lat,Date,Time,Environment,Road_Surface,Traffic_Control,Collision_Location,Light,Collision_Classification,Impact_type,Neighborhood
11153,STRANDHERD DR @ WOODROFFE AVE,366107.5758,5015396.097,-75.71861083,45.2758482,2014-10-11,14:30,01 - Clear,01 - Dry,01 - Traffic signal,02 - Intersection related,01 - Daylight,03 - P.D. only,03 - Rear end,Chapman Mills - Rideau Crest - Davidson Heights
11154,HEATHERINGTON RD btwn ALBION RD N & BANNERHILL PRIV,371503.9688,5026250.531,-75.64837682,45.37302212,2014-10-11,16:10,01 - Clear,01 - Dry,10 - No control,01 - Non intersection,01 - Daylight,03 - P.D. only,04 - Sideswipe,Ledbury - Heron Gate - Ridgemont - Elmwood
11155,LOYOLA AVE btwn EASTVALE DR & DE SALABERRY ST,375756.6247,5035074.322,-75.59281866,45.451996,2014-12-03,19:19,03 - Snow,06 - Ice,10 - No control,01 - Non intersection,07 - Dark,03 - P.D. only,07 - SMV other,Beacon Hill North
11156,HARDING RD @ WALKLEY RD,373149.2046,5027607.587,-75.62718633,45.3850738,2014-12-03,20:05,02 - Rain,06 - Ice,01 - Traffic signal,02 - Intersection related,07 - Dark,03 - P.D. only,03 - Rear end,Urbandale
11157,CARLING AVE @ HOLLAND AVE,365415.7348,5028039.029,-75.72587946,45.38966775,2014-11-26,8:33,01 - Clear,01 - Dry,01 - Traffic signal,03 - At intersection,01 - Daylight,03 - P.D. only,05 - Turning movement,Civic Hospital - Experimental Farm - Central Park
11158,O'CONNOR ST @ WELLINGTON ST,367414.6493,5031723.058,-75.69988604,45.4226397,2014-11-26,12:43,01 - Clear,01 - Dry,01 - Traffic signal,02 - Intersection related,01 - Daylight,03 - P.D. only,04 - Sideswipe,Downtown
11159,CARP RD @ WESTBROOK RD,347736.1433,5015445.284,-75.95274469,45.27765269,2014-08-12,12:17,02 - Rain,02 - Wet,01 - Traffic signal,02 - Intersection related,01 - Daylight,03 - P.D. only,03 - Rear end,Stittsville - Basswood
11160,BANK ST btwn BLAIS RD & RIDEAU RD,376514.5046,5018806.103,-75.58549318,45.30554573,2014-08-13,14:00,01 - Clear,01 - Dry,10 - No control,04 - At/near private drive,01 - Daylight,03 - P.D. only,05 - Turning movement,Greenbelt
11161,BASELINE RD @ GREENBANK RD,360596.2625,5022584.5,-75.78803966,45.34098871,2014-09-04,17:42,01 - Clear,01 - Dry,01 - Traffic signal,02 - Intersection related,01 - Daylight,03 - P.D. only,04 - Sideswipe,Qualicum - Redwood Park
11162,ARMSTRONG ST @ PARKDALE AVE,365091.166,5029404.559,-75.72985725,45.40198251,2014-09-04,18:07,01 - Clear,01 - Dry,01 - Traffic signal,03 - At intersection,01 - Daylight,03 - P.D. only,05 - Turning movement,Islan
11163,WEST HUNT CLUB RD @ ANTARES DR/LASER ST,367107.7113,5022081.027,-75.70502458,45.33591045,2014-11-07,12:18,02 - Rain,02 - Wet,01 - Traffic signal,02 - Intersection related,01 - Daylight,03 - P.D. only,02 - Angle,Industrial Park
11164,NAVAN RD @ PAGE RD,381660.2339,5032771.498,-75.51771132,45.43065268,2014-11-07,12:28,01 - Clear,01 - Dry,02 - Stop sign,03 - At intersection,01 - Daylight,03 - P.D. only,02 - Angle,Chapel Hill South
11165,PALLADIUM DR @ SILVER SEVEN RD,351050.1859,5017886.499,-75.91027916,45.29940926,2014-11-06,22:57,02 - Rain,02 - Wet,01 - Traffic signal,02 - Intersection related,07 - Dark,03 - P.D. only,03 - Rear end,Katimavik - Hazeldean
11166,BANK ST btwn CHESLEY ST & RIVERDALE AVE,369003.3324,5028197.337,-75.68004642,45.39077246,2014-08-18,16:16,01 - Clear,01 - Dry,10 - No control,01 - Non intersection,01 - Daylight,03 - P.D. only,04 - Sideswipe,Old Ottawa South
11167,CYRVILLE RD @ ST. LAURENT BLVD,372243.1426,5032111.58,-75.63813928,45.4256866,2014-09-04,8:00,01 - Clear,01 - Dry,01 - Traffic signal,02 - Intersection related,01 - Daylight,03 - P.D. only,04 - Sideswipe,Overbrook
11168,MERIVALE RD @ EMERALD PLAZA SC,364737.5669,5024005.678,-75.73502895,45.35343469,2014-09-04,12:30,01 - Clear,01 - Dry,01 - Traffic signal,02 - Intersection related,01 - Daylight,03 - P.D. only,03 - Rear end,Cityview - Skyline - Fisher Heights
11169,CARP RD @ RICHARDSON SIDE RD,346209.5557,5017160.71,-75.97205825,45.29318034,2014-11-07,11:22,01 - Clear,01 - Dry,01 - Traffic signal,03 - At intersection,01 - Daylight,03 - P.D. only,02 - Angle,Stittsville - Basswood
11170,BESSERER ST @ WALLER ST,368315.0786,5032192.832,-75.68832059,45.42678538,2014-09-19,11:35,01 - Clear,01 - Dry,01 - Traffic signal,02 - Intersection related,01 - Daylight,03 - P.D. only,04 - Sideswipe,Byward Market - Parliament Hill
11171,GLEN AVE btwn GROVE AVE & SENECA ST,368254.9411,5028107.703,-75.68961484,45.39003417,2014-09-19,13:28,01 - Clear,01 - Dry,10 - No control,01 - Non intersection,01 - Daylight,03 - P.D. only,07 - SMV other,Old Ottawa South
11172,MOODIE DR @ ROBERTSON RD,357067.126,5020454.53,-75.83329318,45.32209486,2014-09-12,12:19,01 - Clear,01 - Dry,01 - Traffic signal,03 - At intersection,01 - Daylight,03 - P.D. only,03 - Rear end,Bells Corners West
11173,ORCHARDVIEW AVE @ GARDENWAY DR,384737.1848,5036806.553,-75.47773783,45.46661149,2014-11-12,17:22,01 - Clear,01 - Dry,02 - Stop sign,03 - At intersection,07 - Dark,03 - P.D. only,05 - Turning movement,Fallingbrook
11174,HIGHWAY 417 btwn HWY417 IC122 RAMP16 & HWY417 IC122 RAMP61,365332.4328,5028892.948,-75.72683845,45.39735833,2014-09-18,16:20,01 - Clear,01 - Dry,10 - No control,01 - Non intersection,01 - Daylight,03 - P.D. only,03 - Rear end,Civi
11175,HWY416 IC75A RAMP43 btwn HWY416 IC75A RAMP63 & HIGHWAY 416,358706.2046,5021920.456,-75.81222736,45.33516139,2014-09-27,4:15,01 - Clear,01 - Dry,10 - No control,01 - Non intersection,07 - Dark,03 - P.D. only,07 - SMV other,Nepean
11176,HIGHWAY 416 btwn HWY416 IC66 RAMP62 & HWY416 IC72 RAMP24,359288.2672,5016307.445,-75.80541873,45.28461015,2014-09-27,20:55,01 - Clear,01 - Dry,10 - No control,01 - Non intersection,07 - Dark,03 - P.D. only,07 - SMV other,Greenbelt
11177,HIGHWAY 417 btwn HWY417 IC121B RAMP51 & HWY417 IC121A RAMP51,366741.6442,5029567.389,-75.70875604,45.40330352,2014-12-15,17:12,01 - Clear,02 - Wet,10 - No control,01 - Non intersection,07 - Dark,03 - P.D. only,03 - Rear end,Little Italy
11178,HIGHWAY 417 btwn HIGHWAY 417 & HWY417 IC115 RAMP61,372601.0419,5031537.777,-75.63364516,45.42048919,2014-12-15,23:20,01 - Clear,02 - Wet,10 - No control,01 - Non intersection,07 - Dark,03 - P.D. only,03 - Rear end,Cummings
11179,HIGHWAY 417 btwn HWY417 IC163 RAMP15 & HWY417 IC155 RAMP51,338563.2398,5019564.916,-76.06937639,45.31522356,2014-12-16,19:30,04 - Freezing Rain,04 - Slush,10 - No control,01 - Non intersection,07 - Dark,03 - P.D. only,07 - SMV other,Carp - Hardwood Plains
11180,WALKLEY RD btwn DON REID DR/RYDER ST & 160 W OF CONROY RD,372617.8789,5027294.52,-75.63401354,45.3823086,2014-10-17,15:19,02 - Rain,02 - Wet,10 - No control,01 - Non intersection,01 - Daylight,03 - P.D. only,03 - Rear end,Playfair Park - Lynda Park - Guildwood Estates
11181,BASELINE RD btwn FISHER AVE & LEXINGTON ST,366232.2518,5026069.863,-75.71569776,45.37187848,2014-10-17,15:42,02 - Rain,02 - Wet,10 - No control,01 - Non intersection,01 - Daylight,03 - P.D. only,04 - Sideswipe,Civic Hospital - Experimental Farm - Central Park
11182,CHAMPLAIN ST btwn OR174 IC102 RAMP36 & PLACE D'ORLEANS DR,381552.3053,5038295.046,-75.51822841,45.48036091,2014-12-03,20:10,01 - Clear,02 - Wet,10 - No control,01 - Non intersection,07 - Dark,03 - P.D. only,04 - Sideswipe,Orleans South West
11183,PROVENDER AVE @ ROTHBURY CRES W,372918.0364,5034726.49,-75.62915391,45.44914884,2014-12-03,18:00,03 - Snow,06 - Ice,02 - Stop sign,02 - Intersection related,07 - Dark,03 - P.D. only,06 - SMV unattended vehicle,Gloucester
11184,MONTREAL RD @ SHEFFORD RD,376125.7305,5034853.1,-75.58813232,45.44996801,2014-11-24,17:00,02 - Rain,02 - Wet,01 - Traffic signal,02 - Intersection related,05 - Dusk,03 - P.D. only,03 - Rear end,Beacon Hill South - Cardinal Heights
11185,BASELINE RD @ FISHER AVE,366166.6936,5026028.786,-75.71653977,45.37151462,2014-11-26,15:30,01 - Clear,01 - Dry,01 - Traffic signal,02 - Intersection related,01 - Daylight,03 - P.D. only,03 - Rear end,Civic Hospital - Experimental Farm - Central Park
11186,ST. LAURENT BLVD @ COVENTRY RD/OGILVIE RD,372305.2456,5031949.679,-75.63736794,45.4242239,2014-08-13,15:04,01 - Clear,01 - Dry,01 - Traffic signal,02 - Intersection related,01 - Daylight,03 - P.D. only,04 - Sideswipe,Overbrook
11187,BASELINE RD btwn DEERFIELD DR & FERGUSON ST,363429.7896,5024308.872,-75.75168245,45.35627336,2014-08-13,8:00,02 - Rain,02 - Wet,10 - No control,04 - At/near private drive,01 - Daylight,03 - P.D. only,02 - Angle,Braemar Park - Bel Air Heights - Copeland Park
11188,CAMBRIDGE ST @ CARLING AVE,367354.1831,5029273.608,-75.70096948,45.40060569,2014-09-04,18:11,01 - Clear,01 - Dry,02 - Stop sign,03 - At intersection,01 - Daylight,03 - P.D. only,03 - Rear end,Centretown West
11189,BOTTRIELL WAY N @ CHARLEMAGNE BLVD,383696.7611,5037953.576,-75.49085683,45.47704964,2014-09-04,19:10,01 - Clear,01 - Dry,01 - Traffic signal,03 - At intersection,01 - Daylight,03 - P.D. only,02 - Angle,Fallingbrook
11190,WOODROFFE AVE @ GEORGINA DR/LENESTER AVE,361909.6866,5025370.773,-75.77095987,45.36595372,2014-11-07,12:30,01 - Clear,01 - Dry,01 - Traffic signal,02 - Intersection related,01 - Daylight,03 - P.D. only,04 - Sideswipe,Whitehaven - Queensway Terrace North
11191,MERIVALE RD btwn BASIL MACDONALD WAY & VIEWMOUNT DR,365176.7425,5022987.756,-75.72954862,45.34423789,2014-11-07,12:46,02 - Rain,02 - Wet,10 - No control,01 - Non intersection,01 - Daylight,03 - P.D. only,03 - Rear end,Crestview - Meadowlands
11192,BOUNDARY RD btwn PANA RD & CARTWRIGHT RD,390646.4418,5015250.082,-75.40592766,45.27196681,2014-11-07,5:40,02 - Rain,02 - Wet,10 - No control,01 - Non intersection,07 - Dark,03 - P.D. only,07 - SMV other,Metcalfe
11193,BOOTH ST @ 148 N OF MIDDLE ST/E.B.EDDY S,366033.294,5031417.017,-75.71757389,45.4200083,2014-11-07,6:10,02 - Rain,02 - Wet,01 - Traffic signal,02 - Intersection related,07 - Dark,03 - P.D. only,03 - Rear end,LeBreto
11194,ALBERT ST btwn KENT ST & BANK ST,367352.9744,5031405.829,-75.70071435,45.41979089,2014-08-19,18:32,01 - Clear,01 - Dry,10 - No control,01 - Non intersection,01 - Daylight,03 - P.D. only,04 - Sideswipe,Downtown
11195,BRONSON AVE btwn PLYMOUTH ST & RENFREW AVE,367344.1585,5029575.318,-75.70105925,45.40332129,2014-08-20,16:06,01 - Clear,01 - Dry,10 - No control,01 - Non intersection,01 - Daylight,03 - P.D. only,03 - Rear end,Centretown West
11196,SLATER ST btwn KENT ST & BANK ST,367333.5735,5031296.647,-75.70097608,45.41881024,2014-09-04,17:01,01 - Clear,01 - Dry,10 - No control,04 - At/near private drive,01 - Daylight,03 - P.D. only,02 - Angle,Downtown
11197,CARLING AVE @ PARKDALE AVE,365626.4539,5028171.922,-75.72317225,45.39084522,2014-09-05,12:52,01 - Clear,01 - Dry,01 - Traffic signal,02 - Intersection related,01 - Daylight,03 - P.D. only,03 - Rear end,Civic Hospital - Experimental Farm - Central Park
11198,INNES RD @ TENTH LINE RD,383952.2342,5036160.509,-75.48787846,45.46088836,2014-11-07,17:45,01 - Clear,01 - Dry,01 - Traffic signal,02 - Intersection related,07 - Dark,03 - P.D. only,03 - Rear end,Queenswood Heights
11199,BASELINE RD @ 207 E OF CLYDE AVE,364536.9025,5025000.976,-75.73746948,45.36240737,2014-09-18,14:45,01 - Clear,01 - Dry,01 - Traffic signal,03 - At intersection,01 - Daylight,03 - P.D. only,05 - Turning movement,Civic Hospital - Experimental Farm - Central Park
11200,NELSON ST @ SOMERSET ST,369094.2327,5031761.576,-75.67842085,45.42283392,2014-09-19,15:09,01 - Clear,01 - Dry,02 - Stop sign,03 - At intersection,01 - Daylight,03 - P.D. only,02 - Angle,Sandy Hill
11201,OLYMPIA CRES @ WINGATE DR,373149.5239,5029165.341,-75.62696647,45.39908975,2014-09-19,16:45,01 - Clear,01 - Dry,03 - Yield sign,03 - At intersection,01 - Daylight,03 - P.D. only,02 - Angle,Elmvale - Eastway - Riverview - Riverview Park West
11202,FALLOWFIELD RD btwn ASHDALE AVE & PRINCE OF WALES DR,367031.2071,5018931.989,-75.7063963,45.30758266,2014-09-19,16:48,01 - Clear,01 - Dry,10 - No control,01 - Non intersection,01 - Daylight,03 - P.D. only,03 - Rear end,Greenbelt
11203,TRECHELLE PRIV btwn STITTSVILLE MAIN ST & WORTHINGTON PRIV,350904.4191,5012687.802,-75.9126205,45.25263933,2014-11-08,11:00,01 - Clear,01 - Dry,10 - No control,04 - At/near private drive,01 - Daylight,03 - P.D. only,06 - SMV unattended vehicle,Stittsville
11204,MCCORDICK RD btwn CARSONBY RD W & POLLOCK RD,362538.3024,5000738.881,-75.76579761,45.1442625,2014-11-12,20:34,01 - Clear,01 - Dry,10 - No control,01 - Non intersection,07 - Dark,03 - P.D. only,07 - SMV other,Munster Hamlet - Richmond
11205,HIGHWAY 417 btwn HWY417 IC124 RAMP55 & HWY417 IC124 RAMP65,364470.7978,5027558.375,-75.73800424,45.38542406,2014-09-27,20:40,01 - Clear,01 - Dry,10 - No control,01 - Non intersection,07 - Dark,03 - P.D. only,07 - SMV other,Civic Hospital - Experimental Farm - Central Park
11206,HIGHWAY 416 btwn HWY416 IC66 RAMP24 & HWY416 IC57 RAMP62,360480.7622,5014106.173,-75.79046562,45.26470943,2014-09-28,14:50,01 - Clear,01 - Dry,10 - No control,01 - Non intersection,01 - Daylight,03 - P.D. only,07 - SMV other,Munster Hamlet - Richmond
11207,HIGHWAY 417 btwn HWY417 IC118 RAMP35 & HWY417 IC117 RAMP51,369784.7354,5031135.868,-75.66968076,45.41714024,2014-09-17,14:00,01 - Clear,01 - Dry,10 - No control,01 - Non intersection,01 - Daylight,03 - P.D. only,04 - Sideswipe,Old Ottawa East
11208,HIGHWAY 417 btwn HWY417 IC122 RAMP61 & HWY417 IC121B RAMP16,366556.469,5029526.081,-75.71112642,45.4029482,2014-09-27,11:00,01 - Clear,01 - Dry,10 - No control,01 - Non intersection,01 - Daylight,03 - P.D. only,04 - Sideswipe,Little Italy
11209,HWY 416 RICHMOND IC75R26 @ HIGHWAY 416,358898.7666,5021615.766,-75.80980401,45.33240496,2014-12-02,9:45,01 - Clear,01 - Dry,10 - No control,02 - Intersection related,01 - Daylight,03 - P.D. only,06 - SMV unattended vehicle,Briar Green - Leslie Park
11210,HIGHWAY 417 btwn HWY417 IC118 RAMP35 & HWY417 IC117 RAMP51,369823.3222,5031139.353,-75.66918733,45.41716801,2014-12-05,17:44,01 - Clear,01 - Dry,10 - No control,01 - Non intersection,07 - Dark,03 - P.D. only,03 - Rear end,Old Ottawa East
11211,HIGHWAY 417 btwn HWY417 IC127 RAMP25 & HWY417 IC126 RAMP51,363185.4503,5025856.722,-75.75461791,45.37022113,2014-12-18,10:00,01 - Clear,02 - Wet,10 - No control,01 - Non intersection,01 - Daylight,03 - P.D. only,03 - Rear end,Braemar Park - Bel Air Heights - Copeland Park
11212,HWY417 IC131 RAMP53 btwn HIGHWAY 417 & HWY417 IC131 RAMP63,357675.9638,5022695.101,-75.82528818,45.34221009,2014-12-17,18:30,02 - Rain,02 - Wet,10 - No control,01 - Non intersection,07 - Dark,03 - P.D. only,03 - Rear end,Greenbelt
11213,WELLINGTON ST    W btwn SMIRLE AVE & JULIAN AVE,364681.1555,5029068.456,-75.73513495,45.39899352,2014-10-17,15:59,01 - Clear,01 - Dry,10 - No control,01 - Non intersection,01 - Daylight,03 - P.D. only,04 - Sideswipe,Island Park
11214,STAGECOACH RD btwn CABIN RD & SNAKE ISLAND RD,378065.1272,5006553.897,-75.56752794,45.19514483,2014-10-12,3:41,01 - Clear,01 - Dry,10 - No control,01 - Non intersection,07 - Dark,03 - P.D. only,07 - SMV other,Kars - Osgoode
11215,KING EDWARD AVE @ SUSSEX DR,367662.2044,5033505.464,-75.69649546,45.43865498,2014-12-03,23:39,01 - Clear,02 - Wet,01 - Traffic signal,03 - At intersection,07 - Dark,03 - P.D. only,05 - Turning movement,Byward Market - Parliament Hill
11216,GOULBOURN FORCED RD btwn KANATA ROCKERIES PRIV & KANATA AVE,349512.9488,5020887.788,-75.92960812,45.32651524,2014-12-04,3:07,06 - Strong wind,03 - Loose snow,10 - No control,01 - Non intersection,07 - Dark,03 - P.D. only,07 - SMV other,Kanata Lakes - Marchwood Lakeside - Morgan's Grant - Kanata
11217,RICHMOND RD @ HOLLY ACRES RD/NANAIMO DR,359055.8212,5022750.871,-75.80767598,45.34260654,2014-11-26,15:35,01 - Clear,01 - Dry,01 - Traffic signal,03 - At intersection,01 - Daylight,03 - P.D. only,05 - Turning movement,Greenbelt
11218,HAZELDEAN RD @ SPRINGBROOK DR,349870.0816,5015110.185,-75.92557771,45.2745038,2014-11-26,16:35,01 - Clear,01 - Dry,01 - Traffic signal,02 - Intersection related,05 - Dusk,03 - P.D. only,03 - Rear end,Stittsville
11219,SECOND LINE RD    S btwn CENTURY RD E & CARSONBY RD E,366552.9384,5005285.699,-75.71418971,45.18483573,2014-08-13,16:18,01 - Clear,01 - Dry,10 - No control,01 - Non intersection,01 - Daylight,03 - P.D. only,07 - SMV other,Manotick - North Gower
11220,BASELINE RD @ WOODROFFE AVE,362549.2163,5023769.557,-75.76298364,45.35149372,2014-08-13,16:00,02 - Rain,02 - Wet,01 - Traffic signal,02 - Intersection related,01 - Daylight,03 - P.D. only,02 - Angle,Iris
11221,DU GRAND BOIS AVE btwn WOODHAVEN HGTS & PARK GROVE DR,383122.1702,5036006.2,-75.49851545,45.45959358,2014-09-04,23:17,01 - Clear,01 - Dry,10 - No control,01 - Non intersection,07 - Dark,03 - P.D. only,06 - SMV unattended vehicle,Queenswood Heights
11222,MERIVALE RD @ WEST HUNT CLUB RD,365612.2213,5021942.498,-75.72412058,45.33479519,2014-09-05,10:33,01 - Clear,01 - Dry,01 - Traffic signal,02 - Intersection related,01 - Daylight,03 - P.D. only,04 - Sideswipe,Tanglewood
11223,MEADOWLANDS DR/TALLWOOD DR @ WOODROFFE AVE,363056.8706,5022730.172,-75.75662774,45.34209943,2014-11-07,13:44,01 - Clear,01 - Dry,01 - Traffic signal,03 - At intersection,01 - Daylight,03 - P.D. only,02 - Angle,Crestview - Meadowlands
11224,ALTA VISTA DR @ SMYTH RD,370433.2229,5029082.318,-75.66166922,45.39860265,2014-11-07,14:00,01 - Clear,01 - Dry,01 - Traffic signal,03 - At intersection,01 - Daylight,03 - P.D. only,05 - Turning movement,Alta Vista
11225,RIVERSIDE DR @ HERON RD,368120.631,5026649.117,-75.69151704,45.37692237,2014-11-07,6:29,02 - Rain,02 - Wet,01 - Traffic signal,02 - Intersection related,03 - Dawn,03 - P.D. only,03 - Rear end,Riverside Park
11226,ALBERT ST @ COMMISSIONER ST,366713.7011,5030971.405,-75.70893661,45.41593893,2014-11-07,7:59,01 - Clear,01 - Dry,02 - Stop sign,03 - At intersection,01 - Daylight,03 - P.D. only,04 - Sideswipe,LeBreton Flats
11227,BRUYERE ST @ SUSSEX DR,367539.129,5032667.478,-75.69817525,45.43112612,2014-08-20,18:59,01 - Clear,01 - Dry,01 - Traffic signal,02 - Intersection related,01 - Daylight,03 - P.D. only,03 - Rear end,Byward Market - Parliament Hill
11228,WELLINGTON ST    W btwn ISLAND PARK DR & PICCADILLY AVE,364155.6997,5028878.03,-75.74186894,45.39732484,2014-08-20,17:30,01 - Clear,01 - Dry,10 - No control,04 - At/near private drive,01 - Daylight,03 - P.D. only,05 - Turning movement,Island Park
11229,SILVER SEVEN RD @ 280 N OF PALLADIUM DR/COSTCO,350865.9128,5018096.147,-75.91260916,45.30130784,2014-09-05,17:23,02 - Rain,02 - Wet,01 - Traffic signal,02 - Intersection related,01 - Daylight,03 - P.D. only,02 - Angle,Katimavik - Hazeldean
11230,PARKDALE AVE @ SCOTT ST,364951.1254,5029725.612,-75.73160677,45.40488332,2014-09-05,17:15,01 - Clear,02 - Wet,01 - Traffic signal,02 - Intersection related,01 - Daylight,03 - P.D. only,03 - Rear end,Islan
11231,DWYER HILL RD btwn COPELAND RD & FRANKTOWN RD,347759.6572,4999493.31,-75.95382039,45.13410758,2014-11-08,5:30,01 - Clear,01 - Dry,10 - No control,01 - Non intersection,07 - Dark,03 - P.D. only,07 - SMV other,Munster Hamlet - Richmond
11232,BANK ST @ CAHILL DR/DAZE ST,371308.2368,5024317.675,-75.65113564,45.35564954,2014-11-08,10:28,01 - Clear,01 - Dry,01 - Traffic signal,02 - Intersection related,01 - Daylight,03 - P.D. only,99 - Other,South Keys - Heron Gate - Greenboro West
11233,BRONSON AVE btwn FINDLAY AVE & BRONSON AVE SB OFF RAMP 34,367743.8357,5028568.406,-75.69608276,45.39422557,2014-09-19,15:37,01 - Clear,01 - Dry,10 - No control,07 - Overpass or bridge,01 - Daylight,03 - P.D. only,03 - Rear end,The Glebe
11234,INNES RD @ TENTH LINE RD,383950.3385,5036156.717,-75.48790331,45.46085446,2014-09-18,16:55,01 - Clear,01 - Dry,01 - Traffic signal,03 - At intersection,01 - Daylight,03 - P.D. only,03 - Rear end,Queenswood Heights
11235,KING EDWARD AVE @ TEMPLETON ST,369059.2351,5031506.634,-75.67890127,45.42054326,2014-09-19,17:33,01 - Clear,01 - Dry,01 - Traffic signal,02 - Intersection related,01 - Daylight,03 - P.D. only,03 - Rear end,Sandy Hill
11236,GRENON AVE btwn MICHELE DR & RICHMOND RD,359739.8459,5024074.268,-75.79880121,45.35446123,2014-11-13,6:06,01 - Clear,01 - Dry,10 - No control,01 - Non intersection,07 - Dark,03 - P.D. only,06 - SMV unattended vehicle,Whitehaven - Queensway Terrace North
11237,HWY417 IC130 RAMP35 btwn HIGHWAY 417 & RICHMOND RD,359112.8916,5022913.081,-75.80692999,45.3440617,2014-09-28,3:28,01 - Clear,01 - Dry,10 - No control,01 - Non intersection,07 - Dark,03 - P.D. only,07 - SMV other,Greenbelt
11238,HIGHWAY 417 btwn HWY417 IC140 RAMP25 & HWY417 IC139 RAMP15,351735.4556,5019224.108,-75.90141532,45.31139996,2014-09-30,6:15,01 - Clear,01 - Dry,10 - No control,01 - Non intersection,03 - Dawn,03 - P.D. only,03 - Rear end,Katimavik - Hazeldean
11239,HIGHWAY 417 btwn HWY417 IC118 RAMP57 & HWY417 IC118 RAMP35,369155.3515,5030835.394,-75.67776089,45.41449485,2014-09-30,11:35,01 - Clear,01 - Dry,10 - No control,01 - Non intersection,01 - Daylight,03 - P.D. only,04 - Sideswipe,Old Ottawa East
11240,HIGHWAY 416 btwn HWY416 IC66 RAMP52 & HWY416 IC66 RAMP24,360325.9673,5014372.688,-75.79240821,45.2671198,2014-12-18,6:30,03 - Snow,03 - Loose snow,10 - No control,01 - Non intersection,07 - Dark,03 - P.D. only,07 - SMV other,Munster Hamlet - Richmond
11241,HIGHWAY 417 btwn HWY417 IC117 RAMP51 & HWY417 IC117 RAMP35,370604.5714,5031158.617,-75.65920369,45.4172683,2014-12-17,9:20,01 - Clear,01 - Dry,10 - No control,01 - Non intersection,01 - Daylight,03 - P.D. only,03 - Rear end,Industrial Park
11242,HIGHWAY 417 btwn HWY417 IC117 RAMP51 & HWY417 IC117 RAMP35,370790.7946,5031189.021,-75.65682047,45.41752432,2014-12-18,16:50,01 - Clear,01 - Dry,10 - No control,01 - Non intersection,07 - Dark,03 - P.D. only,03 - Rear end,Industrial Park
11243,HIGHWAY 417 btwn HWY417 IC115 RAMP61 & REGIONAL ROAD 174,373042.5761,5031633.677,-75.62799065,45.42130912,2014-12-19,15:00,01 - Clear,01 - Dry,10 - No control,01 - Non intersection,01 - Daylight,03 - P.D. only,03 - Rear end,Cummings
11244,EAGLESON RD @ 146 N OF ABBEYHILL DR/HAZELDEAN ,353774.2416,5018171.58,-75.87551948,45.30178987,2014-10-17,17:25,01 - Clear,01 - Dry,01 - Traffic signal,03 - At intersection,01 - Daylight,03 - P.D. only,05 - Turning movement,Greenbelt
11245,MERIVALE RD btwn ROSSLAND AVE & EMERALD PLAZA SC,364679.3977,5024138.687,-75.73575518,45.35463646,2014-10-18,11:34,02 - Rain,02 - Wet,10 - No control,04 - At/near private drive,01 - Daylight,03 - P.D. only,02 - Angle,Cityview - Skyline - Fisher Heights
11246,BYRON AVE btwn WOODROFFE AVE & LOCKHART AVE,361661.6667,5026712.692,-75.77397126,45.37804836,2014-10-12,9:35,01 - Clear,01 - Dry,10 - No control,01 - Non intersection,01 - Daylight,03 - P.D. only,04 - Sideswipe,Carlingwood - McKellar Park - Laurentien View
11247,BANK ST @ CONROY RD,375044.1576,5022237.627,-75.60375409,45.33656984,2014-10-04,16:00,01 - Clear,01 - Dry,01 - Traffic signal,02 - Intersection related,01 - Daylight,03 - P.D. only,03 - Rear end,Greenbelt
11248,FALLOWFIELD RD @ MERIVALE RD,366890.2908,5018842.573,-75.70820436,45.30679058,2014-12-04,7:36,01 - Clear,02 - Wet,01 - Traffic signal,03 - At intersection,03 - Dawn,03 - P.D. only,02 - Angle,Greenbelt
11249,BRONSON AVE @ MCLEOD ST,367160.2328,5030015.568,-75.70335282,45.40729894,2014-12-04,7:56,01 - Clear,02 - Wet,02 - Stop sign,02 - Intersection related,01 - Daylight,03 - P.D. only,03 - Rear end,Centretown West
11250,EDGAR BRAULT ST btwn ST. JOSEPH BLVD & RIDGEGATE ST,381424.4914,5037536.598,-75.5199814,45.47355108,2014-11-17,9:00,01 - Clear,03 - Loose snow,10 - No control,01 - Non intersection,01 - Daylight,03 - P.D. only,06 - SMV unattended vehicle,Orleans Village - Chateauneuf
11251,CEDARVIEW RD @ WEST HUNT CLUB RD,359720.5776,5019554.953,-75.79954862,45.31379784,2014-11-26,17:25,01 - Clear,01 - Dry,01 - Traffic signal,02 - Intersection related,07 - Dark,03 - P.D. only,03 - Rear end,Greenbelt
11252,BANK ST @ HERON RD,369997.1418,5026851.542,-75.66753338,45.37857163,2014-08-11,13:30,01 - Clear,01 - Dry,01 - Traffic signal,02 - Intersection related,01 - Daylight,03 - P.D. only,03 - Rear end,Alta Vista
11253,KING EDWARD AVE @ RIDEAU ST,368511.2333,5032413.589,-75.68578556,45.42875384,2014-09-03,17:50,01 - Clear,01 - Dry,01 - Traffic signal,02 - Intersection related,01 - Daylight,03 - P.D. only,99 - Other,Lowe
11254,INNES RD btwn PENNINGTON LANE & GRAVELLE CRES,377627.0789,5032629.659,-75.56926976,45.42980812,2014-11-06,15:39,02 - Rain,02 - Wet,10 - No control,04 - At/near private drive,01 - Daylight,03 - P.D. only,03 - Rear end,Blackburn Hamlet