Record,Location,X,Y,lon,lat,Date,Time,Environment,Road_Surface,Traffic_Control,Collision_Location,Light,Collision_Classification,Impact_type,Neighborhood
11255,RICHMOND RD @ ROBERTSON RD,357578.129,5020750.429,-75.82674387,45.32471915,2014-11-07,8:03,02 - Rain,02 - Wet,01 - Traffic signal,02 - Intersection related,01 - Daylight,03 - P.D. only,03 - Rear end,Bells Corners East
11256,WOODROFFE AVE @ SPORTSPLEX N,363763.1884,5021065.338,-75.74781408,45.32706038,2014-11-07,8:12,03 - Snow,02 - Wet,01 - Traffic signal,02 - Intersection related,01 - Daylight,03 - P.D. only,03 - Rear end,Merivale Gardens - Grenfell Glen - Pineglen - Country Place
11257,MCARTHUR AVE btwn LAROUCHE ST & OLMSTEAD ST,370388.3962,5032710.319,-75.66175889,45.43125017,2014-08-21,8:10,02 - Rain,02 - Wet,10 - No control,01 - Non intersection,01 - Daylight,03 - P.D. only,03 - Rear end,Vanier South
11258,BRONSON AVE btwn POWELL AVE & CLEMOW AVE,367390.2486,5029467.735,-75.70048421,45.40234917,2014-08-21,13:00,01 - Clear,01 - Dry,10 - No control,01 - Non intersection,01 - Daylight,03 - P.D. only,03 - Rear end,Centretown West
11259,PORTOBELLO BLVD/SPRINGRIDGE DR S @ TRIM RD,385689.3923,5038070.996,-75.46535452,45.47787807,2014-09-07,11:30,01 - Clear,01 - Dry,01 - Traffic signal,03 - At intersection,01 - Daylight,03 - P.D. only,03 - Rear end,Springridge
11260,RIVERSIDE DR RAMP 42A @ RIVERSIDE DR RAMP 42B,368480.6501,5027090.054,-75.68686388,45.38085717,2014-09-07,12:34,01 - Clear,01 - Dry,03 - Yield sign,02 - Intersection related,01 - Daylight,03 - P.D. only,03 - Rear end,Riverside Park
11261,OSGOODE ST btwn KING EDWARD AVE & HENDERSON AVE,368883.125,5031873.024,-75.68110369,45.42385606,2014-09-07,0:00,01 - Clear,01 - Dry,10 - No control,01 - Non intersection,00 - Unknown,03 - P.D. only,06 - SMV unattended vehicle,Sandy Hill
11262,GRAY CRES btwn CAMPEAU DR & BELLROCK DR (2),351997.0024,5019835.181,-75.89802169,45.31688101,2014-08-22,10:00,01 - Clear,01 - Dry,10 - No control,04 - At/near private drive,01 - Daylight,03 - P.D. only,06 - SMV unattended vehicle,Kanata
11263,MALKOWSKI ST btwn STATEWOOD DR & FORESTBROOK ST,348779.9973,5022828.389,-75.93878528,45.34402358,2014-08-14,0:24,01 - Clear,01 - Dry,10 - No control,01 - Non intersection,07 - Dark,03 - P.D. only,06 - SMV unattended vehicle,Morgan's Grant
11264,ALBERT ST @ BOOTH ST,366431.7967,5030627.306,-75.71258116,45.41286771,2014-09-19,15:53,01 - Clear,01 - Dry,01 - Traffic signal,03 - At intersection,01 - Daylight,03 - P.D. only,05 - Turning movement,Centretown West
11265,CAMPEAU DR @ TERRY FOX DR,350457.0225,5019010.455,-75.91773847,45.30956173,2014-09-19,16:32,01 - Clear,01 - Dry,01 - Traffic signal,03 - At intersection,01 - Daylight,03 - P.D. only,05 - Turning movement,Kanata
11266,PRINCE OF WALES DR btwn WINDING WAY & MERIVALE RD,367451.1331,5017514.091,-75.70122089,45.29478726,2014-09-19,17:40,01 - Clear,01 - Dry,10 - No control,01 - Non intersection,01 - Daylight,03 - P.D. only,03 - Rear end,Greenbelt
11267,HWY417 IC119A RAMP62 btwn CATHERINE ST & HWY417 IC119A RAMP66,368406.2383,5030488.107,-75.68737582,45.41143857,2014-09-30,13:30,01 - Clear,01 - Dry,10 - No control,01 - Non intersection,01 - Daylight,03 - P.D. only,99 - Other,Centretown
11268,HIGHWAY 417 btwn HWY417 IC118 RAMP57 & HWY417 IC118 RAMP35,369429.2852,5031020.228,-75.67423709,45.41613267,2014-09-30,22:30,01 - Clear,01 - Dry,10 - No control,01 - Non intersection,07 - Dark,03 - P.D. only,03 - Rear end,Old Ottawa East
11269,HIGHWAY 417 btwn HWY417 IC124 RAMP57 & HWY417 IC124 RAMP55,364160.8452,5027149.844,-75.74201111,45.3817745,2014-09-24,20:48,01 - Clear,01 - Dry,10 - No control,01 - Non intersection,07 - Dark,03 - P.D. only,03 - Rear end,Carlington
11270,HIGHWAY 417 btwn HWY417 IC129 RAMP25 & HWY417 IC129 RAMP35,360458.9051,5023529.513,-75.78968586,45.34950283,2014-10-01,6:48,01 - Clear,01 - Dry,10 - No control,01 - Non intersection,03 - Dawn,03 - P.D. only,03 - Rear end,Whitehaven - Queensway Terrace North
11271,HIGHWAY 417 btwn HWY417 IC127 RAMP63 & HWY417 IC127 RAMP67,362132.9261,5024855.882,-75.76817006,45.36130255,2014-12-19,18:15,01 - Clear,01 - Dry,10 - No control,01 - Non intersection,07 - Dark,03 - P.D. only,03 - Rear end,Carlingwood West - Glabar Park - McKellar Heights
11272,HIGHWAY 417 btwn HWY417 IC126 RAMP61 & HWY417 IC124 RAMP76,364008.1427,5026988.345,-75.74398019,45.38033428,2014-12-19,19:05,01 - Clear,01 - Dry,10 - No control,01 - Non intersection,07 - Dark,03 - P.D. only,03 - Rear end,Carlingwood West - Glabar Park - McKellar Heights
11273,FOREST VALLEY DR @ ORLEANS BLVD,380256.6699,5034814.895,-75.53533328,45.44919048,2014-10-18,11:47,01 - Clear,01 - Dry,01 - Traffic signal,02 - Intersection related,01 - Daylight,03 - P.D. only,04 - Sideswipe,Chapel Hill
11274,MCELROY DR btwn SPEARMAN LANE & TO BE DETERMINED,352932.5907,5016840.183,-75.88638014,45.28986781,2014-10-18,16:30,01 - Clear,01 - Dry,10 - No control,04 - At/near private drive,01 - Daylight,03 - P.D. only,06 - SMV unattended vehicle,Glen Cairn - Kanata South Business Park
11275,CAMPEAU DR/HWY 417 MARCH IC138R63 @ MARCH RD,352841.151,5020477.415,-75.88719325,45.32260271,2014-10-12,10:39,01 - Clear,01 - Dry,01 - Traffic signal,03 - At intersection,01 - Daylight,03 - P.D. only,02 - Angle,Greenbelt
11276,CYRVILLE RD @ INNES RD,375049.1465,5031119.564,-75.60242695,45.4164848,2014-12-04,3:15,04 - Freezing Rain,06 - Ice,01 - Traffic signal,02 - Intersection related,07 - Dark,03 - P.D. only,07 - SMV other,Industrial Park
11277,CARLING AVE btwn RIFLE RD & DAVIDSON'S SIDE RD,353934.7444,5023341.117,-75.87296001,45.34829505,2014-11-26,17:45,01 - Clear,01 - Dry,10 - No control,01 - Non intersection,07 - Dark,03 - P.D. only,07 - SMV other,Greenbelt
11278,BOYER RD @ ST. JOSEPH BLVD,380405.742,5036833.839,-75.53311733,45.46733925,2014-11-26,17:49,01 - Clear,01 - Dry,02 - Stop sign,03 - At intersection,07 - Dark,03 - P.D. only,05 - Turning movement,Industrial Park
11279,NINTH LINE RD btwn ANDERSON RD & FARMERS WAY,382478.2212,5021371.359,-75.50905232,45.32799212,2014-08-13,19:43,02 - Rain,02 - Wet,10 - No control,01 - Non intersection,05 - Dusk,03 - P.D. only,05 - Turning movement,Greenbelt
11280,JEANNE D'ARC BLVD @ ORLEANS BLVD S,380939.3227,5036250.58,-75.52638498,45.4620336,2014-08-14,15:07,02 - Rain,02 - Wet,01 - Traffic signal,02 - Intersection related,01 - Daylight,03 - P.D. only,03 - Rear end,Orleans Village - Chateauneuf
11281,BASELINE RD btwn ST. HELEN'S PL & CLYDE AVE,364266.2862,5024832.693,-75.74094379,45.36091619,2014-09-05,15:07,01 - Clear,01 - Dry,10 - No control,01 - Non intersection,01 - Daylight,03 - P.D. only,04 - Sideswipe,Braemar Park - Bel Air Heights - Copeland Park
11282,RIVERSIDE DR @ HERON RD,368121.6119,5026647.982,-75.69150466,45.37691207,2014-11-07,16:09,01 - Clear,01 - Dry,01 - Traffic signal,02 - Intersection related,05 - Dusk,03 - P.D. only,03 - Rear end,Riverside Park
11283,ELGIN ST @ WAVERLEY ST,368317.2328,5030951.62,-75.68845309,45.41561719,2014-11-07,16:20,01 - Clear,01 - Dry,01 - Traffic signal,02 - Intersection related,01 - Daylight,03 - P.D. only,04 - Sideswipe,Centretown
11284,ST. LAURENT BLVD @ WALKLEY RD,373901.3283,5028046.855,-75.61752141,45.38895234,2014-11-07,8:49,02 - Rain,02 - Wet,01 - Traffic signal,03 - At intersection,01 - Daylight,03 - P.D. only,07 - SMV other,Hawthorne Meadows
11285,ELGIN ST @ WELLINGTON ST W,367665.1777,5031879.473,-75.69666505,45.4240246,2014-08-21,19:50,01 - Clear,01 - Dry,01 - Traffic signal,03 - At intersection,05 - Dusk,03 - P.D. only,04 - Sideswipe,Downtown
11286,COLDREY AVE @ KIRKWOOD AVE,364437.2737,5027135.592,-75.73848338,45.38162279,2014-08-22,8:30,01 - Clear,01 - Dry,01 - Traffic signal,03 - At intersection,01 - Daylight,03 - P.D. only,02 - Angle,Carlington
11287,HUNT CLUB RD btwn PAUL ANKA DR & GIBFORD DR,369948.3462,5022998.626,-75.66866425,45.34390877,2014-09-07,12:46,01 - Clear,01 - Dry,10 - No control,01 - Non intersection,01 - Daylight,03 - P.D. only,03 - Rear end,Hunt Club - Ottawa Airport
11288,SANFORD AVE btwn LEXINGTON ST & MORLEY BLVD,366572.4843,5026088.405,-75.71135213,45.37201541,2014-09-08,7:15,01 - Clear,01 - Dry,10 - No control,01 - Non intersection,01 - Daylight,03 - P.D. only,06 - SMV unattended vehicle,Civic Hospital - Experimental Farm - Central Park
11289,MAYVIEW AVE btwn MEDFORD ST & MERIVALE RD,364669.0891,5026280.44,-75.73562724,45.3739085,2014-08-28,12:00,01 - Clear,01 - Dry,10 - No control,01 - Non intersection,01 - Daylight,03 - P.D. only,06 - SMV unattended vehicle,Carlington
11290,EUCLID AVE btwn WOODBINE PL & BANK ST,368637.3658,5028602.805,-75.68466732,45.39445419,2014-09-06,4:00,01 - Clear,01 - Dry,10 - No control,01 - Non intersection,07 - Dark,03 - P.D. only,06 - SMV unattended vehicle,Old Ottawa South
11291,ORISKA WAY btwn SUTCLIFFE TER & MOUNTSHANNON DR,364467.1495,5017311.764,-75.73928648,45.29322645,2014-09-07,15:30,01 - Clear,01 - Dry,10 - No control,01 - Non intersection,01 - Daylight,03 - P.D. only,06 - SMV unattended vehicle,New Barrhaven
11292,CROSS AVE btwn URBANDALE DR & CIRCLE PL,372663.4146,5027904.458,-75.63334829,45.38779216,2014-10-31,19:30,01 - Clear,01 - Dry,10 - No control,04 - At/near private drive,07 - Dark,03 - P.D. only,06 - SMV unattended vehicle,Urbandale
11293,KIRKWOOD AVE N @ CARLING AVE,364276.1661,5027494.482,-75.74049716,45.38486571,2014-11-02,13:30,01 - Clear,01 - Dry,01 - Traffic signal,02 - Intersection related,01 - Daylight,03 - P.D. only,05 - Turning movement,Westboro
11294,HARRIS PL @ INDIAN RD,363992.2686,5023339.618,-75.74461994,45.34750486,2014-09-19,16:45,01 - Clear,01 - Dry,02 - Stop sign,03 - At intersection,01 - Daylight,03 - P.D. only,02 - Angle,Crestview - Meadowlands
11295,RIDDELL DR btwn MARCH VALLEY RD & SIXTH LINE RD,349367.3637,5028324.232,-75.93079465,45.3934392,2014-11-13,10:20,01 - Clear,01 - Dry,10 - No control,01 - Non intersection,01 - Daylight,03 - P.D. only,07 - SMV other,Carp - Hardwood Plains
11296,TERRY FOX DR @ FERNBANK RD,354303.162,5015131.422,-75.86907887,45.27439678,2014-11-13,10:30,01 - Clear,01 - Dry,01 - Traffic signal,02 - Intersection related,01 - Daylight,03 - P.D. only,99 - Other,Stittsville - Basswood
11297,HIGHWAY 417 btwn HWY417 IC117 RAMP51 & HWY417 IC117 RAMP35,370553.842,5031151.206,-75.65985279,45.41720639,2014-10-01,18:30,01 - Clear,01 - Dry,10 - No control,01 - Non intersection,05 - Dusk,03 - P.D. only,03 - Rear end,Industrial Park
11298,HIGHWAY 416 btwn HWY416 IC66 RAMP24 & HWY416 IC57 RAMP62,360570.365,5013936.446,-75.78934296,45.26317511,2014-10-02,0:42,01 - Clear,01 - Dry,10 - No control,01 - Non intersection,07 - Dark,03 - P.D. only,07 - SMV other,Munster Hamlet - Richmond
11299,HIGHWAY 417 btwn HWY417 IC134 RAMP51 & HWY417 IC134 RAMP35,356224.7737,5022126.893,-75.84386359,45.33720518,2014-10-02,20:55,01 - Clear,01 - Dry,10 - No control,01 - Non intersection,07 - Dark,03 - P.D. only,04 - Sideswipe,Greenbelt
11300,HIGHWAY 417 btwn HWY417 IC119A RAMP75 & HWY417 IC118 RAMP57,369046.7584,5030758.672,-75.6791582,45.41381451,2014-12-19,17:20,01 - Clear,01 - Dry,10 - No control,01 - Non intersection,07 - Dark,03 - P.D. only,03 - Rear end,Old Ottawa East
11301,HIGHWAY 417 btwn HWY417 IC118 RAMP35 & HWY417 IC117 RAMP51,369790.3847,5031133.652,-75.66960888,45.41711977,2014-12-18,6:50,01 - Clear,02 - Wet,10 - No control,01 - Non intersection,07 - Dark,03 - P.D. only,04 - Sideswipe,Old Ottawa East
11302,HIGHWAY 417 btwn HWY417 IC140 RAMP61 & HWY417 IC139 RAMP61,351971.1717,5019482.274,-75.89838474,45.3137072,2014-12-19,17:27,01 - Clear,01 - Dry,10 - No control,01 - Non intersection,07 - Dark,03 - P.D. only,03 - Rear end,Kanata
11303,HIGHWAY 417 btwn HWY417 IC122 RAMP51 & HWY417 IC122 RAMP15,365412.9998,5028930.103,-75.72580492,45.39768567,2014-12-16,15:45,01 - Clear,01 - Dry,10 - No control,01 - Non intersection,01 - Daylight,03 - P.D. only,03 - Rear end,Civic Hospital - Experimental Farm - Central Park
11304,MARCH RD @ TERRY FOX DR,349865.5587,5023399.034,-75.92488148,45.34908947,2014-10-05,12:30,01 - Clear,01 - Dry,01 - Traffic signal,02 - Intersection related,01 - Daylight,03 - P.D. only,03 - Rear end,South March
11305,UPPER DWYER HILL RD btwn MARCH RD & OLD ALMONTE RD,336840.3974,5011209.741,-76.09188863,45.24011977,2014-10-18,16:45,01 - Clear,01 - Dry,10 - No control,01 - Non intersection,01 - Daylight,03 - P.D. only,07 - SMV other,Carp - Hardwood Plains
11306,FLORA ST @ KENT ST,367827.2916,5030323.567,-75.69479266,45.41001047,2014-10-12,12:33,01 - Clear,01 - Dry,02 - Stop sign,02 - Intersection related,01 - Daylight,03 - P.D. only,03 - Rear end,Centretown
11307,ST. PATRICK ST WB btwn ISLAND LODGE RD & CRICHTON ST,368896.8829,5033256.668,-75.68074781,45.43630431,2014-10-12,13:24,01 - Clear,01 - Dry,10 - No control,01 - Non intersection,01 - Daylight,03 - P.D. only,04 - Sideswipe,Lower Town
11308,VANIER PKWY SB btwn RIVERSIDE DR & TO BE DETERMINED,370802.9252,5031204.12,-75.65666347,45.41765903,2014-12-04,8:50,01 - Clear,02 - Wet,10 - No control,07 - Overpass or bridge,01 - Daylight,03 - P.D. only,03 - Rear end,Industrial Park
11309,STRANDHERD DR @ WOODROFFE AVE,366105.6801,5015397.045,-75.71863487,45.27585689,2014-12-04,8:51,01 - Clear,01 - Dry,01 - Traffic signal,02 - Intersection related,01 - Daylight,03 - P.D. only,03 - Rear end,Chapman Mills - Rideau Crest - Davidson Heights
11310,CASTLEFRANK RD btwn MCCURDY DR & MACNEIL CRT,352541.061,5017833.064,-75.89127571,45.29882871,2014-11-26,18:14,01 - Clear,01 - Dry,10 - No control,01 - Non intersection,07 - Dark,03 - P.D. only,03 - Rear end,Katimavik - Hazeldean
11311,400 E OF TRAINYARDS DR @ INDUSTRIAL AVE,372091.6332,5030434.623,-75.64030422,45.41061269,2014-11-26,18:48,01 - Clear,01 - Dry,01 - Traffic signal,03 - At intersection,07 - Dark,03 - P.D. only,05 - Turning movement,Industrial Park
11312,WELLINGTON ST @ HAMILTON AVE,365077.3374,5029232.036,-75.73005496,45.40043138,2014-08-15,15:43,01 - Clear,01 - Dry,02 - Stop sign,02 - Intersection related,01 - Daylight,03 - P.D. only,06 - SMV unattended vehicle,Islan
11313,BASELINE RD @ WOODROFFE AVE,362550.1641,5023769.557,-75.76297154,45.35149365,2014-09-05,15:40,01 - Clear,01 - Dry,01 - Traffic signal,02 - Intersection related,01 - Daylight,03 - P.D. only,03 - Rear end,Iris
11314,JEANNE D'ARC BLVD @ ORLEANS BLVD S,380939.8555,5036252.567,-75.52637786,45.46205142,2014-11-07,16:55,01 - Clear,01 - Dry,01 - Traffic signal,02 - Intersection related,05 - Dusk,03 - P.D. only,03 - Rear end,Orleans Village - Chateauneuf
11315,OR174 IC109 RAMP64 @ REGIONAL RD 174,376583.7671,5035280.987,-75.58221483,45.45377096,2014-11-06,17:35,02 - Rain,02 - Wet,10 - No control,02 - Intersection related,07 - Dark,03 - P.D. only,03 - Rear end,Greenbelt
11316,LYON ST @ WELLINGTON ST,366935.271,5031426.641,-75.70604851,45.42001537,2014-08-23,12:02,01 - Clear,01 - Dry,01 - Traffic signal,03 - At intersection,01 - Daylight,03 - P.D. only,05 - Turning movement,Downtown
11317,KINBURN SIDE RD @ STONECREST RD,334913.6547,5033039.509,-76.11510118,45.43663973,2014-08-23,15:18,01 - Clear,01 - Dry,02 - Stop sign,02 - Intersection related,01 - Daylight,03 - P.D. only,07 - SMV other,Car
11318,STITTSVILLE MAIN ST @ WEST RIDGE DR/PARADE DR,350901.8066,5011480.048,-75.91276577,45.24177169,2014-09-08,8:10,01 - Clear,01 - Dry,02 - Stop sign,02 - Intersection related,01 - Daylight,03 - P.D. only,03 - Rear end,Stittsville
11319,MERIVALE RD btwn AMBERWOOD CRES & FALLOWFIELD RD,366833.7799,5018987.41,-75.70890681,45.3080988,2014-09-08,11:49,01 - Clear,01 - Dry,10 - No control,01 - Non intersection,01 - Daylight,03 - P.D. only,03 - Rear end,Greenbelt
11320,STARWOOD RD btwn BASSANO ST & PENDER ST,363990.6332,5024369.591,-75.74451751,45.35677258,2014-09-10,22:30,02 - Rain,02 - Wet,10 - No control,01 - Non intersection,07 - Dark,03 - P.D. only,07 - SMV other,Crestview - Meadowlands
11321,GLADSTONE AVE btwn BOOTH ST & LEBRETON ST N,366776.7623,5029860.988,-75.70827058,45.40594213,2014-11-06,14:49,02 - Rain,02 - Wet,10 - No control,01 - Non intersection,01 - Daylight,03 - P.D. only,06 - SMV unattended vehicle,Centretown West
11322,EDGEWOOD AVE btwn RICHMOND RD & LINCOLN AVE,363442.6067,5028284.068,-75.75104686,45.39204056,2014-11-05,6:45,01 - Clear,01 - Dry,10 - No control,01 - Non intersection,03 - Dawn,03 - P.D. only,06 - SMV unattended vehicle,Westboro
11323,BOOTH ST @ CARLING AVE,367092.3422,5029108.456,-75.70433461,45.39914305,2014-11-04,18:15,02 - Rain,02 - Wet,01 - Traffic signal,02 - Intersection related,07 - Dark,03 - P.D. only,03 - Rear end,Centretown West
11324,BASELINE RD @ CORDOVA ST,363592.2664,5024410.474,-75.74959678,45.35717396,2014-09-19,22:30,01 - Clear,01 - Dry,01 - Traffic signal,03 - At intersection,07 - Dark,03 - P.D. only,02 - Angle,Braemar Park - Bel Air Heights - Copeland Park
11325,ELGIN ST btwn QUEEN ST & ALBERT ST (2),367838.3518,5031764.412,-75.69446705,45.42297373,2014-09-20,1:16,01 - Clear,01 - Dry,10 - No control,01 - Non intersection,07 - Dark,03 - P.D. only,03 - Rear end,Downtown
11326,EARL GREY DR btwn ROLAND MICHENER DR & 175 S OF KANATA AVE/WALMART SC,350783.2107,5018984.495,-75.91358123,45.30930686,2014-11-08,13:05,01 - Clear,01 - Dry,10 - No control,04 - At/near private drive,01 - Daylight,03 - P.D. only,07 - SMV other,Kanata
11327,BRONSON AVE btwn BRONSON AVE NB OFFRAMP 24 & BRONSON AVE SB ON RAMP 43,367800.9092,5028310.504,-75.69538682,45.3918999,2014-11-13,11:38,01 - Clear,01 - Dry,10 - No control,01 - Non intersection,01 - Daylight,03 - P.D. only,04 - Sideswipe,Carleton University
11328,HIGHWAY 417 btwn HWY417 IC115 RAMP36 & HWY417 IC115 RAMP26,372280.6098,5031500.684,-75.63774422,45.42018643,2014-10-01,22:50,01 - Clear,01 - Dry,10 - No control,01 - Non intersection,07 - Dark,03 - P.D. only,03 - Rear end,Overbrook
11329,HIGHWAY 417 btwn HWY417 IC127 RAMP25 & HWY417 IC126 RAMP51,362763.2012,5025318.503,-75.76007128,45.36541334,2014-10-02,20:05,01 - Clear,01 - Dry,10 - No control,01 - Non intersection,07 - Dark,03 - P.D. only,04 - Sideswipe,Braemar Park - Bel Air Heights - Copeland Park
11330,HIGHWAY 417 btwn HWY417 IC129 RAMP25 & TRANSIT,361571.416,5024392.12,-75.77539018,45.35717535,2014-10-03,15:20,01 - Clear,01 - Dry,10 - No control,01 - Non intersection,01 - Daylight,03 - P.D. only,03 - Rear end,Iris
11331,HIGHWAY 416 btwn HWY416 IC75A RAMP43 & HWY416 IC72 RAMP34,358739.1906,5021872.289,-75.81181179,45.33472545,2014-10-03,13:40,01 - Clear,01 - Dry,10 - No control,01 - Non intersection,01 - Daylight,03 - P.D. only,04 - Sideswipe,Nepean
11332,HIGHWAY 417 btwn HWY417 IC118 RAMP57 & HWY417 IC118 RAMP35,369455.6262,5031035.79,-75.67389853,45.41627026,2014-12-02,11:50,01 - Clear,01 - Dry,10 - No control,01 - Non intersection,01 - Daylight,03 - P.D. only,03 - Rear end,Old Ottawa East
11333,HIGHWAY 7 btwn TO BE DETERMINED & RAMP,345588.6775,5011169.745,-75.98046567,45.23930735,2014-12-22,7:20,01 - Clear,01 - Dry,10 - No control,01 - Non intersection,03 - Dawn,03 - P.D. only,07 - SMV other,Stittsville - Basswood
11334,HWY 417 MOODIE IC134R52 @ MOODIE DR,356459.0267,5022042.681,-75.84088371,45.33643022,2014-12-22,13:15,01 - Clear,01 - Dry,01 - Traffic signal,02 - Intersection related,01 - Daylight,03 - P.D. only,03 - Rear end,Greenbelt
11335,ALTA VISTA DR btwn PALEN AVE & WESMAR DR,370475.7624,5027004.222,-75.66140248,45.37990069,2014-10-19,15:08,01 - Clear,01 - Dry,10 - No control,01 - Non intersection,01 - Daylight,03 - P.D. only,03 - Rear end,Alta Vista
11336,CYRVILLE RD btwn INNES RD & END,375090.48,5031028.828,-75.60191184,45.41566426,2014-10-19,15:57,01 - Clear,01 - Dry,10 - No control,04 - At/near private drive,01 - Daylight,03 - P.D. only,05 - Turning movement,Industrial Park
11337,LYON ST @ SLATER ST,367102.5861,5031152.824,-75.70394542,45.41753677,2014-10-12,13:51,01 - Clear,01 - Dry,01 - Traffic signal,03 - At intersection,01 - Daylight,03 - P.D. only,02 - Angle,Downtown
11338,CATHERINE ST @ KENT ST,367908.1814,5030187.617,-75.69377675,45.40877995,2014-10-13,0:42,01 - Clear,01 - Dry,01 - Traffic signal,03 - At intersection,07 - Dark,03 - P.D. only,04 - Sideswipe,Centretown
11339,HUNTMAR DR @ PALLADIUM DR S,349675.6066,5017364.961,-75.92785227,45.29480545,2014-11-01,17:44,01 - Clear,01 - Dry,01 - Traffic signal,02 - Intersection related,07 - Dark,03 - P.D. only,04 - Sideswipe,Stittsville - Basswood
11340,STITTSVILLE MAIN ST btwn WARNER COLPITTS LANE & MULKINS ST,349912.9325,5013744.793,-75.92515563,45.26221478,2014-11-26,19:10,01 - Clear,01 - Dry,10 - No control,01 - Non intersection,07 - Dark,03 - P.D. only,07 - SMV other,Stittsville
11341,PARENT AVE @ ST. PATRICK ST,367821.5768,5032556.009,-75.6945801,45.43009777,2014-11-26,21:55,01 - Clear,01 - Dry,01 - Traffic signal,03 - At intersection,07 - Dark,03 - P.D. only,05 - Turning movement,Byward Market
11342,ASSALY RD @ RICHMOND RD,360729.861,5025528.91,-75.78600198,45.36747177,2014-08-15,18:13,02 - Rain,02 - Wet,01 - Traffic signal,02 - Intersection related,01 - Daylight,03 - P.D. only,03 - Rear end,Woodroffe - Lincoln Heights
11343,RICHARDSON SIDE RD @ TERRY FOX DR,348803.086,5019506.072,-75.93878598,45.31412702,2014-09-05,16:24,02 - Rain,02 - Wet,01 - Traffic signal,03 - At intersection,01 - Daylight,03 - P.D. only,03 - Rear end,Kanata Lakes - Marchwood Lakeside - Morgan's Grant - Kanata
11344,PHELAN RD    E btwn FIRST LINE RD & RIDEAU VALLEY DR N,372491.8522,5005454.254,-75.63860195,45.18580743,2014-09-06,3:39,02 - Rain,02 - Wet,10 - No control,01 - Non intersection,07 - Dark,03 - P.D. only,07 - SMV other,Manotick
11345,CHAPMAN MILLS DR @ LONGFIELDS DR,364841.826,5014582.921,-75.73484018,45.26864047,2014-11-07,17:25,01 - Clear,01 - Dry,02 - Stop sign,03 - At intersection,07 - Dark,03 - P.D. only,05 - Turning movement,New Barrhaven
11346,EARL ARMSTRONG RD @ RIVER RD,367572.2446,5014684.398,-75.70003483,45.26931515,2014-11-07,9:31,02 - Rain,02 - Wet,01 - Traffic signal,02 - Intersection related,01 - Daylight,03 - P.D. only,04 - Sideswipe,Gloucester
11347,GRASSY PLAINS DR @ STONEHAVEN DR,356205.1448,5015964.685,-75.84475324,45.28175817,2014-11-07,8:25,03 - Snow,02 - Wet,01 - Traffic signal,02 - Intersection related,01 - Daylight,03 - P.D. only,03 - Rear end,Bridlewood - Emerald Meadows
11348,CARLING AVE WB btwn PARKDALE AVE & CIVIC HOSPITAL,365652.0666,5028190.261,-75.72284291,45.391008,2014-08-25,9:45,01 - Clear,01 - Dry,10 - No control,01 - Non intersection,01 - Daylight,03 - P.D. only,04 - Sideswipe,Civic Hospital - Experimental Farm - Central Park
11349,CARLING AVE @ IROQUOIS RD,362213.2121,5026024.582,-75.76700952,45.37181184,2014-09-08,8:50,01 - Clear,01 - Dry,01 - Traffic signal,03 - At intersection,01 - Daylight,03 - P.D. only,02 - Angle,Carlingwood - McKellar Park - Laurentien View
11350,HAYES ST btwn BOUTON D'OR WAY & TOMPKINS AVE,382460.9395,5037763.748,-75.50669143,45.47548028,2014-11-08,18:05,02 - Rain,02 - Wet,10 - No control,01 - Non intersection,07 - Dark,03 - P.D. only,06 - SMV unattended vehicle,Queenswood Heights
11351,REGIONAL ROAD 174 btwn TRANSIT & OR174 IC109 RAMP54,376380.0941,5034785.016,-75.58489072,45.44932942,2014-08-17,10:42,01 - Clear,01 - Dry,10 - No control,01 - Non intersection,01 - Daylight,03 - P.D. only,04 - Sideswipe,Greenbelt
11352,VANIER PKWY NB btwn DONALD ST & QUEEN MARY ST,370361.3408,5031978.438,-75.66220206,45.42466755,2014-11-06,7:32,01 - Clear,01 - Dry,10 - No control,01 - Non intersection,01 - Daylight,03 - P.D. only,03 - Rear end,Overbrook
11353,KATNICK WAY btwn MIRO WAY & DOYON AVE,349128.5206,5020640.753,-75.93453405,45.32431673,2014-11-06,15:36,01 - Clear,01 - Dry,10 - No control,04 - At/near private drive,01 - Daylight,03 - P.D. only,06 - SMV unattended vehicle,Kanata Lakes - Marchwood Lakeside - Morgan's Grant - Kanata
11354,FRANKTOWN RD btwn CONLEY RD & JOY'S RD,354847.4969,5004498.269,-75.86321092,45.17867784,2014-11-13,13:40,01 - Clear,01 - Dry,10 - No control,01 - Non intersection,01 - Daylight,03 - P.D. only,07 - SMV other,Munster Hamlet - Richmond
11355,HIGHWAY 417 btwn HWY417 IC144 RAMP35 & HWY417 IC144 RAMP25,347522.3312,5015922.619,-75.95542868,45.28196096,2014-10-05,9:30,01 - Clear,01 - Dry,10 - No control,01 - Non intersection,01 - Daylight,03 - P.D. only,04 - Sideswipe,Stittsville - Basswood
11356,BRONSON AVE @ HWY 417 BRONSON IC121AR51,367288.2385,5029709.61,-75.70175649,45.4045346,2014-09-29,18:45,01 - Clear,01 - Dry,01 - Traffic signal,02 - Intersection related,01 - Daylight,03 - P.D. only,03 - Rear end,Centretown West