Record,Location,X,Y,lon,lat,Date,Time,Environment,Road_Surface,Traffic_Control,Collision_Location,Light,Collision_Classification,Impact_type,Neighborhood
11357,HIGHWAY 417 btwn HWY417 IC126 RAMP25 & HWY417 IC124 RAMP57,363888.3027,5026791.179,-75.74553387,45.37857033,2014-10-02,15:15,01 - Clear,01 - Dry,10 - No control,01 - Non intersection,01 - Daylight,03 - P.D. only,03 - Rear end,Carlington
11358,HIGHWAY 417 btwn HWY417 IC122 RAMP16 & HWY417 IC122 RAMP61,365489.1923,5028999.949,-75.72482323,45.39830753,2014-12-22,17:05,"07 - Fog, mist, smoke, dust",02 - Wet,10 - No control,01 - Non intersection,07 - Dark,03 - P.D. only,03 - Rear end,Civi
11359,HIGHWAY 416 btwn HWY416 IC75A RAMP43 & HWY416 IC72 RAMP34,358811.3704,5021731.022,-75.81090636,45.33344877,2014-12-22,17:19,01 - Clear,01 - Dry,10 - No control,01 - Non intersection,07 - Dark,03 - P.D. only,07 - SMV other,Briar Green - Leslie Park
11360,HIGHWAY 417 btwn HWY417 IC124 RAMP76 & HWY417 IC124 RAMP67,364553.5108,5027702.834,-75.7369306,45.38671682,2014-12-22,17:20,03 - Snow,01 - Dry,10 - No control,01 - Non intersection,07 - Dark,03 - P.D. only,03 - Rear end,Westboro
11361,DWYER HILL RD btwn GOLF CLUB WAY & CRAWFORD SIDE RD,341755.2335,5006395.86,-76.02964565,45.19656084,2014-10-19,18:00,01 - Clear,01 - Dry,10 - No control,01 - Non intersection,05 - Dusk,03 - P.D. only,07 - SMV other,Munster Hamlet - Richmond
11362,INNES RD @ PAGE RD,380886.7989,5034540.079,-75.52732114,45.44664959,2014-10-20,20:40,02 - Rain,02 - Wet,01 - Traffic signal,03 - At intersection,07 - Dark,03 - P.D. only,05 - Turning movement,Orleans Village - Chateauneuf
11363,INNES RD @ STONEHENGE CRES W,375200.2151,5031215.616,-75.60048326,45.41733384,2014-10-13,7:04,01 - Clear,01 - Dry,01 - Traffic signal,02 - Intersection related,01 - Daylight,03 - P.D. only,07 - SMV other,Industrial Park
11364,REGIONAL ROAD 174 btwn TRANSIT & OR174 IC105 RAMP51,378108.0884,5036266.963,-75.56258136,45.46248384,2014-10-13,7:59,01 - Clear,01 - Dry,10 - No control,01 - Non intersection,01 - Daylight,03 - P.D. only,07 - SMV other,Greenbelt
11365,COLONNADE RD    S btwn CONCOURSE GT & COLONNADE RD N,367263.9838,5023095.537,-75.70290284,45.34502493,2014-11-02,16:15,01 - Clear,01 - Dry,10 - No control,01 - Non intersection,01 - Daylight,03 - P.D. only,05 - Turning movement,Industrial Park
11366,HAZELDEAN RD @ CARBROOKE ST/IRWIN GATE,353417.1476,5018263.568,-75.88006356,45.30264241,2014-08-15,19:43,01 - Clear,01 - Dry,01 - Traffic signal,02 - Intersection related,05 - Dusk,03 - P.D. only,04 - Sideswipe,Glen Cairn - Kanata South Business Park
11367,JEANNE D'ARC BLVD  S btwn DES EPINETTES AVE & SAPINIER ST,382279.6578,5035950.038,-75.50929565,45.45918222,2014-08-15,21:38,01 - Clear,02 - Wet,10 - No control,01 - Non intersection,07 - Dark,03 - P.D. only,07 - SMV other,Orleans Village - Chateauneuf
11368,INNES RD @ STONEHENGE CRES E,375363.2686,5031313.553,-75.59838613,45.4181986,2014-11-07,7:50,01 - Clear,02 - Wet,01 - Traffic signal,02 - Intersection related,01 - Daylight,03 - P.D. only,03 - Rear end,Greenbelt
11369,RIVERSIDE DR @ SMYTH RD NORTH SIDE RAMP,369938.0399,5029315.797,-75.66796266,45.40074966,2014-11-07,9:40,02 - Rain,02 - Wet,01 - Traffic signal,02 - Intersection related,01 - Daylight,03 - P.D. only,03 - Rear end,Industrial Park
11370,PRINCE OF WALES DR @ WEST HUNT CLUB RD,367460.1321,5021891.503,-75.70055253,45.33417376,2014-11-07,19:38,01 - Clear,01 - Dry,01 - Traffic signal,02 - Intersection related,07 - Dark,03 - P.D. only,03 - Rear end,Industrial Park
11371,ST. LAURENT BLVD btwn COVENTRY RD & LEMIEUX ST,372309.9849,5031941.148,-75.63730856,45.42414668,2014-08-25,11:43,01 - Clear,01 - Dry,10 - No control,01 - Non intersection,01 - Daylight,03 - P.D. only,03 - Rear end,Overbrook
11372,CHAPEL ST @ STEWART ST,369013.2342,5032438.592,-75.67936751,45.4289329,2014-11-05,13:00,01 - Clear,01 - Dry,02 - Stop sign,03 - At intersection,01 - Daylight,03 - P.D. only,02 - Angle,Sandy Hill
11373,PRINCE OF WALES DR @ WEST HUNT CLUB RD,367460.1321,5021891.503,-75.70055253,45.33417376,2014-08-18,7:50,01 - Clear,01 - Dry,01 - Traffic signal,02 - Intersection related,01 - Daylight,03 - P.D. only,03 - Rear end,Industrial Park
11374,GREENBANK RD btwn WEST HUNT CLUB RD & FALLOWFIELD RD,362251.9991,5018569.72,-75.76737994,45.30473016,2014-08-17,11:15,01 - Clear,01 - Dry,10 - No control,01 - Non intersection,01 - Daylight,03 - P.D. only,07 - SMV other,Greenbelt
11375,GEORGE ST btwn DALHOUSIE ST & CUMBERLAND ST,368293.5089,5032396.704,-75.68856992,45.42862171,2014-11-09,20:33,02 - Rain,02 - Wet,10 - No control,04 - At/near private drive,07 - Dark,03 - P.D. only,07 - SMV other,Byward Market
11376,DUNROBIN RD @ MARCH RD,347175.0747,5026065.536,-75.95898673,45.37325106,2014-11-09,23:53,01 - Clear,02 - Wet,01 - Traffic signal,03 - At intersection,07 - Dark,03 - P.D. only,07 - SMV other,Carp - Hardwood Plains
11377,WOODROFFE AVE @ FIRESTATION,362495.9183,5023913.79,-75.76364696,45.35279591,2014-10-27,15:07,01 - Clear,01 - Dry,01 - Traffic signal,02 - Intersection related,01 - Daylight,03 - P.D. only,03 - Rear end,Iris
11378,WEST HUNT CLUB RD @ CLEOPATRA DR/LANCELOT DR,365235.2261,5021733.442,-75.7289556,45.3329467,2014-11-14,16:04,01 - Clear,01 - Dry,01 - Traffic signal,02 - Intersection related,05 - Dusk,03 - P.D. only,03 - Rear end,Tanglewood
11379,HAZELDEAN RD @ HUNTMAR DR/IBER RD,350941.1761,5016077.536,-75.9118373,45.28313886,2014-11-20,18:39,01 - Clear,01 - Dry,01 - Traffic signal,03 - At intersection,07 - Dark,03 - P.D. only,05 - Turning movement,Stittsville
11380,HIGHWAY 417 btwn HWY417 IC138 RAMP61 & HWY417 IC134 RAMP36,355425.7216,5021709.832,-75.85410082,45.33351052,2014-10-05,13:25,01 - Clear,01 - Dry,10 - No control,01 - Non intersection,01 - Daylight,03 - P.D. only,03 - Rear end,Greenbelt
11381,HIGHWAY 417 btwn HWY417 IC126 RAMP61 & HWY417 IC124 RAMP76,363198.0507,5025915.828,-75.75445007,45.37075191,2014-09-23,15:00,01 - Clear,01 - Dry,10 - No control,01 - Non intersection,01 - Daylight,03 - P.D. only,03 - Rear end,Carlingwood West - Glabar Park - McKellar Heights
11382,HIGHWAY 417 btwn HWY417 IC140 RAMP25 & HWY417 IC139 RAMP15,351676.6349,5019168.735,-75.90217068,45.31090563,2014-12-10,18:32,03 - Snow,03 - Loose snow,10 - No control,01 - Non intersection,07 - Dark,03 - P.D. only,04 - Sideswipe,Katimavik - Hazeldean
11383,HIGHWAY 417 btwn HWY417 IC180 RAMP61 & HWY417 IC169 RAMP36,320367.6089,5030438.078,-76.30110258,45.41370593,2014-12-23,10:05,02 - Rain,06 - Ice,10 - No control,01 - Non intersection,01 - Daylight,03 - P.D. only,07 - SMV other,McNab/Braeside
11384,HIGHWAY 417 btwn Continuation of HIGHWAY 417 & HWY417 IC134 RAMP51,355570.0726,5021742.059,-75.85225596,45.33379008,2014-12-10,12:10,05 - Drifting Snow,03 - Loose snow,10 - No control,01 - Non intersection,01 - Daylight,03 - P.D. only,07 - SMV other,Greenbelt
11385,HIGHWAY 417 btwn HWY417 IC122 RAMP51 & HWY417 IC122 RAMP15,365621.2588,5029069.308,-75.72312796,45.39892015,2014-12-23,12:45,02 - Rain,02 - Wet,10 - No control,01 - Non intersection,01 - Daylight,03 - P.D. only,04 - Sideswipe,Civic Hospital - Experimental Farm - Central Park
11386,HIGHWAY 7 btwn DWYER HILL RD & UPPER DWYER HILL RD,340973.2019,5007180.157,-76.03954185,45.20365899,2014-12-23,16:50,04 - Freezing Rain,99 - Other,10 - No control,01 - Non intersection,07 - Dark,03 - P.D. only,07 - SMV other,Munster Hamlet - Richmond
11387,HIGHWAY 417 btwn HWY417 IC126 RAMP61 & HWY417 IC124 RAMP76,363194.0014,5025909.929,-75.75450246,45.37069917,2014-12-23,17:30,02 - Rain,02 - Wet,10 - No control,01 - Non intersection,07 - Dark,03 - P.D. only,03 - Rear end,Carlingwood West - Glabar Park - McKellar Heights
11388,CEDARVIEW RD @ WEST HUNT CLUB RD,359717.7273,5019554.953,-75.79958497,45.31379806,2014-10-21,5:16,02 - Rain,02 - Wet,01 - Traffic signal,03 - At intersection,07 - Dark,03 - P.D. only,05 - Turning movement,Greenbelt
11389,CEDAR LANE @ PARKWAY RD,376562.6794,5012826.619,-75.58574342,45.25173958,2014-10-21,6:57,02 - Rain,08 - Loose sand or gravel,02 - Stop sign,02 - Intersection related,07 - Dark,03 - P.D. only,07 - SMV other,Greely
11390,INNES RD btwn BELCOURT BLVD & 260 E OF BELCOURT BLVD/WALMART SC,382208.7827,5035319.691,-75.51030099,45.45351874,2014-12-01,19:09,03 - Snow,03 - Loose snow,10 - No control,01 - Non intersection,07 - Dark,03 - P.D. only,04 - Sideswipe,Orleans Village - Chateauneuf
11391,OLD MONTREAL RD btwn FAUBERT ST & MARKET ST,390418.2066,5042547.421,-75.40409866,45.5175877,2014-12-02,7:28,01 - Clear,01 - Dry,10 - No control,01 - Non intersection,03 - Dawn,03 - P.D. only,03 - Rear end,Cumberland - Estates
11392,CUMMINGS AVE/LABELLE ST @ CYRVILLE RD,372860.037,5031871.971,-75.63028996,45.42347096,2014-11-08,16:36,01 - Clear,02 - Wet,01 - Traffic signal,02 - Intersection related,05 - Dusk,03 - P.D. only,03 - Rear end,Cummings
11393,OLD INNES RD btwn BANTREE ST & SHEFFIELD RD,373795.9845,5030390.878,-75.61853868,45.41005314,2014-12-10,12:34,03 - Snow,03 - Loose snow,10 - No control,04 - At/near private drive,01 - Daylight,03 - P.D. only,02 - Angle,Industrial Park
11394,KNOXDALE RD btwn CRAIG HENRY DR & WOODROFFE AVE,363376.5619,5021806.582,-75.75265808,45.33376242,2014-08-16,13:06,02 - Rain,02 - Wet,10 - No control,01 - Non intersection,01 - Daylight,03 - P.D. only,05 - Turning movement,Woodvale - Craig Henry - Manordale - Estates of Arlington Wo
11395,MITCH OWENS RD btwn RAMSAYVILLE RD & 8TH LINE RD,381303.2081,5018131.801,-75.52454007,45.2989735,2014-08-16,21:20,01 - Clear,02 - Wet,10 - No control,04 - At/near private drive,07 - Dark,03 - P.D. only,05 - Turning movement,Metcalfe
11396,EARL ARMSTRONG RD @ RIVER RD,367573.1924,5014684.398,-75.70002275,45.26931507,2014-11-07,20:10,01 - Clear,01 - Dry,01 - Traffic signal,02 - Intersection related,07 - Dark,03 - P.D. only,03 - Rear end,Gloucester
11397,PRESTON ST @ SPRUCE ST,366274.2816,5030199.618,-75.71464675,45.40903335,2014-11-07,20:41,01 - Clear,01 - Dry,02 - Stop sign,03 - At intersection,07 - Dark,03 - P.D. only,02 - Angle,Little Italy
11398,SMITH RD btwn TENTH LINE RD & MILTON RD,386680.5262,5030619.712,-75.45391904,45.4107232,2014-11-08,1:16,01 - Clear,01 - Dry,10 - No control,01 - Non intersection,07 - Dark,03 - P.D. only,07 - SMV other,Navan - Vars
11399,RICHMOND RD @ HOLLY ACRES RD/NANAIMO DR,359056.3019,5022748.496,-75.80767011,45.34258514,2014-08-26,8:05,01 - Clear,01 - Dry,01 - Traffic signal,03 - At intersection,01 - Daylight,03 - P.D. only,05 - Turning movement,Greenbelt
11400,CASTLEFRANK RD @ HAZELDEAN RD,352677.4042,5017677.717,-75.88955236,45.29742159,2014-11-05,15:13,01 - Clear,01 - Dry,01 - Traffic signal,02 - Intersection related,01 - Daylight,03 - P.D. only,03 - Rear end,Glen Cairn - Kanata South Business Park
11401,BELCOURT BLVD @ ST. JOSEPH BLVD,381206.162,5037357.649,-75.52280122,45.47196496,2014-11-05,15:56,01 - Clear,01 - Dry,01 - Traffic signal,03 - At intersection,01 - Daylight,03 - P.D. only,05 - Turning movement,Orleans Village - Chateauneuf
11402,LANARK AVE @ ROYAL AVE,362909.5404,5028774.913,-75.75779652,45.39650155,2014-08-13,22:00,02 - Rain,02 - Wet,03 - Yield sign,02 - Intersection related,07 - Dark,03 - P.D. only,07 - SMV other,Westboro Beach
11403,CYRVILLE RD @ ST. LAURENT BLVD,372241.2469,5032111.58,-75.63816351,45.42568678,2014-08-18,12:58,01 - Clear,01 - Dry,01 - Traffic signal,02 - Intersection related,01 - Daylight,03 - P.D. only,04 - Sideswipe,Overbrook
11404,MARCH RD @ HUNTMAR DR,344141.0963,5023546.555,-75.99792127,45.35076139,2014-11-10,17:07,01 - Clear,01 - Dry,02 - Stop sign,03 - At intersection,07 - Dark,03 - P.D. only,05 - Turning movement,Carp - Hardwood Plains
11405,BASELINE RD @ WOODROFFE AVE,362549.2163,5023770.505,-75.76298353,45.35150225,2014-11-11,14:34,01 - Clear,01 - Dry,01 - Traffic signal,02 - Intersection related,01 - Daylight,03 - P.D. only,03 - Rear end,Iris
11406,CONROY RD @ WALKLEY RD,372904.2296,5027464.799,-75.63033397,45.38381291,2014-12-15,16:50,01 - Clear,01 - Dry,01 - Traffic signal,02 - Intersection related,07 - Dark,03 - P.D. only,03 - Rear end,Elmvale - Eastway - Riverview - Riverview Park West
11407,MAIN ST @ RIVERDALE AVE,369432.6912,5029532.019,-75.67438869,45.40274198,2014-12-15,17:13,01 - Clear,01 - Dry,01 - Traffic signal,02 - Intersection related,07 - Dark,03 - P.D. only,03 - Rear end,Old Ottawa East
11408,CRESTWAY DR @ PRINCE OF WALES DR,367370.526,5016576.434,-75.70236677,45.28635751,2014-12-16,18:46,02 - Rain,06 - Ice,01 - Traffic signal,02 - Intersection related,07 - Dark,03 - P.D. only,07 - SMV other,Greenbelt
11409,GEORGE ST @ DALHOUSIE ST,368158.6477,5032315.115,-75.69030374,45.42789983,2014-11-25,9:13,01 - Clear,01 - Dry,01 - Traffic signal,03 - At intersection,01 - Daylight,03 - P.D. only,02 - Angle,Byward Market
11410,BASELINE RD @ GREENBANK RD,360596.7342,5022583.075,-75.7880338,45.34097585,2014-12-07,14:30,01 - Clear,01 - Dry,01 - Traffic signal,02 - Intersection related,01 - Daylight,03 - P.D. only,04 - Sideswipe,Qualicum - Redwood Park
11411,MERLYN WILSON RD btwn BART'S LANE & TO BE DETERMINED,369145.1848,4990607.529,-75.6830934,45.05252808,2014-12-12,9:20,03 - Snow,04 - Slush,10 - No control,01 - Non intersection,01 - Daylight,03 - P.D. only,07 - SMV other,Munster Hamlet - Richmond
11412,FIFTH LINE RD btwn GREENLAND RD & BERRY SIDE RD,345533.1603,5032045.081,-75.97945473,45.42715369,2014-12-12,9:49,03 - Snow,03 - Loose snow,10 - No control,01 - Non intersection,01 - Daylight,03 - P.D. only,07 - SMV other,Carp - Hardwood Plains
11413,RICHMOND RD @ WEST HUNT CLUB RD,357143.7471,5018151.987,-75.83255913,45.30137059,2014-12-12,8:58,03 - Snow,05 - Packed snow,01 - Traffic signal,02 - Intersection related,01 - Daylight,03 - P.D. only,03 - Rear end,Greenbelt
11414,HERZBERG RD @ MARCH RD,352323.6222,5021529.913,-75.89369337,45.33210853,2014-09-05,20:00,02 - Rain,02 - Wet,01 - Traffic signal,03 - At intersection,07 - Dark,03 - P.D. only,03 - Rear end,Kanata Lakes - Marchwood Lakeside - Morgan's Grant - Kanata
11415,WARBONNET DR btwn APACHE CRES & BEAVER RDG,365514.2648,5024723.678,-75.72502883,45.35982832,2014-10-22,14:22,01 - Clear,01 - Dry,10 - No control,04 - At/near private drive,01 - Daylight,03 - P.D. only,06 - SMV unattended vehicle,Cityview - Skyline - Fisher Heights
11416,CRESTHAVEN DR @ STRANDHERD DR,366812.9561,5015029.496,-75.70966713,45.27248769,2014-12-15,15:50,01 - Clear,02 - Wet,01 - Traffic signal,02 - Intersection related,01 - Daylight,03 - P.D. only,03 - Rear end,Chapman Mills - Rideau Crest - Davidson Heights
11417,BLACKBURN BYPASS @ NAVAN RD,379617.6451,5033274.666,-75.54373583,45.43540132,2014-12-15,16:14,01 - Clear,02 - Wet,01 - Traffic signal,02 - Intersection related,05 - Dusk,03 - P.D. only,03 - Rear end,Greenbelt
11418,EAGLESON RD @ HAZELDEAN RD/ROBERTSON RD,353674.0988,5018425.408,-75.87677132,45.30408085,2014-11-14,7:37,01 - Clear,01 - Dry,01 - Traffic signal,03 - At intersection,01 - Daylight,03 - P.D. only,05 - Turning movement,Greenbelt
11419,GREENBANK RD @ BERRIGAN DR/WESSEX RD,363724.1556,5015276.425,-75.74899999,45.27497516,2014-08-13,17:22,01 - Clear,01 - Dry,01 - Traffic signal,02 - Intersection related,01 - Daylight,03 - P.D. only,03 - Rear end,New Barrhaven
11420,ANALDEA DR @ BANK ST,375696.3281,5020811.594,-75.59563831,45.3236734,2014-09-15,17:46,01 - Clear,01 - Dry,02 - Stop sign,02 - Intersection related,01 - Daylight,03 - P.D. only,03 - Rear end,Greenbelt
11421,PARKDALE AVE btwn TYNDALL ST & SIMS AVE,365265.4819,5029007.934,-75.72767941,45.39839873,2014-09-15,16:05,02 - Rain,02 - Wet,10 - No control,01 - Non intersection,01 - Daylight,03 - P.D. only,03 - Rear end,Civi
11422,BANK ST @ HUNT CLUB RD,371608.2626,5024095.558,-75.64733676,45.35362248,2014-09-16,17:30,03 - Snow,02 - Wet,01 - Traffic signal,02 - Intersection related,01 - Daylight,03 - P.D. only,03 - Rear end,South Keys - Heron Gate - Greenboro West
11423,CASTLEFRANK RD @ HAZELDEAN RD,352677.4042,5017676.769,-75.88955245,45.29741305,2014-09-17,13:50,01 - Clear,01 - Dry,01 - Traffic signal,03 - At intersection,01 - Daylight,03 - P.D. only,05 - Turning movement,Glen Cairn - Kanata South Business Park
11424,PRINCE OF WALES DR @ MEADOWLANDS DR/HOG'S BACK,367372.9328,5025693.73,-75.70118381,45.3683932,2014-08-23,15:17,01 - Clear,01 - Dry,01 - Traffic signal,02 - Intersection related,01 - Daylight,03 - P.D. only,03 - Rear end,Carleton Heights - Rideauview
11425,SUSSEX DR btwn GUIGUES AVE & ST. PATRICK ST (1),367656.0138,5032477.53,-75.69670582,45.42940654,2014-09-09,15:30,01 - Clear,01 - Dry,10 - No control,01 - Non intersection,01 - Daylight,03 - P.D. only,99 - Other,Lower Town
11426,ALPINE AVE @ ELMHURST ST,360597.6843,5024681.79,-75.78778486,45.35985996,2014-09-09,21:16,01 - Clear,01 - Dry,02 - Stop sign,03 - At intersection,07 - Dark,03 - P.D. only,02 - Angle,Whitehaven - Queensway Terrace North
11427,TERRY FOX DR btwn INNOVATION DR & MARCH RD,349563.9767,5023125.786,-75.92875475,45.34665004,2014-09-16,9:15,01 - Clear,01 - Dry,10 - No control,01 - Non intersection,01 - Daylight,03 - P.D. only,03 - Rear end,Morgan's Grant
11428,KIRKWOOD AVE @ RICHMOND RD,363778.2158,5028641.555,-75.74671827,45.39522898,2014-09-18,17:32,01 - Clear,01 - Dry,01 - Traffic signal,02 - Intersection related,01 - Daylight,03 - P.D. only,05 - Turning movement,Westboro
11429,COBOURG ST @ ST. PATRICK ST,368802.2754,5033234.386,-75.6819598,45.43611249,2014-09-07,14:00,01 - Clear,01 - Dry,01 - Traffic signal,03 - At intersection,01 - Daylight,03 - P.D. only,05 - Turning movement,Lower Town
11430,MARCH RD btwn CARLING AVE/STATION RD & 280 S OF CARLING AVE/STATION RD,351005.2093,5022139.976,-75.91045583,45.33768605,2014-09-10,9:26,01 - Clear,01 - Dry,08 - Traffic gate,05 - At railway crossing,01 - Daylight,03 - P.D. only,03 - Rear end,South March
11431,CAMPEAU DR @ TERRY FOX DR,350457.5009,5019010.93,-75.91773232,45.30956598,2014-12-15,17:40,01 - Clear,02 - Wet,01 - Traffic signal,03 - At intersection,07 - Dark,03 - P.D. only,05 - Turning movement,Kanata
11432,BAYSHORE DR @ RICHMOND RD,359374.6129,5023369.008,-75.80354018,45.34814382,2014-12-15,18:05,01 - Clear,02 - Wet,01 - Traffic signal,03 - At intersection,07 - Dark,03 - P.D. only,05 - Turning movement,Bayshore
11433,BRONSON AVE btwn UNIVERSITY RD & BREWER WAY,368025.3229,5027916.25,-75.69257153,45.3883323,2014-12-16,8:45,03 - Snow,03 - Loose snow,10 - No control,01 - Non intersection,01 - Daylight,03 - P.D. only,07 - SMV other,Carleto
11434,BLACKBURN BYPASS WB btwn NAVAN RD & 1700 W OF NAVAN RD,378769.2659,5032756.941,-75.55465547,45.43083345,2014-12-17,4:20,04 - Freezing Rain,02 - Wet,10 - No control,01 - Non intersection,07 - Dark,03 - P.D. only,07 - SMV other,Greenbelt
11435,WEST HUNT CLUB RD @ WOODROFFE AVE,363669.7409,5021247.914,-75.74898436,45.32871103,2014-11-25,17:01,01 - Clear,01 - Dry,01 - Traffic signal,02 - Intersection related,07 - Dark,03 - P.D. only,03 - Rear end,Woodvale - Craig Henry - Manordale - Estates of Arlington Wo
11436,INNES RD @ STONEHENGE CRES W,375201.6414,5031216.089,-75.60046497,45.41733796,2014-11-26,12:02,01 - Clear,01 - Dry,01 - Traffic signal,03 - At intersection,01 - Daylight,03 - P.D. only,05 - Turning movement,Industrial Park
11437,GEORGE ST @ SUSSEX DR,367870.166,5032132.118,-75.69401348,45.42627936,2014-12-12,8:15,03 - Snow,03 - Loose snow,01 - Traffic signal,03 - At intersection,01 - Daylight,03 - P.D. only,02 - Angle,Byward Market
11438,INNOVATION DR btwn HINES RD & END,349868.6901,5022590.139,-75.92491522,45.34181065,2014-12-12,11:54,01 - Clear,01 - Dry,10 - No control,04 - At/near private drive,01 - Daylight,03 - P.D. only,02 - Angle,South March
11439,BASELINE RD btwn HIGHGATE RD & TURN LANE,362095.8909,5023485.933,-75.76880153,45.34897888,2014-12-12,14:01,01 - Clear,02 - Wet,10 - No control,01 - Non intersection,01 - Daylight,03 - P.D. only,04 - Sideswipe,Iris
11440,MONTREAL RD btwn RIDEAU ST & NORTH RIVER RD,369648.9793,5032917.31,-75.67118062,45.43318155,2014-09-07,2:20,01 - Clear,01 - Dry,10 - No control,01 - Non intersection,07 - Dark,03 - P.D. only,04 - Sideswipe,Vanier
11441,ALBERT ST @ KENT ST (OTTAWA),367222.6449,5031320.999,-75.70239025,45.41903925,2014-09-10,14:39,01 - Clear,01 - Dry,01 - Traffic signal,02 - Intersection related,01 - Daylight,03 - P.D. only,04 - Sideswipe,Downtown
11442,Magic Morning Way btwn Nightshade Pl and Evening Shadow Ave ,379398.7879,5013429.469,-75.5495258,45.25686885,2014-09-12,7:00,01 - Clear,01 - Dry,10 - No control,01 - Non intersection,01 - Daylight,03 - P.D. only,06 - SMV unattended vehicle,Greely
11443,BRONSON AVE @ KIPPEWA DR,367557.1907,5029075.557,-75.69840183,45.39880552,2014-06-10,12:00,01 - Clear,01 - Dry,02 - Stop sign,02 - Intersection related,01 - Daylight,03 - P.D. only,04 - Sideswipe,The Glebe
11444,MCCORDICK RD btwn ROGER STEVENS DR & CHURCH ST,365336.4331,4997585.411,-75.73060123,45.11565265,2014-06-16,8:22,01 - Clear,01 - Dry,10 - No control,04 - At/near private drive,01 - Daylight,03 - P.D. only,05 - Turning movement,Munster Hamlet - Richmond
11445,BELFAST RD @ COVENTRY RD,371521.8209,5031641.09,-75.6474198,45.42152251,2014-06-19,9:25,01 - Clear,01 - Dry,01 - Traffic signal,02 - Intersection related,01 - Daylight,03 - P.D. only,05 - Turning movement,Overbrook
11446,CARLING AVE @ MERIVALE RD,364894.2299,5027701.492,-75.73258007,45.3866756,2014-08-14,15:00,02 - Rain,02 - Wet,01 - Traffic signal,02 - Intersection related,01 - Daylight,03 - P.D. only,05 - Turning movement,Carlington
11447,SOMERSET ST    W btwn ARTHUR ST & CAMBRIDGE ST N,366892.8085,5030429.905,-75.70671662,45.4110508,2014-09-15,16:09,01 - Clear,01 - Dry,10 - No control,01 - Non intersection,01 - Daylight,03 - P.D. only,99 - Other,Chinatown
11448,NEEPAWA AVE btwn SAVILLE ROW & IROQUOIS RD,362077.8564,5026410.739,-75.76869267,45.37529752,2014-09-15,13:30,01 - Clear,01 - Dry,10 - No control,01 - Non intersection,01 - Daylight,03 - P.D. only,06 - SMV unattended vehicle,Carlingwood - McKellar Park - Laurentien View
11449,JOSEPH CYR ST @ CYRVILLE RD,372511.3476,5031981.515,-75.63473014,45.42449042,2014-09-17,14:30,01 - Clear,01 - Dry,02 - Stop sign,02 - Intersection related,01 - Daylight,03 - P.D. only,04 - Sideswipe,Cummings
11450,CLAUDE ST btwn CLARKE AVE & BURN ST,372022.7165,5033310.261,-75.64079216,45.43649299,2014-08-26,17:50,01 - Clear,01 - Dry,10 - No control,04 - At/near private drive,01 - Daylight,03 - P.D. only,05 - Turning movement,Cummings
11451,ST. LAURENT BLVD btwn SHORE ST & BELFAST RD,372854.563,5030593.728,-75.63053644,45.41197047,2014-09-19,16:53,01 - Clear,01 - Dry,10 - No control,01 - Non intersection,01 - Daylight,03 - P.D. only,04 - Sideswipe,Industrial Park
11452,MACDONALD-CARTIER BR btwn RAMP & END (2),367251.9701,5033269.711,-75.70176847,45.43657051,2014-09-16,6:55,01 - Clear,01 - Dry,10 - No control,07 - Overpass or bridge,01 - Daylight,03 - P.D. only,04 - Sideswipe,Gatineau
11453,WESTMINSTER AVE btwn SKEAD ST & RICHMOND RD,362335.4857,5027650.718,-75.7652591,45.3864336,2014-09-18,17:30,01 - Clear,01 - Dry,10 - No control,01 - Non intersection,01 - Daylight,03 - P.D. only,04 - Sideswipe,Carlingwood - McKellar Park - Laurentien View
11454,LIMEBANK RD btwn EARL ARMSTRONG RD & RIDEAU RD,370847.1827,5014120.855,-75.65837859,45.26394456,2014-09-18,21:17,01 - Clear,01 - Dry,10 - No control,01 - Non intersection,07 - Dark,03 - P.D. only,07 - SMV other,Greenbelt
11455,CRESTWAY DR @ HATHAWAY DR,366392.1449,5015841.684,-75.71492894,45.27983269,2014-12-15,18:35,01 - Clear,02 - Wet,02 - Stop sign,02 - Intersection related,07 - Dark,03 - P.D. only,03 - Rear end,Chapman Mills - Rideau Crest - Davidson Heights
11456,PARKDALE AVE btwn GLADSTONE AVE & FOSTER ST,365222.4024,5029104.784,-75.72821775,45.39927389,2014-12-15,18:52,01 - Clear,02 - Wet,10 - No control,01 - Non intersection,07 - Dark,03 - P.D. only,03 - Rear end,Civi
11457,UPPER DWYER HILL RD btwn GALETTA SIDE RD & RITCHIE SIDE RD,321830.0068,5027803.014,-76.28250958,45.38996018,2014-12-17,6:15,"07 - Fog, mist, smoke, dust",06 - Ice,10 - No control,01 - Non intersection,07 - Dark,03 - P.D. only,07 - SMV other,Mississipp
11458,GRANVILLE AVE btwn WELLINGTON ST W & BYRON AVE,364453.6259,5028813.752,-75.73807174,45.39672116,2014-12-17,8:15,02 - Rain,04 - Slush,10 - No control,04 - At/near private drive,01 - Daylight,03 - P.D. only,06 - SMV unattended vehicle,Island Park
11459,BASELINE RD btwn LOBLAWS SC & MERIVALE RD,364926.4328,5025245.16,-75.73246793,45.36457119,2014-12-17,9:09,02 - Rain,02 - Wet,10 - No control,01 - Non intersection,01 - Daylight,03 - P.D. only,07 - SMV other,Civic Hospital - Experimental Farm - Central Park