Record,Location,X,Y,lon,lat,Date,Time,Environment,Road_Surface,Traffic_Control,Collision_Location,Light,Collision_Classification,Impact_type,Neighborhood
11460,LAURIER AVE @ NICHOLAS ST,368374.5871,5031796.845,-75.6876113,45.42321703,2014-11-26,18:53,01 - Clear,01 - Dry,01 - Traffic signal,03 - At intersection,07 - Dark,03 - P.D. only,04 - Sideswipe,Sandy Hill
11461,OTTAWA RIVER PKWY WB btwn TUNNEY'S PASTURE/REMIC RAPIDS ENT & PARKDALE,364159.0787,5030131.967,-75.74167485,45.40860723,2014-06-11,16:30,02 - Rain,02 - Wet,10 - No control,01 - Non intersection,01 - Daylight,03 - P.D. only,03 - Rear end,Island Park
11462,COLONEL BY DR btwn ECHO DR & CLEGG ST (1),368961.4854,5029777.491,-75.68037527,45.40499401,2014-06-11,22:19,02 - Rain,02 - Wet,10 - No control,01 - Non intersection,07 - Dark,03 - P.D. only,03 - Rear end,Old Ottawa East
11463,COLONEL BY DR @ OTTAWA UNIV. PED. XING,368728.7574,5031493.051,-75.68312541,45.42045132,2014-06-26,17:45,01 - Clear,01 - Dry,01 - Traffic signal,02 - Intersection related,01 - Daylight,03 - P.D. only,03 - Rear end,Sandy Hill
11464,ISLAND PARK DR SB btwn ISLAND PARK DR NB/SB SPLIT & ISLAND PARK CRES,364434.3466,5028181.288,-75.73839441,45.39103202,2014-06-17,8:54,01 - Clear,01 - Dry,10 - No control,01 - Non intersection,01 - Daylight,03 - P.D. only,04 - Sideswipe,Westboro
11465,BANK ST @ CAHILL DR/DAZE ST,371307.7651,5024318.153,-75.6511416,45.35565388,2014-10-03,13:47,01 - Clear,01 - Dry,01 - Traffic signal,02 - Intersection related,01 - Daylight,03 - P.D. only,03 - Rear end,South Keys - Heron Gate - Greenboro West
11466,KING EDWARD AVE SB btwn CATHCART ST & ST. ANDREW ST,368094.9761,5033081.923,-75.69101878,45.43480506,2014-10-08,15:39,01 - Clear,01 - Dry,10 - No control,01 - Non intersection,01 - Daylight,03 - P.D. only,04 - Sideswipe,Lower Town
11467,HERON RD @ FINN CRT,370831.9908,5026945.716,-75.6568622,45.37934079,2014-10-22,11:45,01 - Clear,01 - Dry,01 - Traffic signal,02 - Intersection related,01 - Daylight,03 - P.D. only,03 - Rear end,Ledbury - Heron Gate - Ridgemont - Elmwood
11468,HAWTHORNE RD btwn HAWTHORNE RD & WHYTE SIDE RD,376189.7907,5024737.557,-75.58877793,45.35894743,2014-10-23,12:57,01 - Clear,01 - Dry,10 - No control,01 - Non intersection,01 - Daylight,03 - P.D. only,07 - SMV other,Greenbelt
11469,OLD INNES RD @ BANTREE ST,373727.0502,5030351.579,-75.61942474,45.40970634,2014-08-21,8:15,01 - Clear,02 - Wet,02 - Stop sign,03 - At intersection,01 - Daylight,03 - P.D. only,02 - Angle,Industrial Park
11470,CARP RD @ ECHOWOODS AVE/KITTIWAKE DR,348596.821,5014560.87,-75.9418532,45.26964133,2014-08-14,17:04,02 - Rain,02 - Wet,01 - Traffic signal,02 - Intersection related,01 - Daylight,03 - P.D. only,03 - Rear end,Stittsville
11471,RICHARDSON SIDE RD @ TERRY FOX DR,348803.086,5019506.072,-75.93878598,45.31412702,2014-08-14,17:40,02 - Rain,02 - Wet,01 - Traffic signal,02 - Intersection related,01 - Daylight,03 - P.D. only,03 - Rear end,Kanata Lakes - Marchwood Lakeside - Morgan's Grant - Kanata
11472,BRONSON AVE @ SOMERSET ST,366969.1179,5030474.676,-75.70573616,45.41144687,2014-09-14,23:20,01 - Clear,01 - Dry,01 - Traffic signal,02 - Intersection related,07 - Dark,03 - P.D. only,04 - Sideswipe,Chinatown
11473,OTTAWA ROAD 29 btwn Continuation of OTTAWA ROAD 29 & GALETTA SIDE RD,319621.947,5028090.516,-76.31069994,45.3925975,2014-09-15,20:01,02 - Rain,02 - Wet,10 - No control,01 - Non intersection,05 - Dusk,03 - P.D. only,07 - SMV other,Mississipp
11474,BREADNER BLVD @ UPLANDS DR,370654.3623,5021962.552,-75.65979388,45.33452054,2014-08-13,18:50,01 - Clear,01 - Dry,02 - Stop sign,03 - At intersection,01 - Daylight,03 - P.D. only,02 - Angle,Greenbelt
11475,BYRON AVE @ KENSINGTON AVE,364100.6876,5028532.32,-75.74261309,45.39421887,2014-08-19,18:29,01 - Clear,01 - Dry,02 - Stop sign,02 - Intersection related,01 - Daylight,03 - P.D. only,03 - Rear end,Westboro
11476,LONGFIELDS DR @ WOODROFFE AVE,365421.6438,5017107.893,-75.72714338,45.29131034,2014-09-03,15:54,01 - Clear,01 - Dry,01 - Traffic signal,02 - Intersection related,01 - Daylight,03 - P.D. only,03 - Rear end,Greenbelt
11477,KING EDWARD AVE @ MURRAY ST,368291.2259,5032753.582,-75.68855308,45.43183298,2014-09-04,8:35,01 - Clear,01 - Dry,01 - Traffic signal,02 - Intersection related,01 - Daylight,03 - P.D. only,03 - Rear end,Byward Market
11478,GREENBANK RD @ STRANDHERD DR,363932.2621,5014783.469,-75.74640657,45.27052207,2014-11-06,9:12,01 - Clear,01 - Dry,01 - Traffic signal,03 - At intersection,01 - Daylight,03 - P.D. only,04 - Sideswipe,New Barrhaven
11479,CAMERON ST @ REGIONAL RD 174,389860.2997,5042616.616,-75.41122648,45.51827852,2014-09-16,10:30,01 - Clear,01 - Dry,01 - Traffic signal,02 - Intersection related,01 - Daylight,03 - P.D. only,03 - Rear end,Cumberland - Estates
11480,WEST HUNT CLUB RD @ WOODROFFE AVE,363672.1128,5021247.437,-75.74895416,45.32870654,2014-09-16,10:15,01 - Clear,01 - Dry,01 - Traffic signal,02 - Intersection related,01 - Daylight,03 - P.D. only,03 - Rear end,Merivale Gardens - Grenfell Glen - Pineglen - Country Place
11481,BANK ST btwn LAURIER AVE W & GLOUCESTER ST,367494.4444,5031245.683,-75.69892724,45.41833728,2014-09-19,6:04,01 - Clear,01 - Dry,10 - No control,01 - Non intersection,03 - Dawn,03 - P.D. only,05 - Turning movement,Downtown
11482,JOSEPH DROUIN AVE btwn ST. JEAN ST & PARC DU VILLAGE ST,380936.5815,5037507.221,-75.52622535,45.47334013,2014-09-17,20:00,01 - Clear,01 - Dry,10 - No control,04 - At/near private drive,07 - Dark,03 - P.D. only,06 - SMV unattended vehicle,Industrial Park
11483,BYRON AVE @ KIRKWOOD AVE,363868.1128,5028432.503,-75.74559522,45.39334039,2014-09-16,14:47,01 - Clear,01 - Dry,01 - Traffic signal,03 - At intersection,01 - Daylight,03 - P.D. only,05 - Turning movement,Westboro
11484,MONTREAL RD btwn ST. LAURENT BLVD & HILLSIDE DR,371657.0773,5033874.467,-75.64538842,45.4416045,2014-09-16,17:50,01 - Clear,01 - Dry,10 - No control,04 - At/near private drive,01 - Daylight,03 - P.D. only,05 - Turning movement,Cummings
11485,CARLING AVE btwn RIFLE RD & DAVIDSON'S SIDE RD,353907.8749,5023324.894,-75.8733045,45.34815096,2014-12-15,19:15,01 - Clear,01 - Dry,10 - No control,01 - Non intersection,07 - Dark,03 - P.D. only,07 - SMV other,Greenbelt
11486,INNES RD @ STAR TOP RD/WINDMILL LANE,374146.7757,5030665.135,-75.61401908,45.4124861,2014-12-15,19:48,01 - Clear,02 - Wet,01 - Traffic signal,02 - Intersection related,07 - Dark,03 - P.D. only,03 - Rear end,Industrial Park
11487,ARGYLE AVE @ O'CONNOR ST,368185.2115,5030485.922,-75.69019962,45.41143897,2014-12-17,6:45,02 - Rain,02 - Wet,01 - Traffic signal,03 - At intersection,07 - Dark,03 - P.D. only,02 - Angle,Centretown
11488,Secone Line Rd btwn Terry Fox Dr and Brady Ave ,348552.2184,5022776.075,-75.94169638,45.34356709,2014-10-02,21:30,01 - Clear,01 - Dry,10 - No control,01 - Non intersection,07 - Dark,03 - P.D. only,07 - SMV other,Morgan's Grant
11489,KENTMARE CRES/TARADALE DR @ CLEARBROOK DR,365822.4087,5015195.058,-75.72226977,45.27406406,2014-11-27,1:24,01 - Clear,01 - Dry,02 - Stop sign,02 - Intersection related,07 - Dark,03 - P.D. only,07 - SMV other,New Barrhaven
11490,BANK ST @ KILBORN AVE/BELANGER AVE,369653.7199,5027427.073,-75.67184228,45.38378195,2014-11-16,17:00,01 - Clear,02 - Wet,01 - Traffic signal,02 - Intersection related,05 - Dusk,03 - P.D. only,03 - Rear end,Alta Vista
11491,HAWTHORNE AVE/ISABELLA ST @ QUEEN ELIZABETH DR,368666.0516,5030478.129,-75.68405811,45.41132513,2014-06-23,15:38,01 - Clear,01 - Dry,01 - Traffic signal,02 - Intersection related,01 - Daylight,03 - P.D. only,04 - Sideswipe,The Glebe
11492,QUEEN ELIZABETH DRWY @ QUEEN ELIZABETH PL,368583.7547,5028844.02,-75.68532078,45.39662945,2014-06-27,16:05,01 - Clear,01 - Dry,02 - Stop sign,03 - At intersection,01 - Daylight,03 - P.D. only,02 - Angle,The Glebe
11493,HUNT CLUB RD btwn TURN LANE & TO BE DETERMINED,371980.7978,5024353.297,-75.64254767,45.35590594,2014-10-30,1:12,01 - Clear,01 - Dry,10 - No control,01 - Non intersection,07 - Dark,03 - P.D. only,07 - SMV other,Greenboro East
11494,COOPER ST @ LYON ST,367321.7057,5030793.988,-75.70119148,45.41428853,2014-11-14,9:19,01 - Clear,01 - Dry,02 - Stop sign,02 - Intersection related,01 - Daylight,03 - P.D. only,04 - Sideswipe,Centretown
11495,WOODROFFE AVE btwn ADIRONDACK DR & FIRESTATION,362463.3867,5023991.735,-75.76405303,45.35349993,2014-10-13,10:07,01 - Clear,01 - Dry,10 - No control,04 - At/near private drive,01 - Daylight,03 - P.D. only,05 - Turning movement,Iris
11496,PALLADIUM DR @ SILVER SEVEN RD,351051.6077,5017887.566,-75.91026093,45.29941877,2014-10-17,16:13,01 - Clear,02 - Wet,01 - Traffic signal,02 - Intersection related,01 - Daylight,03 - P.D. only,03 - Rear end,Katimavik - Hazeldean
11497,GREENBANK RD @ HWY 417 IC129 RAMP57/IRIS ST,360532.2591,5023312.019,-75.78877431,45.34754,2014-12-03,16:05,02 - Rain,02 - Wet,01 - Traffic signal,03 - At intersection,05 - Dusk,03 - P.D. only,05 - Turning movement,Iris
11498,DEAKIN ST btwn MACFARLANE RD & PRINCE OF WALES DR,367357.0618,5021532.966,-75.70191274,45.33095691,2014-09-11,10:32,01 - Clear,01 - Dry,10 - No control,01 - Non intersection,01 - Daylight,03 - P.D. only,99 - Other,Industrial Park
11499,ALTA VISTA DR @ CUNNINGHAM AVE,370344.249,5028015.649,-75.66294726,45.38901348,2014-08-14,18:47,01 - Clear,01 - Dry,02 - Stop sign,02 - Intersection related,01 - Daylight,03 - P.D. only,03 - Rear end,Alta Vista
11500,COLONEL BY DR/SUSSEX DR @ RIDEAU ST,367921.477,5032045.398,-75.69336894,45.42549445,2014-08-14,20:29,01 - Clear,01 - Dry,01 - Traffic signal,02 - Intersection related,07 - Dark,03 - P.D. only,03 - Rear end,Byward Market - Parliament Hill
11501,CARLING AVE @ KIRKWOOD AVE S,364351.2266,5027337.549,-75.73955767,45.38344728,2014-09-02,20:00,02 - Rain,02 - Wet,01 - Traffic signal,02 - Intersection related,07 - Dark,03 - P.D. only,03 - Rear end,Carlington
11502,CEDARVIEW RD @ WEST HUNT CLUB RD,359721.1465,5019555.712,-75.79954128,45.31380462,2014-08-23,11:40,01 - Clear,01 - Dry,01 - Traffic signal,03 - At intersection,01 - Daylight,03 - P.D. only,05 - Turning movement,Greenbelt
11503,FINDLAY CREEK DR btwn DEVONWOOD CIRC & BANK ST,375816.6092,5020440.212,-75.59415744,45.3203197,2014-09-02,8:33,01 - Clear,01 - Dry,10 - No control,04 - At/near private drive,01 - Daylight,03 - P.D. only,05 - Turning movement,Greenbelt
11504,REGIONAL ROAD 174 btwn TRANSIT & OR174 IC109 RAMP54,376080.3442,5034112.372,-75.5888198,45.44330803,2014-11-06,17:40,02 - Rain,02 - Wet,10 - No control,01 - Non intersection,07 - Dark,03 - P.D. only,03 - Rear end,Greenbelt
11505,GREENBANK RD @ 220 N OF STRANDHERD DR,363847.9186,5014985.318,-75.74745736,45.2723454,2014-11-07,16:41,02 - Rain,02 - Wet,01 - Traffic signal,02 - Intersection related,05 - Dusk,03 - P.D. only,03 - Rear end,New Barrhaven
11506,SIXTH ST btwn BELLMANOR CRT & ROSEBELLA AVE,373531.2542,5023773.483,-75.62284155,45.35053873,2014-09-16,10:05,01 - Clear,01 - Dry,10 - No control,04 - At/near private drive,01 - Daylight,03 - P.D. only,02 - Angle,Blossom Park - Blossom Park West - Sawmill Creek/ Timbermill
11507,BANK ST @ CATHERINE ST,368039.2315,5030269.468,-75.69209222,45.40950459,2014-09-16,11:00,01 - Clear,01 - Dry,01 - Traffic signal,02 - Intersection related,01 - Daylight,03 - P.D. only,03 - Rear end,Centretown
11508,MOODIE DR btwn 325 N OF CORKSTOWN RD/NORTEL S ENTRANCE & CORKSTOWN RD,356274.5083,5023008.153,-75.84313737,45.34513119,2014-09-19,8:30,01 - Clear,01 - Dry,10 - No control,01 - Non intersection,01 - Daylight,03 - P.D. only,04 - Sideswipe,Greenbelt
11509,ALBION RD btwn LESTER RD & LEITRIM RD,372764.7274,5022156.193,-75.63284514,45.33606163,2014-11-02,18:45,01 - Clear,01 - Dry,10 - No control,01 - Non intersection,07 - Dark,03 - P.D. only,07 - SMV other,Greenbelt
11510,BEECHWOOD AVE @ LANGEVIN AVE,369371.3363,5033748.66,-75.67461969,45.4406874,2014-09-19,18:15,01 - Clear,01 - Dry,02 - Stop sign,02 - Intersection related,01 - Daylight,03 - P.D. only,04 - Sideswipe,Lindenlea
11511,BANK ST btwn GLEBE AVE & FIRST AVE,368242.0803,5029776.191,-75.68956448,45.40504788,2014-09-20,12:32,01 - Clear,01 - Dry,10 - No control,01 - Non intersection,01 - Daylight,03 - P.D. only,03 - Rear end,The Glebe
11512,HUNT CLUB RD @ RIVERSIDE DR,368033.1912,5021944.595,-75.69323512,45.33460007,2014-12-15,19:57,01 - Clear,01 - Dry,01 - Traffic signal,02 - Intersection related,07 - Dark,03 - P.D. only,03 - Rear end,Hunt Club Woods - Quintarra - Revelstoke - Riverside South P
11513,CYRVILLE RD @ ST. LAURENT BLVD,372240.7707,5032111.105,-75.63816965,45.42568255,2014-12-15,9:50,01 - Clear,01 - Dry,01 - Traffic signal,02 - Intersection related,01 - Daylight,03 - P.D. only,03 - Rear end,Overbrook
11514,FLORA ST @ LYON ST,367664.712,5030227.993,-75.69688168,45.40916515,2014-12-24,17:37,02 - Rain,02 - Wet,02 - Stop sign,02 - Intersection related,07 - Dark,03 - P.D. only,04 - Sideswipe,Centretown
11515,BANK ST @ ST. PAUL AVE,370508.1056,5025559.832,-75.6611817,45.36690152,2014-12-24,20:16,"07 - Fog, mist, smoke, dust",02 - Wet,02 - Stop sign,02 - Intersection related,07 - Dark,03 - P.D. only,04 - Sideswipe,Ledbury - Heron Gate - Ridgemont - Elmwood
11516,BOOTH ST btwn PROVINCIAL BOUNDARY & 208 N OF MIDDLE ST/E.B. EDDY N,365996.1642,5031498.472,-75.71803817,45.42074446,2014-07-01,20:59,01 - Clear,01 - Dry,10 - No control,01 - Non intersection,05 - Dusk,03 - P.D. only,07 - SMV other,LeBreto
11517,AVIATION PKWY @ OGILVIE RD,373109.7641,5032375.16,-75.62702939,45.42797407,2014-07-02,17:31,01 - Clear,01 - Dry,01 - Traffic signal,02 - Intersection related,01 - Daylight,03 - P.D. only,07 - SMV other,Industrial Park
11518,CARLING AVE @ CARLING RMP 35,360926.3714,5025197.5,-75.78353118,45.36447405,2014-07-03,17:30,01 - Clear,01 - Dry,10 - No control,02 - Intersection related,01 - Daylight,03 - P.D. only,03 - Rear end,Whitehaven - Queensway Terrace North
11519,CHAMBERLAIN AVE @ KENT ST,367933.7062,5030048.976,-75.69346845,45.4075302,2014-11-29,11:27,01 - Clear,01 - Dry,01 - Traffic signal,02 - Intersection related,01 - Daylight,03 - P.D. only,03 - Rear end,The Glebe
11520,MERIVALE RD @ FAMILY BROWN LANE,365003.0589,5023385.193,-75.73171638,45.34782891,2014-10-18,13:11,01 - Clear,01 - Dry,01 - Traffic signal,02 - Intersection related,01 - Daylight,03 - P.D. only,03 - Rear end,Borden Farm - Stewart Farm - Parkwood Hills - Fisher Glen
11521,RUSTIC HILLS CRES btwn PINE VISTA DR & PINE VISTA DR,386985.0303,5037514.824,-75.44887801,45.47272292,2014-10-20,8:14,01 - Clear,01 - Dry,10 - No control,01 - Non intersection,01 - Daylight,03 - P.D. only,06 - SMV unattended vehicle,Cardinal Creek
11522,STRANDHERD DR @ LONGFIELDS DR,364547.8604,5015173.8,-75.73851498,45.27398223,2014-12-04,18:00,01 - Clear,01 - Dry,01 - Traffic signal,02 - Intersection related,07 - Dark,03 - P.D. only,03 - Rear end,New Barrhaven
11523,INNES RD @ JEANNE D'ARC BLVD/MER BLEUE RD,382638.7037,5035567.079,-75.50476598,45.45569677,2014-12-04,18:10,01 - Clear,02 - Wet,01 - Traffic signal,03 - At intersection,07 - Dark,03 - P.D. only,05 - Turning movement,Chapel Hill South
11524,MAITLAND AVE btwn HWY417 IC126 RAMP63 & HWY417 IC126 RAMP52,363191.0102,5025874.486,-75.75454484,45.37038051,2014-09-11,17:05,01 - Clear,01 - Dry,10 - No control,07 - Overpass or bridge,01 - Daylight,03 - P.D. only,04 - Sideswipe,Carlingwood West - Glabar Park - McKellar Heights
11525,CARLING AVE WB btwn HWY417 IC124 RAMP67 & HWY417 IC124 RAMP65,364354.0551,5027531.568,-75.73949814,45.38519279,2014-09-16,10:00,01 - Clear,01 - Dry,10 - No control,01 - Non intersection,01 - Daylight,03 - P.D. only,03 - Rear end,Westboro
11526,RIVERSIDE DR @ BROOKFIELD RD/HOG'S BACK RD,368168.3034,5026222.285,-75.69096318,45.37307754,2014-09-03,15:51,01 - Clear,01 - Dry,01 - Traffic signal,02 - Intersection related,01 - Daylight,03 - P.D. only,03 - Rear end,Riverside Park
11527,GREENBANK RD @ HARRISON ST/ASHGROVE CRES,360839.6759,5022007.385,-75.78499931,45.33577643,2014-09-04,9:00,01 - Clear,01 - Dry,01 - Traffic signal,02 - Intersection related,01 - Daylight,03 - P.D. only,02 - Angle,Briar Green - Leslie Park
11528,CEDARVIEW RD @ WEST HUNT CLUB RD,359718.2035,5019552.582,-75.79957916,45.31377669,2014-09-15,21:35,02 - Rain,02 - Wet,01 - Traffic signal,03 - At intersection,07 - Dark,03 - P.D. only,05 - Turning movement,Greenbelt
11529,CARLING AVE @ KIRKWOOD AVE S,364351.2266,5027337.549,-75.73955767,45.38344728,2014-09-08,11:35,01 - Clear,01 - Dry,01 - Traffic signal,02 - Intersection related,01 - Daylight,03 - P.D. only,04 - Sideswipe,Carlington
11530,PLACE D'ORLEANS DR W @ ST. JOSEPH BLVD,381601.7594,5037684.379,-75.51769139,45.47486121,2014-09-06,14:12,01 - Clear,01 - Dry,01 - Traffic signal,03 - At intersection,01 - Daylight,03 - P.D. only,07 - SMV other,Industrial Park
11531,KIRKWOOD AVE N @ CARLING AVE,364275.7329,5027493.543,-75.74050281,45.3848573,2014-09-07,19:57,01 - Clear,01 - Dry,01 - Traffic signal,03 - At intersection,07 - Dark,03 - P.D. only,02 - Angle,Westboro
11532,MAPLE GROVE RD @ TERRY FOX DR,351552.1868,5017863.517,-75.90388082,45.29916924,2014-11-08,18:54,02 - Rain,02 - Wet,01 - Traffic signal,02 - Intersection related,07 - Dark,03 - P.D. only,03 - Rear end,Katimavik - Hazeldean
11533,ALBION RD @ HUNT CLUB RD,371866.3119,5024319.57,-75.6440133,45.35561343,2014-11-08,19:48,02 - Rain,02 - Wet,01 - Traffic signal,03 - At intersection,07 - Dark,03 - P.D. only,05 - Turning movement,South Keys - Heron Gate - Greenboro West
11534,CLARKE AVE @ ST. LAURENT BLVD,371735.1952,5033353.59,-75.64446082,45.43691042,2014-09-16,11:09,01 - Clear,01 - Dry,01 - Traffic signal,02 - Intersection related,01 - Daylight,03 - P.D. only,03 - Rear end,Cummings
11535,BOOTH ST @ POPLAR ST,366678.276,5030057.614,-75.70950391,45.40772003,2014-09-16,11:12,01 - Clear,01 - Dry,02 - Stop sign,03 - At intersection,01 - Daylight,03 - P.D. only,02 - Angle,Centretown West
11536,STITTSVILLE MAIN ST/HUNTLEY RD @ FLEWELLYN RD,351416.1219,5010739.449,-75.9062843,45.23507364,2014-11-09,22:19,01 - Clear,01 - Dry,02 - Stop sign,02 - Intersection related,07 - Dark,03 - P.D. only,07 - SMV other,Healey's Heath
11537,CARP RD @ HAZELDEAN RD,348804.102,5014359.488,-75.93922958,45.26781628,2014-09-21,11:58,02 - Rain,02 - Wet,01 - Traffic signal,02 - Intersection related,01 - Daylight,03 - P.D. only,03 - Rear end,Stittsville
11538,TERRY FOX DR @ PALLADIUM DR/KATIMAVIK RD,351269.2441,5018180.827,-75.90745858,45.30204325,2014-09-22,12:01,01 - Clear,01 - Dry,01 - Traffic signal,02 - Intersection related,01 - Daylight,03 - P.D. only,03 - Rear end,Katimavik - Hazeldean
11539,BASELINE RD btwn LEXINGTON ST & MORLEY BLVD,366519.0152,5026250.187,-75.71201449,45.3734758,2014-12-16,2:24,01 - Clear,04 - Slush,10 - No control,01 - Non intersection,07 - Dark,03 - P.D. only,07 - SMV other,Civic Hospital - Experimental Farm - Central Park
11540,COLONNADE RD @ PRINCE OF WALES DR,367392.8114,5023266.991,-75.70123734,45.34655615,2014-12-16,7:04,02 - Rain,02 - Wet,01 - Traffic signal,03 - At intersection,03 - Dawn,03 - P.D. only,05 - Turning movement,Industrial Park
11541,CUMMINGS AVE @ DONALD ST,372650.7219,5032413.004,-75.63288987,45.42835925,2014-09-02,21:20,02 - Rain,02 - Wet,01 - Traffic signal,02 - Intersection related,07 - Dark,03 - P.D. only,03 - Rear end,Cummings
11542,ROSEBELLA AVE btwn EIGHTH ST & CONROY RD,374039.5399,5024033.659,-75.61631907,45.35282969,2014-11-26,12:56,01 - Clear,01 - Dry,10 - No control,01 - Non intersection,01 - Daylight,03 - P.D. only,06 - SMV unattended vehicle,Blossom Park - Blossom Park West - Sawmill Creek/ Timbermill
11543,MEADOWLANDS DR/TALLWOOD DR @ WOODROFFE AVE,363056.6896,5022730.019,-75.75663007,45.34209807,2014-11-27,13:08,01 - Clear,01 - Dry,01 - Traffic signal,02 - Intersection related,01 - Daylight,03 - P.D. only,03 - Rear end,Crestview - Meadowlands
11544,AVIATION PKWY btwn RAMP & MONTREAL RD,371987.0967,5034339.937,-75.64110682,45.44576093,2014-07-12,11:15,01 - Clear,01 - Dry,10 - No control,01 - Non intersection,01 - Daylight,03 - P.D. only,07 - SMV other,Gloucester
11545,LYON ST @ WELLINGTON ST,366934.3209,5031427.591,-75.70606053,45.420024,2014-07-15,12:00,02 - Rain,02 - Wet,01 - Traffic signal,03 - At intersection,01 - Daylight,03 - P.D. only,05 - Turning movement,Downtown
11546,OTTAWA RIVER PKWY WB btwn TUNNEY'S PASTURE/REMIC RAPIDS ENT & PARKDALE,363361.4031,5029606.057,-75.75192691,45.40394239,2014-03-23,15:00,01 - Clear,01 - Dry,10 - No control,01 - Non intersection,01 - Daylight,03 - P.D. only,03 - Rear end,Island Park
11547,COLONEL BY DR @ LEONARD AVE,368227.711,5028576.976,-75.68990223,45.39425901,2014-03-28,17:49,02 - Rain,02 - Wet,02 - Stop sign,02 - Intersection related,01 - Daylight,03 - P.D. only,03 - Rear end,Old Ottawa South
11548,COPPERFIELD CRES btwn COBBLE HILL DR & COBBLE HILL DR,361463.0422,5014352.263,-75.77792144,45.26684533,2014-12-04,9:17,01 - Clear,05 - Packed snow,10 - No control,04 - At/near private drive,01 - Daylight,03 - P.D. only,06 - SMV unattended vehicle,Munster Hamlet - Richmond
11549,TYRRELL PL @ MOODIE DR,357325.6983,5019855.902,-75.83005861,45.31668904,2014-12-05,9:50,01 - Clear,01 - Dry,01 - Traffic signal,02 - Intersection related,01 - Daylight,03 - P.D. only,03 - Rear end,Bells Corners East
11550,EDGEWATER ST btwn TERRY FOX DR & HAZELDEAN RD,352045.1139,5017608.771,-75.89762032,45.29684399,2014-12-05,17:30,01 - Clear,01 - Dry,10 - No control,01 - Non intersection,07 - Dark,03 - P.D. only,04 - Sideswipe,Katimavik - Hazeldean
11551,PRINCE OF WALES DR btwn FAIRPARK DR & WATERBRIDGE DR,367314.6553,5015914.921,-75.70316227,45.28041024,2014-09-19,7:51,01 - Clear,01 - Dry,10 - No control,01 - Non intersection,01 - Daylight,03 - P.D. only,05 - Turning movement,Greenbelt
11552,CASTLEFRANK RD @ HAZELDEAN RD,352676.4563,5017676.769,-75.88956453,45.29741312,2014-09-05,15:22,01 - Clear,01 - Dry,01 - Traffic signal,02 - Intersection related,01 - Daylight,03 - P.D. only,03 - Rear end,Glen Cairn - Kanata South Business Park
11553,CLYDE AVE btwn CLYDE AVE & STARWOOD RD,364436.9024,5024709.47,-75.73878102,45.35979295,2014-09-15,22:14,02 - Rain,02 - Wet,10 - No control,01 - Non intersection,07 - Dark,03 - P.D. only,04 - Sideswipe,Crestview - Meadowlands
11554,BASELINE RD @ WOODROFFE AVE,362549.2163,5023768.609,-75.76298375,45.35148519,2014-09-15,22:50,02 - Rain,02 - Wet,01 - Traffic signal,02 - Intersection related,07 - Dark,03 - P.D. only,04 - Sideswipe,Iris
11555,WINNEGREEN CRT btwn BLOHM DR & MAURYA CRT,374887.4274,5026526.289,-75.60514555,45.37517303,2014-09-07,19:00,01 - Clear,01 - Dry,10 - No control,04 - At/near private drive,01 - Daylight,03 - P.D. only,06 - SMV unattended vehicle,Hunt Club
11556,CYRVILLE RD @ OGILVIE RD,372454.733,5032005.823,-75.63545019,45.42471461,2014-08-25,11:30,01 - Clear,01 - Dry,01 - Traffic signal,02 - Intersection related,01 - Daylight,03 - P.D. only,99 - Other,Cummings
11557,MACKENZIE AVE @ RIDEAU ST,367870.1731,5032009.58,-75.69402908,45.4251768,2014-11-09,13:34,01 - Clear,01 - Dry,01 - Traffic signal,02 - Intersection related,01 - Daylight,03 - P.D. only,02 - Angle,Byward Market - Parliament Hill
11558,PALLADIUM DR btwn HWY417 IC142 RAMP53 & HWY417 IC142 RAMP25,349199.6732,5016934.272,-75.9339585,45.29096021,2014-11-09,17:36,01 - Clear,02 - Wet,10 - No control,01 - Non intersection,07 - Dark,03 - P.D. only,03 - Rear end,Stittsville - Basswood
11559,MILTON RD/SABOURIN RD @ RUSSELL RD,389748.6454,5025322.71,-75.41564028,45.3627004,2014-09-17,8:08,01 - Clear,01 - Dry,02 - Stop sign,03 - At intersection,01 - Daylight,03 - P.D. only,07 - SMV other,Navan - Vars
11560,ST. JOSEPH BLVD btwn ST. JEAN ST & BELCOURT BLVD,380985.3771,5037212.966,-75.52564698,45.47068735,2014-11-10,12:06,01 - Clear,01 - Dry,10 - No control,01 - Non intersection,01 - Daylight,03 - P.D. only,04 - Sideswipe,Industrial Park
11561,FRANK KENNY RD E @ INNES RD,387868.3563,5037736.5,-75.437545,45.47461281,2014-11-10,15:40,01 - Clear,01 - Dry,02 - Stop sign,02 - Intersection related,01 - Daylight,03 - P.D. only,04 - Sideswipe,Navan - Vars
11562,BANK ST btwn BANK ST & TURN LANE,377805.914,5015848.347,-75.56946256,45.27880006,2014-12-16,7:05,01 - Clear,01 - Dry,10 - No control,01 - Non intersection,03 - Dawn,03 - P.D. only,07 - SMV other,Greely
11563,DICKENS AVE btwn HOLT CRES & PLEASANT PARK RD,372663.7551,5028535.087,-75.63325721,45.39346626,2014-12-15,13:00,01 - Clear,01 - Dry,10 - No control,01 - Non intersection,01 - Daylight,03 - P.D. only,06 - SMV unattended vehicle,Urbandale