Record,Location,X,Y,lon,lat,Date,Time,Environment,Road_Surface,Traffic_Control,Collision_Location,Light,Collision_Classification,Impact_type,Neighborhood
11564,MARCH RD btwn DUNROBIN RD & MURPHY CRT,347546.0972,5025935.845,-75.95426123,45.37206153,2014-09-27,4:51,01 - Clear,01 - Dry,10 - No control,01 - Non intersection,07 - Dark,03 - P.D. only,07 - SMV other,Carp - Hardwood Plains
11565,MANN AVE btwn KING EDWARD AVE & TURN LANE,369196.3543,5031343.09,-75.67717073,45.41905914,2014-09-10,6:30,01 - Clear,01 - Dry,10 - No control,01 - Non intersection,03 - Dawn,03 - P.D. only,06 - SMV unattended vehicle,Sandy Hill
11566,HUNT CLUB RD btwn RAMP & TRANSIT,371108.7893,5023758.58,-75.65375595,45.35063787,2014-11-28,17:14,01 - Clear,01 - Dry,10 - No control,01 - Non intersection,07 - Dark,03 - P.D. only,03 - Rear end,South Keys - Heron Gate - Greenboro West
11567,QUEEN ELIZABETH DRWY btwn ISABELLA ST & CATHERINE ST,368673.2905,5030608.521,-75.68394874,45.41249769,2014-03-29,15:50,01 - Clear,01 - Dry,10 - No control,01 - Non intersection,01 - Daylight,03 - P.D. only,04 - Sideswipe,Golden Triangle
11568,HWY 417 TERRYFO IC140R52 @ TERRY FOX DR,351053.1788,5018434.219,-75.91018989,45.3043376,2014-12-05,9:20,01 - Clear,01 - Dry,01 - Traffic signal,02 - Intersection related,01 - Daylight,03 - P.D. only,02 - Angle,Katimavik - Hazeldean
11569,CATHERINE ST @ KENT ST,367907.7075,5030187.139,-75.69378287,45.40877569,2014-12-05,10:43,01 - Clear,01 - Dry,01 - Traffic signal,03 - At intersection,01 - Daylight,03 - P.D. only,04 - Sideswipe,Centretown
11570,SECOND AVE @ BRONSON AVE,367517.8064,5029162.08,-75.69889384,45.39958756,2014-10-20,14:39,01 - Clear,01 - Dry,02 - Stop sign,02 - Intersection related,01 - Daylight,03 - P.D. only,04 - Sideswipe,The Glebe
11571,GALLAGHER RD btwn HARNETT RD & MACKEY RD,362941.4691,4992070.985,-75.76167749,45.06623301,2014-12-06,11:09,01 - Clear,05 - Packed snow,10 - No control,01 - Non intersection,01 - Daylight,03 - P.D. only,07 - SMV other,Munster Hamlet - Richmond
11572,ALTA VISTA DR @ BANK ST,370249.0192,5026201.214,-75.66440382,45.37269671,2014-12-06,11:12,01 - Clear,02 - Wet,01 - Traffic signal,02 - Intersection related,01 - Daylight,03 - P.D. only,99 - Other,Ledbury - Heron Gate - Ridgemont - Elmwood
11573,VANIER PKWY NB btwn MONTREAL RD & MCARTHUR AVE,370213.4917,5032710.491,-75.66399397,45.4312681,2014-09-19,23:02,01 - Clear,01 - Dry,10 - No control,01 - Non intersection,07 - Dark,03 - P.D. only,04 - Sideswipe,Vanier South
11574,DONALD ST @ 110 E OF ST. LAURENT BLVD ,372203.4395,5032483.825,-75.63859565,45.42903971,2014-09-24,12:17,01 - Clear,01 - Dry,01 - Traffic signal,02 - Intersection related,01 - Daylight,03 - P.D. only,03 - Rear end,Cummings
11575,KANATA AVE @ TERRY FOX DR,349305.0381,5019211.348,-75.93241088,45.31144337,2014-09-05,16:26,02 - Rain,02 - Wet,01 - Traffic signal,03 - At intersection,01 - Daylight,03 - P.D. only,02 - Angle,Kanata Lakes - Marchwood Lakeside - Morgan's Grant - Kanata
11576,MARCH RD @ RICHARDSON SIDE RD,351414.9176,5021778.86,-75.90526255,45.33440956,2014-09-06,16:11,02 - Rain,02 - Wet,01 - Traffic signal,02 - Intersection related,01 - Daylight,03 - P.D. only,04 - Sideswipe,South March
11577,SECOND LINE RD btwn PANANDRICK VIEW DR & THOMAS FULLER DR,347254.2612,5024089.376,-75.95814556,45.35546429,2014-09-16,8:16,01 - Clear,01 - Dry,10 - No control,01 - Non intersection,01 - Daylight,03 - P.D. only,07 - SMV other,Carp - Hardwood Plains
11578,RIDEAU RD btwn ALBION RD & BANK ST,376000.364,5017278.179,-75.59226809,45.29185035,2014-09-07,17:20,01 - Clear,01 - Dry,10 - No control,01 - Non intersection,01 - Daylight,03 - P.D. only,07 - SMV other,Greenbelt
11579,TOMPKINS AVE btwn MCEACHERN CRES & MCEACHERN CRES,382650.1847,5037780.739,-75.5042686,45.47561208,2014-09-08,13:56,01 - Clear,01 - Dry,10 - No control,04 - At/near private drive,01 - Daylight,03 - P.D. only,06 - SMV unattended vehicle,Queenswood Heights
11580,DOWNPATRICK RD btwn SHANEGAL CRES & COTTER'S CRES (2),370420.6715,5022982.335,-75.66263987,45.34371816,2014-11-09,21:41,01 - Clear,02 - Wet,10 - No control,01 - Non intersection,07 - Dark,03 - P.D. only,06 - SMV unattended vehicle,Hunt Club - Ottawa Airport
11581,ELGIN ST @ LAURIER AVE,367949.1838,5031549.576,-75.69307847,45.42103071,2014-11-09,22:43,01 - Clear,02 - Wet,01 - Traffic signal,03 - At intersection,07 - Dark,03 - P.D. only,03 - Rear end,Downtown
11582,HAZELDEAN RD btwn CEDAROW CRT & FRINGEWOOD DR,350605.4516,5015778.608,-75.91614416,45.28047097,2014-09-17,17:24,01 - Clear,01 - Dry,10 - No control,01 - Non intersection,01 - Daylight,03 - P.D. only,03 - Rear end,Stittsville
11583,BANK ST @ RIVERSIDE DR S,369306.1389,5027893.605,-75.67621932,45.38801175,2014-09-17,16:30,01 - Clear,01 - Dry,01 - Traffic signal,02 - Intersection related,01 - Daylight,03 - P.D. only,03 - Rear end,Alta Vista
11584,GREENBANK RD btwn LARKIN DR & MALVERN DR,363254.3404,5016329.03,-75.7548634,45.28448574,2014-11-10,17:04,01 - Clear,01 - Dry,10 - No control,04 - At/near private drive,07 - Dark,03 - P.D. only,05 - Turning movement,Barrhaven West - Old Barrhaven
11585,GREENBANK RD btwn LARKIN DR & MALVERN DR,363268.5584,5016285.429,-75.75468731,45.28409224,2014-11-10,17:24,01 - Clear,01 - Dry,10 - No control,01 - Non intersection,07 - Dark,03 - P.D. only,03 - Rear end,Barrhaven West - Old Barrhaven
11586,BRONSON AVE @ FIFTH AVE/MADAWASKA DR,367611.343,5028939.502,-75.69772754,45.39757648,2014-09-28,15:14,01 - Clear,01 - Dry,01 - Traffic signal,02 - Intersection related,01 - Daylight,03 - P.D. only,03 - Rear end,The Glebe
11587,ONTARIO ST btwn MARGUERITE AVE & WOLFF ST,370162.7483,5032337.918,-75.66469186,45.42792059,2014-09-28,10:30,01 - Clear,01 - Dry,10 - No control,04 - At/near private drive,01 - Daylight,03 - P.D. only,06 - SMV unattended vehicle,Vanier South
11588,MOODIE DR @ WEST HUNT CLUB RD,357907.6517,5018497.031,-75.82278221,45.304418,2014-12-15,6:30,04 - Freezing Rain,06 - Ice,01 - Traffic signal,02 - Intersection related,07 - Dark,03 - P.D. only,03 - Rear end,Greenbelt
11589,ST. LAURENT BLVD @ TREMBLAY RD,372595.2069,5031241.829,-75.63376043,45.41782695,2014-12-16,11:15,02 - Rain,02 - Wet,01 - Traffic signal,02 - Intersection related,01 - Daylight,03 - P.D. only,03 - Rear end,Industrial Park
11590,BLAIR RD btwn BEAVERPOND DR & INNES RD,375539.78,5031532.192,-75.59609967,45.42014797,2014-10-08,7:45,02 - Rain,02 - Wet,10 - No control,01 - Non intersection,01 - Daylight,03 - P.D. only,04 - Sideswipe,Pineview
11591,SUSSEX DR btwn 151 W OF KING EDWARD AVE/L.B. PEARSON BUILDING & RAMP,367641.9198,5033451.175,-75.69676164,45.43816833,2014-06-27,17:30,01 - Clear,01 - Dry,10 - No control,04 - At/near private drive,01 - Daylight,03 - P.D. only,02 - Angle,Byward Market - Parliament Hill
11592,CARTIER ST btwn LEWIS ST & WAVERLEY ST,368434.4133,5031099.547,-75.68693695,45.41693754,2014-12-05,10:50,01 - Clear,01 - Dry,10 - No control,01 - Non intersection,01 - Daylight,03 - P.D. only,04 - Sideswipe,Golden Triangle
11593,KENT ST @ SLATER ST,367262.6575,5031251.162,-75.70188789,45.41840731,2014-12-04,14:15,01 - Clear,01 - Dry,01 - Traffic signal,03 - At intersection,01 - Daylight,03 - P.D. only,05 - Turning movement,Downtown
11594,REGIONAL ROAD 174 btwn OR174 IC109 RAMP54 & OR174 IC109 RAMP55,376448.0704,5034934.957,-75.58399995,45.45067153,2014-10-21,0:28,02 - Rain,02 - Wet,10 - No control,01 - Non intersection,07 - Dark,03 - P.D. only,07 - SMV other,Greenbelt
11595,EASTVALE DR S @ OGILVIE RD,375465.7809,5035024.166,-75.59654384,45.45157419,2014-10-21,8:56,02 - Rain,02 - Wet,01 - Traffic signal,03 - At intersection,01 - Daylight,03 - P.D. only,05 - Turning movement,Beacon Hill North
11596,CEDARVIEW RD btwn BRUIN RD & HWY416 IC72 RAMP62,359479.6342,5019973.621,-75.80257515,45.31758384,2014-12-06,11:15,01 - Clear,02 - Wet,10 - No control,04 - At/near private drive,01 - Daylight,03 - P.D. only,02 - Angle,Greenbelt
11597,BARRACKS WAY btwn WEST RIDGE DR & DALEWOOD CRES,350724.5476,5011695.08,-75.91500368,45.24371822,2014-09-24,23:30,01 - Clear,01 - Dry,10 - No control,04 - At/near private drive,07 - Dark,03 - P.D. only,06 - SMV unattended vehicle,Stittsville
11598,GLADWIN CRES @ LANCASTER RD,373459.2596,5029475.556,-75.62296747,45.40185062,2014-09-08,12:31,01 - Clear,01 - Dry,02 - Stop sign,02 - Intersection related,01 - Daylight,03 - P.D. only,03 - Rear end,Industrial Park
11599,COLDREY AVE btwn LAPERRIERE AVE & KIRKWOOD AVE,364254.3353,5026980.142,-75.74083786,45.38023962,2014-09-08,17:09,01 - Clear,01 - Dry,10 - No control,01 - Non intersection,01 - Daylight,03 - P.D. only,07 - SMV other,Carlington
11600,RIVERSIDE DR @ WALKLEY RD,368418.3685,5024852.344,-75.68794727,45.36072851,2014-09-16,8:43,01 - Clear,01 - Dry,01 - Traffic signal,02 - Intersection related,01 - Daylight,03 - P.D. only,03 - Rear end,Riverside Park
11601,CARLING AVE EB btwn SCRIVENS ST & GRENON AVE,359553.3815,5024321.127,-75.80115354,45.35669705,2014-09-13,16:45,02 - Rain,02 - Wet,10 - No control,01 - Non intersection,01 - Daylight,03 - P.D. only,04 - Sideswipe,Whitehaven - Queensway Terrace North
11602,CUMMINGS AVE btwn WELDON DR & OGILVIE RD,372743.5069,5032182.908,-75.63173599,45.42627995,2014-09-08,17:15,01 - Clear,01 - Dry,10 - No control,04 - At/near private drive,01 - Daylight,03 - P.D. only,02 - Angle,Cummings
11603,STITTSVILLE MAIN ST @ HAZELDEAN RD,349558.3981,5014879.477,-75.92957074,45.27244772,2014-09-08,17:15,01 - Clear,01 - Dry,01 - Traffic signal,02 - Intersection related,01 - Daylight,03 - P.D. only,03 - Rear end,Stittsville
11604,BALMORAL DR @ LIMEBANK RD,368568.137,5019858.581,-75.68667931,45.31578211,2014-09-09,8:30,01 - Clear,01 - Dry,02 - Stop sign,02 - Intersection related,01 - Daylight,03 - P.D. only,03 - Rear end,Greenbelt
11605,JOCKVALE RD @ STRANDHERD DR,363560.9544,5014577.837,-75.75116251,45.26870291,2014-09-17,15:30,01 - Clear,01 - Dry,01 - Traffic signal,03 - At intersection,01 - Daylight,03 - P.D. only,05 - Turning movement,Barrhaven West - Old Barrhaven
11606,PRINCE OF WALES DR @ WEST HUNT CLUB RD,367458.2364,5021890.555,-75.70057684,45.3341654,2014-09-17,15:39,01 - Clear,01 - Dry,01 - Traffic signal,02 - Intersection related,01 - Daylight,03 - P.D. only,03 - Rear end,Industrial Park
11607,MERIVALE RD @ BONGARD AVE,365872.1746,5021314.54,-75.72088172,45.32912233,2014-09-17,17:15,01 - Clear,01 - Dry,02 - Stop sign,03 - At intersection,01 - Daylight,03 - P.D. only,03 - Rear end,Merivale Gardens - Grenfell Glen - Pineglen - Country Place
11608,PARKDALE AVE @ WESTMOUNT AVE/HWY 417 PARKDAL I,365300.4141,5028922.506,-75.72724375,45.39762705,2014-09-18,6:00,01 - Clear,01 - Dry,01 - Traffic signal,03 - At intersection,03 - Dawn,03 - P.D. only,03 - Rear end,Civi
11609,BRONSON AVE @ SUNNYSIDE AVE/UNIVERSITY RD - CA,367923.0656,5028090.125,-75.69385505,45.389906,2014-11-10,17:46,01 - Clear,01 - Dry,01 - Traffic signal,03 - At intersection,07 - Dark,03 - P.D. only,05 - Turning movement,Carleto
11610,ST. LAURENT BLVD btwn COVENTRY RD & LEMIEUX ST,372345.007,5031855.988,-75.63687275,45.42337707,2014-09-29,1:26,01 - Clear,01 - Dry,10 - No control,04 - At/near private drive,07 - Dark,03 - P.D. only,02 - Angle,Overbrook
11611,MAJESTIC DR @ WOODROFFE AVE,363526.2716,5021570.545,-75.7507762,45.33162606,2014-09-29,6:38,01 - Clear,01 - Dry,01 - Traffic signal,03 - At intersection,03 - Dawn,03 - P.D. only,05 - Turning movement,Woodvale - Craig Henry - Manordale - Estates of Arlington Wo
11612,RICHMOND RD btwn EDEN AVE & EDGEWOOD AVE,363369.391,5028385.931,-75.75196976,45.39296324,2014-12-16,11:40,01 - Clear,01 - Dry,10 - No control,01 - Non intersection,01 - Daylight,03 - P.D. only,06 - SMV unattended vehicle,Westboro
11613,CYRVILLE RD btwn STAR TOP RD & MEADOWBROOK RD,374382.7509,5031318.149,-75.6109124,45.41833816,2014-12-16,12:19,01 - Clear,02 - Wet,10 - No control,04 - At/near private drive,01 - Daylight,03 - P.D. only,02 - Angle,Industrial Park
11614,JOHN QUINN RD btwn PARKWAY RD & IVESON DR,381594.9066,5015268.608,-75.52126443,45.27318022,2014-10-08,12:30,01 - Clear,01 - Dry,10 - No control,01 - Non intersection,01 - Daylight,03 - P.D. only,07 - SMV other,Osgoode
11615,LEITRIM RD btwn LIMEBANK RD & HIGH RD,371335.6797,5019082.123,-75.65148919,45.30853895,2014-10-16,11:25,02 - Rain,02 - Wet,10 - No control,01 - Non intersection,01 - Daylight,03 - P.D. only,07 - SMV other,Greenbelt
11616,BEAUSEJOUR DR @ JEANNE D'ARC BLVD,381421.5061,5036061.11,-75.5202496,45.46027619,2014-10-04,16:47,02 - Rain,02 - Wet,01 - Traffic signal,02 - Intersection related,01 - Daylight,03 - P.D. only,03 - Rear end,Orleans Village - Chateauneuf
11617,BOOTH ST btwn VIMY PLACE PRIV & OTTAWA RIVER PKWY,366262.2539,5031016.21,-75.71469856,45.41638188,2014-07-02,16:25,01 - Clear,01 - Dry,10 - No control,01 - Non intersection,01 - Daylight,03 - P.D. only,03 - Rear end,LeBreton Flats
11618,OTTAWA RIVER PKWY btwn VIMY PLACE PRIV & BOOTH ST,366046.2777,5030849.847,-75.7174785,45.41490393,2014-07-10,16:35,01 - Clear,01 - Dry,10 - No control,01 - Non intersection,01 - Daylight,03 - P.D. only,04 - Sideswipe,LeBreton Flats
11619,Spring Valley Dr btwn Knotridge ST and Dovehaven St,381915.1957,5032453.141,-75.51450319,45.42776029,2014-12-01,10:00,01 - Clear,01 - Dry,10 - No control,01 - Non intersection,01 - Daylight,03 - P.D. only,06 - SMV unattended vehicle,Chapel Hill South
11620,OTTAWA RIVER PKWY WB btwn TUNNEY'S PASTURE/REMIC RAPIDS ENT & PARKDALE,363997.2382,5030022.444,-75.74375537,45.40763547,2014-07-04,17:00,00 - Unknown,00 - Unknown,10 - No control,01 - Non intersection,01 - Daylight,03 - P.D. only,03 - Rear end,Island Park
11621,MERIVALE RD btwn EMERALD PLAZA SC & MEADOWLANDS DR,364767.5388,5023931.816,-75.73465542,45.35276753,2014-12-05,15:23,01 - Clear,01 - Dry,10 - No control,01 - Non intersection,01 - Daylight,03 - P.D. only,03 - Rear end,Crestview - Meadowlands
11622,CANOTEK RD @ SHEFFORD RD,376028.1309,5035092.45,-75.58934527,45.45213148,2014-12-05,15:42,01 - Clear,01 - Dry,01 - Traffic signal,02 - Intersection related,01 - Daylight,03 - P.D. only,03 - Rear end,Greenbelt
11623,CONROY RD @ ROSEBELLA AVE,374287.7972,5024190.03,-75.61312905,45.3542121,2014-10-21,7:34,02 - Rain,02 - Wet,02 - Stop sign,03 - At intersection,03 - Dawn,03 - P.D. only,02 - Angle,Blossom Park - Blossom Park West - Sawmill Creek/ Timbermill
11624,CAHILL DR @ HUNT CLUB RD,372408.3271,5024541.798,-75.6370658,45.35756091,2014-10-21,11:20,02 - Rain,02 - Wet,01 - Traffic signal,02 - Intersection related,01 - Daylight,03 - P.D. only,03 - Rear end,Greenboro East
11625,ISLAND PARK DR btwn BYRON AVE & IONA ST,364344.0037,5028396.477,-75.73952213,45.39297594,2014-12-06,14:27,01 - Clear,02 - Wet,10 - No control,01 - Non intersection,01 - Daylight,03 - P.D. only,03 - Rear end,Westboro
11626,JEANNE D'ARC BLVD @ ORLEANS BLVD S,380940.1509,5036251.204,-75.52637429,45.46203913,2014-12-06,14:40,01 - Clear,01 - Dry,01 - Traffic signal,02 - Intersection related,01 - Daylight,03 - P.D. only,03 - Rear end,Orleans Village - Chateauneuf
11627,METCALFE ST @ GILMOUR ST,368098.2399,5030961.517,-75.69124956,45.41572609,2014-09-27,4:21,01 - Clear,01 - Dry,01 - Traffic signal,03 - At intersection,07 - Dark,03 - P.D. only,02 - Angle,Centretown
11628,BERRIGAN DR @ LONGFIELDS DR,364305.1844,5015646.63,-75.74155093,45.27825734,2014-09-27,8:50,01 - Clear,01 - Dry,11 - Roundabout,03 - At intersection,01 - Daylight,03 - P.D. only,02 - Angle,New Barrhaven
11629,BANK ST @ HERON RD,369995.2461,5026849.646,-75.66755783,45.37855475,2014-09-12,11:26,01 - Clear,01 - Dry,01 - Traffic signal,02 - Intersection related,01 - Daylight,03 - P.D. only,03 - Rear end,Alta Vista
11630,BANK ST @ DAVIDSON RD/LESTER RD,373672.2642,5022923.513,-75.62116053,45.34287719,2014-09-12,19:10,01 - Clear,01 - Dry,01 - Traffic signal,02 - Intersection related,05 - Dusk,03 - P.D. only,03 - Rear end,Blossom Park - Blossom Park West - Sawmill Creek/ Timbermill
11631,INDUSTRIAL AVE btwn RUSSELL RD & ST. LAURENT BLVD,372988.353,5029951.538,-75.62891617,45.40617931,2014-09-16,14:51,01 - Clear,01 - Dry,10 - No control,01 - Non intersection,01 - Daylight,03 - P.D. only,04 - Sideswipe,Industrial Park
11632,NOTRE DAME ST @ ORLEANS BLVD,380691.1616,5036866.579,-75.52946272,45.46760287,2014-09-12,14:40,01 - Clear,01 - Dry,02 - Stop sign,03 - At intersection,01 - Daylight,03 - P.D. only,05 - Turning movement,Orleans Village - Chateauneuf
11633,OGILVIE RD @ BATHGATE DR/CITYPARK DR W,373829.0126,5032801.098,-75.61777908,45.43173582,2014-09-08,17:33,01 - Clear,01 - Dry,01 - Traffic signal,02 - Intersection related,01 - Daylight,03 - P.D. only,03 - Rear end,Industrial Park
11634,WOODROFFE AVE btwn MAJESTIC DR & TO BE DETERMINED,363533.8545,5021558.222,-75.75068093,45.33151455,2014-09-08,17:00,01 - Clear,01 - Dry,10 - No control,01 - Non intersection,01 - Daylight,03 - P.D. only,03 - Rear end,Woodvale - Craig Henry - Manordale - Estates of Arlington Wo
11635,WOODROFFE AVE btwn GEORGINA DR & HWY417 IC127 RAMP36,362021.7289,5025092.43,-75.76956194,45.36344008,2014-09-09,8:45,01 - Clear,01 - Dry,10 - No control,01 - Non intersection,01 - Daylight,03 - P.D. only,03 - Rear end,Whitehaven - Queensway Terrace North
11636,INDUSTRIAL AVE @ ALTA VISTA DR/SANDFORD FLEMIN,370885.1977,5030557.57,-75.65569907,45.41183387,2014-09-09,9:29,01 - Clear,01 - Dry,01 - Traffic signal,02 - Intersection related,01 - Daylight,03 - P.D. only,03 - Rear end,Industrial Park
11637,LUMBERMAN WAY btwn STONEBOAT CRES & AXMINSTER CRT,380540.6968,5037306.643,-75.53131884,45.47157854,2014-09-17,19:37,02 - Rain,02 - Wet,10 - No control,01 - Non intersection,07 - Dark,03 - P.D. only,06 - SMV unattended vehicle,Industrial Park
11638,BRONSON AVE @ IMPERIAL AVE/PLYMOUTH ST,367316.3336,5029641.656,-75.70140624,45.40392067,2014-11-10,17:59,02 - Rain,02 - Wet,10 - No control,03 - At intersection,07 - Dark,03 - P.D. only,05 - Turning movement,Centretown West
11639,WOODROFFE AVE btwn TURN LANE & MAJESTIC DR,363522.4801,5021588.554,-75.75082243,45.33178842,2014-09-29,7:26,01 - Clear,01 - Dry,10 - No control,01 - Non intersection,01 - Daylight,03 - P.D. only,03 - Rear end,Tanglewood
11640,RIDEAU ST btwn WURTEMBURG ST & RIDEAU PL,369437.4294,5032970.554,-75.67387711,45.43368021,2014-12-16,13:09,01 - Clear,02 - Wet,10 - No control,01 - Non intersection,01 - Daylight,03 - P.D. only,07 - SMV other,Lower Town
11641,HAWTHORNE RD/RUSSELL RD @ WALKLEY RD,374674.9305,5028499.482,-75.607579,45.39294811,2014-12-16,13:17,02 - Rain,02 - Wet,01 - Traffic signal,02 - Intersection related,01 - Daylight,03 - P.D. only,03 - Rear end,Sheffield Glen
11642,COVENTRY RD @ VANIER PKWY,370675.4348,5031611.228,-75.65823784,45.42133404,2014-10-20,19:10,02 - Rain,02 - Wet,01 - Traffic signal,03 - At intersection,07 - Dark,03 - P.D. only,04 - Sideswipe,Overbrook
11643,BANK ST btwn PARK LANE & LYNCH ST,374101.3472,5022661.298,-75.61572263,45.34047563,2014-10-20,8:00,02 - Rain,02 - Wet,10 - No control,01 - Non intersection,01 - Daylight,03 - P.D. only,04 - Sideswipe,Greenbelt
11644,INNES RD btwn PRESTWICK DR & TENTH LINE RD,383858.6487,5036122.031,-75.48908114,45.46055277,2014-12-05,16:09,01 - Clear,01 - Dry,10 - No control,01 - Non intersection,05 - Dusk,03 - P.D. only,03 - Rear end,Queenswood Heights
11645,LAFONTAINE AVE @ MCARTHUR AVE,370949.7123,5032770.149,-75.65457783,45.43173563,2014-10-21,12:26,01 - Clear,01 - Dry,01 - Traffic signal,03 - At intersection,01 - Daylight,03 - P.D. only,05 - Turning movement,Vanier South
11646,FRIEL ST @ RIDEAU ST,368769.8022,5032572.009,-75.68246087,45.43015564,2014-10-18,17:15,01 - Clear,01 - Dry,01 - Traffic signal,02 - Intersection related,05 - Dusk,03 - P.D. only,03 - Rear end,Lowe
11647,CONROY RD @ WALKLEY RD,372903.7226,5027464.956,-75.63034043,45.38381438,2014-12-06,14:59,01 - Clear,02 - Wet,01 - Traffic signal,02 - Intersection related,01 - Daylight,03 - P.D. only,03 - Rear end,Elmvale - Eastway - Riverview - Riverview Park West
11648,HUNT CLUB RD btwn MCCARTHY RD & RAMP,370758.2153,5023543.774,-75.6582582,45.34873817,2014-12-12,14:06,01 - Clear,04 - Slush,10 - No control,01 - Non intersection,01 - Daylight,03 - P.D. only,03 - Rear end,Hunt Club East - Western Community
11649,MARCH RD @ HOWIE RD,337042.0073,5017116.44,-76.08893726,45.29326242,2014-09-27,15:15,01 - Clear,01 - Dry,02 - Stop sign,02 - Intersection related,01 - Daylight,03 - P.D. only,03 - Rear end,Carp - Hardwood Plains
11650,CARLING AVE @ HOLLAND AVE,365417.1726,5028037.599,-75.72586128,45.38965476,2014-09-15,8:33,01 - Clear,01 - Dry,01 - Traffic signal,03 - At intersection,01 - Daylight,03 - P.D. only,03 - Rear end,Civic Hospital - Experimental Farm - Central Park
11651,BILLINGS BRIDGESC RAMP NB @ RIVERSIDE DR WB,369025.3844,5027795.943,-75.67981706,45.38715882,2014-09-16,15:28,01 - Clear,01 - Dry,03 - Yield sign,02 - Intersection related,01 - Daylight,03 - P.D. only,02 - Angle,Alta Vista
11652,ALBERT ST @ KENT ST (OTTAWA),367221.2209,5031318.626,-75.70240874,45.41901803,2014-09-08,17:30,01 - Clear,01 - Dry,01 - Traffic signal,03 - At intersection,01 - Daylight,03 - P.D. only,02 - Angle,Downtown
11653,KIRKWOOD AVE @ RICHMOND RD,363777.2679,5028641.555,-75.74673038,45.39522906,2014-09-08,17:53,01 - Clear,01 - Dry,01 - Traffic signal,03 - At intersection,01 - Daylight,03 - P.D. only,02 - Angle,Westboro
11654,INNES RD btwn PRESTWICK DR & TENTH LINE RD,383910.5281,5036142.499,-75.48841457,45.46073105,2014-09-05,14:45,02 - Rain,02 - Wet,10 - No control,01 - Non intersection,01 - Daylight,03 - P.D. only,03 - Rear end,Queenswood Heights
11655,BANK ST @ RIVERSIDE DR S,369305.2241,5027895.313,-75.67623078,45.3880272,2014-09-05,15:15,01 - Clear,01 - Dry,01 - Traffic signal,02 - Intersection related,01 - Daylight,03 - P.D. only,99 - Other,Alta Vista
11656,FORWARD AVE @ LYNDALE AVE,364940.3537,5029959.134,-75.73171587,45.40698542,2014-10-28,14:59,01 - Clear,01 - Dry,02 - Stop sign,03 - At intersection,01 - Daylight,03 - P.D. only,02 - Angle,Mechanicsville
11657,BASELINE RD @ FISHER AVE,366167.1675,5026029.481,-75.71653363,45.37152083,2014-11-03,18:30,01 - Clear,01 - Dry,01 - Traffic signal,02 - Intersection related,07 - Dark,03 - P.D. only,04 - Sideswipe,Civic Hospital - Experimental Farm - Central Park
11658,FRANKTOWN RD btwn JOY'S RD & PERTH ST,355306.1519,5004931.19,-75.85733168,45.18254074,2014-09-18,7:59,01 - Clear,01 - Dry,10 - No control,01 - Non intersection,01 - Daylight,03 - P.D. only,03 - Rear end,Munster Hamlet - Richmond
11659,INDUSTRIAL AVE @ RIVERSIDE DR,370685.1925,5030591.606,-75.65824949,45.41215897,2014-09-18,8:24,01 - Clear,01 - Dry,01 - Traffic signal,02 - Intersection related,01 - Daylight,03 - P.D. only,04 - Sideswipe,Industrial Park
11660,ELGIN ST @ SLATER ST,367889.7082,5031645.659,-75.69382607,45.4219006,2014-11-10,19:24,01 - Clear,02 - Wet,01 - Traffic signal,03 - At intersection,07 - Dark,03 - P.D. only,02 - Angle,Downtown
11661,ROBERTSON RD btwn HAZELDEAN RD & HAANEL DR,353810.5917,5018502.185,-75.87502331,45.30476219,2014-11-10,21:07,02 - Rain,02 - Wet,10 - No control,01 - Non intersection,07 - Dark,03 - P.D. only,07 - SMV other,Greenbelt
11662,RIVERSIDE DR NB btwn INDUSTRIAL AVE & TREMBLAY RD,370729.5684,5030728.34,-75.65766432,45.41338507,2014-09-30,14:00,01 - Clear,01 - Dry,10 - No control,01 - Non intersection,01 - Daylight,03 - P.D. only,04 - Sideswipe,Industrial Park
11663,ELGIN ST @ MCLEOD ST,368423.2903,5030780.519,-75.68712024,45.41406805,2014-09-30,14:30,01 - Clear,01 - Dry,02 - Stop sign,03 - At intersection,01 - Daylight,03 - P.D. only,02 - Angle,Centretown
11664,STRANDHERD DR @ CEDARVIEW RD/TARTAN DR,362289.3124,5013543.982,-75.76748636,45.2595053,2014-12-16,13:21,01 - Clear,02 - Wet,01 - Traffic signal,02 - Intersection related,01 - Daylight,03 - P.D. only,03 - Rear end,New Barrhaven
11665,MCGILLIVRAY ST btwn HERRIDGE ST & CLEGG ST,369040.6186,5029862.81,-75.67935338,45.40575442,2014-12-14,13:30,01 - Clear,02 - Wet,10 - No control,04 - At/near private drive,01 - Daylight,03 - P.D. only,02 - Angle,Old Ottawa East
11666,KING EDWARD AVE @ SUSSEX DR,367665.6002,5033504.072,-75.69645224,45.43864215,2014-11-13,8:47,01 - Clear,01 - Dry,01 - Traffic signal,02 - Intersection related,01 - Daylight,03 - P.D. only,03 - Rear end,Byward Market - Parliament Hill
11667,HARDING RD @ WALKLEY RD,373147.7806,5027609.01,-75.62720431,45.38508674,2014-11-01,23:21,01 - Clear,01 - Dry,01 - Traffic signal,02 - Intersection related,07 - Dark,03 - P.D. only,02 - Angle,Urbandale