Record,Location,X,Y,lon,lat,Date,Time,Environment,Road_Surface,Traffic_Control,Collision_Location,Light,Collision_Classification,Impact_type,Neighborhood
11668,OTTAWA RIVER PKWY WB btwn TUNNEY'S PASTURE/REMIC RAPIDS ENT & PARKDALE,363424.3221,5029733.162,-75.75110813,45.40508079,2014-07-10,17:57,01 - Clear,01 - Dry,10 - No control,01 - Non intersection,01 - Daylight,03 - P.D. only,03 - Rear end,Island Park
11669,COLONEL BY DR btwn RIDEAU ST & MACKENZIE AVE,367974.3631,5031961.46,-75.69270394,45.42473443,2014-07-24,17:30,01 - Clear,01 - Dry,10 - No control,01 - Non intersection,01 - Daylight,03 - P.D. only,04 - Sideswipe,Byward Market - Parliament Hill
11670,ISLAND PARK DR @ SUNNYMEDE AVE,363664.6897,5029251.989,-75.74809528,45.40073111,2014-07-25,14:36,01 - Clear,01 - Dry,02 - Stop sign,02 - Intersection related,01 - Daylight,03 - P.D. only,03 - Rear end,Champlain Park
11671,CONROY RD @ WALKLEY RD,372903.7226,5027463.056,-75.63034069,45.38379728,2014-12-05,16:14,01 - Clear,06 - Ice,01 - Traffic signal,02 - Intersection related,05 - Dusk,03 - P.D. only,03 - Rear end,Elmvale - Eastway - Riverview - Riverview Park West
11672,MAIN ST @ RIVERDALE AVE,369433.6413,5029532.969,-75.67437643,45.40275044,2014-12-05,16:36,01 - Clear,01 - Dry,01 - Traffic signal,03 - At intersection,05 - Dusk,03 - P.D. only,05 - Turning movement,Old Ottawa East
11673,EAGLESON RD @ 300 N OF MICHAEL COWPLAND/EAGLES,354275.1207,5016903.017,-75.86925961,45.29033998,2014-10-21,13:28,02 - Rain,02 - Wet,01 - Traffic signal,02 - Intersection related,01 - Daylight,03 - P.D. only,03 - Rear end,Bridlewood - Emerald Meadows
11674,TERRY FOX DR @ PALLADIUM DR/KATIMAVIK RD,351271.6182,5018183.2,-75.90742809,45.30206445,2014-10-21,8:30,01 - Clear,01 - Dry,01 - Traffic signal,02 - Intersection related,01 - Daylight,03 - P.D. only,03 - Rear end,Katimavik - Hazeldean
11675,ALBERT ST @ BOOTH ST,366427.7431,5030626.092,-75.71263309,45.41285715,2014-12-12,14:06,01 - Clear,02 - Wet,01 - Traffic signal,02 - Intersection related,01 - Daylight,03 - P.D. only,05 - Turning movement,Centretown West
11676,RIVERSIDE DR SB btwn RIVERSIDE DR SPLIT & DATA CENTRE RD,368706.5978,5027531.244,-75.68392194,45.3848063,2014-12-12,14:31,04 - Freezing Rain,02 - Wet,10 - No control,01 - Non intersection,01 - Daylight,03 - P.D. only,04 - Sideswipe,Alta Vista
11677,BROADVIEW AVE @ BYRON AVE,362697.3048,5027834.235,-75.76061745,45.38805504,2014-09-27,18:41,01 - Clear,01 - Dry,02 - Stop sign,03 - At intersection,01 - Daylight,03 - P.D. only,02 - Angle,Carlingwood - McKellar Park - Laurentien View
11678,ALBION RD/COLLISTON CRES E @ WALKLEY RD,371033.726,5026356.489,-75.65436564,45.37402009,2014-09-15,10:10,01 - Clear,01 - Dry,01 - Traffic signal,03 - At intersection,01 - Daylight,03 - P.D. only,05 - Turning movement,Ledbury - Heron Gate - Ridgemont - Elmwood
11679,WALKLEY RD btwn DON REID DR/RYDER ST & 160 W OF CONROY RD,372688.3383,5027337.388,-75.63310803,45.38268748,2014-09-15,10:56,01 - Clear,01 - Dry,10 - No control,01 - Non intersection,01 - Daylight,03 - P.D. only,04 - Sideswipe,Playfair Park - Lynda Park - Guildwood Estates
11680,BANK ST btwn ALTA VISTA DR & WALKLEY RD,370301.3591,5026054.844,-75.66375507,45.37137483,2014-09-16,16:12,01 - Clear,01 - Dry,10 - No control,01 - Non intersection,01 - Daylight,03 - P.D. only,04 - Sideswipe,Ledbury - Heron Gate - Ridgemont - Elmwood
11681,GREENBANK RD @ WEST HUNT CLUB RD,361480.1509,5020500.583,-75.77700076,45.3221668,2014-09-16,16:15,01 - Clear,01 - Dry,01 - Traffic signal,02 - Intersection related,01 - Daylight,03 - P.D. only,03 - Rear end,Greenbelt
11682,RIDEAU TER @ SPRINGFIELD RD,369154.2811,5034083.757,-75.67735008,45.44372248,2014-09-08,15:55,01 - Clear,01 - Dry,02 - Stop sign,03 - At intersection,01 - Daylight,03 - P.D. only,02 - Angle,New Edinburgh
11683,BANK ST @ FLORENCE ST,367877.2173,5030630.327,-75.69411564,45.4127661,2014-09-09,11:32,01 - Clear,01 - Dry,02 - Stop sign,03 - At intersection,01 - Daylight,03 - P.D. only,02 - Angle,Centretown
11684,MAPLE GROVE RD @ TERRY FOX DR,351553.1347,5017863.517,-75.90386874,45.29916918,2014-09-09,10:50,01 - Clear,01 - Dry,01 - Traffic signal,02 - Intersection related,01 - Daylight,03 - P.D. only,04 - Sideswipe,Katimavik - Hazeldean
11685,RICHMOND RD @ WINDERMERE AVE,362295.251,5027509.958,-75.76578926,45.38517036,2014-11-08,17:00,02 - Rain,02 - Wet,02 - Stop sign,02 - Intersection related,05 - Dusk,03 - P.D. only,04 - Sideswipe,Carlingwood - McKellar Park - Laurentien View
11686,ELLIOT AVE btwn MAIN ST & MARLOWE CRES,369507.1305,5029528.926,-75.67343832,45.40270728,2014-09-17,20:15,02 - Rain,02 - Wet,10 - No control,01 - Non intersection,07 - Dark,03 - P.D. only,06 - SMV unattended vehicle,Old Ottawa East
11687,CARP RD/HWY 417 CARP IC144R63 @ HWY 417 CARP I,347299.5824,5015924.514,-75.95826772,45.28199151,2014-09-18,9:05,01 - Clear,01 - Dry,01 - Traffic signal,02 - Intersection related,01 - Daylight,03 - P.D. only,03 - Rear end,Stittsville - Basswood
11688,UPPER DWYER HILL RD btwn PANMURE RD & MANTIL SIDE RD,329589.9822,5019451.326,-76.18382686,45.31457556,2014-11-11,6:30,01 - Clear,01 - Dry,10 - No control,01 - Non intersection,03 - Dawn,03 - P.D. only,07 - SMV other,Carp - Hardwood Plains
11689,LAURIER AVE @ NICHOLAS ST,368374.1109,5031799.218,-75.68761708,45.42323842,2014-11-11,7:48,01 - Clear,01 - Dry,01 - Traffic signal,02 - Intersection related,01 - Daylight,03 - P.D. only,03 - Rear end,Sandy Hill
11690,HUNTMAR DR btwn OLD CARP RD & BRADLEY SIDE RD,346520.903,5020938.361,-75.96777092,45.32715454,2014-09-30,19:18,01 - Clear,01 - Dry,10 - No control,01 - Non intersection,07 - Dark,03 - P.D. only,07 - SMV other,Kanata Lakes - Marchwood Lakeside - Morgan's Grant - Kanata
11691,HAMILTON AVE   N btwn WELLINGTON ST W & TYNDALL ST,365128.6346,5029118.137,-75.72941372,45.39940212,2014-12-12,0:00,00 - Unknown,01 - Dry,10 - No control,01 - Non intersection,00 - Unknown,03 - P.D. only,06 - SMV unattended vehicle,Islan
11692,BIRCH AVE EXT./ROCKCLIFFE PKWY @ ROCKCLIFFE PK,370131.1946,5035709.366,-75.66464747,45.45825837,2014-12-16,7:45,01 - Clear,01 - Dry,02 - Stop sign,02 - Intersection related,03 - Dawn,03 - P.D. only,04 - Sideswipe,Rockcliffe - Manor Park
11693,ST. LAURENT BLVD btwn CONNERY AVE & NERTA ST,373657.7279,5028644.931,-75.62054855,45.39435755,2014-10-28,8:15,01 - Clear,01 - Dry,10 - No control,01 - Non intersection,01 - Daylight,03 - P.D. only,03 - Rear end,Urbandale
11694,CYRVILLE RD @ MEADOWBROOK RD,374628.7828,5031243.031,-75.60777978,45.41763777,2014-10-28,9:25,01 - Clear,01 - Dry,01 - Traffic signal,02 - Intersection related,01 - Daylight,03 - P.D. only,99 - Other,Industrial Park
11695,PRINCESS AVE @ ROCKCLIFFE PKWY,368227.701,5034332.019,-75.68916148,45.44604093,2014-07-28,20:15,01 - Clear,01 - Dry,03 - Yield sign,03 - At intersection,01 - Daylight,03 - P.D. only,07 - SMV other,Rockcliffe - Manor Park
11696,OTTAWA RIVER PKWY @ REMIC RAPIDS ENT/TUNNEY'S ,364262.3213,5030245.722,-75.7403423,45.40962201,2014-07-30,10:15,02 - Rain,02 - Wet,01 - Traffic signal,02 - Intersection related,01 - Daylight,03 - P.D. only,07 - SMV other,Island Park
11697,ALEXANDRA BR btwn MURRAY ST & END,367306.9771,5032440.516,-75.70117073,45.42910478,2014-07-30,17:35,01 - Clear,02 - Wet,10 - No control,07 - Overpass or bridge,01 - Daylight,03 - P.D. only,03 - Rear end,Byward Market - Parliament Hill
11698,SUSSEX DR btwn JOHN ST & ALEXANDER ST,367869.3911,5033968.205,-75.69378816,45.44279989,2014-07-31,9:45,01 - Clear,01 - Dry,10 - No control,01 - Non intersection,01 - Daylight,03 - P.D. only,04 - Sideswipe,New Edinburgh
11699,JOCKVALE RD btwn GOLFLINKS DR & PRINCE OF WALES DR,366329.3703,5012486.385,-75.71614463,45.24964733,2014-12-05,18:15,01 - Clear,01 - Dry,10 - No control,01 - Non intersection,07 - Dark,03 - P.D. only,07 - SMV other,New Barrhaven
11700,INNES RD @ ORCHARDVIEW AVE/ESPRIT DR,384844.7646,5036560.084,-75.47640242,45.46438167,2014-12-05,18:47,01 - Clear,01 - Dry,01 - Traffic signal,02 - Intersection related,07 - Dark,03 - P.D. only,03 - Rear end,Fallingbrook
11701,BELL ST @ GLADSTONE AVE,366944.7477,5029970.038,-75.70611109,45.40690844,2014-10-21,12:30,01 - Clear,01 - Dry,02 - Stop sign,03 - At intersection,01 - Daylight,03 - P.D. only,02 - Angle,Centretown West
11702,ST. JOSEPH BLVD @ FOREST VALLEY DR/YOUVILLE DR,379165.6912,5036155.165,-75.54907616,45.46136618,2014-12-12,16:05,01 - Clear,01 - Dry,01 - Traffic signal,02 - Intersection related,05 - Dusk,03 - P.D. only,03 - Rear end,Chapel Hill
11703,MARCH RD btwn HWY417 IC155 RAMP35 & HWY417 IC155 RAMP26,339555.3758,5019325.941,-76.05673961,45.31302475,2014-09-27,19:34,01 - Clear,01 - Dry,10 - No control,07 - Overpass or bridge,07 - Dark,03 - P.D. only,05 - Turning movement,Carp - Hardwood Plains
11704,REGIONAL ROAD 174 EB btwn HWY417 IC113 RAMP65 & OR174 BLAIR IC112 RAMP51,374546.9346,5032635.745,-75.60862825,45.43017683,2014-09-15,11:15,01 - Clear,01 - Dry,10 - No control,01 - Non intersection,01 - Daylight,03 - P.D. only,99 - Other,Pineview
11705,HARDING RD @ WALKLEY RD,373148.2568,5027608.535,-75.6271983,45.38508242,2014-09-12,14:50,01 - Clear,01 - Dry,01 - Traffic signal,02 - Intersection related,01 - Daylight,03 - P.D. only,03 - Rear end,Urbandale
11706,LOLA ST @ DONALD ST,371096.1478,5032358.636,-75.65276193,45.42801915,2014-09-16,18:20,01 - Clear,01 - Dry,01 - Traffic signal,02 - Intersection related,05 - Dusk,03 - P.D. only,03 - Rear end,Overbrook
11707,DATA CENTRE RD @ RIVERSIDE DR,368895.0793,5027672.855,-75.68149692,45.38606325,2014-09-16,19:00,01 - Clear,01 - Dry,01 - Traffic signal,02 - Intersection related,01 - Daylight,03 - P.D. only,03 - Rear end,Alta Vista
11708,MAIN ST btwn MASON TER & TURN LANE,369405.6748,5029602.636,-75.67472451,45.40337987,2014-09-08,11:50,01 - Clear,01 - Dry,10 - No control,01 - Non intersection,01 - Daylight,03 - P.D. only,04 - Sideswipe,Old Ottawa East
11709,FRANK KENNY RD btwn MCFADDEN RD & RUSSELL RD,392542.3924,5026411.04,-75.37979189,45.37214792,2014-07-15,9:30,02 - Rain,02 - Wet,10 - No control,01 - Non intersection,01 - Daylight,03 - P.D. only,07 - SMV other,Navan - Vars
11710,INNES RD btwn BANTREE ST & STAR TOP RD,373968.7564,5030560.11,-75.61630794,45.41155875,2014-09-09,12:37,01 - Clear,01 - Dry,10 - No control,01 - Non intersection,01 - Daylight,03 - P.D. only,03 - Rear end,Industrial Park
11711,CAMELOT DR btwn CLEOPATRA DR & BENTLEY AVE,365513.8475,5021397.932,-75.72544237,45.32990377,2014-09-09,11:25,01 - Clear,01 - Dry,10 - No control,01 - Non intersection,01 - Daylight,03 - P.D. only,04 - Sideswipe,Merivale Gardens - Grenfell Glen - Pineglen - Country Place
11712,CARA CRES btwn WILKIE DR & WILKIE DR,384001.1452,5037382.804,-75.48705618,45.47187991,2014-10-29,18:00,01 - Clear,01 - Dry,10 - No control,04 - At/near private drive,01 - Daylight,03 - P.D. only,06 - SMV unattended vehicle,Fallingbrook
11713,BESSERER ST @ DALHOUSIE ST,368252.7017,5032159,-75.689122,45.42648664,2014-11-08,1:00,01 - Clear,01 - Dry,01 - Traffic signal,02 - Intersection related,07 - Dark,03 - P.D. only,02 - Angle,Byward Market - Parliament Hill
11714,"MONTREAL RD btwn MONTREAL RD & EGLISE, RUE DE L",371109.6306,5033611.089,-75.65242096,45.43928689,2014-09-18,9:00,01 - Clear,01 - Dry,10 - No control,01 - Non intersection,01 - Daylight,03 - P.D. only,04 - Sideswipe,Vanier South
11715,ST. LAURENT BLVD @ TREMBLAY RD,372595.24,5031241.576,-75.63376004,45.41782467,2014-09-18,9:15,01 - Clear,01 - Dry,01 - Traffic signal,02 - Intersection related,01 - Daylight,03 - P.D. only,04 - Sideswipe,Industrial Park
11716,METCALFE ST @ SOMERSET ST,368012.1261,5031104.573,-75.69233136,45.41702104,2014-11-11,9:35,01 - Clear,01 - Dry,01 - Traffic signal,03 - At intersection,01 - Daylight,03 - P.D. only,05 - Turning movement,Centretown
11717,DATA CENTRE RD @ RIVERSIDE DR,368897.449,5027671.432,-75.68146685,45.38605023,2014-09-30,18:30,01 - Clear,01 - Dry,01 - Traffic signal,02 - Intersection related,01 - Daylight,03 - P.D. only,03 - Rear end,Alta Vista
11718,REGIONAL ROAD 174 btwn TRANSIT & OR174 IC109 RAMP54,376328.8961,5034667.506,-75.58556225,45.44827739,2014-09-30,21:33,01 - Clear,01 - Dry,10 - No control,01 - Non intersection,07 - Dark,03 - P.D. only,03 - Rear end,Greenbelt
11719,MONTREAL RD btwn CENTER ST & BRITTANY DR,371887.3684,5033983.857,-75.64243011,45.44256668,2014-12-16,13:51,01 - Clear,01 - Dry,10 - No control,04 - At/near private drive,01 - Daylight,03 - P.D. only,02 - Angle,Cummings
11720,WOODROFFE AVE btwn FOX CRES & GEORGINA DR,361898.2852,5025402.229,-75.77110177,45.36623769,2014-12-12,14:15,01 - Clear,04 - Slush,10 - No control,01 - Non intersection,01 - Daylight,03 - P.D. only,03 - Rear end,Whitehaven - Queensway Terrace North
11721,ROYDON PL btwn WOODFIELD DR & WEST HUNT CLUB RD,365920.1869,5022265.832,-75.72015179,45.33767774,2014-11-21,8:17,01 - Clear,01 - Dry,10 - No control,04 - At/near private drive,01 - Daylight,03 - P.D. only,02 - Angle,Industrial Park
11722,MEADOWLANDS DR @ MERIVALE RD,364859.65,5023726.936,-75.73350483,45.35091616,2014-11-24,0:48,01 - Clear,02 - Wet,01 - Traffic signal,03 - At intersection,07 - Dark,03 - P.D. only,02 - Angle,Cityview - Skyline - Fisher Heights
11723,PRINCE OF WALES DR @ FALAISE RD/KOCHAR DR N,367459.7563,5024903.089,-75.70017577,45.36127144,2014-11-20,20:10,01 - Clear,01 - Dry,01 - Traffic signal,02 - Intersection related,07 - Dark,03 - P.D. only,04 - Sideswipe,Carleton Heights - Rideauview
11724,ISLAND PARK DR btwn CLEARVIEW AVE & OTTAWA RIVER PKWY,363521.9862,5029375.491,-75.74990323,45.40185435,2014-07-31,18:46,01 - Clear,01 - Dry,10 - No control,01 - Non intersection,01 - Daylight,03 - P.D. only,03 - Rear end,Westboro Beach
11725,HUNT CLUB RD @ LORRY GREENBERG DR/SABLE RIDGE ,372821.8385,5024807.03,-75.63175196,45.35990737,2014-12-05,20:11,01 - Clear,01 - Dry,01 - Traffic signal,02 - Intersection related,07 - Dark,03 - P.D. only,03 - Rear end,Greenboro East
11726,CARLING AVE @ KIRKWOOD AVE S,364350.7504,5027336.124,-75.73956392,45.3834345,2014-12-05,20:16,01 - Clear,01 - Dry,01 - Traffic signal,02 - Intersection related,07 - Dark,03 - P.D. only,02 - Angle,Carlington
11727,HUNTLEY RD btwn MANSFIELD RD & BROWNLEE RD,354785.1204,5008624.133,-75.86359081,45.21580826,2014-10-21,12:55,02 - Rain,02 - Wet,10 - No control,01 - Non intersection,01 - Daylight,03 - P.D. only,07 - SMV other,Munster Hamlet - Richmond
11728,HAZELDEAN RD/HAZELDEAN RD IC RAMP 62 @ HAZELDE,346898.2522,5012419.499,-75.96368024,45.2504761,2014-10-21,16:11,01 - Clear,01 - Dry,02 - Stop sign,02 - Intersection related,01 - Daylight,03 - P.D. only,03 - Rear end,Stittsville - Basswood
11729,BLACKBURN BYPASS @ NAVAN RD,379617.7235,5033274.745,-75.54373482,45.43540203,2014-12-12,17:28,01 - Clear,02 - Wet,01 - Traffic signal,02 - Intersection related,07 - Dark,03 - P.D. only,03 - Rear end,Greenbelt
11730,BANK ST @ SECOND AVE,368304.7553,5029627.135,-75.68878312,45.40370104,2014-12-14,11:22,01 - Clear,01 - Dry,02 - Stop sign,02 - Intersection related,01 - Daylight,03 - P.D. only,03 - Rear end,The Glebe
11731,HAZELDEAN RD btwn JINKINSON RD/HAZELDEAN IC RAMP 62 & KITTIWAKE DR,347689.6226,5013153.069,-75.95353555,45.25702928,2014-09-27,22:27,01 - Clear,01 - Dry,10 - No control,01 - Non intersection,07 - Dark,03 - P.D. only,07 - SMV other,Stittsville - Basswood
11732,RIDEAU ST btwn KING EDWARD AVE & NELSON ST,368620.1754,5032480.942,-75.68438472,45.42934992,2014-09-27,23:37,01 - Clear,01 - Dry,10 - No control,04 - At/near private drive,07 - Dark,03 - P.D. only,05 - Turning movement,Lowe
11733,DILWORTH RD btwn THIRD LINE RD S & RIDEAU VALLEY DR S,372684.5619,4995944.677,-75.63744129,45.10022195,2014-09-27,23:15,02 - Rain,02 - Wet,10 - No control,01 - Non intersection,07 - Dark,03 - P.D. only,07 - SMV other,Kars - Osgoode
11734,INNES RD btwn BANTREE ST & STAR TOP RD,373973.7922,5030564.191,-75.61624304,45.41159497,2014-09-15,12:04,01 - Clear,01 - Dry,10 - No control,01 - Non intersection,01 - Daylight,03 - P.D. only,03 - Rear end,Industrial Park
11735,RUSSELL RD btwn BELGREEN DR & BLAKE RD,376040.4947,5027422.955,-75.59029602,45.38312449,2014-09-15,12:29,01 - Clear,01 - Dry,10 - No control,01 - Non intersection,01 - Daylight,03 - P.D. only,99 - Other,Greenbelt
11736,INNES RD @ TENTH LINE RD,383950.3385,5036159.561,-75.48790285,45.46088005,2014-09-16,21:09,01 - Clear,01 - Dry,01 - Traffic signal,02 - Intersection related,07 - Dark,03 - P.D. only,03 - Rear end,Queenswood Heights
11737,BANK ST @ CONROY RD,375044.2762,5022236.603,-75.60375272,45.33656062,2014-09-16,21:41,01 - Clear,01 - Dry,01 - Traffic signal,03 - At intersection,07 - Dark,03 - P.D. only,03 - Rear end,Greenbelt
11738,LAURIER AVE   E btwn RUSSELL AVE & CHAPEL ST,369104.0173,5032257.002,-75.67823115,45.42729068,2014-08-12,20:11,01 - Clear,01 - Dry,10 - No control,01 - Non intersection,05 - Dusk,03 - P.D. only,04 - Sideswipe,Sandy Hill
11739,EAGLESON RD @ HAZELDEAN RD/ROBERTSON RD,353674.0988,5018422.564,-75.8767716,45.30405525,2014-09-09,12:44,01 - Clear,01 - Dry,01 - Traffic signal,02 - Intersection related,01 - Daylight,03 - P.D. only,03 - Rear end,Greenbelt
11740,BOTELER ST @ KING EDWARD AVE,367974.2933,5033245.442,-75.69254011,45.43628726,2014-09-18,9:50,01 - Clear,01 - Dry,03 - Yield sign,02 - Intersection related,01 - Daylight,03 - P.D. only,03 - Rear end,Lower Town
11741,SMYTH RD btwn BARNHART PL & FREEDOM PRIV,370973.8675,5029120.912,-75.65475916,45.39889902,2014-09-18,11:46,01 - Clear,01 - Dry,10 - No control,01 - Non intersection,01 - Daylight,03 - P.D. only,03 - Rear end,Alta Vista
11742,FINDLAY CREEK DR @ BANK ST,375848.7561,5020461.86,-75.59374434,45.32051123,2014-11-07,19:36,01 - Clear,01 - Dry,01 - Traffic signal,03 - At intersection,07 - Dark,03 - P.D. only,03 - Rear end,Greenbelt
11743,MEADOWLANDS DR/TALLWOOD DR @ WOODROFFE AVE,363055.2678,5022730.494,-75.75664816,45.34210246,2014-11-11,11:55,01 - Clear,01 - Dry,01 - Traffic signal,02 - Intersection related,01 - Daylight,03 - P.D. only,03 - Rear end,Crestview - Meadowlands
11744,ALBION RD @ FINDLAY CREEK DR,374010.0249,5019208.543,-75.61737035,45.30941799,2014-10-09,7:02,01 - Clear,01 - Dry,01 - Traffic signal,03 - At intersection,01 - Daylight,03 - P.D. only,02 - Angle,Greenbelt
11745,CRESTWAY DR @ STRANDHERD DR,366347.4952,5015470.66,-75.71554401,45.27649815,2014-10-27,7:23,01 - Clear,01 - Dry,01 - Traffic signal,03 - At intersection,01 - Daylight,03 - P.D. only,02 - Angle,Chapman Mills - Rideau Crest - Davidson Heights
11746,EAGLESON RD @ HAZELDEAN RD/ROBERTSON RD,353672.4237,5018426.262,-75.87679259,45.30408865,2014-12-16,8:30,02 - Rain,02 - Wet,01 - Traffic signal,02 - Intersection related,01 - Daylight,03 - P.D. only,04 - Sideswipe,Greenbelt
11747,RAMSAYVILLE RD @ LEITRIM RD,378717.8935,5023887.911,-75.55664049,45.35104081,2014-12-16,16:10,01 - Clear,02 - Wet,02 - Stop sign,03 - At intersection,05 - Dusk,03 - P.D. only,03 - Rear end,Greenbelt
11748,WEST HUNT CLUB RD @ WOODROFFE AVE,363671.6411,5021245.064,-75.74896046,45.32868523,2014-11-24,11:50,01 - Clear,01 - Dry,01 - Traffic signal,02 - Intersection related,01 - Daylight,03 - P.D. only,03 - Rear end,Woodvale - Craig Henry - Manordale - Estates of Arlington Wo
11749,WEST HUNT CLUB RD @ WOODROFFE AVE,363669.7409,5021246.608,-75.74898452,45.32869928,2014-11-24,14:15,01 - Clear,01 - Dry,01 - Traffic signal,02 - Intersection related,01 - Daylight,03 - P.D. only,03 - Rear end,Woodvale - Craig Henry - Manordale - Estates of Arlington Wo
11750,WEST HUNT CLUB RD @ WOODROFFE AVE,363669.7409,5021247.914,-75.74898436,45.32871103,2014-11-24,11:25,01 - Clear,01 - Dry,01 - Traffic signal,02 - Intersection related,01 - Daylight,03 - P.D. only,03 - Rear end,Woodvale - Craig Henry - Manordale - Estates of Arlington Wo
11751,OLD PRESCOTT RD btwn SUNSET BLVD & MARCO ST,377149.0069,5015403.512,-75.57789927,45.27486551,2014-11-26,17:30,01 - Clear,01 - Dry,10 - No control,01 - Non intersection,07 - Dark,03 - P.D. only,04 - Sideswipe,Greely
11752,OTTAWA RIVER PKWY N @ TRANSITWAY - LINCOLN FIE,360973.8774,5025677.31,-75.78287025,45.36878755,2014-08-20,8:30,01 - Clear,01 - Dry,10 - No control,02 - Intersection related,01 - Daylight,03 - P.D. only,04 - Sideswipe,Woodroffe - Lincoln Heights
11753,ISLAND PARK DR @ RICHMOND RD,364129.7366,5028866.132,-75.74220196,45.39721999,2014-08-24,12:19,01 - Clear,01 - Dry,01 - Traffic signal,03 - At intersection,01 - Daylight,03 - P.D. only,02 - Angle,Island Park
11754,RIOCAN AVE btwn STRANDHERD DR & MARKETPLACE AVE,364253.3521,5014815.389,-75.74231107,45.27078221,2014-12-05,18:00,01 - Clear,01 - Dry,10 - No control,04 - At/near private drive,07 - Dark,03 - P.D. only,05 - Turning movement,New Barrhaven
11755,RIVERSIDE DR @ BROOKFIELD RD/HOG'S BACK RD,368168.6611,5026222.997,-75.69095852,45.37308392,2014-12-05,17:00,01 - Clear,06 - Ice,01 - Traffic signal,02 - Intersection related,07 - Dark,03 - P.D. only,03 - Rear end,Riverside Park
11756,SAUBLE DR btwn YOHO DR & STEEPLE CHASE DR,355163.4134,5017452.99,-75.85787995,45.29522564,2014-10-21,19:25,01 - Clear,01 - Dry,10 - No control,04 - At/near private drive,07 - Dark,03 - P.D. only,06 - SMV unattended vehicle,Bridlewood - Emerald Meadows
11757,OGILVIE RD btwn CITY PARK DR & BLAIR RD (2),374450.004,5033164.252,-75.60979212,45.43494171,2014-11-17,0:01,03 - Snow,02 - Wet,10 - No control,01 - Non intersection,07 - Dark,03 - P.D. only,03 - Rear end,Industrial Park
11758,STELLA CRES btwn ELAINE DR & ELAINE DR,372302.2322,5032571.757,-75.63732119,45.42982135,2014-10-02,13:09,01 - Clear,01 - Dry,10 - No control,04 - At/near private drive,01 - Daylight,03 - P.D. only,02 - Angle,Cummings
11759,NORMAN ST @ ROCHESTER ST,366888.2782,5029269.608,-75.7069206,45.40061118,2014-10-06,14:17,02 - Rain,02 - Wet,02 - Stop sign,03 - At intersection,01 - Daylight,03 - P.D. only,02 - Angle,Little Italy
11760,BANK ST @ CONROY RD,375043.3283,5022235.655,-75.60376495,45.33655218,2014-09-15,12:45,01 - Clear,01 - Dry,01 - Traffic signal,02 - Intersection related,01 - Daylight,03 - P.D. only,03 - Rear end,Greenbelt
11761,ANDERSON RD @ MITCH OWENS RD,382812.2753,5019043.521,-75.50515801,45.30701066,2014-09-17,2:50,01 - Clear,01 - Dry,02 - Stop sign,03 - At intersection,07 - Dark,03 - P.D. only,07 - SMV other,Metcalfe
11762,CARP RD @ GALETTA SIDE RD,328153.0069,5035348.653,-76.20140169,45.45767681,2014-09-17,7:00,01 - Clear,01 - Dry,02 - Stop sign,02 - Intersection related,01 - Daylight,03 - P.D. only,07 - SMV other,Fitzroy
11763,LAURIER AVE @ NICHOLAS ST,368374.1109,5031795.426,-75.68761757,45.4232043,2014-08-13,20:24,01 - Clear,01 - Dry,01 - Traffic signal,03 - At intersection,07 - Dark,03 - P.D. only,02 - Angle,Sandy Hill
11764,FALLOWFIELD RD btwn HWY416 IC66 RAMP53 & HWY416 IC66 RAMP34,359792.7696,5014718.166,-75.79916421,45.27027035,2014-09-09,16:18,01 - Clear,01 - Dry,10 - No control,01 - Non intersection,01 - Daylight,03 - P.D. only,04 - Sideswipe,Munster Hamlet - Richmond
11765,EAGLESON RD @ FLEWELLYN RD,355330.6849,5014249.365,-75.8560736,45.26638674,2014-09-02,17:16,02 - Rain,02 - Wet,02 - Stop sign,02 - Intersection related,01 - Daylight,03 - P.D. only,05 - Turning movement,Stittsville - Basswood
11766,AMBERWOOD CRES @ MERIVALE RD,366410.1794,5020017.43,-75.71418024,45.31740408,2014-09-17,13:35,01 - Clear,01 - Dry,02 - Stop sign,03 - At intersection,01 - Daylight,03 - P.D. only,02 - Angle,Merivale Gardens - Grenfell Glen - Pineglen - Country Place
11767,MERIVALE RD @ BASIL MACDONALD WAY/MERIVALE MAL,365095.8607,5023170.289,-75.73055839,45.34588726,2014-11-17,11:54,03 - Snow,04 - Slush,01 - Traffic signal,02 - Intersection related,01 - Daylight,03 - P.D. only,04 - Sideswipe,Crestview - Meadowlands
11768,SECOND LINE RD btwn LAHEY CRT & MARCH RD,345533.7631,5025932.96,-75.97995181,45.37215543,2014-11-22,19:30,01 - Clear,01 - Dry,10 - No control,01 - Non intersection,07 - Dark,03 - P.D. only,07 - SMV other,Carp - Hardwood Plains
11769,HAWTHORNE RD/RUSSELL RD @ WALKLEY RD,374675.6811,5028501.182,-75.60756917,45.39296333,2014-12-16,17:15,04 - Freezing Rain,02 - Wet,01 - Traffic signal,02 - Intersection related,07 - Dark,03 - P.D. only,04 - Sideswipe,Sheffield Glen
11770,MONTREAL RD @ SHEFFORD RD,376126.2375,5034854.335,-75.58812566,45.44997907,2014-12-16,18:06,01 - Clear,02 - Wet,01 - Traffic signal,03 - At intersection,07 - Dark,03 - P.D. only,05 - Turning movement,Beacon Hill South - Cardinal Heights
11771,JEANNE D'ARC BLVD @ ORLEANS BLVD S,380941.0419,5036250.313,-75.52636304,45.46203101,2014-11-25,7:17,01 - Clear,01 - Dry,01 - Traffic signal,02 - Intersection related,01 - Daylight,03 - P.D. only,03 - Rear end,Orleans Village - Chateauneuf