Record,Location,X,Y,lon,lat,Date,Time,Environment,Road_Surface,Traffic_Control,Collision_Location,Light,Collision_Classification,Impact_type,Neighborhood
11772,ELGIN ST btwn COOPER ST & SOMERSET ST W,368158.0578,5031207.598,-75.69045372,45.41793483,2014-12-05,22:09,01 - Clear,01 - Dry,10 - No control,01 - Non intersection,07 - Dark,03 - P.D. only,06 - SMV unattended vehicle,Centretown
11773,ROXDALE AVE btwn BLACKHEATH ST & ST. GEORGES ST,382644.7506,5037142.459,-75.50443921,45.46987,2014-12-09,10:23,01 - Clear,05 - Packed snow,10 - No control,04 - At/near private drive,01 - Daylight,03 - P.D. only,06 - SMV unattended vehicle,Queenswood Heights
11774,OTTAWA RIVER PKWY WB btwn TUNNEY'S PASTURE/REMIC RAPIDS ENT & PARKDALE,364248.0695,5030230.52,-75.74052619,45.40948644,2014-08-24,22:10,01 - Clear,01 - Dry,10 - No control,01 - Non intersection,07 - Dark,03 - P.D. only,04 - Sideswipe,Island Park
11775,OTTAWA RIVER PKWY WB btwn TUNNEY'S PASTURE/REMIC RAPIDS ENT & PARKDALE,364144.5066,5030115.556,-75.74186297,45.4084608,2014-08-25,16:25,01 - Clear,01 - Dry,10 - No control,01 - Non intersection,01 - Daylight,03 - P.D. only,03 - Rear end,Island Park
11776,OTTAWA RIVER PKWY WB btwn TUNNEY'S PASTURE/REMIC RAPIDS ENT & PARKDALE,363573.5963,5029872.091,-75.74918485,45.40631833,2014-08-25,16:30,01 - Clear,01 - Dry,10 - No control,01 - Non intersection,01 - Daylight,03 - P.D. only,03 - Rear end,Island Park
11777,OTTAWA RIVER PKWY EB btwn TUNNEY'S PASTURE/REMIC RAPIDS ENT & ISLAND P,364343.0814,5030267.575,-75.739308,45.40981177,2014-08-26,7:10,01 - Clear,01 - Dry,10 - No control,01 - Non intersection,01 - Daylight,03 - P.D. only,03 - Rear end,Tunney's Pasture
11778,SHEA RD btwn FERNBANK RD & FLEWELLYN RD,352313.4649,5012949.355,-75.89464496,45.25489914,2014-12-05,20:50,01 - Clear,01 - Dry,10 - No control,01 - Non intersection,07 - Dark,03 - P.D. only,07 - SMV other,Stittsville - Basswood
11779,BANTREE ST @ INNES RD,373704.7731,5030407.03,-75.61970155,45.41020745,2014-10-21,13:50,01 - Clear,01 - Dry,01 - Traffic signal,02 - Intersection related,01 - Daylight,03 - P.D. only,03 - Rear end,Industrial Park
11780,NAVAN RD @ PAGE RD,381659.76,5032770.075,-75.51771759,45.43063993,2014-10-22,6:35,01 - Clear,01 - Dry,02 - Stop sign,03 - At intersection,03 - Dawn,03 - P.D. only,02 - Angle,Chapel Hill South
11781,LYON ST @ SLATER ST,367103.6547,5031153.062,-75.70393174,45.41753881,2014-12-14,15:51,01 - Clear,02 - Wet,01 - Traffic signal,03 - At intersection,01 - Daylight,03 - P.D. only,02 - Angle,Downtown
11782,BASELINE RD @ CLYDE AVE,364358.7033,5024890.038,-75.73975733,45.36142432,2014-12-14,20:12,"07 - Fog, mist, smoke, dust",02 - Wet,01 - Traffic signal,02 - Intersection related,07 - Dark,03 - P.D. only,03 - Rear end,Braemar Park - Bel Air Heights - Copeland Park
11783,RIDEAU ST btwn RIDEAU PL & MONTREAL RD,369585.5062,5032941.39,-75.6719886,45.4334041,2014-11-03,12:30,01 - Clear,01 - Dry,10 - No control,07 - Overpass or bridge,01 - Daylight,03 - P.D. only,04 - Sideswipe,Sand
11784,ST. LAURENT BLVD btwn BELFAST RD & INDUSTRIAL AVE,372906.0992,5030469.495,-75.62989526,45.41084766,2014-11-02,18:20,01 - Clear,01 - Dry,10 - No control,01 - Non intersection,07 - Dark,03 - P.D. only,03 - Rear end,Industrial Park
11785,CUMBERLAND ST @ RIDEAU ST,368372.6108,5032331.399,-75.68756756,45.42802693,2014-09-17,10:38,01 - Clear,01 - Dry,01 - Traffic signal,02 - Intersection related,01 - Daylight,03 - P.D. only,05 - Turning movement,Byward Market - Parliament Hill
11786,MEADOWLANDS DR/TALLWOOD DR @ WOODROFFE AVE,363056.2157,5022728.599,-75.75663629,45.34208534,2014-09-16,16:15,01 - Clear,01 - Dry,01 - Traffic signal,02 - Intersection related,01 - Daylight,03 - P.D. only,03 - Rear end,Crestview - Meadowlands
11787,UPPER DWYER HILL RD @ MCARTON RD,340117.9614,5007542.386,-76.05040241,45.20696192,2014-08-19,14:45,01 - Clear,01 - Dry,02 - Stop sign,03 - At intersection,01 - Daylight,03 - P.D. only,03 - Rear end,Munster Hamlet - Richmond
11788,WATERTHRUSH CRES btwn PINE HILL DR & PINE HILL DR,355661.9713,5017292.539,-75.85154034,45.29374597,2014-08-20,11:30,01 - Clear,01 - Dry,10 - No control,01 - Non intersection,01 - Daylight,03 - P.D. only,06 - SMV unattended vehicle,Bridlewood - Emerald Meadows
11789,ST. JOSEPH BLVD @ JEANNE D'ARC BLVD,379858.3728,5036473.477,-75.54017139,45.46415603,2014-09-09,16:00,01 - Clear,01 - Dry,11 - Roundabout,03 - At intersection,01 - Daylight,03 - P.D. only,04 - Sideswipe,Greenbelt
11790,TERRY FOX DR @ PALLADIUM DR/KATIMAVIK RD,351269.2441,5018180.827,-75.90745858,45.30204325,2014-09-09,18:35,01 - Clear,01 - Dry,01 - Traffic signal,02 - Intersection related,01 - Daylight,03 - P.D. only,03 - Rear end,Katimavik - Hazeldean
11791,ABBOTSFORD RD btwn MORRENA RD & MORRENA RD,353117.8486,5017706.19,-75.88393414,45.29764764,2014-09-11,13:47,01 - Clear,01 - Dry,10 - No control,01 - Non intersection,01 - Daylight,03 - P.D. only,99 - Other,Glen Cairn - Kanata South Business Park
11792,INNES RD btwn 260 E OF BELCOURT BLVD/WALMART SC & JEANNE D'ARC BLVD/ME,382414.5309,5035438.644,-75.50765205,45.45456616,2014-09-18,12:46,01 - Clear,01 - Dry,10 - No control,01 - Non intersection,01 - Daylight,03 - P.D. only,04 - Sideswipe,Orleans Village - Chateauneuf
11793,TENTH LINE RD @ VANGUARD DR,384073.2371,5035877.407,-75.48637708,45.45832755,2014-09-18,13:05,01 - Clear,01 - Dry,01 - Traffic signal,03 - At intersection,01 - Daylight,03 - P.D. only,02 - Angle,Avalon
11794,ST. JOSEPH BLVD @ JEANNE D'ARC BLVD,379859.3207,5036472.529,-75.54015942,45.4641474,2014-12-22,14:50,01 - Clear,01 - Dry,11 - Roundabout,03 - At intersection,01 - Daylight,03 - P.D. only,02 - Angle,Greenbelt
11795,CHAMPLAIN ST @ OR174 IC102 RAMP26,381534.2958,5038341.492,-75.51845149,45.48078077,2014-11-29,20:11,01 - Clear,01 - Dry,03 - Yield sign,02 - Intersection related,07 - Dark,03 - P.D. only,03 - Rear end,Orleans South West
11796,RICHMOND RD @ HOLLY ACRES RD/NANAIMO DR,359057.7215,5022748.021,-75.80765205,45.34258075,2014-12-15,16:34,01 - Clear,02 - Wet,01 - Traffic signal,02 - Intersection related,05 - Dusk,03 - P.D. only,03 - Rear end,Greenbelt
11797,MERIVALE RD btwn KIMWAY CRES & LOBLAWS SC,364776.2738,5024879.892,-75.73442892,45.36129743,2014-12-16,18:18,04 - Freezing Rain,02 - Wet,10 - No control,01 - Non intersection,07 - Dark,03 - P.D. only,04 - Sideswipe,Cityview - Skyline - Fisher Heights
11798,ROBERTSON RD @ WESTCLIFFE RD,356396.1511,5020054.226,-75.84189311,45.31854251,2014-12-16,18:41,02 - Rain,02 - Wet,01 - Traffic signal,02 - Intersection related,07 - Dark,03 - P.D. only,04 - Sideswipe,Bells Corners West
11799,COOPER ST @ ELGIN ST,368120.6641,5031269.214,-75.69092354,45.41849261,2014-11-25,7:42,01 - Clear,01 - Dry,01 - Traffic signal,02 - Intersection related,01 - Daylight,03 - P.D. only,05 - Turning movement,Centretown
11800,MARCH RD btwn 280 S OF CARLING AVE/STATION RD & RICHARDSON SIDE RD,351224.6788,5021902.742,-75.90767797,45.33553688,2014-11-25,8:45,01 - Clear,01 - Dry,10 - No control,01 - Non intersection,01 - Daylight,03 - P.D. only,03 - Rear end,South March
11801,GRENON AVE @ RICHMOND RD,359808.5707,5024034.935,-75.79792852,45.35410193,2014-12-12,8:58,03 - Snow,04 - Slush,01 - Traffic signal,02 - Intersection related,01 - Daylight,03 - P.D. only,03 - Rear end,Whitehaven - Queensway Terrace North
11802,AVIATION PKWY @ MONTREAL RD,372146.7166,5034106.208,-75.63909852,45.4436426,2014-07-12,7:08,01 - Clear,01 - Dry,01 - Traffic signal,03 - At intersection,01 - Daylight,03 - P.D. only,07 - SMV other,Cummings
11803,COLONEL BY DR btwn ECHO DR & CLEGG ST (2),368649.1259,5028778.673,-75.68449437,45.39603552,2014-07-05,13:00,01 - Clear,01 - Dry,10 - No control,01 - Non intersection,01 - Daylight,03 - P.D. only,07 - SMV other,Old Ottawa South
11804,IONA ST @ ISLAND PARK DR,364347.8042,5028386.025,-75.73947486,45.39288157,2014-07-10,16:41,01 - Clear,01 - Dry,01 - Traffic signal,03 - At intersection,01 - Daylight,03 - P.D. only,02 - Angle,Westboro
11805,LYON ST @ NEPEAN ST,367234.6942,5030936.002,-75.70228508,45.41557409,2014-10-22,7:29,01 - Clear,01 - Dry,02 - Stop sign,02 - Intersection related,01 - Daylight,03 - P.D. only,05 - Turning movement,Centretown
11806,DONLAND AVE @ VIEWMOUNT DR,363957.6865,5022708.977,-75.74513664,45.34183334,2014-12-14,20:00,01 - Clear,01 - Dry,02 - Stop sign,03 - At intersection,07 - Dark,03 - P.D. only,02 - Angle,Crestview - Meadowlands
11807,WOODROFFE AVE @ QUEENSBURY DR/RIDEAUCREST DR,365727.7015,5016327.021,-75.72333775,45.28425763,2014-12-15,7:00,01 - Clear,01 - Dry,01 - Traffic signal,02 - Intersection related,07 - Dark,03 - P.D. only,99 - Other,Chapman Mills - Rideau Crest - Davidson Heights
11808,GLOUCESTER ST btwn KENT ST & BANK ST,367514.7023,5031192.895,-75.69867514,45.4178605,2014-11-11,17:15,01 - Clear,01 - Dry,10 - No control,01 - Non intersection,07 - Dark,03 - P.D. only,02 - Angle,Centretown
11809,KING EDWARD AVE NB btwn UNION ST & MACDONALD-CARTIER BR RAMP NB-3,367899.4738,5033324.737,-75.69348615,45.43700749,2014-11-11,20:23,01 - Clear,01 - Dry,10 - No control,01 - Non intersection,07 - Dark,03 - P.D. only,03 - Rear end,Byward Market - Parliament Hill
11810,ABBEYHILL DR @ EAGLESON RD,353828.0988,5018035.404,-75.87484624,45.30056078,2014-09-15,16:00,01 - Clear,01 - Dry,01 - Traffic signal,03 - At intersection,01 - Daylight,03 - P.D. only,02 - Angle,Glen Cairn - Kanata South Business Park
11811,PRINCE OF WALES DR btwn BLAZER AVE & DEAKIN ST,367364.2297,5021403.335,-75.70183768,45.32978987,2014-08-21,17:50,02 - Rain,02 - Wet,10 - No control,01 - Non intersection,01 - Daylight,03 - P.D. only,03 - Rear end,Industrial Park
11812,HWY 417 MARCH IC138R36 @ MARCH RD,352851.5775,5020453.718,-75.88706255,45.32238876,2014-08-22,15:30,02 - Rain,02 - Wet,10 - No control,02 - Intersection related,01 - Daylight,03 - P.D. only,03 - Rear end,Greenbelt
11813,CARLING AVE @ ROCHESTER ST,366991.2914,5029043.502,-75.70563341,45.39856759,2014-09-09,17:00,01 - Clear,01 - Dry,02 - Stop sign,03 - At intersection,01 - Daylight,03 - P.D. only,03 - Rear end,Centretown West
11814,VANIER PKWY SB btwn HWY417 IC117 RAMP36 & TO BE DETERMINED,370778.382,5031436.634,-75.6569459,45.41975341,2014-09-08,7:30,01 - Clear,01 - Dry,10 - No control,01 - Non intersection,01 - Daylight,03 - P.D. only,03 - Rear end,Overbrook
11815,WOODROFFE AVE @ KNOXDALE RD/MEDHURST DR,363419.216,5021825.539,-75.75211169,45.33392943,2014-09-11,15:28,01 - Clear,01 - Dry,01 - Traffic signal,02 - Intersection related,01 - Daylight,03 - P.D. only,03 - Rear end,Woodvale - Craig Henry - Manordale - Estates of Arlington Wo
11816,CONROY RD @ ST. LAURENT BLVD,373069.4936,5027160.25,-75.62826597,45.38105662,2014-09-18,17:13,01 - Clear,01 - Dry,01 - Traffic signal,02 - Intersection related,01 - Daylight,03 - P.D. only,03 - Rear end,Industrial Park
11817,MURRAY ST btwn KING EDWARD AVE & ST. PATRICK ST,368347.7534,5032822.641,-75.6878218,45.43244921,2014-09-07,11:36,01 - Clear,01 - Dry,10 - No control,01 - Non intersection,01 - Daylight,03 - P.D. only,03 - Rear end,Lower Town
11818,CARP RD @ STITTSVILLE MAIN ST,349525.7362,5014329.728,-75.9300365,45.26750297,2014-12-04,13:00,01 - Clear,01 - Dry,01 - Traffic signal,02 - Intersection related,01 - Daylight,03 - P.D. only,03 - Rear end,Stittsville
11819,MOODIE DR @ WEST HUNT CLUB RD,357908.6018,5018498.931,-75.82276989,45.30443502,2014-12-15,16:43,01 - Clear,02 - Wet,01 - Traffic signal,02 - Intersection related,05 - Dusk,03 - P.D. only,03 - Rear end,Greenbelt
11820,SUNVALE WAY btwn CAMBERLEY ST & BRANCHWOOD ST,366849.4282,5015573.837,-75.70913431,45.27738241,2014-08-14,0:00,01 - Clear,01 - Dry,10 - No control,01 - Non intersection,00 - Unknown,03 - P.D. only,06 - SMV unattended vehicle,Chapman Mills - Rideau Crest - Davidson Heights
11821,COLONEL BY DR btwn UNIVERSITY RD & COLONEL BY DR SB ON RAMP 43,367345.7083,5026907.924,-75.70137756,45.37932066,2014-04-28,13:20,01 - Clear,01 - Dry,10 - No control,01 - Non intersection,01 - Daylight,03 - P.D. only,03 - Rear end,Carleton University
11822,OTTAWA RIVER PKWY @ PORTAGE BRIDGE,366518.108,5031314.158,-75.71139251,45.41904021,2014-04-30,6:15,02 - Rain,02 - Wet,01 - Traffic signal,02 - Intersection related,01 - Daylight,03 - P.D. only,03 - Rear end,LeBreton Flats
11823,CLEGG ST @ COLONEL BY DR,368967.1861,5029742.336,-75.68030703,45.40467717,2014-05-02,8:35,01 - Clear,01 - Dry,02 - Stop sign,02 - Intersection related,01 - Daylight,03 - P.D. only,03 - Rear end,Old Ottawa East
11824,FISHER AVE @ DEER PARK RD/DYNES RD,366407.7095,5025456.002,-75.71353447,45.36633968,2014-11-28,8:13,03 - Snow,02 - Wet,01 - Traffic signal,02 - Intersection related,01 - Daylight,03 - P.D. only,03 - Rear end,Carleton Heights - Rideauview
11825,INNES RD @ TENTH LINE RD,383948.9099,5036160.036,-75.48792104,45.46088448,2014-11-28,8:15,01 - Clear,01 - Dry,01 - Traffic signal,02 - Intersection related,01 - Daylight,03 - P.D. only,05 - Turning movement,Queenswood Heights
11826,MONTREAL RD @ BETHAMY LANE/FOXBOROUGH PRIV,375322.6895,5034344.13,-75.59847051,45.44547009,2014-09-16,7:45,01 - Clear,01 - Dry,01 - Traffic signal,02 - Intersection related,01 - Daylight,03 - P.D. only,03 - Rear end,Beacon Hill South - Cardinal Heights
11827,WOODFIELD DR btwn DOWNSVIEW CRES & MERIVALE RD,365411.5809,5022278.285,-75.72663911,45.33783392,2014-10-24,7:45,01 - Clear,01 - Dry,10 - No control,01 - Non intersection,01 - Daylight,03 - P.D. only,03 - Rear end,Tanglewood
11828,INNES RD btwn BLAIR RD & ANDERSON RD,375665.1957,5031499.888,-75.59450198,45.41984462,2014-09-19,8:30,01 - Clear,01 - Dry,10 - No control,01 - Non intersection,01 - Daylight,03 - P.D. only,03 - Rear end,Greenbelt
11829,COLONEL BY DR btwn ECHO DR & CLEGG ST (1),368966.6791,5029749.751,-75.68031254,45.40474393,2014-05-02,9:20,01 - Clear,01 - Dry,10 - No control,01 - Non intersection,01 - Daylight,03 - P.D. only,03 - Rear end,Old Ottawa East
11830,MONTREAL RD btwn PALACE ST & VANIER PKWY,370006.4127,5033028.243,-75.66659814,45.43414644,2014-01-03,14:49,01 - Clear,02 - Wet,10 - No control,04 - At/near private drive,01 - Daylight,03 - P.D. only,05 - Turning movement,Vanier South
11831,OTTAWA RIVER PKWY @ ISLAND PARK DR,363297.7452,5029454.038,-75.75275805,45.40257987,2014-02-14,11:00,03 - Snow,03 - Loose snow,01 - Traffic signal,02 - Intersection related,01 - Daylight,03 - P.D. only,03 - Rear end,Westboro
11832,ROCKCLIFFE PKWY btwn ACACIA AVE & HILLSDALE RD,368738.8305,5035553.723,-75.68246923,45.45698676,2014-02-14,8:04,03 - Snow,04 - Slush,10 - No control,01 - Non intersection,01 - Daylight,03 - P.D. only,01 - Approaching,Rockcliffe - Manor Park
11833,COLONEL BY DR btwn ROSEDALE AVE & ECHO DR,368304.2116,5028647.431,-75.6889162,45.39488601,2014-04-30,15:43,02 - Rain,03 - Loose snow,10 - No control,01 - Non intersection,01 - Daylight,03 - P.D. only,07 - SMV other,Old Ottawa South
11834,CATHERINE ST @ QUEEN ELIZABETH DRWY,368672.7623,5030636.943,-75.6839518,45.41275347,2014-05-14,9:18,01 - Clear,01 - Dry,10 - No control,03 - At intersection,01 - Daylight,03 - P.D. only,07 - SMV other,Golden Triangle
11835,COLONEL BY DR btwn MACKENZIE AVE & N.D.H.Q.,368040.9333,5031872.097,-75.69186481,45.42392436,2014-05-17,20:00,01 - Clear,01 - Dry,10 - No control,01 - Non intersection,05 - Dusk,03 - P.D. only,07 - SMV other,Byward Market - Parliament Hill
11836,OTTAWA RIVER PKWY @ ISLAND PARK DR,363297.7452,5029451.188,-75.75275839,45.40255423,2014-05-20,8:42,01 - Clear,01 - Dry,01 - Traffic signal,02 - Intersection related,01 - Daylight,03 - P.D. only,03 - Rear end,Westboro
11837,BIRCH AVE EXT./ROCKCLIFFE PKWY @ ROCKCLIFFE PK,370129.8707,5035706.97,-75.66466472,45.45823693,2014-05-23,15:00,02 - Rain,02 - Wet,02 - Stop sign,03 - At intersection,01 - Daylight,03 - P.D. only,04 - Sideswipe,Rockcliffe - Manor Park
11838,METCALFE ST @ QUEEN ST,367648.1253,5031679.937,-75.69690839,45.42223077,2014-01-07,10:54,03 - Snow,01 - Dry,01 - Traffic signal,02 - Intersection related,01 - Daylight,03 - P.D. only,05 - Turning movement,Downtown
11839,FALLOWFIELD RD @ GREENBANK RD,363080.1687,5016732.202,-75.75703608,45.28812795,2014-12-06,10:30,01 - Clear,01 - Dry,01 - Traffic signal,02 - Intersection related,01 - Daylight,03 - P.D. only,03 - Rear end,Greenbelt
11840,RIVERSIDE DR @ HERON RD,368121.1049,5026646.739,-75.69151129,45.37690093,2014-07-28,14:45,01 - Clear,01 - Dry,01 - Traffic signal,03 - At intersection,01 - Daylight,03 - P.D. only,02 - Angle,Riverside Park
11841,ACACIA AVE @ CRESCENT RD/THOROLD RD,369038.7499,5035181.22,-75.67868347,45.45360763,2014-02-14,8:40,03 - Snow,03 - Loose snow,03 - Yield sign,03 - At intersection,01 - Daylight,03 - P.D. only,02 - Angle,Rockcliffe - Manor Park
11842,ROCKCLIFFE PKWY btwn ACACIA AVE & HILLSDALE RD,368748.3317,5035560.374,-75.68234689,45.45704574,2014-02-14,11:37,03 - Snow,04 - Slush,10 - No control,01 - Non intersection,01 - Daylight,03 - P.D. only,03 - Rear end,Rockcliffe - Manor Park
11843,COLONEL BY DR btwn ECHO DR & CLEGG ST (1),368819.6166,5030409.418,-75.68210531,45.41069286,2014-02-14,14:50,01 - Clear,02 - Wet,10 - No control,01 - Non intersection,01 - Daylight,03 - P.D. only,07 - SMV other,Old Ottawa East
11844,COLONEL BY DR btwn ECHO DR & CLEGG ST (2),368678.999,5028784.24,-75.68411214,45.39608289,2014-02-14,15:45,01 - Clear,02 - Wet,10 - No control,01 - Non intersection,01 - Daylight,03 - P.D. only,03 - Rear end,Old Ottawa South
11845,OTTAWA RIVER PKWY @ ISLAND PARK DR,363298.6953,5029454.989,-75.75274581,45.40258835,2014-05-24,17:00,01 - Clear,01 - Dry,01 - Traffic signal,03 - At intersection,01 - Daylight,03 - P.D. only,05 - Turning movement,Westboro
11846,ST. JOSEPH BLVD btwn ROCKCLIFFE PKWY & HART RD,377142.9861,5035251.944,-75.57507019,45.45345198,2014-05-28,7:05,01 - Clear,01 - Dry,10 - No control,01 - Non intersection,01 - Daylight,03 - P.D. only,99 - Other,Greenbelt
11847,OTTAWA RIVER PKWY WB RAMP/CARLING AVE WB btwn CARLING AVE & OTTAWA RIV,360898.818,5025461.633,-75.78385289,45.36685291,2014-05-31,11:50,01 - Clear,01 - Dry,10 - No control,01 - Non intersection,01 - Daylight,03 - P.D. only,03 - Rear end,Woodroffe - Lincoln Heights
11848,MCCARTHY RD btwn CAHILL DR W & PLANTE DR,370397.6066,5023651.764,-75.66284538,45.34974365,2014-12-03,21:47,01 - Clear,05 - Packed snow,10 - No control,01 - Non intersection,07 - Dark,03 - P.D. only,01 - Approaching,Hunt Club East - Western Community
11849,YORK ST WB btwn BYWARD MARKE SQ & SUSSEX DR,367854.7103,5032296.739,-75.69418989,45.42776196,2014-09-03,0:00,01 - Clear,01 - Dry,10 - No control,01 - Non intersection,00 - Unknown,03 - P.D. only,06 - SMV unattended vehicle,Byward Market
11850,REGIONAL ROAD 174 btwn OR174 IC109 RAMP56 & OR174 IC109 RAMP86,376423.5618,5034923.454,-75.58431492,45.45057055,2014-11-17,13:01,03 - Snow,03 - Loose snow,10 - No control,01 - Non intersection,01 - Daylight,03 - P.D. only,04 - Sideswipe,Greenbelt
11851,OTTAWA RIVER PKWY EB btwn TUNNEY'S PASTURE/REMIC RAPIDS ENT & ISLAND P,363821.7865,5029913.44,-75.74600962,45.40666949,2014-01-02,10:40,01 - Clear,01 - Dry,10 - No control,01 - Non intersection,01 - Daylight,03 - P.D. only,07 - SMV other,Island Park
11852,OTTAWA RIVER PKWY WB btwn TUNNEY'S PASTURE/REMIC RAPIDS ENT & PARKDALE,364516.9624,5030455.285,-75.73706405,45.41148593,2014-01-07,17:22,01 - Clear,01 - Dry,10 - No control,01 - Non intersection,05 - Dusk,03 - P.D. only,03 - Rear end,Island Park
11853,COLONEL BY DR btwn ECHO DR & CLEGG ST (2),368558.4287,5028772.655,-75.68565345,45.39598964,2014-06-02,8:12,01 - Clear,01 - Dry,10 - No control,01 - Non intersection,01 - Daylight,03 - P.D. only,03 - Rear end,Old Ottawa South
11854,OTTAWA RIVER PKWY WB btwn TUNNEY'S PASTURE/REMIC RAPIDS ENT & PARKDALE,364248.0695,5030228.62,-75.74052642,45.40946934,2014-04-20,15:00,01 - Clear,01 - Dry,10 - No control,01 - Non intersection,01 - Daylight,03 - P.D. only,03 - Rear end,Island Park
11855,INDUSTRIAL AVE @ TRAINYARDS DR,371685.005,5030540.904,-75.64548417,45.41160794,2014-05-07,11:37,01 - Clear,01 - Dry,01 - Traffic signal,02 - Intersection related,01 - Daylight,03 - P.D. only,04 - Sideswipe,Industrial Park
11856,ALEXANDRA BR btwn MURRAY ST & END,367337.7143,5032441.013,-75.70077789,45.4291065,2014-05-27,17:20,01 - Clear,01 - Dry,10 - No control,07 - Overpass or bridge,01 - Daylight,03 - P.D. only,03 - Rear end,Byward Market - Parliament Hill
11857,CONROY RD @ HUNT CLUB RD,373764.2139,5025402.627,-75.61964154,45.36517424,2014-09-23,13:45,01 - Clear,01 - Dry,01 - Traffic signal,02 - Intersection related,01 - Daylight,03 - P.D. only,03 - Rear end,Greenboro East
11858,BASELINE RD @ WOODROFFE AVE,362550.6403,5023771.93,-75.76296519,45.35151496,2014-11-28,9:44,01 - Clear,01 - Dry,01 - Traffic signal,02 - Intersection related,01 - Daylight,03 - P.D. only,02 - Angle,Iris
11859,YORK ST btwn TURN LANE & NELSON ST,368428.0832,5032643.701,-75.68681836,45.43083187,2014-06-20,0:00,01 - Clear,01 - Dry,10 - No control,01 - Non intersection,00 - Unknown,03 - P.D. only,06 - SMV unattended vehicle,Lower Town
11860,FISHER AVE btwn 220 S OF TRENT ST & MCCOOEY LANE,365932.3306,5026583.785,-75.71946287,45.37652887,2014-11-11,9:30,01 - Clear,01 - Dry,10 - No control,01 - Non intersection,01 - Daylight,03 - P.D. only,03 - Rear end,Civic Hospital - Experimental Farm - Central Park
11861,LOCHEAD LANE @ OLD CARP RD,344172.2113,5022246.783,-75.99762765,45.33906386,2014-11-17,11:00,03 - Snow,03 - Loose snow,02 - Stop sign,03 - At intersection,01 - Daylight,03 - P.D. only,07 - SMV other,Stittsville - Basswood
11862,OTTAWA RIVER PKWY @ PORTAGE BRIDGE,366516.6028,5031315.884,-75.71141153,45.41905587,2014-01-09,9:25,01 - Clear,02 - Wet,01 - Traffic signal,02 - Intersection related,01 - Daylight,03 - P.D. only,03 - Rear end,LeBreton Flats
11863,ST. PATRICK ST/ST. ANDREW ST @ BEAUSOLEIL DR,368426.4361,5033071.67,-75.68678411,45.43468273,2014-01-21,14:40,01 - Clear,01 - Dry,01 - Traffic signal,02 - Intersection related,01 - Daylight,03 - P.D. only,03 - Rear end,Lower Town
11864,ISLAND PARK DR btwn OTTAWA RIVER PKWY & TURN LANE,363392.7571,5029421.734,-75.75154833,45.40228126,2014-01-26,12:45,01 - Clear,04 - Slush,10 - No control,01 - Non intersection,01 - Daylight,03 - P.D. only,03 - Rear end,Island Park
11865,BEARBROOK RD/ROCKCLIFFE PKWY @ ST. JOSEPH BLVD,377128.1692,5035240.841,-75.57526124,45.45335362,2014-01-29,8:35,01 - Clear,04 - Slush,01 - Traffic signal,02 - Intersection related,01 - Daylight,03 - P.D. only,03 - Rear end,Greenbelt
11866,QUEEN ELIZABETH DRWY @ THIRD AVE,368815.2202,5029825.398,-75.68223731,45.40543845,2014-05-29,14:53,01 - Clear,01 - Dry,02 - Stop sign,03 - At intersection,01 - Daylight,03 - P.D. only,02 - Angle,The Glebe
11867,AVIATION PKWY @ AVIATION RAMP 55/AVIATION RAMP,371626.6504,5035389.469,-75.64557153,45.45523866,2014-05-30,6:50,01 - Clear,01 - Dry,02 - Stop sign,02 - Intersection related,01 - Daylight,03 - P.D. only,03 - Rear end,Gloucester
11868,BANK ST btwn CENOTE RD & STONE SCHOOL RD,381350.1474,5012125.888,-75.52486756,45.24493025,2014-11-28,10:12,03 - Snow,02 - Wet,10 - No control,01 - Non intersection,01 - Daylight,03 - P.D. only,07 - SMV other,Osgoode
11869,WESTBURY RD btwn HIGHGATE RD & RIDEOUT CRES,362080.5028,5023680.908,-75.76897531,45.35073451,2014-11-26,10:00,01 - Clear,01 - Dry,10 - No control,01 - Non intersection,01 - Daylight,03 - P.D. only,06 - SMV unattended vehicle,Iris
11870,DONALD ST btwn VERA ST & QUILL ST,370568.3871,5032297.966,-75.65951387,45.42752309,2014-06-17,0:00,01 - Clear,01 - Dry,10 - No control,01 - Non intersection,00 - Unknown,03 - P.D. only,06 - SMV unattended vehicle,Overbrook
11871,YOUNG ST btwn PRESTON ST & END,366566.5336,5029479.364,-75.71100372,45.40252697,2014-11-13,0:00,01 - Clear,01 - Dry,10 - No control,01 - Non intersection,00 - Unknown,03 - P.D. only,06 - SMV unattended vehicle,Little Italy
11872,COLONEL BY DR @ ECHO DR S,368545.563,5028771.073,-75.68581796,45.39597658,2014-02-10,19:20,01 - Clear,03 - Loose snow,10 - No control,02 - Intersection related,07 - Dark,03 - P.D. only,03 - Rear end,Old Ottawa South
11873,BOOTH ST btwn VIMY PLACE PRIV & OTTAWA RIVER PKWY,366241.1825,5031056.094,-75.71496279,45.41674259,2014-02-12,10:50,01 - Clear,06 - Ice,10 - No control,01 - Non intersection,01 - Daylight,03 - P.D. only,07 - SMV other,LeBreton Flats
11874,OTTAWA RIVER PKWY @ PORTAGE BRIDGE,366516.717,5031314.526,-75.71141024,45.41904364,2014-02-14,7:30,03 - Snow,03 - Loose snow,01 - Traffic signal,02 - Intersection related,01 - Daylight,03 - P.D. only,03 - Rear end,LeBreton Flats