Record,Location,X,Y,lon,lat,Date,Time,Environment,Road_Surface,Traffic_Control,Collision_Location,Light,Collision_Classification,Impact_type,Neighborhood
11875,OTTAWA RIVER PKWY @ WOODROFFE AVE,361428.5818,5027002.062,-75.77691394,45.38067096,2014-02-14,8:35,03 - Snow,03 - Loose snow,02 - Stop sign,02 - Intersection related,01 - Daylight,03 - P.D. only,03 - Rear end,Woodroffe - Lincoln Heights
11876,COLONEL BY DR @ HAWTHORNE AVE/PRETORIA BRIDGE,368765.81,5030527.942,-75.68277728,45.41176422,2014-06-05,17:00,01 - Clear,01 - Dry,01 - Traffic signal,02 - Intersection related,01 - Daylight,03 - P.D. only,03 - Rear end,Old Ottawa East
11877,CHAMPLAIN BRIDGE/ISLAND PARK DR btwn BATE ISLAND & OTTAWA RIVER PKWY,363102.9708,5029818.884,-75.75520273,45.40587894,2014-06-08,13:03,01 - Clear,01 - Dry,10 - No control,07 - Overpass or bridge,01 - Daylight,03 - P.D. only,03 - Rear end,Westboro
11878,COLONEL BY DR btwn UNIVERSITY RD & HOG'S BACK RD,367353.1449,5026320.463,-75.70135703,45.37403416,2014-06-10,17:16,01 - Clear,01 - Dry,10 - No control,01 - Non intersection,01 - Daylight,03 - P.D. only,03 - Rear end,Carleton University
11879,CHAMPLAIN BRIDGE/ISLAND PARK DR btwn BATE ISLAND & OTTAWA RIVER PKWY,363116.2725,5029759.027,-75.7550399,45.40533925,2014-06-10,0:00,01 - Clear,01 - Dry,10 - No control,07 - Overpass or bridge,00 - Unknown,03 - P.D. only,03 - Rear end,Westboro
11880,DEVINE RD @ SAUMURE RD,401234.8689,5026647.888,-75.2687933,45.37313654,2014-12-01,21:33,01 - Clear,01 - Dry,02 - Stop sign,03 - At intersection,07 - Dark,03 - P.D. only,02 - Angle,Navan - Vars
11881,TENTH LINE RD @ CHARLEMAGNE BLVD N/TOMPKINS AV,383183.9299,5037977.407,-75.49741147,45.47732181,2014-12-07,6:20,01 - Clear,01 - Dry,01 - Traffic signal,03 - At intersection,07 - Dark,03 - P.D. only,02 - Angle,Queenswood Heights
11882,HIGHWAY 417 btwn HWY417 IC118 RAMP35 & HWY417 IC117 RAMP51,370037.0982,5031106.35,-75.66646054,45.41685116,2014-06-30,7:20,01 - Clear,01 - Dry,10 - No control,01 - Non intersection,01 - Daylight,03 - P.D. only,03 - Rear end,Old Ottawa East
11883,HIGHWAY 417 btwn HWY417 IC138 RAMP36 & HIGHWAY 417,352873.3257,5020216.679,-75.88680816,45.32025435,2014-07-04,16:15,01 - Clear,01 - Dry,10 - No control,01 - Non intersection,01 - Daylight,03 - P.D. only,03 - Rear end,Kanata
11884,HIGHWAY 417 btwn HWY417 IC127 RAMP35 & HWY417 IC127 RAMP25,362120.2773,5024824.337,-75.76833516,45.36101975,2014-07-19,10:10,01 - Clear,01 - Dry,10 - No control,01 - Non intersection,01 - Daylight,03 - P.D. only,07 - SMV other,Whitehaven - Queensway Terrace North
11885,OTTAWA RIVER PKWY @ RIVER ST/SLIDELL ST,365156.7034,5030378.048,-75.728901,45.41073609,2014-02-14,11:46,03 - Snow,03 - Loose snow,01 - Traffic signal,02 - Intersection related,01 - Daylight,03 - P.D. only,02 - Angle,Mechanicsville
11886,PARKDALE AVE EB OFF RAMP/OTTAWA RIVER PKWY btwn OTTAWA RIVER PKWY & PA,364599.9338,5030398,-75.73601106,45.41096341,2014-02-20,8:00,01 - Clear,02 - Wet,10 - No control,01 - Non intersection,01 - Daylight,03 - P.D. only,03 - Rear end,Tunney's Pasture
11887,COLONEL BY DR btwn ECHO DR & CLEGG ST (1),368861.4218,5030339.11,-75.68158041,45.41005643,2014-02-22,18:30,01 - Clear,02 - Wet,10 - No control,01 - Non intersection,07 - Dark,03 - P.D. only,03 - Rear end,Old Ottawa East
11888,GREENBANK RD @ BERRIGAN DR/WESSEX RD,363723.6817,5015275.95,-75.74900608,45.27497093,2014-10-15,15:03,02 - Rain,02 - Wet,01 - Traffic signal,02 - Intersection related,01 - Daylight,03 - P.D. only,03 - Rear end,New Barrhaven
11889,HWY417 IC113 RAMP65 btwn REGIONAL ROAD 174 & HIGHWAY 417,373999.0274,5032139.672,-75.61569941,45.42576785,2014-10-16,15:43,01 - Clear,02 - Wet,10 - No control,01 - Non intersection,01 - Daylight,03 - P.D. only,07 - SMV other,Pineview
11890,ALBERT ST @ BOOTH ST,366429.6433,5030626.092,-75.71260882,45.41285698,2014-12-07,21:11,01 - Clear,01 - Dry,01 - Traffic signal,02 - Intersection related,07 - Dark,03 - P.D. only,03 - Rear end,Centretown West
11891,ESTERBROOK DR btwn ROLLING MEADOW CRES & ROLLING MEADOW CRES,381718.7976,5032472.273,-75.51700971,45.42795405,2014-08-18,0:00,01 - Clear,01 - Dry,10 - No control,01 - Non intersection,00 - Unknown,03 - P.D. only,06 - SMV unattended vehicle,Chapel Hill South
11892,ANDERSON ST btwn ROCHESTER ST & BOOTH ST,366627.474,5030116.037,-75.71014551,45.4082502,2014-11-05,0:00,02 - Rain,02 - Wet,10 - No control,01 - Non intersection,00 - Unknown,03 - P.D. only,06 - SMV unattended vehicle,Centretown West
11893,BANTING WAY btwn BANTING CRES & BANTING CRES,352464.909,5020892.752,-75.89195229,45.32636564,2014-11-09,14:19,01 - Clear,01 - Dry,10 - No control,01 - Non intersection,01 - Daylight,03 - P.D. only,06 - SMV unattended vehicle,Beaverbrook
11894,NELSON ST @ RIDEAU ST,368651.945,5032498.469,-75.68397648,45.42950472,2014-07-28,17:28,01 - Clear,01 - Dry,01 - Traffic signal,03 - At intersection,01 - Daylight,03 - P.D. only,02 - Angle,Lowe
11895,HIGHWAY 417 btwn HIGHWAY 417 & HWY417 IC115 RAMP25,372597.253,5031519.133,-75.63369614,45.42032181,2014-08-31,18:37,01 - Clear,01 - Dry,10 - No control,01 - Non intersection,01 - Daylight,03 - P.D. only,07 - SMV other,Industrial Park
11896,ROCKCLIFFE PKWY btwn GL/OT BOUNDARY & ST. JOSEPH BLVD,377074.5775,5035375.934,-75.57592648,45.45457464,2014-02-27,6:30,03 - Snow,03 - Loose snow,10 - No control,01 - Non intersection,03 - Dawn,03 - P.D. only,07 - SMV other,Greenbelt
11897,COLONEL BY DR @ HOG'S BACK RD,367599.859,5025874.013,-75.6982642,45.36999505,2014-02-28,10:20,01 - Clear,02 - Wet,01 - Traffic signal,03 - At intersection,01 - Daylight,03 - P.D. only,02 - Angle,Carleto
11898,POULIN AVE btwn PRISCILLA ST & MARIE ST,360272.4693,5025019.976,-75.79189771,45.36292875,2014-10-22,16:48,01 - Clear,01 - Dry,10 - No control,04 - At/near private drive,01 - Daylight,03 - P.D. only,99 - Other,Woodroffe - Lincoln Heights
11899,BARNSDALE RD btwn MOODIE DR & TRAIL RD,362223.8425,5009008.377,-75.76884413,45.21869876,2014-10-24,16:57,01 - Clear,01 - Dry,10 - No control,04 - At/near private drive,01 - Daylight,03 - P.D. only,07 - SMV other,Munster Hamlet - Richmond
11900,OTTAWA RIVER PKWY WB btwn TRANSIT & TURN LANE,362670.264,5028768.564,-75.76085316,45.39646424,2014-01-27,9:50,05 - Drifting Snow,03 - Loose snow,10 - No control,01 - Non intersection,01 - Daylight,03 - P.D. only,03 - Rear end,Westboro Beach
11901,EAGLEVIEW ST btwn MILNER DOWNS CRES & MEADOWBREEZE DR,355498.5927,5015609.315,-75.85379518,45.27861179,2014-11-07,0:00,01 - Clear,01 - Dry,10 - No control,01 - Non intersection,00 - Unknown,03 - P.D. only,06 - SMV unattended vehicle,Bridlewood - Emerald Meadows
11902,Terry Fox Dr btwn Westphalian Ave and Castlefrank Rd ,353117.4025,5016160.15,-75.88409042,45.28373602,2014-12-10,16:46,03 - Snow,03 - Loose snow,10 - No control,01 - Non intersection,05 - Dusk,03 - P.D. only,03 - Rear end,Glen Cairn - Kanata South Business Park
11903,HIGHWAY 417 btwn HWY417 IC118 RAMP76 & HWY417 IC118 RAMP67,369418.4435,5031034.472,-75.67437373,45.41626184,2014-10-03,7:20,01 - Clear,01 - Dry,10 - No control,01 - Non intersection,01 - Daylight,03 - P.D. only,99 - Other,Old Ottawa East
11904,HIGHWAY 417 btwn HWY417 IC138 RAMP35 & HIGHWAY 417,352947.5426,5020208.005,-75.8858624,45.32017121,2014-10-05,18:01,01 - Clear,01 - Dry,10 - No control,06 - Underpass or tunnel,01 - Daylight,03 - P.D. only,99 - Other,Katimavik - Hazeldean
11905,OTTAWA RIVER PKWY @ ISLAND PARK DR,363300.5955,5029453.088,-75.75272176,45.40257108,2014-03-05,9:37,01 - Clear,02 - Wet,01 - Traffic signal,02 - Intersection related,01 - Daylight,03 - P.D. only,03 - Rear end,Westboro
11906,OTTAWA RIVER PKWY @ ISLAND PARK DR,363298.6953,5029454.989,-75.75274581,45.40258835,2014-03-06,8:10,01 - Clear,01 - Dry,01 - Traffic signal,02 - Intersection related,01 - Daylight,03 - P.D. only,03 - Rear end,Westboro
11907,OTTAWA RIVER PKWY btwn TRANSITWAY - TIME POINT & VIMY PLACE PRIV,365831.5509,5030599.016,-75.72025279,45.41266578,2014-03-13,7:10,01 - Clear,03 - Loose snow,10 - No control,01 - Non intersection,03 - Dawn,03 - P.D. only,07 - SMV other,LeBreton Flats
11908,CHAMPLAIN BRIDGE/ISLAND PARK DR btwn BATE ISLAND & OTTAWA RIVER PKWY,363121.0231,5029724.822,-75.75498326,45.40503108,2014-03-17,8:38,01 - Clear,01 - Dry,10 - No control,07 - Overpass or bridge,01 - Daylight,03 - P.D. only,03 - Rear end,Westboro
11909,QUEENSVIEW DR btwn PINECREST RD & END,360667.6803,5023918.7,-75.78697773,45.35298813,2014-10-24,17:19,01 - Clear,01 - Dry,10 - No control,04 - At/near private drive,01 - Daylight,03 - P.D. only,07 - SMV other,Whitehaven - Queensway Terrace North
11910,KLONDIKE RD @ WEATHERSTON ST,349166.9489,5023971.858,-75.93374517,45.35428842,2014-12-24,16:26,01 - Clear,01 - Dry,01 - Traffic signal,02 - Intersection related,05 - Dusk,03 - P.D. only,03 - Rear end,Morgan's Grant
11911,O'CONNOR ST @ QUEEN ST,367498.2071,5031585.833,-75.69883588,45.42139751,2014-11-07,19:50,01 - Clear,01 - Dry,01 - Traffic signal,03 - At intersection,07 - Dark,03 - P.D. only,05 - Turning movement,Downtown
11912,LAMPLIGHTERS DR btwn BIDWELL ST & KENNEVALE DR,361769.9143,5014380.329,-75.77400795,45.26707308,2014-11-04,8:30,01 - Clear,01 - Dry,10 - No control,04 - At/near private drive,01 - Daylight,03 - P.D. only,06 - SMV unattended vehicle,Munster Hamlet - Richmond
11913,HIGHWAY 417 btwn HWY417 IC118 RAMP35 & HWY417 IC117 RAMP51,369808.4868,5031140.306,-75.66937673,45.41717796,2014-11-04,22:05,02 - Rain,02 - Wet,10 - No control,01 - Non intersection,07 - Dark,03 - P.D. only,99 - Other,Old Ottawa East
11914,HIGHWAY 7 btwn HAZELDEAN IC RAMP 53 & HIGHWAY 7,342333.1078,5008412.79,-76.02213897,45.21467984,2014-11-17,11:40,03 - Snow,04 - Slush,10 - No control,01 - Non intersection,01 - Daylight,03 - P.D. only,07 - SMV other,Munster Hamlet - Richmond
11915,CLEGG ST @ COLONEL BY DR,368966.236,5029741.386,-75.68031929,45.40466871,2014-03-18,9:04,01 - Clear,02 - Wet,02 - Stop sign,02 - Intersection related,01 - Daylight,03 - P.D. only,02 - Angle,Old Ottawa East
11916,OTTAWA RIVER PKWY WB btwn TUNNEY'S PASTURE/REMIC RAPIDS ENT & PARKDALE,363817.4602,5029954.751,-75.74605993,45.40704157,2014-03-22,10:08,03 - Snow,03 - Loose snow,10 - No control,01 - Non intersection,01 - Daylight,03 - P.D. only,04 - Sideswipe,Island Park
11917,OTTAWA RIVER PKWY WB btwn TRANSIT & TURN LANE,362938.6003,5029221.259,-75.75737277,45.40051528,2014-03-20,23:30,03 - Snow,06 - Ice,10 - No control,01 - Non intersection,07 - Dark,03 - P.D. only,99 - Other,Westboro
11918,OTTAWA RIVER PKWY WB btwn TRANSIT & TURN LANE,363203.6834,5029344.775,-75.75397242,45.4016046,2014-03-26,16:29,01 - Clear,01 - Dry,10 - No control,01 - Non intersection,01 - Daylight,03 - P.D. only,03 - Rear end,Westboro
11919,MONTREAL RD @ ST. LAURENT BLVD,371546.653,5033818.07,-75.64680743,45.44110762,2014-10-30,16:15,01 - Clear,01 - Dry,01 - Traffic signal,02 - Intersection related,01 - Daylight,03 - P.D. only,03 - Rear end,Cummings
11920,REGIONAL ROAD 174 btwn OR174 IC112 RAMP36 & OR174 IC112 RAMP26,374762.5012,5032815.171,-75.60584814,45.43176968,2014-10-30,17:45,01 - Clear,01 - Dry,10 - No control,01 - Non intersection,01 - Daylight,03 - P.D. only,04 - Sideswipe,Pineview
11921,STRANDHERD DR @ WOODROFFE AVE,366106.8526,5015396.253,-75.71862003,45.27584966,2014-12-21,16:27,01 - Clear,01 - Dry,01 - Traffic signal,03 - At intersection,05 - Dusk,03 - P.D. only,02 - Angle,Chapman Mills - Rideau Crest - Davidson Heights
11922,LORNE GREENE WAY btwn HOWE ST & DON ST,359829.312,5025132.822,-75.79754159,45.36397906,2014-08-02,0:00,01 - Clear,01 - Dry,10 - No control,01 - Non intersection,00 - Unknown,03 - P.D. only,06 - SMV unattended vehicle,Crystal Bay - Lakeview Park - Britannia Village
11923,FALLOWFIELD RD @ VIA PARK PL/275 W OF WOODROFFE AVE,364849.165,5017765.539,-75.73436155,45.29727696,2014-09-15,8:54,01 - Clear,01 - Dry,01 - Traffic signal,02 - Intersection related,01 - Daylight,03 - P.D. only,03 - Rear end,New Barrhaven
11924,HIGHWAY 417 btwn HWY417 IC118 RAMP35 & HWY417 IC117 RAMP51,369821.3778,5031138.625,-75.66921226,45.41716164,2014-12-08,13:25,01 - Clear,01 - Dry,10 - No control,01 - Non intersection,01 - Daylight,03 - P.D. only,07 - SMV other,Old Ottawa East
11925,Talos Circ btwn Nixon Farm Dr and Talos Circ,356246.267,5006493.149,-75.84520877,45.19652783,2014-10-14,16:00,01 - Clear,02 - Wet,10 - No control,01 - Non intersection,01 - Daylight,03 - P.D. only,06 - SMV unattended vehicle,Richmond
11926,Terry Fox Dr btwn Huntsville Dr and Second Line Rd,347868.3739,5020968.188,-75.95057956,45.32734154,2014-11-20,21:08,01 - Clear,01 - Dry,10 - No control,01 - Non intersection,07 - Dark,03 - P.D. only,07 - SMV other,Kanata Lakes - Marchwood Lakeside - Morgan's Grant - Kanata
11927,ISLAND PARK DR btwn MAILES AVE & RICHMOND RD,364123.4114,5028877.629,-75.74228136,45.39732397,2014-03-12,15:45,03 - Snow,04 - Slush,10 - No control,01 - Non intersection,01 - Daylight,03 - P.D. only,03 - Rear end,Island Park
11928,FRANKTOWN RD btwn WOOD'S RD & MUNSTER RD,350127.2357,5000209.933,-75.92365605,45.14040824,2014-11-18,21:17,01 - Clear,01 - Dry,10 - No control,01 - Non intersection,07 - Dark,03 - P.D. only,07 - SMV other,Munster Hamlet - Richmond
11929,PATTERSON AVE @ QUEEN ELIZABETH DRWY,368726.3048,5030322.525,-75.68330858,45.40991956,2014-05-20,22:34,01 - Clear,01 - Dry,02 - Stop sign,03 - At intersection,07 - Dark,03 - P.D. only,05 - Turning movement,The Glebe
11930,CARLING AVE @ CARLINGWOOD SC,362075.1772,5025916.507,-75.76878419,45.37085069,2014-05-22,0:00,01 - Clear,01 - Dry,01 - Traffic signal,03 - At intersection,00 - Unknown,03 - P.D. only,05 - Turning movement,Carlingwood West - Glabar Park - McKellar Heights
11931,DRIVEWAY (THE) @ PRINCE OF WALES DR,366884.6756,5028135.263,-75.70710937,45.39040496,2014-06-15,17:15,01 - Clear,01 - Dry,03 - Yield sign,03 - At intersection,01 - Daylight,03 - P.D. only,07 - SMV other,Civic Hospital - Experimental Farm - Central Park
11932,OTTAWA RIVER PKWY btwn TRANSITWAY - TIME POINT & VIMY PLACE PRIV,365846.8398,5030623.126,-75.72005449,45.41288138,2014-09-21,18:00,01 - Clear,02 - Wet,10 - No control,01 - Non intersection,01 - Daylight,03 - P.D. only,07 - SMV other,LeBreto
11933,CUMMINGS AVE @ OGILVIE RD,372746.7925,5032168.176,-75.63169604,45.42614708,2014-11-30,18:14,02 - Rain,02 - Wet,01 - Traffic signal,02 - Intersection related,07 - Dark,03 - P.D. only,03 - Rear end,Cummings
11934,OTTAWA RIVER PKWY @ ISLAND PARK DR,363298.7083,5029453.401,-75.75274583,45.40257406,2014-04-02,8:10,01 - Clear,01 - Dry,01 - Traffic signal,02 - Intersection related,01 - Daylight,03 - P.D. only,03 - Rear end,Westboro
11935,COLONEL BY DR btwn UNIVERSITY RD & HOG'S BACK RD,367460.1916,5026088.74,-75.70001985,45.37193961,2014-03-12,18:00,03 - Snow,05 - Packed snow,10 - No control,01 - Non intersection,05 - Dusk,03 - P.D. only,03 - Rear end,Carleton University
11936,VANIER PKWY/CRICHTON ST @ BEECHWOOD AVE/ST. PA,369126.8469,5033484.759,-75.67777903,45.43833546,2014-03-26,19:55,01 - Clear,01 - Dry,01 - Traffic signal,03 - At intersection,07 - Dark,03 - P.D. only,02 - Angle,Lindenlea - New Edinburgh
11937,MURRAY ST btwn DALHOUSIE ST & CUMBERLAND ST,368027.5153,5032591.931,-75.69194385,45.43040239,2014-11-27,15:51,01 - Clear,01 - Dry,10 - No control,04 - At/near private drive,01 - Daylight,03 - P.D. only,02 - Angle,Byward Market
11938,MITCH OWENS RD btwn RAMSAYVILLE RD & 8TH LINE RD,381985.679,5018547.442,-75.51577475,45.30263855,2014-11-27,17:28,01 - Clear,01 - Dry,10 - No control,01 - Non intersection,07 - Dark,03 - P.D. only,07 - SMV other,Metcalfe
11939,OTTAWA RIVER PKWY @ ISLAND PARK DR,363299.6454,5029454.038,-75.75273378,45.40257971,2014-04-09,18:05,01 - Clear,01 - Dry,01 - Traffic signal,02 - Intersection related,01 - Daylight,03 - P.D. only,03 - Rear end,Westboro
11940,CHAMPLAIN BRIDGE/ISLAND PARK DR btwn BATE ISLAND & OTTAWA RIVER PKWY,363140.0255,5029598.457,-75.75475549,45.40389249,2014-04-17,7:44,01 - Clear,01 - Dry,10 - No control,07 - Overpass or bridge,01 - Daylight,03 - P.D. only,03 - Rear end,Westboro
11941,AVIATION PKWY @ MONTREAL RD,372146.7166,5034109.058,-75.63909813,45.44366824,2014-04-17,8:20,01 - Clear,01 - Dry,01 - Traffic signal,03 - At intersection,01 - Daylight,03 - P.D. only,05 - Turning movement,Cummings
11942,COLONEL BY DR @ ECHO DR S,368541.7625,5028772.973,-75.68586626,45.39599402,2014-04-21,17:51,01 - Clear,01 - Dry,10 - No control,02 - Intersection related,01 - Daylight,03 - P.D. only,03 - Rear end,Old Ottawa South
11943,MARIER AVE @ MONTREAL RD,370418.7582,5033262.066,-75.66129736,45.43621171,2014-11-27,18:45,01 - Clear,01 - Dry,01 - Traffic signal,02 - Intersection related,07 - Dark,03 - P.D. only,03 - Rear end,Vanier South
11944,HUNT CLUB RD @ PAUL ANKA DR,369777.7252,5022897.965,-75.67085448,45.34301887,2014-11-27,17:05,01 - Clear,01 - Dry,01 - Traffic signal,02 - Intersection related,07 - Dark,03 - P.D. only,03 - Rear end,Hunt Club - Ottawa Airport
11945,CAMPEAU DR @ TERRY FOX DR,350456.5646,5019011.901,-75.91774417,45.30957477,2014-08-12,11:24,02 - Rain,02 - Wet,01 - Traffic signal,02 - Intersection related,01 - Daylight,03 - P.D. only,03 - Rear end,Kanata
11946,COLONNADE RD @ PRINCE OF WALES DR,367393.7477,5023266.998,-75.70122539,45.34655613,2014-09-29,11:11,01 - Clear,01 - Dry,01 - Traffic signal,02 - Intersection related,01 - Daylight,03 - P.D. only,99 - Other,Industrial Park
11947,OTTAWA RIVER PKWY WB btwn OTTAWA RIVER PKWY WB RAMP/CARLING AVE WB & W,361233.2598,5026692.037,-75.77944323,45.37789715,2014-04-28,16:48,01 - Clear,01 - Dry,10 - No control,01 - Non intersection,01 - Daylight,03 - P.D. only,03 - Rear end,Woodroffe - Lincoln Heights
11948,OTTAWA RIVER PKWY @ ISLAND PARK DR,363299.6454,5029454.038,-75.75273378,45.40257971,2014-04-07,17:40,01 - Clear,01 - Dry,01 - Traffic signal,02 - Intersection related,01 - Daylight,03 - P.D. only,03 - Rear end,Westboro
11949,CLEGG ST @ COLONEL BY DR,368967.1861,5029740.436,-75.68030727,45.40466007,2014-04-08,14:40,02 - Rain,02 - Wet,02 - Stop sign,02 - Intersection related,01 - Daylight,03 - P.D. only,03 - Rear end,Old Ottawa East
11950,REGIONAL ROAD 174 EB btwn OR174 IC109 RAMP55 & TRANSIT,376574.2446,5035216.802,-75.58234593,45.45319445,2014-11-27,21:32,01 - Clear,01 - Dry,10 - No control,01 - Non intersection,07 - Dark,03 - P.D. only,07 - SMV other,Greenbelt
11951,MERIVALE RD btwn AMBERWOOD CRES & FALLOWFIELD RD,366535.1131,5019693.787,-75.71262723,45.31448101,2014-11-27,22:01,01 - Clear,01 - Dry,10 - No control,01 - Non intersection,07 - Dark,03 - P.D. only,03 - Rear end,Greenbelt
11952,HWY 417 CASTLEFR IC139R61 @ KANATA AVE,351615.1579,5019226.172,-75.90294924,45.31142656,2014-09-19,10:02,01 - Clear,01 - Dry,01 - Traffic signal,02 - Intersection related,01 - Daylight,03 - P.D. only,02 - Angle,Kanata
11953,QUEEN ELIZABETH DRWY btwn MONKLAND AVE & LINDEN TER,368798.7775,5030245.64,-75.68239278,45.40922115,2014-04-13,4:30,02 - Rain,02 - Wet,10 - No control,01 - Non intersection,07 - Dark,03 - P.D. only,07 - SMV other,The Glebe
11954,COLONEL BY DR @ HOG'S BACK RD,367601.7593,5025874.013,-75.69823994,45.36999488,2014-04-15,11:48,04 - Freezing Rain,06 - Ice,01 - Traffic signal,02 - Intersection related,01 - Daylight,03 - P.D. only,04 - Sideswipe,Carleto
11955,IONA ST @ ISLAND PARK DR,364349.7044,5028386.025,-75.73945059,45.39288141,2014-04-21,12:42,01 - Clear,01 - Dry,01 - Traffic signal,02 - Intersection related,01 - Daylight,03 - P.D. only,03 - Rear end,Westboro
11956,OTTAWA RIVER PKWY @ TRANSITWAY -  SCOTT ST,362648.3071,5028270.086,-75.76119203,45.39198082,2014-04-28,7:18,01 - Clear,01 - Dry,01 - Traffic signal,02 - Intersection related,01 - Daylight,03 - P.D. only,03 - Rear end,Woodroffe - Lincoln Heights
11957,BRONSON AVE @ IMPERIAL AVE/PLYMOUTH ST,367317.7532,5029641.176,-75.70138817,45.40391622,2014-11-27,22:47,01 - Clear,01 - Dry,10 - No control,03 - At intersection,07 - Dark,03 - P.D. only,07 - SMV other,Centretown West
11958,OR174 IC109 RAMP54 btwn REGIONAL ROAD 174 & ST. JOSEPH BLVD,376576.9656,5034955.653,-75.58234926,45.45084452,2014-11-28,1:57,01 - Clear,01 - Dry,10 - No control,01 - Non intersection,07 - Dark,03 - P.D. only,07 - SMV other,Greenbelt
11959,PRINCE OF WALES DR btwn TURN LANE & WEST HUNT CLUB RD,367447.3089,5021787.465,-75.70072929,45.33323879,2014-12-10,17:52,03 - Snow,03 - Loose snow,10 - No control,04 - At/near private drive,07 - Dark,03 - P.D. only,02 - Angle,Industrial Park
11960,ATHLONE AVE @ RICHMOND RD,363451.7893,5028442.031,-75.75091082,45.39346112,2014-12-10,17:57,03 - Snow,03 - Loose snow,01 - Traffic signal,02 - Intersection related,07 - Dark,03 - P.D. only,03 - Rear end,Westboro
11961,RIVERSIDE DR @ BROOKFIELD RD/HOG'S BACK RD,368169.6112,5026223.947,-75.69094627,45.37309238,2014-12-12,16:35,01 - Clear,02 - Wet,01 - Traffic signal,02 - Intersection related,05 - Dusk,03 - P.D. only,03 - Rear end,Riverside Park
11962,HIGHWAY 417 btwn HWY417 IC138 RAMP61 & HWY417 IC134 RAMP36,355428.8928,5021709.429,-75.8540604,45.33350667,2014-11-21,2:39,01 - Clear,01 - Dry,10 - No control,01 - Non intersection,07 - Dark,03 - P.D. only,03 - Rear end,Greenbelt
11963,HIGHWAY 417 btwn HWY417 IC169 RAMP26 & HWY417 IC169 RAMP61,325650.0759,5024751.515,-76.23385276,45.36239785,2014-11-21,0:00,01 - Clear,01 - Dry,10 - No control,01 - Non intersection,07 - Dark,03 - P.D. only,04 - Sideswipe,Antrim
11964,HIGHWAY 417 btwn HWY417 IC122 RAMP16 & HWY417 IC122 RAMP61,365528.1471,5029028.453,-75.7243222,45.39856062,2014-11-21,17:38,01 - Clear,01 - Dry,10 - No control,01 - Non intersection,07 - Dark,03 - P.D. only,03 - Rear end,Civi
11965,HIGHWAY 417 btwn HWY417 IC124 RAMP57 & HWY417 IC124 RAMP55,364004.3422,5026950.34,-75.74403327,45.37999264,2014-11-22,18:56,01 - Clear,01 - Dry,10 - No control,01 - Non intersection,07 - Dark,03 - P.D. only,03 - Rear end,Carlingwood West - Glabar Park - McKellar Heights
11966,HIGHWAY 416 btwn HIGHWAY 416 & HWY416 IC57 RAMP53,364976.8807,5007599.659,-75.73396401,45.20579323,2014-11-22,1:10,01 - Clear,01 - Dry,10 - No control,01 - Non intersection,07 - Dark,03 - P.D. only,07 - SMV other,Manotick - North Gower
11967,Terry Fox Dr btwn Westphalian Ave and Castlefrank Rd ,353117.4025,5016160.15,-75.88409042,45.28373602,2014-10-18,18:29,01 - Clear,01 - Dry,10 - No control,01 - Non intersection,07 - Dark,03 - P.D. only,03 - Rear end,Glen Cairn - Kanata South Business Park
11968,RIVERDALE AVE btwn GLENVIEW AVE & MAIN ST,369359.7164,5029470.788,-75.67532879,45.40219778,2014-10-24,8:47,01 - Clear,01 - Dry,10 - No control,01 - Non intersection,01 - Daylight,03 - P.D. only,01 - Approaching,Old Ottawa East
11969,ALTA VISTA DR @ KILBORN AVE,370364.773,5027751.064,-75.66272033,45.38663092,2014-10-24,8:55,01 - Clear,01 - Dry,01 - Traffic signal,03 - At intersection,01 - Daylight,03 - P.D. only,05 - Turning movement,Alta Vista
11970,DONALD ST @ ST. LAURENT BLVD,372093.7129,5032472.11,-75.63999938,45.42894487,2014-10-24,11:00,01 - Clear,01 - Dry,01 - Traffic signal,02 - Intersection related,01 - Daylight,03 - P.D. only,04 - Sideswipe,Overbrook
11971,HUNTMAR DR @ RICHARDSON SIDE RD,348201.8174,5018997.286,-75.94649874,45.30958623,2014-10-24,20:20,01 - Clear,01 - Dry,02 - Stop sign,03 - At intersection,07 - Dark,03 - P.D. only,02 - Angle,Kanata Lakes - Marchwood Lakeside - Morgan's Grant - Kanata
11972,DUSSERE ST @ ST. JOSEPH BLVD,380854.3121,5037127.188,-75.52733623,45.46992987,2014-10-25,16:25,02 - Rain,02 - Wet,02 - Stop sign,02 - Intersection related,01 - Daylight,03 - P.D. only,03 - Rear end,Industrial Park
11973,KITCHENER AVE @ BANK ST,370540.8761,5025501.397,-75.66077118,45.36637266,2014-12-06,16:01,04 - Freezing Rain,06 - Ice,01 - Traffic signal,03 - At intersection,05 - Dusk,03 - P.D. only,03 - Rear end,Ledbury - Heron Gate - Ridgemont - Elmwood
11974,TRIOLE ST btwn BELFAST RD & END,372994.2696,5030600.55,-75.62875082,45.41201825,2014-10-17,21:00,01 - Clear,01 - Dry,10 - No control,01 - Non intersection,07 - Dark,03 - P.D. only,06 - SMV unattended vehicle,Industrial Park
11975,LEITRIM RD btwn FENTON RD & BANK ST,374928.4487,5021307.419,-75.60536203,45.32821178,2014-10-19,11:23,01 - Clear,01 - Dry,10 - No control,01 - Non intersection,01 - Daylight,03 - P.D. only,01 - Approaching,Greenbelt
11976,CHAPLEAU AVE @ PUTMAN AVE,369482.0874,5033953.272,-75.67317727,45.44251818,2014-10-28,15:55,02 - Rain,02 - Wet,02 - Stop sign,03 - At intersection,01 - Daylight,03 - P.D. only,02 - Angle,Lindenlea