Record,Location,X,Y,lon,lat,Date,Time,Environment,Road_Surface,Traffic_Control,Collision_Location,Light,Collision_Classification,Impact_type,Neighborhood
11977,CARLING AVE @ FAIRLAWN AVE/WOODROFFE AVE E,361934.6841,5025830.528,-75.77058762,45.37008852,2014-10-28,18:00,02 - Rain,02 - Wet,01 - Traffic signal,02 - Intersection related,05 - Dusk,03 - P.D. only,03 - Rear end,Carlingwood West - Glabar Park - McKellar Heights
11978,PLAINHILL DR btwn IVANY WAY & CLUBMOSS AVE,386164.3669,5035972.796,-75.45962756,45.45894538,2014-12-07,15:55,01 - Clear,01 - Dry,10 - No control,01 - Non intersection,01 - Daylight,03 - P.D. only,06 - SMV unattended vehicle,Notting Hill
11979,CARLING AVE btwn RIFLE RD & DAVIDSON'S SIDE RD,354060.7092,5023422.339,-75.8713445,45.34901706,2014-12-07,20:40,01 - Clear,01 - Dry,10 - No control,01 - Non intersection,07 - Dark,03 - P.D. only,07 - SMV other,Crystal Bay - Lakeview Park - Britannia Village
11980,WEST HUNT CLUB RD @ ANTARES DR/LASER ST,367106.7612,5022081.027,-75.70503671,45.33591053,2014-11-22,14:34,01 - Clear,01 - Dry,01 - Traffic signal,03 - At intersection,01 - Daylight,03 - P.D. only,05 - Turning movement,Industrial Park
11981,DES EPINETTES AVE @ JEANNE D'ARC BLVD,382225.6489,5035962.603,-75.50998416,45.45930125,2014-12-10,18:09,03 - Snow,03 - Loose snow,01 - Traffic signal,02 - Intersection related,07 - Dark,03 - P.D. only,03 - Rear end,Orleans Village - Chateauneuf
11982,KIRKWOOD AVE @ 118 N OF DOVERCOURT AVE,364159.6198,5027758.087,-75.74195361,45.38724747,2014-12-10,18:15,03 - Snow,03 - Loose snow,01 - Traffic signal,03 - At intersection,07 - Dark,03 - P.D. only,05 - Turning movement,Westboro
11983,COBOURG ST @ RIDEAU ST,369129.6563,5032788.05,-75.67783416,45.43206649,2014-12-12,19:06,01 - Clear,02 - Wet,01 - Traffic signal,03 - At intersection,07 - Dark,03 - P.D. only,05 - Turning movement,Lower Town
11984,HIGHWAY 417 btwn HWY417 IC127 RAMP25 & HWY417 IC126 RAMP51,362447.3187,5025079.789,-75.76413119,45.36329147,2014-02-07,6:49,01 - Clear,01 - Dry,10 - No control,01 - Non intersection,03 - Dawn,03 - P.D. only,03 - Rear end,Carlingwood West - Glabar Park - McKellar Heights
11985,HIGHWAY 416 btwn HWY416 IC66 RAMP24 & HWY416 IC57 RAMP62,364261.1863,5008881.518,-75.74292079,45.21738827,2014-09-04,23:35,01 - Clear,01 - Dry,10 - No control,01 - Non intersection,07 - Dark,03 - P.D. only,07 - SMV other,New Barrhaven
11986,HIGHWAY 417 btwn HWY417 IC129 RAMP25 & HWY417 IC129 RAMP35,360844.6871,5023831.882,-75.78472866,45.35219282,2014-09-05,8:15,01 - Clear,01 - Dry,10 - No control,01 - Non intersection,01 - Daylight,03 - P.D. only,03 - Rear end,Iris
11987,RAMP btwn HIGHWAY 7 & Continuation of RAMP,346087.5272,5014218.438,-75.97385872,45.26671177,2014-09-06,19:00,01 - Clear,01 - Dry,10 - No control,01 - Non intersection,01 - Daylight,03 - P.D. only,07 - SMV other,Stittsville - Basswood
11988,HWY417 IC127 RAMP53 btwn HWY417 IC127 RAMP51 & WOODROFFE AVE,362166.8322,5024661.626,-75.76775984,45.35955188,2014-09-05,17:09,01 - Clear,01 - Dry,10 - No control,01 - Non intersection,01 - Daylight,03 - P.D. only,04 - Sideswipe,Iris
11989,HIGHWAY 417 btwn HWY417 IC104 RAMP15 & HWY417 IC96 RAMP51,385526.5391,5024495.409,-75.46966111,45.35575592,2014-09-06,4:24,01 - Clear,01 - Dry,10 - No control,01 - Non intersection,07 - Dark,03 - P.D. only,07 - SMV other,Greenbelt
11990,HIGHWAY 417 btwn HWY417 IC119B RAMP57 & HWY417 IC119A RAMP75,368322.165,5030360.597,-75.68846625,45.41029891,2014-11-22,19:15,01 - Clear,02 - Wet,10 - No control,01 - Non intersection,07 - Dark,03 - P.D. only,07 - SMV other,The Glebe
11991,HIGHWAY 417 btwn HWY417 IC144 RAMP25 & HWY417 IC142 RAMP51,347935.8596,5016296.222,-75.9501253,45.28529752,2014-11-21,21:00,01 - Clear,01 - Dry,10 - No control,01 - Non intersection,07 - Dark,03 - P.D. only,07 - SMV other,Stittsville - Basswood
11992,HIGHWAY 417 btwn HWY417 IC126 RAMP61 & HWY417 IC124 RAMP76,364089.8529,5027097.608,-75.74292382,45.3813105,2014-11-18,22:50,03 - Snow,06 - Ice,10 - No control,01 - Non intersection,07 - Dark,03 - P.D. only,07 - SMV other,Westboro
11993,HWY417 IC124 RAMP67 btwn CARLING AVE & HIGHWAY 417,364489.8529,5027645.827,-75.73775035,45.38620931,2014-11-21,12:52,01 - Clear,01 - Dry,10 - No control,01 - Non intersection,01 - Daylight,03 - P.D. only,03 - Rear end,Westboro
11994,DEAKIN ST @ PRINCE OF WALES DR,367389.761,5021524.913,-75.70149663,45.33088153,2014-10-24,8:15,01 - Clear,01 - Dry,01 - Traffic signal,02 - Intersection related,01 - Daylight,03 - P.D. only,03 - Rear end,Industrial Park
11995,RICHMOND RD btwn STINSON AVE & STAFFORD RD,357938.7596,5020963.652,-75.82212098,45.32661054,2014-10-24,9:39,01 - Clear,01 - Dry,10 - No control,04 - At/near private drive,01 - Daylight,03 - P.D. only,02 - Angle,Bells Corners East
11996,JOCKVALE RD @ CAMBRIAN RD/GOLFLINKS DR W,365382.6908,5013224.842,-75.72811376,45.2563741,2014-10-25,11:43,01 - Clear,01 - Dry,11 - Roundabout,03 - At intersection,01 - Daylight,03 - P.D. only,07 - SMV other,New Barrhaven
11997,BANK ST @ RIVERSIDE DR S,369304.7171,5027894.806,-75.67623732,45.38802269,2014-10-25,10:44,01 - Clear,01 - Dry,01 - Traffic signal,02 - Intersection related,01 - Daylight,03 - P.D. only,04 - Sideswipe,Alta Vista
11998,BAYSHORE DR btwn WOODRIDGE CRES S & BAYSHORE CS,359176.6619,5023612.594,-75.80603939,45.35035099,2014-10-25,16:37,01 - Clear,01 - Dry,10 - No control,04 - At/near private drive,01 - Daylight,03 - P.D. only,01 - Approaching,Bayshore
11999,CAMPEAU DR @ TERRY FOX DR,350455.6007,5019009.98,-75.91775664,45.30955755,2014-10-25,18:38,02 - Rain,02 - Wet,01 - Traffic signal,02 - Intersection related,07 - Dark,03 - P.D. only,03 - Rear end,Kanata Lakes - Marchwood Lakeside - Morgan's Grant - Kanata
12000,BANK ST btwn JOHNSTON RD & SOUTHKEYS SC,370971.1834,5024629.001,-75.65539541,45.35848264,2014-12-06,16:28,01 - Clear,01 - Dry,10 - No control,01 - Non intersection,05 - Dusk,03 - P.D. only,07 - SMV other,South Keys - Heron Gate - Greenboro West
12001,CHURCHILL AVE @ RICHMOND RD,363226.7437,5028291.126,-75.75380268,45.39212211,2014-10-20,9:40,01 - Clear,01 - Dry,01 - Traffic signal,02 - Intersection related,01 - Daylight,03 - P.D. only,04 - Sideswipe,Carlingwood - McKellar Park - Laurentien View
12002,DONALD ST @ ST. LAURENT BLVD,372093.7129,5032472.11,-75.63999938,45.42894487,2014-10-28,18:19,02 - Rain,02 - Wet,01 - Traffic signal,02 - Intersection related,07 - Dark,03 - P.D. only,03 - Rear end,Overbrook
12003,CYRVILLE RD @ STAR TOP RD,373831.6286,5031519.988,-75.6179252,45.42020879,2014-10-29,6:39,02 - Rain,02 - Wet,01 - Traffic signal,02 - Intersection related,07 - Dark,03 - P.D. only,03 - Rear end,Pineview
12004,YORK ST EB btwn TO BE DETERMINED & CUMBERLAND ST,368212.9675,5032492.468,-75.68958679,45.42949067,2014-12-08,1:30,01 - Clear,01 - Dry,10 - No control,01 - Non intersection,07 - Dark,03 - P.D. only,04 - Sideswipe,Byward Market
12005,AVIATION PKWY @ OGILVIE RD,373112.6144,5032377.061,-75.62699271,45.42799089,2014-12-08,11:00,01 - Clear,01 - Dry,01 - Traffic signal,02 - Intersection related,01 - Daylight,03 - P.D. only,04 - Sideswipe,Industrial Park
12006,BANK ST btwn HERON RD & ANOKA ST,370002.3708,5026834.084,-75.66746892,45.37841406,2014-11-26,14:21,01 - Clear,01 - Dry,10 - No control,04 - At/near private drive,01 - Daylight,03 - P.D. only,02 - Angle,Alta Vista
12007,STEVENAGE DR btwn SWANSEA CRES & SWANSEA CRES,374664.9637,5027096.658,-75.60790485,45.38032716,2014-12-10,18:24,01 - Clear,05 - Packed snow,10 - No control,01 - Non intersection,07 - Dark,03 - P.D. only,07 - SMV other,Industrial Park
12008,DUMAURIER AVE @ PINECREST RD,360322.6291,5023833.086,-75.79139079,45.35224518,2014-12-10,18:27,03 - Snow,03 - Loose snow,01 - Traffic signal,02 - Intersection related,07 - Dark,03 - P.D. only,07 - SMV other,Whitehaven - Queensway Terrace North
12009,CHARLOTTE ST @ RIDEAU ST,369249.709,5032860.067,-75.67629056,45.43270341,2014-12-12,23:14,01 - Clear,02 - Wet,01 - Traffic signal,02 - Intersection related,07 - Dark,03 - P.D. only,04 - Sideswipe,Lower Town
12010,ST. LAURENT BLVD @ COVENTRY RD/OGILVIE RD,372304.7694,5031952.05,-75.6373737,45.42424528,2014-12-13,1:05,01 - Clear,04 - Slush,01 - Traffic signal,02 - Intersection related,07 - Dark,03 - P.D. only,04 - Sideswipe,Overbrook
12011,HIGHWAY 417 btwn HWY417 IC117 RAMP36 & HWY417 IC117 RAMP26,370751.958,5031197.482,-75.65731551,45.41760411,2014-09-07,14:50,01 - Clear,01 - Dry,10 - No control,01 - Non intersection,01 - Daylight,03 - P.D. only,03 - Rear end,Industrial Park
12012,HIGHWAY 417 btwn HWY417 IC138 RAMP61 & HWY417 IC134 RAMP36,355555.6249,5021789.735,-75.85243538,45.33422012,2014-09-07,17:42,01 - Clear,01 - Dry,10 - No control,01 - Non intersection,01 - Daylight,03 - P.D. only,04 - Sideswipe,Greenbelt
12013,HIGHWAY 417 btwn HWY417 IC117 RAMP25 & HWY417 IC115 RAMP51,371448.3657,5031390.38,-75.64839223,45.41927374,2014-09-07,16:15,01 - Clear,01 - Dry,10 - No control,01 - Non intersection,01 - Daylight,03 - P.D. only,03 - Rear end,Industrial Park
12014,HIGHWAY 417 btwn HWY417 IC117 RAMP51 & HWY417 IC117 RAMP35,370603.8159,5031156.257,-75.65921366,45.41724713,2014-09-08,18:50,01 - Clear,01 - Dry,10 - No control,01 - Non intersection,01 - Daylight,03 - P.D. only,04 - Sideswipe,Industrial Park
12015,HIGHWAY 417 btwn HWY417 IC110 RAMP64 & HWY417 IC104 RAMP16,377658.0036,5026579.441,-75.56976845,45.37536867,2014-11-23,13:40,01 - Clear,02 - Wet,10 - No control,01 - Non intersection,01 - Daylight,03 - P.D. only,07 - SMV other,Greenbelt
12016,HIGHWAY 417 btwn HWY417 IC180 RAMP26 & HWY417 IC180 RAMP61,318310.0448,5031024.167,-76.32737457,45.41902262,2014-11-22,19:15,01 - Clear,01 - Dry,10 - No control,01 - Non intersection,07 - Dark,03 - P.D. only,07 - SMV other,Arnprior
12017,HIGHWAY 417 btwn REGIONAL ROAD 174 & HWY417 IC113 RAMP85,373556.8614,5031792.409,-75.62139769,45.42268696,2014-11-18,16:40,01 - Clear,01 - Dry,10 - No control,01 - Non intersection,05 - Dusk,03 - P.D. only,04 - Sideswipe,Pineview
12018,HIGHWAY 417 btwn HWY417 IC127 RAMP25 & HWY417 IC126 RAMP51,363183.5501,5025853.872,-75.7546425,45.37019564,2014-11-24,7:15,02 - Rain,02 - Wet,10 - No control,01 - Non intersection,01 - Daylight,03 - P.D. only,03 - Rear end,Braemar Park - Bel Air Heights - Copeland Park
12019,DATA CENTRE RD @ RIVERSIDE DR,368899.3492,5027672.382,-75.68144246,45.3860586,2014-10-06,18:02,01 - Clear,01 - Dry,01 - Traffic signal,02 - Intersection related,07 - Dark,03 - P.D. only,03 - Rear end,Alta Vista
12020,INNES RD btwn FRANK KENNY RD & O'TOOLE RD,388504.913,5038021.92,-75.42935615,45.47710469,2014-10-07,8:54,02 - Rain,02 - Wet,10 - No control,01 - Non intersection,01 - Daylight,03 - P.D. only,07 - SMV other,Cumberland - Estates
12021,HWY 417 TERRYFO IC140R61 @ TERRY FOX DR,350810.8106,5018710.516,-75.91325471,45.30683971,2014-10-24,10:18,01 - Clear,01 - Dry,01 - Traffic signal,03 - At intersection,01 - Daylight,03 - P.D. only,04 - Sideswipe,Kanata Lakes - Marchwood Lakeside - Morgan's Grant - Kanata
12022,EARL ARMSTRONG RD @ RIVER RD,367571.7684,5014684.873,-75.70004084,45.26931947,2014-10-25,14:08,02 - Rain,02 - Wet,01 - Traffic signal,02 - Intersection related,01 - Daylight,03 - P.D. only,03 - Rear end,Gloucester
12023,CHURCHILL AVE @ DOVERCOURT AVE,363604.6435,5027422.122,-75.74908029,45.38427132,2014-10-25,13:00,01 - Clear,01 - Dry,01 - Traffic signal,02 - Intersection related,01 - Daylight,03 - P.D. only,03 - Rear end,Westboro
12024,ST. LAURENT BLVD @ MCARTHUR AVE,371919.8188,5032888.05,-75.64216477,45.43270401,2014-10-25,21:10,02 - Rain,02 - Wet,01 - Traffic signal,02 - Intersection related,07 - Dark,03 - P.D. only,03 - Rear end,Cummings
12025,YORK ST WB btwn BYWARD MARKE SQ & SUSSEX DR,367860.8149,5032301.103,-75.69411133,45.42780067,2014-09-03,15:30,01 - Clear,01 - Dry,10 - No control,01 - Non intersection,01 - Daylight,03 - P.D. only,06 - SMV unattended vehicle,Byward Market
12026,NAVAHO DR btwn BASELINE RD & NAVAHO DR,363088.3818,5024091.612,-75.75606523,45.35434694,2014-10-22,9:44,01 - Clear,01 - Dry,10 - No control,01 - Non intersection,01 - Daylight,03 - P.D. only,05 - Turning movement,Crestview - Meadowlands
12027,BELCOURT BLVD btwn SUNVIEW DR & TOULOUSE CRES,381626.3255,5036488.149,-75.51756425,45.46409584,2014-10-23,10:30,01 - Clear,01 - Dry,10 - No control,01 - Non intersection,01 - Daylight,03 - P.D. only,05 - Turning movement,Orleans Village - Chateauneuf
12028,ST. LAURENT BLVD @ WALKLEY RD,373904.6503,5028049.23,-75.61747866,45.38897338,2014-10-29,6:49,01 - Clear,02 - Wet,01 - Traffic signal,03 - At intersection,07 - Dark,03 - P.D. only,05 - Turning movement,Hawthorne Meadows
12029,GREENBANK RD @ WEST HUNT CLUB RD,361477.7768,5020502.004,-75.77703088,45.32217978,2014-10-29,8:42,02 - Rain,02 - Wet,01 - Traffic signal,02 - Intersection related,01 - Daylight,03 - P.D. only,03 - Rear end,Greenbelt
12030,CLYDE AVE btwn MAITLAND AVE & BASELINE RD,364297.8957,5025028.755,-75.74051674,45.36267764,2014-12-08,12:44,01 - Clear,01 - Dry,10 - No control,01 - Non intersection,01 - Daylight,03 - P.D. only,04 - Sideswipe,Civic Hospital - Experimental Farm - Central Park
12031,MONTREAL RD @ ST. LAURENT BLVD,371545.7029,5033818.07,-75.64681958,45.44110771,2014-12-08,12:50,01 - Clear,01 - Dry,01 - Traffic signal,02 - Intersection related,01 - Daylight,03 - P.D. only,03 - Rear end,Cummings
12032,REGIONAL ROAD 174 btwn OR174 IC101 RAMP36 & OR174 IC101 RAMP26,382636.3772,5038853.737,-75.50427512,45.48526749,2014-11-27,9:52,01 - Clear,01 - Dry,10 - No control,01 - Non intersection,01 - Daylight,03 - P.D. only,04 - Sideswipe,Chatelaine Village
12033,HUNT CLUB RD EB btwn ALBION RD & DUNSTON TER,371956.8073,5024335.126,-75.6428563,45.35574474,2014-11-26,14:55,01 - Clear,01 - Dry,10 - No control,01 - Non intersection,01 - Daylight,03 - P.D. only,03 - Rear end,Greenboro East
12034,CLARKE AVE @ ST. LAURENT BLVD,371732.8211,5033352.165,-75.64449135,45.43689783,2014-12-10,20:44,02 - Rain,03 - Loose snow,01 - Traffic signal,02 - Intersection related,07 - Dark,03 - P.D. only,03 - Rear end,Cummings
12035,WOODRIDGE CRES btwn 220 W OF BAYSHORE DR/BAYSHORE SC & TRANSITWAY LINK,358925.7666,5023268.218,-75.80927879,45.34727169,2014-12-12,19:45,01 - Clear,04 - Slush,10 - No control,04 - At/near private drive,07 - Dark,03 - P.D. only,03 - Rear end,Bayshore
12036,HIGHWAY 417 btwn HWY417 IC127 RAMP67 & HWY417 IC126 RAMP16,362940.5467,5025564.801,-75.75777858,45.36761482,2014-09-08,20:45,01 - Clear,01 - Dry,10 - No control,01 - Non intersection,07 - Dark,03 - P.D. only,04 - Sideswipe,Carlingwood West - Glabar Park - McKellar Heights
12037,HIGHWAY 417 btwn HWY417 IC134 RAMP26 & HWY417 IC134 RAMP61,356862.6884,5022523.102,-75.83568319,45.34072326,2014-09-08,17:10,01 - Clear,01 - Dry,10 - No control,01 - Non intersection,01 - Daylight,03 - P.D. only,07 - SMV other,Crystal Bay - Lakeview Park - Britannia Village
12038,HIGHWAY 417 btwn HWY417 IC126 RAMP61 & HWY417 IC124 RAMP76,364102.5207,5027115.35,-75.74275994,45.38146907,2014-08-01,22:00,01 - Clear,01 - Dry,10 - No control,01 - Non intersection,07 - Dark,03 - P.D. only,03 - Rear end,Westboro
12039,HIGHWAY 417 btwn HWY417 IC117 RAMP61 & HWY417 IC115 RAMP36,372017.1027,5031470.352,-75.64111503,45.41993888,2014-07-29,13:53,01 - Clear,01 - Dry,10 - No control,01 - Non intersection,01 - Daylight,03 - P.D. only,04 - Sideswipe,Overbrook
12040,PARKDALE AVE @ HWY 417 PARKDAL IC122R15/HWY 41,365337.4654,5028845.067,-75.72678005,45.39692707,2014-11-24,13:20,01 - Clear,02 - Wet,01 - Traffic signal,02 - Intersection related,01 - Daylight,03 - P.D. only,03 - Rear end,Civic Hospital - Experimental Farm - Central Park
12041,HIGHWAY 417 btwn HWY417 IC118 RAMP35 & HWY417 IC117 RAMP51,370182.6642,5031101.599,-75.66460146,45.41679482,2014-11-24,14:41,01 - Clear,01 - Dry,10 - No control,01 - Non intersection,01 - Daylight,03 - P.D. only,03 - Rear end,Old Ottawa East
12042,HIGHWAY 416 btwn HWY416 IC42 RAMP34 & HWY416 IC42 RAMP43,371444.2484,4995176.051,-75.65330151,45.09342372,2014-11-23,0:00,"07 - Fog, mist, smoke, dust",02 - Wet,10 - No control,01 - Non intersection,00 - Unknown,03 - P.D. only,07 - SMV other,Manotick - North Gower
12043,HIGHWAY 417 btwn HWY417 IC115 RAMP25 & REGIONAL ROAD 174,373280.3768,5031702.147,-75.62494285,45.42190195,2014-11-25,6:15,01 - Clear,01 - Dry,10 - No control,01 - Non intersection,07 - Dark,03 - P.D. only,04 - Sideswipe,Industrial Park
12044,HARVEY ST @ MAIN ST,368925.715,5030743.043,-75.68070657,45.41368499,2014-10-10,19:18,01 - Clear,01 - Dry,02 - Stop sign,03 - At intersection,07 - Dark,03 - P.D. only,02 - Angle,Old Ottawa East
12045,RIVERSIDE DR @ HERON RD,368120.1548,5026648.646,-75.69152318,45.37691818,2014-10-20,7:45,01 - Clear,01 - Dry,01 - Traffic signal,02 - Intersection related,01 - Daylight,03 - P.D. only,03 - Rear end,Riverside Park
12046,SOMERSET ST    W btwn O'CONNOR ST & METCALFE ST,367979.9575,5031086.847,-75.69274462,45.41686445,2014-10-24,11:18,01 - Clear,01 - Dry,10 - No control,01 - Non intersection,01 - Daylight,03 - P.D. only,03 - Rear end,Centretown
12047,MERIVALE RD/LOTTA AVE @ CLYDE AVE,364521.6983,5024507.051,-75.73772322,45.35796439,2014-10-25,14:56,01 - Clear,01 - Dry,01 - Traffic signal,02 - Intersection related,01 - Daylight,03 - P.D. only,03 - Rear end,Cityview - Skyline - Fisher Heights
12048,RIDEAU ST @ WALLER ST,368282.2695,5032274.78,-75.68872926,45.4275257,2014-10-25,14:58,02 - Rain,02 - Wet,01 - Traffic signal,02 - Intersection related,01 - Daylight,03 - P.D. only,04 - Sideswipe,Byward Market - Parliament Hill
12049,BAY ST btwn GLADSTONE AVE & MCLEOD ST,367467.924,5030275.294,-75.69938945,45.4096084,2014-10-02,17:00,01 - Clear,01 - Dry,10 - No control,01 - Non intersection,01 - Daylight,03 - P.D. only,06 - SMV unattended vehicle,Centretown
12050,NESTOW DR btwn MARDIL CRT & TO BE DETERMINED,364534.2046,5022159.426,-75.73784715,45.33683968,2014-10-04,18:27,02 - Rain,02 - Wet,10 - No control,01 - Non intersection,05 - Dusk,03 - P.D. only,06 - SMV unattended vehicle,Tanglewood
12051,ELEANOR DR btwn TRILLIUM AVE & GREENCREST PL,365017.5583,5025103.656,-75.73132204,45.36329014,2014-11-30,0:00,01 - Clear,01 - Dry,10 - No control,01 - Non intersection,00 - Unknown,03 - P.D. only,06 - SMV unattended vehicle,Cityview - Skyline - Fisher Heights
12052,PRESTON ST btwn YOUNG ST & GEORGE ST W,366614.436,5029429.83,-75.71039809,45.40207704,2014-11-01,7:30,01 - Clear,01 - Dry,10 - No control,01 - Non intersection,01 - Daylight,03 - P.D. only,06 - SMV unattended vehicle,Little Italy
12053,ROGER GUINDON AVE btwn PETER MORAND CRES & PETER MORAND CRES,371917.4819,5029584.583,-75.64264459,45.40298111,2014-11-03,14:00,01 - Clear,01 - Dry,10 - No control,01 - Non intersection,01 - Daylight,03 - P.D. only,06 - SMV unattended vehicle,Elmvale - Eastway - Riverview - Riverview Park West
12054,PRINCE OF WALES DR @ STRANDHERD DR,367175.2898,5014822.766,-75.70507573,45.2705955,2014-10-27,7:55,01 - Clear,01 - Dry,01 - Traffic signal,02 - Intersection related,03 - Dawn,03 - P.D. only,03 - Rear end,Greenbelt
12055,KANATA AVE @ HWY 417 CASTLEFR IC139R15,351716.349,5019146.165,-75.90166636,45.31069989,2014-10-21,13:06,02 - Rain,02 - Wet,01 - Traffic signal,02 - Intersection related,01 - Daylight,03 - P.D. only,03 - Rear end,Katimavik - Hazeldean
12056,KIRKWOOD AVE N @ CARLING AVE,364275.691,5027495.744,-75.74050308,45.38487711,2014-10-29,11:30,01 - Clear,01 - Dry,01 - Traffic signal,02 - Intersection related,01 - Daylight,03 - P.D. only,04 - Sideswipe,Westboro
12057,KIRKWOOD AVE @ RICHMOND RD,363777.7396,5028642.03,-75.7467243,45.3952333,2014-12-08,14:44,01 - Clear,01 - Dry,01 - Traffic signal,02 - Intersection related,01 - Daylight,03 - P.D. only,04 - Sideswipe,Westboro
12058,MONTREAL RD btwn PALACE ST & VANIER PKWY,370032.8048,5033043.264,-75.66625887,45.43427914,2014-12-08,15:30,01 - Clear,01 - Dry,10 - No control,04 - At/near private drive,01 - Daylight,03 - P.D. only,05 - Turning movement,Vanier
12059,MONTREAL RD @ DEN HAAG DR/LANG'S RD,372384.8178,5034222.059,-75.63603928,45.44466199,2014-12-05,18:56,01 - Clear,01 - Dry,01 - Traffic signal,03 - At intersection,07 - Dark,03 - P.D. only,02 - Angle,Carson Grove - Carson Meadows
12060,DONALD ST btwn MARGUERITE AVE & VANIER PKWY,370275.6086,5032265.36,-75.66325936,45.42725719,2014-12-07,10:00,01 - Clear,01 - Dry,10 - No control,01 - Non intersection,01 - Daylight,03 - P.D. only,06 - SMV unattended vehicle,Overbrook
12061,MAITLAND AVE @ WOODWARD DR,363275.5948,5025662.052,-75.75349022,45.368462,2014-12-10,20:50,03 - Snow,03 - Loose snow,01 - Traffic signal,02 - Intersection related,07 - Dark,03 - P.D. only,03 - Rear end,Braemar Park - Bel Air Heights - Copeland Park
12062,RICHMOND RD btwn WEST HUNT CLUB RD & SEYTON DR,357247.3089,5018704.481,-75.83118023,45.30633427,2014-12-10,21:50,03 - Snow,03 - Loose snow,10 - No control,01 - Non intersection,07 - Dark,03 - P.D. only,07 - SMV other,Greenbelt
12063,MCARTHUR AVE btwn MAY ST & ST. LAURENT BLVD,371810.3229,5032866.905,-75.64356691,45.43252426,2014-12-02,11:00,01 - Clear,01 - Dry,10 - No control,01 - Non intersection,01 - Daylight,03 - P.D. only,03 - Rear end,Castle Heights
12064,HUNT CLUB RD @ RIVERSIDE DR,368035.7529,5021945.974,-75.69320226,45.33461224,2014-12-13,11:06,01 - Clear,01 - Dry,01 - Traffic signal,02 - Intersection related,01 - Daylight,03 - P.D. only,03 - Rear end,Hunt Club Woods - Quintarra - Revelstoke - Riverside South P
12065,HIGHWAY 417 btwn HWY417 IC124 RAMP76 & HWY417 IC124 RAMP67,364176.4544,5027212.98,-75.74180422,45.38234126,2014-09-08,15:30,01 - Clear,01 - Dry,10 - No control,01 - Non intersection,01 - Daylight,03 - P.D. only,03 - Rear end,Westboro
12066,HIGHWAY 417 btwn HWY417 IC139 RAMP15 & HWY417 IC138 RAMP51,352370.3636,5019769.553,-75.89326619,45.31626527,2014-09-08,8:00,01 - Clear,01 - Dry,10 - No control,01 - Non intersection,01 - Daylight,03 - P.D. only,03 - Rear end,Katimavik - Hazeldean
12067,HIGHWAY 7 btwn ASHTON STATION RD & OVERPASS RD,339981.0105,5003795.081,-76.05241012,45.17324809,2014-09-09,18:15,01 - Clear,01 - Dry,10 - No control,01 - Non intersection,01 - Daylight,03 - P.D. only,07 - SMV other,Munster Hamlet - Richmond
12068,HIGHWAY 417 btwn HWY417 IC121A RAMP51 & HWY417 IC120A RAMP52,367700.5769,5029938.046,-75.69646053,45.40655307,2014-11-25,15:50,01 - Clear,01 - Dry,10 - No control,01 - Non intersection,01 - Daylight,03 - P.D. only,04 - Sideswipe,The Glebe
12069,HIGHWAY 417 btwn HWY417 IC117 RAMP26 & HWY417 IC117 RAMP61,371092.8779,5031351.481,-75.65293925,45.41895751,2014-11-26,6:56,01 - Clear,01 - Dry,10 - No control,01 - Non intersection,03 - Dawn,03 - P.D. only,03 - Rear end,Overbrook
12070,HIGHWAY 417 btwn HWY417 IC118 RAMP35 & HWY417 IC117 RAMP51,370305.8629,5031113.317,-75.66302595,45.41688874,2014-11-20,16:30,01 - Clear,01 - Dry,10 - No control,01 - Non intersection,05 - Dusk,03 - P.D. only,03 - Rear end,Old Ottawa East
12071,HAWTHORNE RD/RUSSELL RD @ WALKLEY RD,374675.1307,5028502.161,-75.60757606,45.39297219,2014-10-16,9:45,01 - Clear,01 - Dry,01 - Traffic signal,02 - Intersection related,01 - Daylight,03 - P.D. only,03 - Rear end,Sheffield Glen
12072,PARKDALE AVE @ GLADSTONE AVE,365215.7516,5029119.036,-75.72830095,45.3994027,2014-10-16,12:12,02 - Rain,02 - Wet,01 - Traffic signal,02 - Intersection related,01 - Daylight,03 - P.D. only,03 - Rear end,Civi
12073,RIDEAU VALLEY DR    N btwn RIDEAU NARROWS DR & PHELAN RD E,372518.8596,5005485.095,-75.63825412,45.18608234,2014-11-03,14:37,01 - Clear,01 - Dry,10 - No control,01 - Non intersection,01 - Daylight,03 - P.D. only,07 - SMV other,Manotick
12074,BRONSON AVE btwn FINDLAY AVE & BRONSON AVE SB OFF RAMP 34,367746.6302,5028512.409,-75.69605422,45.39372147,2014-11-07,15:00,01 - Clear,01 - Dry,10 - No control,01 - Non intersection,01 - Daylight,03 - P.D. only,03 - Rear end,Carleton University
12075,RIDEAU ST btwn SUSSEX DR & 88 W OF WILLIAM ST/FREIMAN MALL,367942.6817,5032057.023,-75.6930965,45.42559714,2014-11-30,20:43,01 - Clear,01 - Dry,10 - No control,01 - Non intersection,07 - Dark,03 - P.D. only,06 - SMV unattended vehicle,Byward Market - Parliament Hill
12076,DONNELLY DR btwn Continuation of DONNELLY DR & MILL POND LANE,358981.1766,4982264.617,-75.81302057,44.97830403,2014-11-13,20:02,01 - Clear,01 - Dry,10 - No control,01 - Non intersection,07 - Dark,03 - P.D. only,07 - SMV other,Munster Hamlet - Richmond
12077,BANK ST @ RIVERSIDE DR N,369226.666,5027984.021,-75.67722233,45.3888326,2014-12-06,22:16,01 - Clear,02 - Wet,01 - Traffic signal,03 - At intersection,07 - Dark,03 - P.D. only,05 - Turning movement,Alta Vista