Record,Location,X,Y,lon,lat,Date,Time,Environment,Road_Surface,Traffic_Control,Collision_Location,Light,Collision_Classification,Impact_type,Neighborhood
12078,BRONSON AVE @ SUNNYSIDE AVE/UNIVERSITY RD - CA,367921.76,5028092.972,-75.69387136,45.38993173,2014-10-27,11:30,01 - Clear,01 - Dry,01 - Traffic signal,02 - Intersection related,01 - Daylight,03 - P.D. only,03 - Rear end,Carleto
12079,MALCOLM PL @ NORICE ST,364241.7009,5023043.99,-75.74147262,45.34482374,2014-10-27,14:07,01 - Clear,01 - Dry,02 - Stop sign,03 - At intersection,01 - Daylight,03 - P.D. only,02 - Angle,Crestview - Meadowlands
12080,CASABELLA DR @ INNES RD,384631.7812,5036463.565,-75.47914125,45.46353766,2014-10-29,13:56,01 - Clear,01 - Dry,02 - Stop sign,02 - Intersection related,01 - Daylight,03 - P.D. only,03 - Rear end,Fallingbrook
12081,MERIVALE RD btwn EMERALD PLAZA SC & MEADOWLANDS DR,364786.4166,5023897.64,-75.73441866,45.3524584,2014-10-29,14:33,01 - Clear,01 - Dry,10 - No control,01 - Non intersection,01 - Daylight,03 - P.D. only,03 - Rear end,Cityview - Skyline - Fisher Heights
12082,BANTREE ST @ INNES RD,373706.6733,5030407.03,-75.61967728,45.41020727,2014-12-08,16:58,01 - Clear,01 - Dry,01 - Traffic signal,03 - At intersection,07 - Dark,03 - P.D. only,05 - Turning movement,Industrial Park
12083,CARLING AVE @ FAIRLAWN AVE/WOODROFFE AVE E,361934.6841,5025830.528,-75.77058762,45.37008852,2014-12-08,13:36,01 - Clear,01 - Dry,01 - Traffic signal,02 - Intersection related,01 - Daylight,03 - P.D. only,03 - Rear end,Carlingwood West - Glabar Park - McKellar Heights
12084,LOCH ISLE RD btwn SUNNY BRAE AVE & END,356760.7741,5023956.687,-75.83683291,45.35363032,2014-12-08,14:04,01 - Clear,04 - Slush,10 - No control,04 - At/near private drive,01 - Daylight,03 - P.D. only,02 - Angle,Crystal Bay - Lakeview Park - Britannia Village
12085,WOODROFFE AVE btwn TURN LANE & KNOXDALE RD,363412.089,5021850.715,-75.75219963,45.33415656,2014-12-10,21:54,03 - Snow,05 - Packed snow,10 - No control,01 - Non intersection,07 - Dark,03 - P.D. only,03 - Rear end,Woodvale - Craig Henry - Manordale - Estates of Arlington Wo
12086,RIVERSIDE DR SB btwn BILLINGS BRIDGE SC RAMP SB & BANK ST,369202.9131,5027967.869,-75.67752775,45.38868945,2014-12-10,22:01,03 - Snow,03 - Loose snow,10 - No control,01 - Non intersection,07 - Dark,03 - P.D. only,07 - SMV other,Alta Vista
12087,MERIVALE RD @ CAPILANO DR/WITHROW AVE,364641.4789,5024229.194,-75.73622814,45.35545406,2014-12-13,11:47,01 - Clear,02 - Wet,01 - Traffic signal,02 - Intersection related,01 - Daylight,03 - P.D. only,03 - Rear end,Cityview - Skyline - Fisher Heights
12088,ST. JOSEPH BLVD/OLD MONTREAL RD @ TRIM RD,384675.8846,5039291.057,-75.47811762,45.48897168,2014-12-13,12:53,01 - Clear,01 - Dry,11 - Roundabout,03 - At intersection,01 - Daylight,03 - P.D. only,02 - Angle,Cardinal Creek
12089,HIGHWAY 417 btwn HWY417 IC122 RAMP16 & HWY417 IC122 RAMP61,365306.8404,5028880.626,-75.72716681,45.39724967,2014-08-28,16:20,01 - Clear,01 - Dry,10 - No control,01 - Non intersection,01 - Daylight,03 - P.D. only,04 - Sideswipe,Civi
12090,HIGHWAY 417 btwn HWY417 IC124 RAMP57 & HWY417 IC124 RAMP55,364112.9473,5027091.653,-75.74262966,45.38125496,2014-09-11,3:20,02 - Rain,02 - Wet,10 - No control,01 - Non intersection,07 - Dark,03 - P.D. only,07 - SMV other,Carlington
12091,HIGHWAY 417 btwn HWY417 IC118 RAMP67 & HWY417 IC117 RAMP36,369996.5077,5031130.184,-75.66697596,45.41706939,2014-09-10,12:30,01 - Clear,01 - Dry,10 - No control,01 - Non intersection,01 - Daylight,03 - P.D. only,04 - Sideswipe,Sandy Hill
12092,HIGHWAY 417 btwn HWY417 IC121B RAMP51 & HWY417 IC121A RAMP51,367033.4023,5029654.029,-75.70501854,45.40405721,2014-09-11,11:40,01 - Clear,01 - Dry,10 - No control,01 - Non intersection,01 - Daylight,03 - P.D. only,03 - Rear end,The Glebe Annex
12093,HIGHWAY 417 btwn HWY417 IC145 RAMP56 & Continuation of HIGHWAY 417,347050.828,5015546.122,-75.9614706,45.27860159,2014-11-17,13:30,03 - Snow,04 - Slush,10 - No control,01 - Non intersection,01 - Daylight,03 - P.D. only,07 - SMV other,Stittsville - Basswood
12094,HIGHWAY 417 btwn HWY417 IC117 RAMP61 & HWY417 IC115 RAMP36,371552.6997,5031422.562,-75.64705488,45.41955335,2014-11-13,15:25,01 - Clear,01 - Dry,10 - No control,01 - Non intersection,01 - Daylight,03 - P.D. only,03 - Rear end,Overbrook
12095,HIGHWAY 417 btwn HWY417 IC117 RAMP61 & HWY417 IC115 RAMP36,371562.2009,5031421.612,-75.64693362,45.41954389,2014-11-28,9:41,01 - Clear,01 - Dry,10 - No control,01 - Non intersection,01 - Daylight,03 - P.D. only,03 - Rear end,Overbrook
12096,HIGHWAY 417 btwn HWY417 IC121A RAMP51 & HWY417 IC120A RAMP52,367512.9284,5029845.409,-75.69886924,45.40573639,2014-11-28,16:55,01 - Clear,01 - Dry,10 - No control,01 - Non intersection,07 - Dark,03 - P.D. only,03 - Rear end,The Glebe
12097,ANDERSON RD @ INNES RD,376281.6912,5031842.039,-75.58657591,45.42286038,2014-10-16,17:38,02 - Rain,02 - Wet,01 - Traffic signal,03 - At intersection,07 - Dark,03 - P.D. only,05 - Turning movement,Greenbelt
12098,"EGLISE, RUE DE L btwn COLLEGE CIRC & COTE ST",371320.5901,5033304.393,-75.64976619,45.43650734,2014-11-09,23:46,01 - Clear,01 - Dry,10 - No control,04 - At/near private drive,07 - Dark,03 - P.D. only,07 - SMV other,Vanier South
12099,HUNT CLUB RD btwn RIVERSIDE DR & LINDBERGH PRIV,368246.3625,5022062.205,-75.69050055,45.33563906,2014-12-01,15:44,01 - Clear,01 - Dry,10 - No control,01 - Non intersection,01 - Daylight,03 - P.D. only,03 - Rear end,Hunt Club - Ottawa Airport
12100,FROBISHER LANE W @ RIVERSIDE DR,370117.5015,5029601.743,-75.66563269,45.40330577,2014-10-03,12:19,01 - Clear,01 - Dry,01 - Traffic signal,02 - Intersection related,01 - Daylight,03 - P.D. only,03 - Rear end,Industrial Park
12101,STEGGALL CRES @ WEST RIDGE DR S,348894.1567,5013382.383,-75.93816875,45.25901828,2014-10-26,7:47,01 - Clear,01 - Dry,02 - Stop sign,02 - Intersection related,01 - Daylight,03 - P.D. only,02 - Angle,Crossing Bridge
12102,BRONSON AVE btwn FLORA ST & ARLINGTON AVE,367213.7536,5029886.353,-75.70268551,45.40613153,2014-10-25,16:45,01 - Clear,01 - Dry,10 - No control,01 - Non intersection,01 - Daylight,03 - P.D. only,04 - Sideswipe,Centretown West
12103,RICHMOND RD btwn STINSON AVE & STAFFORD RD,358034.0741,5021025.969,-75.82089846,45.32716405,2014-12-07,0:14,01 - Clear,06 - Ice,10 - No control,04 - At/near private drive,07 - Dark,03 - P.D. only,05 - Turning movement,Bells Corners East
12104,WOLFE POINT WAY btwn COVE ISLAND TER & CANYON WALK DR,368479.7818,5016028.421,-75.688298,45.28132693,2014-10-27,0:00,01 - Clear,01 - Dry,10 - No control,01 - Non intersection,00 - Unknown,03 - P.D. only,06 - SMV unattended vehicle,Gloucester
12105,ALTA VISTA DR @ VALOUR DR,370439.7188,5029582.031,-75.66151975,45.40309827,2014-10-27,14:33,01 - Clear,01 - Dry,02 - Stop sign,02 - Intersection related,01 - Daylight,03 - P.D. only,03 - Rear end,Elmvale - Eastway - Riverview - Riverview Park West
12106,LEIGHTON TER btwn RICHMOND RD & BASSETT LANE,364142.98,5028642.843,-75.74205968,45.39520975,2014-10-29,8:00,01 - Clear,01 - Dry,10 - No control,01 - Non intersection,01 - Daylight,03 - P.D. only,06 - SMV unattended vehicle,Westboro
12107,GREENBANK RD @ STRANDHERD DR,363933.6839,5014783.942,-75.74638839,45.2705262,2014-10-29,16:10,01 - Clear,01 - Dry,01 - Traffic signal,03 - At intersection,01 - Daylight,03 - P.D. only,03 - Rear end,New Barrhaven
12108,DUNROBIN RD btwn DUNROBIN RD & MURPHY SIDE RD,343378.5355,5030196.321,-76.00713324,45.41064028,2014-12-08,17:53,01 - Clear,01 - Dry,10 - No control,01 - Non intersection,07 - Dark,03 - P.D. only,07 - SMV other,Carp - Hardwood Plains
12109,SOMERSET ST    W btwn BRONSON AVE & PERCY ST,366987.4379,5030493.987,-75.70549969,45.41161899,2014-12-10,12:34,03 - Snow,04 - Slush,10 - No control,01 - Non intersection,01 - Daylight,03 - P.D. only,04 - Sideswipe,Centretown
12110,HERON RD btwn FINN CRT & BAYCREST DR,370984.1094,5026962.917,-75.65491777,45.37948121,2014-12-10,12:46,03 - Snow,03 - Loose snow,10 - No control,04 - At/near private drive,01 - Daylight,03 - P.D. only,02 - Angle,Ledbury - Heron Gate - Ridgemont - Elmwood
12111,BANK ST btwn CONROY RD & ORVILLE KEMP ST,375181.5672,5022035.649,-75.60202982,45.33473876,2014-12-10,22:19,03 - Snow,03 - Loose snow,10 - No control,01 - Non intersection,07 - Dark,03 - P.D. only,03 - Rear end,Greenbelt
12112,HAIG DR @ PLEASANT PARK RD,372404.6364,5028587.025,-75.63655913,45.39395863,2014-12-10,22:30,03 - Snow,03 - Loose snow,02 - Stop sign,03 - At intersection,07 - Dark,03 - P.D. only,02 - Angle,Elmvale - Eastway - Riverview - Riverview Park West
12113,GREENBANK RD btwn MONTEREY DR & MEADOWBANK DR,360710.2604,5022326.78,-75.78661428,45.33866067,2014-12-13,14:21,01 - Clear,02 - Wet,10 - No control,01 - Non intersection,01 - Daylight,03 - P.D. only,03 - Rear end,Briar Green - Leslie Park
12114,CYRVILLE RD btwn STAR TOP RD & MEADOWBROOK RD,374613.5809,5031251.582,-75.60797278,45.41771623,2014-12-13,14:23,01 - Clear,01 - Dry,10 - No control,01 - Non intersection,01 - Daylight,03 - P.D. only,01 - Approaching,Pineview
12115,HIGHWAY 417 btwn HWY417 IC118 RAMP35 & HWY417 IC117 RAMP51,369847.2946,5031136.816,-75.66888139,45.41714295,2014-09-11,13:40,01 - Clear,01 - Dry,10 - No control,01 - Non intersection,01 - Daylight,03 - P.D. only,03 - Rear end,Old Ottawa East
12116,HIGHWAY 417 btwn HWY417 IC120A RAMP52 & HWY417 IC119B RAMP57,367918.3847,5030084.683,-75.69365959,45.40785286,2014-09-11,17:17,01 - Clear,01 - Dry,10 - No control,01 - Non intersection,01 - Daylight,03 - P.D. only,03 - Rear end,The Glebe
12117,HIGHWAY 417 btwn HWY417 IC118 RAMP35 & HWY417 IC117 RAMP51,369935.4463,5031124.493,-75.66775682,45.41702387,2014-09-10,17:30,01 - Clear,01 - Dry,10 - No control,01 - Non intersection,01 - Daylight,03 - P.D. only,03 - Rear end,Old Ottawa East
12118,HIGHWAY 417 btwn HWY417 IC117 RAMP51 & HWY417 IC117 RAMP35,370780.9439,5031188.001,-75.65694646,45.41751607,2014-09-11,18:10,01 - Clear,01 - Dry,10 - No control,01 - Non intersection,01 - Daylight,03 - P.D. only,03 - Rear end,Industrial Park
12119,HIGHWAY 417 btwn HWY417 IC119B RAMP76 & HWY417 IC119A RAMP67,368147.1621,5030261.897,-75.69071447,45.40942671,2014-11-28,18:10,01 - Clear,01 - Dry,10 - No control,01 - Non intersection,07 - Dark,03 - P.D. only,04 - Sideswipe,The Glebe
12120,LEES AVE @  TRANSITWAY/HWY 417 NICHOLAS IC118R,369364.2642,5031280.424,-75.67503368,45.41847982,2014-11-29,5:55,01 - Clear,01 - Dry,01 - Traffic signal,02 - Intersection related,07 - Dark,03 - P.D. only,99 - Other,Sandy Hill
12121,HIGHWAY 417 btwn TRANSIT & HWY417 IC127 RAMP16,361844.09,5024637.355,-75.77188185,45.35935983,2014-11-28,17:10,01 - Clear,01 - Dry,10 - No control,01 - Non intersection,07 - Dark,03 - P.D. only,04 - Sideswipe,Whitehaven - Queensway Terrace North
12122,HIGHWAY 417 btwn HWY417 IC118 RAMP67 & HWY417 IC117 RAMP36,370311.5636,5031134.22,-75.66295034,45.41707628,2014-11-28,12:45,01 - Clear,01 - Dry,10 - No control,01 - Non intersection,01 - Daylight,03 - P.D. only,03 - Rear end,Ol
12123,MCARTHUR AVE @ VANIER PKWY,370217.7549,5032690.111,-75.66394219,45.43108433,2014-10-19,16:00,01 - Clear,01 - Dry,01 - Traffic signal,02 - Intersection related,01 - Daylight,03 - P.D. only,05 - Turning movement,Vanier South
12124,CYR AVE @ MCARTHUR AVE,370353.7615,5032707.163,-75.66220191,45.43122503,2014-10-20,15:55,01 - Clear,01 - Dry,02 - Stop sign,03 - At intersection,01 - Daylight,03 - P.D. only,02 - Angle,Vanier South
12125,CARP RD @ HAZELDEAN RD,348803.6258,5014359.011,-75.93923569,45.26781201,2014-12-05,8:42,01 - Clear,01 - Dry,01 - Traffic signal,02 - Intersection related,01 - Daylight,03 - P.D. only,03 - Rear end,Stittsville
12126,RUSSELL RD btwn WAY ST & BOUNDARY RD,386485.1267,5026045.921,-75.45717209,45.36959511,2014-10-06,6:45,01 - Clear,01 - Dry,10 - No control,04 - At/near private drive,03 - Dawn,03 - P.D. only,02 - Angle,Greenbelt
12127,WIMBLEDON WAY btwn KLONDIKE RD & HALTON TER,348707.0936,5023519.916,-75.93965415,45.35025068,2014-10-26,7:40,01 - Clear,01 - Dry,10 - No control,04 - At/near private drive,01 - Daylight,03 - P.D. only,06 - SMV unattended vehicle,Morgan's Grant
12128,NIXON DR btwn BUCKLES ST & DALMENY RD,374946.4705,4999264.542,-75.60823917,45.12987328,2014-12-07,7:04,01 - Clear,06 - Ice,10 - No control,01 - Non intersection,03 - Dawn,03 - P.D. only,07 - SMV other,Kars - Osgoode
12129,INNES RD @ PAGE RD,380887.749,5034541.98,-75.5273087,45.44666659,2014-12-07,11:15,01 - Clear,01 - Dry,01 - Traffic signal,02 - Intersection related,01 - Daylight,03 - P.D. only,03 - Rear end,Orleans Village - Chateauneuf
12130,BRONSON AVE @ SUNNYSIDE AVE/UNIVERSITY RD - CA,367922.7101,5028092.022,-75.69385935,45.3899231,2014-10-27,14:59,01 - Clear,01 - Dry,01 - Traffic signal,02 - Intersection related,01 - Daylight,03 - P.D. only,03 - Rear end,Carleto
12131,ALBION RD btwn QUINN RD & DEL ZOTTO AVE,373700.3836,5019937.061,-75.62121741,45.3160034,2014-10-17,11:30,01 - Clear,01 - Dry,09 - Traffic controller,04 - At/near private drive,01 - Daylight,03 - P.D. only,05 - Turning movement,Greenbelt
12132,PARKDALE AVE btwn COLOMBINE DRWY & BURNSIDE AVE,364773.4945,5030133.195,-75.73382611,45.4085659,2014-10-29,16:21,01 - Clear,01 - Dry,10 - No control,04 - At/near private drive,01 - Daylight,03 - P.D. only,02 - Angle,Tunney's Pasture
12133,HERON RD @ ALTA VISTA DR,370492.7224,5026903.962,-75.66119928,45.378997,2014-12-06,16:05,01 - Clear,01 - Dry,01 - Traffic signal,02 - Intersection related,05 - Dusk,03 - P.D. only,03 - Rear end,Alta Vista
12134,BANK ST btwn TURN LANE & SPRINGHILL RD,383868.8302,5009665.825,-75.49317921,45.2225175,2014-12-08,18:59,01 - Clear,01 - Dry,10 - No control,01 - Non intersection,07 - Dark,03 - P.D. only,07 - SMV other,Metcalfe
12135,REGIONAL ROAD 174 btwn OLD MONTREAL RD & OLD MONTREAL RD,392721.7838,5042735.601,-75.37458509,45.51899404,2014-12-10,22:27,03 - Snow,03 - Loose snow,10 - No control,01 - Non intersection,07 - Dark,03 - P.D. only,07 - SMV other,Cumberland - Estates
12136,PRINCE OF WALES DR btwn MAPLEHILL WAY & LODGE RD,366915.4047,5013169.723,-75.70859414,45.2557445,2014-12-11,6:44,05 - Drifting Snow,04 - Slush,10 - No control,01 - Non intersection,07 - Dark,03 - P.D. only,01 - Approaching,New Barrhaven
12137,RIVERSIDE DR @ TREMBLAY RD/HWY417 IC117 RAMP52,370803.9783,5031016.383,-75.65667516,45.41596975,2014-12-13,15:09,01 - Clear,01 - Dry,01 - Traffic signal,02 - Intersection related,01 - Daylight,03 - P.D. only,03 - Rear end,Industrial Park
12138,HIGHWAY 417 btwn HWY417 IC126 RAMP25 & HWY417 IC124 RAMP57,363432.1739,5026187.866,-75.75142906,45.37318012,2014-09-13,14:30,02 - Rain,02 - Wet,10 - No control,01 - Non intersection,01 - Daylight,03 - P.D. only,03 - Rear end,Carlington
12139,HIGHWAY 417 btwn RAMP & HWY417 IC88 RAMP51,387575.3385,5023806.688,-75.44363133,45.34932054,2014-09-13,6:53,02 - Rain,02 - Wet,10 - No control,01 - Non intersection,03 - Dawn,03 - P.D. only,07 - SMV other,Navan - Vars
12140,HIGHWAY 417 btwn HWY417 IC118 RAMP57 & HWY417 IC118 RAMP35,369494.688,5031059.091,-75.67339643,45.4164763,2014-09-11,11:00,01 - Clear,01 - Dry,10 - No control,01 - Non intersection,01 - Daylight,03 - P.D. only,04 - Sideswipe,Old Ottawa East
12141,HIGHWAY 416 btwn HWY416 IC75B RAMP25 & HWY416 IC75A RAMP26,358882.3186,5021660.915,-75.8100089,45.33281248,2014-09-16,12:20,01 - Clear,01 - Dry,10 - No control,01 - Non intersection,01 - Daylight,03 - P.D. only,07 - SMV other,Briar Green - Leslie Park
12142,HIGHWAY 417 btwn HWY417 IC126 RAMP61 & HWY417 IC124 RAMP76,363976.7887,5026944.639,-75.74438575,45.37994367,2014-11-30,11:50,01 - Clear,01 - Dry,10 - No control,01 - Non intersection,01 - Daylight,03 - P.D. only,07 - SMV other,Carlingwood West - Glabar Park - McKellar Heights
12143,HIGHWAY 417 btwn HWY 417 ANDERSON IC104R61 & HWY 417 BOUNDARY IC96R16,385892.9546,5024342.165,-75.46501033,45.35433488,2014-11-30,16:40,01 - Clear,01 - Dry,10 - No control,01 - Non intersection,05 - Dusk,03 - P.D. only,07 - SMV other,Greenbelt
12144,CARLING AVE @ HWY 417 CARLING IC124R67,364331.183,5027523.262,-75.7397912,45.38512,2014-11-30,21:10,02 - Rain,02 - Wet,03 - Yield sign,02 - Intersection related,07 - Dark,03 - P.D. only,03 - Rear end,Westboro
12145,HIGHWAY 417 btwn HWY417 IC117 RAMP25 & HWY417 IC115 RAMP51,371339.8731,5031376.006,-75.64978029,45.41915473,2014-11-30,16:35,01 - Clear,01 - Dry,10 - No control,01 - Non intersection,05 - Dusk,03 - P.D. only,04 - Sideswipe,Industrial Park
12146,HUNT CLUB RD @ LORRY GREENBERG DR/SABLE RIDGE ,372822.7886,5024807.03,-75.63173983,45.35990728,2014-10-21,7:30,02 - Rain,02 - Wet,01 - Traffic signal,02 - Intersection related,01 - Daylight,03 - P.D. only,03 - Rear end,Greenboro East
12147,HAWTHORNE RD @ LEITRIM RD,377039.7118,5022709.977,-75.5782271,45.34061721,2014-10-23,10:33,01 - Clear,01 - Dry,01 - Traffic signal,02 - Intersection related,01 - Daylight,03 - P.D. only,07 - SMV other,Greenbelt
12148,APPLE HILL DR btwn HANK RIVERS DR & BRIGHAM WAY,372507.4585,5024225.409,-75.63584399,45.35470459,2014-12-05,9:37,01 - Clear,01 - Dry,10 - No control,01 - Non intersection,01 - Daylight,03 - P.D. only,06 - SMV unattended vehicle,Blossom Park - Blossom Park West - Sawmill Creek/ Timbermill
12149,OR174 IC112 RAMP26 btwn REGIONAL ROAD 174 & BLAIR RD,374849.0774,5032919.962,-75.60472688,45.43270386,2014-12-05,9:50,01 - Clear,01 - Dry,10 - No control,01 - Non intersection,01 - Daylight,03 - P.D. only,07 - SMV other,Beacon Hill South - Cardinal Heights
12150,GYRFALCON CRES btwn PINE HILL DR & PINE HILL DR,355588.0332,5017465.716,-75.85246521,45.29530959,2014-12-05,14:41,01 - Clear,06 - Ice,10 - No control,01 - Non intersection,01 - Daylight,03 - P.D. only,07 - SMV other,Bridlewood - Emerald Meadows
12151,ST. JOSEPH BLVD @ TAYLOR CREEK DR,384031.797,5039174.953,-75.48637511,45.4880005,2014-10-08,8:54,01 - Clear,02 - Wet,02 - Stop sign,02 - Intersection related,01 - Daylight,03 - P.D. only,03 - Rear end,Industrial Park
12152,WHITEGATE CRES btwn MOUNTSHANNON DR & MOUNTSHANNON DR,364748.5636,5016890.634,-75.73574987,45.28941319,2014-10-16,13:07,01 - Clear,01 - Dry,10 - No control,04 - At/near private drive,01 - Daylight,03 - P.D. only,06 - SMV unattended vehicle,New Barrhaven
12153,KING EDWARD AVE @ ST. PATRICK ST,368247.7512,5032824.064,-75.68909957,45.4324711,2014-10-26,12:15,01 - Clear,01 - Dry,01 - Traffic signal,03 - At intersection,01 - Daylight,03 - P.D. only,03 - Rear end,Byward Market
12154,MORIN ST btwn ST. LAURENT BLVD & COTE ST,371614.4576,5033409.749,-75.64599624,45.43742726,2014-12-07,12:27,01 - Clear,05 - Packed snow,10 - No control,04 - At/near private drive,01 - Daylight,03 - P.D. only,02 - Angle,Vanier South
12155,ST. JOSEPH BLVD/OLD MONTREAL RD @ TRIM RD,384685.6044,5039286.057,-75.47799411,45.48892558,2014-10-27,15:56,01 - Clear,01 - Dry,01 - Traffic signal,02 - Intersection related,01 - Daylight,03 - P.D. only,03 - Rear end,Cardinal Creek
12156,DUNROBIN RD btwn CONSTANCE BAY RD & KINBURN SIDE RD,337376.3721,5036642.124,-76.08338605,45.46894664,2014-10-28,5:28,02 - Rain,02 - Wet,10 - No control,01 - Non intersection,07 - Dark,03 - P.D. only,07 - SMV other,Woodlawn
12157,WEST HUNT CLUB RD EB btwn 545 E OF ROYDON PL/SUNDERLAND ST & ANTARES D,366698.9092,5022524.628,-75.71018444,45.33993808,2014-10-29,18:42,01 - Clear,02 - Wet,10 - No control,01 - Non intersection,05 - Dusk,03 - P.D. only,04 - Sideswipe,Industrial Park
12158,PORTOBELLO BLVD @ AQUAVIEW DR/NANTES ST,385734.5948,5036027.173,-75.46511302,45.45948453,2014-12-08,20:15,01 - Clear,01 - Dry,02 - Stop sign,03 - At intersection,07 - Dark,03 - P.D. only,02 - Angle,Notting Hill
12159,FALLOWFIELD RD @ WOODROFFE AVE,365085.15,5017901.765,-75.7313364,45.2984825,2014-12-08,20:46,01 - Clear,01 - Dry,01 - Traffic signal,02 - Intersection related,07 - Dark,03 - P.D. only,03 - Rear end,New Barrhaven
12160,REGIONAL ROAD 174 btwn QUIGLEY HILL RD & REGIONAL ROAD 174 DIVIDED,386399.8971,5042164.374,-75.45558742,45.5146233,2014-12-09,15:28,01 - Clear,04 - Slush,10 - No control,01 - Non intersection,01 - Daylight,03 - P.D. only,03 - Rear end,Cumberland - Estates
12161,BURTON RD @ CORDUROY RD,394337.9184,5021834.023,-75.35770169,45.33074196,2014-12-10,15:30,03 - Snow,03 - Loose snow,02 - Stop sign,02 - Intersection related,01 - Daylight,03 - P.D. only,07 - SMV other,Cumberland
12162,SMYTH RD btwn VALOUR DR & BARNHART PL,370819.9032,5029102.952,-75.65672794,45.39875195,2014-12-11,8:04,01 - Clear,04 - Slush,10 - No control,01 - Non intersection,01 - Daylight,03 - P.D. only,07 - SMV other,Alta Vista
12163,SECOND AVE @ BRONSON AVE,367516.8562,5029163.98,-75.69890573,45.39960474,2014-12-11,12:57,01 - Clear,01 - Dry,02 - Stop sign,03 - At intersection,01 - Daylight,03 - P.D. only,05 - Turning movement,The Glebe
12164,MEADOWLANDS DR @ MERIVALE RD,364857.7498,5023725.985,-75.73352919,45.35090777,2014-12-13,17:39,01 - Clear,01 - Dry,01 - Traffic signal,02 - Intersection related,07 - Dark,03 - P.D. only,03 - Rear end,Cityview - Skyline - Fisher Heights
12165,YORKS CORNERS RD btwn COOPER HILL RD & PANA RD,387679.2808,5016178.241,-75.4435812,45.28067365,2014-12-13,17:45,01 - Clear,01 - Dry,10 - No control,01 - Non intersection,07 - Dark,03 - P.D. only,07 - SMV other,Metcalfe
12166,HIGHWAY 417 btwn HWY417 IC140 RAMP25 & HWY417 IC139 RAMP15,351831.5061,5019311.943,-75.90018209,45.31218389,2014-09-16,17:15,01 - Clear,01 - Dry,10 - No control,01 - Non intersection,01 - Daylight,03 - P.D. only,03 - Rear end,Katimavik - Hazeldean
12167,HIGHWAY 417 btwn HWY417 IC115 RAMP36 & HWY417 IC115 RAMP26,372452.1738,5031521.537,-75.63554939,45.42035748,2014-09-17,7:55,01 - Clear,01 - Dry,10 - No control,01 - Non intersection,01 - Daylight,03 - P.D. only,04 - Sideswipe,Overbrook
12168,HIGHWAY 417 btwn HWY417 IC118 RAMP35 & HWY417 IC117 RAMP51,369783.9274,5031136.703,-75.66969098,45.41714782,2014-09-17,18:06,01 - Clear,01 - Dry,10 - No control,01 - Non intersection,01 - Daylight,03 - P.D. only,04 - Sideswipe,Old Ottawa East
12169,HIGHWAY 417 btwn HWY417 IC118 RAMP35 & HWY417 IC117 RAMP51,369781.8918,5031136.816,-75.66971697,45.41714903,2014-09-18,8:45,01 - Clear,01 - Dry,10 - No control,01 - Non intersection,01 - Daylight,03 - P.D. only,04 - Sideswipe,Old Ottawa East
12170,HIGHWAY 417 btwn HWY417 IC119B RAMP76 & HWY417 IC119A RAMP67,368416.2267,5030438.507,-75.68725462,45.41099138,2014-11-30,18:31,02 - Rain,02 - Wet,10 - No control,01 - Non intersection,07 - Dark,03 - P.D. only,07 - SMV other,Centretown
12171,HIGHWAY 417 btwn RAMP & HWY417 IC88 RAMP51,394286.3038,5022404.403,-75.35825692,45.3358802,2014-11-29,8:50,01 - Clear,01 - Dry,10 - No control,01 - Non intersection,01 - Daylight,03 - P.D. only,07 - SMV other,Navan - Vars
12172,HIGHWAY 417 btwn HWY417 IC117 RAMP36 & HWY417 IC117 RAMP26,370698.5787,5031184.26,-75.65799924,45.41749018,2014-11-27,7:25,01 - Clear,01 - Dry,10 - No control,01 - Non intersection,01 - Daylight,03 - P.D. only,04 - Sideswipe,Industrial Park
12173,HERZBERG RD @ MARCH RD,352325.5224,5021528.013,-75.89366931,45.3320913,2014-10-22,13:30,01 - Clear,01 - Dry,01 - Traffic signal,02 - Intersection related,01 - Daylight,03 - P.D. only,03 - Rear end,Greenbelt
12174,ST. PATRICK ST btwn SUSSEX DR & PARENT AVE,367687.8169,5032472.34,-75.69630008,45.42935698,2014-11-29,17:15,02 - Rain,02 - Wet,10 - No control,04 - At/near private drive,07 - Dark,03 - P.D. only,06 - SMV unattended vehicle,Byward Market
12175,KING EDWARD AVE @ MURRAY ST,368292.4068,5032753.755,-75.68853797,45.43183443,2014-10-15,7:56,02 - Rain,02 - Wet,01 - Traffic signal,03 - At intersection,01 - Daylight,03 - P.D. only,07 - SMV other,Byward Market
12176,CARLING AVE @ BAYSHORE DR/BIRCHDALE AVE,359005.8211,5023992.037,-75.80817792,45.35377844,2014-10-26,13:00,01 - Clear,01 - Dry,01 - Traffic signal,02 - Intersection related,01 - Daylight,03 - P.D. only,03 - Rear end,Bayshore
12177,CARLING AVE/STATION RD @ MARCH RD,350909.2795,5022246.151,-75.91166986,45.33864775,2014-12-07,12:40,01 - Clear,01 - Dry,01 - Traffic signal,02 - Intersection related,01 - Daylight,03 - P.D. only,03 - Rear end,South March
12178,UPPER DWYER HILL RD btwn HAMILTON SIDE RD & MCARTON RD,339328.2418,5008443.095,-76.0603928,45.2151062,2014-10-28,6:02,02 - Rain,02 - Wet,10 - No control,01 - Non intersection,07 - Dark,03 - P.D. only,07 - SMV other,Stittsville - Basswood
12179,BESSERER ST @ DALHOUSIE ST,368251.7516,5032158.05,-75.68913427,45.42647818,2014-10-29,18:49,01 - Clear,01 - Dry,01 - Traffic signal,02 - Intersection related,07 - Dark,03 - P.D. only,04 - Sideswipe,Byward Market - Parliament Hill