Record,Location,X,Y,lon,lat,Date,Time,Environment,Road_Surface,Traffic_Control,Collision_Location,Light,Collision_Classification,Impact_type,Neighborhood
12180,INNOVATION DR btwn FLAMBOROUGH WAY & FLAMBOROUGH WAY,349448.5352,5022875.781,-75.93025042,45.34440779,2014-10-29,19:03,01 - Clear,01 - Dry,10 - No control,01 - Non intersection,07 - Dark,03 - P.D. only,07 - SMV other,South March
12181,LYON ST @ WELLINGTON ST,366934.3209,5031425.691,-75.70606077,45.42000691,2014-08-09,12:00,01 - Clear,01 - Dry,01 - Traffic signal,03 - At intersection,01 - Daylight,03 - P.D. only,04 - Sideswipe,Downtown
12182,TENTH LINE RD btwn AMIENS ST & 275 N OF DES EPINETTES AVE/FALLINGBROOK,383390.7327,5037473.688,-75.4948473,45.47276656,2014-12-10,15:52,03 - Snow,03 - Loose snow,10 - No control,01 - Non intersection,01 - Daylight,03 - P.D. only,07 - SMV other,Orlans
12183,POULIN AVE btwn PRISCILLA ST & MARIE ST,360267.2856,5025035.592,-75.79196212,45.36306967,2014-12-10,15:55,03 - Snow,04 - Slush,10 - No control,01 - Non intersection,01 - Daylight,03 - P.D. only,01 - Approaching,Woodroffe - Lincoln Heights
12184,MERIVALE RD btwn CALDWELL AVE & CENTRAL PARK DR,364920.1305,5026155.608,-75.73243758,45.37276379,2014-12-10,14:32,03 - Snow,03 - Loose snow,10 - No control,01 - Non intersection,01 - Daylight,03 - P.D. only,04 - Sideswipe,Civic Hospital - Experimental Farm - Central Park
12185,HIGHWAY 417 btwn HWY417 IC118 RAMP57 & HWY417 IC118 RAMP35,369482.3657,5031055.299,-75.67355435,45.41644332,2014-09-18,14:05,01 - Clear,01 - Dry,10 - No control,01 - Non intersection,01 - Daylight,03 - P.D. only,04 - Sideswipe,Old Ottawa East
12186,HIGHWAY 417 btwn HWY417 IC138 RAMP35 & HIGHWAY 417,352925.8138,5020196.093,-75.8861407,45.32006552,2014-09-18,2:45,02 - Rain,02 - Wet,10 - No control,01 - Non intersection,07 - Dark,03 - P.D. only,04 - Sideswipe,Katimavik - Hazeldean
12187,HIGHWAY 417 btwn HWY417 IC126 RAMP61 & HWY417 IC124 RAMP76,363671.2411,5026532.412,-75.74833602,45.37626025,2014-09-18,19:20,01 - Clear,01 - Dry,10 - No control,01 - Non intersection,05 - Dusk,03 - P.D. only,07 - SMV other,Carlingwood West - Glabar Park - McKellar Heights
12188,HIGHWAY 417 btwn HWY417 IC115 RAMP25 & REGIONAL ROAD 174,373276.7259,5031700.649,-75.62498971,45.42188882,2014-12-01,20:16,01 - Clear,01 - Dry,10 - No control,01 - Non intersection,07 - Dark,03 - P.D. only,03 - Rear end,Industrial Park
12189,HIGHWAY 417 btwn HWY417 IC163 RAMP16 & HWY417 IC169 RAMP61,326440.258,5024189.045,-76.22379097,45.35731249,2014-11-07,12:20,01 - Clear,01 - Dry,10 - No control,01 - Non intersection,01 - Daylight,03 - P.D. only,99 - Other,Antrim
12190,HIGHWAY 417 btwn HWY417 IC127 RAMP25 & HWY417 IC126 RAMP51,363018.2294,5025626.793,-75.75677966,45.36816617,2014-12-02,16:12,01 - Clear,01 - Dry,10 - No control,01 - Non intersection,05 - Dusk,03 - P.D. only,04 - Sideswipe,Braemar Park - Bel Air Heights - Copeland Park
12191,HIGHWAY 417 btwn HWY417 IC117 RAMP61 & HWY417 IC115 RAMP36,371999.6167,5031471.269,-75.64133831,45.41994881,2014-12-02,22:42,03 - Snow,05 - Packed snow,10 - No control,01 - Non intersection,07 - Dark,03 - P.D. only,07 - SMV other,Overbrook
12192,HWY417 IC131 RAMP66 btwn TRANSIT & HWY417 IC130 RAMP36,358139.6217,5022834.768,-75.81935714,45.34343172,2014-12-02,23:58,03 - Snow,03 - Loose snow,10 - No control,01 - Non intersection,07 - Dark,03 - P.D. only,07 - SMV other,Greenbelt
12193,SOMERSET ST    W btwn BECKINGTON PRIV & BANK ST,367656.6982,5030896.087,-75.69689885,45.41517717,2014-10-21,18:25,01 - Clear,01 - Dry,10 - No control,01 - Non intersection,07 - Dark,03 - P.D. only,06 - SMV unattended vehicle,Centretown
12194,HUNT CLUB RD @ BRIDLE PATH DR/DAZE ST,371291.7289,5023863.079,-75.65140745,45.3515608,2014-10-21,8:30,02 - Rain,02 - Wet,01 - Traffic signal,02 - Intersection related,01 - Daylight,03 - P.D. only,03 - Rear end,South Keys - Heron Gate - Greenboro West
12195,BESSERER ST @ WALLER ST,368316.3209,5032192.664,-75.68830474,45.42678376,2014-07-06,9:39,01 - Clear,01 - Dry,01 - Traffic signal,03 - At intersection,01 - Daylight,03 - P.D. only,04 - Sideswipe,Byward Market - Parliament Hill
12196,CARLING AVE @ 640 W OF RANGE RD/D.N.D. ENTRANC,353356.5575,5022981.012,-75.88037354,45.34509504,2014-10-17,17:15,01 - Clear,01 - Dry,01 - Traffic signal,02 - Intersection related,05 - Dusk,03 - P.D. only,03 - Rear end,Greenbelt
12197,ALBERT ST @ ELGIN ST/MACKENZIE KING BRIDGE,367851.7528,5031712.608,-75.69430246,45.42250641,2014-10-19,1:26,01 - Clear,01 - Dry,01 - Traffic signal,03 - At intersection,07 - Dark,03 - P.D. only,05 - Turning movement,Downtown
12198,MEADOWLANDS DR @ MERIVALE RD,364859.65,5023724.085,-75.73350517,45.35089051,2014-10-26,14:40,01 - Clear,01 - Dry,01 - Traffic signal,02 - Intersection related,01 - Daylight,03 - P.D. only,04 - Sideswipe,Cityview - Skyline - Fisher Heights
12199,BRIDLE PATH DR @ TRAPPER'S RD,371771.7315,5023570.891,-75.64532173,45.34888611,2014-10-26,0:00,01 - Clear,01 - Dry,02 - Stop sign,02 - Intersection related,00 - Unknown,03 - P.D. only,03 - Rear end,Emerald Woods - Sawmill Creek
12200,JOHN SUTHERLAND DR @ RICHMOND RD,358777.7812,5022149.074,-75.81128927,45.337213,2014-10-28,8:37,01 - Clear,02 - Wet,01 - Traffic signal,02 - Intersection related,01 - Daylight,03 - P.D. only,04 - Sideswipe,Greenbelt
12201,PRINCE OF WALES DR @ WEST HUNT CLUB RD,367458.7103,5021891.028,-75.70057073,45.33416962,2014-10-28,8:45,02 - Rain,02 - Wet,01 - Traffic signal,02 - Intersection related,01 - Daylight,03 - P.D. only,04 - Sideswipe,Industrial Park
12202,BANK ST btwn GRAND AVE & ROSEBELLA AVE,373192.4414,5023561.44,-75.62719435,45.34866397,2014-10-29,20:16,01 - Clear,01 - Dry,10 - No control,04 - At/near private drive,07 - Dark,03 - P.D. only,03 - Rear end,Blossom Park - Blossom Park West - Sawmill Creek/ Timbermill
12203,HAZELDEAN RD @ HAZELDEAN RD 1,351377.1897,5016478.868,-75.90624205,45.28672141,2014-10-29,20:22,01 - Clear,01 - Dry,01 - Traffic signal,02 - Intersection related,07 - Dark,03 - P.D. only,04 - Sideswipe,Stittsville - Basswood
12204,CLOVER ST @ HERON RD,369291.7656,5026764.069,-75.67655042,45.37784986,2014-10-12,16:45,01 - Clear,01 - Dry,01 - Traffic signal,02 - Intersection related,01 - Daylight,03 - P.D. only,03 - Rear end,Alta Vista
12205,CARP RD btwn THOMAS A. DOLAN PKWY & NORMA LANE,337849.8481,5025026.189,-76.07811008,45.36440047,2014-10-16,13:52,02 - Rain,02 - Wet,10 - No control,01 - Non intersection,01 - Daylight,03 - P.D. only,07 - SMV other,Carp - Hardwood Plains
12206,INNES RD @ ORLEANS BLVD,380459.845,5034295.928,-75.53281599,45.44449925,2014-12-10,15:40,03 - Snow,03 - Loose snow,01 - Traffic signal,02 - Intersection related,01 - Daylight,03 - P.D. only,03 - Rear end,Orleans Village - Chateauneuf
12207,ANDERSON RD btwn DOLMAN RIDGE RD & RIDGE RD,378556.4576,5029632.308,-75.55784252,45.40274251,2014-12-10,16:15,03 - Snow,03 - Loose snow,10 - No control,01 - Non intersection,05 - Dusk,03 - P.D. only,01 - Approaching,Greenbelt
12208,WOODROFFE AVE @ CLARIDGE DR/STONEWAY DR N,365577.8596,5016709.56,-75.72520079,45.28771267,2014-12-11,17:51,02 - Rain,02 - Wet,01 - Traffic signal,02 - Intersection related,07 - Dark,03 - P.D. only,04 - Sideswipe,Greenbelt
12209,VANIER PKWY/CRICHTON ST @ BEECHWOOD AVE/ST. PA,369127.797,5033486.659,-75.67776664,45.43835247,2014-12-11,20:33,01 - Clear,02 - Wet,01 - Traffic signal,03 - At intersection,07 - Dark,03 - P.D. only,05 - Turning movement,Vanier North
12210,GREENBANK RD @ BERRIGAN DR/WESSEX RD,363724.6318,5015277.85,-75.74899375,45.27498795,2014-12-13,18:50,01 - Clear,02 - Wet,01 - Traffic signal,02 - Intersection related,07 - Dark,03 - P.D. only,03 - Rear end,New Barrhaven
12211,MITCH OWENS RD btwn SALE BARN RD & HAWTHORNE RD,379067.0043,5016777.694,-75.55325174,45.28702982,2014-12-13,21:00,01 - Clear,01 - Dry,10 - No control,01 - Non intersection,07 - Dark,03 - P.D. only,07 - SMV other,Osgoode
12212,HIGHWAY 417 btwn HWY417 IC118 RAMP35 & HWY417 IC117 RAMP51,369850.0095,5031131.749,-75.66884738,45.41709711,2014-09-19,6:50,01 - Clear,01 - Dry,10 - No control,01 - Non intersection,03 - Dawn,03 - P.D. only,03 - Rear end,Old Ottawa East
12213,HIGHWAY 417 btwn HWY417 IC117 RAMP36 & HWY417 IC117 RAMP26,370746.4813,5031197.468,-75.65738548,45.4176045,2014-09-19,15:50,01 - Clear,01 - Dry,10 - No control,01 - Non intersection,01 - Daylight,03 - P.D. only,03 - Rear end,Industrial Park
12214,HIGHWAY 417 btwn HWY417 IC115 RAMP25 & REGIONAL ROAD 174,373156.4392,5031646.656,-75.62653407,45.42141479,2014-09-20,18:30,02 - Rain,02 - Wet,10 - No control,01 - Non intersection,01 - Daylight,03 - P.D. only,07 - SMV other,Industrial Park
12215,HIGHWAY 417 btwn HWY417 IC126 RAMP61 & HWY417 IC124 RAMP76,364103.4686,5027115.35,-75.74274784,45.38146899,2014-09-21,13:35,02 - Rain,02 - Wet,10 - No control,01 - Non intersection,01 - Daylight,03 - P.D. only,03 - Rear end,Westboro
12216,HIGHWAY 417 btwn HWY417 IC129 RAMP76 & HWY417 IC129 RAMP26,360446.6515,5023547.867,-75.78984017,45.34966895,2014-12-03,6:45,02 - Rain,02 - Wet,10 - No control,01 - Non intersection,07 - Dark,03 - P.D. only,03 - Rear end,Whitehaven - Queensway Terrace North
12217,HIGHWAY 417 btwn HWY417 IC138 RAMP61 & HWY417 IC134 RAMP36,355552.5898,5021783.496,-75.85247474,45.3341642,2014-12-03,7:19,02 - Rain,02 - Wet,10 - No control,01 - Non intersection,03 - Dawn,03 - P.D. only,03 - Rear end,Greenbelt
12218,HIGHWAY 416 btwn HWY416 IC57 RAMP53 & HWY416 IC49 RAMP34,365759.3464,5006266.529,-75.72416739,45.19373037,2014-12-03,18:15,03 - Snow,02 - Wet,10 - No control,01 - Non intersection,07 - Dark,03 - P.D. only,07 - SMV other,Manotick - North Gower
12219,MEADOWLANDS DR btwn HOGAN ST & NESS ST,366253.5736,5024890.16,-75.71557231,45.36126188,2014-10-23,15:09,01 - Clear,01 - Dry,10 - No control,01 - Non intersection,01 - Daylight,03 - P.D. only,05 - Turning movement,Borden Farm - Stewart Farm - Parkwood Hills - Fisher Glen
12220,BOOTH ST @ FLEET ST,366295.4437,5030936.718,-75.71428446,45.41566371,2014-10-22,13:10,01 - Clear,01 - Dry,02 - Stop sign,02 - Intersection related,01 - Daylight,03 - P.D. only,99 - Other,LeBreton Flats
12221,DALY AVE @ KING EDWARD AVE,368591.7076,5032271.21,-75.68477567,45.42746543,2014-10-24,12:46,01 - Clear,01 - Dry,02 - Stop sign,02 - Intersection related,01 - Daylight,03 - P.D. only,03 - Rear end,Sandy Hill
12222,BANK ST btwn CAHILL DR & TURN LANE (2),371503.2733,5024150.188,-75.64866921,45.35412402,2014-10-22,11:19,01 - Clear,01 - Dry,10 - No control,04 - At/near private drive,01 - Daylight,03 - P.D. only,07 - SMV other,South Keys - Heron Gate - Greenboro West
12223,AUTUMNWOOD ST btwn WYLDEWOOD ST & ALDERWOOD ST,371922.5384,5023089.372,-75.64346273,45.34453914,2014-10-22,20:25,01 - Clear,01 - Dry,10 - No control,01 - Non intersection,07 - Dark,03 - P.D. only,06 - SMV unattended vehicle,Emerald Woods - Sawmill Creek
12224,MEADOWGLEN DR @ ORLEANS BLVD,380344.8019,5034574.043,-75.53424372,45.44701396,2014-10-22,21:36,01 - Clear,01 - Dry,01 - Traffic signal,03 - At intersection,07 - Dark,03 - P.D. only,07 - SMV other,Orleans Village - Chateauneuf
12225,ELGIN ST @ LAURIER AVE,367948.7099,5031549.101,-75.69308459,45.42102648,2014-10-26,21:58,01 - Clear,01 - Dry,01 - Traffic signal,03 - At intersection,07 - Dark,03 - P.D. only,07 - SMV other,Downtown
12226,MARCH RD btwn CORKERY RD & GREY FOX DR,336302.9369,5016441.137,-76.09840254,45.2872192,2014-10-26,23:17,01 - Clear,01 - Dry,10 - No control,01 - Non intersection,07 - Dark,03 - P.D. only,07 - SMV other,Carp - Hardwood Plains
12227,RUSSELL RD btwn HAIG DR & CUBA AVE,372823.2403,5029560.806,-75.63107908,45.40267975,2014-07-03,20:59,01 - Clear,01 - Dry,10 - No control,01 - Non intersection,05 - Dusk,03 - P.D. only,07 - SMV other,Elmvale - Eastway - Riverview - Riverview Park West
12228,STONERIDGE RD btwn STRODE AVE & THOMAS A. DOLAN PKWY,346081.8104,5035512.816,-75.9721527,45.4583247,2014-10-28,7:45,02 - Rain,02 - Wet,10 - No control,01 - Non intersection,01 - Daylight,03 - P.D. only,07 - SMV other,Car
12229,BRIDGE ST/MAPLE AVE @ MANOTICK MAIN ST,368699.9369,5009932.8,-75.68627576,45.22645908,2014-10-28,8:25,02 - Rain,02 - Wet,01 - Traffic signal,03 - At intersection,01 - Daylight,03 - P.D. only,05 - Turning movement,Manotick
12230,BANK ST btwn BANK ST EXTENSION NB & JOHNSTON RD,370703.8498,5025124.712,-75.65874117,45.36296807,2014-10-29,20:38,01 - Clear,01 - Dry,10 - No control,01 - Non intersection,07 - Dark,03 - P.D. only,06 - SMV unattended vehicle,South Keys - Heron Gate - Greenboro West
12231,RIVERSIDE DR @ TREMBLAY RD/HWY417 IC117 RAMP52,370802.5532,5031016.502,-75.65669335,45.41597096,2014-10-29,22:41,01 - Clear,01 - Dry,01 - Traffic signal,03 - At intersection,07 - Dark,03 - P.D. only,02 - Angle,Industrial Park
12232,CARLING AVE @ KIRKWOOD AVE S,364352.6644,5027337.067,-75.73953937,45.38344282,2014-10-20,11:15,01 - Clear,01 - Dry,01 - Traffic signal,02 - Intersection related,01 - Daylight,03 - P.D. only,02 - Angle,Carlington
12233,HUNT CLUB RD btwn LORRY GREENBERG DR & PIKE ST,372835.1401,5024813.681,-75.63158128,45.35996592,2014-10-21,7:00,02 - Rain,02 - Wet,10 - No control,01 - Non intersection,07 - Dark,03 - P.D. only,07 - SMV other,Greenboro East
12234,MAIN ST @ BECKWITH RD/BOWER ST,369360.6108,5029718.934,-75.67528487,45.40443043,2014-12-10,16:15,03 - Snow,04 - Slush,01 - Traffic signal,03 - At intersection,05 - Dusk,03 - P.D. only,02 - Angle,Old Ottawa East
12235,CARLING AVE WB btwn HARE AVE & BROMLEY RD,362456.6714,5026183.675,-75.76388298,45.37322335,2014-12-10,16:19,03 - Snow,04 - Slush,10 - No control,04 - At/near private drive,05 - Dusk,03 - P.D. only,03 - Rear end,Carlingwood - McKellar Park - Laurentien View
12236,JEANNE D'ARC BLVD @ MONTCERF CRT,381115.6876,5036288.708,-75.52412416,45.4623574,2014-12-12,1:44,01 - Clear,02 - Wet,01 - Traffic signal,03 - At intersection,07 - Dark,03 - P.D. only,07 - SMV other,Orleans Village - Chateauneuf
12237,REGIONAL ROAD 174 btwn MORIN RD & OLD MONTREAL RD,392507.4742,5042744.188,-75.37732622,45.51909828,2014-12-12,2:12,01 - Clear,01 - Dry,10 - No control,01 - Non intersection,07 - Dark,03 - P.D. only,07 - SMV other,Cumberland - Estates
12238,HUNT CLUB RD @ RIVERSIDE DR,368035.7529,5021945.974,-75.69320226,45.33461224,2014-12-13,21:30,01 - Clear,02 - Wet,01 - Traffic signal,02 - Intersection related,07 - Dark,03 - P.D. only,04 - Sideswipe,Hunt Club Woods - Quintarra - Revelstoke - Riverside South P
12239,CARLING AVE @ CARLINGWOOD SC,362073.0121,5025919.504,-75.76881148,45.37087783,2014-12-13,21:53,01 - Clear,01 - Dry,01 - Traffic signal,03 - At intersection,07 - Dark,03 - P.D. only,02 - Angle,Carlingwood West - Glabar Park - McKellar Heights
12240,HIGHWAY 417 btwn HWY417 IC121A RAMP16 & HWY417 IC121A RAMP61,367259.2173,5029755.555,-75.70212136,45.40495059,2014-09-21,13:25,02 - Rain,02 - Wet,10 - No control,01 - Non intersection,01 - Daylight,03 - P.D. only,03 - Rear end,Centretown West
12241,HIGHWAY 417 btwn Continuation of HIGHWAY 417 & HWY417 IC134 RAMP51,355731.0306,5021839.595,-75.85019249,45.33465605,2014-11-17,8:00,03 - Snow,02 - Wet,10 - No control,01 - Non intersection,01 - Daylight,03 - P.D. only,03 - Rear end,Greenbelt
12242,HIGHWAY 417 btwn HWY417 IC129 RAMP61 & TRANSIT,360838.1005,5023855.705,-75.78481002,45.3524077,2014-11-18,22:30,03 - Snow,06 - Ice,10 - No control,01 - Non intersection,07 - Dark,03 - P.D. only,07 - SMV other,Whitehaven - Queensway Terrace North
12243,HIGHWAY 417 btwn HWY417 IC127 RAMP63 & HWY417 IC127 RAMP67,362128.1755,5024857.782,-75.76823047,45.36132004,2014-11-17,22:00,01 - Clear,04 - Slush,10 - No control,01 - Non intersection,07 - Dark,03 - P.D. only,07 - SMV other,Carlingwood West - Glabar Park - McKellar Heights
12244,HIGHWAY 417 btwn HWY417 IC126 RAMP16 & HWY417 IC126 RAMP61,363064.5315,5025733.031,-75.75617609,45.36911824,2014-11-18,22:05,03 - Snow,06 - Ice,10 - No control,01 - Non intersection,07 - Dark,03 - P.D. only,07 - SMV other,Carlingwood West - Glabar Park - McKellar Heights
12245,HIGHWAY 417 btwn HWY417 IC117 RAMP36 & HWY417 IC117 RAMP26,370764.1369,5031199.462,-75.65715965,45.41762078,2014-12-04,10:07,01 - Clear,02 - Wet,10 - No control,01 - Non intersection,01 - Daylight,03 - P.D. only,03 - Rear end,Industrial Park
12246,EDGAR BRAULT ST @ ST. JOSEPH BLVD,381420.0803,5037546.738,-75.52003623,45.47364279,2014-10-23,15:45,01 - Clear,01 - Dry,01 - Traffic signal,02 - Intersection related,01 - Daylight,03 - P.D. only,03 - Rear end,Industrial Park
12247,ST. JOSEPH BLVD btwn COUSINEAU ST & DUSSERE ST,380783.7617,5037080.984,-75.52824552,45.46952184,2014-10-24,15:25,01 - Clear,01 - Dry,10 - No control,04 - At/near private drive,01 - Daylight,03 - P.D. only,02 - Angle,Industrial Park
12248,LAKESIDE AVE btwn QUEEN ELIZABETH DRWY & BRONSON AVE,367636.2447,5028822.872,-75.69742436,45.39652484,2014-10-24,16:11,01 - Clear,01 - Dry,10 - No control,01 - Non intersection,01 - Daylight,03 - P.D. only,04 - Sideswipe,The Glebe
12249,BRONSON AVE btwn BRONSON AVE NB ON RAMP 42 & BRONSON AVE SB ON RAMP 43,367784.8835,5028341.339,-75.69558754,45.39217879,2014-10-24,15:53,01 - Clear,01 - Dry,10 - No control,01 - Non intersection,01 - Daylight,03 - P.D. only,03 - Rear end,Carleton University
12250,AMIENS ST @ TENTH LINE RD,383354.6281,5037569.65,-75.49529366,45.473634,2014-10-24,16:20,01 - Clear,01 - Dry,01 - Traffic signal,02 - Intersection related,01 - Daylight,03 - P.D. only,03 - Rear end,Orlans
12251,BEAVERWOOD RD @ MANOTICK MAIN ST,368922.7041,5009739.394,-75.68346417,45.22469857,2014-10-27,11:30,01 - Clear,01 - Dry,02 - Stop sign,03 - At intersection,01 - Daylight,03 - P.D. only,02 - Angle,Manotick
12252,ANCONA CRES btwn MEADOWBANK DR & MEADOWBANK DR,361256.5688,5022470.646,-75.77962781,45.33991142,2014-10-26,13:15,01 - Clear,01 - Dry,10 - No control,04 - At/near private drive,01 - Daylight,03 - P.D. only,99 - Other,Briar Green - Leslie Park
12253,HWY 417 VANIER IC117R63 @ VANIER PKWY,370799.5273,5031397.469,-75.65668098,45.41939903,2014-09-23,16:53,01 - Clear,01 - Dry,01 - Traffic signal,02 - Intersection related,01 - Daylight,03 - P.D. only,04 - Sideswipe,Overbrook
12254,MERIVALE RD @ WEST HUNT CLUB RD,365613.4078,5021941.904,-75.72410551,45.33478974,2014-09-23,16:30,01 - Clear,01 - Dry,01 - Traffic signal,02 - Intersection related,01 - Daylight,03 - P.D. only,03 - Rear end,Industrial Park
12255,BELFAST RD btwn ST. LAURENT BLVD & TRIOLE ST,372889.2277,5030589.488,-75.6300942,45.41192894,2014-10-28,11:20,02 - Rain,02 - Wet,10 - No control,04 - At/near private drive,01 - Daylight,03 - P.D. only,05 - Turning movement,Industrial Park
12256,EAGLESON RD @ HAZELDEAN RD/ROBERTSON RD,353672.6748,5018424.935,-75.87678952,45.30407669,2014-10-30,10:02,01 - Clear,01 - Dry,01 - Traffic signal,02 - Intersection related,01 - Daylight,03 - P.D. only,03 - Rear end,Greenbelt
12257,RIDEAU ST btwn CUMBERLAND ST & KING EDWARD AVE,368430.618,5032362.678,-75.68682228,45.4283031,2014-10-21,7:11,02 - Rain,02 - Wet,10 - No control,04 - At/near private drive,01 - Daylight,03 - P.D. only,05 - Turning movement,Lowe
12258,BURNT LANDS RD btwn VAUGHAN SIDE RD & MARCH RD,332620.9099,5014031.263,-76.14547488,45.26568906,2014-10-21,14:11,02 - Rain,02 - Wet,10 - No control,01 - Non intersection,01 - Daylight,03 - P.D. only,07 - SMV other,Carp - Hardwood Plains
12259,BAYVIEW RD @ SCOTT ST/ALBERT ST,365518.0869,5030070.139,-75.72432242,45.40793434,2014-12-10,16:46,03 - Snow,03 - Loose snow,01 - Traffic signal,03 - At intersection,05 - Dusk,03 - P.D. only,05 - Turning movement,Mechanicsville
12260,Terry Fox Dr btwn Huntsville Dr and Second Line Rd,347868.3739,5020968.188,-75.95057956,45.32734154,2014-12-14,1:44,01 - Clear,02 - Wet,10 - No control,01 - Non intersection,07 - Dark,03 - P.D. only,07 - SMV other,Kanata Lakes - Marchwood Lakeside - Morgan's Grant - Kanata
12261,BOUNDARY RD btwn PANA RD & PRESCOTT/RUSSELL RT 100,390025.84,5016951.277,-75.4135434,45.28734823,2014-12-12,7:51,05 - Drifting Snow,06 - Ice,10 - No control,01 - Non intersection,03 - Dawn,03 - P.D. only,01 - Approaching,Metcalfe
12262,GRENFELL CRES @ SLACK RD,365825.3742,5020852.874,-75.72153562,45.32497239,2014-12-12,8:03,02 - Rain,04 - Slush,02 - Stop sign,02 - Intersection related,01 - Daylight,03 - P.D. only,03 - Rear end,Merivale Gardens - Grenfell Glen - Pineglen - Country Place
12263,BLANCHFIELD RD @ SPRINGHILL RD,378318.7837,5001935.862,-75.56498026,45.15356651,2014-12-13,22:00,02 - Rain,05 - Packed snow,10 - No control,03 - At intersection,07 - Dark,03 - P.D. only,07 - SMV other,Kars - Osgoode
12264,CORKERY RD btwn MARCH RD & MANION RD,337543.9022,5014545.105,-76.08270828,45.27010095,2014-12-15,23:01,01 - Clear,01 - Dry,10 - No control,01 - Non intersection,07 - Dark,03 - P.D. only,07 - SMV other,Carp - Hardwood Plains
12265,HIGHWAY 417 btwn HWY417 IC118 RAMP76 & HWY417 IC118 RAMP67,369474.6286,5031069.994,-75.67365127,45.41657626,2014-11-19,5:45,01 - Clear,01 - Dry,10 - No control,01 - Non intersection,07 - Dark,03 - P.D. only,04 - Sideswipe,Sandy Hill
12266,HIGHWAY 417 btwn HWY417 IC118 RAMP35 & HWY417 IC117 RAMP51,369787.2176,5031136.503,-75.66964897,45.41714572,2014-11-19,14:30,01 - Clear,01 - Dry,10 - No control,01 - Non intersection,01 - Daylight,03 - P.D. only,03 - Rear end,Old Ottawa East
12267,HIGHWAY 417 btwn HWY417 IC126 RAMP61 & HWY417 IC124 RAMP76,364089.8529,5027098.559,-75.7429237,45.38131906,2014-11-19,16:05,01 - Clear,01 - Dry,10 - No control,01 - Non intersection,01 - Daylight,03 - P.D. only,03 - Rear end,Westboro
12268,HIGHWAY 417 btwn HWY417 IC123 RAMP62 & HWY417 IC122 RAMP16,365121.6819,5028696.658,-75.72955406,45.39561034,2014-11-19,17:35,03 - Snow,02 - Wet,10 - No control,01 - Non intersection,07 - Dark,03 - P.D. only,03 - Rear end,Civic Hospital - Experimental Farm - Central Park
12269,OTTAWA ROAD 29 btwn KEATLEY RD & MADAWASKA BLVD,318884.6178,5031666.671,-76.32001459,45.42479287,2014-12-02,19:10,03 - Snow,03 - Loose snow,10 - No control,01 - Non intersection,07 - Dark,03 - P.D. only,07 - SMV other,Arnprior
12270,HIGHWAY 417 btwn HWY417 IC155 RAMP25 & RAMP,342296.4086,5017463.16,-76.02192333,45.29612163,2014-12-03,5:25,03 - Snow,03 - Loose snow,10 - No control,01 - Non intersection,07 - Dark,03 - P.D. only,07 - SMV other,Carp - Hardwood Plains
12271,HIGHWAY 417 btwn HWY417 IC119A RAMP75 & HWY417 IC118 RAMP57,369053.726,5030765.956,-75.67906823,45.41387941,2014-12-03,0:37,03 - Snow,03 - Loose snow,10 - No control,01 - Non intersection,07 - Dark,03 - P.D. only,04 - Sideswipe,Old Ottawa East
12272,HIGHWAY 417 btwn HWY417 IC121B RAMP51 & HWY417 IC121A RAMP51,366743.5444,5029565.489,-75.70873201,45.40328626,2014-12-02,22:45,03 - Snow,03 - Loose snow,10 - No control,01 - Non intersection,07 - Dark,03 - P.D. only,04 - Sideswipe,Little Italy
12273,EAGLESON RD @ KATIMAVIK RD/TIMM DR,353216.5518,5019564.988,-75.88249415,45.31436672,2014-10-23,16:35,01 - Clear,01 - Dry,01 - Traffic signal,02 - Intersection related,01 - Daylight,03 - P.D. only,05 - Turning movement,Greenbelt
12274,LONGFIELDS DR @ WOODROFFE AVE,365422.12,5017108.37,-75.72713725,45.29131459,2014-10-22,15:30,01 - Clear,01 - Dry,01 - Traffic signal,03 - At intersection,01 - Daylight,03 - P.D. only,03 - Rear end,Greenbelt
12275,WEST HUNT CLUB RD @ ANTARES DR/LASER ST,367106.7612,5022081.977,-75.70503659,45.33591908,2014-10-22,14:20,01 - Clear,01 - Dry,01 - Traffic signal,02 - Intersection related,01 - Daylight,03 - P.D. only,03 - Rear end,Industrial Park
12276,WOODROFFE AVE @ KNOXDALE RD/MEDHURST DR,363419.6899,5021826.962,-75.75210547,45.3339422,2014-10-24,17:11,01 - Clear,01 - Dry,01 - Traffic signal,02 - Intersection related,01 - Daylight,03 - P.D. only,04 - Sideswipe,Woodvale - Craig Henry - Manordale - Estates of Arlington Wo
12277,BURKE RD @ CARLING AVE,352830.6778,5022662.923,-75.88711475,45.34226903,2014-10-24,17:15,01 - Clear,01 - Dry,02 - Stop sign,03 - At intersection,01 - Daylight,03 - P.D. only,03 - Rear end,Greenbelt
12278,MORRISON DR @ BASELINE RD,360100.6173,5022309.019,-75.7943944,45.33854917,2014-10-28,8:39,02 - Rain,02 - Wet,01 - Traffic signal,02 - Intersection related,01 - Daylight,03 - P.D. only,03 - Rear end,Qualicum - Redwood Park
12279,GREENBANK RD btwn JOCKVALE RD & CAMBRIAN RD,364312.6265,5013886.655,-75.74166701,45.26242044,2014-09-26,14:20,01 - Clear,01 - Dry,10 - No control,04 - At/near private drive,01 - Daylight,03 - P.D. only,07 - SMV other,New Barrhaven