Record,Location,X,Y,lon,lat,Date,Time,Environment,Road_Surface,Traffic_Control,Collision_Location,Light,Collision_Classification,Impact_type,Neighborhood
12280,O'CONNOR ST @ WELLINGTON ST,367414.6493,5031724.008,-75.69988592,45.42264824,2014-10-04,14:55,02 - Rain,02 - Wet,01 - Traffic signal,02 - Intersection related,01 - Daylight,03 - P.D. only,07 - SMV other,Downtown
12281,TERRY FOX DR @ FERNBANK RD,354304.586,5015131.899,-75.86906067,45.27440097,2014-10-28,10:45,01 - Clear,01 - Dry,01 - Traffic signal,02 - Intersection related,01 - Daylight,03 - P.D. only,02 - Angle,Stittsville - Basswood
12282,HAZELDEAN RD @ CARBROOKE ST/IRWIN GATE,353415.7213,5018266.888,-75.88008142,45.30267238,2014-10-30,8:20,01 - Clear,01 - Dry,01 - Traffic signal,02 - Intersection related,01 - Daylight,03 - P.D. only,03 - Rear end,Katimavik - Hazeldean
12283,HAZELDEAN RD @ CARBROOKE ST/IRWIN GATE,353418.5716,5018266.888,-75.88004508,45.30267218,2014-10-30,8:25,01 - Clear,01 - Dry,01 - Traffic signal,02 - Intersection related,01 - Daylight,03 - P.D. only,03 - Rear end,Katimavik - Hazeldean
12284,STRANDHERD DR @ WOODROFFE AVE,366108.0542,5015395.624,-75.71860479,45.2758439,2014-10-23,18:07,01 - Clear,01 - Dry,01 - Traffic signal,02 - Intersection related,01 - Daylight,03 - P.D. only,03 - Rear end,Chapman Mills - Rideau Crest - Davidson Heights
12285,JAMES ST @ KENT ST,367660.6636,5030599.049,-75.69688608,45.41250416,2014-10-22,11:00,01 - Clear,01 - Dry,02 - Stop sign,02 - Intersection related,01 - Daylight,03 - P.D. only,04 - Sideswipe,Centretown
12286,INDIAN RD @ WITHROW AVE,363788.6949,5023700.083,-75.74717461,45.35076544,2014-12-10,16:51,03 - Snow,03 - Loose snow,02 - Stop sign,02 - Intersection related,07 - Dark,03 - P.D. only,03 - Rear end,Crestview - Meadowlands
12287,RICHMOND RD btwn WEST HUNT CLUB RD & STONEHAVEN DR,356769.2896,5015919.466,-75.83756746,45.2813098,2014-12-10,17:01,03 - Snow,04 - Slush,10 - No control,04 - At/near private drive,07 - Dark,03 - P.D. only,02 - Angle,Bridlewood - Emerald Meadows
12288,GREENBANK RD btwn JOCKVALE RD & CAMBRIAN RD,364318.5109,5013897.526,-75.74159073,45.26251776,2014-12-12,8:10,03 - Snow,03 - Loose snow,10 - No control,04 - At/near private drive,01 - Daylight,03 - P.D. only,03 - Rear end,New Barrhaven
12289,BANK ST btwn QUEENSDALE AVE & LESTER RD,373414.5372,5023368.169,-75.62438717,45.3469033,2014-12-12,8:10,03 - Snow,03 - Loose snow,10 - No control,04 - At/near private drive,01 - Daylight,03 - P.D. only,02 - Angle,Blossom Park - Blossom Park West - Sawmill Creek/ Timbermill
12290,WOODROFFE AVE/HWY 417 WOODROFF IC127R25 @ HWY ,362179.599,5024696.762,-75.76759282,45.35986699,2014-12-20,10:41,01 - Clear,01 - Dry,01 - Traffic signal,02 - Intersection related,01 - Daylight,03 - P.D. only,03 - Rear end,Iris
12291,HIGHWAY 417 btwn HWY417 IC118 RAMP57 & HWY417 IC118 RAMP35,369213.6626,5030877.12,-75.6770105,45.41486492,2014-11-19,18:10,03 - Snow,02 - Wet,10 - No control,01 - Non intersection,07 - Dark,03 - P.D. only,03 - Rear end,Old Ottawa East
12292,HWY417 IC140 RAMP36 btwn TERRY FOX DR & HIGHWAY 417,350782.4557,5018543.023,-75.91363182,45.30533442,2014-11-19,21:10,01 - Clear,01 - Dry,10 - No control,01 - Non intersection,07 - Dark,03 - P.D. only,07 - SMV other,Kanata Lakes - Marchwood Lakeside - Morgan's Grant - Kanata
12293,HIGHWAY 7 btwn HAZELDEAN IC RAMP 53 & HIGHWAY 7,341739.5685,5007889.688,-76.02973428,45.21000403,2014-11-19,18:43,03 - Snow,03 - Loose snow,10 - No control,01 - Non intersection,07 - Dark,03 - P.D. only,07 - SMV other,Munster Hamlet - Richmond
12294,HWY417 IC140 RAMP61 btwn TERRY FOX DR & HIGHWAY 417,351124.6172,5018799.436,-75.90924484,45.30761921,2014-11-16,22:09,03 - Snow,06 - Ice,10 - No control,01 - Non intersection,07 - Dark,03 - P.D. only,07 - SMV other,Kanata
12295,HIGHWAY 417 btwn HWY417 IC144 RAMP16 & HWY417 IC144 RAMP61,347452.2491,5015914.274,-75.95632268,45.28189012,2014-11-16,19:40,03 - Snow,06 - Ice,10 - No control,01 - Non intersection,07 - Dark,03 - P.D. only,07 - SMV other,Stittsville - Basswood
12296,HIGHWAY 417 btwn HWY417 IC118 RAMP57 & HWY417 IC118 RAMP35,369452.7758,5031036.74,-75.67393482,45.41627907,2014-12-05,11:33,01 - Clear,01 - Dry,10 - No control,01 - Non intersection,01 - Daylight,03 - P.D. only,03 - Rear end,Old Ottawa East
12297,HIGHWAY 417 btwn HWY417 IC126 RAMP61 & HWY417 IC124 RAMP76,363858.974,5026782.169,-75.7459094,45.37849173,2014-12-05,17:12,01 - Clear,01 - Dry,10 - No control,01 - Non intersection,07 - Dark,03 - P.D. only,03 - Rear end,Carlingwood West - Glabar Park - McKellar Heights
12298,HIGHWAY 416 btwn HWY416 IC57 RAMP24 & HWY416 IC49 RAMP42,368594.1502,5002847.105,-75.68852942,45.16271149,2014-12-05,18:45,01 - Clear,01 - Dry,10 - No control,01 - Non intersection,07 - Dark,03 - P.D. only,07 - SMV other,Manotick - North Gower
12299,CATHERINE ST @ KENT ST,367906.7574,5030189.039,-75.69379476,45.40879287,2014-10-23,22:56,01 - Clear,01 - Dry,01 - Traffic signal,03 - At intersection,07 - Dark,03 - P.D. only,05 - Turning movement,Centretown
12300,FRANK KENNY RD @ TRIM RD,386221.4219,5038049.586,-75.45855408,45.47762361,2014-10-23,23:56,01 - Clear,01 - Dry,01 - Traffic signal,03 - At intersection,07 - Dark,03 - P.D. only,07 - SMV other,Cardinal Creek
12301,DALMENY RD btwn 5TH LINE RD & CAMPBELLCROFT RD,383955.7626,5003202.76,-75.49309849,45.16435614,2014-10-20,18:45,02 - Rain,02 - Wet,10 - No control,01 - Non intersection,07 - Dark,03 - P.D. only,07 - SMV other,Metcalfe
12302,AIRPORT PKWY btwn AIRPORT PKWY/WALKLEY RD SOUTHBOUND ON RAMP          ,370151.2064,5025404.02,-75.66575793,45.36553294,2014-10-25,8:30,01 - Clear,01 - Dry,10 - No control,01 - Non intersection,01 - Daylight,03 - P.D. only,05 - Turning movement,Hunt Club Woods - Quintarra - Revelstoke - Riverside South P
12303,MERIVALE RD @ WEST HUNT CLUB RD,365612.6952,5021942.973,-75.72411447,45.33479942,2014-10-25,13:59,02 - Rain,02 - Wet,01 - Traffic signal,02 - Intersection related,01 - Daylight,03 - P.D. only,04 - Sideswipe,Tanglewood
12304,HUNTLEY RD btwn MANSFIELD RD & BROWNLEE RD,353465.9777,5008418.682,-75.88040518,45.21405189,2014-10-28,23:43,"07 - Fog, mist, smoke, dust",02 - Wet,10 - No control,01 - Non intersection,07 - Dark,03 - P.D. only,07 - SMV other,Munster Hamlet - Richmond
12305,BRONSON AVE RAMP 52 btwn HERON RD EB & BRONSON AVE RAMP 62,368883.7059,5026811.637,-75.68175394,45.37831531,2014-10-06,10:07,01 - Clear,01 - Dry,10 - No control,07 - Overpass or bridge,01 - Daylight,03 - P.D. only,07 - SMV other,Alta Vista
12306,KENT ST @ WELLINGTON ST,367096.7477,5031527.049,-75.7039727,45.42090445,2014-10-28,13:44,02 - Rain,02 - Wet,01 - Traffic signal,03 - At intersection,01 - Daylight,03 - P.D. only,07 - SMV other,Downtown
12307,STRANDHERD DR @ WOODROFFE AVE,366105.9165,5015396.218,-75.71863196,45.27584943,2014-10-28,12:50,01 - Clear,02 - Wet,01 - Traffic signal,02 - Intersection related,01 - Daylight,03 - P.D. only,05 - Turning movement,Chapman Mills - Rideau Crest - Davidson Heights
12308,MEADOWLANDS DR/TALLWOOD DR @ WOODROFFE AVE,363058.5898,5022730.019,-75.75660583,45.34209792,2014-10-30,11:44,01 - Clear,01 - Dry,01 - Traffic signal,02 - Intersection related,01 - Daylight,03 - P.D. only,03 - Rear end,Crestview - Meadowlands
12309,INNES RD @ TAUVETTE ST/GLEN PARK DR W,377344.1572,5032465.745,-75.57290917,45.42836273,2014-10-29,18:30,01 - Clear,01 - Dry,02 - Stop sign,02 - Intersection related,05 - Dusk,03 - P.D. only,04 - Sideswipe,Greenbelt
12310,DALHOUSIE ST @ RIDEAU ST,368206.7091,5032227.106,-75.68970093,45.4271036,2014-10-25,17:19,01 - Clear,02 - Wet,01 - Traffic signal,02 - Intersection related,05 - Dusk,03 - P.D. only,04 - Sideswipe,Byward Market - Parliament Hill
12311,BANK ST btwn PORTLAND AVE & ERIE AVE,370109.568,5026541.597,-75.66613901,45.37577238,2014-12-10,17:08,03 - Snow,04 - Slush,10 - No control,01 - Non intersection,07 - Dark,03 - P.D. only,03 - Rear end,Ledbury - Heron Gate - Ridgemont - Elmwood
12312,VIEWMOUNT DR btwn MEADOWLANDS DR W & OAKRIDGE BLVD,363743.0819,5023097.742,-75.74782847,45.34534947,2014-12-10,17:21,03 - Snow,05 - Packed snow,10 - No control,01 - Non intersection,07 - Dark,03 - P.D. only,01 - Approaching,Crestview - Meadowlands
12313,CYRVILLE RD @ OGILVIE RD,372455.6193,5032006.045,-75.63543883,45.42471652,2014-12-12,8:10,03 - Snow,03 - Loose snow,01 - Traffic signal,03 - At intersection,01 - Daylight,03 - P.D. only,02 - Angle,Cummings
12314,LIVERPOOL CRT @ NEWMARKET ST,373498.7316,5030383.078,-75.62233688,45.4100122,2014-12-11,7:25,03 - Snow,05 - Packed snow,02 - Stop sign,02 - Intersection related,03 - Dawn,03 - P.D. only,01 - Approaching,Industrial Park
12315,BYRON AVE btwn ROOSEVELT AVE & CHURCHILL AVE N,363048.9026,5028068.156,-75.75610011,45.39013068,2014-12-17,9:30,01 - Clear,01 - Dry,10 - No control,01 - Non intersection,01 - Daylight,03 - P.D. only,06 - SMV unattended vehicle,Carlingwood - McKellar Park - Laurentien View
12316,HIGHWAY 417 btwn HWY417 IC112 RAMP56 & HWY417 IC112 RAMP64,374610.7008,5030781.186,-75.60807621,45.41348414,2014-11-16,18:15,03 - Snow,02 - Wet,10 - No control,01 - Non intersection,07 - Dark,03 - P.D. only,07 - SMV other,Industrial Park
12317,HIGHWAY 417 btwn HWY417 IC119B RAMP76 & HWY417 IC119A RAMP67,368272.5778,5030344.557,-75.68910175,45.41015909,2014-11-19,15:30,01 - Clear,01 - Dry,10 - No control,01 - Non intersection,01 - Daylight,03 - P.D. only,03 - Rear end,Centretown
12318,HIGHWAY 417 btwn HWY417 IC117 RAMP26 & HWY417 IC117 RAMP61,370822.1486,5031213.724,-75.65641659,45.41774363,2014-11-20,8:09,01 - Clear,02 - Wet,10 - No control,01 - Non intersection,01 - Daylight,03 - P.D. only,03 - Rear end,Industrial Park
12319,HWY417 IC138 RAMP35 btwn HIGHWAY 417 & EAGLESON RD,352863.4921,5020144.814,-75.88694056,45.31960837,2014-11-20,5:10,01 - Clear,04 - Slush,10 - No control,01 - Non intersection,07 - Dark,03 - P.D. only,07 - SMV other,Katimavik - Hazeldean
12320,HIGHWAY 417 btwn HWY417 IC112 RAMP66 & HWY417 IC112 RAMP56,374323.7649,5030992.112,-75.611712,45.41541051,2014-11-20,8:35,01 - Clear,01 - Dry,10 - No control,01 - Non intersection,01 - Daylight,03 - P.D. only,07 - SMV other,Industrial Park
12321,HIGHWAY 417 btwn HWY417 IC118 RAMP57 & HWY417 IC118 RAMP35,369339.7117,5030961.681,-75.67538911,45.41561415,2014-12-05,10:01,01 - Clear,01 - Dry,10 - No control,01 - Non intersection,01 - Daylight,03 - P.D. only,04 - Sideswipe,Old Ottawa East
12322,HIGHWAY 417 btwn HWY417 IC155 RAMP25 & RAMP,343961.4037,5015824.299,-76.00082492,45.28128363,2014-12-05,4:15,01 - Clear,01 - Dry,10 - No control,01 - Non intersection,07 - Dark,03 - P.D. only,07 - SMV other,Carp - Hardwood Plains
12323,HIGHWAY 417 btwn HWY417 IC117 RAMP61 & HWY417 IC115 RAMP36,371674.4562,5031439.947,-75.64549692,45.41969814,2014-12-05,12:20,01 - Clear,01 - Dry,10 - No control,01 - Non intersection,01 - Daylight,03 - P.D. only,03 - Rear end,Overbrook
12324,HIGHWAY 417 btwn HWY417 IC118 RAMP67 & HWY417 IC117 RAMP36,370167.779,5031115.64,-75.66478977,45.41692255,2014-12-06,18:15,01 - Clear,01 - Dry,10 - No control,01 - Non intersection,07 - Dark,03 - P.D. only,04 - Sideswipe,Sandy Hill
12325,HAWTHORNE AVE @ MAIN ST,368970.7096,5030633.042,-75.68014608,45.41269111,2014-10-24,7:49,01 - Clear,01 - Dry,01 - Traffic signal,03 - At intersection,01 - Daylight,03 - P.D. only,05 - Turning movement,Old Ottawa East
12326,BANK ST @ CONROY RD,375047.6005,5022238.974,-75.60370998,45.33658162,2014-10-24,18:36,01 - Clear,01 - Dry,01 - Traffic signal,03 - At intersection,07 - Dark,03 - P.D. only,04 - Sideswipe,Greenbelt
12327,HARDING RD @ WALKLEY RD,373149.6808,5027606.16,-75.62718044,45.38506091,2014-10-24,13:45,01 - Clear,01 - Dry,01 - Traffic signal,02 - Intersection related,01 - Daylight,03 - P.D. only,03 - Rear end,Urbandale
12328,WOODPARK WAY btwn MASONBROOK ST & MULLCRAFT CRES,365228.2827,5017069.077,-75.72961302,45.29097773,2014-10-25,14:00,01 - Clear,01 - Dry,10 - No control,01 - Non intersection,01 - Daylight,03 - P.D. only,06 - SMV unattended vehicle,Greenbelt
12329,TENTH LINE RD @ CHARLEMAGNE BLVD S/DES EPINETT,383640.9751,5036900.456,-75.49173924,45.46758093,2014-10-25,14:15,02 - Rain,02 - Wet,01 - Traffic signal,02 - Intersection related,01 - Daylight,03 - P.D. only,03 - Rear end,Orlans
12330,CARP RD @ STITTSVILLE MAIN ST,349523.836,5014329.728,-75.93006072,45.26750309,2014-11-25,11:14,01 - Clear,01 - Dry,01 - Traffic signal,02 - Intersection related,01 - Daylight,03 - P.D. only,99 - Other,Stittsville
12331,TRENTON AVE @ MERIVALE RD,364887.701,5026360.1,-75.7328267,45.37460656,2014-10-14,17:30,01 - Clear,01 - Dry,02 - Stop sign,03 - At intersection,01 - Daylight,03 - P.D. only,02 - Angle,Carlington
12332,RIVERGATE WAY @ RIVERSIDE DR,368117.6618,5023243.939,-75.69199121,45.34628368,2014-10-28,14:47,01 - Clear,01 - Dry,01 - Traffic signal,03 - At intersection,01 - Daylight,03 - P.D. only,05 - Turning movement,Hunt Club Woods - Quintarra - Revelstoke - Riverside South P
12333,BASELINE RD @ FISHER AVE,366167.6437,5026027.108,-75.71652785,45.37149944,2014-10-28,14:53,01 - Clear,01 - Dry,01 - Traffic signal,02 - Intersection related,01 - Daylight,03 - P.D. only,03 - Rear end,Civic Hospital - Experimental Farm - Central Park
12334,DIDSBURY RD btwn TERRY FOX DR & END,350582.9929,5018858.982,-75.91614605,45.30819054,2014-10-29,21:00,01 - Clear,01 - Dry,10 - No control,04 - At/near private drive,07 - Dark,03 - P.D. only,05 - Turning movement,Kanata Lakes - Marchwood Lakeside - Morgan's Grant - Kanata
12335,CYCLONE TAYLOR BLVD @ PALLADIUM DR,350162.6518,5017571.981,-75.921624,45.29663701,2014-12-04,19:27,01 - Clear,01 - Dry,01 - Traffic signal,03 - At intersection,07 - Dark,03 - P.D. only,05 - Turning movement,Kanata Lakes - Marchwood Lakeside - Morgan's Grant - Kanata
12336,MARCH VALLEY RD btwn RIDDELL DR & KLONDIKE RD,348432.2756,5026995.458,-75.94285431,45.38154153,2014-11-17,6:32,03 - Snow,02 - Wet,10 - No control,01 - Non intersection,07 - Dark,03 - P.D. only,07 - SMV other,Carp - Hardwood Plains
12337,OGILVIE RD @ CITY PARK DR E/CSIS HQ ACCESS,374188.7282,5033010.102,-75.61315285,45.43358073,2014-12-10,17:24,03 - Snow,03 - Loose snow,01 - Traffic signal,02 - Intersection related,07 - Dark,03 - P.D. only,05 - Turning movement,Industrial Park
12338,HAIG DR btwn RAGLAN AVE & SAUNDERSON DR,372550.8186,5029505.822,-75.63456612,45.40221145,2014-12-12,8:45,03 - Snow,03 - Loose snow,10 - No control,01 - Non intersection,01 - Daylight,03 - P.D. only,01 - Approaching,Elmvale - Eastway - Riverview - Riverview Park West
12339,DES EPINETTES AVE @ JEANNE D'ARC BLVD,382225.6489,5035960.947,-75.50998442,45.45928635,2014-12-12,8:52,03 - Snow,02 - Wet,01 - Traffic signal,02 - Intersection related,01 - Daylight,03 - P.D. only,99 - Other,Orleans Village - Chateauneuf
12340,HIGHWAY 417 btwn HWY417 IC127 RAMP67 & HWY417 IC126 RAMP16,362512.0234,5025158.02,-75.76329616,45.36399006,2014-11-20,15:45,01 - Clear,01 - Dry,10 - No control,01 - Non intersection,01 - Daylight,03 - P.D. only,99 - Other,Carlingwood West - Glabar Park - McKellar Heights
12341,HIGHWAY 417 btwn HWY417 IC119B RAMP57 & HWY417 IC119A RAMP75,368423.8277,5030423.305,-75.68715948,45.41085391,2014-11-20,15:50,01 - Clear,01 - Dry,10 - No control,01 - Non intersection,01 - Daylight,03 - P.D. only,03 - Rear end,The Glebe
12342,HIGHWAY 417 btwn HWY417 IC122 RAMP16 & HWY417 IC122 RAMP61,365326.722,5028891.635,-75.72691154,45.39734701,2014-11-20,17:17,01 - Clear,01 - Dry,10 - No control,01 - Non intersection,07 - Dark,03 - P.D. only,03 - Rear end,Civi
12343,HIGHWAY 417 btwn HWY417 IC117 RAMP61 & HWY417 IC115 RAMP36,371552.6997,5031421.612,-75.64705501,45.4195448,2014-11-20,18:15,01 - Clear,01 - Dry,10 - No control,01 - Non intersection,07 - Dark,03 - P.D. only,03 - Rear end,Overbrook
12344,HIGHWAY 417 btwn HWY417 IC118 RAMP67 & HWY417 IC117 RAMP36,370174.5354,5031112.262,-75.6647039,45.41689153,2014-12-05,11:40,01 - Clear,01 - Dry,10 - No control,01 - Non intersection,01 - Daylight,03 - P.D. only,04 - Sideswipe,Old Ottawa East
12345,HWY417 IC127 RAMP51 btwn HIGHWAY 417 & HWY417 IC127 RAMP53,361992.7557,5024671.319,-75.76998048,45.35965332,2014-12-06,9:08,01 - Clear,02 - Wet,10 - No control,01 - Non intersection,01 - Daylight,03 - P.D. only,07 - SMV other,Iris
12346,HWY417 IC124 RAMP67 btwn CARLING AVE & HIGHWAY 417,364460.3992,5027621.124,-75.73812943,45.38598955,2014-12-06,16:15,01 - Clear,02 - Wet,10 - No control,01 - Non intersection,05 - Dusk,03 - P.D. only,03 - Rear end,Westboro
12347,HWY417 IC119A RAMP67 btwn HWY417 IC119A RAMP66 & HIGHWAY 417,368548.798,5030531.054,-75.68554912,45.41181202,2014-11-21,17:10,01 - Clear,01 - Dry,10 - No control,01 - Non intersection,05 - Dusk,03 - P.D. only,03 - Rear end,Centretown
12348,HERBERTS CORNERS RD btwn MANOTICK STATION RD & STAGECOACH RD,376844.5869,5008216.41,-75.58281985,45.21022948,2014-10-24,8:32,01 - Clear,01 - Dry,10 - No control,01 - Non intersection,01 - Daylight,03 - P.D. only,07 - SMV other,Kars - Osgoode
12349,INNES RD @ 215 W OF CYRVILLE RD/HOME DEPOT W,374863.8856,5031001.259,-75.60481055,45.41543893,2014-10-24,19:35,01 - Clear,01 - Dry,01 - Traffic signal,03 - At intersection,07 - Dark,03 - P.D. only,05 - Turning movement,Industrial Park
12350,INNES RD @ 260 E OF BELCOURT BLVD/WALMART SC,382346.0671,5035399.858,-75.50853339,45.45422479,2014-10-25,15:42,02 - Rain,02 - Wet,01 - Traffic signal,02 - Intersection related,01 - Daylight,03 - P.D. only,03 - Rear end,Orleans Village - Chateauneuf
12351,GREENBANK RD btwn LARKIN DR & MALVERN DR,363258.3881,5016314.054,-75.75481357,45.28435065,2014-10-25,16:12,02 - Rain,02 - Wet,10 - No control,04 - At/near private drive,01 - Daylight,03 - P.D. only,05 - Turning movement,Barrhaven West - Old Barrhaven
12352,GLENCOE ST btwn BELLMAN DR & MIDLAND CRES,361095.5798,5020908.275,-75.78185953,45.32586616,2014-10-17,19:18,01 - Clear,01 - Dry,10 - No control,04 - At/near private drive,07 - Dark,03 - P.D. only,06 - SMV unattended vehicle,Sheahan Estates - Trend Village - Arlington Woods
12353,SOMERSET ST    W btwn PERCY ST & BAY ST,367185.5168,5030608.216,-75.70295484,45.41262916,2014-10-28,0:00,01 - Clear,01 - Dry,10 - No control,01 - Non intersection,00 - Unknown,03 - P.D. only,06 - SMV unattended vehicle,Chinatown
12354,INNES RD @ ORCHARDVIEW AVE/ESPRIT DR,384845.7147,5036559.134,-75.47639043,45.46437302,2014-12-07,13:15,01 - Clear,01 - Dry,01 - Traffic signal,02 - Intersection related,01 - Daylight,03 - P.D. only,03 - Rear end,Fallingbrook
12355,KENT ST btwn ARLINGTON AVE & CATHERINE ST,367902.9569,5030200.441,-75.69384185,45.4088958,2014-12-07,14:56,01 - Clear,01 - Dry,10 - No control,01 - Non intersection,01 - Daylight,03 - P.D. only,04 - Sideswipe,Centretown
12356,NEVILLE ST btwn CLARENDA ST & KELLY AVE,360463.0333,5024163.651,-75.7895618,45.35520846,2014-11-18,5:19,01 - Clear,03 - Loose snow,10 - No control,01 - Non intersection,07 - Dark,03 - P.D. only,06 - SMV unattended vehicle,Whitehaven - Queensway Terrace North
12357,GREENWOOD AVE btwn EDISON AVE & CHURCHILL AVE N,363580.4069,5027302.67,-75.74940399,45.38319855,2014-11-21,10:36,01 - Clear,01 - Dry,10 - No control,01 - Non intersection,01 - Daylight,03 - P.D. only,99 - Other,Westboro
12358,RIVERSIDE DR @ PLEASANT PARK RD,369562.2011,5028416.439,-75.67288099,45.39269241,2014-12-10,17:45,03 - Snow,05 - Packed snow,01 - Traffic signal,02 - Intersection related,07 - Dark,03 - P.D. only,03 - Rear end,Alta Vista
12359,EVE ST @ STEVENS AVE,370890.3385,5032570.584,-75.65536336,45.42994565,2014-11-11,10:27,01 - Clear,01 - Dry,02 - Stop sign,03 - At intersection,01 - Daylight,03 - P.D. only,02 - Angle,Vanier South
12360,CARP RD @ STITTSVILLE MAIN ST,349524.3122,5014330.203,-75.93005461,45.26750733,2014-11-10,9:50,01 - Clear,01 - Dry,01 - Traffic signal,02 - Intersection related,01 - Daylight,03 - P.D. only,03 - Rear end,Stittsville
12361,BESSERER ST @ CUMBERLAND ST,368415.2812,5032257.522,-75.68703184,45.42735834,2014-10-02,13:10,01 - Clear,01 - Dry,01 - Traffic signal,02 - Intersection related,01 - Daylight,03 - P.D. only,03 - Rear end,Byward Market - Parliament Hill
12362,ST. LAURENT BLVD @ WALKLEY RD,373903.224,5028045.907,-75.61749733,45.38894362,2014-11-10,16:16,01 - Clear,01 - Dry,01 - Traffic signal,02 - Intersection related,01 - Daylight,03 - P.D. only,03 - Rear end,Hawthorne Meadows
12363,DOVERCOURT AVE @ FRASER AVE,362756.2663,5027028.487,-75.75995914,45.38080016,2014-11-20,17:10,03 - Snow,03 - Loose snow,02 - Stop sign,03 - At intersection,05 - Dusk,03 - P.D. only,02 - Angle,Carlingwood - McKellar Park - Laurentien View
12364,TERRY FOX DR btwn HWY417 IC140 RAMP25 & PALLADIUM DR,351251.4671,5018205.317,-75.90768295,45.30226479,2014-11-28,19:30,01 - Clear,01 - Dry,10 - No control,01 - Non intersection,07 - Dark,03 - P.D. only,03 - Rear end,Katimavik - Hazeldean
12365,VIEWMOUNT DR btwn MERIVALE RD & GRANT CARMAN DR,365237.8036,5022973.59,-75.72877124,45.34410517,2014-11-19,17:01,01 - Clear,02 - Wet,10 - No control,04 - At/near private drive,07 - Dark,03 - P.D. only,05 - Turning movement,Borden Farm - Stewart Farm - Parkwood Hills - Fisher Glen
12366,DOVERCOURT AVE btwn MELBOURNE AVE & EDISON AVE,363527.638,5027387.263,-75.7500677,45.38396413,2014-11-19,17:07,01 - Clear,05 - Packed snow,10 - No control,01 - Non intersection,05 - Dusk,03 - P.D. only,06 - SMV unattended vehicle,Carlingwood - McKellar Park - Laurentien View
12367,RIDEAU ST btwn CUMBERLAND ST & KING EDWARD AVE,368487.3726,5032397.113,-75.6860926,45.42860777,2014-12-10,22:43,03 - Snow,05 - Packed snow,10 - No control,01 - Non intersection,07 - Dark,03 - P.D. only,06 - SMV unattended vehicle,Lowe
12368,RIVERSIDE DR @ BROOKFIELD RD/HOG'S BACK RD,368167.711,5026223.789,-75.69097055,45.37309113,2014-12-16,20:29,04 - Freezing Rain,06 - Ice,01 - Traffic signal,02 - Intersection related,07 - Dark,03 - P.D. only,05 - Turning movement,Riverside Park
12369,GRANVILLE AVE btwn WELLINGTON ST W & BYRON AVE,364393.5306,5028950.443,-75.73882273,45.3979562,2014-12-15,19:00,01 - Clear,03 - Loose snow,10 - No control,01 - Non intersection,07 - Dark,03 - P.D. only,06 - SMV unattended vehicle,Island Park
12370,BANK ST @ LAURIER AVE,367481.1742,5031263.693,-75.69909449,45.41850052,2014-10-03,18:11,01 - Clear,01 - Dry,01 - Traffic signal,02 - Intersection related,01 - Daylight,03 - P.D. only,03 - Rear end,Downtown
12371,CASTLEFRANK RD btwn HAZELDEAN RD & TO BE DETERMINED,352702.9966,5017647.385,-75.889229,45.29714691,2014-09-21,16:11,01 - Clear,01 - Dry,10 - No control,04 - At/near private drive,01 - Daylight,03 - P.D. only,05 - Turning movement,Glen Cairn - Kanata South Business Park
12372,FALLOWFIELD RD @ MERIVALE RD,366891.7126,5018845.23,-75.7081859,45.30681436,2014-09-10,16:21,01 - Clear,01 - Dry,01 - Traffic signal,02 - Intersection related,01 - Daylight,03 - P.D. only,03 - Rear end,Greenbelt
12373,BANK ST btwn CLEMOW AVE & GLEBE AVE,368231.6537,5029803.679,-75.68969412,45.40529615,2014-09-10,15:30,01 - Clear,01 - Dry,10 - No control,01 - Non intersection,01 - Daylight,03 - P.D. only,04 - Sideswipe,The Glebe
12374,METCALFE ST @ SLATER ST,367730.2748,5031547.68,-75.69587566,45.42103338,2014-08-10,22:23,01 - Clear,01 - Dry,01 - Traffic signal,03 - At intersection,07 - Dark,03 - P.D. only,07 - SMV other,Downtown
12375,OLD INNES RD btwn BANTREE ST & END,373712.4568,5030343.149,-75.61961233,45.40963193,2014-11-12,10:09,01 - Clear,02 - Wet,10 - No control,01 - Non intersection,01 - Daylight,03 - P.D. only,03 - Rear end,Industrial Park
12376,MEADOWLANDS DR @ WITHROW AVE,363664.1376,5023063.224,-75.7488399,45.34504551,2014-10-02,14:45,01 - Clear,01 - Dry,02 - Stop sign,03 - At intersection,01 - Daylight,03 - P.D. only,02 - Angle,Crestview - Meadowlands
12377,REGIONAL ROAD 174 btwn OR174 IC112 RAMP15 & TRANSIT,375136.7955,5033074.472,-75.60102804,45.43406517,2014-10-02,15:56,01 - Clear,01 - Dry,10 - No control,01 - Non intersection,01 - Daylight,03 - P.D. only,03 - Rear end,Greenbelt
12378,CLOVER ST @ HERON RD,369292.7157,5026765.304,-75.67653813,45.37786089,2014-11-23,14:48,01 - Clear,01 - Dry,01 - Traffic signal,03 - At intersection,01 - Daylight,03 - P.D. only,05 - Turning movement,Alta Vista
12379,LYON ST @ SLATER ST,367102.113,5031152.353,-75.70395153,45.41753257,2014-11-23,18:20,01 - Clear,02 - Wet,01 - Traffic signal,02 - Intersection related,07 - Dark,03 - P.D. only,04 - Sideswipe,Downtown
12380,PRINCE OF WALES DR @ STEPHANIE AVE,367512.7038,5022815.057,-75.69976481,45.34247903,2014-02-11,8:13,01 - Clear,01 - Dry,02 - Stop sign,02 - Intersection related,01 - Daylight,03 - P.D. only,03 - Rear end,Industrial Park