Record,Location,X,Y,lon,lat,Date,Time,Environment,Road_Surface,Traffic_Control,Collision_Location,Light,Collision_Classification,Impact_type,Neighborhood
12381,WALKLEY RD btwn RUSSELL RD & LANCASTER RD,374687.274,5028505.806,-75.60742048,45.39300378,2014-11-15,12:42,01 - Clear,01 - Dry,10 - No control,01 - Non intersection,01 - Daylight,03 - P.D. only,03 - Rear end,Sheffield Glen
12382,SMYTH RD @ BOTSFORD ST/DAUPHIN RD,372243.7334,5029262.97,-75.63852152,45.40005602,2014-10-10,12:24,01 - Clear,01 - Dry,01 - Traffic signal,02 - Intersection related,01 - Daylight,03 - P.D. only,03 - Rear end,Elmvale - Eastway - Riverview - Riverview Park West
12383,REGIONAL RD 174 @ TRIM RD,384349.0029,5039990.816,-75.48218547,45.49530476,2014-11-29,12:35,01 - Clear,01 - Dry,01 - Traffic signal,02 - Intersection related,01 - Daylight,03 - P.D. only,03 - Rear end,Chatelaine Village
12384,SAGINAW CRES @ VIEWMOUNT DR,365993.7016,5023207.135,-75.71909746,45.34614104,2014-12-01,19:22,01 - Clear,02 - Wet,02 - Stop sign,03 - At intersection,07 - Dark,03 - P.D. only,02 - Angle,Borden Farm - Stewart Farm - Parkwood Hills - Fisher Glen
12385,MCBEAN ST @ PERTH ST,356743.1089,5006256.114,-75.83891024,45.19435849,2014-11-20,8:40,01 - Clear,02 - Wet,01 - Traffic signal,02 - Intersection related,01 - Daylight,03 - P.D. only,03 - Rear end,Richmond
12386,TIMM DR btwn EAGLESON RD & HAANEL DR,353733.9916,5019606.911,-75.87589096,45.31470808,2014-11-20,7:35,01 - Clear,01 - Dry,10 - No control,01 - Non intersection,03 - Dawn,03 - P.D. only,07 - SMV other,Greenbelt
12387,LAURIER AVE   W btwn KENT ST & BANK ST,367358.9964,5031190.201,-75.70066479,45.4178502,2014-12-17,10:30,04 - Freezing Rain,03 - Loose snow,10 - No control,01 - Non intersection,01 - Daylight,03 - P.D. only,06 - SMV unattended vehicle,Downtown
12388,HIGHWAY 417 btwn HWY417 IC110 RAMP55 & HWY417 IC110 RAMP65,375800.2068,5029081.47,-75.59312536,45.39807134,2014-01-09,20:02,01 - Clear,01 - Dry,10 - No control,01 - Non intersection,07 - Dark,03 - P.D. only,07 - SMV other,Greenbelt
12389,PLUMBER AVE btwn METZ CRES & BATHGATE DR,373485.8819,5033705.526,-75.62203773,45.43990717,2014-10-03,12:30,01 - Clear,01 - Dry,10 - No control,04 - At/near private drive,01 - Daylight,03 - P.D. only,06 - SMV unattended vehicle,Carson Grove - Carson Meadows
12390,NORICE ST @ WOODROFFE AVE,363194.2101,5022394.649,-75.75491501,45.339069,2014-10-03,17:00,01 - Clear,01 - Dry,01 - Traffic signal,02 - Intersection related,01 - Daylight,03 - P.D. only,03 - Rear end,Tanglewood
12391,RICHMOND RD @ WEST HUNT CLUB RD,357145.1734,5018155.306,-75.83254059,45.30140034,2014-09-21,18:00,01 - Clear,02 - Wet,01 - Traffic signal,02 - Intersection related,01 - Daylight,03 - P.D. only,04 - Sideswipe,Greenbelt
12392,AIRPORT PKWY/BROOKFIELD RD @ FLANNERY DR/AIRPORT PKWY RAMPS 52A/53,368695.2448,5026295.014,-75.68422688,45.37368409,2014-09-21,18:30,02 - Rain,02 - Wet,03 - Yield sign,02 - Intersection related,05 - Dusk,03 - P.D. only,03 - Rear end,Riverside Park
12393,LABELLE ST/RAMP @ LEMIEUX ST/HWY417 IC115 RAMP,372541.2465,5031688.569,-75.6343884,45.42185174,2014-09-10,17:27,01 - Clear,01 - Dry,02 - Stop sign,02 - Intersection related,01 - Daylight,03 - P.D. only,05 - Turning movement,Cummings
12394,TRIM RD btwn DEMETER ST & VALIN ST,386254.07,5037751.433,-75.45818599,45.47493733,2014-09-10,17:40,01 - Clear,01 - Dry,10 - No control,01 - Non intersection,01 - Daylight,03 - P.D. only,03 - Rear end,Cardinal Creek
12395,BLACKBURN AVE @ MANN AVE,369623.2133,5031597.341,-75.67168362,45.42130738,2014-08-11,22:10,01 - Clear,01 - Dry,02 - Stop sign,02 - Intersection related,07 - Dark,03 - P.D. only,03 - Rear end,Sandy Hill
12396,PARKDALE AVE @ SCOTT ST,364949.2297,5029725.612,-75.73163098,45.40488348,2014-11-05,8:00,01 - Clear,01 - Dry,01 - Traffic signal,03 - At intersection,01 - Daylight,03 - P.D. only,07 - SMV other,Islan
12397,ALTA VISTA DR @ SMYTH RD,370432.242,5029082.505,-75.66168172,45.39860443,2014-11-08,18:16,01 - Clear,02 - Wet,01 - Traffic signal,02 - Intersection related,07 - Dark,03 - P.D. only,03 - Rear end,Alta Vista
12398,REGIONAL ROAD 174 btwn OLD MONTREAL RD & MCTEER RD,394680.7931,5043051.668,-75.34945649,45.52158778,2014-11-13,17:13,01 - Clear,01 - Dry,10 - No control,01 - Non intersection,07 - Dark,03 - P.D. only,99 - Other,Cumberland - Estates
12399,BOURASSA ST @ ST. LAURENT BLVD,373236.2581,5029694.504,-75.62578531,45.40384245,2014-10-02,16:20,01 - Clear,01 - Dry,01 - Traffic signal,02 - Intersection related,01 - Daylight,03 - P.D. only,04 - Sideswipe,Industrial Park
12400,BANK ST @ GLEN AVE,368804.5579,5028435.631,-75.68255384,45.39293475,2014-10-03,8:13,01 - Clear,01 - Dry,01 - Traffic signal,02 - Intersection related,01 - Daylight,03 - P.D. only,04 - Sideswipe,Old Ottawa South
12401,MERIVALE RD @ WEST HUNT CLUB RD,365613.2022,5021942.752,-75.72410803,45.33479739,2014-11-23,18:26,01 - Clear,01 - Dry,01 - Traffic signal,02 - Intersection related,07 - Dark,03 - P.D. only,03 - Rear end,Industrial Park
12402,MONTREAL RD @ VANIER PKWY,370071.288,5033065.592,-75.66576411,45.43447644,2014-11-28,12:02,01 - Clear,01 - Dry,01 - Traffic signal,02 - Intersection related,01 - Daylight,03 - P.D. only,03 - Rear end,Vanier
12403,AMBERWOOD CRES @ MERIVALE RD,366407.8053,5020016.007,-75.71421069,45.31739149,2014-10-15,12:31,01 - Clear,01 - Dry,02 - Stop sign,03 - At intersection,01 - Daylight,03 - P.D. only,07 - SMV other,Merivale Gardens - Grenfell Glen - Pineglen - Country Place
12404,LYON ST @ WELLINGTON ST,366933.3708,5031428.541,-75.70607255,45.42003263,2014-12-13,23:30,03 - Snow,03 - Loose snow,01 - Traffic signal,02 - Intersection related,07 - Dark,03 - P.D. only,04 - Sideswipe,Downtown
12405,KING EDWARD AVE @ ST. PATRICK ST,368248.7013,5032825.964,-75.68908719,45.43248811,2014-12-14,11:02,01 - Clear,02 - Wet,01 - Traffic signal,02 - Intersection related,01 - Daylight,03 - P.D. only,03 - Rear end,Lower Town
12406,MEADOWLANDS DR btwn HOGAN ST & NESS ST,366324.7508,5024899.801,-75.71466265,45.36134238,2014-11-20,11:53,01 - Clear,01 - Dry,10 - No control,04 - At/near private drive,01 - Daylight,03 - P.D. only,02 - Angle,Borden Farm - Stewart Farm - Parkwood Hills - Fisher Glen
12407,ST. JOSEPH BLVD @ TAYLOR CREEK DR,384033.4111,5039176.209,-75.48635426,45.48801161,2014-11-20,12:10,01 - Clear,01 - Dry,02 - Stop sign,02 - Intersection related,01 - Daylight,03 - P.D. only,03 - Rear end,Industrial Park
12408,BAYSWATER AVE @ SOMERSET ST,365812.2266,5029910.62,-75.72058486,45.40647345,2014-10-03,19:46,01 - Clear,01 - Dry,01 - Traffic signal,03 - At intersection,07 - Dark,03 - P.D. only,05 - Turning movement,Centretow
12409,BLAIR RD @ REGIONAL RD 174 S/OR174 IC112 RAMP15,374908.9242,5032662.166,-75.6039988,45.43037836,2014-10-04,14:57,02 - Rain,02 - Wet,01 - Traffic signal,02 - Intersection related,01 - Daylight,03 - P.D. only,03 - Rear end,Pineview
12410,INDUSTRIAL AVE @ ALTA VISTA DR/SANDFORD FLEMIN,370883.7737,5030557.095,-75.65571732,45.41182973,2014-09-23,9:45,01 - Clear,01 - Dry,01 - Traffic signal,02 - Intersection related,01 - Daylight,03 - P.D. only,05 - Turning movement,Industrial Park
12411,MER BLEUE RD btwn 210 S OF INNES RD & RENAUD RD,382816.4447,5035179.583,-75.50255522,45.45219059,2014-09-23,20:57,"07 - Fog, mist, smoke, dust",01 - Dry,10 - No control,01 - Non intersection,07 - Dark,03 - P.D. only,07 - SMV other,Chapel Hill South
12412,PLEASANT PARK RD @ ALTA VISTA DR,370365.7231,5028467.295,-75.66261304,45.39307522,2014-09-10,21:10,02 - Rain,02 - Wet,01 - Traffic signal,02 - Intersection related,07 - Dark,03 - P.D. only,02 - Angle,Alta Vista
12413,HAWTHORNE RD/RUSSELL RD @ WALKLEY RD,374674.7768,5028500.084,-75.60758088,45.39295354,2014-08-12,17:05,02 - Rain,02 - Wet,01 - Traffic signal,02 - Intersection related,01 - Daylight,03 - P.D. only,04 - Sideswipe,Sheffield Glen
12414,COBOURG ST @ ST. PATRICK ST,368800.9187,5033234.085,-75.68197718,45.4361099,2014-11-09,21:03,02 - Rain,02 - Wet,01 - Traffic signal,02 - Intersection related,07 - Dark,03 - P.D. only,07 - SMV other,Lower Town
12415,ST. LAURENT BLVD @ WALKLEY RD,373901.3283,5028044.959,-75.61752167,45.38893528,2014-09-24,11:27,01 - Clear,01 - Dry,01 - Traffic signal,02 - Intersection related,01 - Daylight,03 - P.D. only,03 - Rear end,Urbandale
12416,CARLING AVE btwn HERZBERG RD & BAYFIELD AVE,352330.669,5022364.316,-75.89352333,45.33961617,2014-11-13,20:00,01 - Clear,01 - Dry,10 - No control,01 - Non intersection,07 - Dark,03 - P.D. only,07 - SMV other,Greenbelt
12417,BRIDLE PATH DR btwn EQUUS WAY & HUNTER'S POINT CRES,371465.7533,5023514.502,-75.64923372,45.34840789,2014-11-13,20:16,01 - Clear,01 - Dry,10 - No control,01 - Non intersection,07 - Dark,03 - P.D. only,01 - Approaching,Emerald Woods - Sawmill Creek
12418,ROCKDALE RD btwn RUSSELL RD & FORCED RD,393938.9555,5026508.861,-75.3619478,45.37285176,2014-11-30,6:19,01 - Clear,01 - Dry,10 - No control,01 - Non intersection,07 - Dark,03 - P.D. only,07 - SMV other,Navan - Vars
12419,MEADOWLANDS DR/TALLWOOD DR @ WOODROFFE AVE,363057.2735,5022731.381,-75.75662246,45.34211028,2014-10-15,13:56,01 - Clear,01 - Dry,01 - Traffic signal,02 - Intersection related,01 - Daylight,03 - P.D. only,03 - Rear end,Crestview - Meadowlands
12420,INNES RD @ VISENEAU DR,381798.7511,5035074.031,-75.51558107,45.45135379,2014-12-14,12:32,01 - Clear,02 - Wet,01 - Traffic signal,02 - Intersection related,01 - Daylight,03 - P.D. only,03 - Rear end,Chapel Hill South
12421,HALTON TER btwn MCBRIEN ST & FLAMBOROUGH WAY,348787.1043,5024114.69,-75.93858018,45.35559758,2014-12-14,15:00,01 - Clear,02 - Wet,10 - No control,01 - Non intersection,01 - Daylight,03 - P.D. only,06 - SMV unattended vehicle,Morgan's Grant
12422,CARP RD btwn KITTIWAKE DR & HAZELDEAN RD,348790.3241,5014373.263,-75.93940393,45.26794109,2014-11-20,13:10,01 - Clear,01 - Dry,10 - No control,01 - Non intersection,01 - Daylight,03 - P.D. only,07 - SMV other,Stittsville
12423,BRONSON AVE btwn RENFREW AVE & POWELL AVE,367368.1095,5029528.112,-75.70075932,45.4028944,2014-11-20,9:45,01 - Clear,01 - Dry,10 - No control,04 - At/near private drive,01 - Daylight,03 - P.D. only,03 - Rear end,The Glebe
12424,ELGIN ST @ ISABELLA ST,368614.7101,5030488.974,-75.68471257,45.41142739,2014-08-26,10:57,01 - Clear,01 - Dry,02 - Stop sign,02 - Intersection related,01 - Daylight,03 - P.D. only,04 - Sideswipe,The Glebe
12425,MONTREAL RD btwn PALACE ST & VANIER PKWY,369973.2512,5033008.064,-75.6670246,45.43396797,2014-09-23,21:43,01 - Clear,01 - Dry,10 - No control,01 - Non intersection,07 - Dark,03 - P.D. only,06 - SMV unattended vehicle,Vanier South
12426,REGIONAL ROAD 174 btwn OR174 IC105 RAMP26 & OR174 IC105 RAMP63,379483.6983,5037083.646,-75.54486925,45.46968602,2014-09-24,6:48,01 - Clear,01 - Dry,10 - No control,01 - Non intersection,03 - Dawn,03 - P.D. only,03 - Rear end,Orleans South West
12427,BRONSON AVE btwn BRONSON AVE SB ON RAMP 43 & SUNNYSIDE AVE/UNIVERSITY ,367913.7054,5028114.296,-75.69397149,45.39012432,2014-11-05,9:47,01 - Clear,01 - Dry,10 - No control,01 - Non intersection,01 - Daylight,03 - P.D. only,03 - Rear end,Carleto
12428,NICHOLAS ST btwn DALY AVE & SB RAMP FROM WALLER/NICHOLAS/MACKENZIE KIN,368241.4451,5032031.408,-75.68928227,45.42533963,2014-11-05,9:51,01 - Clear,01 - Dry,10 - No control,01 - Non intersection,01 - Daylight,03 - P.D. only,04 - Sideswipe,Byward Market - Parliament Hill
12429,SHERWOOD DR btwn LARCHWOOD AVE & BAYSWATER AVE,366225.0036,5028777.913,-75.71545331,45.39624554,2014-08-14,10:53,01 - Clear,01 - Dry,10 - No control,01 - Non intersection,01 - Daylight,03 - P.D. only,03 - Rear end,Civic Hospital - Experimental Farm - Central Park
12430,LEDBURY AVE @ BANK ST EXTENSION NB,370666.7786,5025287.133,-75.65919268,45.36443297,2014-09-24,11:56,01 - Clear,01 - Dry,02 - Stop sign,02 - Intersection related,01 - Daylight,03 - P.D. only,04 - Sideswipe,Ledbury - Heron Gate - Ridgemont - Elmwood
12431,RIVERSIDE DR @ TREMBLAY RD/HWY417 IC117 RAMP52,370801.6042,5031015.908,-75.65670556,45.4159657,2014-09-24,7:05,"07 - Fog, mist, smoke, dust",01 - Dry,01 - Traffic signal,03 - At intersection,01 - Daylight,03 - P.D. only,03 - Rear end,Industrial Park
12432,KING EDWARD AVE @ LAURIER AVE,368740.1811,5032036.478,-75.68290892,45.42533984,2014-11-13,18:45,01 - Clear,01 - Dry,01 - Traffic signal,02 - Intersection related,07 - Dark,03 - P.D. only,03 - Rear end,Sandy Hill
12433,INNES RD/PRESTWICK DR @ LANTHIER DR,383540.7589,5035987.318,-75.49316692,45.45937664,2014-11-13,21:22,01 - Clear,01 - Dry,01 - Traffic signal,03 - At intersection,07 - Dark,03 - P.D. only,05 - Turning movement,Queenswood Heights
12434,GREENBANK RD @ STRANDHERD DR,363934.1578,5014784.417,-75.7463823,45.27053044,2014-10-04,1:30,02 - Rain,02 - Wet,01 - Traffic signal,03 - At intersection,07 - Dark,03 - P.D. only,05 - Turning movement,New Barrhaven
12435,TENTH LINE RD @ CHARLEMAGNE BLVD S/DES EPINETT,383640.9751,5036900.456,-75.49173924,45.46758093,2014-11-30,16:36,01 - Clear,01 - Dry,01 - Traffic signal,03 - At intersection,05 - Dusk,03 - P.D. only,05 - Turning movement,Orlans
12436,KENT ST @ SOMERSET ST,367526.7716,5030815.444,-75.69856898,45.41446323,2014-11-30,16:58,01 - Clear,01 - Dry,01 - Traffic signal,02 - Intersection related,07 - Dark,03 - P.D. only,03 - Rear end,Centretown
12437,BANK ST @ LEITRIM RD,375358.7043,5021618.072,-75.59982961,45.33096378,2014-10-20,16:15,01 - Clear,01 - Dry,01 - Traffic signal,03 - At intersection,01 - Daylight,03 - P.D. only,02 - Angle,Greenbelt
12438,BERRIGAN DR btwn CROXLEY WAY & CLARIDGE DR,364615.1093,5015827.852,-75.73757916,45.27986167,2014-10-20,16:45,02 - Rain,02 - Wet,10 - No control,01 - Non intersection,05 - Dusk,03 - P.D. only,06 - SMV unattended vehicle,New Barrhaven
12439,INNES RD @ STAR TOP RD/WINDMILL LANE,374147.7258,5030667.036,-75.61400668,45.41250311,2014-12-15,4:23,01 - Clear,01 - Dry,01 - Traffic signal,02 - Intersection related,07 - Dark,03 - P.D. only,02 - Angle,Industrial Park
12440,RIDEAU RD btwn SPRATT RD & LIMEBANK RD,370426.3328,5013840.613,-75.66377782,45.26146237,2014-12-15,6:24,01 - Clear,02 - Wet,10 - No control,01 - Non intersection,07 - Dark,03 - P.D. only,07 - SMV other,Greenbelt
12441,BRIAN COBURN BLVD btwn AQUAVIEW DR & TENTH LINE RD,384757.7442,5035172.403,-75.47774069,45.45190658,2014-10-03,17:57,01 - Clear,01 - Dry,10 - No control,01 - Non intersection,01 - Daylight,03 - P.D. only,06 - SMV unattended vehicle,Avalon
12442,GENTLE GATE CRES btwn TAPIOLA CRES & TAPIOLA CRES,371679.4185,5025167.878,-75.64628363,45.36326407,2014-10-11,22:50,01 - Clear,01 - Dry,10 - No control,01 - Non intersection,07 - Dark,03 - P.D. only,06 - SMV unattended vehicle,South Keys - Heron Gate - Greenboro West
12443,WEST HUNT CLUB RD WB btwn CEDARVIEW RD & GREENBANK RD,359878.8802,5019651.563,-75.79751906,45.31465474,2014-09-03,17:20,01 - Clear,01 - Dry,10 - No control,01 - Non intersection,01 - Daylight,03 - P.D. only,03 - Rear end,Greenbelt
12444,CARP RD btwn BAIRD SIDE RD & THOMAS A. DOLAN PKWY,335008.9841,5027424.027,-76.1142269,45.38610543,2014-09-02,19:17,01 - Clear,01 - Dry,10 - No control,01 - Non intersection,05 - Dusk,03 - P.D. only,07 - SMV other,Car
12445,NEIL WAY @ RIVERSIDE DR,369464.7298,5028288.946,-75.67414243,45.39155428,2014-09-24,7:53,"07 - Fog, mist, smoke, dust",01 - Dry,02 - Stop sign,02 - Intersection related,01 - Daylight,03 - P.D. only,03 - Rear end,Alta Vista
12446,SLATER ST btwn LYON ST N & KENT ST,367181.8035,5031203.374,-75.70292694,45.41798454,2014-11-05,10:32,01 - Clear,01 - Dry,10 - No control,01 - Non intersection,01 - Daylight,03 - P.D. only,04 - Sideswipe,Downtown
12447,DONNELLY DR btwn BEAMAN LANE & MERLYN WILSON RD,368308.8163,4990017.482,-75.69378521,45.04729414,2014-11-04,18:00,02 - Rain,02 - Wet,10 - No control,01 - Non intersection,07 - Dark,03 - P.D. only,07 - SMV other,Munster Hamlet - Richmond
12448,REGIONAL ROAD 174 EB btwn OR174 IC109 RAMP55 & TRANSIT,376488.0325,5035012.741,-75.58347778,45.45136729,2014-08-17,17:02,02 - Rain,02 - Wet,10 - No control,01 - Non intersection,01 - Daylight,03 - P.D. only,03 - Rear end,Greenbelt
12449,CARLING AVE @ HOLLAND AVE,365417.1726,5028038.547,-75.72586116,45.38966329,2014-08-12,15:30,01 - Clear,01 - Dry,01 - Traffic signal,02 - Intersection related,01 - Daylight,03 - P.D. only,03 - Rear end,Civic Hospital - Experimental Farm - Central Park
12450,INNES RD @ TENTH LINE RD,383950.3385,5036157.665,-75.48790316,45.46086299,2014-09-23,19:50,01 - Clear,01 - Dry,01 - Traffic signal,02 - Intersection related,07 - Dark,03 - P.D. only,03 - Rear end,Queenswood Heights
12451,CYRVILLE RD btwn INNES RD & END,375088.0091,5031033.308,-75.60194276,45.41570482,2014-09-24,18:39,01 - Clear,01 - Dry,10 - No control,04 - At/near private drive,01 - Daylight,03 - P.D. only,05 - Turning movement,Industrial Park
12452,RYEBURN DR btwn HONEY GABLES DR & END,367645.1173,5015802.815,-75.69896467,45.27937206,2014-11-14,9:30,01 - Clear,01 - Dry,10 - No control,04 - At/near private drive,01 - Daylight,03 - P.D. only,06 - SMV unattended vehicle,Gloucester
12453,RICHMOND RD @ HOLLY ACRES RD/NANAIMO DR,359058.1977,5022749.444,-75.80764582,45.34259352,2014-11-24,17:11,02 - Rain,02 - Wet,01 - Traffic signal,03 - At intersection,07 - Dark,03 - P.D. only,05 - Turning movement,Greenbelt
12454,DESCHAMPS AVE btwn MARIER AVE & END,370375.2632,5033354.019,-75.66184098,45.43704315,2014-10-04,1:33,01 - Clear,02 - Wet,10 - No control,04 - At/near private drive,07 - Dark,03 - P.D. only,07 - SMV other,Vanier North
12455,COLONIAL RD btwn DESSAINT ST & SARSFIELD RD,395052.3661,5034132.362,-75.3463401,45.44129604,2014-10-04,3:48,02 - Rain,02 - Wet,10 - No control,01 - Non intersection,07 - Dark,03 - P.D. only,07 - SMV other,Navan - Vars
12456,CADBORO RD @ OGILVIE RD,373601.2291,5032665.324,-75.62070888,45.43053664,2014-11-30,19:02,02 - Rain,02 - Wet,01 - Traffic signal,02 - Intersection related,07 - Dark,03 - P.D. only,03 - Rear end,Industrial Park
12457,GREENBANK RD @ MEADOWBANK DR,360766.6279,5022186.977,-75.78591093,45.33739823,2014-10-20,19:41,02 - Rain,02 - Wet,02 - Stop sign,02 - Intersection related,07 - Dark,03 - P.D. only,03 - Rear end,Briar Green - Leslie Park
12458,LIARD ST @ STITTSVILLE MAIN ST,350797.5363,5012711.467,-75.91397995,45.25285927,2014-10-20,20:38,02 - Rain,02 - Wet,02 - Stop sign,02 - Intersection related,07 - Dark,03 - P.D. only,01 - Approaching,Stittsville
12459,BOOTH ST @ SOMERSET ST,366594.603,5030255.046,-75.71054798,45.40950387,2014-12-15,6:49,01 - Clear,02 - Wet,01 - Traffic signal,03 - At intersection,07 - Dark,03 - P.D. only,05 - Turning movement,Chinatown
12460,DONALD ST btwn EVE ST & LOLA ST,371079.5241,5032355.308,-75.6529748,45.42799078,2014-12-15,7:07,01 - Clear,02 - Wet,10 - No control,04 - At/near private drive,03 - Dawn,03 - P.D. only,99 - Other,Overbrook
12461,Aveia Priv btwn Old Montreal Rd and Lionel Priv ,385120.0611,5039546.784,-75.47239418,45.49122148,2014-09-14,11:00,01 - Clear,01 - Dry,10 - No control,04 - At/near private drive,01 - Daylight,03 - P.D. only,06 - SMV unattended vehicle,Cumberland - Estates
12462,ROCKWAY CRES btwn ROCKWAY CRES & END,361334.3942,5022674.21,-75.77861159,45.34173682,2014-10-15,0:00,01 - Clear,01 - Dry,10 - No control,01 - Non intersection,00 - Unknown,03 - P.D. only,06 - SMV unattended vehicle,Briar Green - Leslie Park
12463,DORCHESTER AVE btwn MERIVALE RD & PRINCE ST,364885.7726,5026565.065,-75.73282638,45.37645096,2014-12-01,1:00,01 - Clear,01 - Dry,10 - No control,01 - Non intersection,07 - Dark,03 - P.D. only,06 - SMV unattended vehicle,Carlington
12464,ESPRIT DR @ DU PLATEAU ST/SCALA AVE,384872.6326,5036398.494,-75.47607243,45.46292465,2014-09-10,23:00,01 - Clear,01 - Dry,02 - Stop sign,03 - At intersection,07 - Dark,03 - P.D. only,02 - Angle,Avalon
12465,STAGECOACH RD btwn MITCH OWENS RD & VISTA PATRICK PRIV,375422.0296,5014432.326,-75.60004526,45.26630265,2014-09-24,8:35,"07 - Fog, mist, smoke, dust",01 - Dry,10 - No control,01 - Non intersection,01 - Daylight,03 - P.D. only,07 - SMV other,Greely
12466,KING EDWARD AVE @ SUSSEX DR,367663.2261,5033505.493,-75.6964824,45.43865514,2014-09-24,8:58,01 - Clear,01 - Dry,01 - Traffic signal,02 - Intersection related,01 - Daylight,03 - P.D. only,03 - Rear end,Byward Market - Parliament Hill
12467,DALY AVE @ KING EDWARD AVE,368591.7076,5032274.346,-75.68477526,45.42749364,2014-11-05,15:55,01 - Clear,01 - Dry,02 - Stop sign,03 - At intersection,01 - Daylight,03 - P.D. only,02 - Angle,Sandy Hill
12468,FALLOWFIELD RD btwn O'KEEFE CRT & CEDARVIEW RD,360836.1445,5015339.376,-75.78579821,45.27577769,2014-11-05,7:20,01 - Clear,01 - Dry,10 - No control,01 - Non intersection,01 - Daylight,03 - P.D. only,04 - Sideswipe,Munster Hamlet - Richmond
12469,NOTRE DAME ST btwn BELCOURT BLVD & BARSONA PL,381336.5233,5037226.856,-75.52115458,45.47077392,2014-08-07,14:42,01 - Clear,01 - Dry,10 - No control,04 - At/near private drive,01 - Daylight,03 - P.D. only,06 - SMV unattended vehicle,Orleans Village - Chateauneuf
12470,BYRON AVE btwn NEW ORCHARD AVE & WOODLAND AVE,361328.6658,5026211.975,-75.77828011,45.3735699,2014-09-25,17:49,01 - Clear,01 - Dry,10 - No control,01 - Non intersection,01 - Daylight,03 - P.D. only,03 - Rear end,Carlingwood West - Glabar Park - McKellar Heights
12471,LABELLE ST/RAMP @ LEMIEUX ST/HWY417 IC115 RAMP,372540.2986,5031688.569,-75.63440051,45.42185183,2014-09-20,12:30,01 - Clear,01 - Dry,02 - Stop sign,02 - Intersection related,01 - Daylight,03 - P.D. only,03 - Rear end,Cummings
12472,SNAKE ISLAND RD btwn KEARNS WAY & 5TH LINE RD,379809.4867,5007692.823,-75.54515849,45.20520909,2014-10-04,22:08,01 - Clear,02 - Wet,10 - No control,01 - Non intersection,07 - Dark,03 - P.D. only,07 - SMV other,Kars - Osgoode
12473,METCALFE ST @ GILMOUR ST,368099.1877,5030960.569,-75.69123758,45.41571747,2014-10-25,12:49,01 - Clear,01 - Dry,01 - Traffic signal,02 - Intersection related,01 - Daylight,03 - P.D. only,05 - Turning movement,Centretown
12474,CEDARVIEW RD @ WEST HUNT CLUB RD,359719.1513,5019554.478,-75.79956686,45.31379368,2014-10-04,8:56,02 - Rain,02 - Wet,01 - Traffic signal,03 - At intersection,01 - Daylight,03 - P.D. only,02 - Angle,Greenbelt
12475,ALERT RD/AIRPORT PKWY/UPLANDS DR RAMP 62 @ LES,371305.6193,5021353.941,-75.65156747,45.32898301,2014-10-04,9:51,02 - Rain,02 - Wet,01 - Traffic signal,03 - At intersection,01 - Daylight,03 - P.D. only,02 - Angle,Greenbelt
12476,GREENBANK RD @ PRINCE OF WALES DR,366199.3215,5009542.433,-75.71816459,45.22316897,2014-11-30,19:11,02 - Rain,02 - Wet,02 - Stop sign,02 - Intersection related,07 - Dark,03 - P.D. only,07 - SMV other,New Barrhaven
12477,MONA AVE @ MONTREAL RD,370752.7095,5033439.856,-75.65700562,45.43777997,2014-11-30,21:27,02 - Rain,02 - Wet,02 - Stop sign,03 - At intersection,07 - Dark,03 - P.D. only,02 - Angle,Vanier South
12478,KENT ST @ NEPEAN ST,367397.7536,5031031.001,-75.70018985,45.4164143,2014-10-20,20:50,01 - Clear,02 - Wet,01 - Traffic signal,02 - Intersection related,07 - Dark,03 - P.D. only,04 - Sideswipe,Centretown
12479,ALBERT ST @ LYON ST,367062.7002,5031221.009,-75.70444639,45.41815383,2014-10-20,21:40,02 - Rain,02 - Wet,01 - Traffic signal,03 - At intersection,07 - Dark,03 - P.D. only,02 - Angle,Downtown
12480,ALBERT ST @ EMPRESS AVE,366575.4272,5030722.134,-75.7107344,45.41370829,2014-12-15,9:59,01 - Clear,02 - Wet,01 - Traffic signal,03 - At intersection,01 - Daylight,03 - P.D. only,02 - Angle,Centretown West
12481,WEST HUNT CLUB RD WB btwn ROYDON PL/SUNDERLAND ST & 545 E OF ROYDON PL,366182.9621,5022313.9,-75.71679333,45.33808731,2014-12-15,11:27,01 - Clear,01 - Dry,10 - No control,04 - At/near private drive,01 - Daylight,03 - P.D. only,05 - Turning movement,Industrial Park
12482,HANCOCK CRES btwn PRINCESS LOUISE DR & MARINOFF WAY (2),384130.6546,5038205.059,-75.4852673,45.47926308,2014-12-08,0:00,01 - Clear,05 - Packed snow,10 - No control,01 - Non intersection,00 - Unknown,03 - P.D. only,06 - SMV unattended vehicle,Fallingbrook
12483,BASELINE RD @ GREENBANK RD,360597.6843,5022585.925,-75.78802136,45.34100141,2014-11-20,13:00,01 - Clear,01 - Dry,01 - Traffic signal,02 - Intersection related,01 - Daylight,03 - P.D. only,03 - Rear end,Qualicum - Redwood Park
12484,RIVERSIDE DR NB btwn TREMBLAY RD & HWY417 IC117 RAMP25,370817.3296,5031026.307,-75.65650326,45.41605778,2014-09-10,19:05,01 - Clear,01 - Dry,10 - No control,01 - Non intersection,05 - Dusk,03 - P.D. only,04 - Sideswipe,Industrial Park