Record,Location,X,Y,lon,lat,Date,Time,Environment,Road_Surface,Traffic_Control,Collision_Location,Light,Collision_Classification,Impact_type,Neighborhood
12485,TENTH LINE RD btwn OLD TENTH LINE RD & TOMPKINS AVE,383136.0626,5038124.801,-75.49800013,45.4786533,2014-09-13,9:40,01 - Clear,01 - Dry,10 - No control,01 - Non intersection,01 - Daylight,03 - P.D. only,04 - Sideswipe,Queenswood Heights
12486,MERIVALE RD btwn MEADOWLANDS DR & 210 S OF MEADOWLANDS DR/MERIVALE PL ,364910.9564,5023610.071,-75.73286431,45.34986023,2014-09-20,15:30,01 - Clear,01 - Dry,10 - No control,04 - At/near private drive,01 - Daylight,03 - P.D. only,03 - Rear end,Borden Farm - Stewart Farm - Parkwood Hills - Fisher Glen
12487,JINKINSON RD btwn FERNBANK RD & HAZELDEAN RD,345684.1211,5007881.321,-75.97952013,45.20971094,2014-09-23,11:18,01 - Clear,01 - Dry,10 - No control,01 - Non intersection,01 - Daylight,03 - P.D. only,07 - SMV other,Munster Hamlet - Richmond
12488,JEANNE D'ARC BLVD  S btwn CEDAR MILLS RD & BEAUSEJOUR DR,381262.1781,5036257.71,-75.52225603,45.46206249,2014-11-05,18:04,01 - Clear,01 - Dry,10 - No control,01 - Non intersection,07 - Dark,03 - P.D. only,04 - Sideswipe,Orleans Village - Chateauneuf
12489,CLYDE AVE btwn CLYDE AVE & STARWOOD RD,364423.5356,5024745.059,-75.73894733,45.36011431,2014-11-07,8:55,01 - Clear,01 - Dry,10 - No control,04 - At/near private drive,01 - Daylight,03 - P.D. only,03 - Rear end,Cityview - Skyline - Fisher Heights
12490,ALTA VISTA DR @ SMYTH RD,370433.2229,5029081.811,-75.66166928,45.39859809,2014-08-20,16:03,01 - Clear,01 - Dry,01 - Traffic signal,02 - Intersection related,01 - Daylight,03 - P.D. only,04 - Sideswipe,Alta Vista
12491,MONTREAL RD/HANNAH ST @ CODY AVE,370254.2433,5033169.592,-75.66341217,45.43539509,2014-08-21,20:44,01 - Clear,01 - Dry,01 - Traffic signal,02 - Intersection related,07 - Dark,03 - P.D. only,03 - Rear end,Vanier
12492,HUNT CLUB RD @ BRIDLE PATH DR/DAZE ST,371292.2028,5023864.504,-75.65140121,45.35157357,2014-09-25,20:00,01 - Clear,01 - Dry,01 - Traffic signal,03 - At intersection,07 - Dark,03 - P.D. only,05 - Turning movement,South Keys - Heron Gate - Greenboro West
12493,CABIN RD @ NIXON DR,373937.2332,5001598.386,-75.62074519,45.15097253,2014-09-25,20:26,01 - Clear,01 - Dry,02 - Stop sign,03 - At intersection,07 - Dark,03 - P.D. only,07 - SMV other,Kars - Osgoode
12494,CATHERINE ST @ KENT ST,367908.1814,5030189.512,-75.69377651,45.408797,2014-11-01,2:14,01 - Clear,01 - Dry,01 - Traffic signal,03 - At intersection,07 - Dark,03 - P.D. only,02 - Angle,Centretown
12495,SLATER ST btwn KENT ST & BANK ST,367387.0251,5031330.724,-75.70028884,45.41911207,2014-11-01,2:33,01 - Clear,01 - Dry,10 - No control,01 - Non intersection,07 - Dark,03 - P.D. only,06 - SMV unattended vehicle,Downtown
12496,UPLANDS DR btwn TO BE DETERMINED & RAMP,371027.5269,5021388.649,-75.65511015,45.3293216,2014-10-04,10:00,02 - Rain,02 - Wet,10 - No control,01 - Non intersection,01 - Daylight,03 - P.D. only,99 - Other,Greenbelt
12497,BANK ST @ KILBORN AVE/BELANGER AVE,369653.246,5027427.548,-75.67184827,45.38378627,2014-10-04,10:30,01 - Clear,02 - Wet,01 - Traffic signal,02 - Intersection related,01 - Daylight,03 - P.D. only,03 - Rear end,Alta Vista
12498,HAWTHORNE RD btwn BLAIS RD & RIDEAU RD,378545.6176,5019127.652,-75.55954794,45.30822857,2014-10-20,23:36,02 - Rain,02 - Wet,10 - No control,01 - Non intersection,07 - Dark,03 - P.D. only,07 - SMV other,Greenbelt
12499,ROCKWOOD ST btwn LAFRAMBOISE PL & CLARENCE ST E,369100.7489,5033207.748,-75.67814876,45.43584542,2014-10-22,1:49,01 - Clear,01 - Dry,10 - No control,01 - Non intersection,07 - Dark,03 - P.D. only,06 - SMV unattended vehicle,Lower Town
12500,MERIVALE RD btwn ROSSLAND AVE & EMERALD PLAZA SC,364679.3977,5024134.887,-75.73575564,45.35460226,2014-12-15,11:35,01 - Clear,02 - Wet,10 - No control,01 - Non intersection,01 - Daylight,03 - P.D. only,04 - Sideswipe,Cityview - Skyline - Fisher Heights
12501,PRINCE OF WALES DR btwn SANFORD AVE & FOREST HILL AVE,366800.7955,5026248.767,-75.70841743,45.37343815,2014-12-15,8:30,01 - Clear,04 - Slush,10 - No control,01 - Non intersection,01 - Daylight,03 - P.D. only,04 - Sideswipe,Civic Hospital - Experimental Farm - Central Park
12502,BASELINE RD @ WOODROFFE AVE,362549.6902,5023770.03,-75.76297754,45.35149794,2014-11-20,14:15,01 - Clear,01 - Dry,01 - Traffic signal,02 - Intersection related,01 - Daylight,03 - P.D. only,03 - Rear end,Iris
12503,PARENT AVE btwn ST. PATRICK ST & MURRAY ST,367859.4116,5032497.863,-75.69410407,45.42957118,2014-11-20,14:51,01 - Clear,01 - Dry,10 - No control,01 - Non intersection,01 - Daylight,03 - P.D. only,04 - Sideswipe,Byward Market
12504,BASELINE RD @ LEXINGTON ST,366392.1816,5026169.526,-75.71364371,45.37276119,2014-09-16,16:23,01 - Clear,01 - Dry,02 - Stop sign,02 - Intersection related,01 - Daylight,03 - P.D. only,03 - Rear end,Civic Hospital - Experimental Farm - Central Park
12505,BASELINE RD @ MERIVALE RD,365055.1703,5025325.515,-75.73081491,45.36528316,2014-09-16,17:23,01 - Clear,01 - Dry,01 - Traffic signal,02 - Intersection related,01 - Daylight,03 - P.D. only,03 - Rear end,Civic Hospital - Experimental Farm - Central Park
12506,BASELINE RD @ WOODROFFE AVE,362550.1641,5023770.505,-75.76297143,45.35150218,2014-08-19,22:30,01 - Clear,01 - Dry,01 - Traffic signal,02 - Intersection related,07 - Dark,03 - P.D. only,03 - Rear end,Iris
12507,REGIONAL ROAD 174 btwn MORIN RD & OLD MONTREAL RD,392519.2038,5042743.051,-75.37717631,45.51908658,2014-11-08,10:43,01 - Clear,01 - Dry,10 - No control,01 - Non intersection,01 - Daylight,03 - P.D. only,07 - SMV other,Cumberland - Estates
12508,MOODIE DR @ 200 N OF ROBERTSON RD,356988.1224,5020640.537,-75.83428126,45.32377444,2014-11-08,13:45,03 - Snow,02 - Wet,01 - Traffic signal,02 - Intersection related,01 - Daylight,03 - P.D. only,03 - Rear end,Bells Corners West
12509,ABERDEEN ST btwn PRESTON ST & END,366637.9506,5029335.875,-75.71010953,45.40122959,2014-08-23,3:00,01 - Clear,01 - Dry,10 - No control,04 - At/near private drive,07 - Dark,03 - P.D. only,06 - SMV unattended vehicle,Little Italy
12510,WEST RIDGE DR btwn STEGGALL CRES & SABLE RUN DR,348960.7404,5013311.188,-75.93732673,45.25837346,2014-09-29,15:57,01 - Clear,01 - Dry,10 - No control,04 - At/near private drive,01 - Daylight,03 - P.D. only,06 - SMV unattended vehicle,Crossing Bridge
12511,RICHMOND RD @ HOLLY ACRES RD/NANAIMO DR,359060.0934,5022746.6,-75.80762194,45.34256778,2014-10-31,15:14,01 - Clear,01 - Dry,01 - Traffic signal,02 - Intersection related,01 - Daylight,03 - P.D. only,02 - Angle,Greenbelt
12512,MONTREAL RD @ CARSON'S RD/CODD'S RD,372770.7184,5034399.341,-75.63108226,45.44621966,2014-11-01,11:25,01 - Clear,01 - Dry,01 - Traffic signal,02 - Intersection related,01 - Daylight,03 - P.D. only,03 - Rear end,Carson Grove - Carson Meadows
12513,TERRY FOX DR @ WESTPHALIAN AVE,353455.2261,5015759.789,-75.87982363,45.28011017,2014-10-04,12:00,02 - Rain,02 - Wet,01 - Traffic signal,02 - Intersection related,01 - Daylight,03 - P.D. only,03 - Rear end,Glen Cairn - Kanata South Business Park
12514,INNES RD btwn FRANK KENNY RD & O'TOOLE RD,388454.5649,5037957.34,-75.43001103,45.47652971,2014-10-04,12:10,02 - Rain,02 - Wet,10 - No control,01 - Non intersection,01 - Daylight,03 - P.D. only,07 - SMV other,Navan - Vars
12515,PRINCE OF WALES DR btwn WATERBRIDGE DR & CRESTWAY DR,367353.4239,5016374.059,-75.70261028,45.28453808,2014-10-22,7:10,01 - Clear,01 - Dry,10 - No control,01 - Non intersection,01 - Daylight,03 - P.D. only,03 - Rear end,Greenbelt
12516,HOLLAND AVE/TUNNEY'S PASTURE @ SCOTT ST,364735.7968,5029595.082,-75.73437307,45.40372731,2014-10-22,8:06,01 - Clear,01 - Dry,01 - Traffic signal,03 - At intersection,01 - Daylight,03 - P.D. only,05 - Turning movement,Island Park
12517,PRINCE OF WALES DR btwn COLONNADE RD & STEPHANIE AVE,367481.1724,5023008.559,-75.7001426,45.34422294,2014-12-15,11:44,01 - Clear,02 - Wet,10 - No control,01 - Non intersection,01 - Daylight,03 - P.D. only,03 - Rear end,Industrial Park
12518,YORK ST WB btwn BYWARD MARKE SQ & SUSSEX DR,367848.5055,5032291.902,-75.6942698,45.427719,2014-12-15,11:00,01 - Clear,01 - Dry,10 - No control,01 - Non intersection,01 - Daylight,03 - P.D. only,06 - SMV unattended vehicle,Byward Market
12519,HAZELDEAN RD @ HUNTMAR DR/IBER RD,350942.5979,5016078.007,-75.91181914,45.283143,2014-11-20,14:59,01 - Clear,01 - Dry,01 - Traffic signal,02 - Intersection related,01 - Daylight,03 - P.D. only,03 - Rear end,Stittsville
12520,RIVERSIDE DR NB btwn INDUSTRIAL AVE & TREMBLAY RD,370779.4527,5030877.967,-75.65700702,45.41472665,2014-09-17,14:51,01 - Clear,01 - Dry,10 - No control,01 - Non intersection,01 - Daylight,03 - P.D. only,04 - Sideswipe,Industrial Park
12521,COVE ISLAND TER btwn WOLFE POINT WAY & CANYON WALK DR,368489.0822,5016129.363,-75.68816651,45.28223435,2014-09-20,16:26,02 - Rain,02 - Wet,10 - No control,04 - At/near private drive,01 - Daylight,03 - P.D. only,06 - SMV unattended vehicle,Gloucester
12522,FISHER AVE @ PRINCE OF WALES DR,367161.2309,5023944.407,-75.70410689,45.35267204,2014-09-20,16:29,02 - Rain,02 - Wet,01 - Traffic signal,02 - Intersection related,01 - Daylight,03 - P.D. only,03 - Rear end,Borden Farm - Stewart Farm - Parkwood Hills - Fisher Glen
12523,BARNSDALE RD @ PRINCE OF WALES DR,366645.2744,5011533.361,-75.71223907,45.24104434,2014-11-08,17:13,02 - Rain,02 - Wet,02 - Stop sign,03 - At intersection,07 - Dark,03 - P.D. only,02 - Angle,New Barrhaven
12524,BOWESVILLE RD/EMERALD LINKS DR W @ MITCH OWENS,374180.8977,5013710.838,-75.61596018,45.25993442,2014-08-23,12:32,01 - Clear,01 - Dry,02 - Stop sign,02 - Intersection related,01 - Daylight,03 - P.D. only,03 - Rear end,Osgoode
12525,INNES RD @ ORLEANS BLVD,380460.7951,5034296.656,-75.53280374,45.4445057,2014-08-25,18:19,01 - Clear,01 - Dry,01 - Traffic signal,02 - Intersection related,01 - Daylight,03 - P.D. only,03 - Rear end,Orleans Village - Chateauneuf
12526,BRONSON AVE btwn CARLING AVE & FIRST AVE,367461.0087,5029303.733,-75.69960126,45.4008672,2014-10-24,19:15,01 - Clear,01 - Dry,10 - No control,04 - At/near private drive,07 - Dark,03 - P.D. only,02 - Angle,The Glebe
12527,FALLOWFIELD RD btwn HWY416 IC66 RAMP62 & STRANDHERD DR,360701.0207,5014958.859,-75.78756312,45.27236452,2014-11-09,5:54,01 - Clear,01 - Dry,10 - No control,01 - Non intersection,07 - Dark,03 - P.D. only,07 - SMV other,Munster Hamlet - Richmond
12528,RICHARDSON SIDE RD @ SPRUCE RIDGE RD,343202.9191,5014397.963,-76.010603,45.26849064,2014-11-09,10:20,01 - Clear,01 - Dry,02 - Stop sign,03 - At intersection,01 - Daylight,03 - P.D. only,02 - Angle,Stittsville - Basswood
12529,WEST HUNT CLUB RD @ 354 E OF WOODROFFE AVE/REC,363982.2131,5021424.489,-75.74497731,45.33027356,2014-10-04,12:22,02 - Rain,02 - Wet,01 - Traffic signal,02 - Intersection related,01 - Daylight,03 - P.D. only,03 - Rear end,Tanglewood
12530,TENTH LINE RD @ CHARLEMAGNE BLVD S/DES EPINETT,383640.9751,5036900.456,-75.49173924,45.46758093,2014-10-04,12:42,02 - Rain,02 - Wet,01 - Traffic signal,02 - Intersection related,01 - Daylight,03 - P.D. only,03 - Rear end,Orlans
12531,BLAIR RD btwn BEAVERPOND DR & INNES RD,375407.3309,5031852.239,-75.597746,45.42304095,2014-10-01,18:18,01 - Clear,01 - Dry,10 - No control,01 - Non intersection,05 - Dusk,03 - P.D. only,03 - Rear end,Pineview
12532,MEADOWLANDS DR/TALLWOOD DR @ WOODROFFE AVE,363056.3246,5022730.736,-75.75663464,45.34210455,2014-10-22,9:01,01 - Clear,01 - Dry,01 - Traffic signal,02 - Intersection related,01 - Daylight,03 - P.D. only,03 - Rear end,Crestview - Meadowlands
12533,CONROY RD @ WALKLEY RD,372904.6727,5027464.006,-75.63032843,45.38380574,2014-12-15,12:20,01 - Clear,01 - Dry,01 - Traffic signal,02 - Intersection related,01 - Daylight,03 - P.D. only,03 - Rear end,Elmvale - Eastway - Riverview - Riverview Park West
12534,REGIONAL ROAD 174 btwn QUIGLEY HILL RD & CAMERON ST,389658.3983,5042582.885,-75.4138162,45.51799965,2014-11-20,15:30,01 - Clear,01 - Dry,10 - No control,01 - Non intersection,01 - Daylight,03 - P.D. only,03 - Rear end,Cumberland - Estates
12535,BANK ST @ LEITRIM RD,375357.7542,5021620.922,-75.59984132,45.33098952,2014-11-20,15:52,01 - Clear,01 - Dry,01 - Traffic signal,02 - Intersection related,01 - Daylight,03 - P.D. only,03 - Rear end,Greenbelt
12536,HAWTHORNE AVE/ISABELLA ST @ QUEEN ELIZABETH DR,368663.3418,5030476.572,-75.68409293,45.41131137,2014-09-19,17:04,01 - Clear,01 - Dry,01 - Traffic signal,02 - Intersection related,01 - Daylight,03 - P.D. only,03 - Rear end,The Glebe
12537,ARMSTRONG ST @ MCCORMICK ST,365265.3815,5029485.431,-75.72762216,45.40269515,2014-09-20,16:47,02 - Rain,02 - Wet,02 - Stop sign,03 - At intersection,01 - Daylight,03 - P.D. only,02 - Angle,Hintonburg
12538,MONTREAL RD @ BATHGATE DR/BURMA RD,373223.7085,5034517.353,-75.62527563,45.44723727,2014-09-03,19:05,01 - Clear,01 - Dry,01 - Traffic signal,03 - At intersection,01 - Daylight,03 - P.D. only,05 - Turning movement,Carson Grove - Carson Meadows
12539,AIRPORT PKWY/BROOKFIELD RD @ FLANNERY DR/AIRPORT PKWY RAMPS 52A/53,368694.297,5026293.118,-75.68423923,45.37366712,2014-11-09,11:02,01 - Clear,01 - Dry,03 - Yield sign,03 - At intersection,01 - Daylight,03 - P.D. only,02 - Angle,Riverside Park
12540,ALEXANDER ST @ SUSSEX DR,367892.1739,5034016.55,-75.69349076,45.44323283,2014-08-27,8:40,01 - Clear,01 - Dry,02 - Stop sign,02 - Intersection related,01 - Daylight,03 - P.D. only,03 - Rear end,New Edinburgh
12541,BANK ST btwn EVANS AVE & EVANS BLVD,369922.344,5027053.772,-75.66846165,45.38039819,2014-08-27,16:35,01 - Clear,01 - Dry,10 - No control,01 - Non intersection,01 - Daylight,03 - P.D. only,03 - Rear end,Alta Vista
12542,BASELINE RD btwn TURN LANE & TURN LANE (1),365008.7248,5025298.975,-75.73141099,45.36504835,2014-10-31,15:54,01 - Clear,01 - Dry,10 - No control,01 - Non intersection,01 - Daylight,03 - P.D. only,03 - Rear end,Civic Hospital - Experimental Farm - Central Park
12543,HERON RD EB btwn HERON RD EB ON RAMP/VINCENT MASSEY PARK & RIVERSIDE D,367818.2262,5026591.402,-75.69538515,45.37643033,2014-10-31,16:00,01 - Clear,01 - Dry,10 - No control,01 - Non intersection,01 - Daylight,03 - P.D. only,03 - Rear end,Riverside Park
12544,ELGIN ST @ WELLINGTON ST W,367663.282,5031877.577,-75.69668951,45.42400771,2014-11-09,13:57,01 - Clear,01 - Dry,01 - Traffic signal,02 - Intersection related,01 - Daylight,03 - P.D. only,04 - Sideswipe,Downtown
12545,RICHMOND RD @ STONEHAVEN DR,356783.0629,5015890.489,-75.83739494,45.28104804,2014-11-10,16:51,01 - Clear,01 - Dry,01 - Traffic signal,02 - Intersection related,05 - Dusk,03 - P.D. only,07 - SMV other,Bridlewood - Emerald Meadows
12546,ISLAND PARK DR @ RICHMOND RD,364129.2649,5028867.557,-75.74220782,45.39723285,2014-10-04,13:00,02 - Rain,02 - Wet,01 - Traffic signal,03 - At intersection,01 - Daylight,03 - P.D. only,03 - Rear end,Island Park
12547,BANK ST btwn ST. PAUL AVE & KITCHENER AVE,370537.9822,5025504.825,-75.66080766,45.36640378,2014-10-04,14:23,02 - Rain,02 - Wet,10 - No control,04 - At/near private drive,01 - Daylight,03 - P.D. only,05 - Turning movement,Ledbury - Heron Gate - Ridgemont - Elmwood
12548,REGIONAL ROAD 174 btwn Continuation of REGIONAL ROAD 174 & OR174 IC112,374506.5965,5032623.242,-75.60914549,45.43006836,2014-10-23,7:52,01 - Clear,01 - Dry,10 - No control,01 - Non intersection,01 - Daylight,03 - P.D. only,03 - Rear end,Pineview
12549,OLD MONTREAL RD btwn ST. PETER ST & GLASFORD ST,390120.3989,5042506.021,-75.40791707,45.51725174,2014-11-20,12:30,01 - Clear,01 - Dry,10 - No control,01 - Non intersection,01 - Daylight,03 - P.D. only,06 - SMV unattended vehicle,Cumberland - Estates
12550,BANK ST btwn SURREY AVE & NOTTING HILL AVE,370404.3603,5025756.286,-75.66247986,45.36867887,2014-11-20,16:56,01 - Clear,01 - Dry,10 - No control,01 - Non intersection,07 - Dark,03 - P.D. only,03 - Rear end,Ledbury - Heron Gate - Ridgemont - Elmwood
12551,WALKLEY RD btwn HARDING RD & HALIFAX DR,373187.1193,5027630.336,-75.62669906,45.38527479,2014-10-01,14:20,01 - Clear,01 - Dry,10 - No control,01 - Non intersection,01 - Daylight,03 - P.D. only,04 - Sideswipe,Urbandale
12552,LANCASTER RD btwn BARBERRY LANE & WALKLEY RD,374894.0486,5028650.882,-75.60475933,45.39428843,2014-10-01,15:40,01 - Clear,01 - Dry,10 - No control,04 - At/near private drive,01 - Daylight,03 - P.D. only,04 - Sideswipe,Industrial Park
12553,DUMAURIER AVE @ RICHMOND RD,359629.0872,5023735.511,-75.80025229,45.35142177,2014-09-20,17:38,02 - Rain,02 - Wet,01 - Traffic signal,03 - At intersection,01 - Daylight,03 - P.D. only,03 - Rear end,Whitehaven - Queensway Terrace North
12554,GREENBANK RD @ STRANDHERD DR,363932.2621,5014784.417,-75.74640646,45.2705306,2014-09-20,16:40,01 - Clear,01 - Dry,01 - Traffic signal,02 - Intersection related,01 - Daylight,03 - P.D. only,03 - Rear end,New Barrhaven
12555,MAJESTIC DR @ WOODROFFE AVE,363527.6934,5021572.253,-75.75075786,45.33164131,2014-09-08,16:46,01 - Clear,01 - Dry,01 - Traffic signal,03 - At intersection,01 - Daylight,03 - P.D. only,05 - Turning movement,Woodvale - Craig Henry - Manordale - Estates of Arlington Wo
12556,HERON RD WB btwn BRONSON AVE RAMP 62 & HERON RD SPLIT,368859.7971,5026730.812,-75.68206967,45.37759025,2014-04-01,9:01,01 - Clear,01 - Dry,10 - No control,01 - Non intersection,01 - Daylight,03 - P.D. only,03 - Rear end,Alta Vista
12557,RIVERSIDE DR @ TREMBLAY RD/HWY417 IC117 RAMP52,370799.7084,5031014.012,-75.65673003,45.41594882,2014-05-30,7:29,01 - Clear,01 - Dry,01 - Traffic signal,02 - Intersection related,01 - Daylight,03 - P.D. only,03 - Rear end,Industrial Park
12558,BANK ST @ KILBORN AVE/BELANGER AVE,369653.2129,5027427.801,-75.67184866,45.38378855,2014-08-27,16:30,01 - Clear,01 - Dry,01 - Traffic signal,02 - Intersection related,01 - Daylight,03 - P.D. only,03 - Rear end,Alta Vista
12559,LISGAR ST btwn O'CONNOR ST & METCALFE ST,367863.5391,5031219.26,-75.69421501,45.41806637,2014-09-02,16:09,01 - Clear,01 - Dry,10 - No control,01 - Non intersection,01 - Daylight,03 - P.D. only,99 - Other,Centretown
12560,HUNTLEY RD btwn GARVIN RD & MOORE ST,356072.0786,5007279.411,-75.84734475,45.20361556,2014-10-05,20:30,01 - Clear,01 - Dry,10 - No control,01 - Non intersection,07 - Dark,03 - P.D. only,07 - SMV other,Munster Hamlet - Richmond
12561,CUMMINGS AVE @ OGILVIE RD,372748.2132,5032171.853,-75.63167738,45.42618002,2014-11-10,17:50,02 - Rain,02 - Wet,01 - Traffic signal,02 - Intersection related,07 - Dark,03 - P.D. only,03 - Rear end,Cummings
12562,RIDEAU ST btwn SUSSEX DR & 88 W OF WILLIAM ST/FREIMAN MALL,367969.2219,5032076.929,-75.69275483,45.42577385,2014-11-13,17:36,01 - Clear,02 - Wet,10 - No control,01 - Non intersection,07 - Dark,03 - P.D. only,04 - Sideswipe,Byward Market - Parliament Hill
12563,NORTH RIVER RD btwn MONTREAL RD & SELKIRK ST,369770.7585,5032794.601,-75.66964054,45.43206616,2014-10-04,16:35,02 - Rain,02 - Wet,10 - No control,04 - At/near private drive,01 - Daylight,03 - P.D. only,05 - Turning movement,Vanier South
12564,RICHMOND RD btwn WEST HUNT CLUB RD & STONEHAVEN DR,357142.7969,5018127.284,-75.83257385,45.30114837,2014-11-02,1:00,01 - Clear,01 - Dry,10 - No control,01 - Non intersection,07 - Dark,03 - P.D. only,07 - SMV other,Greenbelt
12565,CHAPMAN MILLS DR @ LONGFIELDS DR,364841.826,5014582.921,-75.73484018,45.26864047,2014-11-04,17:07,02 - Rain,02 - Wet,02 - Stop sign,03 - At intersection,05 - Dusk,03 - P.D. only,02 - Angle,New Barrhaven
12566,MERIVALE RD/LOTTA AVE @ CLYDE AVE,364522.6484,5024508.001,-75.73771098,45.35797286,2014-12-15,14:15,01 - Clear,02 - Wet,01 - Traffic signal,02 - Intersection related,01 - Daylight,03 - P.D. only,03 - Rear end,Cityview - Skyline - Fisher Heights
12567,CARLING AVE btwn RICHARDSON SIDE RD & HERZBERG RD,351927.9475,5022282.94,-75.8986694,45.3389111,2014-11-20,17:00,01 - Clear,01 - Dry,10 - No control,01 - Non intersection,07 - Dark,03 - P.D. only,03 - Rear end,South March
12568,INNES RD btwn FRANK KENNY RD & O'TOOLE RD,388505.9539,5038026.412,-75.42934208,45.47714498,2014-09-20,19:02,01 - Clear,02 - Wet,10 - No control,01 - Non intersection,05 - Dusk,03 - P.D. only,07 - SMV other,Cumberland - Estates
12569,BRONSON AVE btwn RENFREW AVE & POWELL AVE,367373.6138,5029512.801,-75.70069096,45.40275615,2014-09-08,9:45,01 - Clear,01 - Dry,10 - No control,01 - Non intersection,01 - Daylight,03 - P.D. only,04 - Sideswipe,The Glebe
12570,OTTAWA RIVER PKWY @ PORTAGE BRIDGE,366516.6329,5031313.246,-75.71141147,45.41903213,2014-09-10,9:11,01 - Clear,01 - Dry,01 - Traffic signal,02 - Intersection related,01 - Daylight,03 - P.D. only,03 - Rear end,LeBreton Flats
12571,HINTON AVE   N btwn WELLINGTON ST W & TYNDALL ST,365060.5607,5029065.933,-75.73028953,45.39893826,2014-06-06,12:45,01 - Clear,01 - Dry,10 - No control,04 - At/near private drive,01 - Daylight,03 - P.D. only,02 - Angle,Islan
12572,BROADWAY AVE btwn CRAIG ST & POPES LANE,368232.3654,5028854.054,-75.68980717,45.39675166,2014-06-11,8:20,01 - Clear,01 - Dry,10 - No control,01 - Non intersection,01 - Daylight,03 - P.D. only,06 - SMV unattended vehicle,The Glebe
12573,CYRVILLE RD @ STAR TOP RD,373831.1502,5031516.667,-75.61793178,45.42017896,2014-09-06,19:58,01 - Clear,01 - Dry,01 - Traffic signal,02 - Intersection related,05 - Dusk,03 - P.D. only,04 - Sideswipe,Industrial Park
12574,GABERT RD btwn NIXON DR & SOUTH GOWER BOUNDARY RD,376349.0474,4995694.241,-75.59092088,45.09760742,2014-10-31,17:04,01 - Clear,01 - Dry,10 - No control,04 - At/near private drive,01 - Daylight,03 - P.D. only,02 - Angle,Kars - Osgoode
12575,BRONSON AVE @ FOURTH AVE,367584.1874,5029008.613,-75.69806556,45.39820076,2014-10-31,17:00,01 - Clear,01 - Dry,02 - Stop sign,02 - Intersection related,01 - Daylight,03 - P.D. only,03 - Rear end,The Glebe
12576,KATIMAVIK RD btwn MCGIBBON DR & CASTLEFRANK RD,351841.6762,5018842.448,-75.90009696,45.30795858,2014-11-14,8:15,01 - Clear,01 - Dry,10 - No control,01 - Non intersection,01 - Daylight,03 - P.D. only,04 - Sideswipe,Katimavik - Hazeldean
12577,RIOCAN AVE @ STRANDHERD DR,364171.7349,5014942.677,-75.74333591,45.27193445,2014-10-04,18:08,02 - Rain,02 - Wet,01 - Traffic signal,02 - Intersection related,01 - Daylight,03 - P.D. only,03 - Rear end,New Barrhaven
12578,RIVERSIDE DR NB btwn BILLINGS BRIDGE SC RAMP SB & BANK ST,369280.5465,5027868.013,-75.67654946,45.38778384,2014-10-17,5:30,02 - Rain,02 - Wet,10 - No control,01 - Non intersection,07 - Dark,03 - P.D. only,07 - SMV other,Alta Vista
12579,HERON RD @ JEFFERSON ST,371808.7253,5027053.017,-75.64437747,45.38021351,2014-11-08,18:02,01 - Clear,01 - Dry,01 - Traffic signal,03 - At intersection,07 - Dark,03 - P.D. only,05 - Turning movement,Ledbury - Heron Gate - Ridgemont - Elmwood
12580,BEECHWOOD AVE @ SPRINGFIELD RD,369235.7513,5033654.064,-75.676365,45.43984877,2014-11-11,11:58,01 - Clear,01 - Dry,01 - Traffic signal,03 - At intersection,01 - Daylight,03 - P.D. only,03 - Rear end,Vanier North
12581,BANK ST @ FLORENCE ST,367875.7602,5030631.942,-75.69413404,45.41278077,2014-10-25,16:47,01 - Clear,02 - Wet,02 - Stop sign,03 - At intersection,01 - Daylight,03 - P.D. only,02 - Angle,Centretown
12582,KANATA AVE @ TERRY FOX DR,349305.8675,5019212.06,-75.93240024,45.31144973,2014-10-28,20:14,02 - Rain,02 - Wet,01 - Traffic signal,03 - At intersection,07 - Dark,03 - P.D. only,05 - Turning movement,Kanata Lakes - Marchwood Lakeside - Morgan's Grant - Kanata
12583,BANK ST btwn CAHILL DR & TURN LANE (2),371519.4253,5024146.387,-75.6484636,45.35408828,2014-11-20,18:00,01 - Clear,01 - Dry,10 - No control,04 - At/near private drive,07 - Dark,03 - P.D. only,02 - Angle,South Keys - Heron Gate - Greenboro West
12584,TERRY FOX DR @ 135 S OF HAZELDEAN RD/SOBEY'S S,352292.2135,5017139.102,-75.89451493,45.29260113,2014-11-20,19:44,01 - Clear,01 - Dry,01 - Traffic signal,02 - Intersection related,07 - Dark,03 - P.D. only,03 - Rear end,Glen Cairn - Kanata South Business Park
12585,SCOTT ST btwn CARLETON AVE & WESTERN AVE,364193.8404,5029260.077,-75.74133582,45.40075919,2014-10-02,14:03,01 - Clear,01 - Dry,10 - No control,01 - Non intersection,01 - Daylight,03 - P.D. only,03 - Rear end,Island Park
12586,DALHOUSIE ST @ MURRAY ST,368000.2252,5032572.647,-75.69229506,45.43023135,2014-09-20,23:42,02 - Rain,02 - Wet,01 - Traffic signal,03 - At intersection,07 - Dark,03 - P.D. only,05 - Turning movement,Byward Market
12587,NICHOLAS ST btwn DALY AVE & SB RAMP FROM WALLER/NICHOLAS/MACKENZIE KIN,368237.6536,5032034.251,-75.68933035,45.42536555,2014-09-21,3:23,01 - Clear,02 - Wet,10 - No control,01 - Non intersection,07 - Dark,03 - P.D. only,04 - Sideswipe,Byward Market - Parliament Hill