Record,Location,X,Y,lon,lat,Date,Time,Environment,Road_Surface,Traffic_Control,Collision_Location,Light,Collision_Classification,Impact_type,Neighborhood
12588,EARL MULLIGAN DR @ WOODROFFE AVE,365250.7012,5017506.207,-75.72927396,45.29490907,2014-09-10,9:35,01 - Clear,01 - Dry,01 - Traffic signal,02 - Intersection related,01 - Daylight,03 - P.D. only,03 - Rear end,Greenbelt
12589,BANK ST btwn ORVILLE KEMP ST & LEITRIM RD,375318.4177,5021713.02,-75.60032998,45.33182214,2014-09-09,18:00,01 - Clear,01 - Dry,10 - No control,01 - Non intersection,01 - Daylight,03 - P.D. only,03 - Rear end,Greenbelt
12590,HAWTHORNE AVE btwn COLONEL BY DR & MAIN ST,368881.9897,5030589.221,-75.68128516,45.41230496,2014-06-23,9:15,01 - Clear,01 - Dry,10 - No control,01 - Non intersection,01 - Daylight,03 - P.D. only,04 - Sideswipe,Old Ottawa East
12591,PRINCE OF WALES DR @ WEST HUNT CLUB RD,367458.2364,5021890.555,-75.70057684,45.3341654,2014-11-04,18:02,02 - Rain,02 - Wet,01 - Traffic signal,02 - Intersection related,07 - Dark,03 - P.D. only,03 - Rear end,Industrial Park
12592,REGIONAL ROAD 174 EB btwn OR174 IC109 RAMP55 & TRANSIT,376622.9456,5035304.684,-75.58171052,45.45398015,2014-10-31,17:45,01 - Clear,01 - Dry,10 - No control,01 - Non intersection,05 - Dusk,03 - P.D. only,03 - Rear end,Greenbelt
12593,WALKLEY RD btwn BAYCREST DR & HEATHERINGTON RD,371588.1597,5026694.267,-75.64724205,45.37700667,2014-10-31,15:06,01 - Clear,01 - Dry,10 - No control,01 - Non intersection,01 - Daylight,03 - P.D. only,04 - Sideswipe,Ledbury - Heron Gate - Ridgemont - Elmwood
12594,PLEASANT PARK RD @ ALTA VISTA DR,370365.2161,5028467.802,-75.66261944,45.39307983,2014-11-14,8:33,01 - Clear,01 - Dry,01 - Traffic signal,03 - At intersection,01 - Daylight,03 - P.D. only,02 - Angle,Alta Vista
12595,LAURIER AVE @ NICHOLAS ST,368373.1631,5031797.322,-75.68762943,45.42322145,2014-11-14,8:46,01 - Clear,01 - Dry,01 - Traffic signal,03 - At intersection,01 - Daylight,03 - P.D. only,02 - Angle,Sandy Hill
12596,KING EDWARD AVE @ OSGOODE ST/THOMAS MORE PRIV,368849.1998,5031853.335,-75.68153973,45.42368201,2014-10-24,11:01,01 - Clear,01 - Dry,01 - Traffic signal,02 - Intersection related,01 - Daylight,03 - P.D. only,03 - Rear end,Sandy Hill
12597,KING EDWARD AVE @ STEWART ST,368634.7144,5032205.833,-75.68423459,45.42687327,2014-10-31,22:48,01 - Clear,01 - Dry,01 - Traffic signal,03 - At intersection,07 - Dark,03 - P.D. only,02 - Angle,Sandy Hill
12598,BRONSON AVE @ POWELL AVE,367387.8789,5029479.589,-75.70051297,45.40245604,2014-11-12,6:30,01 - Clear,01 - Dry,01 - Traffic signal,03 - At intersection,03 - Dawn,03 - P.D. only,05 - Turning movement,The Glebe
12599,INNES RD @ TENTH LINE RD,383951.7603,5036159.086,-75.48788475,45.46087561,2014-11-14,18:21,01 - Clear,01 - Dry,01 - Traffic signal,02 - Intersection related,07 - Dark,03 - P.D. only,03 - Rear end,Queenswood Heights
12600,FRANKTOWN RD btwn MUNSTER RD & GREEN'S RD,351496.4099,5001456.654,-75.9061312,45.15153769,2014-11-20,20:25,01 - Clear,01 - Dry,10 - No control,01 - Non intersection,07 - Dark,03 - P.D. only,07 - SMV other,Munster Hamlet - Richmond
12601,BLACKBURN BYPASS EB btwn 1700 W OF NAVAN RD & INNES RD,377875.1189,5032186.044,-75.56616606,45.42579089,2014-11-20,20:46,01 - Clear,01 - Dry,10 - No control,01 - Non intersection,07 - Dark,03 - P.D. only,07 - SMV other,Greenbelt
12602,Laguna St btwn Sunburst ST and Rotary Way,375907.05,5021362.379,-75.59287155,45.32860782,2014-11-21,10:00,01 - Clear,02 - Wet,10 - No control,01 - Non intersection,01 - Daylight,03 - P.D. only,06 - SMV unattended vehicle,Greenbelt
12603,KING EDWARD AVE @ TEMPLETON ST,369057.3393,5031508.53,-75.67892524,45.42056049,2014-10-03,14:55,01 - Clear,01 - Dry,01 - Traffic signal,02 - Intersection related,01 - Daylight,03 - P.D. only,03 - Rear end,Sandy Hill
12604,BANK ST @ GLADSTONE AVE,367916.7064,5030562.095,-75.69361991,45.41214861,2014-10-03,15:19,01 - Clear,01 - Dry,01 - Traffic signal,03 - At intersection,01 - Daylight,03 - P.D. only,05 - Turning movement,Centretown
12605,ALBION RD @ FINDLAY CREEK DR,374010.0249,5019208.543,-75.61737035,45.30941799,2014-09-21,11:28,02 - Rain,02 - Wet,01 - Traffic signal,03 - At intersection,01 - Daylight,03 - P.D. only,05 - Turning movement,Greenbelt
12606,BASELINE RD @ MERIVALE RD,365054.6964,5025326.275,-75.73082087,45.36529004,2014-09-09,15:15,01 - Clear,01 - Dry,01 - Traffic signal,02 - Intersection related,01 - Daylight,03 - P.D. only,03 - Rear end,Civic Hospital - Experimental Farm - Central Park
12607,BLAIR RD @ MONTREAL RD,374019.7202,5034440.345,-75.61511151,45.44646602,2014-09-10,11:41,01 - Clear,01 - Dry,01 - Traffic signal,02 - Intersection related,01 - Daylight,03 - P.D. only,03 - Rear end,Gloucester
12608,JOSEPH CYR ST @ LEMIEUX ST,372497.0912,5031754.461,-75.63494351,45.42244888,2014-07-15,18:45,01 - Clear,01 - Dry,02 - Stop sign,02 - Intersection related,01 - Daylight,03 - P.D. only,04 - Sideswipe,Cummings
12609,DUMAURIER AVE @ PINECREST RD,360321.2051,5023835.459,-75.79140869,45.35226664,2014-10-31,21:34,01 - Clear,01 - Dry,01 - Traffic signal,03 - At intersection,07 - Dark,03 - P.D. only,05 - Turning movement,Whitehaven - Queensway Terrace North
12610,CAMPEAU DR/HWY 417 MARCH IC138R63 @ MARCH RD,352842.0988,5020475.519,-75.88718134,45.32258558,2014-11-14,8:47,01 - Clear,01 - Dry,01 - Traffic signal,02 - Intersection related,01 - Daylight,03 - P.D. only,03 - Rear end,Greenbelt
12611,ABERDEEN ST @ ROCHESTER ST,366826.0065,5029414.086,-75.70769778,45.40191667,2014-11-14,9:03,01 - Clear,01 - Dry,01 - Traffic signal,03 - At intersection,01 - Daylight,03 - P.D. only,05 - Turning movement,Little Italy
12612,ST. JOSEPH BLVD @ JEANNE D'ARC BLVD,379860.2686,5036471.581,-75.54014744,45.46413877,2014-11-02,15:18,01 - Clear,01 - Dry,11 - Roundabout,03 - At intersection,01 - Daylight,03 - P.D. only,04 - Sideswipe,Chapel Hill
12613,KENT ST btwn SOMERSET ST W & MACLAREN ST,367559.9141,5030757.734,-75.69815293,45.413941,2014-11-06,11:08,01 - Clear,01 - Dry,10 - No control,01 - Non intersection,01 - Daylight,03 - P.D. only,04 - Sideswipe,Centretown
12614,WELLINGTON ST    W btwn HARMER AVE N & HURON AVE N,364799.1637,5029107.236,-75.73362304,45.39933235,2014-11-12,13:45,01 - Clear,01 - Dry,10 - No control,01 - Non intersection,01 - Daylight,03 - P.D. only,06 - SMV unattended vehicle,Island Park
12615,RAVEN AVE btwn CAVAN ST & KIRKWOOD AVE,364676.4463,5026764.519,-75.73547463,45.37826354,2014-11-14,6:46,01 - Clear,01 - Dry,10 - No control,01 - Non intersection,03 - Dawn,03 - P.D. only,06 - SMV unattended vehicle,Carlington
12616,CATHERINE ST @ ELGIN ST,368553.6597,5030578.047,-75.68548094,45.41223441,2014-11-19,14:32,01 - Clear,01 - Dry,01 - Traffic signal,03 - At intersection,01 - Daylight,03 - P.D. only,05 - Turning movement,Golden Triangle
12617,LYON ST @ SOMERSET ST,367367.6504,5030717.04,-75.70061429,45.41359207,2014-11-20,21:33,03 - Snow,02 - Wet,01 - Traffic signal,03 - At intersection,07 - Dark,03 - P.D. only,05 - Turning movement,Centretown
12618,DONALD ST @ VANIER PKWY,370309.8129,5032269.16,-75.66282179,45.42728817,2014-12-05,9:40,01 - Clear,01 - Dry,01 - Traffic signal,02 - Intersection related,01 - Daylight,03 - P.D. only,03 - Rear end,Overbrook
12619,NEIL WAY @ RIVERSIDE DR,369462.8341,5028293.686,-75.67416602,45.3915971,2014-10-03,16:14,01 - Clear,01 - Dry,02 - Stop sign,02 - Intersection related,01 - Daylight,03 - P.D. only,03 - Rear end,Alta Vista
12620,DALHOUSIE ST @ GUIGUES AVE,367911.2759,5032714.536,-75.69341354,45.43151605,2014-09-21,13:15,02 - Rain,02 - Wet,02 - Stop sign,02 - Intersection related,01 - Daylight,03 - P.D. only,04 - Sideswipe,Lower Town
12621,TENTH LINE RD btwn ST. JOSEPH BLVD & OLD TENTH LINE RD,382939.0891,5038569.548,-75.50044848,45.4826768,2014-09-21,13:48,02 - Rain,02 - Wet,10 - No control,01 - Non intersection,01 - Daylight,03 - P.D. only,03 - Rear end,Queenswood Heights
12622,CARP RD @ HAZELDEAN RD,348805.0829,5014360.183,-75.93921702,45.26782247,2014-09-10,14:18,01 - Clear,01 - Dry,01 - Traffic signal,03 - At intersection,01 - Daylight,03 - P.D. only,05 - Turning movement,Stittsville
12623,WEST HUNT CLUB RD @ CLEOPATRA DR/LANCELOT DR,365235.3939,5021732.494,-75.72895357,45.33293815,2014-07-17,10:45,01 - Clear,01 - Dry,01 - Traffic signal,02 - Intersection related,01 - Daylight,03 - P.D. only,03 - Rear end,Tanglewood
12624,Devine Rd btwn Frontier Rd and Mcvagh Rd,390846.4209,5022439.651,-75.40213151,45.33662759,2014-11-18,17:30,05 - Drifting Snow,05 - Packed snow,10 - No control,01 - Non intersection,07 - Dark,03 - P.D. only,07 - SMV other,Navan - Vars
12625,CARTIER ST @ FRANK ST,368511.183,5030978.623,-75.68597178,45.41584252,2014-11-04,20:58,02 - Rain,02 - Wet,02 - Stop sign,03 - At intersection,07 - Dark,03 - P.D. only,02 - Angle,Golden Triangle
12626,MARCHURST RD btwn RIDGESIDE FARM DR & MARCH RD,344831.7993,5024746.152,-75.98900959,45.36151664,2014-10-31,22:34,01 - Clear,01 - Dry,10 - No control,01 - Non intersection,07 - Dark,03 - P.D. only,07 - SMV other,Carp - Hardwood Plains
12627,STONEHAVEN DR btwn TAMARA WAY & BRIDGESTONE DR,355087.1272,5016984.826,-75.85889999,45.29101848,2014-10-31,23:26,01 - Clear,01 - Dry,10 - No control,01 - Non intersection,07 - Dark,03 - P.D. only,04 - Sideswipe,Bridlewood - Emerald Meadows
12628,ALBION RD @ MITCH OWENS RD,375906.7541,5014805.21,-75.59381568,45.26960891,2014-11-14,7:30,01 - Clear,01 - Dry,01 - Traffic signal,02 - Intersection related,01 - Daylight,03 - P.D. only,03 - Rear end,Osgoode
12629,CARLING AVE WB btwn HWY417 IC124 RAMP76 & KIRKWOOD AVE,364266.0224,5027487.359,-75.74062754,45.38480248,2014-11-14,8:30,01 - Clear,01 - Dry,10 - No control,01 - Non intersection,01 - Daylight,03 - P.D. only,04 - Sideswipe,Westboro
12630,WILDWOOD AVE btwn HERON RD & BANK ST,369964.5747,5026766.677,-75.66796036,45.37781107,2014-11-08,13:06,01 - Clear,01 - Dry,10 - No control,04 - At/near private drive,01 - Daylight,03 - P.D. only,02 - Angle,Alta Vista
12631,CARP RD @ STITTSVILLE MAIN ST,349525.7362,5014329.728,-75.9300365,45.26750297,2014-11-14,7:41,01 - Clear,01 - Dry,01 - Traffic signal,02 - Intersection related,01 - Daylight,03 - P.D. only,03 - Rear end,Stittsville
12632,RIDEAU ST btwn KING EDWARD AVE & NELSON ST,368637.6794,5032489.925,-75.68415988,45.42942915,2014-11-14,13:31,01 - Clear,01 - Dry,10 - No control,04 - At/near private drive,01 - Daylight,03 - P.D. only,05 - Turning movement,Lowe
12633,GRANVILLE AVE @ WELLINGTON ST,364380.6933,5028978.182,-75.73898333,45.39820688,2014-11-19,15:27,03 - Snow,02 - Wet,02 - Stop sign,02 - Intersection related,01 - Daylight,03 - P.D. only,03 - Rear end,Island Park
12634,INNES RD btwn BANTREE ST & STAR TOP RD,374019.4598,5030587.226,-75.61565643,45.41179771,2014-11-19,16:56,04 - Freezing Rain,06 - Ice,10 - No control,01 - Non intersection,07 - Dark,03 - P.D. only,03 - Rear end,Industrial Park
12635,BASELINE RD @ WOODROFFE AVE,362549.2163,5023771.453,-75.76298342,45.35151078,2014-10-03,16:15,01 - Clear,01 - Dry,01 - Traffic signal,02 - Intersection related,01 - Daylight,03 - P.D. only,03 - Rear end,Iris
12636,VIEWMOUNT DR @ MERIVALE RD,365193.2232,5022949.443,-75.72934302,45.34389174,2014-10-03,18:07,01 - Clear,01 - Dry,01 - Traffic signal,02 - Intersection related,01 - Daylight,03 - P.D. only,04 - Sideswipe,Tanglewood
12637,RAMSAYVILLE RD @ RUSSELL RD N,377776.3397,5026759.481,-75.56823116,45.37697625,2014-09-21,14:43,02 - Rain,02 - Wet,02 - Stop sign,02 - Intersection related,01 - Daylight,03 - P.D. only,07 - SMV other,Greenbelt
12638,ST. JOSEPH BLVD @ TENTH LINE RD,382890.3299,5038667.401,-75.50105655,45.48356265,2014-09-21,15:57,01 - Clear,01 - Dry,01 - Traffic signal,02 - Intersection related,01 - Daylight,03 - P.D. only,03 - Rear end,Industrial Park
12639,CLEARBROOK DR/MARKETPLACE AVE @ LONGFIELDS DR,364632.304,5014952.636,-75.7374655,45.27198502,2014-09-10,15:04,01 - Clear,01 - Dry,01 - Traffic signal,02 - Intersection related,01 - Daylight,03 - P.D. only,07 - SMV other,New Barrhaven
12640,BAY ST @ SPARKS ST,366856.2246,5031282.433,-75.70707662,45.41872485,2014-08-01,17:15,01 - Clear,01 - Dry,01 - Traffic signal,02 - Intersection related,01 - Daylight,03 - P.D. only,05 - Turning movement,Downtown
12641,INDUSTRIAL AVE @ RIVERSIDE DR,370684.2447,5030591.606,-75.6582616,45.41215906,2014-11-04,21:12,02 - Rain,02 - Wet,01 - Traffic signal,03 - At intersection,07 - Dark,03 - P.D. only,04 - Sideswipe,Industrial Park
12642,LYON ST @ WELLINGTON ST,366933.8492,5031426.166,-75.70606674,45.42001122,2014-11-04,22:31,02 - Rain,02 - Wet,01 - Traffic signal,03 - At intersection,07 - Dark,03 - P.D. only,05 - Turning movement,Downtown
12643,MERIVALE RD @ WEST HUNT CLUB RD,365615.0649,5021942.498,-75.7240843,45.33479494,2014-11-04,7:38,01 - Clear,01 - Dry,01 - Traffic signal,02 - Intersection related,01 - Daylight,03 - P.D. only,03 - Rear end,Industrial Park
12644,GREENBANK RD btwn BATEMAN DR/BELLMAN DR & GREENBANK SQUARE SC,361303.2567,5020907.624,-75.77921056,45.32584361,2014-11-09,10:57,01 - Clear,01 - Dry,10 - No control,04 - At/near private drive,01 - Daylight,03 - P.D. only,02 - Angle,Woodvale - Craig Henry - Manordale - Estates of Arlington Wo
12645,FALLOWFIELD RD @ SHEA RD,354014.6101,5011020.909,-75.87316334,45.23742948,2014-11-14,14:04,01 - Clear,01 - Dry,02 - Stop sign,03 - At intersection,01 - Daylight,03 - P.D. only,02 - Angle,Stittsville - Basswood
12646,BLAIR RD @ REGIONAL RD 174 N/OR174 IC112 RAMP61,374633.285,5032992.843,-75.60747418,45.43338119,2014-11-14,13:08,01 - Clear,01 - Dry,01 - Traffic signal,02 - Intersection related,01 - Daylight,03 - P.D. only,03 - Rear end,Industrial Park
12647,FLEWELLYN RD btwn DWYER HILL RD & MUNSTER RD,345773.5525,5005738.486,-75.97855782,45.19042336,2014-11-15,17:30,01 - Clear,01 - Dry,10 - No control,01 - Non intersection,07 - Dark,03 - P.D. only,07 - SMV other,Munster Hamlet - Richmond
12648,LYNDA LANE btwn BILLINGS AVE & SMYTH RD,371606.4968,5029173.021,-75.6466724,45.39930779,2014-11-15,7:00,01 - Clear,01 - Dry,10 - No control,01 - Non intersection,03 - Dawn,03 - P.D. only,06 - SMV unattended vehicle,Alta Vista
12649,ALBION RD @ BADEN AVE/MAASS GT,372496.3661,5022805.862,-75.63617986,45.34193307,2014-11-05,3:21,01 - Clear,01 - Dry,02 - Stop sign,02 - Intersection related,07 - Dark,03 - P.D. only,07 - SMV other,Blossom Park - Blossom Park West - Sawmill Creek/ Timbermill
12650,FIELDING DR @ MCCARTHY RD,369365.5185,5025040.118,-75.67583415,45.36233146,2014-10-29,17:25,01 - Clear,01 - Dry,01 - Traffic signal,02 - Intersection related,07 - Dark,03 - P.D. only,05 - Turning movement,Hunt Club Woods - Quintarra - Revelstoke - Riverside South P
12651,WOODROFFE AVE @ KNOXDALE RD/MEDHURST DR,363419.6899,5021827.912,-75.75210536,45.33395074,2014-10-29,17:29,01 - Clear,01 - Dry,01 - Traffic signal,03 - At intersection,01 - Daylight,03 - P.D. only,05 - Turning movement,Woodvale - Craig Henry - Manordale - Estates of Arlington Wo
12652,CYRVILLE RD @ OGILVIE RD,372454.1942,5032006.995,-75.63545691,45.42472521,2014-11-28,16:38,01 - Clear,01 - Dry,01 - Traffic signal,02 - Intersection related,05 - Dusk,03 - P.D. only,04 - Sideswipe,Cummings
12653,NAVAHO DR @ WOODROFFE AVE/TRANSITWAY N BASELIN,362705.7668,5023494.226,-75.76101809,45.34900341,2014-11-28,16:44,01 - Clear,01 - Dry,01 - Traffic signal,03 - At intersection,05 - Dusk,03 - P.D. only,05 - Turning movement,Crestview - Meadowlands
12654,O'CONNOR ST @ SLATER ST,367580.1788,5031448.68,-75.69780602,45.4201561,2014-09-13,11:59,02 - Rain,02 - Wet,01 - Traffic signal,02 - Intersection related,01 - Daylight,03 - P.D. only,04 - Sideswipe,Downtown
12655,HUNT CLUB RD btwn TURN LANE & RIVERSIDE DR,367967.9826,5021923.698,-75.69406967,45.33441791,2014-09-13,12:22,02 - Rain,02 - Wet,10 - No control,01 - Non intersection,01 - Daylight,03 - P.D. only,03 - Rear end,Hunt Club Woods - Quintarra - Revelstoke - Riverside South P
12656,TENTH LINE RD @ TENTH LINE RD,383529.6007,5037155.432,-75.49312249,45.46988754,2014-10-15,16:09,02 - Rain,02 - Wet,01 - Traffic signal,02 - Intersection related,01 - Daylight,03 - P.D. only,03 - Rear end,Orlans
12657,ALTA VISTA DR @ BILLINGS AVE,370351.1933,5028611.552,-75.66277942,45.39437456,2014-10-15,16:11,02 - Rain,02 - Wet,02 - Stop sign,03 - At intersection,01 - Daylight,03 - P.D. only,03 - Rear end,Alta Vista
12658,HIGHWAY 417 btwn HWY417 IC119B RAMP57 & HWY417 IC119A RAMP75,368449.1569,5030437.274,-75.68683411,45.41097729,2014-01-28,16:54,01 - Clear,01 - Dry,10 - No control,01 - Non intersection,05 - Dusk,03 - P.D. only,03 - Rear end,The Glebe
12659,HIGHWAY 417 btwn HWY417 IC110 RAMP64 & HWY417 IC104 RAMP16,379564.5187,5026067.129,-75.54550748,45.37055837,2014-03-02,18:45,01 - Clear,01 - Dry,10 - No control,01 - Non intersection,07 - Dark,03 - P.D. only,07 - SMV other,Greenbelt
12660,HWY417 IC119A RAMP75 btwn METCALFE ST & HIGHWAY 417,368564.7968,5030487.511,-75.68535038,45.41141878,2014-03-02,23:05,01 - Clear,01 - Dry,10 - No control,01 - Non intersection,07 - Dark,03 - P.D. only,04 - Sideswipe,The Glebe
12661,HIGHWAY 417 btwn HWY417 IC127 RAMP25 & HWY417 IC126 RAMP51,363184.7805,5025854.216,-75.75462676,45.37019864,2014-01-29,9:15,01 - Clear,01 - Dry,10 - No control,01 - Non intersection,01 - Daylight,03 - P.D. only,03 - Rear end,Braemar Park - Bel Air Heights - Copeland Park
12662,MONTREAL RD @ NORTH RIVER RD,369739.9854,5032887.894,-75.67002149,45.43290843,2014-10-29,18:24,01 - Clear,01 - Dry,01 - Traffic signal,02 - Intersection related,07 - Dark,03 - P.D. only,03 - Rear end,Vanier South
12663,RUSSELL RD @ SOUTHVALE CRES N,373797.7811,5029098.024,-75.61869663,45.39842048,2014-11-01,15:36,01 - Clear,01 - Dry,01 - Traffic signal,02 - Intersection related,01 - Daylight,03 - P.D. only,07 - SMV other,Sheffield Glen
12664,CARLING AVE @ CROYDON AVE,360658.6806,5025041.917,-75.78696565,45.36309551,2014-10-22,14:03,01 - Clear,01 - Dry,01 - Traffic signal,02 - Intersection related,01 - Daylight,03 - P.D. only,04 - Sideswipe,Whitehaven - Queensway Terrace North
12665,EARL GREY DR btwn ROLAND MICHENER DR & 175 S OF KANATA AVE/WALMART SC,350904.9424,5019052.395,-75.91202257,45.30990986,2014-10-28,2:15,02 - Rain,02 - Wet,10 - No control,01 - Non intersection,07 - Dark,03 - P.D. only,07 - SMV other,Kanata
12666,STITTSVILLE MAIN ST @ ORVILLE ST,350311.3521,5013247.133,-75.92012468,45.257711,2014-11-14,14:27,01 - Clear,01 - Dry,02 - Stop sign,02 - Intersection related,01 - Daylight,03 - P.D. only,02 - Angle,Stittsville
12667,GLOUCESTER ST btwn BANK ST & O'CONNOR ST,367664.4576,5031282.605,-75.69675041,45.41865424,2014-11-07,17:00,01 - Clear,01 - Dry,10 - No control,01 - Non intersection,07 - Dark,03 - P.D. only,06 - SMV unattended vehicle,Downtown
12668,MEADOWLANDS DR btwn TURN LANE & SULLIVAN AVE,363102.7704,5022755.672,-75.7560391,45.34232507,2014-11-16,17:04,03 - Snow,02 - Wet,10 - No control,04 - At/near private drive,07 - Dark,03 - P.D. only,02 - Angle,Crestview - Meadowlands
12669,JEANNE D'ARC BLVD @ ORLEANS BLVD S,380938.7978,5036251.421,-75.52639156,45.46204122,2014-11-16,17:09,03 - Snow,02 - Wet,01 - Traffic signal,03 - At intersection,07 - Dark,03 - P.D. only,05 - Turning movement,Orleans Village - Chateauneuf
12670,CHARLEMAGNE BLVD @ PRINCESS LOUISE DR E,384093.7072,5038135.087,-75.48575112,45.47863774,2014-11-15,17:52,01 - Clear,01 - Dry,02 - Stop sign,02 - Intersection related,07 - Dark,03 - P.D. only,02 - Angle,Fallingbrook
12671,LOLA ST @ PRINCE ALBERT ST,371137.7245,5031971.101,-75.65228285,45.42452834,2014-08-08,21:16,01 - Clear,01 - Dry,02 - Stop sign,02 - Intersection related,07 - Dark,03 - P.D. only,07 - SMV other,Overbrook
12672,TERRY FOX DR @ PALLADIUM DR/KATIMAVIK RD,351272.0933,5018183.2,-75.90742203,45.30206442,2014-12-04,19:00,01 - Clear,01 - Dry,01 - Traffic signal,02 - Intersection related,07 - Dark,03 - P.D. only,04 - Sideswipe,Katimavik - Hazeldean
12673,Tourmaline Cres btwn Mancini Way and Mancini Way ,364863.1943,5014822.451,-75.73453892,45.27079394,2014-12-20,23:06,01 - Clear,05 - Packed snow,10 - No control,01 - Non intersection,07 - Dark,03 - P.D. only,06 - SMV unattended vehicle,New Barrhaven
12674,ALBION RD btwn QUINN RD & DEL ZOTTO AVE,373677.5505,5019974.494,-75.62150339,45.31634245,2014-11-28,16:47,01 - Clear,01 - Dry,10 - No control,01 - Non intersection,05 - Dusk,03 - P.D. only,03 - Rear end,Greenbelt
12675,WOODROFFE AVE btwn CARLINGWOOD SC & CARLING AVE,361912.4041,5025881.718,-75.77086612,45.37055094,2014-09-13,14:45,02 - Rain,02 - Wet,10 - No control,04 - At/near private drive,01 - Daylight,03 - P.D. only,02 - Angle,Carlingwood West - Glabar Park - McKellar Heights
12676,KIRKWOOD AVE @ RICHMOND RD,363779.1636,5028641.555,-75.74670617,45.3952289,2014-09-15,0:34,02 - Rain,02 - Wet,01 - Traffic signal,02 - Intersection related,07 - Dark,03 - P.D. only,07 - SMV other,Westboro
12677,CARLING AVE WB btwn CROYDON AVE & TAVISTOCK RD,360680.0076,5025058.631,-75.78669154,45.3632442,2014-10-15,17:42,01 - Clear,01 - Dry,10 - No control,01 - Non intersection,01 - Daylight,03 - P.D. only,99 - Other,Whitehaven - Queensway Terrace North
12678,BLAIR RD @ REGIONAL RD 174 N/OR174 IC112 RAMP61,374632.4109,5032992.601,-75.60748538,45.43337909,2014-10-15,19:09,02 - Rain,02 - Wet,01 - Traffic signal,03 - At intersection,05 - Dusk,03 - P.D. only,05 - Turning movement,Industrial Park
12679,SOMERSET ST    W btwn BRONSON AVE & PERCY ST,367052.4876,5030530.007,-75.70466415,45.41193731,2014-11-29,18:31,01 - Clear,01 - Dry,10 - No control,04 - At/near private drive,07 - Dark,03 - P.D. only,02 - Angle,Chinatown
12680,DALY AVE @ FRIEL ST,368850.2309,5032432.591,-75.68145123,45.42889385,2014-11-30,15:43,01 - Clear,01 - Dry,02 - Stop sign,03 - At intersection,01 - Daylight,03 - P.D. only,02 - Angle,Sandy Hill
12681,HIGHWAY 7 btwn HAZELDEAN IC RAMP 53 & HIGHWAY 7,342482.0478,5008565.741,-76.0202312,45.21604823,2014-03-03,15:00,01 - Clear,01 - Dry,10 - No control,01 - Non intersection,01 - Daylight,03 - P.D. only,07 - SMV other,Munster Hamlet - Richmond
12682,HIGHWAY 417 btwn TRANSIT & HWY417 IC127 RAMP35,361885.7152,5024638.82,-75.77135041,45.35936962,2014-03-04,9:25,01 - Clear,01 - Dry,10 - No control,01 - Non intersection,01 - Daylight,03 - P.D. only,03 - Rear end,Iris
12683,HIGHWAY 417 btwn HWY417 IC117 RAMP26 & HWY417 IC117 RAMP61,370899.8253,5031249.615,-75.65541939,45.41805923,2014-03-03,15:30,01 - Clear,01 - Dry,10 - No control,01 - Non intersection,01 - Daylight,03 - P.D. only,03 - Rear end,Industrial Park
12684,HIGHWAY 417 btwn HWY417 IC140 RAMP35 & HWY417 IC140 RAMP25,350956.1845,5018560.72,-75.9114149,45.30548227,2014-03-09,6:19,01 - Clear,01 - Dry,10 - No control,01 - Non intersection,03 - Dawn,03 - P.D. only,03 - Rear end,Katimavik - Hazeldean
12685,PENNYROYAL CRES btwn ANGELICA AVE & PINNACLE ST,386971.1428,5035995.09,-75.44930966,45.45905155,2014-08-21,17:20,01 - Clear,01 - Dry,10 - No control,01 - Non intersection,01 - Daylight,03 - P.D. only,06 - SMV unattended vehicle,Notting Hill
12686,SOMERSET ST    E btwn HENDERSON AVE & NELSON ST,369036.2768,5031724.543,-75.67916618,45.42250603,2014-09-13,9:00,01 - Clear,01 - Dry,10 - No control,01 - Non intersection,01 - Daylight,03 - P.D. only,06 - SMV unattended vehicle,Sandy Hill
12687,ELGIN ST @ WAVERLEY ST,368317.7067,5030952.093,-75.68844697,45.4156214,2014-10-30,6:14,01 - Clear,01 - Dry,01 - Traffic signal,02 - Intersection related,07 - Dark,03 - P.D. only,03 - Rear end,Centretown
12688,INDUSTRIAL AVE @ RIVERSIDE DR,370686.6188,5030593.979,-75.65823096,45.41218019,2014-10-30,6:30,01 - Clear,01 - Dry,01 - Traffic signal,02 - Intersection related,03 - Dawn,03 - P.D. only,03 - Rear end,Industrial Park
12689,CYRVILLE RD @ OGILVIE RD,372454.6692,5032006.045,-75.63545097,45.42471662,2014-11-14,14:00,01 - Clear,01 - Dry,01 - Traffic signal,02 - Intersection related,01 - Daylight,03 - P.D. only,04 - Sideswipe,Cummings
12690,HUNT CLUB RD btwn TURN LANE & RIVERSIDE DR,368015.3253,5021937.422,-75.69346395,45.33453714,2014-11-16,14:45,03 - Snow,02 - Wet,10 - No control,01 - Non intersection,01 - Daylight,03 - P.D. only,03 - Rear end,Hunt Club Woods - Quintarra - Revelstoke - Riverside South P
12691,MERIVALE RD btwn CLYDE AVE & RITA AVE,364570.9738,5024382.632,-75.73710938,45.35684069,2014-11-16,17:56,02 - Rain,02 - Wet,10 - No control,04 - At/near private drive,07 - Dark,03 - P.D. only,05 - Turning movement,Crestview - Meadowlands