Record,Location,X,Y,lon,lat,Date,Time,Environment,Road_Surface,Traffic_Control,Collision_Location,Light,Collision_Classification,Impact_type,Neighborhood
12692,FRIEL ST btwn RIDEAU ST & END,368758.4007,5032594.812,-75.68260361,45.43036186,2014-11-15,21:08,01 - Clear,01 - Dry,10 - No control,01 - Non intersection,07 - Dark,03 - P.D. only,06 - SMV unattended vehicle,Lower Town
12693,LEWIS ST @ METCALFE ST,368118.8119,5030924.05,-75.69099156,45.41538711,2014-11-15,22:04,01 - Clear,01 - Dry,02 - Stop sign,03 - At intersection,07 - Dark,03 - P.D. only,05 - Turning movement,Centretown
12694,TAWNEY RD @ WALKLEY RD,374127.9942,5028181.266,-75.61460817,45.39013931,2014-08-22,14:30,01 - Clear,01 - Dry,02 - Stop sign,03 - At intersection,01 - Daylight,03 - P.D. only,07 - SMV other,Hawthorne Meadows
12695,MOODIE DR @ CORKSTOWN RD,356345.651,5022762.922,-75.84225513,45.34291936,2014-09-07,20:18,01 - Clear,01 - Dry,01 - Traffic signal,02 - Intersection related,07 - Dark,03 - P.D. only,03 - Rear end,Crystal Bay - Lakeview Park - Britannia Village
12696,ARMSTRONG ST @ PARKDALE AVE,365092.1173,5029404.084,-75.72984516,45.40197815,2014-12-08,19:19,01 - Clear,01 - Dry,01 - Traffic signal,02 - Intersection related,07 - Dark,03 - P.D. only,03 - Rear end,Islan
12697,BRONSON AVE @ GLADSTONE AVE,367134.6656,5030082.046,-75.703671,45.40789937,2014-12-02,9:43,01 - Clear,01 - Dry,01 - Traffic signal,02 - Intersection related,01 - Daylight,03 - P.D. only,99 - Other,Centretown West
12698,RICHARDSON SIDE RD @ TERRY FOX DR,348803.086,5019506.072,-75.93878598,45.31412702,2014-09-15,10:49,01 - Clear,01 - Dry,01 - Traffic signal,02 - Intersection related,01 - Daylight,03 - P.D. only,03 - Rear end,Kanata Lakes - Marchwood Lakeside - Morgan's Grant - Kanata
12699,CHAPEL ST btwn BESSERER ST & DALY AVE,368964.5987,5032517.92,-75.67997866,45.42965112,2014-10-15,19:30,02 - Rain,02 - Wet,10 - No control,01 - Non intersection,07 - Dark,03 - P.D. only,06 - SMV unattended vehicle,Sandy Hill
12700,OGILVIE RD btwn ELMRIDGE DR & 190 E OF ELMRIDGE DR/JASMINE CRES,375427.5621,5034073.236,-75.59716892,45.44302216,2014-10-16,16:51,02 - Rain,02 - Wet,10 - No control,04 - At/near private drive,01 - Daylight,03 - P.D. only,02 - Angle,Beacon Hill South - Cardinal Heights
12701,GLADSTONE AVE @ PRESTON ST,366489.2321,5029711.611,-75.71196201,45.40462348,2014-12-02,8:44,01 - Clear,01 - Dry,01 - Traffic signal,02 - Intersection related,01 - Daylight,03 - P.D. only,99 - Other,Little Italy
12702,HIGHWAY 417 btwn HWY417 IC104 RAMP51 & HWY417 IC104 RAMP15,380043.8641,5025908.423,-75.53941288,45.36907913,2014-03-04,23:00,03 - Snow,04 - Slush,10 - No control,01 - Non intersection,07 - Dark,03 - P.D. only,07 - SMV other,Greenbelt
12703,HIGHWAY 417 btwn HWY417 IC138 RAMP36 & HIGHWAY 417,352913.4916,5020242.538,-75.88629335,45.32048428,2014-02-28,15:40,01 - Clear,01 - Dry,10 - No control,01 - Non intersection,01 - Daylight,03 - P.D. only,04 - Sideswipe,Kanata
12704,HIGHWAY 417 btwn TRANSIT & HWY417 IC127 RAMP35,361974.8147,5024707.066,-75.77020533,45.35997643,2014-02-28,18:30,01 - Clear,01 - Dry,10 - No control,01 - Non intersection,07 - Dark,03 - P.D. only,04 - Sideswipe,Iris
12705,FRANK CAULEY WAY btwn LAKERIDGE DR & OAKCREST WAY,385235.5364,5034402.982,-75.4717589,45.44492922,2014-09-05,20:30,01 - Clear,01 - Dry,10 - No control,01 - Non intersection,07 - Dark,03 - P.D. only,06 - SMV unattended vehicle,Avalon
12706,ST. JEAN ST btwn ST. JOSEPH BLVD & NOTRE DAME ST,380999.5951,5037168.416,-75.52547208,45.47028497,2014-11-03,8:40,01 - Clear,01 - Dry,10 - No control,01 - Non intersection,01 - Daylight,03 - P.D. only,06 - SMV unattended vehicle,Orleans Village - Chateauneuf
12707,KIRKWOOD AVE btwn CARLING AVE & CARLING AVE,364343.1494,5027358.927,-75.73965822,45.38364032,2014-11-14,16:32,01 - Clear,06 - Ice,10 - No control,01 - Non intersection,05 - Dusk,03 - P.D. only,07 - SMV other,Carlington
12708,COLONNADE RD @ PRINCE OF WALES DR,367395.6617,5023266.041,-75.70120109,45.34654735,2014-11-14,17:45,01 - Clear,01 - Dry,01 - Traffic signal,02 - Intersection related,07 - Dark,03 - P.D. only,03 - Rear end,Industrial Park
12709,ST. LAURENT BLVD btwn MCARTHUR AVE & DONALD ST,371926.9447,5032869.048,-75.64207629,45.43253236,2014-11-16,19:46,03 - Snow,02 - Wet,10 - No control,01 - Non intersection,07 - Dark,03 - P.D. only,04 - Sideswipe,Cummings
12710,SPRUCE RIDGE RD btwn RICHARDSON SIDE RD & HAZELDEAN RD,344116.2736,5013300.615,-75.99905074,45.25856573,2014-11-16,0:57,01 - Clear,01 - Dry,10 - No control,01 - Non intersection,07 - Dark,03 - P.D. only,07 - SMV other,Stittsville - Basswood
12711,COLONIAL RD @ ROCKDALE RD,391417.9212,5032662.978,-75.39304736,45.42853594,2014-11-16,7:11,03 - Snow,03 - Loose snow,02 - Stop sign,02 - Intersection related,03 - Dawn,03 - P.D. only,07 - SMV other,Navan - Vars
12712,OGILVIE RD btwn KENDER AVE & LA VERENDRYE DR,375363.126,5035316.853,-75.59781412,45.45421799,2014-09-11,15:20,01 - Clear,01 - Dry,10 - No control,04 - At/near private drive,01 - Daylight,03 - P.D. only,02 - Angle,Beacon Hill North
12713,ST. LAURENT BLVD @ COVENTRY RD/OGILVIE RD,372305.2444,5031952.05,-75.63736763,45.42424523,2014-12-09,10:11,01 - Clear,02 - Wet,01 - Traffic signal,02 - Intersection related,01 - Daylight,03 - P.D. only,03 - Rear end,Overbrook
12714,PENNY DR btwn Continuation of PENNY DR & MICHELE DR,359605.7552,5024001.332,-75.80052057,45.35381545,2014-12-08,23:00,01 - Clear,01 - Dry,10 - No control,01 - Non intersection,07 - Dark,03 - P.D. only,06 - SMV unattended vehicle,Whitehaven - Queensway Terrace North
12715,DALHOUSIE ST @ YORK ST,368092.2819,5032420.065,-75.69113829,45.42885014,2014-12-05,6:41,01 - Clear,01 - Dry,01 - Traffic signal,03 - At intersection,07 - Dark,03 - P.D. only,05 - Turning movement,Byward Market
12716,METCALFE ST @ SOMERSET ST,368011.1794,5031106.948,-75.69234315,45.4170425,2014-12-05,11:31,01 - Clear,01 - Dry,01 - Traffic signal,03 - At intersection,01 - Daylight,03 - P.D. only,02 - Angle,Centretown
12717,BEATRICE DR @ STRANDHERD DR,365526.9031,5015320.534,-75.72602029,45.27521867,2014-09-17,18:15,01 - Clear,01 - Dry,01 - Traffic signal,03 - At intersection,05 - Dusk,03 - P.D. only,05 - Turning movement,New Barrhaven
12718,CARLING AVE @ CLYDE AVE/COLE AVE,363519.2688,5026850.542,-75.7502384,45.3791355,2014-09-25,12:15,01 - Clear,01 - Dry,01 - Traffic signal,03 - At intersection,01 - Daylight,03 - P.D. only,04 - Sideswipe,Carlingwood - McKellar Park - Laurentien View
12719,BAY ST @ LAURIER AVE,367034.2315,5030997.573,-75.70483833,45.41614595,2014-10-16,16:49,02 - Rain,02 - Wet,01 - Traffic signal,02 - Intersection related,01 - Daylight,03 - P.D. only,03 - Rear end,Downtown
12720,RICHMOND RD btwn WOODROFFE AVE & LOCKHART AVE,361603.1698,5026682.011,-75.77472164,45.37777704,2014-10-16,17:52,02 - Rain,02 - Wet,10 - No control,04 - At/near private drive,07 - Dark,03 - P.D. only,05 - Turning movement,Carlingwood - McKellar Park - Laurentien View
12721,GLADSTONE AVE btwn CAMBRIDGE ST N & CAMBRIDGE ST N,367053.6069,5030031.327,-75.70471283,45.40745023,2014-12-02,9:50,01 - Clear,01 - Dry,10 - No control,01 - Non intersection,01 - Daylight,03 - P.D. only,04 - Sideswipe,Centretown West
12722,SHEFFIELD RD btwn INNES PARK WAY & BANTREE ST,374630.0644,5030092.55,-75.6079264,45.40728621,2014-12-03,6:14,03 - Snow,03 - Loose snow,10 - No control,04 - At/near private drive,07 - Dark,03 - P.D. only,05 - Turning movement,Industrial Park
12723,HIGHWAY 416 btwn HWY416 IC72 RAMP63 & HWY416 IC72 RAMP53,359791.7196,5019033.613,-75.79869921,45.30910122,2014-03-02,1:01,03 - Snow,03 - Loose snow,10 - No control,01 - Non intersection,07 - Dark,03 - P.D. only,04 - Sideswipe,Greenbelt
12724,HIGHWAY 417 btwn HWY417 IC122 RAMP15 & HWY417 IC121B RAMP51,365683.1437,5029110.01,-75.72233255,45.39928099,2014-03-06,12:40,01 - Clear,01 - Dry,10 - No control,01 - Non intersection,01 - Daylight,03 - P.D. only,03 - Rear end,Civic Hospital - Experimental Farm - Central Park
12725,HIGHWAY 417 btwn HWY417 IC129 RAMP61 & TRANSIT,361332.067,5024243.466,-75.7784619,45.35585711,2014-03-01,7:18,03 - Snow,03 - Loose snow,10 - No control,01 - Non intersection,01 - Daylight,03 - P.D. only,03 - Rear end,Whitehaven - Queensway Terrace North
12726,HIGHWAY 417 btwn HWY417 IC121B RAMP51 & HWY417 IC121A RAMP51,366746.9903,5029565.892,-75.70868794,45.40328958,2014-03-06,18:48,01 - Clear,01 - Dry,10 - No control,01 - Non intersection,05 - Dusk,03 - P.D. only,03 - Rear end,Little Italy
12727,WOODROFFE AVE/HWY 417 WOODROFF IC127R25 @ HWY ,362181.4993,5024693.912,-75.7675689,45.35984119,2014-11-04,16:25,02 - Rain,02 - Wet,01 - Traffic signal,02 - Intersection related,05 - Dusk,03 - P.D. only,04 - Sideswipe,Iris
12728,MONTREAL RD btwn ST. LAURENT BLVD & HILLSIDE DR,371561.1246,5033825.787,-75.64662142,45.44117567,2014-10-30,10:16,01 - Clear,01 - Dry,10 - No control,04 - At/near private drive,01 - Daylight,03 - P.D. only,99 - Other,Cummings
12729,INDUSTRIAL AVE btwn TRAINYARDS DR & RUSSELL RD,371893.2018,5030503.584,-75.64282965,45.41125222,2014-10-30,10:34,01 - Clear,01 - Dry,10 - No control,01 - Non intersection,01 - Daylight,03 - P.D. only,03 - Rear end,Industrial Park
12730,DONALD ST @ VANIER PKWY,370313.6133,5032270.11,-75.6627731,45.42729637,2014-11-14,17:54,01 - Clear,02 - Wet,01 - Traffic signal,03 - At intersection,07 - Dark,03 - P.D. only,05 - Turning movement,Overbrook
12731,MERIVALE RD btwn WOODFIELD DR & 170 N OF WEST HUNT CLUB RD/COSTCO SC,365510.207,5022184.96,-75.72539227,45.33698566,2014-11-14,18:25,01 - Clear,01 - Dry,10 - No control,01 - Non intersection,07 - Dark,03 - P.D. only,03 - Rear end,Tanglewood
12732,PAUL METIVIER DR btwn LEAMINGTON WAY & LONGFIELDS DR,365051.8362,5014192.367,-75.73221148,45.26510831,2014-06-14,23:03,01 - Clear,01 - Dry,10 - No control,01 - Non intersection,07 - Dark,03 - P.D. only,06 - SMV unattended vehicle,New Barrhaven
12733,REGIONAL ROAD 174 btwn OR174 IC102 RAMP15 & OR174 IC101 RAMP63,382433.0518,5038714.07,-75.50689786,45.48403353,2014-11-16,7:51,03 - Snow,03 - Loose snow,10 - No control,01 - Non intersection,01 - Daylight,03 - P.D. only,04 - Sideswipe,Chatelaine Village
12734,REGIONAL ROAD 174 btwn REGIONAL ROAD 174 & OR174 IC102 RAMP15,381901.3724,5038414.571,-75.51374524,45.48139783,2014-11-16,7:58,03 - Snow,03 - Loose snow,10 - No control,01 - Non intersection,01 - Daylight,03 - P.D. only,07 - SMV other,Industrial Park
12735,HINCKS LANE @ RIVERSIDE DR,370167.0122,5030207.631,-75.66491998,45.40875271,2014-09-19,12:06,01 - Clear,01 - Dry,02 - Stop sign,03 - At intersection,01 - Daylight,03 - P.D. only,02 - Angle,Industrial Park
12736,RIVERSIDE DR RAMP 42A @ RIVERSIDE DR,368443.0265,5027267.789,-75.68732134,45.3824598,2014-12-08,15:22,01 - Clear,01 - Dry,03 - Yield sign,02 - Intersection related,01 - Daylight,03 - P.D. only,03 - Rear end,Alta Vista
12737,HOLLAND AVE btwn 95 N OF SHERWOOD DR/FISHER PARK HS & SHERWOOD DR,365142.9034,5028664.089,-75.72928702,45.39531547,2014-12-09,11:15,01 - Clear,01 - Dry,10 - No control,04 - At/near private drive,01 - Daylight,03 - P.D. only,02 - Angle,Civic Hospital - Experimental Farm - Central Park
12738,COLONNADE RD @ PRINCE OF WALES DR,367394.2377,5023264.62,-75.70121944,45.34653469,2014-10-02,7:40,01 - Clear,01 - Dry,01 - Traffic signal,02 - Intersection related,01 - Daylight,03 - P.D. only,03 - Rear end,Industrial Park
12739,VALIN ST btwn CHARLEMAGNE BLVD & NORTHLANDS DR,384737.2777,5037596.817,-75.47760809,45.47372152,2014-10-03,8:20,01 - Clear,01 - Dry,10 - No control,04 - At/near private drive,01 - Daylight,03 - P.D. only,03 - Rear end,Fallingbrook
12740,MACDONALD-CARTIER BR RAMP NB-1 btwn MACDONALD-CARTIER BR & MACDONALD-C,367523.8896,5033194.592,-75.69830284,45.43587028,2014-10-16,17:57,02 - Rain,02 - Wet,10 - No control,01 - Non intersection,07 - Dark,03 - P.D. only,04 - Sideswipe,Byward Market - Parliament Hill
12741,EARL GREY DR @ ROLAND MICHENER DR,350773.5722,5018945.941,-75.91370772,45.30896057,2014-10-16,17:00,01 - Clear,01 - Dry,02 - Stop sign,02 - Intersection related,01 - Daylight,03 - P.D. only,04 - Sideswipe,Kanata
12742,PLEASANT PARK RD btwn CABOT ST & LESLIE AVE,369698.2716,5028423.925,-75.67114234,45.39274717,2014-12-03,8:08,03 - Snow,02 - Wet,10 - No control,01 - Non intersection,01 - Daylight,03 - P.D. only,05 - Turning movement,Alta Vista
12743,KIRKWOOD AVE @ LAPERRIERE AVE,364520.1679,5026957.595,-75.73744652,45.38001414,2014-12-04,2:03,02 - Rain,05 - Packed snow,01 - Traffic signal,03 - At intersection,07 - Dark,03 - P.D. only,05 - Turning movement,Carlington
12744,HWY417 IC121A RAMP61 btwn CATHERINE ST & HIGHWAY 417,367481.0182,5029875.934,-75.69927296,45.4060139,2014-03-06,18:00,01 - Clear,01 - Dry,10 - No control,01 - Non intersection,05 - Dusk,03 - P.D. only,03 - Rear end,Centretown
12745,HIGHWAY 417 btwn HWY417 IC121B RAMP51 & HWY417 IC121A RAMP51,366746.075,5029564.82,-75.70869977,45.40328001,2014-03-06,12:00,01 - Clear,01 - Dry,10 - No control,01 - Non intersection,01 - Daylight,03 - P.D. only,03 - Rear end,Little Italy
12746,HIGHWAY 417 btwn HWY417 IC119B RAMP57 & HWY417 IC119A RAMP75,368178.7764,5030269.085,-75.6903097,45.40948852,2014-03-06,15:45,01 - Clear,01 - Dry,10 - No control,01 - Non intersection,01 - Daylight,03 - P.D. only,03 - Rear end,The Glebe
12747,HIGHWAY 417 btwn HWY417 IC124 RAMP57 & HWY417 IC124 RAMP55,364123.8784,5027101.503,-75.74248891,45.38134267,2014-03-04,7:38,01 - Clear,01 - Dry,10 - No control,01 - Non intersection,01 - Daylight,03 - P.D. only,03 - Rear end,Carlington
12748,MOODIE DR @ WEST HUNT CLUB RD,357906.7016,5018497.981,-75.82279422,45.30442662,2014-11-04,18:53,02 - Rain,02 - Wet,01 - Traffic signal,02 - Intersection related,07 - Dark,03 - P.D. only,07 - SMV other,Greenbelt
12749,FITZGERALD RD @ ROBERTSON RD,356789.5756,5020288.942,-75.83685069,45.32062549,2014-10-30,10:46,01 - Clear,01 - Dry,01 - Traffic signal,02 - Intersection related,01 - Daylight,03 - P.D. only,02 - Angle,Bells Corners West
12750,INDUSTRIAL AVE @ RUSSELL RD,372466.6787,5030280.978,-75.6355344,45.4091941,2014-10-30,12:25,01 - Clear,01 - Dry,01 - Traffic signal,02 - Intersection related,01 - Daylight,03 - P.D. only,03 - Rear end,Industrial Park
12751,UPPER DWYER HILL RD btwn UPPER DWYER HILL RD & HIGHWAY 7,340944.2233,5007234.313,-76.03990678,45.20414781,2014-11-14,18:32,01 - Clear,01 - Dry,10 - No control,01 - Non intersection,07 - Dark,03 - P.D. only,07 - SMV other,Munster Hamlet - Richmond
12752,BANK ST btwn TURN LANE & SPRINGHILL RD,384211.5963,5008742.626,-75.48896252,45.21417248,2014-11-14,5:50,01 - Clear,01 - Dry,10 - No control,01 - Non intersection,07 - Dark,03 - P.D. only,07 - SMV other,Metcalfe
12753,INDUSTRIAL AVE @ RUSSELL RD,372467.1538,5030281.928,-75.6355282,45.4092026,2014-12-02,21:28,03 - Snow,03 - Loose snow,01 - Traffic signal,02 - Intersection related,07 - Dark,03 - P.D. only,07 - SMV other,Industrial Park
12754,CATHERINE ST/HWY 417 O'CONN IC119BR76 @ O'CONN,368243.7079,5030393.752,-75.68946422,45.41060435,2014-12-08,15:40,01 - Clear,01 - Dry,01 - Traffic signal,02 - Intersection related,01 - Daylight,03 - P.D. only,04 - Sideswipe,Centretown
12755,AIRPORT PKWY btwn BROOKFIELD RAMP 34 & BRONSON AVE RAMP 24C,368718.9413,5026654.173,-75.68387789,45.37691354,2014-11-16,8:20,03 - Snow,02 - Wet,10 - No control,01 - Non intersection,01 - Daylight,03 - P.D. only,07 - SMV other,Alta Vista
12756,PRINCE OF WALES DR btwn NORMANDY CRES & FALAISE RD (1),367488.0749,5024685.803,-75.69984189,45.35931382,2014-11-16,8:23,03 - Snow,06 - Ice,10 - No control,01 - Non intersection,01 - Daylight,03 - P.D. only,07 - SMV other,Carleton Heights - Rideauview
12757,STRANDHERD DR @ WOODROFFE AVE,366104.2538,5015395.624,-75.71865322,45.27584423,2014-10-05,0:45,01 - Clear,01 - Dry,01 - Traffic signal,02 - Intersection related,07 - Dark,03 - P.D. only,07 - SMV other,New Barrhaven
12758,CLOVER ST @ HERON RD,369293.6658,5026765.969,-75.67652591,45.37786678,2014-10-06,8:08,01 - Clear,01 - Dry,01 - Traffic signal,02 - Intersection related,01 - Daylight,03 - P.D. only,03 - Rear end,Alta Vista
12759,BASELINE RD @ FISHER AVE,366169.0689,5026028.058,-75.71650953,45.37150786,2014-12-09,11:57,01 - Clear,01 - Dry,01 - Traffic signal,02 - Intersection related,01 - Daylight,03 - P.D. only,04 - Sideswipe,Civic Hospital - Experimental Farm - Central Park
12760,COOPER ST btwn BANK ST & O'CONNOR ST,367661.0618,5030999.598,-75.6968299,45.41610814,2014-09-08,13:00,01 - Clear,01 - Dry,10 - No control,01 - Non intersection,01 - Daylight,03 - P.D. only,06 - SMV unattended vehicle,Centretown
12761,PRINCE OF WALES DR btwn HARTWELL LOCKS/548 N OF RIDEAUVIEW TER & FAIRC,367143.0193,5027029.325,-75.70395004,45.38043106,2014-04-26,22:30,01 - Clear,01 - Dry,10 - No control,01 - Non intersection,07 - Dark,03 - P.D. only,07 - SMV other,Civic Hospital - Experimental Farm - Central Park
12762,WEST HUNT CLUB RD @ CLEOPATRA DR/LANCELOT DR,365234.2782,5021731.546,-75.72896792,45.33292972,2014-10-04,11:34,02 - Rain,02 - Wet,01 - Traffic signal,02 - Intersection related,01 - Daylight,03 - P.D. only,03 - Rear end,Tanglewood
12763,ST. JOSEPH BLVD/OLD MONTREAL RD @ TRIM RD,384681.5201,5039287.811,-75.47804607,45.48894183,2014-10-16,18:00,02 - Rain,02 - Wet,01 - Traffic signal,02 - Intersection related,07 - Dark,03 - P.D. only,03 - Rear end,Cardinal Creek
12764,HIGHWAY 417 btwn HWY417 IC122 RAMP16 & HWY417 IC122 RAMP61,365340.2245,5028899.757,-75.7267381,45.39741892,2014-02-18,9:22,03 - Snow,03 - Loose snow,10 - No control,01 - Non intersection,01 - Daylight,03 - P.D. only,07 - SMV other,Civi
12765,HIGHWAY 417 btwn HWY417 IC118 RAMP57 & HWY417 IC118 RAMP35,369496.5837,5031061.934,-75.67337184,45.41650171,2014-03-07,13:19,01 - Clear,01 - Dry,10 - No control,01 - Non intersection,01 - Daylight,03 - P.D. only,03 - Rear end,Old Ottawa East
12766,HIGHWAY 417 btwn HWY417 IC117 RAMP26 & HWY417 IC117 RAMP61,370908.3561,5031255.302,-75.65530963,45.41810959,2014-03-07,7:04,01 - Clear,01 - Dry,10 - No control,01 - Non intersection,01 - Daylight,03 - P.D. only,03 - Rear end,Industrial Park
12767,HIGHWAY 417 btwn HWY417 IC122 RAMP51 & HWY417 IC122 RAMP15,365340.2245,5028878.904,-75.72674066,45.39723129,2014-02-18,9:00,03 - Snow,03 - Loose snow,10 - No control,01 - Non intersection,01 - Daylight,03 - P.D. only,07 - SMV other,Civi
12768,HIGHWAY 417 btwn HWY417 IC96 RAMP61 & HWY417 IC88 RAMP16,394271.6174,5022482.476,-75.35843015,45.33658449,2014-02-24,2:34,01 - Clear,01 - Dry,10 - No control,01 - Non intersection,07 - Dark,03 - P.D. only,07 - SMV other,Navan - Vars
12769,TENTH LINE RD @ CHARLEMAGNE BLVD S/DES EPINETT,383640.9751,5036900.456,-75.49173924,45.46758093,2014-11-09,12:40,01 - Clear,01 - Dry,01 - Traffic signal,02 - Intersection related,01 - Daylight,03 - P.D. only,03 - Rear end,Orlans
12770,MEADOWLANDS DR @ VIEWMOUNT DR,363738.792,5023106.935,-75.74788211,45.34543255,2014-11-09,15:05,01 - Clear,01 - Dry,01 - Traffic signal,02 - Intersection related,01 - Daylight,03 - P.D. only,03 - Rear end,Crestview - Meadowlands
12771,WEST HUNT CLUB RD WB btwn MERIVALE RD & ROYDON PL,365804.1058,5022058.723,-75.7216583,45.33582431,2014-10-30,9:45,01 - Clear,01 - Dry,10 - No control,04 - At/near private drive,01 - Daylight,03 - P.D. only,02 - Angle,Industrial Park
12772,RIVERSIDE DR btwn HOG'S BACK RD & RIDGEWOOD AVE,368238.1254,5025829.12,-75.69012233,45.36953363,2014-10-30,15:20,01 - Clear,01 - Dry,10 - No control,01 - Non intersection,01 - Daylight,03 - P.D. only,03 - Rear end,Riverside Park
12773,GREENBANK RD @ 207 S OF BELLMAN DR/GREENBANK S,361337.6796,5020829.855,-75.77878036,45.32514108,2014-11-14,18:45,01 - Clear,01 - Dry,01 - Traffic signal,02 - Intersection related,07 - Dark,03 - P.D. only,03 - Rear end,Nepean
12774,LYON ST @ SLATER ST,367103.6547,5031152.112,-75.70393186,45.41753027,2014-11-14,20:33,01 - Clear,01 - Dry,01 - Traffic signal,03 - At intersection,07 - Dark,03 - P.D. only,02 - Angle,Downtown
12775,MCCORDICK RD btwn HARBISON RD & CARSONBY RD W,361689.433,5001711.161,-75.77648032,45.15308022,2014-12-09,18:05,01 - Clear,01 - Dry,10 - No control,01 - Non intersection,07 - Dark,03 - P.D. only,07 - SMV other,Munster Hamlet - Richmond
12776,WOLISTON CRES btwn PALTON AVE & FLAMBOROUGH WAY (2),348858.7081,5024064.319,-75.93767081,45.35513984,2014-12-13,14:13,01 - Clear,04 - Slush,10 - No control,04 - At/near private drive,01 - Daylight,03 - P.D. only,06 - SMV unattended vehicle,Morgan's Grant
12777,INDUSTRIAL AVE @ NEIGHBORHOOD WAY,371092.7217,5030526.132,-75.65305227,45.41153138,2014-10-19,13:18,01 - Clear,01 - Dry,02 - Stop sign,03 - At intersection,01 - Daylight,03 - P.D. only,02 - Angle,Industrial Park
12778,ALPINE AVE btwn CARLING AVE & ELMHURST ST,360583.4837,5024723.757,-75.78796137,45.3602387,2014-09-26,16:10,01 - Clear,01 - Dry,10 - No control,01 - Non intersection,01 - Daylight,03 - P.D. only,06 - SMV unattended vehicle,Whitehaven - Queensway Terrace North
12779,INNES RD btwn BELCOURT BLVD & 260 E OF BELCOURT BLVD/WALMART SC,382150.0825,5035280.387,-75.51105757,45.45317161,2014-10-01,11:31,01 - Clear,01 - Dry,10 - No control,04 - At/near private drive,01 - Daylight,03 - P.D. only,02 - Angle,Chapel Hill South
12780,BREWER RD @ BRONSON AVE,368108.5732,5027767.384,-75.69152757,45.38698532,2014-10-04,19:36,02 - Rain,02 - Wet,01 - Traffic signal,02 - Intersection related,07 - Dark,03 - P.D. only,07 - SMV other,Carleto
12781,MARCH VALLEY RD @ TERRY FOX DR,350753.1474,5023783.058,-75.91351913,45.3524874,2014-10-16,18:35,01 - Clear,01 - Dry,02 - Stop sign,03 - At intersection,05 - Dusk,03 - P.D. only,02 - Angle,South March
12782,MEADOWLANDS DR btwn BAYNE AVE & MERIVALE RD,364798.5103,5023696.127,-75.73428877,45.35064418,2014-12-04,17:15,01 - Clear,01 - Dry,10 - No control,04 - At/near private drive,07 - Dark,03 - P.D. only,05 - Turning movement,Crestview - Meadowlands
12783,HIGHWAY 417 btwn HWY417 IC117 RAMP36 & HWY417 IC117 RAMP26,370767.1238,5031200.326,-75.65712137,45.41762827,2014-03-07,9:50,01 - Clear,01 - Dry,10 - No control,01 - Non intersection,01 - Daylight,03 - P.D. only,03 - Rear end,Industrial Park
12784,BANK ST @ SOMERSET ST,367695.1768,5030915.565,-75.69640478,45.41534897,2014-03-07,19:47,01 - Clear,01 - Dry,01 - Traffic signal,02 - Intersection related,07 - Dark,03 - P.D. only,99 - Other,Centretown
12785,HIGHWAY 417 btwn HWY417 IC117 RAMP26 & HWY417 IC117 RAMP61,370877.0765,5031239.188,-75.65571142,45.41796756,2014-03-07,14:55,01 - Clear,01 - Dry,10 - No control,01 - Non intersection,01 - Daylight,03 - P.D. only,03 - Rear end,Industrial Park
12786,HIGHWAY 417 btwn HWY417 IC124 RAMP76 & HWY417 IC124 RAMP67,364201.0989,5027246.156,-75.74148556,45.38263769,2014-03-08,6:40,01 - Clear,01 - Dry,10 - No control,01 - Non intersection,01 - Daylight,03 - P.D. only,07 - SMV other,Westboro
12787,BANK ST btwn ARENA PL & WHITE ALDER AVE,375617.0462,5020998.435,-75.59662279,45.32536252,2014-11-10,7:34,01 - Clear,01 - Dry,10 - No control,01 - Non intersection,01 - Daylight,03 - P.D. only,03 - Rear end,Greenbelt
12788,ST. LAURENT BLVD @ WALKLEY RD,373902.7501,5028045.43,-75.61750345,45.38893938,2014-11-12,6:38,01 - Clear,01 - Dry,01 - Traffic signal,02 - Intersection related,03 - Dawn,03 - P.D. only,02 - Angle,Urbandale
12789,GREENBANK RD @ STRANDHERD DR,363933.6839,5014785.842,-75.74638817,45.2705433,2014-10-30,16:16,01 - Clear,01 - Dry,01 - Traffic signal,02 - Intersection related,01 - Daylight,03 - P.D. only,04 - Sideswipe,New Barrhaven
12790,REGIONAL ROAD 174 EB btwn OR174 IC109 RAMP55 & TRANSIT,376474.4241,5034990.867,-75.58365492,45.45117187,2014-10-30,15:55,01 - Clear,01 - Dry,10 - No control,01 - Non intersection,01 - Daylight,03 - P.D. only,03 - Rear end,Greenbelt
12791,MITCH OWENS RD btwn SPRATT RD & LIMEBANK RD,370381.3209,5011311.014,-75.66468502,45.23870556,2014-11-14,20:56,01 - Clear,01 - Dry,10 - No control,01 - Non intersection,07 - Dark,03 - P.D. only,07 - SMV other,Manotick
12792,BANK ST btwn TURN LANE & SPRINGHILL RD,384949.231,5006760.288,-75.47989159,45.19625294,2014-11-14,22:49,01 - Clear,01 - Dry,10 - No control,01 - Non intersection,07 - Dark,03 - P.D. only,07 - SMV other,Metcalfe
12793,THOMAS A. DOLAN PKWY @ WOODKILTON RD,341216.0613,5030503,-76.0347367,45.41351573,2014-12-13,19:00,01 - Clear,02 - Wet,02 - Stop sign,03 - At intersection,07 - Dark,03 - P.D. only,02 - Angle,Kanata
12794,FALLOWFIELD RD btwn BILTMORE CRES & MUNSTER RD,346996.7448,5004891.043,-75.96306347,45.18272549,2014-12-13,22:45,01 - Clear,01 - Dry,10 - No control,01 - Non intersection,07 - Dark,03 - P.D. only,07 - SMV other,Munster Hamlet - Richmond