Record,Location,X,Y,lon,lat,Date,Time,Environment,Road_Surface,Traffic_Control,Collision_Location,Light,Collision_Classification,Impact_type,Neighborhood
12795,HUNT CLUB RD/AIRPORT PKWY/HUNT CLUB RD RAMP 53,370950.1195,5023663.568,-75.65579341,45.34979796,2014-10-17,8:30,01 - Clear,01 - Dry,02 - Stop sign,02 - Intersection related,01 - Daylight,03 - P.D. only,03 - Rear end,Hunt Club East - Western Community
12796,TERRY FOX DR btwn TERRY FOX DR & EAGLESON RD,354637.1276,5014765.576,-75.86485944,45.27108122,2014-10-07,15:30,01 - Clear,01 - Dry,10 - No control,01 - Non intersection,01 - Daylight,03 - P.D. only,07 - SMV other,Stittsville - Basswood
12797,ELGIN ST @ SLATER ST,367888.8075,5031647.05,-75.6938374,45.4219132,2014-08-27,1:30,01 - Clear,01 - Dry,01 - Traffic signal,02 - Intersection related,07 - Dark,03 - P.D. only,07 - SMV other,Downtown
12798,BLAIR RD btwn BEAVERPOND DR & INNES RD,375408.7346,5031852.766,-75.59772799,45.42304555,2014-06-17,21:55,02 - Rain,02 - Wet,10 - No control,01 - Non intersection,07 - Dark,03 - P.D. only,01 - Approaching,Pineview
12799,OLD TENTH LINE RD @ TENTH LINE RD,383043.4369,5038358.031,-75.49914758,45.48076207,2014-10-05,15:26,01 - Clear,01 - Dry,01 - Traffic signal,03 - At intersection,01 - Daylight,03 - P.D. only,02 - Angle,Queenswood Heights
12800,CARLING AVE @ CIVIC HOSPITAL,365792.0834,5028278.056,-75.72104404,45.39178578,2014-12-04,17:35,01 - Clear,01 - Dry,01 - Traffic signal,03 - At intersection,07 - Dark,03 - P.D. only,05 - Turning movement,Civic Hospital - Experimental Farm - Central Park
12801,PALLADIUM DR btwn SILVER SEVEN RD & TERRY FOX DR,351260.7133,5018170.401,-75.90756833,45.30195,2014-12-04,19:48,01 - Clear,01 - Dry,10 - No control,01 - Non intersection,07 - Dark,03 - P.D. only,05 - Turning movement,Katimavik - Hazeldean
12802,BARRETTE ST @ ST. CHARLES ST,369470.2394,5033730.131,-75.67335803,45.44051154,2014-12-05,15:39,01 - Clear,02 - Wet,02 - Stop sign,03 - At intersection,01 - Daylight,03 - P.D. only,02 - Angle,Vanier North
12803,BRONSON AVE @ CATHERINE ST/RAYMOND ST,367252.2334,5029795.141,-75.70220555,45.4053074,2014-12-06,10:15,01 - Clear,01 - Dry,01 - Traffic signal,03 - At intersection,01 - Daylight,03 - P.D. only,02 - Angle,Centretown West
12804,BEATRICE DR @ CLARIDGE DR,365144.7335,5016519.98,-75.73074486,45.28604415,2014-11-14,7:45,01 - Clear,01 - Dry,02 - Stop sign,03 - At intersection,01 - Daylight,03 - P.D. only,02 - Angle,New Barrhaven
12805,INDUSTRIAL AVE @ RIVERSIDE DR,370683.7685,5030594.929,-75.65826724,45.41218901,2014-11-14,13:38,01 - Clear,02 - Wet,01 - Traffic signal,02 - Intersection related,01 - Daylight,03 - P.D. only,04 - Sideswipe,Industrial Park
12806,LAFONTAINE AVE @ MCARTHUR AVE,370950.6624,5032772.049,-75.65456544,45.43175264,2014-10-30,16:29,01 - Clear,01 - Dry,01 - Traffic signal,02 - Intersection related,01 - Daylight,03 - P.D. only,04 - Sideswipe,Vanier South
12807,BANK ST @ WELLINGTON ST,367258.6571,5031629.999,-75.70189097,45.42181633,2014-10-02,17:00,01 - Clear,01 - Dry,01 - Traffic signal,02 - Intersection related,01 - Daylight,03 - P.D. only,99 - Other,Downtown
12808,KENT ST @ SOMERSET ST,367528.1264,5030814.14,-75.69855184,45.41445137,2014-11-15,8:00,01 - Clear,01 - Dry,01 - Traffic signal,03 - At intersection,01 - Daylight,03 - P.D. only,02 - Angle,Centretown
12809,WOODGATE WAY btwn SHANDON AVE & END,364757.498,5017629.105,-75.73554671,45.29605716,2014-12-16,10:00,01 - Clear,02 - Wet,10 - No control,01 - Non intersection,01 - Daylight,03 - P.D. only,06 - SMV unattended vehicle,New Barrhaven
12810,OGILVIE RD @ MATHESON RD/PALMERSTON DR,373382.5703,5032534.836,-75.62352122,45.42938405,2014-12-23,15:44,02 - Rain,02 - Wet,01 - Traffic signal,02 - Intersection related,01 - Daylight,03 - P.D. only,03 - Rear end,Industrial Park
12811,FRANK ST @ O'CONNOR ST,368051.7067,5030697.098,-75.69187799,45.41335114,2014-10-27,0:32,01 - Clear,01 - Dry,02 - Stop sign,03 - At intersection,07 - Dark,03 - P.D. only,02 - Angle,Centretown
12812,BRONSON AVE @ CATHERINE ST/RAYMOND ST,367250.8083,5029797.042,-75.70222351,45.40532463,2014-10-15,11:00,02 - Rain,02 - Wet,01 - Traffic signal,02 - Intersection related,01 - Daylight,03 - P.D. only,04 - Sideswipe,Centretown West
12813,INNES RD btwn HWY417 IC112 RAMP55 & HWY417 IC112 RAMP58,374213.284,5030705.99,-75.61316371,45.41284709,2014-10-16,7:17,01 - Clear,01 - Dry,10 - No control,01 - Non intersection,01 - Daylight,03 - P.D. only,04 - Sideswipe,Industrial Park
12814,DAVIDSON RD btwn CONROY RD & HAWTHORNE RD,375922.058,5024304.502,-75.59225716,45.35507821,2014-10-12,23:51,01 - Clear,01 - Dry,10 - No control,01 - Non intersection,07 - Dark,03 - P.D. only,07 - SMV other,Greenbelt
12815,MAITLAND AVE btwn TERREBONNE DR & CAMEO DR,364044.3313,5025137.412,-75.74374015,45.3636768,2014-10-16,18:30,02 - Rain,02 - Wet,10 - No control,01 - Non intersection,07 - Dark,03 - P.D. only,03 - Rear end,Civic Hospital - Experimental Farm - Central Park
12816,ALBERT ST @ ELGIN ST/MACKENZIE KING BRIDGE,367850.2377,5031710.634,-75.69432207,45.42248879,2014-10-16,19:14,02 - Rain,02 - Wet,01 - Traffic signal,03 - At intersection,07 - Dark,03 - P.D. only,07 - SMV other,Downtown
12817,ST. JEAN ST btwn COUSINEAU ST & ST. JOSEPH BLVD,380953.9638,5037221.776,-75.52604731,45.47077004,2014-12-08,8:04,01 - Clear,01 - Dry,10 - No control,04 - At/near private drive,01 - Daylight,03 - P.D. only,02 - Angle,Industrial Park
12818,BARRETTE ST btwn CHARLEVOIX ST & LOYER ST,369267.5903,5033538.473,-75.67597321,45.43880579,2014-12-07,13:05,01 - Clear,01 - Dry,10 - No control,01 - Non intersection,01 - Daylight,03 - P.D. only,05 - Turning movement,Vanier North
12819,FLEWELLYN RD @ SHEA RD,352993.4163,5012174.368,-75.88605754,45.24787932,2014-12-03,18:53,04 - Freezing Rain,06 - Ice,02 - Stop sign,02 - Intersection related,07 - Dark,03 - P.D. only,07 - SMV other,Stittsville - Basswood
12820,BELFAST RD btwn TRAINYARDS DR & ST. LAURENT BLVD,372761.4367,5030541.032,-75.63173335,45.41150538,2014-12-08,13:00,01 - Clear,01 - Dry,10 - No control,04 - At/near private drive,01 - Daylight,03 - P.D. only,05 - Turning movement,Industrial Park
12821,ALBERT ST btwn KENT ST & BANK ST,367342.7638,5031394.431,-75.70084625,45.41968925,2014-10-30,0:00,01 - Clear,01 - Dry,10 - No control,01 - Non intersection,00 - Unknown,03 - P.D. only,06 - SMV unattended vehicle,Downtown
12822,MUNSTER RD btwn FERNBANK RD & LUCAS LANE,345677.606,5006531.201,-75.97971382,45.19756221,2014-10-30,18:30,01 - Clear,01 - Dry,10 - No control,01 - Non intersection,05 - Dusk,03 - P.D. only,07 - SMV other,Munster Hamlet - Richmond
12823,MARCH RD btwn BEARHILL RD & ROB LYTLE'S LANE,338296.7019,5018098.496,-76.07287489,45.30204077,2014-10-30,18:56,01 - Clear,01 - Dry,10 - No control,01 - Non intersection,07 - Dark,03 - P.D. only,07 - SMV other,Carp - Hardwood Plains
12824,BREWER RD @ BRONSON AVE,368109.5222,5027765.961,-75.69151564,45.38697243,2014-11-06,16:40,02 - Rain,02 - Wet,01 - Traffic signal,02 - Intersection related,05 - Dusk,03 - P.D. only,03 - Rear end,Carleto
12825,ISLAND PARK DR btwn SCOTT ST & MAILES AVE,363920.7991,5028977.592,-75.74485706,45.39824056,2014-11-14,16:00,01 - Clear,01 - Dry,10 - No control,04 - At/near private drive,05 - Dusk,03 - P.D. only,02 - Angle,Island Park
12826,MERIVALE RD @ EMERALD PLAZA SC,364737.6101,5024004.975,-75.73502849,45.35342836,2014-12-26,15:07,01 - Clear,01 - Dry,01 - Traffic signal,02 - Intersection related,01 - Daylight,03 - P.D. only,02 - Angle,Cityview - Skyline - Fisher Heights
12827,BANK ST btwn CHAMBERLAIN AVE & ROSEBERY AVE,368112.3936,5030098.787,-75.69117956,45.40796224,2014-10-15,19:00,02 - Rain,02 - Wet,10 - No control,01 - Non intersection,07 - Dark,03 - P.D. only,06 - SMV unattended vehicle,The Glebe
12828,MERIVALE RD @ WOODFIELD DR/ROYDON PL,365460.9863,5022299.383,-75.7260062,45.33801948,2014-10-18,17:00,01 - Clear,01 - Dry,01 - Traffic signal,02 - Intersection related,05 - Dusk,03 - P.D. only,04 - Sideswipe,Tanglewood
12829,RIVERSIDE DR @ SMYTH RD SOUTH SIDE RAMP,369788.7517,5028999.116,-75.66991111,45.39791415,2014-10-14,8:40,01 - Clear,01 - Dry,01 - Traffic signal,02 - Intersection related,01 - Daylight,03 - P.D. only,03 - Rear end,Alta Vista
12830,MCCORDICK RD btwn CARSONBY RD W & POLLOCK RD,362184.314,5001147.964,-75.77025161,45.14797238,2014-10-15,7:20,02 - Rain,02 - Wet,10 - No control,01 - Non intersection,01 - Daylight,03 - P.D. only,07 - SMV other,Munster Hamlet - Richmond
12831,MITCH OWENS RD/BRIDGE ST @ RIVER RD,369500.1812,5010770.4,-75.67597731,45.23392269,2014-10-16,19:46,02 - Rain,02 - Wet,01 - Traffic signal,02 - Intersection related,07 - Dark,03 - P.D. only,04 - Sideswipe,Manotick
12832,BANK ST btwn COUNCILLOR'S WAY & ST. BERNARD ST,372877.8978,5023810.107,-75.63117377,45.35093199,2014-12-08,8:44,01 - Clear,01 - Dry,10 - No control,04 - At/near private drive,01 - Daylight,03 - P.D. only,03 - Rear end,Blossom Park - Blossom Park West - Sawmill Creek/ Timbermill
12833,MONTREAL RD/HANNAH ST @ CODY AVE,370254.2433,5033170.54,-75.66341204,45.43540362,2014-12-08,9:16,01 - Clear,01 - Dry,01 - Traffic signal,02 - Intersection related,01 - Daylight,03 - P.D. only,04 - Sideswipe,Vanier
12834,BRONSON AVE @ GLADSTONE AVE,367131.8015,5030081.089,-75.7037077,45.40789101,2014-08-18,7:33,01 - Clear,01 - Dry,01 - Traffic signal,02 - Intersection related,01 - Daylight,03 - P.D. only,05 - Turning movement,Centretown West
12835,SNAKE ISLAND RD btwn 5TH LINE RD & GREY'S CREEK RD,381838.4234,5008980.83,-75.51913547,45.2165792,2014-08-24,8:00,01 - Clear,01 - Dry,10 - No control,01 - Non intersection,01 - Daylight,03 - P.D. only,07 - SMV other,Metcalfe
12836,REGIONAL ROAD 174 btwn OR174 IC105 RAMP26 & OR174 IC105 RAMP63,379468.0046,5037072.628,-75.5450716,45.46958857,2014-12-07,17:45,01 - Clear,01 - Dry,10 - No control,01 - Non intersection,07 - Dark,03 - P.D. only,04 - Sideswipe,Orleans South West
12837,MONTREAL RD btwn PALACE ST & VANIER PKWY,370037.5554,5033046.115,-75.66619778,45.43430434,2014-10-30,19:07,01 - Clear,01 - Dry,10 - No control,01 - Non intersection,07 - Dark,03 - P.D. only,04 - Sideswipe,Vanier
12838,STRANDHERD DR btwn MADRID AVE & ANDORA AVE,363095.4914,5014155.396,-75.75714336,45.2649405,2014-10-30,19:34,01 - Clear,01 - Dry,10 - No control,01 - Non intersection,07 - Dark,03 - P.D. only,03 - Rear end,New Barrhaven
12839,EARL ARMSTRONG RD @ RIVER RD,367572.2434,5014683.922,-75.70003491,45.26931087,2014-11-15,10:48,01 - Clear,01 - Dry,01 - Traffic signal,02 - Intersection related,01 - Daylight,03 - P.D. only,03 - Rear end,Gloucester
12840,LONGFIELDS DR @ WOODROFFE AVE,365423.0701,5017107.42,-75.72712526,45.29130596,2014-09-07,16:54,01 - Clear,01 - Dry,01 - Traffic signal,02 - Intersection related,01 - Daylight,03 - P.D. only,03 - Rear end,Greenbelt
12841,POULIN AVE btwn SKUCE PRIV & RICHMOND RD,360318.0785,5024917.141,-75.79132711,45.36199984,2014-09-20,11:20,01 - Clear,01 - Dry,10 - No control,04 - At/near private drive,01 - Daylight,03 - P.D. only,02 - Angle,Woodroffe - Lincoln Heights
12842,ST. JOSEPH BLVD @ TENTH LINE RD,382886.667,5038667.751,-75.50110335,45.48356621,2014-10-29,7:45,01 - Clear,02 - Wet,01 - Traffic signal,02 - Intersection related,01 - Daylight,03 - P.D. only,03 - Rear end,Industrial Park
12843,DRUMMOND ST btwn HAZEL ST & HERRIDGE ST,369065.4878,5030005.44,-75.67901712,45.40703547,2014-10-21,13:21,01 - Clear,01 - Dry,10 - No control,04 - At/near private drive,01 - Daylight,03 - P.D. only,06 - SMV unattended vehicle,Old Ottawa East
12844,EAGLESON RD @ FALLOWFIELD RD,355961.6341,5012592.981,-75.84820431,45.2514366,2014-07-13,15:33,01 - Clear,01 - Dry,01 - Traffic signal,03 - At intersection,01 - Daylight,03 - P.D. only,02 - Angle,Stittsville - Basswood
12845,MACDONALD-CARTIER BR btwn RAMP & END (1),367401.8128,5033232.563,-75.69985816,45.43622287,2014-07-18,13:36,01 - Clear,01 - Dry,10 - No control,07 - Overpass or bridge,01 - Daylight,03 - P.D. only,04 - Sideswipe,Bywar
12846,MARCH RD btwn 280 S OF CARLING AVE/STATION RD & RICHARDSON SIDE RD,351200.2893,5021922.728,-75.90798726,45.33571834,2014-10-15,7:30,02 - Rain,02 - Wet,10 - No control,04 - At/near private drive,01 - Daylight,03 - P.D. only,05 - Turning movement,South March
12847,CAMPEAU DR @ TERON RD/COLCHESTER SQ,352562.3007,5020468.474,-75.89075088,45.32254128,2014-10-15,8:00,02 - Rain,02 - Wet,01 - Traffic signal,03 - At intersection,01 - Daylight,03 - P.D. only,05 - Turning movement,Beaverbrook
12848,WALDEN DR btwn HANSEN AVE & WESLOCK WAY,350596.309,5021379.274,-75.91574321,45.33086789,2014-10-17,21:42,01 - Clear,01 - Dry,10 - No control,01 - Non intersection,07 - Dark,03 - P.D. only,06 - SMV unattended vehicle,Kanata Lakes - Marchwood Lakeside - Morgan's Grant - Kanata
12849,INNES RD @ STONEHENGE CRES W,375200.2151,5031217.511,-75.60048299,45.41735089,2014-12-08,10:02,01 - Clear,01 - Dry,01 - Traffic signal,02 - Intersection related,01 - Daylight,03 - P.D. only,03 - Rear end,Industrial Park
12850,BANK ST btwn ST. PAUL AVE & KITCHENER AVE,370528.0799,5025523.668,-75.66093155,45.36657425,2014-12-08,10:25,01 - Clear,01 - Dry,10 - No control,04 - At/near private drive,01 - Daylight,03 - P.D. only,02 - Angle,Ledbury - Heron Gate - Ridgemont - Elmwood
12851,SMYTH RD btwn RIVERSIDE HOSPITAL & ALTA VISTA DR,370411.8133,5029081.082,-75.66194282,45.39859354,2014-09-24,11:45,01 - Clear,01 - Dry,10 - No control,01 - Non intersection,01 - Daylight,03 - P.D. only,07 - SMV other,Alta Vista
12852,SPRINGHILL RD btwn 4TH LINE RD & 5TH LINE RD,380940.0304,5003654.673,-75.53138562,45.16875405,2014-09-25,16:42,01 - Clear,08 - Loose sand or gravel,10 - No control,04 - At/near private drive,01 - Daylight,03 - P.D. only,05 - Turning movement,Kars - Osgoode
12853,PATOLA PRIV btwn VERDON PRIV & CUTTS PRIV,371964.2295,5024742.849,-75.64270618,45.35941258,2014-12-14,11:15,01 - Clear,01 - Dry,10 - No control,04 - At/near private drive,01 - Daylight,03 - P.D. only,06 - SMV unattended vehicle,Greenboro East
12854,LANDSWOOD WAY btwn WEST RIDGE DR & WEST RIDGE DR,350043.4921,5011800.002,-75.92366912,45.24470645,2014-12-21,0:00,01 - Clear,01 - Dry,10 - No control,01 - Non intersection,00 - Unknown,03 - P.D. only,06 - SMV unattended vehicle,Stittsville
12855,WEST HUNT CLUB RD EB btwn 545 E OF ROYDON PL/SUNDERLAND ST & ANTARES D,366512.9,5022489.205,-75.71256207,45.33963574,2014-12-23,14:39,02 - Rain,02 - Wet,10 - No control,04 - At/near private drive,01 - Daylight,03 - P.D. only,02 - Angle,Industrial Park
12856,RICHARDSON SIDE RD btwn DAVID MANCHESTER RD & WILLIAM MOONEY RD,344397.0605,5015497.453,-75.99529807,45.27831812,2014-10-30,19:37,01 - Clear,01 - Dry,10 - No control,01 - Non intersection,07 - Dark,03 - P.D. only,07 - SMV other,Carp - Hardwood Plains
12857,HUNT CLUB RD btwn MOUNTAIN CRES & TURN LANE,371384.3655,5023921.986,-75.65021739,45.35208203,2014-11-15,13:36,01 - Clear,01 - Dry,10 - No control,01 - Non intersection,01 - Daylight,03 - P.D. only,04 - Sideswipe,South Keys - Heron Gate - Greenboro West
12858,EYE BRIGHT CRES btwn NORTH BLUFF DR & ROYAL FERN WAY,369568.2654,5015894.635,-75.67444241,45.2800237,2014-11-15,0:00,01 - Clear,01 - Dry,10 - No control,01 - Non intersection,00 - Unknown,03 - P.D. only,06 - SMV unattended vehicle,Gloucester
12859,CAMPEAU DR @ TERRY FOX DR,350454.6506,5019009.98,-75.91776876,45.30955761,2014-10-07,15:51,01 - Clear,02 - Wet,01 - Traffic signal,02 - Intersection related,01 - Daylight,03 - P.D. only,03 - Rear end,Kanata Lakes - Marchwood Lakeside - Morgan's Grant - Kanata
12860,ENTERPRISE AVE @ MERIVALE RD,365828.7501,5021419.913,-75.72142266,45.33007424,2014-10-29,11:49,01 - Clear,01 - Dry,01 - Traffic signal,03 - At intersection,01 - Daylight,03 - P.D. only,05 - Turning movement,Merivale Gardens - Grenfell Glen - Pineglen - Country Place
12861,ECCLES ST @ PRESTON ST,366327.7692,5030076.082,-75.71397891,45.4079171,2014-10-24,8:52,01 - Clear,01 - Dry,02 - Stop sign,03 - At intersection,01 - Daylight,03 - P.D. only,02 - Angle,Centretown West
12862,HUNT CLUB RD btwn WEST HUNT CLUB RD & TURN LANE,367843.812,5021892.418,-75.69565773,45.33414763,2014-10-15,9:13,02 - Rain,02 - Wet,10 - No control,01 - Non intersection,01 - Daylight,03 - P.D. only,03 - Rear end,Hunt Club Woods - Quintarra - Revelstoke - Riverside South P
12863,HUNT CLUB RD btwn WEST HUNT CLUB RD & TURN LANE,367836.2291,5021889.574,-75.69575483,45.33412272,2014-10-15,10:12,02 - Rain,02 - Wet,10 - No control,01 - Non intersection,01 - Daylight,03 - P.D. only,03 - Rear end,Hunt Club Woods - Quintarra - Revelstoke - Riverside South P
12864,CARLING AVE @ CARLING RMP 56,360874.2171,5025161.989,-75.78420092,45.3641587,2014-10-17,23:48,01 - Clear,01 - Dry,10 - No control,02 - Intersection related,07 - Dark,03 - P.D. only,07 - SMV other,Whitehaven - Queensway Terrace North
12865,DUNROBIN RD btwn MURPHY SIDE RD & LILLIAN WAY,345385.9954,5028057.934,-75.98166359,45.39128506,2014-11-01,0:37,01 - Clear,01 - Dry,10 - No control,01 - Non intersection,07 - Dark,03 - P.D. only,07 - SMV other,Carp - Hardwood Plains
12866,WESTLEIGH BLVD btwn GOLF CLUB WAY & CARLISLE CIRC,342451.2567,5008323.427,-76.02064154,45.2138694,2014-12-08,6:50,01 - Clear,01 - Dry,10 - No control,01 - Non intersection,07 - Dark,03 - P.D. only,07 - SMV other,Munster Hamlet - Richmond
12867,MONTREAL RD @ BATHGATE DR/BURMA RD,373226.1442,5034515.644,-75.62524473,45.44722166,2014-12-06,18:30,01 - Clear,01 - Dry,01 - Traffic signal,02 - Intersection related,07 - Dark,03 - P.D. only,04 - Sideswipe,Carson Grove - Carson Meadows
12868,HAWTHORNE RD/RUSSELL RD @ WALKLEY RD,374673.6179,5028498.476,-75.6075959,45.39293919,2014-10-01,18:05,01 - Clear,01 - Dry,01 - Traffic signal,02 - Intersection related,01 - Daylight,03 - P.D. only,03 - Rear end,Sheffield Glen
12869,MONTREAL RD @ VANIER PKWY,370071.7597,5033067.017,-75.66575789,45.43448922,2014-10-04,8:10,02 - Rain,02 - Wet,01 - Traffic signal,02 - Intersection related,01 - Daylight,03 - P.D. only,04 - Sideswipe,Vanier
12870,HWY 417 WOODROFF IC127R62 @ WOODROFFE AVE,362050.8579,5025020.753,-75.76919844,45.36279276,2014-12-27,15:18,01 - Clear,01 - Dry,03 - Yield sign,02 - Intersection related,01 - Daylight,03 - P.D. only,03 - Rear end,Whitehaven - Queensway Terrace North
12871,HEMLOCK RD @ LANSDOWNE RD,369849.5268,5034512.047,-75.66840697,45.4475117,2014-07-21,9:21,01 - Clear,01 - Dry,02 - Stop sign,03 - At intersection,01 - Daylight,03 - P.D. only,03 - Rear end,Rockcliffe - Manor Park
12872,SCALA AVE btwn MARKWICK CRES & Continuation of SCALA AVE,385958.7973,5036851.691,-75.46211056,45.46687672,2014-10-31,8:06,01 - Clear,01 - Dry,10 - No control,01 - Non intersection,01 - Daylight,03 - P.D. only,06 - SMV unattended vehicle,Notting Hill
12873,BLACKBURN BYPASS @ NAVAN RD,379617.8019,5033274.666,-75.54373383,45.43540131,2014-10-31,8:28,01 - Clear,01 - Dry,01 - Traffic signal,02 - Intersection related,01 - Daylight,03 - P.D. only,03 - Rear end,Greenbelt
12874,BANK ST @ KILBORN AVE/BELANGER AVE,369653.2448,5027429.923,-75.67184797,45.38380764,2014-11-15,14:10,01 - Clear,01 - Dry,01 - Traffic signal,03 - At intersection,01 - Daylight,03 - P.D. only,05 - Turning movement,Alta Vista
12875,KENT ST @ MCLEOD ST,367789.08,5030391.989,-75.69527204,45.41062955,2014-11-15,14:36,01 - Clear,01 - Dry,02 - Stop sign,02 - Intersection related,01 - Daylight,03 - P.D. only,04 - Sideswipe,Centretown
12876,CENTRAL PARK DR N @ MERIVALE RD,364952.9039,5025874.063,-75.73205348,45.37022769,2014-10-15,9:27,02 - Rain,02 - Wet,01 - Traffic signal,02 - Intersection related,01 - Daylight,03 - P.D. only,03 - Rear end,Civic Hospital - Experimental Farm - Central Park
12877,VIEWMOUNT DR @ MERIVALE RD,365195.5973,5022947.07,-75.72931301,45.34387018,2014-10-15,12:34,01 - Clear,02 - Wet,01 - Traffic signal,02 - Intersection related,01 - Daylight,03 - P.D. only,02 - Angle,Tanglewood
12878,CAMPEAU DR/HWY 417 MARCH IC138R63 @ MARCH RD,352842.575,5020478.842,-75.88717494,45.32261545,2014-10-29,13:54,01 - Clear,01 - Dry,01 - Traffic signal,02 - Intersection related,01 - Daylight,03 - P.D. only,03 - Rear end,Greenbelt
12879,WOODROFFE AVE @ HWY 417 WOODROFF IC127R26/HWY4,362083.637,5024940.943,-75.7687893,45.36207196,2014-10-29,15:29,01 - Clear,01 - Dry,01 - Traffic signal,02 - Intersection related,01 - Daylight,03 - P.D. only,03 - Rear end,Carlingwood West - Glabar Park - McKellar Heights
12880,INNES RD btwn PRESTWICK DR & TENTH LINE RD,383725.572,5036060.615,-75.49079238,45.46001525,2014-10-24,12:50,01 - Clear,01 - Dry,10 - No control,01 - Non intersection,01 - Daylight,03 - P.D. only,03 - Rear end,Queenswood Heights
12881,O'CONNOR ST @ WELLINGTON ST,367412.7491,5031723.058,-75.69991032,45.42263987,2014-10-24,17:36,01 - Clear,01 - Dry,01 - Traffic signal,02 - Intersection related,01 - Daylight,03 - P.D. only,05 - Turning movement,Downtown
12882,STEEPLE CHASE DR/SAUBLE DR @ BLACK TERN CRES,355277.6299,5017386.45,-75.85643059,45.29461871,2014-10-15,8:28,02 - Rain,02 - Wet,02 - Stop sign,03 - At intersection,01 - Daylight,03 - P.D. only,03 - Rear end,Bridlewood - Emerald Meadows
12883,DU GRAND BOIS AVE @ INNES RD,383110.2293,5035760.667,-75.49870722,45.45738582,2014-11-01,18:41,01 - Clear,01 - Dry,02 - Stop sign,03 - At intersection,07 - Dark,03 - P.D. only,05 - Turning movement,Avalon
12884,MONA AVE @ MONTREAL RD,370751.2877,5033437.64,-75.65702409,45.43776016,2014-11-01,2:00,01 - Clear,01 - Dry,02 - Stop sign,02 - Intersection related,07 - Dark,03 - P.D. only,05 - Turning movement,Vanier South
12885,OLD ST. PATRICK ST btwn BEAUSOLEIL DR & PATRO ST,368733.9758,5033119.564,-75.68284759,45.43508561,2014-12-08,11:45,01 - Clear,01 - Dry,10 - No control,01 - Non intersection,01 - Daylight,03 - P.D. only,03 - Rear end,Lower Town
12886,BRONSON AVE/BRONSON/HERON RAMP 35 @ HERON RD,368641.7876,5026697.637,-75.68485727,45.37731165,2014-12-08,12:17,01 - Clear,01 - Dry,01 - Traffic signal,02 - Intersection related,01 - Daylight,03 - P.D. only,03 - Rear end,Riverside Park
12887,FIFTH AVE btwn BANK ST & HOWICK PL,368418.6659,5029410.535,-75.6873561,45.4017418,2014-09-01,11:19,01 - Clear,01 - Dry,10 - No control,04 - At/near private drive,01 - Daylight,03 - P.D. only,02 - Angle,The Glebe
12888,RIOCAN AVE @ STRANDHERD DR,364172.2088,5014945.048,-75.74332959,45.27195574,2014-10-31,9:23,01 - Clear,01 - Dry,01 - Traffic signal,02 - Intersection related,01 - Daylight,03 - P.D. only,03 - Rear end,New Barrhaven
12889,CLYDE AVE btwn DOHENY ST & DOBBIE ST,363645.1354,5026572.211,-75.74866457,45.37662055,2014-10-31,9:48,01 - Clear,01 - Dry,10 - No control,04 - At/near private drive,01 - Daylight,03 - P.D. only,02 - Angle,Carlingwood West - Glabar Park - McKellar Heights
12890,HAZELDEAN RD @ TERRY FOX DR,352208.0861,5017241.026,-75.89557768,45.29352395,2014-11-15,15:45,02 - Rain,03 - Loose snow,01 - Traffic signal,03 - At intersection,01 - Daylight,03 - P.D. only,02 - Angle,Glen Cairn - Kanata South Business Park
12891,INNES RD btwn BLAIR RD & ANDERSON RD,375835.1354,5031602.609,-75.59231599,45.42075162,2014-10-16,7:35,02 - Rain,02 - Wet,10 - No control,01 - Non intersection,01 - Daylight,03 - P.D. only,03 - Rear end,Greenbelt
12892,CARLING AVE @ CLYDE AVE/COLE AVE,363521.6407,5026851.967,-75.75020794,45.37914812,2014-10-29,15:31,01 - Clear,01 - Dry,01 - Traffic signal,03 - At intersection,01 - Daylight,03 - P.D. only,05 - Turning movement,Carlingwood - McKellar Park - Laurentien View
12893,FLEWELLYN RD btwn DWYER HILL RD & MUNSTER RD,345896.9175,5005851.675,-75.97697857,45.19143472,2014-10-29,11:05,01 - Clear,01 - Dry,10 - No control,01 - Non intersection,01 - Daylight,03 - P.D. only,99 - Other,Munster Hamlet - Richmond
12894,HERON RD btwn BANK ST & EDGE HILL PL,370008.0715,5026855.818,-75.66739327,45.37860909,2014-10-25,16:14,01 - Clear,01 - Dry,10 - No control,01 - Non intersection,01 - Daylight,03 - P.D. only,03 - Rear end,Alta Vista
12895,RIVERSIDE DR @ BROOKFIELD RD/HOG'S BACK RD,368168.1849,5026221.574,-75.69096479,45.37307116,2014-09-07,12:24,01 - Clear,01 - Dry,01 - Traffic signal,02 - Intersection related,01 - Daylight,03 - P.D. only,03 - Rear end,Riverside Park
12896,DALY AVE @ KING EDWARD AVE,368593.1294,5032272.638,-75.68475731,45.42747815,2014-10-15,11:56,01 - Clear,01 - Dry,02 - Stop sign,02 - Intersection related,01 - Daylight,03 - P.D. only,99 - Other,Sandy Hill
12897,CARLING AVE @ HOLLAND AVE,365417.1726,5028038.547,-75.72586116,45.38966329,2014-10-15,13:25,02 - Rain,02 - Wet,01 - Traffic signal,02 - Intersection related,01 - Daylight,03 - P.D. only,03 - Rear end,Civic Hospital - Experimental Farm - Central Park