Record,Location,X,Y,lon,lat,Date,Time,Environment,Road_Surface,Traffic_Control,Collision_Location,Light,Collision_Classification,Impact_type,Neighborhood
12898,GREENBANK RD @ STRANDHERD DR,363934.1578,5014784.417,-75.7463823,45.27053044,2014-12-09,7:48,01 - Clear,01 - Dry,01 - Traffic signal,03 - At intersection,03 - Dawn,03 - P.D. only,05 - Turning movement,New Barrhaven
12899,KING EDWARD AVE NB btwn YORK ST & RIDEAU ST,368462.7965,5032517.011,-75.68639114,45.4296888,2014-12-14,14:59,01 - Clear,01 - Dry,10 - No control,01 - Non intersection,01 - Daylight,03 - P.D. only,06 - SMV unattended vehicle,Lower Town
12900,REID AVE btwn KENILWORTH ST & HUTCHISON AVE,365756.7549,5028708.813,-75.72144197,45.39566471,2014-12-14,0:00,01 - Clear,01 - Dry,10 - No control,01 - Non intersection,00 - Unknown,03 - P.D. only,06 - SMV unattended vehicle,Civic Hospital - Experimental Farm - Central Park
12901,MITCH OWENS RD/BRIDGE ST @ RIVER RD,369499.8481,5010772.276,-75.67598131,45.2339396,2014-10-21,16:00,01 - Clear,01 - Dry,01 - Traffic signal,02 - Intersection related,01 - Daylight,03 - P.D. only,03 - Rear end,Manotick
12902,SMYTH RD @ RIVERSIDE HOSPITAL,369987.4965,5029121.866,-75.66735663,45.39900013,2014-10-22,8:05,01 - Clear,01 - Dry,01 - Traffic signal,02 - Intersection related,01 - Daylight,03 - P.D. only,04 - Sideswipe,Alta Vista
12903,ST. LAURENT BLVD @ MCARTHUR AVE,371921.719,5032887.1,-75.64214061,45.43269528,2014-09-10,13:04,01 - Clear,01 - Dry,01 - Traffic signal,02 - Intersection related,01 - Daylight,03 - P.D. only,03 - Rear end,Cummings
12904,ELGIN ST @ LAURIER AVE,367946.8097,5031549.101,-75.69310887,45.42102666,2014-09-21,0:36,02 - Rain,02 - Wet,01 - Traffic signal,02 - Intersection related,07 - Dark,03 - P.D. only,05 - Turning movement,Downtown
12905,INDUSTRIAL AVE/INNES RD @ ST. LAURENT BLVD,373099.7274,5030006.992,-75.62748588,45.40666741,2014-10-31,10:46,01 - Clear,01 - Dry,01 - Traffic signal,02 - Intersection related,01 - Daylight,03 - P.D. only,03 - Rear end,Industrial Park
12906,DATA CENTRE RD @ RIVERSIDE DR,368897.449,5027670.482,-75.68146697,45.38604168,2014-10-31,11:09,01 - Clear,01 - Dry,01 - Traffic signal,02 - Intersection related,01 - Daylight,03 - P.D. only,03 - Rear end,Alta Vista
12907,FERNBANK RD btwn DWYER HILL RD & MUNSTER RD,344175.4563,5006130.072,-75.99886397,45.19403812,2014-11-15,17:18,01 - Clear,01 - Dry,10 - No control,01 - Non intersection,07 - Dark,03 - P.D. only,07 - SMV other,Munster Hamlet - Richmond
12908,CARLING AVE @ FAIRLAWN AVE/WOODROFFE AVE E,361934.6841,5025830.528,-75.77058762,45.37008852,2014-10-24,15:58,01 - Clear,01 - Dry,01 - Traffic signal,02 - Intersection related,01 - Daylight,03 - P.D. only,04 - Sideswipe,Carlingwood West - Glabar Park - McKellar Heights
12909,ARGYLE AVE @ O'CONNOR ST,368184.7108,5030486.048,-75.690206,45.41144014,2014-10-25,21:23,02 - Rain,02 - Wet,01 - Traffic signal,03 - At intersection,07 - Dark,03 - P.D. only,05 - Turning movement,Centretown
12910,BASELINE RD @ CLYDE AVE,364358.7033,5024888.138,-75.73975756,45.36140723,2014-10-29,16:30,01 - Clear,01 - Dry,01 - Traffic signal,02 - Intersection related,01 - Daylight,03 - P.D. only,03 - Rear end,Braemar Park - Bel Air Heights - Copeland Park
12911,ST. JOSEPH BLVD btwn JEANNE D'ARC BLVD S & NOTRE DAME ST,379878.0919,5036479.774,-75.5399183,45.46421057,2014-10-24,9:30,02 - Rain,02 - Wet,10 - No control,04 - At/near private drive,01 - Daylight,03 - P.D. only,02 - Angle,Chapel Hill
12912,CLYDE AVE btwn BASELINE RD & CLYDE AVE,364370.5516,5024864.92,-75.73960913,45.36119731,2014-09-09,6:55,01 - Clear,01 - Dry,10 - No control,01 - Non intersection,01 - Daylight,03 - P.D. only,99 - Other,Cityview - Skyline - Fisher Heights
12913,BANK ST btwn ST. PAUL AVE & KITCHENER AVE,370521.4448,5025535.991,-75.6610146,45.36668575,2014-09-09,16:28,01 - Clear,01 - Dry,10 - No control,04 - At/near private drive,01 - Daylight,03 - P.D. only,02 - Angle,Ledbury - Heron Gate - Ridgemont - Elmwood
12914,LAFONTAINE AVE @ RICHELIEU AVE,370927.7129,5033171.168,-75.6548051,45.4353459,2014-10-15,15:27,01 - Clear,02 - Wet,02 - Stop sign,03 - At intersection,01 - Daylight,03 - P.D. only,02 - Angle,Vanier South
12915,INNES RD btwn PRESTWICK DR & TENTH LINE RD,383569.5034,5035998.278,-75.49279768,45.45947201,2014-10-15,15:53,02 - Rain,02 - Wet,10 - No control,01 - Non intersection,01 - Daylight,03 - P.D. only,03 - Rear end,Queenswood Heights
12916,HIGHWAY 417 btwn HWY417 IC118 RAMP76 & HWY417 IC118 RAMP67,369560.7774,5031109.461,-75.67254548,45.4169234,2014-01-22,11:40,03 - Snow,02 - Wet,10 - No control,01 - Non intersection,01 - Daylight,03 - P.D. only,99 - Other,Sandy Hill
12917,HIGHWAY 417 btwn HWY417 IC118 RAMP57 & HWY417 IC118 RAMP35,369403.4038,5031004.759,-75.67456977,45.41599588,2014-01-23,23:05,01 - Clear,01 - Dry,10 - No control,01 - Non intersection,07 - Dark,03 - P.D. only,03 - Rear end,Old Ottawa East
12918,HIGHWAY 417 btwn HWY417 IC118 RAMP35 & HWY417 IC117 RAMP51,369792.0294,5031139.356,-75.66958712,45.41717094,2014-02-14,12:20,03 - Snow,04 - Slush,10 - No control,01 - Non intersection,01 - Daylight,03 - P.D. only,04 - Sideswipe,Old Ottawa East
12919,HIGHWAY 417 btwn HWY417 IC117 RAMP51 & HWY417 IC117 RAMP35,370769.2806,5031185.802,-75.65709576,45.41749739,2014-02-28,17:00,01 - Clear,01 - Dry,10 - No control,01 - Non intersection,01 - Daylight,03 - P.D. only,03 - Rear end,Industrial Park
12920,HIGHWAY 417 btwn HWY417 IC117 RAMP51 & HWY417 IC117 RAMP35,370739.8967,5031175.375,-75.65747256,45.41740634,2014-02-28,8:30,03 - Snow,01 - Dry,10 - No control,01 - Non intersection,01 - Daylight,03 - P.D. only,07 - SMV other,Industrial Park
12921,HAZELDEAN RD @ SPRINGBROOK DR,349870.5886,5015112.814,-75.92557101,45.27452743,2014-10-27,2:51,01 - Clear,01 - Dry,01 - Traffic signal,03 - At intersection,07 - Dark,03 - P.D. only,07 - SMV other,Stittsville
12922,ANALDEA DR @ BANK ST,375697.4496,5020815.291,-75.59562347,45.32370655,2014-10-07,9:58,02 - Rain,02 - Wet,01 - Traffic signal,02 - Intersection related,01 - Daylight,03 - P.D. only,03 - Rear end,Greenbelt
12923,CROYDON AVE btwn REGINA LANE & RICHMOND RD,360493.6876,5025312.712,-75.7890411,45.36554524,2014-10-30,13:30,01 - Clear,01 - Dry,10 - No control,01 - Non intersection,01 - Daylight,03 - P.D. only,06 - SMV unattended vehicle,Woodroffe - Lincoln Heights
12924,STONEHAVEN DR btwn RICHMOND RD & SAWYER WAY/SUMMITVIEW DR,356744.9321,5015872.2,-75.83788286,45.28088629,2014-11-16,13:22,01 - Clear,01 - Dry,10 - No control,04 - At/near private drive,01 - Daylight,03 - P.D. only,04 - Sideswipe,Bridlewood - Emerald Meadows
12925,STRANDHERD DR btwn CEDARVIEW RD & MADRID AVE,362941.0971,5013976.774,-75.75913154,45.26334603,2014-11-16,14:24,01 - Clear,02 - Wet,10 - No control,01 - Non intersection,01 - Daylight,03 - P.D. only,05 - Turning movement,New Barrhaven
12926,CARP RD @ STITTSVILLE MAIN ST,349523.836,5014330.678,-75.93006063,45.26751163,2014-10-26,11:55,01 - Clear,01 - Dry,01 - Traffic signal,02 - Intersection related,01 - Daylight,03 - P.D. only,04 - Sideswipe,Stittsville
12927,MAJESTIC DR @ WOODROFFE AVE,363528.6435,5021570.067,-75.750746,45.33162156,2014-11-03,17:56,01 - Clear,01 - Dry,01 - Traffic signal,02 - Intersection related,07 - Dark,03 - P.D. only,03 - Rear end,Woodvale - Craig Henry - Manordale - Estates of Arlington Wo
12928,WOODROFFE AVE btwn CARLINGWOOD SC & CARLING AVE,361915.6766,5025871.864,-75.77082548,45.37046201,2014-10-29,17:24,01 - Clear,02 - Wet,10 - No control,04 - At/near private drive,01 - Daylight,03 - P.D. only,02 - Angle,Carlingwood West - Glabar Park - McKellar Heights
12929,CYRVILLE RD btwn OGILVIE RD & JOSEPH CYR ST,372471.2963,5032001.294,-75.63523918,45.42467226,2014-11-28,15:47,01 - Clear,01 - Dry,10 - No control,04 - At/near private drive,01 - Daylight,03 - P.D. only,02 - Angle,Cummings
12930,SIEVERIGHT AVE btwn APPLE HILL DR & BANK ST,372205.282,5024153.741,-75.63971003,45.35408886,2014-11-28,15:53,01 - Clear,01 - Dry,10 - No control,04 - At/near private drive,01 - Daylight,03 - P.D. only,02 - Angle,Blossom Park - Blossom Park West - Sawmill Creek/ Timbermill
12931,RIVERSIDE DR RAMP 34 @ RIVERSIDE DR,368340.2072,5027182.428,-75.68864512,45.38170108,2014-09-09,8:30,01 - Clear,01 - Dry,03 - Yield sign,02 - Intersection related,01 - Daylight,03 - P.D. only,03 - Rear end,Riverside Park
12932,KING EDWARD AVE @ ST. PATRICK ST,368247.2795,5032824.537,-75.68910554,45.43247539,2014-09-12,5:34,01 - Clear,01 - Dry,01 - Traffic signal,02 - Intersection related,07 - Dark,03 - P.D. only,04 - Sideswipe,Lower Town
12933,LAMOUREUX DR btwn LAFRANCE DR & DES EPINETTES AVE,383602.423,5036639.302,-75.49227406,45.46523566,2014-10-15,16:00,02 - Rain,02 - Wet,10 - No control,04 - At/near private drive,01 - Daylight,03 - P.D. only,02 - Angle,Queenswood Heights
12934,ELGIN ST btwn SPARKS ST & QUEEN ST,367750.9805,5031820.42,-75.69557626,45.42348554,2014-10-15,16:10,02 - Rain,02 - Wet,10 - No control,01 - Non intersection,01 - Daylight,03 - P.D. only,04 - Sideswipe,Downtown
12935,MONTREAL RD @ DEN HAAG DR/LANG'S RD,372385.2962,5034221.584,-75.63603323,45.44465767,2014-11-15,11:42,01 - Clear,01 - Dry,01 - Traffic signal,02 - Intersection related,01 - Daylight,03 - P.D. only,03 - Rear end,Carson Grove - Carson Meadows
12936,HIGHWAY 417 btwn HWY417 IC130 RAMP35 & HWY417 IC130 RAMP25,359179.2423,5023060.948,-75.80606711,45.34538707,2014-02-28,6:30,01 - Clear,01 - Dry,10 - No control,01 - Non intersection,03 - Dawn,03 - P.D. only,03 - Rear end,Bayshore
12937,HIGHWAY 417 btwn HWY417 IC104 RAMP16 & HWY417 IC104 RAMP61,380121.8985,5025936.128,-75.53841258,45.36932002,2014-02-10,0:00,01 - Clear,01 - Dry,10 - No control,01 - Non intersection,00 - Unknown,03 - P.D. only,99 - Other,Greenbelt
12938,HIGHWAY 417 btwn HWY417 IC126 RAMP16 & HWY417 IC126 RAMP61,363163.9274,5025862.747,-75.75489195,45.37027714,2014-02-20,12:45,01 - Clear,01 - Dry,10 - No control,01 - Non intersection,01 - Daylight,03 - P.D. only,03 - Rear end,Carlingwood West - Glabar Park - McKellar Heights
12939,GREENBANK RD @ 220 N OF STRANDHERD DR,363848.3925,5014984.845,-75.74745138,45.2723411,2014-10-27,8:20,02 - Rain,02 - Wet,01 - Traffic signal,03 - At intersection,01 - Daylight,03 - P.D. only,05 - Turning movement,New Barrhaven
12940,RICHMOND RD @ WEST HUNT CLUB RD,357144.6972,5018152.937,-75.83254691,45.30137906,2014-10-18,16:48,01 - Clear,01 - Dry,01 - Traffic signal,03 - At intersection,01 - Daylight,03 - P.D. only,05 - Turning movement,Greenbelt
12941,ST. LAURENT BLVD btwn FOLEY AVE & WALKLEY RD,373841.4901,5028189.766,-75.6182655,45.39024409,2014-10-29,17:10,02 - Rain,02 - Wet,10 - No control,01 - Non intersection,01 - Daylight,03 - P.D. only,03 - Rear end,Urbandale
12942,CAMPEAU DR @ TERON RD/COLCHESTER SQ,352565.6227,5020468.001,-75.89070856,45.3225368,2014-10-31,14:57,01 - Clear,01 - Dry,01 - Traffic signal,02 - Intersection related,01 - Daylight,03 - P.D. only,03 - Rear end,Beaverbrook
12943,RIDEAU ST btwn KING EDWARD AVE & NELSON ST,368636.7293,5032489.925,-75.68417202,45.42942924,2014-10-22,9:15,01 - Clear,01 - Dry,10 - No control,04 - At/near private drive,01 - Daylight,03 - P.D. only,05 - Turning movement,Lowe
12944,LAURIER AVE @ O'CONNOR ST,367636.7007,5031360.002,-75.69709517,45.41935313,2014-10-22,18:10,01 - Clear,01 - Dry,01 - Traffic signal,03 - At intersection,07 - Dark,03 - P.D. only,02 - Angle,Downtown
12945,CYRVILLE RD @ INNES RD,375048.6748,5031119.089,-75.60243304,45.41648058,2014-12-30,12:26,01 - Clear,01 - Dry,01 - Traffic signal,02 - Intersection related,01 - Daylight,03 - P.D. only,04 - Sideswipe,Industrial Park
12946,DWYER HILL RD btwn DWYER HILL RD & O'NEIL RD,351422.3308,4993967.721,-75.90777079,45.08415299,2014-12-31,6:35,01 - Clear,06 - Ice,10 - No control,01 - Non intersection,07 - Dark,03 - P.D. only,07 - SMV other,Munster Hamlet - Richmond
12947,BANK ST btwn FLORENCE ST & FRANK ST,367884.161,5030616.451,-75.69402871,45.41264063,2014-12-21,13:00,01 - Clear,01 - Dry,10 - No control,01 - Non intersection,01 - Daylight,03 - P.D. only,06 - SMV unattended vehicle,Centretown
12948,HIGHWAY 416 btwn HWY416 IC75A RAMP26 & HWY416 IC72 RAMP62,358908.8339,5021595.909,-75.80967775,45.33222551,2014-08-27,7:45,01 - Clear,01 - Dry,10 - No control,01 - Non intersection,01 - Daylight,03 - P.D. only,04 - Sideswipe,Briar Green - Leslie Park
12949,HIGHWAY 417 btwn HWY417 IC138 RAMP61 & HWY417 IC134 RAMP36,355549.5922,5021779.795,-75.85251337,45.33413111,2014-08-28,9:45,01 - Clear,01 - Dry,10 - No control,01 - Non intersection,01 - Daylight,03 - P.D. only,04 - Sideswipe,Greenbelt
12950,HIGHWAY 417 btwn REGIONAL ROAD 174 & HWY417 IC113 RAMP85,373348.8563,5031734.807,-75.62406337,45.4221891,2014-08-28,14:25,01 - Clear,01 - Dry,10 - No control,01 - Non intersection,01 - Daylight,03 - P.D. only,04 - Sideswipe,Pineview
12951,MACDONALD-CARTIER BR btwn RAMP & END (1),367312.2286,5033264.952,-75.70099895,45.43652231,2014-11-08,11:19,01 - Clear,01 - Dry,10 - No control,07 - Overpass or bridge,01 - Daylight,03 - P.D. only,03 - Rear end,Bywar
12952,HAWTHORNE AVE/ISABELLA ST @ QUEEN ELIZABETH DR,368664.7692,5030476.429,-75.68407471,45.41130995,2014-11-14,17:22,03 - Snow,06 - Ice,01 - Traffic signal,02 - Intersection related,07 - Dark,03 - P.D. only,03 - Rear end,The Glebe
12953,OTTAWA RIVER PKWY WB btwn TUNNEY'S PASTURE/REMIC RAPIDS ENT & PARKDALE,364037.1135,5030043.957,-75.74324342,45.40782567,2014-11-17,17:35,03 - Snow,02 - Wet,10 - No control,01 - Non intersection,07 - Dark,03 - P.D. only,03 - Rear end,Island Park
12954,FALLOWFIELD RD @ RICHMOND RD,357720.6855,5013528.941,-75.82569598,45.25972846,2014-10-16,7:45,02 - Rain,02 - Wet,01 - Traffic signal,02 - Intersection related,01 - Daylight,03 - P.D. only,03 - Rear end,Greenbelt
12955,CARLING AVE @ HWY 417 CARLING IC124R67,364330.6973,5027521.936,-75.73979756,45.38510811,2014-10-16,8:09,02 - Rain,02 - Wet,03 - Yield sign,02 - Intersection related,01 - Daylight,03 - P.D. only,03 - Rear end,Westboro
12956,CHAMPLAIN ST @ PLACE D'ORLEANS  SC E/PLACE D'O,381518.62,5038375.223,-75.51864671,45.48108598,2014-10-17,21:09,01 - Clear,01 - Dry,01 - Traffic signal,03 - At intersection,07 - Dark,03 - P.D. only,05 - Turning movement,Orleans South West
12957,MONTREAL RD @ VANIER PKWY,370073.6599,5033067.017,-75.66573361,45.43448904,2014-10-18,10:41,01 - Clear,01 - Dry,01 - Traffic signal,02 - Intersection related,01 - Daylight,03 - P.D. only,04 - Sideswipe,Vanier
12958,GREENBANK RD @ HWY 417 IC129 RAMP57/IRIS ST,360529.4088,5023311.9,-75.78881069,45.34753916,2014-11-23,14:45,01 - Clear,02 - Wet,01 - Traffic signal,02 - Intersection related,01 - Daylight,03 - P.D. only,04 - Sideswipe,Iris
12959,BASELINE RD @ CLYDE AVE,364358.7033,5024892.888,-75.73975698,45.36144997,2014-11-28,16:58,01 - Clear,01 - Dry,01 - Traffic signal,02 - Intersection related,07 - Dark,03 - P.D. only,02 - Angle,Civic Hospital - Experimental Farm - Central Park
12960,MONTREAL RD btwn HOCHELAGA ST & BURMA RD,373166.7652,5034518.968,-75.62600328,45.44725738,2014-12-08,16:18,01 - Clear,01 - Dry,10 - No control,01 - Non intersection,05 - Dusk,03 - P.D. only,04 - Sideswipe,Carson Grove - Carson Meadows
12961,BRONSON AVE @ CATHERINE ST/RAYMOND ST,367253.0445,5029796.18,-75.70219506,45.40531668,2014-12-09,14:55,01 - Clear,01 - Dry,01 - Traffic signal,03 - At intersection,01 - Daylight,03 - P.D. only,05 - Turning movement,Centretown West
12962,CHAMPLAIN BRIDGE/ISLAND PARK DR btwn BATE ISLAND & OTTAWA RIVER PKWY,363114.3723,5029751.426,-75.75506507,45.40527102,2014-12-09,16:40,01 - Clear,02 - Wet,10 - No control,07 - Overpass or bridge,05 - Dusk,03 - P.D. only,04 - Sideswipe,Westboro
12963,COLONEL BY DR @ MAIN ST,368858.5715,5030915.832,-75.68154187,45.41524583,2014-12-11,21:47,01 - Clear,06 - Ice,02 - Stop sign,02 - Intersection related,07 - Dark,03 - P.D. only,03 - Rear end,Old Ottawa East
12964,HAWTHORNE RD @ HUNT CLUB RD,375507.276,5026404.633,-75.59724992,45.37401616,2014-11-19,15:26,01 - Clear,01 - Dry,01 - Traffic signal,02 - Intersection related,01 - Daylight,03 - P.D. only,03 - Rear end,Industrial Park
12965,BANK ST @ RIVERSIDE DR S,369303.767,5027895.978,-75.6762493,45.38803332,2014-10-03,22:47,01 - Clear,01 - Dry,01 - Traffic signal,03 - At intersection,07 - Dark,03 - P.D. only,05 - Turning movement,Alta Vista
12966,QUEEN ST btwn LYON ST N & KENT ST,367106.5454,5031344.827,-75.70387056,45.419264,2014-10-04,11:10,02 - Rain,02 - Wet,10 - No control,01 - Non intersection,01 - Daylight,03 - P.D. only,99 - Other,Downtown
12967,CARP RD @ WESTBROOK RD,347737.5651,5015443.866,-75.95272669,45.27763985,2014-12-06,18:00,02 - Rain,02 - Wet,01 - Traffic signal,02 - Intersection related,07 - Dark,03 - P.D. only,03 - Rear end,Stittsville - Basswood
12968,GLADSTONE AVE btwn BAYSWATER AVE & BREEZEHILL AVE N,366088.2431,5029518.335,-75.71710791,45.40291966,2014-12-12,16:54,01 - Clear,04 - Slush,10 - No control,04 - At/near private drive,07 - Dark,03 - P.D. only,02 - Angle,Centretow
12969,HAIG DR @ SMYTH RD,372565.675,5029298.073,-75.63440492,45.40034077,2014-10-28,8:25,02 - Rain,02 - Wet,01 - Traffic signal,03 - At intersection,01 - Daylight,03 - P.D. only,05 - Turning movement,Elmvale - Eastway - Riverview - Riverview Park West
12970,CAMPEAU DR btwn KANATA AVE & STONECROFT TER,350719.3327,5019558.239,-75.91434265,45.31447373,2014-10-03,13:08,01 - Clear,01 - Dry,10 - No control,04 - At/near private drive,01 - Daylight,03 - P.D. only,02 - Angle,Kanata Lakes - Marchwood Lakeside - Morgan's Grant - Kanata
12971,DESCHAMPS AVE @ VANIER PKWY,369850.7625,5033269.017,-75.66855548,45.43632733,2014-11-11,22:44,01 - Clear,01 - Dry,01 - Traffic signal,03 - At intersection,07 - Dark,03 - P.D. only,05 - Turning movement,Vanier North
12972,HIGHWAY 417 btwn HWY417 IC142 RAMP51 & HWY417 IC142 RAMP35,348815.5309,5017096.032,-75.93884126,45.29243994,2014-08-11,21:30,01 - Clear,01 - Dry,10 - No control,01 - Non intersection,07 - Dark,03 - P.D. only,07 - SMV other,Stittsville - Basswood
12973,HIGHWAY 417 btwn HWY417 IC122 RAMP15 & HWY417 IC121B RAMP51,365656.6034,5029090.104,-75.72267398,45.39910419,2014-08-11,10:40,01 - Clear,01 - Dry,10 - No control,01 - Non intersection,01 - Daylight,03 - P.D. only,04 - Sideswipe,Civic Hospital - Experimental Farm - Central Park
12974,HIGHWAY 416 btwn HWY416 IC49 RAMP24 & HWY416 IC42 RAMP42,370844.9122,4996416.831,-75.66075156,45.10464458,2014-08-12,6:50,01 - Clear,01 - Dry,10 - No control,01 - Non intersection,03 - Dawn,03 - P.D. only,07 - SMV other,Manotick - North Gower
12975,HIGHWAY 417 btwn HIGHWAY 417 & Continuation of HIGHWAY 417,353212.0698,5020366.709,-75.88247295,45.32158107,2014-08-12,17:25,02 - Rain,02 - Wet,10 - No control,01 - Non intersection,01 - Daylight,03 - P.D. only,04 - Sideswipe,Greenbelt
12976,HIGHWAY 417 btwn HWY417 IC121B RAMP16 & HWY417 IC121A RAMP16,366764.0519,5029588.64,-75.70846716,45.40349275,2014-08-28,14:20,01 - Clear,01 - Dry,10 - No control,01 - Non intersection,01 - Daylight,03 - P.D. only,04 - Sideswipe,Centretown West
12977,HIGHWAY 417 btwn HWY417 IC121A RAMP51 & HWY417 IC120A RAMP52,367704.3363,5029943.143,-75.69641186,45.4065986,2014-08-28,16:24,01 - Clear,01 - Dry,10 - No control,01 - Non intersection,01 - Daylight,03 - P.D. only,03 - Rear end,The Glebe
12978,HIGHWAY 417 btwn HWY417 IC142 RAMP16 & HWY417 IC142 RAMP61,348965.2939,5017291.293,-75.93691462,45.29418757,2014-08-13,20:38,02 - Rain,02 - Wet,10 - No control,01 - Non intersection,07 - Dark,03 - P.D. only,03 - Rear end,Stittsville - Basswood
12979,ABERDEEN ST @ PRESTON ST,366650.7446,5029342.038,-75.70994534,45.40128391,2014-06-15,2:53,01 - Clear,01 - Dry,02 - Stop sign,02 - Intersection related,07 - Dark,03 - P.D. only,05 - Turning movement,Little Italy
12980,HERZBERG RD @ CARLING AVE,352037.62,5022300.018,-75.89726848,45.33905739,2014-10-16,9:16,02 - Rain,02 - Wet,01 - Traffic signal,03 - At intersection,01 - Daylight,03 - P.D. only,05 - Turning movement,Kanata Lakes - Marchwood Lakeside - Morgan's Grant - Kanata
12981,INNES RD @ STONEHENGE CRES W,375198.7911,5031217.039,-75.60050125,45.41734679,2014-10-16,9:54,02 - Rain,02 - Wet,01 - Traffic signal,03 - At intersection,01 - Daylight,03 - P.D. only,05 - Turning movement,Industrial Park
12982,TRIM RD btwn SOUTH FRONTAGE & TAYLOR CREEK DR,384472.5782,5039724.572,-75.48064782,45.49289526,2014-10-18,12:20,01 - Clear,01 - Dry,10 - No control,01 - Non intersection,01 - Daylight,03 - P.D. only,03 - Rear end,Industrial Park
12983,GREENBANK RD @ BERRIGAN DR/WESSEX RD,363722.7316,5015275,-75.74901831,45.27496246,2014-10-18,14:22,02 - Rain,02 - Wet,01 - Traffic signal,02 - Intersection related,01 - Daylight,03 - P.D. only,03 - Rear end,New Barrhaven
12984,BRONSON AVE @ CARLING AVE/GLEBE AVE,367448.6571,5029337.937,-75.69975467,45.40117606,2014-11-28,17:06,01 - Clear,01 - Dry,01 - Traffic signal,02 - Intersection related,07 - Dark,03 - P.D. only,03 - Rear end,The Glebe
12985,INNES RD @ 240 E OF TENTH LINE RD/HOME DEPOT E,384170.9604,5036254.995,-75.48506679,45.46171365,2014-11-28,17:29,01 - Clear,01 - Dry,01 - Traffic signal,02 - Intersection related,07 - Dark,03 - P.D. only,03 - Rear end,Avalon
12986,OTTAWA RIVER PKWY @ ISLAND PARK DR,363299.6454,5029455.939,-75.75273356,45.40259682,2014-12-13,12:40,01 - Clear,01 - Dry,01 - Traffic signal,02 - Intersection related,01 - Daylight,03 - P.D. only,03 - Rear end,Westboro
12987,BOOTH ST @ OTTAWA RIVER PKWY/WELLINGTON ST,366263.8549,5031008.517,-75.71467907,45.41631252,2014-12-13,16:50,01 - Clear,02 - Wet,01 - Traffic signal,03 - At intersection,05 - Dusk,03 - P.D. only,05 - Turning movement,LeBreton Flats
12988,COLONEL BY DR @ MAIN ST,368861.6039,5030916,-75.68150311,45.41524707,2014-12-17,8:42,01 - Clear,02 - Wet,02 - Stop sign,02 - Intersection related,01 - Daylight,03 - P.D. only,03 - Rear end,Old Ottawa East
12989,OTTAWA RIVER PKWY @ RIVER ST/SLIDELL ST,365157.6535,5030378.048,-75.72888886,45.41073601,2014-10-16,9:19,02 - Rain,02 - Wet,01 - Traffic signal,03 - At intersection,01 - Daylight,03 - P.D. only,07 - SMV other,Mechanicsville
12990,ST. JOSEPH BLVD @ JEANNE D'ARC BLVD,379861.2164,5036469.685,-75.54013561,45.46412161,2014-12-10,21:00,03 - Snow,03 - Loose snow,11 - Roundabout,03 - At intersection,07 - Dark,03 - P.D. only,02 - Angle,Chapel Hill
12991,DALHOUSIE ST btwn ST. PATRICK ST & MURRAY ST,367963.4013,5032628.705,-75.69275843,45.43073907,2014-10-04,18:33,01 - Clear,01 - Dry,10 - No control,04 - At/near private drive,07 - Dark,03 - P.D. only,02 - Angle,Byward Market
12992,GLADSTONE AVE @ ROCHESTER ST,366663.6481,5029788.991,-75.70972447,45.40530433,2014-10-05,13:00,01 - Clear,01 - Dry,01 - Traffic signal,02 - Intersection related,01 - Daylight,03 - P.D. only,03 - Rear end,Centretown West
12993,KING EDWARD AVE @ ST. ANDREW ST,368162.6002,5032970.008,-75.69016896,45.43379197,2014-10-23,18:15,01 - Clear,01 - Dry,01 - Traffic signal,02 - Intersection related,07 - Dark,03 - P.D. only,04 - Sideswipe,Lower Town
12994,BASELINE RD btwn ZENA ST & MARSON ST,365722.8776,5025751.598,-75.72223956,45.36905926,2014-10-24,17:52,01 - Clear,01 - Dry,10 - No control,01 - Non intersection,01 - Daylight,03 - P.D. only,04 - Sideswipe,Civic Hospital - Experimental Farm - Central Park
12995,CARLING AVE @ KIRKWOOD AVE S,364351.7005,5027338.024,-75.73955156,45.38345151,2014-12-23,13:15,02 - Rain,02 - Wet,01 - Traffic signal,02 - Intersection related,01 - Daylight,03 - P.D. only,03 - Rear end,Carlington
12996,RICHMOND RD btwn WINSTON AVE & CHURCHILL AVE N,363219.1427,5028286.376,-75.75390031,45.39208001,2014-11-16,1:18,01 - Clear,01 - Dry,10 - No control,01 - Non intersection,07 - Dark,03 - P.D. only,06 - SMV unattended vehicle,Carlingwood - McKellar Park - Laurentien View
12997,ALPINE AVE @ CARLING AVE,360494.7768,5024942.044,-75.78906897,45.3622099,2014-11-15,12:58,01 - Clear,01 - Dry,01 - Traffic signal,03 - At intersection,01 - Daylight,03 - P.D. only,05 - Turning movement,Whitehaven - Queensway Terrace North
12998,COLDREY AVE @ KIRKWOOD AVE,364436.7953,5027137.965,-75.7384892,45.38164418,2014-11-20,9:14,01 - Clear,01 - Dry,01 - Traffic signal,02 - Intersection related,01 - Daylight,03 - P.D. only,03 - Rear end,Carlington
12999,HIGHWAY 417 btwn TRANSIT & HWY417 IC127 RAMP16,361845.3497,5024639.514,-75.77186552,45.35937915,2014-08-12,21:30,02 - Rain,02 - Wet,10 - No control,01 - Non intersection,07 - Dark,03 - P.D. only,03 - Rear end,Whitehaven - Queensway Terrace North