Record,Location,X,Y,lon,lat,Date,Time,Environment,Road_Surface,Traffic_Control,Collision_Location,Light,Collision_Classification,Impact_type,Neighborhood
13000,HIGHWAY 416 btwn HWY416 IC72 RAMP34 & HWY416 IC72 RAMP63,359417.8386,5019676.477,-75.80339604,45.31491493,2014-08-03,22:00,01 - Clear,01 - Dry,10 - No control,01 - Non intersection,07 - Dark,03 - P.D. only,03 - Rear end,Greenbelt
13001,HIGHWAY 417 btwn HWY417 IC120A RAMP52 & HWY417 IC119B RAMP57,367918.6933,5030079.661,-75.69365629,45.40780765,2014-08-12,16:14,01 - Clear,02 - Wet,10 - No control,01 - Non intersection,01 - Daylight,03 - P.D. only,03 - Rear end,The Glebe
13002,HIGHWAY 417 btwn HIGHWAY 417 & Continuation of HIGHWAY 417,353323.9181,5020425.477,-75.88104058,45.32210215,2014-08-13,8:20,02 - Rain,02 - Wet,10 - No control,01 - Non intersection,01 - Daylight,03 - P.D. only,03 - Rear end,Greenbelt
13003,HWY417 IC126 RAMP16 btwn HIGHWAY 417 & HWY417 IC126 RAMP26,363076.931,5025764.287,-75.75601412,45.36939844,2014-08-27,15:40,01 - Clear,01 - Dry,10 - No control,01 - Non intersection,01 - Daylight,03 - P.D. only,03 - Rear end,Carlingwood West - Glabar Park - McKellar Heights
13004,HIGHWAY 417 btwn HWY417 IC138 RAMP61 & HWY417 IC134 RAMP36,355565.4209,5021791.758,-75.8523102,45.33423761,2014-08-29,11:00,01 - Clear,01 - Dry,10 - No control,01 - Non intersection,01 - Daylight,03 - P.D. only,04 - Sideswipe,Greenbelt
13005,HIGHWAY 417 btwn HWY417 IC124 RAMP76 & HWY417 IC124 RAMP67,364583.0895,5027740.942,-75.73654829,45.38705719,2014-08-29,15:35,01 - Clear,01 - Dry,10 - No control,01 - Non intersection,01 - Daylight,03 - P.D. only,03 - Rear end,Westboro
13006,HIGHWAY 417 btwn HWY417 IC126 RAMP61 & HWY417 IC124 RAMP76,363487.1502,5026290.235,-75.75071506,45.37409662,2014-08-21,15:30,01 - Clear,01 - Dry,10 - No control,01 - Non intersection,01 - Daylight,03 - P.D. only,03 - Rear end,Carlingwood West - Glabar Park - McKellar Heights
13007,CARLING AVE EB btwn MAPLECREST AVE & DUNLEVIE AVE,362686.2003,5026306.206,-75.76093841,45.37430695,2014-10-16,8:40,02 - Rain,02 - Wet,10 - No control,01 - Non intersection,01 - Daylight,03 - P.D. only,04 - Sideswipe,Carlingwood West - Glabar Park - McKellar Heights
13008,KENT ST btwn SPARKS ST & QUEEN ST,367147.104,5031440.588,-75.70334025,45.42012201,2014-10-16,10:30,02 - Rain,02 - Wet,10 - No control,01 - Non intersection,01 - Daylight,03 - P.D. only,04 - Sideswipe,Downtown
13009,COBOURG ST @ RIDEAU ST,369129.6563,5032787.1,-75.67783428,45.43205794,2014-10-18,14:29,02 - Rain,02 - Wet,01 - Traffic signal,02 - Intersection related,01 - Daylight,03 - P.D. only,03 - Rear end,Lower Town
13010,KANATA AVE btwn EARL GREY DR & MARITIME WAY,351323.5607,5019327.033,-75.90665842,45.31235351,2014-10-18,14:30,02 - Rain,02 - Wet,10 - No control,04 - At/near private drive,01 - Daylight,03 - P.D. only,02 - Angle,Kanata
13011,BANK ST @ QUEENSDALE AVE,373337.693,5023446.939,-75.62535677,45.34761955,2014-11-28,18:11,01 - Clear,01 - Dry,01 - Traffic signal,03 - At intersection,07 - Dark,03 - P.D. only,05 - Turning movement,Blossom Park - Blossom Park West - Sawmill Creek/ Timbermill
13012,TERRY FOX DR btwn HWY417 IC140 RAMP52 & HWY417 IC140 RAMP53,351060.3734,5018422.368,-75.91009926,45.30423049,2014-11-28,18:16,01 - Clear,01 - Dry,10 - No control,01 - Non intersection,07 - Dark,03 - P.D. only,03 - Rear end,Katimavik - Hazeldean
13013,ROCKCLIFFE PKWY btwn GL/OT BOUNDARY & ST. JOSEPH BLVD,377087.8792,5035337.929,-75.57576202,45.45423132,2014-10-20,8:19,01 - Clear,01 - Dry,10 - No control,01 - Non intersection,01 - Daylight,03 - P.D. only,99 - Other,Greenbelt
13014,OTTAWA RIVER PKWY @ ISLAND PARK DR,363297.7452,5029453.088,-75.75275817,45.40257132,2014-10-22,16:50,01 - Clear,01 - Dry,01 - Traffic signal,02 - Intersection related,01 - Daylight,03 - P.D. only,03 - Rear end,Westboro
13015,MAITLAND AVE/HWY 417 MAITLAND IC126R53 @ HWY 4,363229.0416,5025774.388,-75.75407118,45.36947667,2014-12-22,17:05,01 - Clear,01 - Dry,01 - Traffic signal,02 - Intersection related,07 - Dark,03 - P.D. only,03 - Rear end,Braemar Park - Bel Air Heights - Copeland Park
13016,SMYTH RD btwn BROADMOOR AVE & SOUTH HAVEN PL,371103.6226,5029135.128,-75.65310006,45.39901465,2014-06-17,12:57,01 - Clear,01 - Dry,10 - No control,01 - Non intersection,01 - Daylight,03 - P.D. only,03 - Rear end,Alta Vista
13017,TERRY FOX DR S @ DIDSBURY RD/CENTRUM KANATA SC,350625.329,5018914.401,-75.91560106,45.30868645,2014-10-07,14:55,02 - Rain,02 - Wet,01 - Traffic signal,02 - Intersection related,01 - Daylight,03 - P.D. only,03 - Rear end,Kanata
13018,LAJOIE ST @ MONTREAL RD,370534.7146,5033326.112,-75.65980688,45.43677708,2014-10-25,2:54,01 - Clear,01 - Dry,01 - Traffic signal,03 - At intersection,07 - Dark,03 - P.D. only,05 - Turning movement,Vanier South
13019,LACASSE AVE @ MONTREAL RD,370687.6565,5033406.12,-75.65784154,45.43748256,2014-10-25,17:06,02 - Rain,02 - Wet,01 - Traffic signal,03 - At intersection,01 - Daylight,03 - P.D. only,03 - Rear end,Vanier South
13020,AIRPORT PKWY/HUNT CLUB RAMP 34 btwn AIRPORT PKWY & TO BE DETERMINED,370954.9135,5023773.842,-75.65571748,45.35078972,2014-08-14,15:22,02 - Rain,02 - Wet,10 - No control,01 - Non intersection,01 - Daylight,03 - P.D. only,04 - Sideswipe,Hunt Club East - Western Community
13021,REGIONAL ROAD 174 EB btwn HWY417 IC113 RAMP65 & OR174 BLAIR IC112 RAMP51,374774.8734,5032801.683,-75.60569195,45.43164708,2014-11-21,16:58,01 - Clear,01 - Dry,10 - No control,01 - Non intersection,07 - Dark,03 - P.D. only,03 - Rear end,Pineview
13022,CLIFTON RD @ SCOTT ST,363567.6895,5028880.983,-75.7493784,45.39740102,2014-11-24,15:00,01 - Clear,02 - Wet,02 - Stop sign,03 - At intersection,01 - Daylight,03 - P.D. only,02 - Angle,Westboro
13023,INNES RD @ TENTH LINE RD,383950.8102,5036159.086,-75.4878969,45.46087572,2014-11-24,17:00,03 - Snow,03 - Loose snow,01 - Traffic signal,02 - Intersection related,05 - Dusk,03 - P.D. only,03 - Rear end,Queenswood Heights
13024,ST. JOSEPH BLVD btwn MARENGER ST & JEANNE D'ARC BLVD S,379845.5406,5036464.455,-75.54033684,45.46407624,2014-11-25,15:14,01 - Clear,01 - Dry,10 - No control,04 - At/near private drive,01 - Daylight,03 - P.D. only,05 - Turning movement,Greenbelt
13025,HIGHWAY 416 btwn HWY416 IC57 RAMP34 & HWY416 IC57 RAMP43,364673.2902,5008110.93,-75.73776685,45.21041955,2014-07-27,21:30,01 - Clear,01 - Dry,10 - No control,01 - Non intersection,07 - Dark,03 - P.D. only,07 - SMV other,New Barrhaven
13026,HIGHWAY 417 btwn HWY417 IC118 RAMP35 & HWY417 IC117 RAMP51,370098.4561,5031101.221,-75.66567733,45.41679929,2014-07-31,5:15,"07 - Fog, mist, smoke, dust",01 - Dry,10 - No control,01 - Non intersection,03 - Dawn,03 - P.D. only,07 - SMV other,Old Ottawa East
13027,ANDERSON RD @ HWY 417 ANDERSON IC104R51,380168.6879,5025657.948,-75.53785777,45.3668121,2014-08-04,12:45,01 - Clear,01 - Dry,02 - Stop sign,02 - Intersection related,01 - Daylight,03 - P.D. only,03 - Rear end,Greenbelt
13028,HIGHWAY 417 btwn HWY417 IC110 RAMP64 & HWY417 IC104 RAMP16,377792.9182,5026516.65,-75.56805541,45.37478967,2014-08-30,5:50,01 - Clear,01 - Dry,10 - No control,01 - Non intersection,03 - Dawn,03 - P.D. only,07 - SMV other,Greenbelt
13029,HIGHWAY 417 btwn HWY417 IC122 RAMP51 & HWY417 IC122 RAMP15,365390.2527,5028914.749,-75.72609732,45.39754949,2014-08-31,5:00,01 - Clear,01 - Dry,10 - No control,01 - Non intersection,07 - Dark,03 - P.D. only,04 - Sideswipe,Civi
13030,HAIG DR @ SMYTH RD,372564.7249,5029298.073,-75.63441705,45.40034087,2014-10-16,11:40,02 - Rain,02 - Wet,01 - Traffic signal,03 - At intersection,01 - Daylight,03 - P.D. only,05 - Turning movement,Elmvale - Eastway - Riverview - Riverview Park West
13031,CYRVILLE RD @ INNES RD,375050.5751,5031120.039,-75.60240863,45.41648893,2014-11-28,18:40,01 - Clear,01 - Dry,01 - Traffic signal,02 - Intersection related,07 - Dark,03 - P.D. only,03 - Rear end,Industrial Park
13032,TERRY FOX DR btwn HWY417 IC140 RAMP36 & HWY417 IC140 RAMP61,350708.0948,5018829.814,-75.91455346,45.30791991,2014-11-28,19:06,01 - Clear,01 - Dry,10 - No control,01 - Non intersection,07 - Dark,03 - P.D. only,03 - Rear end,Kanata Lakes - Marchwood Lakeside - Morgan's Grant - Kanata
13033,HOLLAND AVE @ RUSKIN ST,365278.7522,5028351.032,-75.72759046,45.39248693,2014-12-23,13:18,01 - Clear,01 - Dry,02 - Stop sign,03 - At intersection,01 - Daylight,03 - P.D. only,02 - Angle,Civic Hospital - Experimental Farm - Central Park
13034,HENNEPIN ST @ MERNER AVE,362375.1751,5014344.426,-75.76629964,45.26670073,2014-12-28,22:39,01 - Clear,01 - Dry,03 - Yield sign,03 - At intersection,07 - Dark,03 - P.D. only,02 - Angle,Barrhaven West - Old Barrhaven
13035,ST. LAURENT BLVD/GUY ST @ RIDEAU SS,371859.9182,5033045.125,-75.64290885,45.43412305,2014-06-24,13:50,02 - Rain,02 - Wet,01 - Traffic signal,03 - At intersection,01 - Daylight,03 - P.D. only,05 - Turning movement,Cummings
13036,SCOTT ST @ CAROLINE AVE,364577.4393,5029499.036,-75.73640741,45.40287665,2014-10-10,13:00,01 - Clear,01 - Dry,02 - Stop sign,02 - Intersection related,01 - Daylight,03 - P.D. only,03 - Rear end,Tunney's Pasture
13037,CEDARVIEW RD @ FALLOWFIELD RD,361295.6173,5015664.917,-75.77990547,45.27867016,2014-10-11,22:48,01 - Clear,02 - Wet,01 - Traffic signal,03 - At intersection,07 - Dark,03 - P.D. only,05 - Turning movement,Munster Hamlet - Richmond
13038,UPLANDS DR btwn BENNETT ST & LILLICO DR,370023.4065,5023281.85,-75.66766918,45.34645017,2014-10-27,0:03,01 - Clear,01 - Dry,10 - No control,01 - Non intersection,07 - Dark,03 - P.D. only,06 - SMV unattended vehicle,Hunt Club East - Western Community
13039,HAZELDEAN RD btwn CARP RD & Continuation of HAZELDEAN RD,349299.9662,5014727.14,-75.93287785,45.27109334,2014-12-07,17:22,01 - Clear,01 - Dry,10 - No control,01 - Non intersection,07 - Dark,03 - P.D. only,07 - SMV other,Stittsville
13040,HEMLOCK RD @ ST. LAURENT BLVD,371145.7089,5034781.123,-75.6518021,45.44981089,2014-12-08,18:51,01 - Clear,01 - Dry,01 - Traffic signal,03 - At intersection,07 - Dark,03 - P.D. only,05 - Turning movement,Cemetery
13041,BELLWOOD AVE @ BELMONT AVE,369003.3617,5028541.611,-75.68000125,45.39387012,2014-11-25,12:00,01 - Clear,01 - Dry,02 - Stop sign,02 - Intersection related,01 - Daylight,03 - P.D. only,06 - SMV unattended vehicle,Old Ottawa South
13042,INNES RD btwn HWY417 IC112 RAMP65 & HWY417 IC112 RAMP56,374422.9834,5030827.046,-75.61046778,45.41391546,2014-11-26,16:19,01 - Clear,01 - Dry,10 - No control,07 - Overpass or bridge,05 - Dusk,03 - P.D. only,04 - Sideswipe,Industrial Park
13043,HIGHWAY 417 btwn HWY417 IC121B RAMP51 & HWY417 IC121A RAMP51,366750.7818,5029566.84,-75.7086394,45.40329777,2014-08-14,15:57,01 - Clear,01 - Dry,10 - No control,01 - Non intersection,01 - Daylight,03 - P.D. only,03 - Rear end,Little Italy
13044,HWY417 IC138 RAMP25 btwn EAGLESON RD & EAGLESON RD,353327.7096,5020420.737,-75.88099268,45.32205924,2014-08-11,17:25,02 - Rain,02 - Wet,10 - No control,01 - Non intersection,01 - Daylight,03 - P.D. only,03 - Rear end,Greenbelt
13045,HIGHWAY 417 btwn HIGHWAY 417 & Continuation of HIGHWAY 417,353322.9702,5020430.216,-75.8810522,45.32214486,2014-08-14,17:20,02 - Rain,02 - Wet,10 - No control,01 - Non intersection,01 - Daylight,03 - P.D. only,03 - Rear end,Greenbelt
13046,HIGHWAY 417 btwn HWY 417 ANDERSON IC104R61 & HWY 417 BOUNDARY IC96R16,384058.0148,5025312.37,-75.48827039,45.36327386,2014-08-31,7:15,01 - Clear,02 - Wet,10 - No control,01 - Non intersection,01 - Daylight,03 - P.D. only,07 - SMV other,Greenbelt
13047,HIGHWAY 417 btwn HWY417 IC120B RAMP36 & HWY417 IC119B RAMP76,368119.1753,5030245.257,-75.69107412,45.40927952,2014-08-21,7:30,01 - Clear,01 - Dry,10 - No control,01 - Non intersection,01 - Daylight,03 - P.D. only,03 - Rear end,Centretown
13048,HIGHWAY 417 btwn HWY417 IC124 RAMP65 & HWY417 IC122 RAMP51,365024.3759,5028492,-75.73082175,45.39377725,2014-08-31,5:45,01 - Clear,01 - Dry,10 - No control,01 - Non intersection,03 - Dawn,03 - P.D. only,07 - SMV other,Civic Hospital - Experimental Farm - Central Park
13049,HIGHWAY 417 btwn HWY417 IC118 RAMP76 & HWY417 IC118 RAMP67,369722.1762,5031154.825,-75.67047751,45.41731661,2014-09-01,10:30,01 - Clear,01 - Dry,10 - No control,01 - Non intersection,01 - Daylight,03 - P.D. only,04 - Sideswipe,Sandy Hill
13050,BASELINE RD @ CENTREPOINTE DR E/HIGHGATE RD,362059.2842,5023468.508,-75.76927067,45.34882508,2014-10-16,12:33,02 - Rain,02 - Wet,01 - Traffic signal,03 - At intersection,01 - Daylight,03 - P.D. only,05 - Turning movement,Iris
13051,CARP RD btwn HWY417 IC144 RAMP25 & WESTBROOK RD,347643.4516,5015543.704,-75.95391757,45.27854397,2014-10-16,12:33,02 - Rain,02 - Wet,10 - No control,01 - Non intersection,01 - Daylight,03 - P.D. only,03 - Rear end,Stittsville - Basswood
13052,BRONSON AVE btwn LAKESIDE AVE & LAKEVIEW TER,367669.0148,5028808.615,-75.69700767,45.39639362,2014-10-17,17:30,02 - Rain,02 - Wet,10 - No control,01 - Non intersection,01 - Daylight,03 - P.D. only,03 - Rear end,The Glebe
13053,ELGIN ST @ LAURIER AVE,367949.66,5031549.101,-75.69307245,45.4210264,2014-11-28,20:19,01 - Clear,01 - Dry,01 - Traffic signal,03 - At intersection,07 - Dark,03 - P.D. only,07 - SMV other,Downtown
13054,NORICE ST @ WOODROFFE AVE,363194.684,5022397.967,-75.75490857,45.33909882,2014-06-25,20:00,01 - Clear,02 - Wet,01 - Traffic signal,02 - Intersection related,01 - Daylight,03 - P.D. only,03 - Rear end,Tanglewood
13055,ST. JOSEPH BLVD @ JEANNE D'ARC BLVD,379858.8423,5036470.156,-75.54016589,45.4641261,2014-10-15,8:39,01 - Clear,01 - Dry,11 - Roundabout,03 - At intersection,01 - Daylight,03 - P.D. only,02 - Angle,Chapel Hill
13056,WILLIAM ST btwn YORK ST & GEORGE ST,367989.6422,5032332.558,-75.6924611,45.42807207,2014-10-28,10:00,01 - Clear,01 - Dry,10 - No control,01 - Non intersection,01 - Daylight,03 - P.D. only,06 - SMV unattended vehicle,Byward Market
13057,METCALFE ST @ SOMERSET ST,368009.7542,5031104.098,-75.69236173,45.41701698,2014-12-13,0:32,01 - Clear,02 - Wet,01 - Traffic signal,03 - At intersection,07 - Dark,03 - P.D. only,05 - Turning movement,Centretown
13058,FALLOWFIELD RD btwn ASHDALE AVE & PRINCE OF WALES DR,367229.7391,5019060.036,-75.70384863,45.30871719,2014-11-26,17:20,01 - Clear,01 - Dry,10 - No control,01 - Non intersection,07 - Dark,03 - P.D. only,03 - Rear end,Greenbelt
13059,HIGHWAY 417 btwn HWY417 IC119B RAMP57 & HWY417 IC119A RAMP75,368415.4601,5030417.876,-75.68726707,45.41080582,2014-08-14,17:45,02 - Rain,02 - Wet,10 - No control,01 - Non intersection,01 - Daylight,03 - P.D. only,04 - Sideswipe,The Glebe
13060,HIGHWAY 417 btwn HWY417 IC140 RAMP35 & HWY417 IC140 RAMP25,350958.0802,5018565.459,-75.91139028,45.30552479,2014-08-12,13:50,02 - Rain,02 - Wet,10 - No control,01 - Non intersection,01 - Daylight,03 - P.D. only,07 - SMV other,Katimavik - Hazeldean
13061,HIGHWAY 417 btwn HWY417 IC127 RAMP67 & HWY417 IC126 RAMP16,362574.8915,5025202.231,-75.76248854,45.36438269,2014-08-15,13:15,01 - Clear,01 - Dry,10 - No control,01 - Non intersection,01 - Daylight,03 - P.D. only,03 - Rear end,Carlingwood West - Glabar Park - McKellar Heights
13062,HIGHWAY 417 btwn HWY417 IC118 RAMP67 & HWY417 IC117 RAMP36,369745.8728,5031156.721,-75.67017452,45.41733147,2014-08-15,18:50,01 - Clear,01 - Dry,10 - No control,01 - Non intersection,01 - Daylight,03 - P.D. only,07 - SMV other,Sandy Hill
13063,HWY417 IC118 RAMP35 btwn NICHOLAS ST & HWY417 IC118 RAMP45,369402.2709,5030980.418,-75.67458743,45.41577697,2014-08-28,22:28,01 - Clear,01 - Dry,10 - No control,01 - Non intersection,07 - Dark,03 - P.D. only,07 - SMV other,Old Ottawa East
13064,HIGHWAY 417 btwn HWY417 IC138 RAMP61 & HWY417 IC134 RAMP36,353738.6101,5020719.316,-75.87572214,45.32471738,2014-09-03,7:30,01 - Clear,01 - Dry,10 - No control,01 - Non intersection,01 - Daylight,03 - P.D. only,04 - Sideswipe,Greenbelt
13065,HIGHWAY 417 btwn HWY417 IC129 RAMP25 & HWY417 IC129 RAMP35,360611.5118,5023644.205,-75.78772552,45.3505227,2014-09-04,7:20,01 - Clear,01 - Dry,10 - No control,01 - Non intersection,01 - Daylight,03 - P.D. only,03 - Rear end,Iris
13066,HIGHWAY 417 btwn HWY417 IC112 RAMP66 & HWY417 IC112 RAMP56,374451.5615,5030870.823,-75.61009651,45.4143065,2014-09-03,8:30,01 - Clear,01 - Dry,10 - No control,01 - Non intersection,01 - Daylight,03 - P.D. only,03 - Rear end,Industrial Park
13067,FISHER AVE btwn 220 S OF TRENT ST & MCCOOEY LANE,365980.7135,5026460.976,-75.71886039,45.37541964,2014-09-09,8:39,01 - Clear,01 - Dry,10 - No control,01 - Non intersection,01 - Daylight,03 - P.D. only,03 - Rear end,Civic Hospital - Experimental Farm - Central Park
13068,MERIVALE RD @ FAMILY BROWN LANE,365005.4661,5023386.428,-75.73168551,45.34783981,2014-09-14,13:46,01 - Clear,01 - Dry,01 - Traffic signal,03 - At intersection,01 - Daylight,03 - P.D. only,03 - Rear end,Borden Farm - Stewart Farm - Parkwood Hills - Fisher Glen
13069,EAGLESON RD btwn EAGLESON BUSINESS CENTRE & MICHAEL COWPLAND DR/STONEH,354306.4747,5016810.856,-75.86886911,45.28950848,2014-10-16,14:03,02 - Rain,02 - Wet,10 - No control,01 - Non intersection,01 - Daylight,03 - P.D. only,04 - Sideswipe,Glen Cairn - Kanata South Business Park
13070,INDUSTRIAL AVE @ ALTA VISTA DR/SANDFORD FLEMIN,370884.7238,5030558.995,-75.65570493,45.41184674,2014-10-18,16:27,01 - Clear,01 - Dry,01 - Traffic signal,02 - Intersection related,01 - Daylight,03 - P.D. only,03 - Rear end,Industrial Park
13071,VICTORIA ST btwn 8TH LINE RD & LOUISE ST,385495.5421,5011191.341,-75.47222147,45.23605874,2014-11-28,8:45,01 - Clear,01 - Dry,10 - No control,04 - At/near private drive,01 - Daylight,03 - P.D. only,02 - Angle,Metcalfe
13072,HOPE SIDE RD @ RICHMOND RD,356951.6865,5015484.01,-75.83528843,45.27737798,2014-11-28,21:30,01 - Clear,01 - Dry,02 - Stop sign,03 - At intersection,07 - Dark,03 - P.D. only,07 - SMV other,Bridlewood - Emerald Meadows
13073,GREENBANK RD @ WEST HUNT CLUB RD,361477.7768,5020504.855,-75.77703056,45.32220543,2014-11-10,13:00,01 - Clear,01 - Dry,01 - Traffic signal,02 - Intersection related,01 - Daylight,03 - P.D. only,03 - Rear end,Greenbelt
13074,COVENTRY RD @ LOLA ST,371265.6178,5031614.097,-75.65069687,45.42130403,2014-06-27,12:14,01 - Clear,01 - Dry,01 - Traffic signal,02 - Intersection related,01 - Daylight,03 - P.D. only,04 - Sideswipe,Overbrook
13075,BANK ST btwn RIVERSIDE DR & RIVERSIDE DR,369258.0199,5027943.166,-75.67682729,45.38846212,2014-06-27,17:43,01 - Clear,01 - Dry,10 - No control,04 - At/near private drive,01 - Daylight,03 - P.D. only,05 - Turning movement,Alta Vista
13076,BERRIGAN DR @ COLINDALE AVE/OAKWELL DR,364155.11,5015568.308,-75.74347297,45.27756528,2014-10-31,16:58,01 - Clear,01 - Dry,02 - Stop sign,03 - At intersection,01 - Daylight,03 - P.D. only,02 - Angle,New Barrhaven
13077,BOOTH ST @ SOMERSET ST,366591.7527,5030255.046,-75.71058439,45.40950412,2014-11-15,21:06,01 - Clear,02 - Wet,01 - Traffic signal,02 - Intersection related,07 - Dark,03 - P.D. only,03 - Rear end,Centretown West
13078,METCALFE ST @ PRETORIA AVE,368492.4679,5030334.129,-75.68629417,45.41004529,2014-10-31,17:05,01 - Clear,01 - Dry,02 - Stop sign,03 - At intersection,05 - Dusk,03 - P.D. only,04 - Sideswipe,The Glebe
13079,AIRPORT PKWY btwn RAMP & TO BE DETERMINED,369117.041,5026113.977,-75.67886579,45.37201658,2014-12-16,17:10,04 - Freezing Rain,04 - Slush,10 - No control,01 - Non intersection,07 - Dark,03 - P.D. only,03 - Rear end,Riverside Park
13080,MUNSTER RD btwn JOCK TR & SOLDIER'S LINE,352473.9406,4998661.648,-75.89396649,45.12632151,2014-11-27,22:04,01 - Clear,01 - Dry,10 - No control,01 - Non intersection,07 - Dark,03 - P.D. only,07 - SMV other,Munster Hamlet - Richmond
13081,OR174 IC112 RAMP51 btwn REGIONAL ROAD 174 & OR174 IC112 RAMP52,374977.2487,5032865.34,-75.60309676,45.43219955,2014-11-28,2:47,01 - Clear,01 - Dry,10 - No control,01 - Non intersection,07 - Dark,03 - P.D. only,07 - SMV other,Greenbelt
13082,HIGHWAY 416 btwn HWY416 IC42 RAMP34 & HWY416 IC42 RAMP43,371376.4669,4995320.441,-75.65414339,45.09472934,2014-08-16,8:40,01 - Clear,01 - Dry,10 - No control,01 - Non intersection,01 - Daylight,03 - P.D. only,07 - SMV other,Manotick - North Gower
13083,HIGHWAY 417 btwn HWY417 IC115 RAMP36 & HWY417 IC115 RAMP26,372381.0838,5031513.954,-75.63645871,45.42029612,2014-08-18,8:00,01 - Clear,01 - Dry,10 - No control,01 - Non intersection,01 - Daylight,03 - P.D. only,03 - Rear end,Overbrook
13084,HIGHWAY 417 btwn HIGHWAY 417 & HWY417 IC129 RAMP51,360039.6318,5023224.615,-75.79507024,45.34679251,2014-08-18,11:14,01 - Clear,01 - Dry,10 - No control,01 - Non intersection,01 - Daylight,03 - P.D. only,04 - Sideswipe,Whitehaven - Queensway Terrace North
13085,HIGHWAY 417 btwn HWY417 IC121A RAMP16 & HWY417 IC121A RAMP61,367170.1177,5029723.327,-75.70326352,45.40466856,2014-09-03,17:07,01 - Clear,01 - Dry,10 - No control,01 - Non intersection,01 - Daylight,03 - P.D. only,04 - Sideswipe,Centretown West
13086,HIGHWAY 417 btwn HWY417 IC117 RAMP36 & HWY417 IC117 RAMP26,370653.3798,5031177.577,-75.65857759,45.4174343,2014-09-04,13:20,01 - Clear,01 - Dry,10 - No control,01 - Non intersection,01 - Daylight,03 - P.D. only,04 - Sideswipe,Industrial Park
13087,HIGHWAY 417 btwn HWY417 IC117 RAMP26 & HWY417 IC117 RAMP61,370836.3182,5031222.127,-75.65623443,45.4178179,2014-09-04,14:00,01 - Clear,01 - Dry,10 - No control,01 - Non intersection,01 - Daylight,03 - P.D. only,04 - Sideswipe,Industrial Park
13088,HUNTMAR DR @ RICHARDSON SIDE RD,348209.5354,5018981.987,-75.94640166,45.30944809,2014-09-17,9:24,01 - Clear,01 - Dry,02 - Stop sign,03 - At intersection,01 - Daylight,03 - P.D. only,02 - Angle,Stittsville - Basswood
13089,BRONSON AVE @ KIPPEWA DR,367556.7168,5029075.082,-75.69840795,45.39880129,2014-09-17,21:26,02 - Rain,02 - Wet,02 - Stop sign,02 - Intersection related,07 - Dark,03 - P.D. only,04 - Sideswipe,The Glebe
13090,CARLING AVE btwn MARCH RD & SCHNEIDER RD,351283.7828,5022184.346,-75.90689746,45.3380669,2014-10-16,16:31,02 - Rain,02 - Wet,10 - No control,04 - At/near private drive,01 - Daylight,03 - P.D. only,04 - Sideswipe,South March
13091,RICHMOND RD btwn GOLDEN AVE & BERKLEY AVE,362902.5282,5028060.33,-75.75797023,45.39007242,2014-10-16,18:41,02 - Rain,02 - Wet,10 - No control,01 - Non intersection,07 - Dark,03 - P.D. only,04 - Sideswipe,Westboro
13092,LAURIER AVE   W btwn ELGIN ST & QUEEN ELIZABETH DRWY/LAURIER AVE WB ON,367976.2634,5031565.728,-75.69273041,45.4211736,2014-10-18,17:15,01 - Clear,01 - Dry,10 - No control,01 - Non intersection,01 - Daylight,03 - P.D. only,03 - Rear end,Golden Triangle
13093,PORTAGE BRIDGE NB btwn PROVINCIAL BOUNDARY & WELLINGTON ST,366422.8171,5031490.153,-75.71258797,45.42063216,2014-03-08,1:16,01 - Clear,01 - Dry,10 - No control,07 - Overpass or bridge,07 - Dark,03 - P.D. only,03 - Rear end,LeBreto
13094,ASHTON STATION RD/GOLDEN LINE RD @ MCARTON RD,338189.7115,5005824.556,-76.07506341,45.19159774,2014-12-02,13:36,01 - Clear,01 - Dry,02 - Stop sign,03 - At intersection,01 - Daylight,03 - P.D. only,05 - Turning movement,Stittsville - Basswood
13095,HERON RD @ WALKLEY RD,372267.8521,5027083.502,-75.63851146,45.38044374,2014-12-12,7:00,01 - Clear,01 - Dry,01 - Traffic signal,02 - Intersection related,03 - Dawn,03 - P.D. only,04 - Sideswipe,Ledbury - Heron Gate - Ridgemont - Elmwood
13096,BOOTH ST btwn PRIMROSE AVE & ELM ST,366513.2146,5030435.312,-75.71156509,45.41113303,2014-12-05,10:50,01 - Clear,01 - Dry,10 - No control,01 - Non intersection,01 - Daylight,03 - P.D. only,03 - Rear end,Centretown West
13097,TENTH LINE RD btwn OLD TENTH LINE RD & TOMPKINS AVE,383154.4762,5038080.97,-75.49777163,45.47825688,2014-07-05,12:46,01 - Clear,01 - Dry,10 - No control,01 - Non intersection,01 - Daylight,03 - P.D. only,03 - Rear end,Queenswood Heights
13098,ST. JOSEPH BLVD btwn DUSSERE ST & ST. JEAN ST,380909.8534,5037160.331,-75.52662088,45.47022201,2014-07-23,19:51,01 - Clear,01 - Dry,10 - No control,04 - At/near private drive,01 - Daylight,03 - P.D. only,05 - Turning movement,Orleans Village - Chateauneuf
13099,ROBINSON AVE btwn HURDMAN RD & LEES AVE,369952.5339,5031230.044,-75.66752455,45.41797199,2014-06-19,18:40,01 - Clear,08 - Loose sand or gravel,09 - Traffic controller,01 - Non intersection,01 - Daylight,03 - P.D. only,99 - Other,Sandy Hill
13100,GREENBANK RD @ WEST HUNT CLUB RD,361477.7768,5020502.004,-75.77703088,45.32217978,2014-11-04,16:43,02 - Rain,02 - Wet,01 - Traffic signal,02 - Intersection related,05 - Dusk,03 - P.D. only,03 - Rear end,Greenbelt