Record,Location,X,Y,lon,lat,Date,Time,Environment,Road_Surface,Traffic_Control,Collision_Location,Light,Collision_Classification,Impact_type,Neighborhood
13101,PARKDALE AVE @ SCOTT ST,364947.8034,5029726.085,-75.73164914,45.40488786,2014-12-02,17:05,01 - Clear,01 - Dry,01 - Traffic signal,02 - Intersection related,07 - Dark,03 - P.D. only,04 - Sideswipe,Islan
13102,HIGHWAY 417 btwn HWY417 IC120A RAMP52 & HWY417 IC119B RAMP57,367925.3284,5030082.504,-75.69357117,45.40783263,2014-08-18,17:22,01 - Clear,01 - Dry,10 - No control,01 - Non intersection,01 - Daylight,03 - P.D. only,03 - Rear end,The Glebe
13103,HIGHWAY 417 btwn HWY417 IC124 RAMP76 & HWY417 IC124 RAMP67,364238.5704,5027287.285,-75.74100216,45.38300458,2014-08-18,15:35,01 - Clear,01 - Dry,10 - No control,01 - Non intersection,01 - Daylight,03 - P.D. only,03 - Rear end,Westboro
13104,HIGHWAY 417 btwn HWY417 IC115 RAMP36 & HWY417 IC115 RAMP26,372386.771,5031510.163,-75.63638657,45.42026147,2014-08-19,6:40,01 - Clear,01 - Dry,10 - No control,01 - Non intersection,01 - Daylight,03 - P.D. only,03 - Rear end,Overbrook
13105,HIGHWAY 417 btwn HWY417 IC122 RAMP61 & HWY417 IC121B RAMP16,366076.0599,5029344.021,-75.71728518,45.40135229,2014-08-08,10:00,01 - Clear,01 - Dry,10 - No control,01 - Non intersection,01 - Daylight,03 - P.D. only,99 - Other,Centretow
13106,HERZBERG RD @ MARCH RD,352324.5723,5021528.963,-75.89368134,45.33209991,2014-07-30,9:30,02 - Rain,02 - Wet,01 - Traffic signal,03 - At intersection,01 - Daylight,03 - P.D. only,07 - SMV other,Kanata Lakes - Marchwood Lakeside - Morgan's Grant - Kanata
13107,MACDONALD-CARTIER BR btwn RAMP & END (1),367295.1264,5033271.602,-75.70121668,45.43658367,2014-08-29,22:35,01 - Clear,01 - Dry,10 - No control,07 - Overpass or bridge,07 - Dark,03 - P.D. only,03 - Rear end,Bywar
13108,OTTAWA RIVER PKWY @ WOODROFFE AVE,361427.6317,5027001.112,-75.77692618,45.38066249,2014-09-02,16:35,02 - Rain,02 - Wet,02 - Stop sign,03 - At intersection,01 - Daylight,03 - P.D. only,03 - Rear end,Woodroffe - Lincoln Heights
13109,OTTAWA RIVER PKWY OFFR-EB @ PARKDALE AVE,364682.2738,5030331.233,-75.73496731,45.41035561,2014-09-03,5:48,01 - Clear,01 - Dry,03 - Yield sign,02 - Intersection related,07 - Dark,03 - P.D. only,03 - Rear end,Tunney's Pasture
13110,HAZELDEAN RD @ HUNTMAR DR/IBER RD,350943.548,5016078.957,-75.91180694,45.28315149,2014-09-20,13:35,01 - Clear,01 - Dry,01 - Traffic signal,03 - At intersection,01 - Daylight,03 - P.D. only,03 - Rear end,Stittsville
13111,ELM ST btwn CITY CENTRE AVE & END,366037.0604,5030184.683,-75.71767889,45.40891976,2014-09-22,15:57,01 - Clear,01 - Dry,10 - No control,04 - At/near private drive,01 - Daylight,03 - P.D. only,06 - SMV unattended vehicle,Little Italy
13112,RAMSAYVILLE RD btwn LEITRIM RD & EIGHTH LINE RD,378805.6318,5023683.006,-75.55555156,45.34918793,2014-10-17,2:53,01 - Clear,01 - Dry,10 - No control,01 - Non intersection,07 - Dark,03 - P.D. only,07 - SMV other,Greenbelt
13113,LAURIER AVE @ NICHOLAS ST,368374.5871,5031800.645,-75.68761081,45.42325122,2014-10-17,6:10,01 - Clear,01 - Dry,01 - Traffic signal,02 - Intersection related,03 - Dawn,03 - P.D. only,04 - Sideswipe,Sandy Hill
13114,RIVERSIDE DR @ TREMBLAY RD/HWY417 IC117 RAMP52,370802.0781,5031016.383,-75.65669944,45.41596993,2014-10-18,19:25,01 - Clear,01 - Dry,01 - Traffic signal,02 - Intersection related,07 - Dark,03 - P.D. only,03 - Rear end,Industrial Park
13115,PORTAGE BRIDGE NB btwn PROVINCIAL BOUNDARY & WELLINGTON ST,366422.8171,5031490.153,-75.71258797,45.42063216,2014-07-12,10:15,01 - Clear,01 - Dry,10 - No control,07 - Overpass or bridge,01 - Daylight,03 - P.D. only,07 - SMV other,LeBreto
13116,LOLA ST btwn PRINCE ALBERT ST & HART AVE,371144.8711,5031927.208,-75.65219745,45.42413273,2014-12-14,1:56,01 - Clear,02 - Wet,10 - No control,01 - Non intersection,07 - Dark,03 - P.D. only,07 - SMV other,Overbrook
13117,HUNT CLUB RD btwn CAHILL DR & LORRY GREENBERG DR,372497.996,5024597.141,-75.63591384,45.35805021,2014-12-15,16:54,01 - Clear,02 - Wet,10 - No control,01 - Non intersection,05 - Dusk,03 - P.D. only,04 - Sideswipe,Greenboro East
13118,AVIATION PKWY @ OGILVIE RD,373108.814,5032377.061,-75.62704127,45.42799126,2014-12-19,13:17,01 - Clear,01 - Dry,01 - Traffic signal,02 - Intersection related,01 - Daylight,03 - P.D. only,03 - Rear end,Industrial Park
13119,RIDEAU ST btwn SUSSEX DR & 88 W OF WILLIAM ST/FREIMAN MALL,367961.8573,5032069.846,-75.69284984,45.42571078,2014-08-02,18:01,01 - Clear,01 - Dry,10 - No control,01 - Non intersection,01 - Daylight,03 - P.D. only,04 - Sideswipe,Byward Market - Parliament Hill
13120,AVIATION PKWY @ OGILVIE RD,373110.7142,5032376.111,-75.62701712,45.42798253,2014-12-20,15:51,01 - Clear,01 - Dry,01 - Traffic signal,03 - At intersection,01 - Daylight,03 - P.D. only,02 - Angle,Industrial Park
13121,ST. LAURENT BLVD @ TREMBLAY RD,372593.8137,5031242.051,-75.6337782,45.41782909,2014-12-20,17:06,01 - Clear,01 - Dry,01 - Traffic signal,03 - At intersection,07 - Dark,03 - P.D. only,05 - Turning movement,Industrial Park
13122,HALTON TER btwn MCBRIEN ST & FLAMBOROUGH WAY,348736.4972,5024084.431,-75.93922875,45.35532848,2014-12-02,22:54,03 - Snow,05 - Packed snow,10 - No control,01 - Non intersection,07 - Dark,03 - P.D. only,06 - SMV unattended vehicle,Morgan's Grant
13123,HIGHWAY 7 WB btwn HIGHWAY 417 HWY 7 RAMP 66/76 & HIGHWAY 7 HAZELDEAN IC RAMP 34,346250.9373,5013323.251,-75.97185111,45.25864688,2014-08-19,14:40,01 - Clear,01 - Dry,10 - No control,01 - Non intersection,01 - Daylight,03 - P.D. only,04 - Sideswipe,Stittsville - Basswood
13124,HIGHWAY 417 btwn HWY417 IC127 RAMP25 & HWY417 IC126 RAMP51,363128.8564,5025784.074,-75.75534894,45.36957216,2014-08-19,16:53,01 - Clear,01 - Dry,10 - No control,01 - Non intersection,01 - Daylight,03 - P.D. only,07 - SMV other,Carlingwood West - Glabar Park - McKellar Heights
13125,HIGHWAY 416 btwn HWY416 IC57 RAMP53 & HWY416 IC49 RAMP34,365780.2566,5006218.922,-75.72390711,45.19330019,2014-08-19,16:15,01 - Clear,01 - Dry,10 - No control,01 - Non intersection,01 - Daylight,03 - P.D. only,03 - Rear end,Manotick - North Gower
13126,HIGHWAY 417 btwn HWY417 IC115 RAMP36 & HWY417 IC115 RAMP26,372274.9226,5031501.632,-75.63781675,45.4201955,2014-08-20,6:50,01 - Clear,01 - Dry,10 - No control,01 - Non intersection,01 - Daylight,03 - P.D. only,03 - Rear end,Overbrook
13127,COLONEL BY DR btwn N.D.H.Q. & OTTAWA UNIV. PED. XING,368282.2016,5031736.282,-75.68879953,45.42268049,2014-09-03,13:53,01 - Clear,01 - Dry,10 - No control,01 - Non intersection,01 - Daylight,03 - P.D. only,07 - SMV other,Sandy Hill
13128,OTTAWA RIVER PKWY EB btwn TUNNEY'S PASTURE/REMIC RAPIDS ENT & ISLAND P,363378.5053,5029584.205,-75.75171106,45.40374434,2014-09-03,17:43,01 - Clear,01 - Dry,10 - No control,01 - Non intersection,01 - Daylight,03 - P.D. only,03 - Rear end,Island Park
13129,AVIATION PKWY btwn TO BE DETERMINED & OGILVIE RD,373085.061,5032445.469,-75.6273353,45.42860908,2014-09-08,10:04,01 - Clear,01 - Dry,10 - No control,01 - Non intersection,01 - Daylight,03 - P.D. only,03 - Rear end,Carson Grove - Carson Meadows
13130,RUMFORD DR @ VARENNES BLVD,385097.8282,5037888.563,-75.47294973,45.476305,2014-07-10,18:00,01 - Clear,01 - Dry,02 - Stop sign,02 - Intersection related,01 - Daylight,03 - P.D. only,03 - Rear end,Cardinal Creek
13131,WEST HUNT CLUB RD @ WOODROFFE AVE,363668.7908,5021246.964,-75.74899659,45.32870256,2014-10-17,7:37,01 - Clear,01 - Dry,01 - Traffic signal,02 - Intersection related,01 - Daylight,03 - P.D. only,03 - Rear end,Woodvale - Craig Henry - Manordale - Estates of Arlington Wo
13132,OR174 IC112 RAMP36 @ REGIONAL RD 174,374519.2914,5032634.462,-75.60898167,45.43016804,2014-10-17,8:59,01 - Clear,01 - Dry,10 - No control,02 - Intersection related,01 - Daylight,03 - P.D. only,04 - Sideswipe,Industrial Park
13133,VANIER PKWY NB btwn PRESLAND RD & COVENTRY RD,370658.3326,5031620.729,-75.65845508,45.42142113,2014-10-20,8:45,01 - Clear,01 - Dry,10 - No control,01 - Non intersection,01 - Daylight,03 - P.D. only,03 - Rear end,Overbrook
13134,ABERDEEN ST @ PRESTON ST,366651.6947,5029341.088,-75.70993333,45.40127528,2014-12-14,2:12,01 - Clear,06 - Ice,02 - Stop sign,03 - At intersection,07 - Dark,03 - P.D. only,05 - Turning movement,Little Italy
13135,WALKLEY RD btwn CEDARWOOD DR & BAYCREST DR,371401.7781,5026577.7,-75.64963724,45.37597558,2014-12-22,10:37,01 - Clear,01 - Dry,10 - No control,01 - Non intersection,01 - Daylight,03 - P.D. only,04 - Sideswipe,Ledbury - Heron Gate - Ridgemont - Elmwood
13136,BREWER RD @ BRONSON AVE,368109.0471,5027765.961,-75.69152171,45.38697247,2014-08-12,16:44,02 - Rain,02 - Wet,01 - Traffic signal,02 - Intersection related,01 - Daylight,03 - P.D. only,03 - Rear end,Carleto
13137,BAY ST @ SOMERSET ST,367244.6994,5030645.994,-75.70219401,45.4129638,2014-08-14,14:26,01 - Clear,01 - Dry,02 - Stop sign,03 - At intersection,01 - Daylight,03 - P.D. only,02 - Angle,Centretown
13138,RANGE RD btwn TEMPLETON ST & MANN AVE,369810.2605,5031737.924,-75.66927522,45.42255493,2014-12-02,9:02,01 - Clear,01 - Dry,10 - No control,01 - Non intersection,01 - Daylight,03 - P.D. only,03 - Rear end,Sandy Hill
13139,HERZBERG RD @ MARCH RD,352324.5723,5021528.963,-75.89368134,45.33209991,2014-12-06,23:46,03 - Snow,03 - Loose snow,01 - Traffic signal,03 - At intersection,07 - Dark,03 - P.D. only,07 - SMV other,Kanata Lakes - Marchwood Lakeside - Morgan's Grant - Kanata
13140,BEECHWOOD AVE @ SPRINGFIELD RD,369235.7513,5033653.114,-75.67636512,45.43984022,2014-11-14,14:44,01 - Clear,01 - Dry,01 - Traffic signal,02 - Intersection related,01 - Daylight,03 - P.D. only,99 - Other,Vanier North
13141,DALHOUSIE ST @ RIDEAU ST,368205.759,5032227.7,-75.68971299,45.42710903,2014-11-15,17:27,01 - Clear,01 - Dry,01 - Traffic signal,03 - At intersection,07 - Dark,03 - P.D. only,05 - Turning movement,Byward Market - Parliament Hill
13142,TERRY FOX DR btwn COPE DR & TRANS CANADA TRAIL,353978.2841,5015351.996,-75.87319736,45.27640435,2014-12-20,18:05,01 - Clear,01 - Dry,10 - No control,04 - At/near private drive,07 - Dark,03 - P.D. only,99 - Other,Glen Cairn - Kanata South Business Park
13143,OTHELLO AVE btwn WESTON DR & PLEASANT PARK RD,373407.771,5028844.433,-75.62371288,45.39617711,2014-12-25,18:52,01 - Clear,01 - Dry,10 - No control,01 - Non intersection,07 - Dark,03 - P.D. only,04 - Sideswipe,Elmvale - Eastway - Riverview - Riverview Park West
13144,HIGHWAY 417 btwn HWY417 IC163 RAMP15 & HWY417 IC155 RAMP51,331777.4574,5021335.811,-76.15582547,45.33145256,2014-07-05,6:00,01 - Clear,01 - Dry,10 - No control,01 - Non intersection,01 - Daylight,03 - P.D. only,07 - SMV other,Carp - Hardwood Plains
13145,HIGHWAY 417 btwn HWY417 IC121B RAMP51 & HWY417 IC121A RAMP51,366753.6254,5029569.683,-75.70860272,45.4033231,2014-08-06,16:30,02 - Rain,02 - Wet,10 - No control,01 - Non intersection,01 - Daylight,03 - P.D. only,03 - Rear end,Little Italy
13146,HIGHWAY 416 btwn HWY416 IC66 RAMP24 & HWY416 IC57 RAMP62,363251.8488,5011149.811,-75.75550451,45.23788307,2014-08-17,16:30,01 - Clear,01 - Dry,10 - No control,01 - Non intersection,01 - Daylight,03 - P.D. only,07 - SMV other,Munster Hamlet - Richmond
13147,HWY417 IC112 RAMP54 btwn HIGHWAY 417 & HWY417 IC112 RAMP58,374185.0627,5031153.347,-75.61346125,45.41687498,2014-08-20,23:20,02 - Rain,02 - Wet,10 - No control,01 - Non intersection,07 - Dark,03 - P.D. only,07 - SMV other,Industrial Park
13148,HIGHWAY 417 btwn HWY417 IC115 RAMP36 & HWY417 IC115 RAMP26,372490.5711,5031523.654,-75.63505852,45.42037282,2014-08-20,13:50,01 - Clear,01 - Dry,10 - No control,01 - Non intersection,01 - Daylight,03 - P.D. only,04 - Sideswipe,Overbrook
13149,OTTAWA RIVER PKWY @ RIVER ST/SLIDELL ST,365155.7533,5030378.048,-75.72891314,45.41073617,2014-08-29,6:45,01 - Clear,01 - Dry,01 - Traffic signal,02 - Intersection related,01 - Daylight,03 - P.D. only,03 - Rear end,Mechanicsville
13150,PORTAGE BRIDGE NB btwn PROVINCIAL BOUNDARY & WELLINGTON ST,366422.8171,5031490.153,-75.71258797,45.42063216,2014-04-08,18:27,01 - Clear,02 - Wet,10 - No control,07 - Overpass or bridge,01 - Daylight,03 - P.D. only,03 - Rear end,LeBreto
13151,BIRCH AVE EXT./ROCKCLIFFE PKWY @ ROCKCLIFFE PK,370128.0426,5035707.801,-75.66468798,45.45824458,2014-09-16,18:20,01 - Clear,01 - Dry,02 - Stop sign,02 - Intersection related,01 - Daylight,03 - P.D. only,03 - Rear end,Rockcliffe - Manor Park
13152,ISLAND PARK DR @ RICHMOND RD,364131.6368,5028868.032,-75.74217747,45.39723692,2014-09-17,8:40,01 - Clear,01 - Dry,01 - Traffic signal,02 - Intersection related,01 - Daylight,03 - P.D. only,03 - Rear end,Island Park
13153,KIRKWOOD AVE btwn LAPERRIERE AVE & WOODWARD AVE,364544.8159,5026936.723,-75.73713435,45.37982423,2014-10-06,16:21,01 - Clear,01 - Dry,10 - No control,01 - Non intersection,01 - Daylight,03 - P.D. only,07 - SMV other,Carlington
13154,TERRY FOX DR @ PALLADIUM DR/KATIMAVIK RD,351268.7679,5018182.25,-75.90746452,45.30205609,2014-10-07,7:02,02 - Rain,02 - Wet,01 - Traffic signal,02 - Intersection related,01 - Daylight,03 - P.D. only,03 - Rear end,Katimavik - Hazeldean
13155,INDUSTRIAL AVE btwn NEIGHBORHOOD WAY & TRAINYARDS DR,371581.442,5030550.405,-75.64680584,45.41170331,2014-10-17,9:19,01 - Clear,01 - Dry,10 - No control,01 - Non intersection,01 - Daylight,03 - P.D. only,03 - Rear end,Industrial Park
13156,CITADEL CRES btwn HARBOUR VIEW ST & HARBOUR VIEW ST,367059.0062,5014678.847,-75.70657557,45.26931083,2014-10-20,9:45,01 - Clear,01 - Dry,10 - No control,04 - At/near private drive,01 - Daylight,03 - P.D. only,02 - Angle,Chapman Mills - Rideau Crest - Davidson Heights
13157,BOLTON ST @ DALHOUSIE ST,367740.5997,5033002.061,-75.69555787,45.43411848,2014-10-20,10:00,01 - Clear,01 - Dry,01 - Traffic signal,03 - At intersection,01 - Daylight,03 - P.D. only,05 - Turning movement,Lower Town
13158,CARLING AVE btwn MARCH RD & SCHNEIDER RD,351217.5667,5022180.58,-75.90774264,45.3380374,2014-12-14,12:27,01 - Clear,02 - Wet,10 - No control,04 - At/near private drive,01 - Daylight,03 - P.D. only,05 - Turning movement,South March
13159,INNES RD btwn PROVENCE AVE & TRIM RD,386467.0096,5037234.126,-75.45554888,45.47025825,2014-12-14,12:49,01 - Clear,02 - Wet,10 - No control,01 - Non intersection,01 - Daylight,03 - P.D. only,04 - Sideswipe,Cardinal Creek
13160,BANNER RD @ GREENBANK RD,361020.7225,5021566.967,-75.78273957,45.33179907,2014-08-14,15:34,02 - Rain,02 - Wet,01 - Traffic signal,02 - Intersection related,01 - Daylight,03 - P.D. only,03 - Rear end,Woodvale - Craig Henry - Manordale - Estates of Arlington Wo
13161,TENTH LINE RD btwn DES EPINETTES AVE & INNES RD,383658.0772,5036867.677,-75.49152582,45.46728409,2014-08-15,11:29,01 - Clear,01 - Dry,10 - No control,01 - Non intersection,01 - Daylight,03 - P.D. only,04 - Sideswipe,Orlans
13162,ELGIN ST @ LAURIER AVE,367948.7099,5031550.051,-75.69308447,45.42103503,2014-12-09,19:05,01 - Clear,01 - Dry,01 - Traffic signal,03 - At intersection,07 - Dark,03 - P.D. only,02 - Angle,Downtown
13163,MARCH RD btwn DUNROBIN RD & MURPHY CRT,347531.0713,5025957.104,-75.95445122,45.37225374,2014-11-19,17:35,01 - Clear,01 - Dry,10 - No control,01 - Non intersection,07 - Dark,03 - P.D. only,99 - Other,Carp - Hardwood Plains
13164,CAMPEAU DR/HWY 417 MARCH IC138R63 @ MARCH RD,352842.5888,5020476.949,-75.88717495,45.32259842,2014-01-03,11:20,01 - Clear,06 - Ice,01 - Traffic signal,02 - Intersection related,01 - Daylight,03 - P.D. only,03 - Rear end,Greenbelt
13165,MONTREAL RD @ MONTFORT HOSPITAL,372222.4249,5034146.619,-75.63812531,45.4439989,2014-12-24,13:33,01 - Clear,02 - Wet,01 - Traffic signal,02 - Intersection related,01 - Daylight,03 - P.D. only,02 - Angle,Carson Grove - Carson Meadows
13166,TERRY FOX DR btwn CASTLEFRANK RD & TRANS CANADA TRAIL,353038.6646,5016254.927,-75.88508483,45.28459426,2014-12-06,12:42,01 - Clear,02 - Wet,10 - No control,01 - Non intersection,01 - Daylight,03 - P.D. only,03 - Rear end,Glen Cairn - Kanata South Business Park
13167,TERRY FOX DR btwn PALLADIUM DR & MAPLE GROVE RD,351541.2571,5017873.491,-75.90401923,45.29925971,2014-12-06,16:46,01 - Clear,01 - Dry,10 - No control,01 - Non intersection,05 - Dusk,03 - P.D. only,03 - Rear end,Katimavik - Hazeldean
13168,HIGHWAY 417 btwn HWY417 IC155 RAMP25 & RAMP,342102.2967,5017596.403,-76.02438814,45.29733094,2014-08-21,12:05,01 - Clear,01 - Dry,10 - No control,01 - Non intersection,01 - Daylight,03 - P.D. only,07 - SMV other,Carp - Hardwood Plains
13169,HIGHWAY 417 btwn HWY417 IC124 RAMP57 & HWY417 IC124 RAMP55,364161.2885,5027154.213,-75.74200492,45.38181377,2014-08-20,22:10,02 - Rain,02 - Wet,10 - No control,01 - Non intersection,07 - Dark,03 - P.D. only,99 - Other,Carlington
13170,HIGHWAY 7 btwn HAZELDEAN IC RAMP 53 & HIGHWAY 7,345839.8059,5011455.099,-75.97724357,45.24186051,2014-08-22,22:06,01 - Clear,01 - Dry,10 - No control,01 - Non intersection,07 - Dark,03 - P.D. only,07 - SMV other,Stittsville - Basswood
13171,LYON ST @ WELLINGTON ST,366933.3708,5031428.541,-75.70607255,45.42003263,2014-09-17,18:30,02 - Rain,02 - Wet,01 - Traffic signal,03 - At intersection,05 - Dusk,03 - P.D. only,05 - Turning movement,Downtown
13172,OTTAWA RIVER PKWY EB btwn RAMP & RAMP,364606.2643,5030426.244,-75.73592676,45.411217,2014-09-25,13:00,01 - Clear,01 - Dry,10 - No control,01 - Non intersection,01 - Daylight,03 - P.D. only,03 - Rear end,Island Park
13173,RIVERSIDE DR btwn HERON RD & RIVERSIDE DR RAMP 34,368109.7035,5026797.34,-75.69163754,45.37825703,2014-10-07,14:59,02 - Rain,02 - Wet,10 - No control,01 - Non intersection,01 - Daylight,03 - P.D. only,03 - Rear end,Riverside Park
13174,DYNES RD @ PRINCE OF WALES DR,367114.7141,5025924.008,-75.7044509,45.3704882,2014-10-16,16:00,02 - Rain,02 - Wet,01 - Traffic signal,02 - Intersection related,01 - Daylight,03 - P.D. only,03 - Rear end,Carleton Heights - Rideauview
13175,GREENBANK RD @ MEADOWBANK DR,360765.9153,5022186.383,-75.78592009,45.33739294,2014-10-16,8:45,02 - Rain,02 - Wet,02 - Stop sign,02 - Intersection related,01 - Daylight,03 - P.D. only,03 - Rear end,Briar Green - Leslie Park
13176,MAITLAND AVE @ 30 S OF AGINCOURT RD/TRINITY UN,363466.4802,5025428.095,-75.75108133,45.36634093,2014-12-14,15:53,01 - Clear,02 - Wet,01 - Traffic signal,02 - Intersection related,05 - Dusk,03 - P.D. only,03 - Rear end,Braemar Park - Bel Air Heights - Copeland Park
13177,CUMMINGS AVE btwn WELDON DR & OGILVIE RD,372725.7813,5032224.881,-75.63195669,45.42665932,2014-12-14,17:00,01 - Clear,02 - Wet,10 - No control,04 - At/near private drive,07 - Dark,03 - P.D. only,02 - Angle,Cummings
13178,MACKENZIE AVE @ RIDEAU ST,367869.6992,5032011.005,-75.69403495,45.42518967,2014-09-06,13:53,01 - Clear,01 - Dry,01 - Traffic signal,02 - Intersection related,01 - Daylight,03 - P.D. only,04 - Sideswipe,Byward Market - Parliament Hill
13179,BEAVERPOND DR @ BLAIR RD,375398.7798,5031874.092,-75.59785212,45.42323844,2014-10-07,7:10,02 - Rain,02 - Wet,01 - Traffic signal,02 - Intersection related,01 - Daylight,03 - P.D. only,03 - Rear end,Pineview
13180,BELCOURT BLVD @ INNES RD,382122.0474,5035268.46,-75.51141782,45.45306741,2014-08-16,13:42,02 - Rain,02 - Wet,01 - Traffic signal,02 - Intersection related,01 - Daylight,03 - P.D. only,03 - Rear end,Chapel Hill South
13181,CARLING AVE btwn DAVIDSON'S SIDE RD & GRANDVIEW RD,354554.2932,5023720.02,-75.86501592,45.35166079,2014-08-20,0:26,01 - Clear,01 - Dry,10 - No control,01 - Non intersection,07 - Dark,03 - P.D. only,07 - SMV other,Greenbelt
13182,CUMBERLAND ST @ MURRAY ST,368170.4997,5032680.105,-75.69010532,45.43118281,2014-11-20,7:00,01 - Clear,01 - Dry,01 - Traffic signal,02 - Intersection related,03 - Dawn,03 - P.D. only,04 - Sideswipe,Byward Market
13183,ANDERSON ST @ BOOTH ST,366651.093,5030124.252,-75.70984278,45.40832203,2014-12-09,12:16,01 - Clear,02 - Wet,02 - Stop sign,03 - At intersection,01 - Daylight,03 - P.D. only,02 - Angle,Centretown West
13184,SLACK RD @ WOODROFFE AVE,364233.6835,5019976.854,-75.74194319,45.3172266,2014-12-09,14:47,01 - Clear,01 - Dry,01 - Traffic signal,02 - Intersection related,01 - Daylight,03 - P.D. only,04 - Sideswipe,Greenbelt
13185,AVIATION PKWY btwn RAMP & MONTREAL RD,371919.6382,5034392.193,-75.64196196,45.44623759,2014-10-02,17:25,01 - Clear,01 - Dry,10 - No control,04 - At/near private drive,05 - Dusk,03 - P.D. only,05 - Turning movement,Rockcliffe - Manor Park
13186,GREENBANK RD @ HWY 417 IC129 RAMP57/IRIS ST,360530.3589,5023312.019,-75.78879856,45.34754015,2014-10-10,7:10,01 - Clear,02 - Wet,01 - Traffic signal,02 - Intersection related,01 - Daylight,03 - P.D. only,04 - Sideswipe,Iris
13187,MONTREAL RD @ VANIER PKWY,370073.6599,5033066.067,-75.66573373,45.43448049,2014-10-17,11:27,01 - Clear,01 - Dry,01 - Traffic signal,02 - Intersection related,01 - Daylight,03 - P.D. only,04 - Sideswipe,Vanier
13188,ALTA VISTA DR @ WESMAR DR,370475.7624,5026989.02,-75.6614045,45.37976391,2014-10-20,20:44,01 - Clear,02 - Wet,02 - Stop sign,02 - Intersection related,07 - Dark,03 - P.D. only,03 - Rear end,Alta Vista
13189,YOUNG ST @ PRESTON ST,366588.7023,5029488.982,-75.71071936,45.40261155,2014-10-29,10:15,01 - Clear,01 - Dry,02 - Stop sign,02 - Intersection related,01 - Daylight,03 - P.D. only,03 - Rear end,Little Italy
13190,TILLBURY AVE btwn EDISON AVE & CHURCHILL AVE N,363730.7685,5027084.609,-75.74751014,45.38122384,2014-12-14,17:01,01 - Clear,02 - Wet,10 - No control,04 - At/near private drive,07 - Dark,03 - P.D. only,06 - SMV unattended vehicle,Westboro
13191,AVIATION PKWY @ MONTREAL RD,372145.7665,5034108.108,-75.63911041,45.44365978,2014-11-19,9:20,01 - Clear,02 - Wet,01 - Traffic signal,02 - Intersection related,01 - Daylight,03 - P.D. only,03 - Rear end,Cummings
13192,MORISSET AVE @ CALDWELL AVE,364380.5472,5026189.905,-75.73932177,45.37311848,2014-11-06,12:28,01 - Clear,01 - Dry,02 - Stop sign,02 - Intersection related,01 - Daylight,03 - P.D. only,07 - SMV other,Carlington
13193,MERIVALE RD @ MORISSET AVE,364868.601,5026493.003,-75.73305437,45.37580403,2014-12-09,17:37,01 - Clear,01 - Dry,02 - Stop sign,02 - Intersection related,07 - Dark,03 - P.D. only,04 - Sideswipe,Carlington
13194,BAYSHORE DR @ WOODRIDGE CRES S,359236.5194,5023509.031,-75.80528693,45.34941448,2014-08-23,17:16,01 - Clear,01 - Dry,01 - Traffic signal,02 - Intersection related,01 - Daylight,03 - P.D. only,03 - Rear end,Bayshore
13195,INDUSTRIAL AVE/INNES RD @ ST. LAURENT BLVD,373099.7274,5030006.992,-75.62748588,45.40666741,2014-11-21,15:36,01 - Clear,01 - Dry,01 - Traffic signal,02 - Intersection related,01 - Daylight,03 - P.D. only,03 - Rear end,Industrial Park
13196,CLOVER ST @ HERON RD,369291.7656,5026764.069,-75.67655042,45.37784986,2014-11-23,10:18,02 - Rain,02 - Wet,01 - Traffic signal,02 - Intersection related,01 - Daylight,03 - P.D. only,03 - Rear end,Alta Vista
13197,SHEA RD btwn TO BE DETERMINED & FALLOWFIELD RD,353080.3986,5012128.094,-75.88495401,45.24745697,2014-11-18,5:03,05 - Drifting Snow,06 - Ice,10 - No control,01 - Non intersection,07 - Dark,03 - P.D. only,07 - SMV other,Stittsville - Basswood
13198,MERIVALE RD btwn BASIL MACDONALD WAY & VIEWMOUNT DR,365180.3954,5022982.225,-75.72950269,45.34418781,2014-12-09,19:15,01 - Clear,01 - Dry,10 - No control,01 - Non intersection,07 - Dark,03 - P.D. only,03 - Rear end,Crestview - Meadowlands
13199,HIGHWAY 417 btwn HWY417 IC163 RAMP15 & HWY417 IC155 RAMP51,333374.6394,5020912.667,-76.13547368,45.32758167,2014-08-22,11:30,01 - Clear,01 - Dry,10 - No control,01 - Non intersection,01 - Daylight,03 - P.D. only,07 - SMV other,Carp - Hardwood Plains
13200,HIGHWAY 417 btwn HWY417 IC117 RAMP51 & HWY417 IC117 RAMP35,370762.3845,5031181.368,-75.65718446,45.41745814,2014-08-22,15:25,01 - Clear,01 - Dry,10 - No control,01 - Non intersection,01 - Daylight,03 - P.D. only,04 - Sideswipe,Industrial Park
13201,HIGHWAY 417 btwn HWY417 IC121B RAMP51 & HWY417 IC121A RAMP51,367027.9376,5029651.289,-75.70508869,45.40403304,2014-08-18,16:30,01 - Clear,01 - Dry,10 - No control,01 - Non intersection,01 - Daylight,03 - P.D. only,03 - Rear end,The Glebe Annex
13202,OTTAWA RIVER PKWY @ ISLAND PARK DR,363298.6953,5029453.088,-75.75274603,45.40257124,2014-10-07,16:36,01 - Clear,01 - Dry,01 - Traffic signal,02 - Intersection related,01 - Daylight,03 - P.D. only,03 - Rear end,Westboro
13203,COLONEL BY DR btwn ECHO DR & CLEGG ST (1),368961.1843,5029768.088,-75.68038034,45.40490943,2014-10-11,11:00,01 - Clear,01 - Dry,10 - No control,01 - Non intersection,01 - Daylight,03 - P.D. only,03 - Rear end,Old Ottawa East