Record,Location,X,Y,lon,lat,Date,Time,Environment,Road_Surface,Traffic_Control,Collision_Location,Light,Collision_Classification,Impact_type,Neighborhood
13204,TRANSITWAY - LINCOLN FIEL @ OTTAWA RIVER PKWY ,360925.4213,5025499.638,-75.78350899,45.36719275,2014-08-11,15:32,01 - Clear,01 - Dry,01 - Traffic signal,03 - At intersection,01 - Daylight,03 - P.D. only,05 - Turning movement,Woodroffe - Lincoln Heights
13205,MOODIE DR @ ROBERTSON RD,357068.8602,5020451.944,-75.83327134,45.32207146,2014-10-10,9:59,01 - Clear,01 - Dry,01 - Traffic signal,02 - Intersection related,01 - Daylight,03 - P.D. only,04 - Sideswipe,Bells Corners West
13206,RIOCAN AVE @ STRANDHERD DR,364172.2088,5014944.098,-75.7433297,45.27194719,2014-10-10,12:56,01 - Clear,01 - Dry,01 - Traffic signal,03 - At intersection,01 - Daylight,03 - P.D. only,02 - Angle,New Barrhaven
13207,PALLADIUM DR btwn HWY417 IC142 RAMP62 & HUNTMAR DR,348973.922,5017950.043,-75.93674593,45.30011467,2014-10-17,10:50,01 - Clear,01 - Dry,10 - No control,01 - Non intersection,01 - Daylight,03 - P.D. only,04 - Sideswipe,Stittsville - Basswood
13208,LEIKIN DR btwn HOLITZNER WAY & CRESTWAY DR,366793.8869,5017357.332,-75.70961933,45.29343505,2014-11-08,21:01,01 - Clear,02 - Wet,10 - No control,01 - Non intersection,07 - Dark,03 - P.D. only,07 - SMV other,Greenbelt
13209,CHAMPLAIN BRIDGE/ISLAND PARK DR btwn BATE ISLAND & OTTAWA RIVER PKWY,363142.8758,5029581.354,-75.7547211,45.40373836,2014-11-20,20:10,01 - Clear,01 - Dry,10 - No control,07 - Overpass or bridge,07 - Dark,03 - P.D. only,04 - Sideswipe,Westboro
13210,OTTAWA RIVER PKWY EB btwn TURN LANE & TRANSIT,361441.8835,5027052.418,-75.77673833,45.38112299,2014-11-21,8:38,01 - Clear,01 - Dry,10 - No control,01 - Non intersection,01 - Daylight,03 - P.D. only,03 - Rear end,Woodroffe - Lincoln Heights
13211,QUEEN ELIZABETH DRWY @ STRATHCONA AVE,368696.7161,5030359.739,-75.68368173,45.4102571,2014-11-21,9:50,01 - Clear,01 - Dry,02 - Stop sign,02 - Intersection related,01 - Daylight,03 - P.D. only,05 - Turning movement,The Glebe
13212,DALHOUSIE ST @ ST. PATRICK ST,367957.7006,5032642.006,-75.69282957,45.43085926,2014-11-21,12:25,01 - Clear,01 - Dry,01 - Traffic signal,03 - At intersection,01 - Daylight,03 - P.D. only,05 - Turning movement,Byward Market
13213,MERIVALE RD @ WOODFIELD DR/ROYDON PL,365461.751,5022299.924,-75.72599638,45.33802429,2014-12-23,18:39,01 - Clear,02 - Wet,01 - Traffic signal,02 - Intersection related,07 - Dark,03 - P.D. only,03 - Rear end,Tanglewood
13214,WOODROFFE AVE btwn SERENA WAY & PAUL METIVIER DR,366295.665,5014935.562,-75.71627083,45.2716879,2014-12-23,17:00,01 - Clear,02 - Wet,10 - No control,04 - At/near private drive,07 - Dark,03 - P.D. only,02 - Angle,New Barrhaven
13215,REGIONAL ROAD 174 EB btwn OR174 IC109 RAMP55 & TRANSIT,376488.6759,5035017.47,-75.58346886,45.45140977,2014-08-27,12:16,01 - Clear,01 - Dry,10 - No control,07 - Overpass or bridge,01 - Daylight,03 - P.D. only,03 - Rear end,Greenbelt
13216,DONALD ST btwn 48 E  PAUL EMILE LAMARCHE & FRANCES ST,371451.6323,5032399.635,-75.64821394,45.42835426,2014-10-16,15:15,01 - Clear,05 - Packed snow,10 - No control,01 - Non intersection,01 - Daylight,03 - P.D. only,06 - SMV unattended vehicle,Overbrook
13217,SOMERSET ST    W btwn ROCHESTER ST & BOOTH ST,366492.4266,5030207.82,-75.71185911,45.40908795,2014-11-23,10:10,01 - Clear,02 - Wet,10 - No control,01 - Non intersection,01 - Daylight,03 - P.D. only,06 - SMV unattended vehicle,Chinatown
13218,HARMER AVE   S btwn ISLAND PARK DR & CARLING AVE,365262.0219,5027979.341,-75.72784966,45.38914397,2014-12-18,23:15,01 - Clear,06 - Ice,10 - No control,04 - At/near private drive,07 - Dark,03 - P.D. only,06 - SMV unattended vehicle,Civic Hospital - Experimental Farm - Central Park
13219,PORTAGE BRIDGE NB btwn PROVINCIAL BOUNDARY & WELLINGTON ST,366422.8171,5031490.153,-75.71258797,45.42063216,2014-12-05,0:00,01 - Clear,01 - Dry,10 - No control,07 - Overpass or bridge,00 - Unknown,03 - P.D. only,03 - Rear end,LeBreto
13220,PINEWOOD CRES btwn HARWOOD AVE & HENLEY ST,360328.3975,5024068.493,-75.79129073,45.35436291,2014-12-12,8:21,03 - Snow,05 - Packed snow,10 - No control,01 - Non intersection,01 - Daylight,03 - P.D. only,01 - Approaching,Whitehaven - Queensway Terrace North
13221,MEADOWLANDS DR @ MERIVALE RD,364858.6999,5023726.936,-75.73351695,45.35091624,2014-12-12,11:00,03 - Snow,04 - Slush,01 - Traffic signal,02 - Intersection related,01 - Daylight,03 - P.D. only,03 - Rear end,Cityview - Skyline - Fisher Heights
13222,HIGHWAY 7 btwn HAZELDEAN IC RAMP 53 & HIGHWAY 7,342208.7668,5008298.39,-76.02373058,45.21365701,2014-08-23,6:10,01 - Clear,01 - Dry,10 - No control,01 - Non intersection,03 - Dawn,03 - P.D. only,07 - SMV other,Munster Hamlet - Richmond
13223,BOUNDARY RD @ HWY 417 BOUNDARY IC96R51,387509.2971,5023592.53,-75.44450981,45.34740152,2014-08-22,16:15,01 - Clear,01 - Dry,02 - Stop sign,02 - Intersection related,01 - Daylight,03 - P.D. only,03 - Rear end,Greenbelt
13224,HIGHWAY 417 btwn HWY417 IC127 RAMP25 & HWY417 IC126 RAMP51,362688.109,5025266.475,-75.76103588,45.36495141,2014-08-22,17:00,01 - Clear,01 - Dry,10 - No control,01 - Non intersection,01 - Daylight,03 - P.D. only,03 - Rear end,Braemar Park - Bel Air Heights - Copeland Park
13225,HWY417 IC126 RAMP16 btwn HIGHWAY 417 & HWY417 IC126 RAMP26,363071.9843,5025753.742,-75.75607851,45.36930397,2014-08-25,18:30,01 - Clear,01 - Dry,10 - No control,01 - Non intersection,01 - Daylight,03 - P.D. only,99 - Other,Carlingwood West - Glabar Park - McKellar Heights
13226,IONA ST @ ISLAND PARK DR,364349.7044,5028385.075,-75.73945071,45.39287286,2014-09-05,16:50,01 - Clear,01 - Dry,01 - Traffic signal,03 - At intersection,01 - Daylight,03 - P.D. only,02 - Angle,Westboro
13227,ISLAND PARK DR btwn RICHMOND RD & BASSETT LANE,364178.1926,5028780.621,-75.7415934,45.39644647,2014-10-04,16:00,02 - Rain,02 - Wet,10 - No control,01 - Non intersection,01 - Daylight,03 - P.D. only,03 - Rear end,Island Park
13228,COLONEL BY DR @ HAWTHORNE AVE/PRETORIA BRIDGE,368767.7102,5030526.992,-75.68275313,45.4117555,2014-10-12,12:40,01 - Clear,01 - Dry,01 - Traffic signal,02 - Intersection related,01 - Daylight,03 - P.D. only,03 - Rear end,Old Ottawa East
13229,CHAMPLAIN BRIDGE/ISLAND PARK DR btwn BATE ISLAND & OTTAWA RIVER PKWY,363140.0255,5029590.856,-75.75475639,45.4038241,2014-10-14,6:41,01 - Clear,01 - Dry,10 - No control,07 - Overpass or bridge,03 - Dawn,03 - P.D. only,03 - Rear end,Westboro
13230,WALKLEY RD @ DON REID DR/RYDER ST,372601.7269,5027284.069,-75.6342212,45.38221612,2014-10-11,0:10,01 - Clear,01 - Dry,01 - Traffic signal,03 - At intersection,07 - Dark,03 - P.D. only,05 - Turning movement,Playfair Park - Lynda Park - Guildwood Estates
13231,RICHMOND RD btwn BASELINE RD TURN LANE & NORTHSIDE RD,358393.9772,5021309.181,-75.81627688,45.32968502,2014-10-17,14:47,02 - Rain,02 - Wet,10 - No control,01 - Non intersection,01 - Daylight,03 - P.D. only,05 - Turning movement,Bells Corners East
13232,RICHMOND RD btwn PERTH ST & CAMBRIAN RD,359027.4317,5008490.197,-75.80959618,45.21428934,2014-11-18,15:15,05 - Drifting Snow,06 - Ice,10 - No control,01 - Non intersection,01 - Daylight,03 - P.D. only,99 - Other,Munster Hamlet - Richmond
13233,MACKENZIE AVE @ RIDEAU ST,367868.7491,5032011.005,-75.69404709,45.42518975,2014-11-21,13:40,01 - Clear,01 - Dry,01 - Traffic signal,03 - At intersection,01 - Daylight,03 - P.D. only,04 - Sideswipe,Byward Market - Parliament Hill
13234,ST. LAURENT BLVD btwn COVENTRY RD & LEMIEUX ST,372340.8739,5031870.339,-75.63692359,45.42350659,2014-11-22,17:20,02 - Rain,02 - Wet,10 - No control,01 - Non intersection,07 - Dark,03 - P.D. only,03 - Rear end,Overbrook
13235,TRANSITWAY - LINCOLN FIEL @ OTTAWA RIVER PKWY ,360927.3215,5025499.638,-75.78348473,45.3671926,2014-11-22,6:39,01 - Clear,01 - Dry,01 - Traffic signal,02 - Intersection related,03 - Dawn,03 - P.D. only,03 - Rear end,Woodroffe - Lincoln Heights
13236,MERIVALE RD @ WEST HUNT CLUB RD,365611.7451,5021942.973,-75.72412659,45.3347995,2014-12-19,13:10,01 - Clear,03 - Loose snow,01 - Traffic signal,02 - Intersection related,01 - Daylight,03 - P.D. only,04 - Sideswipe,Tanglewood
13237,AIRPORT PKWY btwn RAMP & AIRPORT PKWY (2),370881.5723,5023976.88,-75.65662624,45.35262351,2014-09-08,2:02,01 - Clear,01 - Dry,10 - No control,01 - Non intersection,07 - Dark,03 - P.D. only,07 - SMV other,Hunt Club East - Western Community
13238,DALHOUSIE ST btwn GEORGE ST & RIDEAU ST,368200.0583,5032239.458,-75.68978432,45.42721534,2014-09-08,16:10,01 - Clear,01 - Dry,10 - No control,01 - Non intersection,01 - Daylight,03 - P.D. only,04 - Sideswipe,Byward Market
13239,REGIONAL ROAD 174 EB btwn HWY417 IC113 RAMP65 & OR174 BLAIR IC112 RAMP51,374808.1275,5032826.386,-75.60526349,45.43186602,2014-10-15,20:00,01 - Clear,01 - Dry,10 - No control,01 - Non intersection,07 - Dark,03 - P.D. only,03 - Rear end,Greenbelt
13240,KIRKWOOD AVE @ SEBRING AVE,364213.6499,5027635.113,-75.74127849,45.38613639,2014-10-20,15:11,02 - Rain,02 - Wet,02 - Stop sign,02 - Intersection related,01 - Daylight,03 - P.D. only,04 - Sideswipe,Westboro
13241,IPSWICH TER btwn BEACON WAY & FLAMBOROUGH WAY,349281.9593,5023058.096,-75.93235956,45.34605889,2014-12-13,13:01,01 - Clear,04 - Slush,10 - No control,01 - Non intersection,01 - Daylight,03 - P.D. only,06 - SMV unattended vehicle,Morgan's Grant
13242,GALETTA SIDE RD btwn JOHN SHAW RD & HOMESTEADERS RD,327074.3626,5034388.134,-76.21523688,45.4490689,2014-12-16,23:16,03 - Snow,04 - Slush,10 - No control,01 - Non intersection,07 - Dark,03 - P.D. only,07 - SMV other,Fitzro
13243,HIGHWAY 417 btwn HWY417 IC112 RAMP66 & HWY417 IC113 RAMP65,374190.3964,5031341.134,-75.61336666,45.41856407,2014-08-18,11:55,01 - Clear,01 - Dry,10 - No control,01 - Non intersection,01 - Daylight,03 - P.D. only,04 - Sideswipe,Industrial Park
13244,HIGHWAY 417 btwn HWY417 IC129 RAMP25 & HWY417 IC129 RAMP35,360459.853,5023530.461,-75.78967366,45.34951129,2014-08-25,8:09,01 - Clear,01 - Dry,10 - No control,01 - Non intersection,01 - Daylight,03 - P.D. only,03 - Rear end,Whitehaven - Queensway Terrace North
13245,HIGHWAY 417 btwn HWY417 IC122 RAMP61 & HWY417 IC121B RAMP16,365998.0698,5029314.18,-75.718285,45.40109061,2014-08-21,15:30,01 - Clear,01 - Dry,10 - No control,01 - Non intersection,01 - Daylight,03 - P.D. only,04 - Sideswipe,Civi
13246,ISLAND PARK DR @ RICHMOND RD,364130.6867,5028868.032,-75.7421896,45.397237,2014-10-18,13:40,01 - Clear,02 - Wet,01 - Traffic signal,03 - At intersection,01 - Daylight,03 - P.D. only,07 - SMV other,Island Park
13247,HWY417 IC113 RAMP62 btwn AVIATION PKWY & HIGHWAY 417,373531.6977,5031923.998,-75.62170085,45.4238734,2014-10-20,7:30,01 - Clear,01 - Dry,10 - No control,01 - Non intersection,01 - Daylight,03 - P.D. only,07 - SMV other,Industrial Park
13248,OTTAWA RIVER PKWY @ REMIC RAPIDS ENT/TUNNEY'S ,364265.1716,5030242.872,-75.74030623,45.40959613,2014-10-28,12:05,01 - Clear,02 - Wet,01 - Traffic signal,02 - Intersection related,01 - Daylight,03 - P.D. only,03 - Rear end,Island Park
13249,BARNSDALE RD @ RIDEAU VALLEY DR,367140.6484,5011810.925,-75.705895,45.24349816,2014-10-11,11:13,01 - Clear,01 - Dry,02 - Stop sign,03 - At intersection,01 - Daylight,03 - P.D. only,02 - Angle,New Barrhaven
13250,TERRY FOX DR btwn PALLADIUM DR & MAPLE GROVE RD,351545.0575,5017874.441,-75.90397069,45.29926801,2014-10-11,13:26,01 - Clear,01 - Dry,10 - No control,01 - Non intersection,01 - Daylight,03 - P.D. only,06 - SMV unattended vehicle,Katimavik - Hazeldean
13251,MITCH OWENS RD btwn RIVER RD & SPRATT RD,369586.1442,5010821.375,-75.67487596,45.23437345,2014-10-04,14:00,01 - Clear,01 - Dry,10 - No control,01 - Non intersection,01 - Daylight,03 - P.D. only,03 - Rear end,Manotick
13252,RIDEAU ST @ 88 W OF WILLIAM ST/FREIMAN MALL,368024.6744,5032112.479,-75.6920417,45.42608871,2014-11-20,10:29,01 - Clear,06 - Ice,01 - Traffic signal,02 - Intersection related,01 - Daylight,03 - P.D. only,03 - Rear end,Byward Market - Parliament Hill
13253,ST. PATRICK ST btwn SUSSEX DR & PARENT AVE,367745.0876,5032509.086,-75.69556354,45.42968246,2014-11-22,14:48,02 - Rain,02 - Wet,10 - No control,04 - At/near private drive,01 - Daylight,03 - P.D. only,05 - Turning movement,Byward Market
13254,MONTREAL RD @ ST. LAURENT BLVD,371544.7528,5033818.07,-75.64683172,45.4411078,2014-11-29,13:30,01 - Clear,01 - Dry,01 - Traffic signal,02 - Intersection related,01 - Daylight,03 - P.D. only,03 - Rear end,Cummings
13255,RIVERSIDE DR @ BROOKFIELD RD/HOG'S BACK RD,368168.6611,5026220.146,-75.69095889,45.37305826,2014-12-01,17:35,01 - Clear,01 - Dry,01 - Traffic signal,02 - Intersection related,07 - Dark,03 - P.D. only,03 - Rear end,Riverside Park
13256,FISHER AVE @ TUNIS AVE,365495.749,5027596.059,-75.72491218,45.38567507,2014-12-02,21:00,03 - Snow,03 - Loose snow,02 - Stop sign,02 - Intersection related,07 - Dark,03 - P.D. only,03 - Rear end,Carlington
13257,BANK ST @ CAHILL DR/DAZE ST,371305.8649,5024317.203,-75.65116598,45.35564552,2014-05-18,18:00,01 - Clear,01 - Dry,01 - Traffic signal,03 - At intersection,01 - Daylight,03 - P.D. only,02 - Angle,South Keys - Heron Gate - Greenboro West
13258,PARKDALE AVE @ BURNSIDE AVE,364786.7687,5030098.048,-75.73366082,45.40824852,2014-10-20,19:30,02 - Rain,02 - Wet,01 - Traffic signal,03 - At intersection,07 - Dark,03 - P.D. only,05 - Turning movement,Tunney's Pasture
13259,RIVERSIDE DR @ WALKLEY RD,368419.674,5024854.004,-75.68793039,45.36074333,2014-10-22,1:06,01 - Clear,01 - Dry,01 - Traffic signal,02 - Intersection related,07 - Dark,03 - P.D. only,03 - Rear end,Riverside Park
13260,RIVERGREEN CRES btwn BRIDLE PARK DR & BRIDLE PARK DR,355693.0422,5016247.955,-75.85125139,45.28434435,2014-12-04,18:32,01 - Clear,01 - Dry,10 - No control,01 - Non intersection,07 - Dark,03 - P.D. only,06 - SMV unattended vehicle,Bridlewood - Emerald Meadows
13261,HUMMINGBIRD CRES btwn KENNEVALE DR & KENNEVALE DR,362335.5364,5014695.923,-75.76676401,45.26986677,2014-02-28,7:40,01 - Clear,05 - Packed snow,10 - No control,01 - Non intersection,01 - Daylight,03 - P.D. only,01 - Approaching,Barrhaven West - Old Barrhaven
13262,HAWTHORNE RD @ HUNT CLUB RD,375507.7499,5026406.054,-75.59724366,45.37402889,2014-12-30,8:51,01 - Clear,01 - Dry,01 - Traffic signal,02 - Intersection related,01 - Daylight,03 - P.D. only,02 - Angle,Industrial Park
13263,ST. JOSEPH BLVD @ DUFORD DR/PLACE D'ORLEANS DR,381995.7062,5037995.678,-75.51260457,45.47761857,2014-12-30,12:24,01 - Clear,01 - Dry,01 - Traffic signal,02 - Intersection related,01 - Daylight,03 - P.D. only,03 - Rear end,Queenswood Heights
13264,BLACKBURN BYPASS @ INNES RD E,379791.7479,5033781.09,-75.54143374,45.43993911,2014-12-18,10:42,01 - Clear,02 - Wet,01 - Traffic signal,02 - Intersection related,01 - Daylight,03 - P.D. only,03 - Rear end,Greenbelt
13265,JOCKVALE RD @ LONGFIELDS DR,364829.2929,5014001.028,-75.73507021,45.26340567,2014-12-19,14:37,01 - Clear,01 - Dry,,02 - Intersection related,01 - Daylight,03 - P.D. only,03 - Rear end,New Barrhaven
13266,HIGHWAY 417 btwn HWY417 IC118 RAMP57 & HWY417 IC118 RAMP35,369452.9818,5031031.602,-75.67393286,45.41623282,2014-08-25,15:40,01 - Clear,01 - Dry,10 - No control,01 - Non intersection,01 - Daylight,03 - P.D. only,03 - Rear end,Old Ottawa East
13267,HIGHWAY 417 btwn HWY417 IC163 RAMP51 & HWY417 IC163 RAMP15,331184.7244,5021486.838,-76.16337929,45.33283412,2014-07-19,2:15,01 - Clear,01 - Dry,10 - No control,01 - Non intersection,07 - Dark,03 - P.D. only,07 - SMV other,Car
13268,HIGHWAY 417 btwn HWY417 IC115 RAMP25 & REGIONAL ROAD 174,372837.9558,5031548.077,-75.63061683,45.42055887,2014-08-17,7:45,01 - Clear,01 - Dry,10 - No control,01 - Non intersection,01 - Daylight,03 - P.D. only,03 - Rear end,Industrial Park
13269,HIGHWAY 417 btwn HWY417 IC163 RAMP15 & HWY417 IC155 RAMP51,331583.9871,5021384.188,-76.15829108,45.3318953,2014-08-04,13:45,01 - Clear,01 - Dry,10 - No control,01 - Non intersection,01 - Daylight,03 - P.D. only,07 - SMV other,Carp - Hardwood Plains
13270,OTTAWA RIVER PKWY @ ISLAND PARK DR,363298.6953,5029454.989,-75.75274581,45.40258835,2014-08-28,15:10,01 - Clear,01 - Dry,01 - Traffic signal,02 - Intersection related,01 - Daylight,03 - P.D. only,03 - Rear end,Westboro
13271,HERON RD @ BRIAR HILL DR/SANDALWOOD DR,371452.7278,5027011.113,-75.64892829,45.37987043,2014-10-08,23:45,02 - Rain,02 - Wet,01 - Traffic signal,02 - Intersection related,07 - Dark,03 - P.D. only,03 - Rear end,Ledbury - Heron Gate - Ridgemont - Elmwood
13272,IONA ST @ ISLAND PARK DR,364348.7543,5028385.075,-75.73946284,45.39287294,2014-10-22,17:00,01 - Clear,01 - Dry,01 - Traffic signal,02 - Intersection related,01 - Daylight,03 - P.D. only,02 - Angle,Westboro
13273,ISLAND PARK DR @ MERIVALE RD,364651.8042,5028023.07,-75.73563664,45.38958985,2014-11-06,13:35,02 - Rain,02 - Wet,01 - Traffic signal,02 - Intersection related,01 - Daylight,03 - P.D. only,99 - Other,Westboro
13274,GALETTA SIDE RD btwn UPPER DWYER HILL RD & HIGHWAY 17,321217.6239,5029173.451,-76.29028467,45.40230674,2014-10-12,19:15,01 - Clear,01 - Dry,10 - No control,01 - Non intersection,07 - Dark,03 - P.D. only,07 - SMV other,Mississipp
13275,BOOTH ST @ 148 N OF MIDDLE ST/E.B.EDDY S,366036.484,5031416.905,-75.71753315,45.42000701,2014-10-16,7:00,02 - Rain,02 - Wet,01 - Traffic signal,02 - Intersection related,03 - Dawn,03 - P.D. only,03 - Rear end,LeBreto
13276,CARLING AVE btwn BURKE RD & DEFENSE  RESEARCH COMPLEX,353105.1214,5022827.927,-75.88359686,45.34373492,2014-10-17,17:28,02 - Rain,02 - Wet,10 - No control,01 - Non intersection,05 - Dusk,03 - P.D. only,03 - Rear end,Greenbelt
13277,MITCH OWENS RD btwn TEENA COLLEEN PRIV & ALBION RD,375877.3004,5014785.922,-75.59419375,45.26943834,2014-11-22,18:00,02 - Rain,02 - Wet,10 - No control,04 - At/near private drive,07 - Dark,03 - P.D. only,05 - Turning movement,Osgoode
13278,CLEGG ST @ COLONEL BY DR,368968.7852,5029740.535,-75.68028684,45.40466082,2014-12-05,11:55,01 - Clear,02 - Wet,02 - Stop sign,02 - Intersection related,01 - Daylight,03 - P.D. only,03 - Rear end,Old Ottawa East
13279,QUEEN ELIZABETH DRWY btwn QUEEN ELIZABETH PL & FIFTH AVE,369005.8399,5029338.634,-75.67986586,45.40104125,2014-12-05,17:55,01 - Clear,01 - Dry,10 - No control,04 - At/near private drive,07 - Dark,03 - P.D. only,05 - Turning movement,The Glebe
13280,PORTAGE BRIDGE NB btwn PROVINCIAL BOUNDARY & WELLINGTON ST,366422.8171,5031490.153,-75.71258797,45.42063216,2014-07-01,21:58,02 - Rain,02 - Wet,10 - No control,01 - Non intersection,07 - Dark,03 - P.D. only,04 - Sideswipe,LeBreto
13281,LAURIER AVE @ NICHOLAS ST,368373.637,5031797.795,-75.68762332,45.42322566,2014-09-21,1:13,02 - Rain,02 - Wet,01 - Traffic signal,02 - Intersection related,07 - Dark,03 - P.D. only,03 - Rear end,Sandy Hill
13282,BRONSON AVE @ GLADSTONE AVE,367135.1235,5030081.564,-75.70366521,45.40789499,2014-09-13,17:16,02 - Rain,02 - Wet,01 - Traffic signal,02 - Intersection related,01 - Daylight,03 - P.D. only,04 - Sideswipe,Centretown West
13283,TERRY FOX DR @ PALLADIUM DR/KATIMAVIK RD,351270.1919,5018181.775,-75.90744641,45.30205172,2014-09-13,17:35,02 - Rain,02 - Wet,01 - Traffic signal,03 - At intersection,01 - Daylight,03 - P.D. only,05 - Turning movement,Katimavik - Hazeldean
13284,RIVERSIDE DR @ SMYTH RD SOUTH SIDE RAMP,369787.0231,5028996.08,-75.66993359,45.39788699,2014-10-31,17:39,01 - Clear,01 - Dry,01 - Traffic signal,02 - Intersection related,05 - Dusk,03 - P.D. only,03 - Rear end,Alta Vista
13285,ALTA VISTA DR @ SMYTH RD,370434.1377,5029081.558,-75.66165763,45.39859573,2014-11-04,11:50,01 - Clear,01 - Dry,01 - Traffic signal,03 - At intersection,01 - Daylight,03 - P.D. only,01 - Approaching,Alta Vista
13286,HIGHWAY 417 btwn HWY417 IC117 RAMP51 & HWY417 IC117 RAMP35,370602.1949,5031157.672,-75.65923418,45.41726002,2014-06-09,16:50,01 - Clear,01 - Dry,10 - No control,01 - Non intersection,01 - Daylight,03 - P.D. only,04 - Sideswipe,Industrial Park
13287,HIGHWAY 416 btwn HWY416 IC66 RAMP34 & HWY416 IC66 RAMP63,359965.8948,5014902.171,-75.7969376,45.27191249,2014-06-09,17:00,01 - Clear,01 - Dry,10 - No control,01 - Non intersection,01 - Daylight,03 - P.D. only,03 - Rear end,Greenbelt
13288,HIGHWAY 417 btwn HWY 417 ANDERSON IC104R61 & HWY 417 BOUNDARY IC96R16,382295.473,5025515.982,-75.51073392,45.36530288,2014-06-09,19:20,01 - Clear,01 - Dry,10 - No control,01 - Non intersection,01 - Daylight,03 - P.D. only,07 - SMV other,Greenbelt
13289,HIGHWAY 417 btwn HWY417 IC126 RAMP61 & HWY417 IC124 RAMP76,364091.1463,5027102.08,-75.74290676,45.38135063,2014-06-26,15:50,01 - Clear,01 - Dry,10 - No control,01 - Non intersection,01 - Daylight,03 - P.D. only,03 - Rear end,Westboro
13290,HIGHWAY 417 btwn HWY417 IC115 RAMP36 & HWY417 IC115 RAMP26,372474.9226,5031523.433,-75.63525849,45.42037234,2014-06-26,13:50,01 - Clear,01 - Dry,10 - No control,01 - Non intersection,01 - Daylight,03 - P.D. only,03 - Rear end,Overbrook
13291,HIGHWAY 417 btwn HWY417 IC126 RAMP16 & HWY417 IC126 RAMP61,363160.136,5025860.851,-75.75494057,45.37026039,2014-06-26,15:15,01 - Clear,01 - Dry,10 - No control,01 - Non intersection,01 - Daylight,03 - P.D. only,04 - Sideswipe,Carlingwood West - Glabar Park - McKellar Heights
13292,HWY 417 MAITLAND IC126R63 @ MAITLAND AVE,363166.833,5025928.42,-75.7548471,45.37086781,2014-06-26,16:45,01 - Clear,01 - Dry,03 - Yield sign,02 - Intersection related,01 - Daylight,03 - P.D. only,03 - Rear end,Carlingwood West - Glabar Park - McKellar Heights
13293,LOGGERS WAY btwn KINGDON MINE RD & GALETTA SIDE RD,324586.8385,5033076.358,-76.24709066,45.43733982,2014-11-18,18:00,01 - Clear,02 - Wet,10 - No control,01 - Non intersection,07 - Dark,03 - P.D. only,07 - SMV other,Galetta
13294,CAMPEAU DR/HWY 417 MARCH IC138R63 @ MARCH RD,352842.575,5020475.042,-75.88717531,45.32258126,2014-11-19,11:07,01 - Clear,01 - Dry,01 - Traffic signal,02 - Intersection related,01 - Daylight,03 - P.D. only,03 - Rear end,Greenbelt
13295,FALLOWFIELD RD @ WOODROFFE AVE,365084.1999,5017902.715,-75.7313484,45.29849113,2014-12-03,6:15,03 - Snow,02 - Wet,01 - Traffic signal,02 - Intersection related,07 - Dark,03 - P.D. only,03 - Rear end,New Barrhaven
13296,ANDERSON RD btwn RIDGE RD & RUSSELL RD,379218.5143,5028045.525,-75.549626,45.38839559,2014-12-03,17:00,01 - Clear,02 - Wet,10 - No control,01 - Non intersection,07 - Dark,03 - P.D. only,07 - SMV other,Greenbelt
13297,BANK ST btwn ARENA PL & WHITE ALDER AVE,375509.0058,5021259.564,-75.59796354,45.32772295,2014-10-03,11:33,01 - Clear,01 - Dry,10 - No control,01 - Non intersection,01 - Daylight,03 - P.D. only,99 - Other,Greenbelt
13298,LOLA ST @ DONALD ST,371093.7759,5032361.009,-75.65279192,45.42804073,2014-10-05,10:55,01 - Clear,01 - Dry,01 - Traffic signal,02 - Intersection related,01 - Daylight,03 - P.D. only,03 - Rear end,Vanier South
13299,MERIVALE RD btwn VIEWMOUNT DR & COLONNADE RD,365249.7541,5022811.203,-75.7286386,45.34264301,2014-09-25,12:34,01 - Clear,01 - Dry,10 - No control,01 - Non intersection,01 - Daylight,03 - P.D. only,04 - Sideswipe,Tanglewood
13300,SMYTH RD E/LANCASTER RD @ ST. LAURENT BLVD N/R,373364.4549,5029424.243,-75.62418547,45.40139822,2014-12-06,11:00,01 - Clear,01 - Dry,01 - Traffic signal,03 - At intersection,01 - Daylight,03 - P.D. only,02 - Angle,Sheffield Glen
13301,CAROLINE AVE btwn SPENCER ST & WELLINGTON ST W,364703.6967,5029203.171,-75.73483069,45.40020373,2014-11-27,12:00,01 - Clear,01 - Dry,10 - No control,01 - Non intersection,01 - Daylight,03 - P.D. only,06 - SMV unattended vehicle,Island Park
13302,TERRY FOX DR @ PALLADIUM DR/KATIMAVIK RD,351270.6681,5018180.35,-75.90744047,45.30203887,2014-12-19,23:15,01 - Clear,03 - Loose snow,01 - Traffic signal,02 - Intersection related,07 - Dark,03 - P.D. only,03 - Rear end,Katimavik - Hazeldean
13303,LEITRIM RD btwn 810 W OF HAWTHORNE & BANK ST,376678.6667,5022360.334,-75.5828842,45.33750837,2014-11-20,0:17,01 - Clear,01 - Dry,10 - No control,01 - Non intersection,07 - Dark,03 - P.D. only,03 - Rear end,Greenbelt
13304,HIGHWAY 417 btwn HWY417 IC142 RAMP16 & HWY417 IC142 RAMP61,349194.6778,5017504.563,-75.93397114,45.29609219,2014-04-12,19:30,01 - Clear,01 - Dry,10 - No control,01 - Non intersection,01 - Daylight,03 - P.D. only,03 - Rear end,Stittsville - Basswood
13305,HIGHWAY 417 btwn HWY417 IC127 RAMP63 & HWY417 IC127 RAMP67,362125.9184,5024855.628,-75.76825953,45.36130084,2014-05-06,18:00,01 - Clear,01 - Dry,10 - No control,01 - Non intersection,01 - Daylight,03 - P.D. only,03 - Rear end,Carlingwood West - Glabar Park - McKellar Heights