Record,Location,X,Y,lon,lat,Date,Time,Environment,Road_Surface,Traffic_Control,Collision_Location,Light,Collision_Classification,Impact_type,Neighborhood
13306,HWY 417 WOODROFF IC127R53 @ WOODROFFE AVE,362206.7185,5024626.251,-75.76725488,45.35923031,2014-05-05,19:10,01 - Clear,01 - Dry,03 - Yield sign,02 - Intersection related,01 - Daylight,03 - P.D. only,03 - Rear end,Iris
13307,HIGHWAY 417 btwn HWY417 IC117 RAMP61 & HWY417 IC115 RAMP36,371556.4225,5031423.555,-75.64700718,45.41956193,2014-05-08,9:30,01 - Clear,01 - Dry,10 - No control,01 - Non intersection,01 - Daylight,03 - P.D. only,04 - Sideswipe,Overbrook
13308,YORK ST EB btwn BY WARD MARKET SQ & SUSSEX DR,367876.0779,5032282.422,-75.69391869,45.42763121,2014-08-06,21:55,01 - Clear,01 - Dry,10 - No control,01 - Non intersection,07 - Dark,03 - P.D. only,02 - Angle,Byward Market
13309,DALHOUSIE ST btwn MURRAY ST & CLARENCE ST,368023.4453,5032536.099,-75.69200302,45.4299004,2014-09-13,23:50,01 - Clear,01 - Dry,10 - No control,01 - Non intersection,07 - Dark,03 - P.D. only,03 - Rear end,Byward Market
13310,GRANT CARMAN DR btwn MEADOWLANDS DR E & FAMILY BROWN LANE,365063.5424,5023888.237,-75.73088328,45.35235003,2014-11-04,11:50,01 - Clear,01 - Dry,10 - No control,01 - Non intersection,01 - Daylight,03 - P.D. only,05 - Turning movement,Borden Farm - Stewart Farm - Parkwood Hills - Fisher Glen
13311,CYRVILLE RD @ INNES RD,375048.1986,5031116.721,-75.60243946,45.41645932,2014-11-04,17:06,01 - Clear,01 - Dry,01 - Traffic signal,02 - Intersection related,07 - Dark,03 - P.D. only,03 - Rear end,Industrial Park
13312,HIGHWAY 417 btwn HWY417 IC112 RAMP55 & HIGHWAY 417,375002.1671,5030651.024,-75.60309387,45.41227385,2014-06-09,21:43,01 - Clear,01 - Dry,10 - No control,01 - Non intersection,07 - Dark,03 - P.D. only,07 - SMV other,Industrial Park
13313,HIGHWAY 417 btwn HWY417 IC104 RAMP16 & HWY417 IC104 RAMP61,380084.3277,5025943.256,-75.53889107,45.36938819,2014-06-01,19:55,01 - Clear,01 - Dry,10 - No control,01 - Non intersection,01 - Daylight,03 - P.D. only,07 - SMV other,Greenbelt
13314,HIGHWAY 417 btwn HWY417 IC117 RAMP51 & HWY417 IC117 RAMP35,370787.0174,5031188.173,-75.65686884,45.41751705,2014-06-05,12:31,02 - Rain,02 - Wet,10 - No control,01 - Non intersection,01 - Daylight,03 - P.D. only,04 - Sideswipe,Industrial Park
13315,HIGHWAY 416 btwn HWY416 IC72 RAMP63 & HWY416 IC72 RAMP53,359637.6455,5019292.503,-75.80063529,45.31144278,2014-06-25,22:45,01 - Clear,01 - Dry,10 - No control,01 - Non intersection,07 - Dark,03 - P.D. only,07 - SMV other,Greenbelt
13316,HIGHWAY 417 btwn HWY417 IC126 RAMP61 & HWY417 IC124 RAMP76,364092.0942,5027101.132,-75.74289478,45.38134202,2014-06-26,17:31,01 - Clear,01 - Dry,10 - No control,01 - Non intersection,01 - Daylight,03 - P.D. only,03 - Rear end,Westboro
13317,HIGHWAY 417 btwn HWY417 IC144 RAMP35 & HWY417 IC144 RAMP25,347431.2688,5015835.82,-75.95659684,45.28118544,2014-06-27,10:40,01 - Clear,01 - Dry,10 - No control,01 - Non intersection,01 - Daylight,03 - P.D. only,04 - Sideswipe,Stittsville - Basswood
13318,AMIENS ST btwn PRESTWICK DR & TAMMY ST,383137.0509,5037480.339,-75.49809026,45.4728549,2014-11-16,9:36,02 - Rain,02 - Wet,10 - No control,01 - Non intersection,01 - Daylight,03 - P.D. only,06 - SMV unattended vehicle,Queenswood Heights
13319,WEST HUNT CLUB RD EB btwn WOODROFFE AVE & 354 E OF WOODROFFE AVE/REC P,363833.1613,5021364.779,-75.74688581,45.32974885,2014-11-19,12:36,01 - Clear,01 - Dry,10 - No control,01 - Non intersection,01 - Daylight,03 - P.D. only,03 - Rear end,Tanglewood
13320,ROSS AVE @ SPENCER ST,364429.6966,5029195.083,-75.73833125,45.40015434,2014-12-04,15:56,01 - Clear,05 - Packed snow,02 - Stop sign,03 - At intersection,01 - Daylight,03 - P.D. only,02 - Angle,Island Park
13321,WOODROFFE AVE btwn GEORGINA DR & HWY417 IC127 RAMP36,362006.6774,5025124.316,-75.76975036,45.36372822,2014-12-05,16:33,01 - Clear,01 - Dry,10 - No control,04 - At/near private drive,05 - Dusk,03 - P.D. only,05 - Turning movement,Whitehaven - Queensway Terrace North
13322,SOMERSET ST    W btwn BELL ST N & ARTHUR ST,366807.3406,5030378.363,-75.70781492,45.41059462,2014-10-06,20:02,01 - Clear,01 - Dry,10 - No control,01 - Non intersection,07 - Dark,03 - P.D. only,04 - Sideswipe,Chinatown
13323,APPLEFORD ST btwn ELMRIDGE DR & GREENACRE CRES,374991.8357,5033829.311,-75.6027729,45.44087135,2014-10-04,17:14,02 - Rain,02 - Wet,10 - No control,04 - At/near private drive,01 - Daylight,03 - P.D. only,06 - SMV unattended vehicle,Beacon Hill South - Cardinal Heights
13324,ST. JOSEPH BLVD btwn PRESTONE DR & TENTH LINE RD,382848.9986,5038649.826,-75.50158798,45.48340914,2014-12-06,21:03,02 - Rain,02 - Wet,10 - No control,01 - Non intersection,07 - Dark,03 - P.D. only,07 - SMV other,Industrial Park
13325,REGIONAL RD 174 @ TRIM RD,384351.8533,5039991.766,-75.48214885,45.49531298,2014-12-07,3:06,01 - Clear,01 - Dry,01 - Traffic signal,02 - Intersection related,07 - Dark,03 - P.D. only,07 - SMV other,Cumberland - Estates
13326,HWY 417 INNES IC112R57 @ INNES RD,374298.9337,5030754.299,-75.61206276,45.41327325,2014-12-11,10:10,01 - Clear,04 - Slush,01 - Traffic signal,03 - At intersection,01 - Daylight,03 - P.D. only,02 - Angle,Industrial Park
13327,BRONSON AVE btwn PLYMOUTH ST & RENFREW AVE,367351.0109,5029567.24,-75.70097275,45.40324799,2014-12-11,10:25,01 - Clear,02 - Wet,10 - No control,01 - Non intersection,01 - Daylight,03 - P.D. only,04 - Sideswipe,The Glebe
13328,SLATER ST btwn ALBERT ST & COMMISSIONER ST,366586.1335,5030726.213,-75.71059711,45.41374404,2014-12-10,22:40,03 - Snow,04 - Slush,10 - No control,01 - Non intersection,07 - Dark,03 - P.D. only,04 - Sideswipe,Centretown West
13329,REGIONAL ROAD 174 EB btwn HWY417 IC113 RAMP65 & OR174 BLAIR IC112 RAMP51,374702.6644,5032746.576,-75.60662252,45.43115848,2014-12-10,23:36,03 - Snow,03 - Loose snow,10 - No control,01 - Non intersection,07 - Dark,03 - P.D. only,04 - Sideswipe,Pineview
13330,SLATER ST btwn BAY ST & LYON ST N,367019.3681,5031101.467,-75.7050151,45.41708208,2014-09-01,18:30,01 - Clear,01 - Dry,10 - No control,01 - Non intersection,01 - Daylight,03 - P.D. only,06 - SMV unattended vehicle,Downtown
13331,MERIVALE RD btwn CLYDE AVE & GILBEY DR,364544.5012,5024519.402,-75.73743071,45.35807358,2014-12-20,12:27,01 - Clear,01 - Dry,10 - No control,01 - Non intersection,01 - Daylight,03 - P.D. only,03 - Rear end,Cityview - Skyline - Fisher Heights
13332,HIGHWAY 416 btwn HWY416 IC66 RAMP24 & HWY416 IC57 RAMP62,363149.5103,5011383.201,-75.75678049,45.23999162,2014-04-12,20:30,01 - Clear,01 - Dry,10 - No control,01 - Non intersection,05 - Dusk,03 - P.D. only,03 - Rear end,Munster Hamlet - Richmond
13333,HIGHWAY 417 btwn HWY417 IC180 RAMP61 & HWY417 IC169 RAMP36,320702.1851,5030089.092,-76.2968392,45.41055805,2014-04-12,7:35,01 - Clear,01 - Dry,10 - No control,01 - Non intersection,01 - Daylight,03 - P.D. only,07 - SMV other,McNab/Braeside
13334,HWY417 IC117 RAMP52 btwn HWY417 IC117 RAMP51 & RIVERSIDE DR,370752.4319,5031019.283,-75.65733331,45.41600071,2014-04-12,14:30,01 - Clear,01 - Dry,10 - No control,01 - Non intersection,01 - Daylight,03 - P.D. only,04 - Sideswipe,Industrial Park
13335,HIGHWAY 416 btwn HWY416 IC66 RAMP52 & HWY416 IC66 RAMP24,360159.2597,5014639.612,-75.79450272,45.26953476,2014-04-12,21:00,01 - Clear,01 - Dry,10 - No control,01 - Non intersection,07 - Dark,03 - P.D. only,07 - SMV other,Munster Hamlet - Richmond
13336,ST. JOSEPH BLVD @ JEANNE D'ARC BLVD,379861.2164,5036471.581,-75.54013532,45.46413867,2014-08-07,21:49,01 - Clear,01 - Dry,11 - Roundabout,03 - At intersection,07 - Dark,03 - P.D. only,04 - Sideswipe,Chapel Hill
13337,8TH LINE RD btwn VAN RENS ST & GLENWOOD DR,385815.4638,5010225.058,-75.46830477,45.22732797,2014-08-21,6:30,01 - Clear,01 - Dry,10 - No control,01 - Non intersection,01 - Daylight,03 - P.D. only,07 - SMV other,Metcalfe
13338,HERON RD EB btwn RIVERSIDE DR & BRONSON AVE RAMP 35,368583.0198,5026687.211,-75.6856089,45.37722319,2014-08-21,17:30,01 - Clear,01 - Dry,10 - No control,07 - Overpass or bridge,01 - Daylight,03 - P.D. only,07 - SMV other,Riverside Park
13339,REGIONAL ROAD 174 btwn OR174 IC105 RAMP51 & OR174 IC105 RAMP35,379426.5418,5037015.985,-75.5456104,45.46908337,2014-09-14,4:10,01 - Clear,02 - Wet,10 - No control,01 - Non intersection,07 - Dark,03 - P.D. only,04 - Sideswipe,Orleans South West
13340,HUNT CLUB RD @ PIKE ST/MAPLE PARK PRIV,373297.2124,5025089.46,-75.62564573,45.36240228,2014-09-13,20:00,01 - Clear,01 - Dry,01 - Traffic signal,03 - At intersection,07 - Dark,03 - P.D. only,03 - Rear end,Greenboro East
13341,RIDGE RD btwn RAMSAYVILLE RD & ANDERSON RD,378015.9046,5028779.059,-75.56487321,45.39512224,2014-11-04,17:23,02 - Rain,02 - Wet,10 - No control,01 - Non intersection,07 - Dark,03 - P.D. only,07 - SMV other,Greenbelt
13342,RIVERSIDE DR @ BROOKFIELD RD/HOG'S BACK RD,368169.1328,5026224.417,-75.69095232,45.37309665,2014-11-04,17:30,02 - Rain,02 - Wet,01 - Traffic signal,02 - Intersection related,07 - Dark,03 - P.D. only,04 - Sideswipe,Riverside Park
13343,HIGHWAY 417 btwn HWY417 IC117 RAMP26 & HWY417 IC117 RAMP61,370828.7235,5031216.609,-75.6563322,45.41776897,2014-05-28,12:20,01 - Clear,01 - Dry,10 - No control,01 - Non intersection,01 - Daylight,03 - P.D. only,03 - Rear end,Industrial Park
13344,HIGHWAY 417 btwn HWY417 IC115 RAMP51 & HWY417 IC115 RAMP35,372430.6193,5031498.125,-75.635828,45.42014892,2014-05-29,13:40,01 - Clear,01 - Dry,10 - No control,01 - Non intersection,01 - Daylight,03 - P.D. only,07 - SMV other,Industrial Park
13345,HIGHWAY 417 btwn HWY417 IC122 RAMP51 & HWY417 IC122 RAMP15,365410.4448,5028929.58,-75.72583761,45.39768119,2014-06-11,15:45,02 - Rain,02 - Wet,10 - No control,01 - Non intersection,01 - Daylight,03 - P.D. only,03 - Rear end,Civi
13346,HIGHWAY 417 btwn HWY417 IC122 RAMP51 & HWY417 IC122 RAMP15,365419.9234,5028932.424,-75.72571621,45.39770596,2014-06-07,22:54,01 - Clear,01 - Dry,10 - No control,01 - Non intersection,07 - Dark,03 - P.D. only,03 - Rear end,Civic Hospital - Experimental Farm - Central Park
13347,FOUNTAINHEAD DR @ WINTERHAVEN DR,381931.8079,5032109.293,-75.51434477,45.42466478,2014-11-16,10:24,01 - Clear,06 - Ice,02 - Stop sign,03 - At intersection,01 - Daylight,03 - P.D. only,02 - Angle,Chapel Hill South
13348,WEST HUNT CLUB RD WB btwn 210 W OF MERIVALE RD & MERIVALE RD,365561.3888,5021909.719,-75.72477309,45.33450465,2014-11-17,10:43,03 - Snow,02 - Wet,10 - No control,01 - Non intersection,01 - Daylight,03 - P.D. only,03 - Rear end,Tanglewood
13349,KENT ST @ WELLINGTON ST,367097.6978,5031527.049,-75.70396056,45.42090437,2014-09-03,16:30,01 - Clear,01 - Dry,01 - Traffic signal,03 - At intersection,01 - Daylight,03 - P.D. only,05 - Turning movement,Downtown
13350,CARLING AVE btwn DAVIDSON'S SIDE RD & GRANDVIEW RD,355538.6304,5024122.626,-75.85241289,45.35521295,2014-12-09,9:20,01 - Clear,01 - Dry,10 - No control,01 - Non intersection,01 - Daylight,03 - P.D. only,07 - SMV other,Crystal Bay - Lakeview Park - Britannia Village
13351,TERRY FOX DR btwn HWY417 IC140 RAMP36 & HWY417 IC140 RAMP61,350800.2875,5018723.494,-75.91338769,45.30695718,2014-11-15,18:13,01 - Clear,01 - Dry,10 - No control,01 - Non intersection,07 - Dark,03 - P.D. only,03 - Rear end,Kanata Lakes - Marchwood Lakeside - Morgan's Grant - Kanata
13352,WEST HUNT CLUB RD @ ANTARES DR/LASER ST,367107.7113,5022081.027,-75.70502458,45.33591045,2014-12-11,11:30,03 - Snow,02 - Wet,01 - Traffic signal,03 - At intersection,01 - Daylight,03 - P.D. only,02 - Angle,Industrial Park
13353,HILLCREST AVE btwn BYRON AVE & KENWOOD AVE,362667.2089,5027686.129,-75.76101912,45.38672489,2014-12-10,18:00,03 - Snow,03 - Loose snow,10 - No control,01 - Non intersection,07 - Dark,03 - P.D. only,06 - SMV unattended vehicle,Carlingwood - McKellar Park - Laurentien View
13354,KING EDWARD AVE @ TEMPLETON ST,369059.709,5031507.107,-75.67889515,45.42054747,2014-12-20,13:40,01 - Clear,01 - Dry,01 - Traffic signal,03 - At intersection,01 - Daylight,03 - P.D. only,03 - Rear end,Sandy Hill
13355,HIGHWAY 417 btwn HWY417 IC115 RAMP36 & HWY417 IC115 RAMP26,372491.0364,5031525.328,-75.63505235,45.42038783,2014-02-06,20:02,01 - Clear,01 - Dry,10 - No control,01 - Non intersection,07 - Dark,03 - P.D. only,03 - Rear end,Overbrook
13356,HIGHWAY 417 btwn Continuation of HIGHWAY 417 & HWY417 IC144 RAMP16,347349.7522,5015824.445,-75.95763682,45.28108802,2014-04-12,21:30,01 - Clear,01 - Dry,10 - No control,01 - Non intersection,07 - Dark,03 - P.D. only,07 - SMV other,Stittsville - Basswood
13357,HIGHWAY 417 btwn HWY417 IC117 RAMP25 & HWY417 IC115 RAMP51,371539.3609,5031397.963,-75.64722863,45.41933329,2014-03-25,17:20,01 - Clear,02 - Wet,10 - No control,01 - Non intersection,05 - Dusk,03 - P.D. only,03 - Rear end,Industrial Park
13358,PARKDALE AVE @ WELLINGTON ST,365149.2267,5029269.608,-75.72913218,45.40076325,2014-08-22,21:10,01 - Clear,01 - Dry,01 - Traffic signal,03 - At intersection,07 - Dark,03 - P.D. only,05 - Turning movement,Islan
13359,JINKINSON RD btwn FERNBANK RD & HAZELDEAN RD,345267.9151,5009561.916,-75.98468189,45.22485782,2014-09-14,9:45,01 - Clear,01 - Dry,10 - No control,01 - Non intersection,01 - Daylight,03 - P.D. only,01 - Approaching,Munster Hamlet - Richmond
13360,CARLING AVE @ MAITLAND AVE/SHERBOURNE RD,362942.224,5026488.527,-75.75764844,45.37592626,2014-09-14,10:37,01 - Clear,01 - Dry,01 - Traffic signal,02 - Intersection related,01 - Daylight,03 - P.D. only,04 - Sideswipe,Carlingwood - McKellar Park - Laurentien View
13361,INDUSTRIAL AVE btwn RUSSELL RD & ST. LAURENT BLVD,372856.9549,5029955.804,-75.63059395,45.40623049,2014-11-04,16:45,01 - Clear,01 - Dry,10 - No control,01 - Non intersection,05 - Dusk,03 - P.D. only,03 - Rear end,Industrial Park
13362,HIGHWAY 416 btwn HWY416 IC42 RAMP24 & END,372010.1058,4994310.72,-75.64622925,45.08558388,2014-06-08,21:40,01 - Clear,01 - Dry,10 - No control,01 - Non intersection,07 - Dark,03 - P.D. only,07 - SMV other,Manotick - North Gower
13363,HIGHWAY 417 btwn HWY417 IC142 RAMP35 & HWY417 IC142 RAMP25,349005.1044,5017270.44,-75.93640894,45.29399742,2014-06-12,14:10,01 - Clear,01 - Dry,10 - No control,01 - Non intersection,01 - Daylight,03 - P.D. only,99 - Other,Stittsville - Basswood
13364,HIGHWAY 417 btwn HWY417 IC144 RAMP25 & HWY417 IC142 RAMP51,348333.242,5016662.962,-75.94502772,45.28857308,2014-06-13,19:10,01 - Clear,01 - Dry,10 - No control,01 - Non intersection,01 - Daylight,03 - P.D. only,07 - SMV other,Stittsville - Basswood
13365,HIGHWAY 417 btwn HWY417 IC122 RAMP15 & HWY417 IC121B RAMP51,366088.3824,5029329.261,-75.71712963,45.4012184,2014-06-05,15:50,01 - Clear,01 - Dry,10 - No control,01 - Non intersection,01 - Daylight,03 - P.D. only,03 - Rear end,Centretown West
13366,INNES RD btwn BLAIR RD & ANDERSON RD,376022.3088,5031696.671,-75.589911,45.4215789,2014-11-17,13:29,04 - Freezing Rain,04 - Slush,10 - No control,01 - Non intersection,01 - Daylight,03 - P.D. only,07 - SMV other,Greenbelt
13367,PARKDALE AVE btwn COLOMBINE DRWY & BURNSIDE AVE,364757.0566,5030174.078,-75.73403111,45.40893517,2014-11-18,12:03,01 - Clear,01 - Dry,10 - No control,04 - At/near private drive,01 - Daylight,03 - P.D. only,03 - Rear end,Tunney's Pasture
13368,CHARLEMAGNE BLVD btwn CANTEVAL TER & TENTH LINE RD,383685.6307,5036924.684,-75.49116436,45.46779387,2014-10-14,12:36,01 - Clear,01 - Dry,10 - No control,04 - At/near private drive,01 - Daylight,03 - P.D. only,05 - Turning movement,Fallingbrook
13369,HAZELDEAN RD @ TERRY FOX DR,352206.6609,5017241.976,-75.89559575,45.2935326,2014-12-09,12:12,01 - Clear,01 - Dry,01 - Traffic signal,02 - Intersection related,01 - Daylight,03 - P.D. only,04 - Sideswipe,Glen Cairn - Kanata South Business Park
13370,THOMAS A. DOLAN PKWY btwn TORWOOD DR & STONERIDGE RD,345621.8875,5034320.208,-75.97813222,45.44762047,2014-12-09,7:00,01 - Clear,01 - Dry,10 - No control,01 - Non intersection,03 - Dawn,03 - P.D. only,07 - SMV other,Carp - Hardwood Plains
13371,MOODIE DR @ WEST HUNT CLUB RD,357908.6018,5018497.981,-75.82276999,45.30442647,2014-10-09,16:03,02 - Rain,02 - Wet,01 - Traffic signal,02 - Intersection related,01 - Daylight,03 - P.D. only,03 - Rear end,Greenbelt
13372,AIRPORT PKWY btwn BROOKFIELD RAMP 34 & BRONSON AVE RAMP 24C,368716.3713,5026663.944,-75.68390943,45.37700169,2014-11-16,8:15,03 - Snow,02 - Wet,10 - No control,01 - Non intersection,01 - Daylight,03 - P.D. only,07 - SMV other,Alta Vista
13373,GREENBANK RD @ LISA AVE,360553.725,5022892.067,-75.78854773,45.34375957,2014-12-08,17:07,01 - Clear,01 - Dry,01 - Traffic signal,02 - Intersection related,07 - Dark,03 - P.D. only,03 - Rear end,Iris
13374,WOODROFFE AVE btwn FIRESTATION & BASELINE RD,362540.189,5023799.483,-75.76309534,45.35176374,2014-12-09,11:52,01 - Clear,01 - Dry,10 - No control,01 - Non intersection,01 - Daylight,03 - P.D. only,03 - Rear end,Iris
13375,CONNAUGHT AVE btwn HENLEY ST & SEVERN AVE,361029.4847,5024527.49,-75.78229125,45.35843707,2014-12-11,11:42,01 - Clear,04 - Slush,10 - No control,01 - Non intersection,01 - Daylight,03 - P.D. only,99 - Other,Whitehaven - Queensway Terrace North
13376,OGILVIE RD @ CITY PARK DR E/CSIS HQ ACCESS,374189.6783,5033009.152,-75.61314085,45.43357208,2014-12-10,16:40,03 - Snow,03 - Loose snow,01 - Traffic signal,02 - Intersection related,05 - Dusk,03 - P.D. only,03 - Rear end,Industrial Park
13377,STRANDHERD DR @ LONGFIELDS DR,364550.7107,5015174.75,-75.73847854,45.27399054,2014-12-16,8:45,01 - Clear,02 - Wet,01 - Traffic signal,02 - Intersection related,01 - Daylight,03 - P.D. only,03 - Rear end,New Barrhaven
13378,FAIRLAKES WAY btwn BEVINGTON WALK & STONEHAM PLACE (1),384763.4238,5034300.043,-75.47780987,45.44405724,2014-12-15,21:00,01 - Clear,03 - Loose snow,10 - No control,01 - Non intersection,07 - Dark,03 - P.D. only,06 - SMV unattended vehicle,Avalon
13379,INNES RD @ TENTH LINE RD,383952.7104,5036160.036,-75.48787245,45.46088405,2014-12-20,15:27,01 - Clear,02 - Wet,01 - Traffic signal,02 - Intersection related,01 - Daylight,03 - P.D. only,03 - Rear end,Queenswood Heights
13380,FIELDROW ST btwn VIEWMOUNT DR & MALCOLM PL,364125.6671,5022854.217,-75.74297594,45.34312601,2014-12-17,15:39,01 - Clear,05 - Packed snow,10 - No control,04 - At/near private drive,01 - Daylight,03 - P.D. only,06 - SMV unattended vehicle,Crestview - Meadowlands
13381,HIGHWAY 417 btwn HWY417 IC121A RAMP51 & HWY417 IC120A RAMP52,367269.6438,5029737.545,-75.70199046,45.40478762,2014-03-11,16:30,01 - Clear,01 - Dry,10 - No control,01 - Non intersection,01 - Daylight,03 - P.D. only,03 - Rear end,Centretown West
13382,HIGHWAY 416 btwn HWY416 IC49 RAMP43 & HWY416 IC42 RAMP34,371019.0118,4996066.591,-75.65858577,45.10147681,2014-04-13,20:00,02 - Rain,02 - Wet,10 - No control,01 - Non intersection,07 - Dark,03 - P.D. only,07 - SMV other,Manotick - North Gower
13383,HIGHWAY 417 btwn HWY417 IC118 RAMP57 & HWY417 IC118 RAMP35,369484.2615,5031054.351,-75.67353026,45.41643462,2014-04-13,22:25,02 - Rain,02 - Wet,10 - No control,01 - Non intersection,07 - Dark,03 - P.D. only,04 - Sideswipe,Old Ottawa East
13384,BEATRICE DR @ STRANDHERD DR,365527.8509,5015320.534,-75.72600821,45.27521859,2014-01-30,17:33,01 - Clear,01 - Dry,01 - Traffic signal,02 - Intersection related,05 - Dusk,03 - P.D. only,02 - Angle,New Barrhaven
13385,PINECREST RD @ RICHMOND RD,360072.1966,5024470.565,-75.79451542,45.35800099,2014-02-03,12:34,01 - Clear,02 - Wet,01 - Traffic signal,02 - Intersection related,01 - Daylight,03 - P.D. only,03 - Rear end,Whitehaven - Queensway Terrace North
13386,MEADOW PARK PL @ ST. LAURENT BLVD,371210.2317,5034622.707,-75.65099868,45.44837941,2014-08-22,19:30,01 - Clear,01 - Dry,02 - Stop sign,02 - Intersection related,01 - Daylight,03 - P.D. only,03 - Rear end,Cemetery
13387,RIDDELL DR btwn MARCH VALLEY RD & SIXTH LINE RD,348937.8125,5027933.731,-75.93631546,45.38995261,2014-09-09,8:15,01 - Clear,01 - Dry,10 - No control,01 - Non intersection,01 - Daylight,03 - P.D. only,07 - SMV other,Carp - Hardwood Plains
13388,PORTAGE BRIDGE SB btwn PROVINCIAL BOUNDARY & WELLINGTON ST,366422.8171,5031490.153,-75.71258797,45.42063216,2014-05-28,8:40,01 - Clear,01 - Dry,10 - No control,01 - Non intersection,01 - Daylight,03 - P.D. only,04 - Sideswipe,LeBreto
13389,RIOCAN AVE @ STRANDHERD DR,364173.6306,5014946.468,-75.7433113,45.2719684,2014-11-09,16:32,01 - Clear,01 - Dry,01 - Traffic signal,02 - Intersection related,05 - Dusk,03 - P.D. only,04 - Sideswipe,New Barrhaven
13390,BECKSTEAD RD @ MERIVALE RD,367261.1915,5017943.41,-75.70358827,45.29866713,2014-11-10,8:47,01 - Clear,01 - Dry,02 - Stop sign,03 - At intersection,01 - Daylight,03 - P.D. only,02 - Angle,Greenbelt
13391,CAMPEAU DR/HWY 417 MARCH IC138R63 @ MARCH RD,352841.802,5020477.532,-75.88718493,45.32260372,2014-06-04,15:23,01 - Clear,01 - Dry,01 - Traffic signal,02 - Intersection related,01 - Daylight,03 - P.D. only,03 - Rear end,Greenbelt
13392,HIGHWAY 417 btwn HWY417 IC118 RAMP67 & HWY417 IC117 RAMP36,369787.1987,5031157.25,-75.66964647,45.41733239,2014-06-15,12:26,01 - Clear,01 - Dry,10 - No control,01 - Non intersection,01 - Daylight,03 - P.D. only,03 - Rear end,Sandy Hill
13393,HIGHWAY 417 btwn HWY417 IC117 RAMP26 & HWY417 IC117 RAMP61,370867.7675,5031235.923,-75.65583079,45.41793906,2014-06-10,17:23,01 - Clear,01 - Dry,10 - No control,01 - Non intersection,01 - Daylight,03 - P.D. only,03 - Rear end,Industrial Park
13394,UPPER DWYER HILL RD btwn GRAINGER PARK RD & PANMURE RD,328066.6067,5021152.551,-76.2031759,45.32993633,2014-11-18,14:25,05 - Drifting Snow,03 - Loose snow,10 - No control,01 - Non intersection,01 - Daylight,03 - P.D. only,07 - SMV other,Car
13395,THIRD AVE btwn PERCY ST & LYON ST S,368001.9769,5029350.971,-75.69268585,45.4012436,2014-12-09,16:00,01 - Clear,01 - Dry,10 - No control,01 - Non intersection,05 - Dusk,03 - P.D. only,06 - SMV unattended vehicle,The Glebe
13396,CUMMINGS AVE btwn OGILVIE RD & LABELLE ST,372831.3805,5031989.588,-75.63063986,45.42453201,2014-12-09,16:15,01 - Clear,01 - Dry,10 - No control,04 - At/near private drive,05 - Dusk,03 - P.D. only,02 - Angle,Industrial Park
13397,STITTSVILLE MAIN ST @ HAZELDEAN RD,349558.3981,5014878.242,-75.92957086,45.27243661,2014-10-15,20:55,02 - Rain,02 - Wet,01 - Traffic signal,02 - Intersection related,07 - Dark,03 - P.D. only,03 - Rear end,Stittsville
13398,HOLLAND AVE @ TYNDALL ST,365032.6471,5028918.031,-75.7306641,45.39760987,2014-10-17,15:45,01 - Clear,01 - Dry,01 - Traffic signal,03 - At intersection,01 - Daylight,03 - P.D. only,02 - Angle,Island Park
13399,INNES RD btwn PAGE RD & 473 E OF PAGE RD/BUILDERS' WAREHOUSE SC,380976.1101,5034594.236,-75.52617118,45.44712712,2014-11-20,16:56,01 - Clear,01 - Dry,10 - No control,01 - Non intersection,07 - Dark,03 - P.D. only,03 - Rear end,Orleans Village - Chateauneuf
13400,JOCKVALE RD @ STRANDHERD DR,363558.5803,5014579.262,-75.7511926,45.26871593,2014-12-09,16:45,01 - Clear,02 - Wet,01 - Traffic signal,02 - Intersection related,05 - Dusk,03 - P.D. only,03 - Rear end,Barrhaven West - Old Barrhaven
13401,ARGYLE AVE E @ METCALFE ST,368442.5328,5030640.988,-75.68689243,45.41281084,2014-12-11,14:12,01 - Clear,03 - Loose snow,10 - No control,03 - At intersection,01 - Daylight,03 - P.D. only,04 - Sideswipe,Centretown
13402,MERIVALE RD/LOTTA AVE @ CLYDE AVE,364521.6983,5024508.001,-75.73772311,45.35797294,2014-12-10,17:55,03 - Snow,03 - Loose snow,01 - Traffic signal,02 - Intersection related,07 - Dark,03 - P.D. only,03 - Rear end,Cityview - Skyline - Fisher Heights
13403,CYRVILLE RD btwn INNES RD & END,375090.48,5031025.978,-75.60191224,45.41563862,2014-12-16,12:18,01 - Clear,01 - Dry,10 - No control,04 - At/near private drive,01 - Daylight,03 - P.D. only,05 - Turning movement,Industrial Park
13404,BILLINGS AVE btwn EASTLANE RD & FAIRBANKS AVE,370656.2856,5028646.81,-75.65887849,45.39466317,2014-12-16,16:37,01 - Clear,02 - Wet,10 - No control,04 - At/near private drive,05 - Dusk,03 - P.D. only,06 - SMV unattended vehicle,Alta Vista
13405,HIGHWAY 417 btwn HWY417 IC110 RAMP64 & HWY417 IC104 RAMP16,379944.9912,5025979.275,-75.54066416,45.36972722,2014-04-14,5:15,"07 - Fog, mist, smoke, dust",02 - Wet,10 - No control,01 - Non intersection,07 - Dark,03 - P.D. only,07 - SMV other,Greenbelt
13406,HIGHWAY 417 btwn RAMP & HIGHWAY 417,387348.8933,5023888.157,-75.4465071,45.35008022,2014-04-04,19:36,02 - Rain,02 - Wet,10 - No control,01 - Non intersection,07 - Dark,03 - P.D. only,07 - SMV other,Greenbelt
13407,HIGHWAY 417 btwn HIGHWAY 417 & HWY417 IC129 RAMP51,360042.7914,5023225.247,-75.79502985,45.34679795,2014-04-14,11:15,01 - Clear,01 - Dry,10 - No control,01 - Non intersection,01 - Daylight,03 - P.D. only,99 - Other,Whitehaven - Queensway Terrace North