Record,Location,X,Y,lon,lat,Date,Time,Environment,Road_Surface,Traffic_Control,Collision_Location,Light,Collision_Classification,Impact_type,Neighborhood
13408,HIGHWAY 417 btwn HWY417 IC104 RAMP16 & HWY417 IC104 RAMP61,380020.8206,5025959.37,-75.53969926,45.36954,2014-03-17,19:50,01 - Clear,01 - Dry,10 - No control,01 - Non intersection,07 - Dark,03 - P.D. only,07 - SMV other,Greenbelt
13409,INNES RD @ TENTH LINE RD,383952.2342,5036158.613,-75.48787877,45.4608713,2014-02-09,9:05,01 - Clear,01 - Dry,01 - Traffic signal,02 - Intersection related,01 - Daylight,03 - P.D. only,03 - Rear end,Queenswood Heights
13410,INDUSTRIAL AVE @ RIVERSIDE DR,370683.2968,5030593.501,-75.65827346,45.4121762,2014-08-27,8:54,01 - Clear,01 - Dry,01 - Traffic signal,03 - At intersection,01 - Daylight,03 - P.D. only,04 - Sideswipe,Industrial Park
13411,BRONSON AVE @ CATHERINE ST/RAYMOND ST,367251.2867,5029795.619,-75.70221758,45.40531179,2014-09-14,14:35,01 - Clear,01 - Dry,01 - Traffic signal,02 - Intersection related,01 - Daylight,03 - P.D. only,03 - Rear end,Centretown West
13412,STRANDHERD DR @ LONGFIELDS DR,364549.2844,5015173.325,-75.73849689,45.27397784,2014-09-14,15:15,01 - Clear,01 - Dry,01 - Traffic signal,02 - Intersection related,01 - Daylight,03 - P.D. only,04 - Sideswipe,New Barrhaven
13413,BOUNDARY RD @ MITCH OWENS RD,388065.3582,5022162.47,-75.43765556,45.33446929,2014-11-08,2:00,01 - Clear,01 - Dry,02 - Stop sign,02 - Intersection related,07 - Dark,03 - P.D. only,07 - SMV other,Metcalfe
13414,FLEWELLYN RD btwn DWYER HILL RD & MUNSTER RD,344293.6475,5004419.904,-75.99749521,45.17864242,2014-11-10,9:27,01 - Clear,01 - Dry,10 - No control,01 - Non intersection,01 - Daylight,03 - P.D. only,07 - SMV other,Munster Hamlet - Richmond
13415,HIGHWAY 7 btwn OVERPASS RD & RAMP,340496.4752,5005847.086,-76.0457055,45.19168748,2014-06-15,23:00,01 - Clear,01 - Dry,10 - No control,01 - Non intersection,07 - Dark,03 - P.D. only,07 - SMV other,Munster Hamlet - Richmond
13416,HIGHWAY 417 btwn RAMP & HWY417 IC88 RAMP51,394267.0081,5022397.082,-75.35850438,45.33581679,2014-06-16,10:47,01 - Clear,01 - Dry,10 - No control,01 - Non intersection,01 - Daylight,03 - P.D. only,07 - SMV other,Navan - Vars
13417,HIGHWAY 7 btwn HWY 7 HAZELDEAN RD IC RAMP 34 & HAZELDEAN RD IC RAMP 63,346369.0486,5012350.819,-75.97042759,45.24988955,2014-06-16,14:21,01 - Clear,01 - Dry,10 - No control,01 - Non intersection,01 - Daylight,03 - P.D. only,07 - SMV other,Stittsville - Basswood
13418,HIGHWAY 417 btwn HWY417 IC110 RAMP64 & HWY417 IC104 RAMP16,377381.1272,5026801.708,-75.5732704,45.37739724,2014-06-16,19:58,01 - Clear,01 - Dry,10 - No control,01 - Non intersection,01 - Daylight,03 - P.D. only,07 - SMV other,Greenbelt
13419,INNES RD btwn BANTREE ST & STAR TOP RD,374056.5144,5030613.829,-75.61517934,45.41203341,2014-11-18,14:30,01 - Clear,01 - Dry,10 - No control,01 - Non intersection,01 - Daylight,03 - P.D. only,03 - Rear end,Industrial Park
13420,BASELINE RD @ MERIVALE RD,365056.5966,5025325.04,-75.73079676,45.36527876,2014-11-18,15:05,01 - Clear,01 - Dry,01 - Traffic signal,02 - Intersection related,01 - Daylight,03 - P.D. only,03 - Rear end,Civic Hospital - Experimental Farm - Central Park
13421,BYRON AVE @ HARMER AVE,364864.6567,5028889.034,-75.73281314,45.3973634,2014-10-16,16:06,02 - Rain,02 - Wet,02 - Stop sign,02 - Intersection related,01 - Daylight,03 - P.D. only,03 - Rear end,Island Park
13422,MONTREAL RD btwn BORTHWICK AVE & CUMMINGS AVE,371993.4559,5034030.61,-75.64106777,45.44297715,2014-12-09,16:31,01 - Clear,01 - Dry,10 - No control,01 - Non intersection,05 - Dusk,03 - P.D. only,04 - Sideswipe,Cummings
13423,DALHOUSIE ST @ YORK ST,368093.7071,5032418.165,-75.69112032,45.42883292,2014-12-09,15:15,01 - Clear,01 - Dry,01 - Traffic signal,03 - At intersection,01 - Daylight,03 - P.D. only,05 - Turning movement,Byward Market
13424,CUMBERLAND ST @ MURRAY ST,368168.7967,5032681.01,-75.69012697,45.43119111,2014-10-17,16:30,01 - Clear,01 - Dry,01 - Traffic signal,02 - Intersection related,01 - Daylight,03 - P.D. only,04 - Sideswipe,Byward Market
13425,KING EDWARD AVE @ RIDEAU ST,368510.7571,5032415.014,-75.68579146,45.4287667,2014-10-19,11:11,01 - Clear,01 - Dry,01 - Traffic signal,02 - Intersection related,01 - Daylight,03 - P.D. only,04 - Sideswipe,Lowe
13426,HELENA ST btwn ISLAND PARK DR & PICCADILLY AVE,364458.7622,5028260.475,-75.73807304,45.39174245,2014-11-22,14:52,01 - Clear,02 - Wet,10 - No control,04 - At/near private drive,01 - Daylight,03 - P.D. only,02 - Angle,Island Park
13427,BEARBROOK RD @ CENTREPARK DR N,377787.6941,5033369.046,-75.56710777,45.4364439,2014-12-10,9:00,03 - Snow,03 - Loose snow,02 - Stop sign,02 - Intersection related,01 - Daylight,03 - P.D. only,04 - Sideswipe,Blackburn Hamlet
13428,OR174 IC112 RAMP51 @ REGIONAL RD 174,374834.9201,5032848.859,-75.60491791,45.43206553,2014-12-11,15:16,01 - Clear,02 - Wet,10 - No control,02 - Intersection related,01 - Daylight,03 - P.D. only,07 - SMV other,Greenbelt
13429,BASELINE RD @ CLYDE AVE,364360.6035,5024890.038,-75.73973307,45.36142416,2014-12-19,14:40,01 - Clear,01 - Dry,01 - Traffic signal,02 - Intersection related,01 - Daylight,03 - P.D. only,05 - Turning movement,Braemar Park - Bel Air Heights - Copeland Park
13430,RIVERDALE AVE @ SUNNYSIDE AVE,369076.4851,5028784.736,-75.67903575,45.39605098,2014-12-20,16:53,01 - Clear,02 - Wet,01 - Traffic signal,03 - At intersection,07 - Dark,03 - P.D. only,05 - Turning movement,Old Ottawa South
13431,SLACK RD @ WOODROFFE AVE,364233.6835,5019972.103,-75.74194376,45.31718385,2014-12-20,14:45,01 - Clear,01 - Dry,01 - Traffic signal,02 - Intersection related,01 - Daylight,03 - P.D. only,03 - Rear end,Greenbelt
13432,HIGHWAY 417 btwn HWY417 IC124 RAMP76 & HWY417 IC124 RAMP67,364262.7103,5027324.829,-75.74068941,45.38334035,2014-04-05,2:16,02 - Rain,02 - Wet,10 - No control,01 - Non intersection,07 - Dark,03 - P.D. only,07 - SMV other,Westboro
13433,HIGHWAY 417 btwn HWY417 IC96 RAMP61 & HIGHWAY 417,387499.6042,5023868.251,-75.44458738,45.34988337,2014-04-06,20:00,01 - Clear,01 - Dry,10 - No control,01 - Non intersection,07 - Dark,03 - P.D. only,07 - SMV other,Navan - Vars
13434,HIGHWAY 416 btwn HWY416 IC42 RAMP34 & HWY416 IC42 RAMP43,371434.7503,4995201.715,-75.65341876,45.09365555,2014-04-16,9:40,01 - Clear,01 - Dry,10 - No control,01 - Non intersection,01 - Daylight,03 - P.D. only,07 - SMV other,Manotick - North Gower
13435,HIGHWAY 417 btwn HWY417 IC121A RAMP51 & HWY417 IC120A RAMP52,367549.2646,5029861.716,-75.69840303,45.40587986,2014-04-16,17:40,01 - Clear,01 - Dry,10 - No control,01 - Non intersection,01 - Daylight,03 - P.D. only,03 - Rear end,The Glebe
13436,HIGHWAY 417 btwn HWY417 IC110 RAMP55 & HWY417 IC104 RAMP51,379567.7836,5026010.257,-75.54547441,45.37004632,2014-04-16,23:15,01 - Clear,01 - Dry,10 - No control,01 - Non intersection,07 - Dark,03 - P.D. only,07 - SMV other,Greenbelt
13437,PRINCE OF WALES DR btwn MELFA CRES & NORMANDY CRES,367415.8655,5025314.769,-75.7006838,45.36497956,2014-02-11,8:31,01 - Clear,01 - Dry,10 - No control,01 - Non intersection,01 - Daylight,03 - P.D. only,07 - SMV other,Carleton Heights - Rideauview
13438,MANOTICK MAIN ST btwn HIGHCROFT DR & MAPLE AVE,368631.7371,5009978.966,-75.68713823,45.22688066,2014-02-11,6:35,01 - Clear,01 - Dry,10 - No control,01 - Non intersection,03 - Dawn,03 - P.D. only,03 - Rear end,Manotick
13439,ST. LAURENT BLVD @ QUEEN MARY ST,372214.2501,5032179.482,-75.63849917,45.42630033,2014-08-27,14:40,01 - Clear,01 - Dry,02 - Stop sign,02 - Intersection related,01 - Daylight,03 - P.D. only,03 - Rear end,Overbrook
13440,MAITLAND AVE/GLENMOUNT AVE @ ERINDALE DR,363697.5522,5025211.433,-75.74815761,45.36437205,2014-09-14,16:19,01 - Clear,01 - Dry,01 - Traffic signal,02 - Intersection related,01 - Daylight,03 - P.D. only,03 - Rear end,Braemar Park - Bel Air Heights - Copeland Park
13441,ST. JOSEPH BLVD btwn PLACE D'ORLEANS DR & PRESTONE DR,382007.636,5038012.702,-75.51244933,45.47777042,2014-09-14,16:33,01 - Clear,01 - Dry,10 - No control,01 - Non intersection,01 - Daylight,03 - P.D. only,04 - Sideswipe,Queenswood Heights
13442,HIGHWAY 417 btwn HWY417 IC117 RAMP51 & HWY417 IC117 RAMP35,370782.278,5031188.173,-75.65692939,45.4175175,2014-06-16,12:10,01 - Clear,01 - Dry,10 - No control,01 - Non intersection,01 - Daylight,03 - P.D. only,04 - Sideswipe,Industrial Park
13443,HWY417 IC115 RAMP36 btwn HIGHWAY 417 & TRANSIT,372424.6857,5031555.66,-75.63589591,45.42066716,2014-06-16,16:25,01 - Clear,01 - Dry,10 - No control,01 - Non intersection,01 - Daylight,03 - P.D. only,07 - SMV other,Overbrook
13444,HIGHWAY 417 btwn HWY417 IC134 RAMP35 & HWY417 IC134 RAMP25,356453.2097,5022256.751,-75.84093557,45.33835687,2014-06-17,17:03,01 - Clear,01 - Dry,10 - No control,01 - Non intersection,01 - Daylight,03 - P.D. only,03 - Rear end,Greenbelt
13445,BLOHM DR @ HUNT CLUB RD,375130.6961,5026190.943,-75.60208771,45.37213137,2014-11-18,16:17,06 - Strong wind,02 - Wet,01 - Traffic signal,03 - At intersection,01 - Daylight,03 - P.D. only,05 - Turning movement,Hunt Club
13446,PATTERSON AVE btwn COBALT AVE & O'CONNOR ST,368380.1973,5030115.558,-75.68775653,45.40808886,2014-11-13,8:35,01 - Clear,01 - Dry,10 - No control,04 - At/near private drive,01 - Daylight,03 - P.D. only,02 - Angle,The Glebe
13447,FRANK NIGHBOR PL btwn SILVER SEVEN RD & END,350655.5391,5018137.949,-75.91528765,45.30169775,2014-11-19,17:30,01 - Clear,01 - Dry,10 - No control,04 - At/near private drive,07 - Dark,03 - P.D. only,02 - Angle,Katimavik - Hazeldean
13448,MERIVALE RD @ SLACK RD,366020.6504,5020956.918,-75.71903196,45.32589156,2014-12-09,16:51,01 - Clear,02 - Wet,01 - Traffic signal,02 - Intersection related,05 - Dusk,03 - P.D. only,03 - Rear end,Merivale Gardens - Grenfell Glen - Pineglen - Country Place
13449,GREENBANK RD btwn LARKIN DR & MALVERN DR,363188.0793,5016486.026,-75.7556895,45.2859039,2014-12-09,17:32,01 - Clear,01 - Dry,10 - No control,01 - Non intersection,07 - Dark,03 - P.D. only,03 - Rear end,New Barrhaven
13450,KING EDWARD AVE @ RIDEAU ST,368511.7072,5032413.114,-75.68577957,45.42874952,2014-10-19,17:46,01 - Clear,01 - Dry,01 - Traffic signal,03 - At intersection,01 - Daylight,03 - P.D. only,02 - Angle,Lowe
13451,MAPLE GROVE RD @ TERRY FOX DR,351555.2713,5017864.346,-75.90384142,45.29917649,2014-10-15,21:20,02 - Rain,02 - Wet,01 - Traffic signal,02 - Intersection related,07 - Dark,03 - P.D. only,03 - Rear end,Katimavik - Hazeldean
13452,ABERDEEN ST @ PRESTON ST,366651.6947,5029342.038,-75.70993321,45.40128382,2014-12-10,9:18,03 - Snow,04 - Slush,02 - Stop sign,03 - At intersection,01 - Daylight,03 - P.D. only,02 - Angle,Little Italy
13453,SUMMERVILLE AVE btwn SILVER ST & HOLLINGTON ST,365295.1995,5026702.024,-75.72758252,45.37764806,2014-12-10,9:43,03 - Snow,03 - Loose snow,10 - No control,01 - Non intersection,01 - Daylight,03 - P.D. only,06 - SMV unattended vehicle,Carlington
13454,CATHERINE ST/HWY 417 O'CONN IC119BR76 @ O'CONN,368243.5014,5030392.764,-75.68946698,45.41059548,2014-12-11,16:51,01 - Clear,02 - Wet,01 - Traffic signal,02 - Intersection related,05 - Dusk,03 - P.D. only,99 - Other,Centretown
13455,INNES RD @ JEANNE D'ARC BLVD/MER BLEUE RD,382638.7037,5035568.979,-75.50476568,45.45571387,2014-12-19,16:04,01 - Clear,02 - Wet,01 - Traffic signal,02 - Intersection related,05 - Dusk,03 - P.D. only,03 - Rear end,Queenswood Heights
13456,MERIVALE RD @ WEST HUNT CLUB RD,365611.7451,5021943.923,-75.72412648,45.33480805,2014-12-20,18:00,01 - Clear,01 - Dry,01 - Traffic signal,02 - Intersection related,07 - Dark,03 - P.D. only,03 - Rear end,Tanglewood
13457,HIGHWAY 417 btwn HWY417 IC115 RAMP36 & HWY417 IC115 RAMP26,372069.552,5031477.056,-75.640444,45.41999416,2014-04-17,7:20,01 - Clear,01 - Dry,10 - No control,01 - Non intersection,01 - Daylight,03 - P.D. only,03 - Rear end,Overbrook
13458,HIGHWAY 417 btwn HWY417 IC115 RAMP36 & HWY417 IC115 RAMP26,372437.9558,5031518.693,-75.63573144,45.42033327,2014-04-17,17:15,01 - Clear,01 - Dry,10 - No control,01 - Non intersection,01 - Daylight,03 - P.D. only,04 - Sideswipe,Overbrook
13459,HIGHWAY 417 btwn HWY417 IC117 RAMP26 & HWY417 IC117 RAMP61,370831.5788,5031222.127,-75.65629498,45.41781835,2014-04-19,15:30,01 - Clear,01 - Dry,10 - No control,01 - Non intersection,01 - Daylight,03 - P.D. only,03 - Rear end,Industrial Park
13460,ARGYLE AVE @ O'CONNOR ST,368184.2369,5030487.469,-75.69021187,45.41145297,2014-02-11,8:20,01 - Clear,03 - Loose snow,01 - Traffic signal,03 - At intersection,01 - Daylight,03 - P.D. only,03 - Rear end,Centretown
13461,KING EDWARD AVE @ RIDEAU ST,368512.1811,5032413.589,-75.68577345,45.42875375,2014-09-03,12:45,01 - Clear,01 - Dry,01 - Traffic signal,02 - Intersection related,01 - Daylight,03 - P.D. only,04 - Sideswipe,Lowe
13462,INDUSTRIAL AVE btwn TRAINYARDS DR & RUSSELL RD,372081.7673,5030442.614,-75.64042916,45.41068553,2014-09-09,6:28,01 - Clear,01 - Dry,10 - No control,04 - At/near private drive,03 - Dawn,03 - P.D. only,07 - SMV other,Industrial Park
13463,AVIATION PKWY @ MONTREAL RD,372147.1905,5034107.635,-75.63909227,45.44365539,2014-09-14,17:25,01 - Clear,01 - Dry,01 - Traffic signal,03 - At intersection,01 - Daylight,03 - P.D. only,02 - Angle,Cummings
13464,HOPEWELL AVE btwn GROSVENOR AVE & BANK ST,368729.0343,5028479.281,-75.68351265,45.3933344,2014-09-14,16:30,01 - Clear,01 - Dry,10 - No control,01 - Non intersection,01 - Daylight,03 - P.D. only,06 - SMV unattended vehicle,Old Ottawa South
13465,MAPLE GROVE RD @ TERRY FOX DR,351551.2389,5017864.465,-75.90389282,45.29917783,2014-11-10,13:03,01 - Clear,01 - Dry,01 - Traffic signal,02 - Intersection related,01 - Daylight,03 - P.D. only,03 - Rear end,Katimavik - Hazeldean
13466,RIVERSIDE DR @ TREMBLAY RD/HWY417 IC117 RAMP52,370803.1311,5031015.661,-75.65668608,45.41596334,2014-06-17,20:33,02 - Rain,02 - Wet,01 - Traffic signal,02 - Intersection related,05 - Dusk,03 - P.D. only,03 - Rear end,Industrial Park
13467,HIGHWAY 417 btwn HWY417 IC118 RAMP76 & HWY417 IC118 RAMP67,369481.4179,5031073.309,-75.6735641,45.41660546,2014-05-15,15:00,01 - Clear,01 - Dry,10 - No control,01 - Non intersection,01 - Daylight,03 - P.D. only,04 - Sideswipe,Sandy Hill
13468,HIGHWAY 417 btwn Continuation of HIGHWAY 417 & HWY417 IC134 RAMP51,355574.0804,5021739.083,-75.85220513,45.33376301,2014-06-18,17:47,01 - Clear,01 - Dry,10 - No control,01 - Non intersection,01 - Daylight,03 - P.D. only,03 - Rear end,Greenbelt
13469,HIGHWAY 417 btwn HWY417 IC123 RAMP62 & HWY417 IC122 RAMP16,365013.0015,5028505.27,-75.73096539,45.39389763,2014-06-18,18:30,01 - Clear,01 - Dry,10 - No control,01 - Non intersection,01 - Daylight,03 - P.D. only,03 - Rear end,Island Park
13470,YORK ST EB btwn BY WARD MARKET SQ & SUSSEX DR,367841.5591,5032258.559,-75.69436283,45.42741961,2014-11-18,17:03,01 - Clear,01 - Dry,10 - No control,01 - Non intersection,07 - Dark,03 - P.D. only,02 - Angle,Byward Market
13471,INNES RD @ PAGE RD,380887.749,5034541.98,-75.5273087,45.44666659,2014-11-18,16:45,01 - Clear,06 - Ice,01 - Traffic signal,02 - Intersection related,05 - Dusk,03 - P.D. only,03 - Rear end,Orleans Village - Chateauneuf
13472,VANIER PKWY NB btwn COVENTRY RD & HWY417 IC117 RAMP62,370768.5464,5031499.114,-75.6570632,45.42031651,2014-11-21,9:26,01 - Clear,01 - Dry,10 - No control,01 - Non intersection,01 - Daylight,03 - P.D. only,03 - Rear end,Overbrook
13473,ARLINGTON AVE @ KENT ST,367867.7594,5030258.046,-75.69428409,45.40941729,2014-12-09,17:56,01 - Clear,02 - Wet,01 - Traffic signal,03 - At intersection,07 - Dark,03 - P.D. only,02 - Angle,Centretown
13474,INDUSTRIAL AVE btwn RUSSELL RD & ST. LAURENT BLVD,372639.1183,5030161.523,-75.63334812,45.4081026,2014-12-09,18:54,04 - Freezing Rain,06 - Ice,10 - No control,01 - Non intersection,07 - Dark,03 - P.D. only,03 - Rear end,Industrial Park
13475,FITZGERALD RD @ ROBERTSON RD,356790.5257,5020288.824,-75.83683859,45.32062435,2014-10-20,9:52,01 - Clear,01 - Dry,01 - Traffic signal,02 - Intersection related,01 - Daylight,03 - P.D. only,03 - Rear end,Bells Corners West
13476,D'AOUST AVE btwn TIMBERMILL ST & ST. BERNARD ST,372653.293,5023602.814,-75.63406834,45.34908861,2014-11-25,15:00,01 - Clear,01 - Dry,10 - No control,01 - Non intersection,01 - Daylight,03 - P.D. only,03 - Rear end,Blossom Park - Blossom Park West - Sawmill Creek/ Timbermill
13477,UPLANDS DR btwn HUNT CLUB RD & UPLANDS DR,370164.399,5023100.22,-75.66589414,45.34480278,2014-12-10,10:21,01 - Clear,01 - Dry,10 - No control,04 - At/near private drive,01 - Daylight,03 - P.D. only,02 - Angle,Hunt Club East - Western Community
13478,VISENEAU DR btwn BARRINGTON ST & BROMONT WAY,381623.0056,5035519.585,-75.51775803,45.45538186,2014-12-10,10:39,03 - Snow,04 - Slush,10 - No control,01 - Non intersection,01 - Daylight,03 - P.D. only,06 - SMV unattended vehicle,Orleans Village - Chateauneuf
13479,CARLING AVE @ CARLINGWOOD SC,362073.9622,5025921.404,-75.76879913,45.37089485,2014-12-11,18:01,01 - Clear,04 - Slush,01 - Traffic signal,03 - At intersection,07 - Dark,03 - P.D. only,05 - Turning movement,Carlingwood West - Glabar Park - McKellar Heights
13480,CARLING AVE WB btwn TRANSIT & EDGEWORTH AVE,361153.6815,5025362.927,-75.78061087,45.36594432,2014-12-19,16:16,01 - Clear,01 - Dry,10 - No control,01 - Non intersection,05 - Dusk,03 - P.D. only,04 - Sideswipe,Woodroffe - Lincoln Heights
13481,CARLING AVE @ BROADVIEW AVE,363182.5868,5026639.017,-75.75456199,45.37726036,2014-12-19,16:32,01 - Clear,01 - Dry,01 - Traffic signal,02 - Intersection related,05 - Dusk,03 - P.D. only,03 - Rear end,Carlingwood - McKellar Park - Laurentien View
13482,RAMSAYVILLE RD @ LEITRIM RD,378725.8218,5023873.98,-75.5565414,45.35091463,2014-12-20,20:48,01 - Clear,01 - Dry,02 - Stop sign,03 - At intersection,07 - Dark,03 - P.D. only,02 - Angle,Greenbelt
13483,HIGHWAY 417 btwn HWY417 IC117 RAMP51 & HWY417 IC117 RAMP35,370846.7447,5031207.909,-75.65610313,45.41768899,2014-04-19,15:45,01 - Clear,01 - Dry,10 - No control,01 - Non intersection,01 - Daylight,03 - P.D. only,03 - Rear end,Industrial Park
13484,HIGHWAY 417 btwn HWY417 IC127 RAMP25 & HWY417 IC126 RAMP51,363183.8327,5025858.956,-75.7546383,45.37024137,2014-04-20,20:20,01 - Clear,01 - Dry,10 - No control,01 - Non intersection,07 - Dark,03 - P.D. only,04 - Sideswipe,Braemar Park - Bel Air Heights - Copeland Park
13485,HIGHWAY 417 btwn HWY 417 ANDERSON IC104R61 & HWY 417 BOUNDARY IC96R16,381967.5463,5025563.146,-75.51491207,45.36576341,2014-04-21,0:29,01 - Clear,01 - Dry,10 - No control,01 - Non intersection,07 - Dark,03 - P.D. only,07 - SMV other,Greenbelt
13486,MONTREAL RD @ CARSON'S RD/CODD'S RD,372770.9822,5034398.806,-75.63107896,45.44621482,2014-02-11,7:50,01 - Clear,05 - Packed snow,01 - Traffic signal,02 - Intersection related,01 - Daylight,03 - P.D. only,04 - Sideswipe,Carson Grove - Carson Meadows
13487,LOLA ST @ QUEEN MARY ST,371129.2497,5032042.688,-75.6523815,45.42517325,2014-02-11,9:23,01 - Clear,01 - Dry,02 - Stop sign,03 - At intersection,01 - Daylight,03 - P.D. only,02 - Angle,Overbrook
13488,HAWTHORNE RD btwn LEITRIM RD & LOUISEIZE RD,377385.8575,5021830.028,-75.57393996,45.33266412,2014-09-10,3:02,01 - Clear,01 - Dry,10 - No control,01 - Non intersection,07 - Dark,03 - P.D. only,07 - SMV other,Greenbelt
13489,BEAUFORT DR @ KATIMAVIK RD,352536.8802,5019598.81,-75.89115894,45.31471759,2014-09-11,12:06,01 - Clear,01 - Dry,02 - Stop sign,02 - Intersection related,01 - Daylight,03 - P.D. only,03 - Rear end,Katimavik - Hazeldean
13490,CARLING AVE btwn DEFENSE  RESEARCH COMPLEX & RIFLE RD,353762.2019,5023235.828,-75.87517223,45.34735971,2014-09-14,20:50,01 - Clear,01 - Dry,10 - No control,01 - Non intersection,07 - Dark,03 - P.D. only,07 - SMV other,Greenbelt
13491,FOLKWAY GT @ FORESTGLADE CRES,375198.7393,5026630.91,-75.60115639,45.37608315,2014-09-14,23:06,01 - Clear,01 - Dry,02 - Stop sign,02 - Intersection related,07 - Dark,03 - P.D. only,06 - SMV unattended vehicle,Hunt Club
13492,POWELL AVE btwn LYON ST S & BANK ST,368069.8694,5029889.291,-75.69174964,45.40608111,2014-09-24,0:00,01 - Clear,01 - Dry,10 - No control,01 - Non intersection,00 - Unknown,03 - P.D. only,06 - SMV unattended vehicle,The Glebe
13493,STANTON RD btwn FIRESTONE CRES & RECTOR AVE,360968.1491,5023052.332,-75.78324164,45.34516857,2014-11-16,21:00,01 - Clear,04 - Slush,10 - No control,01 - Non intersection,07 - Dark,03 - P.D. only,06 - SMV unattended vehicle,Iris
13494,HIGHWAY 7 btwn HWY 7 HAZELDEAN RD IC RAMP 63 & HAZELDEAN RD,346320.7074,5012114.8,-75.97106313,45.24776859,2014-05-09,22:15,02 - Rain,02 - Wet,10 - No control,01 - Non intersection,07 - Dark,03 - P.D. only,07 - SMV other,Stittsville - Basswood
13495,HIGHWAY 417 btwn Continuation of HIGHWAY 417 & HWY417 IC134 RAMP51,355611.5036,5021765.756,-75.85172496,45.33400031,2014-06-18,16:55,01 - Clear,01 - Dry,10 - No control,01 - Non intersection,01 - Daylight,03 - P.D. only,03 - Rear end,Greenbelt
13496,HIGHWAY 417 btwn HWY417 IC115 RAMP61 & REGIONAL ROAD 174,373249.3302,5031715.85,-75.62533762,45.42202828,2014-06-20,6:45,01 - Clear,01 - Dry,10 - No control,01 - Non intersection,01 - Daylight,03 - P.D. only,04 - Sideswipe,Cummings
13497,HIGHWAY 417 btwn HWY417 IC122 RAMP61 & HWY417 IC121B RAMP16,365656.6034,5029114.749,-75.72267093,45.39932594,2014-06-19,15:30,01 - Clear,01 - Dry,10 - No control,01 - Non intersection,01 - Daylight,03 - P.D. only,03 - Rear end,Civi
13498,INNES RD @ PAGE RD,380887.749,5034540.079,-75.527309,45.44664949,2014-11-18,17:39,01 - Clear,06 - Ice,01 - Traffic signal,02 - Intersection related,07 - Dark,03 - P.D. only,03 - Rear end,Orleans Village - Chateauneuf
13499,DONALD B. MUNRO DR btwn JOHN SHAW RD & WILLIAM HODGINS LANE,335796.9991,5022717.479,-76.10445933,45.34371944,2014-11-18,18:32,03 - Snow,05 - Packed snow,10 - No control,01 - Non intersection,07 - Dark,03 - P.D. only,07 - SMV other,Carp - Hardwood Plains
13500,OLD INNES RD @ BANTREE ST,373726.6258,5030351.924,-75.61943011,45.40970948,2014-11-21,11:03,01 - Clear,01 - Dry,02 - Stop sign,03 - At intersection,01 - Daylight,03 - P.D. only,02 - Angle,Industrial Park
13501,DUMAURIER AVE @ RICHMOND RD,359629.5656,5023736.937,-75.80024603,45.35143456,2014-11-21,11:14,01 - Clear,01 - Dry,01 - Traffic signal,03 - At intersection,01 - Daylight,03 - P.D. only,02 - Angle,Whitehaven - Queensway Terrace North
13502,OGILVIE RD @ CITY PARK DR E/CSIS HQ ACCESS,374189.6783,5033012.002,-75.61314044,45.43359773,2014-12-09,18:30,01 - Clear,05 - Packed snow,01 - Traffic signal,02 - Intersection related,07 - Dark,03 - P.D. only,03 - Rear end,Industrial Park
13503,WESTMINSTER AVE btwn CROSSFIELD AVE & KEENAN AVE,362500.338,5027243.577,-75.76320167,45.38275663,2014-12-12,18:45,01 - Clear,03 - Loose snow,10 - No control,01 - Non intersection,07 - Dark,03 - P.D. only,06 - SMV unattended vehicle,Carlingwood - McKellar Park - Laurentien View
13504,BEAVERPOND DR @ BLAIR RD,375399.7299,5031875.042,-75.59783985,45.42324689,2014-10-27,19:17,02 - Rain,02 - Wet,01 - Traffic signal,02 - Intersection related,07 - Dark,03 - P.D. only,03 - Rear end,Pineview
13505,BANK ST @ ROSEBELLA AVE,373204.793,5023550.989,-75.62703818,45.34856873,2014-11-26,15:00,01 - Clear,01 - Dry,01 - Traffic signal,02 - Intersection related,01 - Daylight,03 - P.D. only,03 - Rear end,Blossom Park - Blossom Park West - Sawmill Creek/ Timbermill
13506,BANK ST @ HUNT CLUB RD,371608.7365,5024096.031,-75.64733065,45.35362669,2014-12-09,11:15,01 - Clear,01 - Dry,01 - Traffic signal,02 - Intersection related,01 - Daylight,03 - P.D. only,99 - Other,South Keys - Heron Gate - Greenboro West
13507,MURRAY ST btwn SUSSEX DR & PARENT AVE,367786.6767,5032442.811,-75.69504056,45.42908239,2014-12-11,18:50,01 - Clear,02 - Wet,10 - No control,01 - Non intersection,07 - Dark,03 - P.D. only,04 - Sideswipe,Byward Market
13508,SAI CRES btwn BLOHM DR & BLOHM DR,374710.6512,5026616.435,-75.60738954,45.37600178,2014-12-11,16:20,03 - Snow,03 - Loose snow,10 - No control,01 - Non intersection,05 - Dusk,03 - P.D. only,06 - SMV unattended vehicle,Industrial Park
13509,ALBION RD btwn LESTER RD & LEITRIM RD,373419.0046,5020606.08,-75.62471312,45.32205057,2014-12-19,16:36,01 - Clear,01 - Dry,10 - No control,01 - Non intersection,05 - Dusk,03 - P.D. only,03 - Rear end,Greenbelt
13510,ELGIN ST @ LAURIER AVE,367946.8097,5031550.051,-75.69310874,45.4210352,2014-12-19,13:00,01 - Clear,01 - Dry,01 - Traffic signal,02 - Intersection related,01 - Daylight,03 - P.D. only,04 - Sideswipe,Downtown