Record,Location,X,Y,lon,lat,Date,Time,Environment,Road_Surface,Traffic_Control,Collision_Location,Light,Collision_Classification,Impact_type,Neighborhood
13511,PAUL METIVIER DR btwn GLENDORE ST & TAPESTRY DR,365885.983,5014708.576,-75.72151944,45.26968119,2014-12-20,19:00,01 - Clear,01 - Dry,10 - No control,01 - Non intersection,07 - Dark,03 - P.D. only,06 - SMV unattended vehicle,New Barrhaven
13512,RENAUD RD @ RENAUD RD N,379766.6763,5032028.034,-75.54202107,45.42416906,2014-12-21,3:30,01 - Clear,06 - Ice,02 - Stop sign,02 - Intersection related,07 - Dark,03 - P.D. only,07 - SMV other,Greenbelt
13513,HIGHWAY 417 btwn HWY417 IC115 RAMP35 & HIGHWAY 417,372473.9748,5031503.528,-75.63527333,45.42019334,2014-04-17,17:14,01 - Clear,01 - Dry,10 - No control,01 - Non intersection,01 - Daylight,03 - P.D. only,03 - Rear end,Industrial Park
13514,HWY416 IC75B RAMP25 btwn HWY416 IC75C RAMP24 & HWY417 IC131 RAMP55,358534.4513,5022666.602,-75.81433752,45.34188842,2014-04-21,8:16,01 - Clear,01 - Dry,10 - No control,01 - Non intersection,01 - Daylight,03 - P.D. only,07 - SMV other,Greenbelt
13515,HIGHWAY 417 btwn HWY417 IC115 RAMP36 & HWY417 IC115 RAMP26,372276.4857,5031501.198,-75.63779684,45.42019145,2014-04-21,7:15,01 - Clear,01 - Dry,10 - No control,01 - Non intersection,01 - Daylight,03 - P.D. only,03 - Rear end,Overbrook
13516,MERIVALE RD @ WEST HUNT CLUB RD,365613.1691,5021940.602,-75.72410872,45.33477805,2014-02-11,9:20,01 - Clear,01 - Dry,01 - Traffic signal,03 - At intersection,01 - Daylight,03 - P.D. only,03 - Rear end,Industrial Park
13517,CATHERINE ST/HWY 417 O'CONN IC119BR76 @ O'CONN,368244.0245,5030392.572,-75.68946032,45.4105937,2014-02-11,11:35,01 - Clear,01 - Dry,01 - Traffic signal,02 - Intersection related,01 - Daylight,03 - P.D. only,04 - Sideswipe,Centretown
13518,OGILVIE RD @ BATHGATE DR/CITYPARK DR W,373828.0647,5032801.098,-75.61779119,45.43173591,2014-09-11,14:28,01 - Clear,01 - Dry,01 - Traffic signal,03 - At intersection,01 - Daylight,03 - P.D. only,05 - Turning movement,Industrial Park
13519,LEWIS ST @ METCALFE ST,368122.1339,5030924.523,-75.69094906,45.41539106,2014-09-11,15:03,01 - Clear,01 - Dry,02 - Stop sign,02 - Intersection related,01 - Daylight,03 - P.D. only,04 - Sideswipe,Centretown
13520,ALTA VISTA DR @ BANK ST,370245.6994,5026201.687,-75.66444614,45.37270128,2014-08-15,19:15,01 - Clear,01 - Dry,01 - Traffic signal,02 - Intersection related,01 - Daylight,03 - P.D. only,03 - Rear end,Ledbury - Heron Gate - Ridgemont - Elmwood
13521,HERON RD btwn BANK ST & EDGE HILL PL,370105.9215,5026868.817,-75.66614229,45.37871694,2014-11-02,15:46,01 - Clear,01 - Dry,10 - No control,01 - Non intersection,01 - Daylight,03 - P.D. only,04 - Sideswipe,Alta Vista
13522,HIGHWAY 417 btwn HWY417 IC118 RAMP57 & HWY417 IC118 RAMP35,369091.5285,5030794.636,-75.67858156,45.41413399,2014-05-05,16:12,01 - Clear,01 - Dry,10 - No control,01 - Non intersection,01 - Daylight,03 - P.D. only,03 - Rear end,Old Ottawa East
13523,HIGHWAY 417 btwn HWY417 IC117 RAMP35 & HWY417 IC117 RAMP25,371197.0811,5031359.721,-75.65160683,45.41902177,2014-05-11,13:50,01 - Clear,01 - Dry,10 - No control,01 - Non intersection,01 - Daylight,03 - P.D. only,04 - Sideswipe,Industrial Park
13524,HIGHWAY 417 btwn HWY417 IC110 RAMP55 & HWY417 IC110 RAMP65,375797.1424,5029104.727,-75.59316115,45.39828091,2014-06-20,15:41,01 - Clear,01 - Dry,10 - No control,01 - Non intersection,01 - Daylight,03 - P.D. only,03 - Rear end,Greenbelt
13525,HIGHWAY 417 btwn Continuation of HIGHWAY 417 & HWY417 IC134 RAMP51,353855.6294,5020731.569,-75.87422828,45.32481947,2014-06-20,15:27,01 - Clear,01 - Dry,10 - No control,01 - Non intersection,01 - Daylight,03 - P.D. only,07 - SMV other,Greenbelt
13526,HIGHWAY 417 btwn HWY417 IC110 RAMP55 & HWY417 IC110 RAMP65,375805.5251,5028880.853,-75.59308631,45.39626576,2014-06-20,21:00,01 - Clear,01 - Dry,10 - No control,01 - Non intersection,05 - Dusk,03 - P.D. only,07 - SMV other,Greenbelt
13527,HWY417 IC104 RAMP51 btwn HIGHWAY 417 & ANDERSON RD,379727.5857,5025961.72,-75.54344194,45.36959255,2014-05-29,18:15,01 - Clear,01 - Dry,10 - No control,01 - Non intersection,01 - Daylight,03 - P.D. only,03 - Rear end,Greenbelt
13528,MEDHURST DR btwn NESTOW DR & NESTOW DR,364332.2321,5022117.87,-75.74042891,45.33648293,2014-11-18,19:24,05 - Drifting Snow,06 - Ice,10 - No control,01 - Non intersection,07 - Dark,03 - P.D. only,06 - SMV unattended vehicle,Tanglewood
13529,FOURTH LINE RD btwn WILLISBROOK DR & LOCKHEAD RD W,367113.0003,4998637.195,-75.70789281,45.12496245,2014-11-18,19:27,06 - Strong wind,06 - Ice,10 - No control,01 - Non intersection,07 - Dark,03 - P.D. only,07 - SMV other,Manotick - North Gower
13530,OSGOODE MAIN ST btwn 2ND LINE RD & BLANCHFIELD RD,377179.938,5002406.521,-75.57939414,45.15791907,2014-11-18,19:44,01 - Clear,01 - Dry,10 - No control,01 - Non intersection,07 - Dark,03 - P.D. only,07 - SMV other,Kars - Osgoode
13531,PORTAGE BRIDGE SB btwn PROVINCIAL BOUNDARY & WELLINGTON ST,366422.8171,5031490.153,-75.71258797,45.42063216,2014-09-03,9:15,01 - Clear,01 - Dry,10 - No control,07 - Overpass or bridge,01 - Daylight,03 - P.D. only,04 - Sideswipe,LeBreto
13532,HORNCHURCH LANE btwn OAKWELL DR & NO NAME,364157.9147,5015453.188,-75.74345099,45.27652919,2014-11-21,9:30,01 - Clear,01 - Dry,10 - No control,01 - Non intersection,01 - Daylight,03 - P.D. only,06 - SMV unattended vehicle,New Barrhaven
13533,ALLENBY RD btwn COLLINGWOOD CRES & AYTON LANE (1),349533.7683,5023244.09,-75.92912953,45.34771649,2014-12-26,11:07,01 - Clear,01 - Dry,10 - No control,01 - Non intersection,01 - Daylight,03 - P.D. only,06 - SMV unattended vehicle,Morgan's Grant
13534,PORTOBELLO BLVD @ VALIN ST,385351.7161,5037697.094,-75.4697343,45.47455311,2014-11-05,18:33,01 - Clear,01 - Dry,02 - Stop sign,03 - At intersection,07 - Dark,03 - P.D. only,02 - Angle,Fallingbrook
13535,KENT ST @ MCLEOD ST,367787.6548,5030391.039,-75.69529037,45.41062113,2014-11-27,6:22,01 - Clear,01 - Dry,02 - Stop sign,03 - At intersection,07 - Dark,03 - P.D. only,05 - Turning movement,Centretown
13536,WEST HUNT CLUB RD EB btwn 545 E OF ROYDON PL/SUNDERLAND ST & ANTARES D,366942.7073,5022356.561,-75.70709504,45.33840429,2014-12-10,15:18,03 - Snow,04 - Slush,10 - No control,01 - Non intersection,01 - Daylight,03 - P.D. only,04 - Sideswipe,Industrial Park
13537,LEOPOLDS DR @ RIVERSIDE DR,368045.6539,5024049.987,-75.69280694,45.35354281,2014-12-11,19:32,01 - Clear,01 - Dry,02 - Stop sign,02 - Intersection related,07 - Dark,03 - P.D. only,02 - Angle,Hunt Club Woods - Quintarra - Revelstoke - Riverside South P
13538,RIDGEBROOK DR btwn MEADOWBROOK RD & ERIC CRES,374700.3824,5032082.842,-75.60674589,45.42518679,2014-12-11,22:01,01 - Clear,01 - Dry,10 - No control,01 - Non intersection,07 - Dark,03 - P.D. only,01 - Approaching,Pineview
13539,HAWTHORNE AVE/ISABELLA ST @ QUEEN ELIZABETH DR,368665.5378,5030477.011,-75.68406482,45.41131512,2014-12-19,15:00,01 - Clear,01 - Dry,01 - Traffic signal,02 - Intersection related,01 - Daylight,03 - P.D. only,03 - Rear end,The Glebe
13540,BRONSON AVE btwn RENFREW AVE & POWELL AVE,367359.562,5029537.786,-75.70086727,45.40298221,2014-12-19,18:27,01 - Clear,02 - Wet,10 - No control,04 - At/near private drive,07 - Dark,03 - P.D. only,02 - Angle,Centretown West
13541,HAZELDEAN RD @ TERRY FOX DR,352209.5112,5017240.076,-75.8955596,45.29351531,2014-12-20,17:30,01 - Clear,01 - Dry,01 - Traffic signal,02 - Intersection related,07 - Dark,03 - P.D. only,03 - Rear end,Glen Cairn - Kanata South Business Park
13542,REGIONAL RD 174 @ TRIM RD,384351.8533,5039990.816,-75.48214901,45.49530443,2014-12-21,11:03,01 - Clear,02 - Wet,01 - Traffic signal,02 - Intersection related,01 - Daylight,03 - P.D. only,03 - Rear end,Cumberland - Estates
13543,HIGHWAY 417 btwn HWY417 IC121B RAMP51 & HWY417 IC121A RAMP51,366749.8339,5029568.735,-75.70865126,45.40331491,2014-04-09,0:10,01 - Clear,01 - Dry,10 - No control,01 - Non intersection,07 - Dark,03 - P.D. only,07 - SMV other,Little Italy
13544,HIGHWAY 417 btwn HWY417 IC110 RAMP64 & HWY417 IC104 RAMP16,379063.9778,5026186.823,-75.55187883,45.37168852,2014-04-22,16:45,02 - Rain,02 - Wet,10 - No control,01 - Non intersection,01 - Daylight,03 - P.D. only,03 - Rear end,Greenbelt
13545,HIGHWAY 417 btwn HWY417 IC117 RAMP61 & HWY417 IC115 RAMP36,371550.7353,5031420.712,-75.64708022,45.41953689,2014-04-22,21:10,02 - Rain,02 - Wet,10 - No control,01 - Non intersection,07 - Dark,03 - P.D. only,07 - SMV other,Overbrook
13546,HIGHWAY 417 btwn HWY417 IC117 RAMP51 & HWY417 IC117 RAMP35,370791.4936,5031186.506,-75.65681188,45.41750163,2014-04-24,17:35,01 - Clear,01 - Dry,10 - No control,01 - Non intersection,01 - Daylight,03 - P.D. only,03 - Rear end,Industrial Park
13547,LEES AVE / GRAHAM AVE @ MAIN ST,369001.3471,5030560.362,-75.67976416,45.41203436,2014-09-11,15:53,01 - Clear,01 - Dry,01 - Traffic signal,03 - At intersection,01 - Daylight,03 - P.D. only,05 - Turning movement,Old Ottawa East
13548,BAY ST btwn LAURIER AVE W & GLOUCESTER ST,367064.7489,5030945.899,-75.70445498,45.41567829,2014-09-11,6:45,01 - Clear,01 - Dry,10 - No control,01 - Non intersection,03 - Dawn,03 - P.D. only,99 - Other,Downtown
13549,HINTON AVE @ WELLINGTON ST,365003.8333,5029196.461,-75.73099812,45.40011761,2014-11-03,10:28,01 - Clear,01 - Dry,02 - Stop sign,02 - Intersection related,01 - Daylight,03 - P.D. only,04 - Sideswipe,Islan
13550,ST. LAURENT BLVD btwn INDUSTRIAL AVE & BOURASSA ST,373216.0518,5029733.845,-75.62603793,45.4041984,2014-11-03,11:40,01 - Clear,01 - Dry,10 - No control,01 - Non intersection,01 - Daylight,03 - P.D. only,03 - Rear end,Industrial Park
13551,HIGHWAY 417 btwn HWY417 IC129 RAMP61 & TRANSIT,360977.3885,5023961.74,-75.78302044,45.35335066,2014-05-11,5:16,01 - Clear,01 - Dry,10 - No control,01 - Non intersection,03 - Dawn,03 - P.D. only,07 - SMV other,Whitehaven - Queensway Terrace North
13552,HIGHWAY 417 btwn HWY417 IC118 RAMP35 & HWY417 IC117 RAMP51,369795.0099,5031136.842,-75.66954937,45.41714804,2014-05-12,7:15,01 - Clear,01 - Dry,10 - No control,01 - Non intersection,01 - Daylight,03 - P.D. only,03 - Rear end,Old Ottawa East
13553,HIGHWAY 417 btwn HWY417 IC118 RAMP35 & HWY417 IC117 RAMP51,369808.9119,5031138.106,-75.66937159,45.41715813,2014-05-12,11:33,01 - Clear,01 - Dry,10 - No control,01 - Non intersection,01 - Daylight,03 - P.D. only,04 - Sideswipe,Old Ottawa East
13554,HWY417 IC144 RAMP63 btwn CARP RD & HWY417 IC144 RAMP62,347342.8645,5015963.081,-75.95771273,45.28233594,2014-05-12,14:30,01 - Clear,01 - Dry,10 - No control,01 - Non intersection,01 - Daylight,03 - P.D. only,03 - Rear end,Stittsville - Basswood
13555,HIGHWAY 417 btwn HWY417 IC145 RAMP56 & Continuation of HIGHWAY 417,346260.1614,5014891.538,-75.97160268,45.27275845,2014-06-21,5:50,01 - Clear,01 - Dry,10 - No control,01 - Non intersection,01 - Daylight,03 - P.D. only,07 - SMV other,Stittsville - Basswood
13556,HWY 417 VANIER IC117R63 @ VANIER PKWY,370797.4556,5031397.482,-75.65670745,45.41939934,2014-06-19,14:20,00 - Unknown,01 - Dry,01 - Traffic signal,02 - Intersection related,01 - Daylight,03 - P.D. only,99 - Other,Overbrook
13557,PORTOBELLO BLVD btwn BRIAN COBURN BLVD & SUMMER DAYS WALK/STORMWIND AVE,385868.3955,5035216.272,-75.46353611,45.45217332,2014-07-23,16:00,01 - Clear,01 - Dry,10 - No control,04 - At/near private drive,01 - Daylight,03 - P.D. only,07 - SMV other,Summerside
13558,NAVAN RD @ PAGE RD,381657.8598,5032771.975,-75.51774158,45.43065723,2014-11-18,20:10,03 - Snow,03 - Loose snow,02 - Stop sign,03 - At intersection,07 - Dark,03 - P.D. only,02 - Angle,Chapel Hill South
13559,KEYROCK DR btwn BRUNSKILL WAY & FLETCHER CIRC,349597.1539,5020245.29,-75.92859211,45.3207285,2014-11-21,11:15,01 - Clear,01 - Dry,10 - No control,01 - Non intersection,01 - Daylight,03 - P.D. only,05 - Turning movement,Kanata Lakes - Marchwood Lakeside - Morgan's Grant - Kanata
13560,HWY417 IC121A RAMP51 btwn HIGHWAY 417 & BRONSON AVE,367192.7504,5029679.679,-75.70297995,45.40427381,2014-11-21,17:10,01 - Clear,01 - Dry,10 - No control,01 - Non intersection,05 - Dusk,03 - P.D. only,03 - Rear end,The Glebe Annex
13561,AQUAVIEW DR btwn LAVOIE ST & SCHUBERT CIRC,385315.1064,5035849.378,-75.47050514,45.45793337,2014-10-23,7:15,01 - Clear,01 - Dry,10 - No control,04 - At/near private drive,01 - Daylight,03 - P.D. only,06 - SMV unattended vehicle,Avalon
13562,INNES RD @ ORCHARDVIEW AVE/ESPRIT DR,384845.7147,5036560.084,-75.47639027,45.46438156,2014-11-26,17:55,01 - Clear,01 - Dry,01 - Traffic signal,03 - At intersection,07 - Dark,03 - P.D. only,03 - Rear end,Fallingbrook
13563,AVIATION PKWY @ OGILVIE RD,373110.7142,5032377.061,-75.62701699,45.42799108,2014-12-10,19:01,03 - Snow,03 - Loose snow,01 - Traffic signal,02 - Intersection related,07 - Dark,03 - P.D. only,07 - SMV other,Industrial Park
13564,JOCKVALE RD btwn GOLFLINKS DR & PRINCE OF WALES DR,366637.4879,5012207.274,-75.71225444,45.24710889,2014-12-10,19:08,03 - Snow,03 - Loose snow,10 - No control,01 - Non intersection,07 - Dark,03 - P.D. only,01 - Approaching,New Barrhaven
13565,PRESTON ST btwn GEORGE ST W & ABERDEEN ST,366646.9441,5029353.439,-75.70999246,45.40138683,2014-12-11,22:49,01 - Clear,04 - Slush,10 - No control,01 - Non intersection,07 - Dark,03 - P.D. only,03 - Rear end,Little Italy
13566,ALTA VISTA DR @ BANK ST,370248.0691,5026202.165,-75.66441582,45.37270536,2014-12-18,17:00,01 - Clear,01 - Dry,01 - Traffic signal,02 - Intersection related,07 - Dark,03 - P.D. only,03 - Rear end,Ledbury - Heron Gate - Ridgemont - Elmwood
13567,SIR GUY CARLETON ST btwn MARIPOSA AVE & MAPLE LANE,368990.9161,5034556.313,-75.67937653,45.44798937,2014-12-17,16:00,01 - Clear,01 - Dry,10 - No control,01 - Non intersection,05 - Dusk,03 - P.D. only,06 - SMV unattended vehicle,Rockcliffe - Manor Park
13568,WEST HUNT CLUB RD @ CLEOPATRA DR/LANCELOT DR,365234.7499,5021732.019,-75.72896185,45.33293394,2014-12-20,9:36,01 - Clear,01 - Dry,01 - Traffic signal,02 - Intersection related,01 - Daylight,03 - P.D. only,03 - Rear end,Tanglewood
13569,HWY417 IC118 RAMP35 btwn HWY417 IC118 RAMP45 & HIGHWAY 417,369766.3705,5031133.498,-75.6699157,45.41712062,2014-04-27,0:08,02 - Rain,02 - Wet,10 - No control,01 - Non intersection,07 - Dark,03 - P.D. only,03 - Rear end,Old Ottawa East
13570,HIGHWAY 417 btwn HWY417 IC119A RAMP75 & HWY417 IC118 RAMP57,369051.2046,5030761.697,-75.679101,45.41384132,2014-03-23,22:00,01 - Clear,02 - Wet,10 - No control,01 - Non intersection,07 - Dark,03 - P.D. only,99 - Other,Old Ottawa East
13571,HAIG DR @ SMYTH RD,372566.1467,5029298.548,-75.63439883,45.400345,2014-09-11,16:30,01 - Clear,01 - Dry,01 - Traffic signal,03 - At intersection,01 - Daylight,03 - P.D. only,05 - Turning movement,Elmvale - Eastway - Riverview - Riverview Park West
13572,CUMMINGS AVE btwn WELDON DR & OGILVIE RD,372743.1515,5032182.434,-75.63174059,45.42627572,2014-09-11,18:43,01 - Clear,01 - Dry,10 - No control,04 - At/near private drive,01 - Daylight,03 - P.D. only,02 - Angle,Cummings
13573,MONTREAL RD @ NORTH RIVER RD,369739.2348,5032885.689,-75.67003138,45.43288866,2014-11-03,11:52,01 - Clear,01 - Dry,01 - Traffic signal,03 - At intersection,01 - Daylight,03 - P.D. only,02 - Angle,Vanier South
13574,HUNT CLUB RD @ CANADAIR PRIV,368663.1913,5022309.598,-75.68515093,45.33782723,2014-11-03,14:50,01 - Clear,01 - Dry,01 - Traffic signal,02 - Intersection related,01 - Daylight,03 - P.D. only,04 - Sideswipe,Hunt Club - Ottawa Airport
13575,HIGHWAY 417 btwn HWY417 IC122 RAMP16 & HWY417 IC122 RAMP61,365170.3475,5028758.351,-75.72892499,45.39616125,2014-05-28,15:20,01 - Clear,01 - Dry,10 - No control,01 - Non intersection,01 - Daylight,03 - P.D. only,03 - Rear end,Civi
13576,HIGHWAY 417 btwn HWY417 IC118 RAMP67 & HWY417 IC117 RAMP36,370216.9629,5031116.911,-75.66416124,45.41692939,2014-06-02,13:50,01 - Clear,01 - Dry,10 - No control,01 - Non intersection,01 - Daylight,03 - P.D. only,04 - Sideswipe,Sandy Hill
13577,HIGHWAY 417 btwn HWY417 IC110 RAMP64 & HWY417 IC104 RAMP16,379952.5741,5025976.432,-75.5405678,45.36970083,2014-06-08,20:20,01 - Clear,01 - Dry,10 - No control,01 - Non intersection,05 - Dusk,03 - P.D. only,07 - SMV other,Greenbelt
13578,HIGHWAY 417 btwn HWY417 IC122 RAMP15 & HWY417 IC121B RAMP51,366275.2683,5029414.549,-75.71473202,45.40196942,2014-06-17,9:15,01 - Clear,01 - Dry,10 - No control,01 - Non intersection,01 - Daylight,03 - P.D. only,04 - Sideswipe,Centretown West
13579,HIGHWAY 417 btwn HWY417 IC126 RAMP16 & HWY417 IC126 RAMP61,363162.9796,5025863.695,-75.75490394,45.37028574,2014-06-22,20:15,01 - Clear,01 - Dry,10 - No control,01 - Non intersection,01 - Daylight,03 - P.D. only,04 - Sideswipe,Carlingwood West - Glabar Park - McKellar Heights
13580,HWY417 IC145 RAMP56 btwn RAMP & HIGHWAY 417,346217.5074,5015014.76,-75.97213599,45.27386977,2014-06-20,4:45,01 - Clear,01 - Dry,10 - No control,01 - Non intersection,07 - Dark,03 - P.D. only,07 - SMV other,Stittsville - Basswood
13581,HIGHWAY 417 btwn HWY417 IC118 RAMP57 & HWY417 IC118 RAMP35,369296.5837,5030933.024,-75.67594384,45.41536029,2014-06-11,18:08,02 - Rain,02 - Wet,10 - No control,01 - Non intersection,01 - Daylight,03 - P.D. only,04 - Sideswipe,Old Ottawa East
13582,MEDHURST DR btwn NESTOW DR & NESTOW DR,364354.29,5022072.399,-75.74015297,45.33607192,2014-11-18,21:08,03 - Snow,03 - Loose snow,10 - No control,01 - Non intersection,07 - Dark,03 - P.D. only,01 - Approaching,Tanglewood
13583,BRIAN COBURN BLVD @ TENTH LINE RD,384428.3389,5035022.308,-75.48197576,45.45059377,2014-11-21,17:28,01 - Clear,01 - Dry,01 - Traffic signal,03 - At intersection,07 - Dark,03 - P.D. only,05 - Turning movement,Avalon
13584,BRONSON AVE btwn KIPPEWA DR & FOURTH AVE,367566.218,5029053.229,-75.69828938,45.39860381,2014-11-21,17:20,01 - Clear,01 - Dry,10 - No control,01 - Non intersection,05 - Dusk,03 - P.D. only,03 - Rear end,The Glebe
13585,CRESTWAY DR @ STRANDHERD DR,366347.8529,5015472.559,-75.71553921,45.2765152,2014-01-27,8:49,03 - Snow,03 - Loose snow,01 - Traffic signal,03 - At intersection,01 - Daylight,03 - P.D. only,02 - Angle,Chapman Mills - Rideau Crest - Davidson Heights
13586,HOLLAND AVE btwn FISHER AVE & ISLAND PARK DR,365402.8948,5027860.053,-75.72606541,45.38805847,2014-11-18,17:49,01 - Clear,01 - Dry,10 - No control,01 - Non intersection,07 - Dark,03 - P.D. only,04 - Sideswipe,Civic Hospital - Experimental Farm - Central Park
13587,INNES RD @ JEANNE D'ARC BLVD/MER BLEUE RD,382638.7037,5035568.029,-75.50476583,45.45570532,2014-11-17,17:00,01 - Clear,01 - Dry,01 - Traffic signal,02 - Intersection related,07 - Dark,03 - P.D. only,03 - Rear end,Chapel Hill South
13588,WATTERS RD btwn MONTCREST DR & TRIM RD,384900.9189,5038655.529,-75.47534282,45.48322803,2014-11-28,6:10,01 - Clear,01 - Dry,10 - No control,04 - At/near private drive,07 - Dark,03 - P.D. only,02 - Angle,Cardinal Creek
13589,WOODROFFE AVE btwn HWY417 IC127 RAMP63 & HWY417 IC127 RAMP35,362135.8936,5024814.577,-75.76813697,45.36093065,2014-11-28,6:25,01 - Clear,01 - Dry,10 - No control,01 - Non intersection,03 - Dawn,03 - P.D. only,03 - Rear end,Braemar Park - Bel Air Heights - Copeland Park
13590,BERRIGAN DR btwn CROXLEY WAY & CLARIDGE DR,364640.7625,5015840.204,-75.73725072,45.27997063,2014-12-19,9:59,01 - Clear,01 - Dry,10 - No control,01 - Non intersection,01 - Daylight,03 - P.D. only,04 - Sideswipe,New Barrhaven
13591,ABBEYDALE CIRC btwn Continuation of ABBEYDALE CIRC & Continuation of A,348404.0547,5023044.698,-75.94356327,45.34599346,2014-12-20,17:06,01 - Clear,05 - Packed snow,10 - No control,04 - At/near private drive,07 - Dark,03 - P.D. only,06 - SMV unattended vehicle,Morgan's Grant
13592,RIVER MIST RD btwn DUNDONALD DR & WHITE ARCTIC,364714.9791,5011998.489,-75.73676815,45.24539652,2014-01-14,6:00,01 - Clear,01 - Dry,10 - No control,04 - At/near private drive,07 - Dark,03 - P.D. only,06 - SMV unattended vehicle,New Barrhaven
13593,ALTA VISTA DR @ FAIRCREST RD,370433.666,5028972.022,-75.66167823,45.39761021,2014-12-20,9:52,01 - Clear,01 - Dry,02 - Stop sign,02 - Intersection related,01 - Daylight,03 - P.D. only,03 - Rear end,Alta Vista
13594,HAZELDEAN RD @ TERRY FOX DR,352208.118,5017242.704,-75.89557711,45.29353905,2014-12-20,10:09,01 - Clear,01 - Dry,01 - Traffic signal,02 - Intersection related,01 - Daylight,03 - P.D. only,03 - Rear end,Glen Cairn - Kanata South Business Park
13595,HIGHWAY 417 btwn HWY417 IC117 RAMP26 & HWY417 IC117 RAMP61,370852.4319,5031228.762,-75.65602768,45.41787608,2014-04-10,12:40,01 - Clear,01 - Dry,10 - No control,01 - Non intersection,01 - Daylight,03 - P.D. only,03 - Rear end,Industrial Park
13596,HWY417 IC131 RAMP53 btwn HIGHWAY 417 & HWY417 IC131 RAMP63,358465.2569,5022369.919,-75.81525258,45.33922415,2014-04-28,17:10,01 - Clear,01 - Dry,10 - No control,01 - Non intersection,01 - Daylight,03 - P.D. only,03 - Rear end,Greenbelt
13597,HIGHWAY 417 btwn HWY417 IC118 RAMP57 & HWY417 IC118 RAMP35,369754.4036,5031136.816,-75.67006815,45.41715158,2014-04-28,21:38,01 - Clear,01 - Dry,10 - No control,01 - Non intersection,07 - Dark,03 - P.D. only,03 - Rear end,Old Ottawa East
13598,HIGHWAY 417 btwn HWY417 IC117 RAMP36 & HWY417 IC117 RAMP26,370438.7638,5031147.242,-75.66132353,45.41718152,2014-04-28,7:35,01 - Clear,01 - Dry,10 - No control,01 - Non intersection,01 - Daylight,03 - P.D. only,04 - Sideswipe,Industrial Park
13599,EAGLESON RD btwn HWY417 IC138 RAMP35 & HWY417 IC138 RAMP25,352983.6617,5020137.209,-75.8854086,45.3195317,2014-09-11,18:30,01 - Clear,01 - Dry,10 - No control,01 - Non intersection,05 - Dusk,03 - P.D. only,03 - Rear end,Greenbelt
13600,O'CONNOR ST @ WELLINGTON ST,367411.3295,5031722.583,-75.69992852,45.42263572,2014-09-11,18:00,01 - Clear,01 - Dry,01 - Traffic signal,02 - Intersection related,01 - Daylight,03 - P.D. only,03 - Rear end,Downtown
13601,HIGHWAY 7 btwn ASHTON STATION RD & OVERPASS RD,340437.6007,5004702.219,-76.04653655,45.1813882,2014-06-02,22:45,01 - Clear,01 - Dry,10 - No control,01 - Non intersection,07 - Dark,03 - P.D. only,07 - SMV other,Munster Hamlet - Richmond
13602,HIGHWAY 417 btwn HWY417 IC118 RAMP57 & HWY417 IC118 RAMP35,369295.6359,5030932.076,-75.67595608,45.41535184,2014-05-28,14:45,01 - Clear,01 - Dry,10 - No control,01 - Non intersection,01 - Daylight,03 - P.D. only,03 - Rear end,Old Ottawa East
13603,HIGHWAY 417 btwn HWY417 IC126 RAMP61 & HWY417 IC124 RAMP76,363952.7577,5026909.663,-75.74469676,45.37963099,2014-06-04,16:55,01 - Clear,01 - Dry,10 - No control,01 - Non intersection,01 - Daylight,03 - P.D. only,03 - Rear end,Carlingwood West - Glabar Park - McKellar Heights
13604,HIGHWAY 417 btwn HWY417 IC118 RAMP57 & HWY417 IC118 RAMP35,369489.9487,5031059.091,-75.67345698,45.41647674,2014-06-04,15:30,01 - Clear,01 - Dry,10 - No control,01 - Non intersection,01 - Daylight,03 - P.D. only,03 - Rear end,Old Ottawa East
13605,HWY417 IC130 RAMP61 btwn HWY417 IC130 RAMP66 & RAMP,359557.4413,5023141.517,-75.80123236,45.3460826,2014-06-23,7:30,01 - Clear,01 - Dry,10 - No control,01 - Non intersection,01 - Daylight,03 - P.D. only,07 - SMV other,Bayshore
13606,HIGHWAY 417 btwn HWY417 IC118 RAMP76 & HWY417 IC118 RAMP67,369657.7212,5031138.711,-75.6713031,45.4171776,2014-06-23,11:00,01 - Clear,01 - Dry,10 - No control,01 - Non intersection,01 - Daylight,03 - P.D. only,07 - SMV other,Sandy Hill
13607,HIGHWAY 417 btwn HWY417 IC142 RAMP16 & HWY417 IC142 RAMP61,348916.9527,5017244.847,-75.93753504,45.29377267,2014-06-12,22:54,01 - Clear,01 - Dry,10 - No control,01 - Non intersection,07 - Dark,03 - P.D. only,07 - SMV other,Stittsville - Basswood
13608,HIGHWAY 7 btwn HWY 7 HAZELDEAN RD IC RAMP 34 & HAZELDEAN RD IC RAMP 63,346368.1007,5012368.828,-75.97043816,45.25005165,2014-06-22,20:59,01 - Clear,01 - Dry,10 - No control,01 - Non intersection,05 - Dusk,03 - P.D. only,07 - SMV other,Stittsville - Basswood
13609,LABELLE ST/RAMP @ LEMIEUX ST/HWY417 IC115 RAMP,372540.3395,5031688.124,-75.63440005,45.42184782,2014-06-24,14:50,02 - Rain,02 - Wet,02 - Stop sign,03 - At intersection,01 - Daylight,03 - P.D. only,02 - Angle,Cummings
13610,WEST HUNT CLUB RD @ ROYDON PL/SUNDERLAND ST,365976.558,5022168.065,-75.71944469,45.33679314,2014-11-18,22:15,03 - Snow,03 - Loose snow,01 - Traffic signal,02 - Intersection related,07 - Dark,03 - P.D. only,03 - Rear end,Industrial Park
13611,MCCARTHY RD btwn PAUL ANKA DR & HUNTVIEW PRIV,369864.7155,5023810.584,-75.6696245,45.35122231,2014-11-18,22:26,03 - Snow,05 - Packed snow,10 - No control,01 - Non intersection,07 - Dark,03 - P.D. only,03 - Rear end,Hunt Club East - Western Community