Record,Location,X,Y,lon,lat,Date,Time,Environment,Road_Surface,Traffic_Control,Collision_Location,Light,Collision_Classification,Impact_type,Neighborhood
13612,GREENBANK RD NB btwn TO BE DETERMINED & HWY417 IC129 RAMP51,360559.8126,5023213.207,-75.78843385,45.3466487,2014-11-21,19:26,01 - Clear,06 - Ice,10 - No control,01 - Non intersection,07 - Dark,03 - P.D. only,03 - Rear end,Iris
13613,INNES RD @ JEANNE D'ARC BLVD/MER BLEUE RD,382638.7037,5035568.029,-75.50476583,45.45570532,2014-08-09,14:55,01 - Clear,01 - Dry,01 - Traffic signal,02 - Intersection related,01 - Daylight,03 - P.D. only,03 - Rear end,Chapel Hill South
13614,COOPER ST btwn CARTIER ST & DRIVEWAY (THE),368467.2018,5031479.854,-75.68646891,45.42035643,2014-11-24,9:00,01 - Clear,01 - Dry,10 - No control,01 - Non intersection,01 - Daylight,03 - P.D. only,06 - SMV unattended vehicle,Golden Triangle
13615,RIVERSIDE DR @ TREMBLAY RD/HWY417 IC117 RAMP52,370801.128,5031016.383,-75.65671158,45.41597002,2014-11-28,11:09,01 - Clear,01 - Dry,01 - Traffic signal,02 - Intersection related,01 - Daylight,03 - P.D. only,03 - Rear end,Industrial Park
13616,BASELINE RD btwn ROCKWAY CRES & SOUTHWOOD DR,361205.8807,5022943.588,-75.7802206,45.34417102,2014-12-01,17:48,03 - Snow,03 - Loose snow,10 - No control,01 - Non intersection,07 - Dark,03 - P.D. only,04 - Sideswipe,Iris
13617,INNES RD @ PAGE RD,380887.749,5034539.129,-75.52730914,45.44664094,2014-12-10,20:15,03 - Snow,03 - Loose snow,01 - Traffic signal,02 - Intersection related,07 - Dark,03 - P.D. only,03 - Rear end,Chapel Hill South
13618,CARLING AVE @ CLYDE AVE/COLE AVE,363520.6906,5026849.117,-75.75022041,45.37912255,2014-12-11,3:15,03 - Snow,03 - Loose snow,01 - Traffic signal,03 - At intersection,07 - Dark,03 - P.D. only,07 - SMV other,Carlingwood - McKellar Park - Laurentien View
13619,LANDSWOOD WAY btwn WEST RIDGE DR & WEST RIDGE DR,350032.7283,5011806.153,-75.92380566,45.24476249,2014-12-20,0:00,01 - Clear,03 - Loose snow,10 - No control,01 - Non intersection,00 - Unknown,03 - P.D. only,06 - SMV unattended vehicle,Stittsville
13620,WEST HUNT CLUB RD EB btwn WOODROFFE AVE & 354 E OF WOODROFFE AVE/REC P,363811.3086,5021351.477,-75.74716616,45.32963099,2014-12-23,13:43,02 - Rain,02 - Wet,10 - No control,01 - Non intersection,01 - Daylight,03 - P.D. only,04 - Sideswipe,Tanglewood
13621,RIVERSIDE DR NB btwn SMYTH RD SOUTH SIDE RAMP & SMYTH RD NORTH SIDE RA,369928.1124,5029308.19,-75.66809046,45.40068214,2014-12-20,10:47,01 - Clear,06 - Ice,10 - No control,01 - Non intersection,01 - Daylight,03 - P.D. only,03 - Rear end,Industrial Park
13622,INDUSTRIAL AVE @ ALTA VISTA DR/SANDFORD FLEMIN,370883.7737,5030558.045,-75.65571719,45.41183828,2014-09-16,13:48,01 - Clear,01 - Dry,01 - Traffic signal,02 - Intersection related,01 - Daylight,03 - P.D. only,03 - Rear end,Industrial Park
13623,HIGHWAY 417 btwn HWY417 IC117 RAMP25 & HWY417 IC115 RAMP51,371261.5127,5031370.939,-75.65078212,45.41911659,2014-04-30,8:10,02 - Rain,02 - Wet,10 - No control,01 - Non intersection,01 - Daylight,03 - P.D. only,04 - Sideswipe,Industrial Park
13624,HIGHWAY 417 btwn HWY417 IC124 RAMP76 & HWY417 IC124 RAMP67,364199.2032,5027241.416,-75.74151033,45.3825952,2014-04-30,16:55,02 - Rain,02 - Wet,10 - No control,01 - Non intersection,01 - Daylight,03 - P.D. only,03 - Rear end,Westboro
13625,HIGHWAY 417 btwn HWY417 IC180 RAMP61 & HWY417 IC169 RAMP36,320427.6212,5030374.051,-76.30033788,45.41312845,2014-05-01,14:58,01 - Clear,01 - Dry,10 - No control,01 - Non intersection,01 - Daylight,03 - P.D. only,07 - SMV other,McNab/Braeside
13626,HIGHWAY 417 btwn HWY417 IC129 RAMP25 & HWY417 IC129 RAMP35,360691.1326,5023709.608,-75.78670207,45.35110485,2014-05-01,9:50,01 - Clear,02 - Wet,10 - No control,01 - Non intersection,01 - Daylight,03 - P.D. only,03 - Rear end,Iris
13627,LYON ST @ WELLINGTON ST,366935.7449,5031426.166,-75.70604252,45.42001105,2014-09-12,14:03,01 - Clear,01 - Dry,01 - Traffic signal,03 - At intersection,01 - Daylight,03 - P.D. only,04 - Sideswipe,Downtown
13628,VICTORIA ST btwn TURN LANE & ANDREW SIMPSON DR,383952.6076,5010278.95,-75.4920151,45.22802467,2014-09-13,12:07,02 - Rain,02 - Wet,10 - No control,01 - Non intersection,01 - Daylight,03 - P.D. only,03 - Rear end,Metcalfe
13629,WOODROFFE AVE @ FIRESTATION,362495.0451,5023911.303,-75.76365839,45.3527736,2014-11-03,17:28,01 - Clear,01 - Dry,01 - Traffic signal,02 - Intersection related,07 - Dark,03 - P.D. only,03 - Rear end,Iris
13630,GREENBANK RD @ MALVERN DR/FOXFIELD DR,363310.2646,5016195.381,-75.75416633,45.28327851,2014-11-03,17:30,01 - Clear,01 - Dry,01 - Traffic signal,02 - Intersection related,07 - Dark,03 - P.D. only,03 - Rear end,Barrhaven West - Old Barrhaven
13631,HWY417 IC117 RAMP61 btwn HWY417 IC117 RAMP63 & HIGHWAY 417,371173.7472,5031379.642,-75.65190226,45.41920323,2014-06-05,11:37,01 - Clear,01 - Dry,10 - No control,01 - Non intersection,01 - Daylight,03 - P.D. only,07 - SMV other,Overbrook
13632,HIGHWAY 416 btwn HWY416 IC49 RAMP42 & HWY416 IC49 RAMP24,369295.4432,5000860.498,-75.67986623,45.14477215,2014-05-18,18:00,01 - Clear,01 - Dry,10 - No control,01 - Non intersection,01 - Daylight,03 - P.D. only,07 - SMV other,Kars - Osgoode
13633,HIGHWAY 417 btwn HWY417 IC155 RAMP61 & HWY417 IC145 RAMP56,343355.3552,5016585.561,-76.00849054,45.2881673,2014-06-02,13:10,01 - Clear,01 - Dry,10 - No control,01 - Non intersection,01 - Daylight,03 - P.D. only,07 - SMV other,Carp - Hardwood Plains
13634,HIGHWAY 417 btwn HWY417 IC121B RAMP51 & HWY417 IC121A RAMP51,366754.5732,5029569.683,-75.70859061,45.40332302,2014-06-24,16:51,02 - Rain,02 - Wet,10 - No control,01 - Non intersection,01 - Daylight,03 - P.D. only,04 - Sideswipe,Little Italy
13635,HIGHWAY 417 btwn HWY417 IC117 RAMP61 & HWY417 IC115 RAMP36,371554.5268,5031418.816,-75.64703204,45.41951947,2014-06-24,16:30,01 - Clear,02 - Wet,10 - No control,01 - Non intersection,01 - Daylight,03 - P.D. only,03 - Rear end,Industrial Park
13636,HIGHWAY 417 btwn HWY417 IC144 RAMP16 & HWY417 IC144 RAMP61,347418.9466,5015879.422,-75.95675015,45.28157853,2014-06-24,22:00,02 - Rain,02 - Wet,10 - No control,01 - Non intersection,07 - Dark,03 - P.D. only,07 - SMV other,Stittsville - Basswood
13637,EASTVALE DR btwn TISDALE CRES & FILLMORE CRES,375272.9822,5036087.63,-75.59885605,45.46116206,2014-11-18,0:00,00 - Unknown,00 - Unknown,10 - No control,01 - Non intersection,00 - Unknown,03 - P.D. only,06 - SMV unattended vehicle,Beacon Hill North
13638,HALIFAX DR btwn DAKOTA AVE & WALKLEY RD,373575.474,5027948.63,-75.62169602,45.38810063,2014-11-19,7:57,01 - Clear,06 - Ice,10 - No control,01 - Non intersection,01 - Daylight,03 - P.D. only,06 - SMV unattended vehicle,Urbandale
13639,OGILVIE RD @ BATHGATE DR/CITYPARK DR W,373827.772,5032800.101,-75.61779507,45.43172697,2014-11-21,19:54,01 - Clear,01 - Dry,01 - Traffic signal,02 - Intersection related,07 - Dark,03 - P.D. only,03 - Rear end,Industrial Park
13640,LEITRIM RD btwn RAMSAYVILLE RD & ANDERSON RD,378914.7409,5023980.155,-75.55411479,45.35184999,2014-11-21,17:30,01 - Clear,02 - Wet,10 - No control,01 - Non intersection,07 - Dark,03 - P.D. only,07 - SMV other,Greenbelt
13641,RIVER RD btwn EARL ARMSTRONG RD & NICOLLS ISLAND RD,367496.1048,5014459.883,-75.7010334,45.26730178,2014-08-14,11:51,01 - Clear,01 - Dry,10 - No control,01 - Non intersection,01 - Daylight,03 - P.D. only,07 - SMV other,Greenbelt
13642,GREENBANK RD btwn JOCKVALE RD & CAMBRIAN RD,364373.6491,5013414.305,-75.74094614,45.25816506,2014-08-26,16:15,01 - Clear,01 - Dry,10 - No control,01 - Non intersection,01 - Daylight,03 - P.D. only,07 - SMV other,New Barrhaven
13643,WALKLEY RD btwn CONROY RD & HARDING RD,372987.3331,5027516.263,-75.62926579,45.38426788,2014-11-24,17:13,02 - Rain,02 - Wet,10 - No control,01 - Non intersection,05 - Dusk,03 - P.D. only,04 - Sideswipe,Elmvale - Eastway - Riverview - Riverview Park West
13644,INNES RD @ 260 E OF BELCOURT BLVD/WALMART SC,382348.1495,5035399.441,-75.50850683,45.45422081,2014-11-25,11:08,01 - Clear,01 - Dry,01 - Traffic signal,02 - Intersection related,01 - Daylight,03 - P.D. only,03 - Rear end,Chapel Hill South
13645,PARKDALE AVE @ HWY 417 PARKDAL IC122R15/HWY 41,365336.6982,5028845.08,-75.72678984,45.39692725,2014-12-02,14:57,01 - Clear,01 - Dry,01 - Traffic signal,02 - Intersection related,01 - Daylight,03 - P.D. only,03 - Rear end,Civic Hospital - Experimental Farm - Central Park
13646,WEST HUNT CLUB RD @ CLEOPATRA DR/LANCELOT DR,365235.7,5021732.019,-75.72894973,45.33293385,2014-12-03,14:34,03 - Snow,02 - Wet,01 - Traffic signal,02 - Intersection related,01 - Daylight,03 - P.D. only,03 - Rear end,Tanglewood
13647,RICHMOND RD btwn GOLDEN AVE & BERKLEY AVE,362868.0691,5028030.902,-75.75841373,45.38981049,2014-12-10,21:26,03 - Snow,03 - Loose snow,10 - No control,01 - Non intersection,07 - Dark,03 - P.D. only,06 - SMV unattended vehicle,Carlingwood - McKellar Park - Laurentien View
13648,UPPER DWYER HILL RD btwn MANTIL SIDE RD & VAUGHAN SIDE RD,330165.6926,5018773.004,-76.17651905,45.30845106,2014-12-11,4:54,01 - Clear,03 - Loose snow,10 - No control,01 - Non intersection,07 - Dark,03 - P.D. only,07 - SMV other,Carp - Hardwood Plains
13649,BASELINE RD @ CENTREPOINTE DR W/COBDEN RD,361632.7313,5023207.035,-75.77474385,45.34650705,2014-12-11,5:31,03 - Snow,03 - Loose snow,01 - Traffic signal,02 - Intersection related,07 - Dark,03 - P.D. only,07 - SMV other,Iris
13650,LONGFIELDS DR btwn MOUNTSHANNON DR & WOODROFFE AVE,365357.5119,5017071.315,-75.72796538,45.29098674,2014-05-23,15:51,01 - Clear,01 - Dry,10 - No control,04 - At/near private drive,01 - Daylight,03 - P.D. only,05 - Turning movement,Greenbelt
13651,QUEEN ST btwn BAY ST & LYON ST N,366917.1398,5031225.728,-75.7063055,45.41820923,2014-12-20,10:56,01 - Clear,02 - Wet,10 - No control,01 - Non intersection,01 - Daylight,03 - P.D. only,06 - SMV unattended vehicle,Downtown
13652,ST. LAURENT BLVD @ MCARTHUR AVE,371920.7689,5032889.95,-75.64215236,45.43272102,2014-12-20,11:23,01 - Clear,01 - Dry,01 - Traffic signal,02 - Intersection related,01 - Daylight,03 - P.D. only,03 - Rear end,Cummings
13653,COVENTRY RD @ VANIER PKWY,370678.2851,5031612.178,-75.6582013,45.42134232,2014-09-23,20:52,01 - Clear,01 - Dry,01 - Traffic signal,02 - Intersection related,07 - Dark,03 - P.D. only,03 - Rear end,Overbrook
13654,HWY417 IC127 RAMP52 btwn HWY417 IC127 RAMP51 & WOODROFFE AVE,362143.9279,5024667.95,-75.76805144,45.35961066,2014-04-04,16:10,01 - Clear,01 - Dry,10 - No control,01 - Non intersection,01 - Daylight,03 - P.D. only,04 - Sideswipe,Iris
13655,HIGHWAY 417 btwn HWY417 IC118 RAMP57 & HWY417 IC118 RAMP35,369487.1051,5031054.351,-75.67349393,45.41643435,2014-04-25,18:10,01 - Clear,01 - Dry,10 - No control,01 - Non intersection,01 - Daylight,03 - P.D. only,03 - Rear end,Old Ottawa East
13656,HIGHWAY 417 btwn HWY417 IC127 RAMP63 & HWY417 IC127 RAMP67,362130.6577,5024859.419,-75.7681986,45.36133457,2014-05-02,17:40,01 - Clear,01 - Dry,10 - No control,01 - Non intersection,01 - Daylight,03 - P.D. only,03 - Rear end,Carlingwood West - Glabar Park - McKellar Heights
13657,HIGHWAY 417 btwn HWY417 IC127 RAMP63 & HWY417 IC127 RAMP67,362141.0842,5024865.106,-75.76806486,45.36138488,2014-05-02,17:35,01 - Clear,01 - Dry,10 - No control,01 - Non intersection,01 - Daylight,03 - P.D. only,03 - Rear end,Carlingwood West - Glabar Park - McKellar Heights
13658,HIGHWAY 417 btwn HWY417 IC138 RAMP26 & HWY417 IC138 RAMP61,353621.4886,5020649.28,-75.877223,45.32409534,2014-05-02,11:00,01 - Clear,01 - Dry,10 - No control,01 - Non intersection,01 - Daylight,03 - P.D. only,04 - Sideswipe,Greenbelt
13659,REGIONAL ROAD 174 btwn OR174 IC109 RAMP64 & OR174 IC105 RAMP16,376592.2979,5035290.466,-75.58210439,45.45385537,2014-09-13,12:45,02 - Rain,02 - Wet,10 - No control,01 - Non intersection,01 - Daylight,03 - P.D. only,07 - SMV other,Greenbelt
13660,MERIVALE RD @ EMERALD PLAZA SC,364736.6611,5024003.554,-75.73504077,45.35341566,2014-11-02,18:09,01 - Clear,01 - Dry,01 - Traffic signal,02 - Intersection related,07 - Dark,03 - P.D. only,03 - Rear end,Cityview - Skyline - Fisher Heights
13661,MANOTICK STATION RD btwn HERBERTS CORNERS RD & SNAKE ISLAND RD,376004.7517,5007516.937,-75.59361017,45.20402114,2014-11-03,17:00,01 - Clear,01 - Dry,10 - No control,01 - Non intersection,07 - Dark,03 - P.D. only,07 - SMV other,Kars - Osgoode
13662,HIGHWAY 416 btwn HWY416 IC75A RAMP26 & HWY416 IC72 RAMP62,359279.5623,5020014.673,-75.80512231,45.31796878,2014-06-07,3:00,01 - Clear,01 - Dry,10 - No control,01 - Non intersection,07 - Dark,03 - P.D. only,07 - SMV other,Greenbelt
13663,HIGHWAY 417 btwn HWY417 IC118 RAMP57 & HWY417 IC118 RAMP35,369662.4605,5031125.441,-75.67124429,45.41705776,2014-06-05,13:00,01 - Clear,01 - Dry,10 - No control,01 - Non intersection,01 - Daylight,03 - P.D. only,04 - Sideswipe,Sandy Hill
13664,HIGHWAY 417 btwn HWY417 IC117 RAMP26 & HWY417 IC117 RAMP61,370825.4937,5031217.384,-75.65637336,45.41777625,2014-06-06,16:19,01 - Clear,01 - Dry,10 - No control,01 - Non intersection,01 - Daylight,03 - P.D. only,03 - Rear end,Industrial Park
13665,HIGHWAY 417 btwn HWY417 IC122 RAMP15 & HWY417 IC121B RAMP51,366197.2273,5029379.162,-75.71573321,45.40165786,2014-06-08,1:00,01 - Clear,01 - Dry,10 - No control,01 - Non intersection,07 - Dark,03 - P.D. only,07 - SMV other,Centretown West
13666,HIGHWAY 417 btwn HWY417 IC155 RAMP25 & RAMP,342168.81,5017550.232,-76.02354359,45.29691194,2014-06-26,12:00,01 - Clear,01 - Dry,10 - No control,01 - Non intersection,01 - Daylight,03 - P.D. only,07 - SMV other,Carp - Hardwood Plains
13667,HIGHWAY 417 btwn HWY417 IC117 RAMP25 & HWY417 IC115 RAMP51,371499.9612,5031394.523,-75.64773247,45.4193061,2014-06-25,8:38,01 - Clear,01 - Dry,10 - No control,01 - Non intersection,01 - Daylight,03 - P.D. only,03 - Rear end,Industrial Park
13668,HIGHWAY 417 btwn HWY417 IC163 RAMP61 & HWY417 IC155 RAMP36,337329.6252,5019930.557,-76.08508574,45.31857201,2014-06-25,20:15,01 - Clear,01 - Dry,10 - No control,01 - Non intersection,01 - Daylight,03 - P.D. only,07 - SMV other,Carp - Hardwood Plains
13669,AIRPORT PKWY btwn RAMP & AIRPORT PKWY (2),370878.9661,5023981.053,-75.65665894,45.3526613,2014-11-19,8:20,01 - Clear,02 - Wet,10 - No control,01 - Non intersection,01 - Daylight,03 - P.D. only,03 - Rear end,Hunt Club East - Western Community
13670,MONTREAL RD btwn VANIER PKWY & DUROCHER ST,370110.7146,5033086.138,-75.66525752,45.43465763,2014-11-21,17:15,01 - Clear,01 - Dry,10 - No control,01 - Non intersection,05 - Dusk,03 - P.D. only,04 - Sideswipe,Vanier
13671,PRINCE OF WALES DR btwn WELLSMERE CRT & TURN LANE,367389.9966,5022333.03,-75.70139142,45.3381528,2014-11-20,10:59,01 - Clear,01 - Dry,10 - No control,01 - Non intersection,01 - Daylight,03 - P.D. only,03 - Rear end,Industrial Park
13672,GEORGE ST btwn SUSSEX DR & 26 W OF BYWARD MARKET/FREIMAN MALL,367884.4178,5032138.413,-75.69383056,45.42633472,2014-09-08,16:22,01 - Clear,01 - Dry,10 - No control,04 - At/near private drive,01 - Daylight,03 - P.D. only,05 - Turning movement,Byward Market
13673,AVIATION PKWY @ OGILVIE RD,373109.7641,5032377.061,-75.62702913,45.42799117,2014-09-16,15:26,01 - Clear,01 - Dry,01 - Traffic signal,02 - Intersection related,01 - Daylight,03 - P.D. only,03 - Rear end,Industrial Park
13674,NICHOLAS ST SB btwn LAURIER AVE E & Continuation of NICHOLAS ST,368381.238,5031782.593,-75.68752816,45.42308819,2014-05-03,9:15,01 - Clear,01 - Dry,10 - No control,01 - Non intersection,01 - Daylight,03 - P.D. only,04 - Sideswipe,Sandy Hill
13675,AIRPORT PKWY @ HUNT CLUB RD RAMP 42,370670.7845,5024226.989,-75.65928283,45.35489375,2014-07-30,15:45,02 - Rain,02 - Wet,10 - No control,02 - Intersection related,01 - Daylight,03 - P.D. only,04 - Sideswipe,Hunt Club East - Western Community
13676,KENT ST @ MACLAREN ST,367573.6604,5030743.043,-75.69797919,45.41380758,2014-12-03,17:16,02 - Rain,02 - Wet,02 - Stop sign,03 - At intersection,07 - Dark,03 - P.D. only,02 - Angle,Centretown
13677,TENTH LINE RD @ VANGUARD DR,384073.7133,5035875.038,-75.48637138,45.45830618,2014-12-04,11:50,01 - Clear,02 - Wet,01 - Traffic signal,03 - At intersection,01 - Daylight,03 - P.D. only,02 - Angle,Avalon
13678,INDUSTRIAL AVE/INNES RD @ ST. LAURENT BLVD,373099.7274,5030006.042,-75.62748601,45.40665886,2014-12-11,5:45,03 - Snow,04 - Slush,01 - Traffic signal,02 - Intersection related,07 - Dark,03 - P.D. only,03 - Rear end,Industrial Park
13679,ST. LAURENT BLVD @ TREMBLAY RD,372596.664,5031242.051,-75.63374179,45.41782881,2014-12-11,6:28,01 - Clear,03 - Loose snow,01 - Traffic signal,02 - Intersection related,07 - Dark,03 - P.D. only,03 - Rear end,Industrial Park
13680,BERRIGAN DR btwn EDGEWARE DR & COLINDALE AVE,364138.958,5015549.305,-75.74368109,45.27739566,2014-10-02,13:42,01 - Clear,01 - Dry,10 - No control,04 - At/near private drive,01 - Daylight,03 - P.D. only,03 - Rear end,New Barrhaven
13681,PRINCE OF WALES DR @ WATERBRIDGE DR,367315.371,5015946.48,-75.70314917,45.28069415,2014-10-15,18:44,02 - Rain,02 - Wet,01 - Traffic signal,02 - Intersection related,05 - Dusk,03 - P.D. only,03 - Rear end,Greenbelt
13682,BANK ST @ JOHNSTON RD,370852.6806,5024840.003,-75.65687961,45.36039234,2014-12-20,11:40,01 - Clear,02 - Wet,01 - Traffic signal,03 - At intersection,01 - Daylight,03 - P.D. only,05 - Turning movement,South Keys - Heron Gate - Greenboro West
13683,TERRY FOX DR @ 329 N OF CAMPEAU DR/SIGNATURE C,350061.2733,5019031.212,-75.92278328,45.30977413,2014-12-20,11:39,01 - Clear,01 - Dry,01 - Traffic signal,02 - Intersection related,01 - Daylight,03 - P.D. only,03 - Rear end,Kanata Lakes - Marchwood Lakeside - Morgan's Grant - Kanata
13684,FRENCH HILL RD btwn EMMETT RD & BIRCHGROVE RD,396061.2205,5039169.178,-75.33251192,45.48647941,2014-10-04,1:25,02 - Rain,08 - Loose sand or gravel,10 - No control,01 - Non intersection,07 - Dark,03 - P.D. only,07 - SMV other,Cumberland - Estates
13685,CLEARBROOK DR @ CHAPMAN MILLS DR,365923.3441,5015085.279,-75.72099698,45.27306751,2014-10-16,20:29,02 - Rain,02 - Wet,02 - Stop sign,03 - At intersection,07 - Dark,03 - P.D. only,05 - Turning movement,New Barrhaven
13686,HIGHWAY 417 btwn HWY417 IC122 RAMP51 & HWY417 IC122 RAMP15,365317.2669,5028863.564,-75.72703574,45.39709525,2014-03-06,12:25,01 - Clear,01 - Dry,10 - No control,01 - Non intersection,01 - Daylight,03 - P.D. only,03 - Rear end,Civi
13687,HIGHWAY 417 btwn HWY417 IC110 RAMP55 & HWY417 IC110 RAMP65,375806.5681,5028874.19,-75.59307395,45.3962057,2014-04-07,16:00,01 - Clear,01 - Dry,10 - No control,01 - Non intersection,01 - Daylight,03 - P.D. only,07 - SMV other,Greenbelt
13688,HIGHWAY 417 btwn HWY417 IC123 RAMP62 & HWY417 IC122 RAMP16,364822.8987,5028155.299,-75.73343572,45.39076498,2014-04-06,2:15,01 - Clear,01 - Dry,10 - No control,01 - Non intersection,07 - Dark,03 - P.D. only,03 - Rear end,Island Park
13689,HIGHWAY 417 btwn HWY417 IC129 RAMP25 & HWY417 IC129 RAMP35,360467.4359,5023535.2,-75.78957636,45.34955333,2014-05-04,13:20,02 - Rain,02 - Wet,10 - No control,01 - Non intersection,01 - Daylight,03 - P.D. only,04 - Sideswipe,Whitehaven - Queensway Terrace North
13690,HIGHWAY 416 btwn HWY416 IC57 RAMP52 & HWY416 IC57 RAMP24,364781.8658,5007992.677,-75.73639896,45.20934626,2014-05-02,17:48,01 - Clear,01 - Dry,10 - No control,01 - Non intersection,01 - Daylight,03 - P.D. only,07 - SMV other,Manotick
13691,HIGHWAY 417 btwn HWY417 IC118 RAMP76 & HWY417 IC118 RAMP67,369489.9487,5031078.048,-75.67345449,45.41664731,2014-05-05,16:30,01 - Clear,01 - Dry,10 - No control,01 - Non intersection,01 - Daylight,03 - P.D. only,03 - Rear end,Sandy Hill
13692,GREENBANK RD @ STRANDHERD DR,363935.1057,5014783.469,-75.74637033,45.27052183,2014-09-13,13:55,02 - Rain,02 - Wet,01 - Traffic signal,02 - Intersection related,01 - Daylight,03 - P.D. only,03 - Rear end,New Barrhaven
13693,MER BLEUE RD btwn 210 S OF INNES RD & RENAUD RD,383327.9001,5034015.661,-75.49620301,45.44166134,2014-11-04,2:18,01 - Clear,01 - Dry,10 - No control,01 - Non intersection,07 - Dark,03 - P.D. only,07 - SMV other,Chapel Hill South
13694,WALKLEY RD btwn HARDING RD & HALIFAX DR,373614.8271,5027887.221,-75.62120208,45.38754423,2014-11-04,7:39,01 - Clear,01 - Dry,10 - No control,01 - Non intersection,01 - Daylight,03 - P.D. only,03 - Rear end,Urbandale
13695,HIGHWAY 417 btwn HWY417 IC127 RAMP25 & HWY417 IC126 RAMP51,363135.4914,5025788.813,-75.75526368,45.36961425,2014-06-08,20:25,01 - Clear,01 - Dry,10 - No control,01 - Non intersection,01 - Daylight,03 - P.D. only,04 - Sideswipe,Carlingwood West - Glabar Park - McKellar Heights
13696,HIGHWAY 417 btwn HWY417 IC119A RAMP75 & HWY417 IC118 RAMP57,368790.1066,5030615.805,-75.68245549,45.41255256,2014-06-07,18:10,01 - Clear,01 - Dry,10 - No control,01 - Non intersection,01 - Daylight,03 - P.D. only,03 - Rear end,Old Ottawa East
13697,HIGHWAY 417 btwn HWY417 IC126 RAMP61 & HWY417 IC124 RAMP76,363746.4386,5026640.153,-75.74736313,45.37722337,2014-06-25,20:13,01 - Clear,01 - Dry,10 - No control,01 - Non intersection,01 - Daylight,03 - P.D. only,04 - Sideswipe,Carlingwood West - Glabar Park - McKellar Heights
13698,HIGHWAY 417 btwn HWY417 IC180 RAMP61 & HWY417 IC169 RAMP36,325000.8476,5025434.096,-76.24211204,45.36855911,2014-06-25,9:00,01 - Clear,01 - Dry,10 - No control,01 - Non intersection,01 - Daylight,03 - P.D. only,07 - SMV other,Antrim
13699,HIGHWAY 417 btwn Continuation of HIGHWAY 417 & HWY417 IC134 RAMP51,355411.1447,5021655.659,-75.85429232,45.33302412,2014-06-26,11:00,01 - Clear,01 - Dry,10 - No control,01 - Non intersection,01 - Daylight,03 - P.D. only,04 - Sideswipe,Greenbelt
13700,HIGHWAY 417 btwn HWY417 IC117 RAMP26 & HWY417 IC117 RAMP61,370794.612,5031203.169,-75.65676981,45.41765126,2014-06-26,9:05,01 - Clear,01 - Dry,10 - No control,01 - Non intersection,01 - Daylight,03 - P.D. only,04 - Sideswipe,Industrial Park
13701,HIDDEN VALLEY PRIV btwn WOODCLIFFE PRIV & END,379856.2903,5036221.234,-75.54023653,45.46188677,2014-11-19,8:46,01 - Clear,02 - Wet,10 - No control,04 - At/near private drive,01 - Daylight,03 - P.D. only,02 - Angle,Chapel Hill
13702,CONSTELLATION CRES @ BASELINE RD,362272.4379,5023596.793,-75.76653577,45.34996194,2014-11-19,8:52,01 - Clear,02 - Wet,01 - Traffic signal,02 - Intersection related,01 - Daylight,03 - P.D. only,04 - Sideswipe,Iris
13703,EAGLESON RD btwn PALOMINO DR & ROTHESAY DR,354063.0061,5017444.278,-75.87190986,45.29522526,2014-11-29,14:26,01 - Clear,01 - Dry,10 - No control,01 - Non intersection,01 - Daylight,03 - P.D. only,03 - Rear end,Bridlewood - Emerald Meadows
13704,MARCH RD btwn SOLANDT RD & STATION RD,350805.004,5022356.035,-75.91299007,45.33964336,2014-12-01,9:15,01 - Clear,01 - Dry,10 - No control,01 - Non intersection,01 - Daylight,03 - P.D. only,03 - Rear end,South March
13705,BANK ST btwn 73 N OF EVANS BLVD & EVANS AVE,369904.4332,5027089.109,-75.66868567,45.3807178,2014-09-21,20:41,01 - Clear,01 - Dry,10 - No control,04 - At/near private drive,07 - Dark,03 - P.D. only,03 - Rear end,Alta Vista
13706,KING EDWARD AVE btwn DALY AVE & STEWART ST,368614.6597,5032239.341,-75.68448651,45.42717659,2014-08-29,3:56,01 - Clear,01 - Dry,10 - No control,01 - Non intersection,07 - Dark,03 - P.D. only,07 - SMV other,Sandy Hill
13707,RIVERSIDE DR btwn HOG'S BACK RD & RIDGEWOOD AVE,368232.9499,5025892.004,-75.69018032,45.37009991,2014-12-11,7:17,01 - Clear,04 - Slush,10 - No control,04 - At/near private drive,03 - Dawn,03 - P.D. only,05 - Turning movement,Riverside Park
13708,LYON ST @ SLATER ST,367103.6547,5031154.963,-75.7039315,45.41755592,2014-12-20,10:50,01 - Clear,01 - Dry,01 - Traffic signal,03 - At intersection,01 - Daylight,03 - P.D. only,02 - Angle,Downtown
13709,BEECH ST btwn RAILWAY ST & PRESTON ST,366605.989,5029231.481,-75.71053083,45.4002931,2014-12-20,11:47,01 - Clear,01 - Dry,10 - No control,01 - Non intersection,01 - Daylight,03 - P.D. only,04 - Sideswipe,Little Italy
13710,HIGHWAY 417 btwn HWY417 IC163 RAMP15 & HWY417 IC155 RAMP51,338546.3847,5019577.41,-76.0695905,45.3153368,2014-04-12,19:25,01 - Clear,01 - Dry,10 - No control,01 - Non intersection,05 - Dusk,03 - P.D. only,07 - SMV other,Carp - Hardwood Plains
13711,HIGHWAY 417 btwn HWY417 IC117 RAMP25 & HWY417 IC115 RAMP51,371769.5344,5031427.144,-75.64428392,45.41957385,2014-04-30,13:00,02 - Rain,02 - Wet,10 - No control,01 - Non intersection,01 - Daylight,03 - P.D. only,03 - Rear end,Industrial Park