Record,Location,X,Y,lon,lat,Date,Time,Environment,Road_Surface,Traffic_Control,Collision_Location,Light,Collision_Classification,Impact_type,Neighborhood
13712,HIGHWAY 417 btwn HWY417 IC122 RAMP61 & HWY417 IC121B RAMP16,366508.7361,5029511.905,-75.71173787,45.40282486,2014-05-06,15:35,01 - Clear,01 - Dry,10 - No control,01 - Non intersection,01 - Daylight,03 - P.D. only,03 - Rear end,Little Italy
13713,HIGHWAY 417 btwn HWY417 IC121A RAMP51 & HWY417 IC120A RAMP52,367087.5671,5029672.411,-75.70432437,45.40421778,2014-05-06,17:20,01 - Clear,01 - Dry,10 - No control,01 - Non intersection,01 - Daylight,03 - P.D. only,03 - Rear end,The Glebe Annex
13714,HIGHWAY 417 btwn HWY417 IC121B RAMP51 & HWY417 IC121A RAMP51,366661.6587,5029540.973,-75.70978099,45.40307291,2014-05-06,16:29,01 - Clear,01 - Dry,10 - No control,01 - Non intersection,01 - Daylight,03 - P.D. only,03 - Rear end,Little Italy
13715,RICHMOND RD @ WOODROFFE AVE,361584.2125,5026655.471,-75.77496673,45.37753977,2014-09-13,14:56,02 - Rain,02 - Wet,01 - Traffic signal,02 - Intersection related,01 - Daylight,03 - P.D. only,03 - Rear end,Carlingwood - McKellar Park - Laurentien View
13716,COUSINEAU ST @ ST. JOSEPH BLVD,380705.2677,5037026.689,-75.52925762,45.46904188,2014-09-13,16:26,02 - Rain,02 - Wet,02 - Stop sign,03 - At intersection,01 - Daylight,03 - P.D. only,05 - Turning movement,Orleans Village - Chateauneuf
13717,BASELINE RD @ CLYDE AVE,364359.1772,5024891.461,-75.73975111,45.36143709,2014-09-25,16:46,01 - Clear,01 - Dry,01 - Traffic signal,02 - Intersection related,01 - Daylight,03 - P.D. only,03 - Rear end,Civic Hospital - Experimental Farm - Central Park
13718,REGIONAL ROAD 174 btwn QUIGLEY HILL RD & REGIONAL ROAD 174 DIVIDED,384831.8428,5040820.357,-75.47587331,45.50271293,2014-09-25,16:48,01 - Clear,01 - Dry,10 - No control,01 - Non intersection,01 - Daylight,03 - P.D. only,03 - Rear end,Cumberland - Estates
13719,LIMEBANK RD btwn LEITRIM RD & SPRATT RD,369761.3595,5016915.696,-75.67184775,45.28919323,2014-11-16,6:00,01 - Clear,01 - Dry,10 - No control,01 - Non intersection,07 - Dark,03 - P.D. only,07 - SMV other,Gloucester
13720,PAUL METIVIER DR @ CLEARBROOK DR,366088.5629,5014763.807,-75.71893118,45.27016054,2014-11-17,8:35,03 - Snow,04 - Slush,01 - Traffic signal,03 - At intersection,01 - Daylight,03 - P.D. only,02 - Angle,New Barrhaven
13721,PALLADIUM DR @ SILVER SEVEN RD,351049.238,5017887.447,-75.91029115,45.29941786,2014-11-17,18:14,03 - Snow,03 - Loose snow,01 - Traffic signal,03 - At intersection,07 - Dark,03 - P.D. only,07 - SMV other,Katimavik - Hazeldean
13722,CAMPEAU DR btwn DIDSBURY RD & TERRY FOX DR,350447.0699,5018982.019,-75.917868,45.30930651,2014-11-17,18:44,01 - Clear,02 - Wet,10 - No control,04 - At/near private drive,07 - Dark,03 - P.D. only,07 - SMV other,Kanata Lakes - Marchwood Lakeside - Morgan's Grant - Kanata
13723,CAMPEAU DR @ TERRY FOX DR,350454.6506,5019011.88,-75.91776858,45.30957471,2014-12-21,13:13,01 - Clear,01 - Dry,01 - Traffic signal,02 - Intersection related,01 - Daylight,03 - P.D. only,03 - Rear end,Kanata Lakes - Marchwood Lakeside - Morgan's Grant - Kanata
13724,TENTH LINE RD @ CHARLEMAGNE BLVD N/TOMPKINS AV,383184.8938,5037978.364,-75.49739899,45.47733031,2014-12-20,11:33,01 - Clear,01 - Dry,01 - Traffic signal,02 - Intersection related,01 - Daylight,03 - P.D. only,03 - Rear end,Queenswood Heights
13725,CARP RD @ HAZELDEAN RD,348804.102,5014360.436,-75.9392295,45.26782481,2014-10-04,9:44,02 - Rain,02 - Wet,01 - Traffic signal,03 - At intersection,01 - Daylight,03 - P.D. only,05 - Turning movement,Stittsville
13726,LEITRIM RD btwn HAWTHORNE RD & RAMSAYVILLE RD,377919.9446,5023226.087,-75.5669206,45.34516971,2014-09-16,21:22,01 - Clear,01 - Dry,10 - No control,01 - Non intersection,07 - Dark,03 - P.D. only,07 - SMV other,Greenbelt
13727,LEES AVE btwn MAIN ST & ROSEMERE AVE,369013.5422,5030568.042,-75.67960737,45.41210234,2014-09-25,19:30,01 - Clear,01 - Dry,10 - No control,04 - At/near private drive,07 - Dark,03 - P.D. only,05 - Turning movement,Old Ottawa East
13728,JUNO AVE btwn LOUISIANA AVE & KIPLING ST,372179.3844,5027865.279,-75.63953426,45.38748637,2014-09-25,20:00,01 - Clear,01 - Dry,10 - No control,01 - Non intersection,07 - Dark,03 - P.D. only,06 - SMV unattended vehicle,Playfair Park - Lynda Park - Guildwood Estates
13729,BRONSON AVE RAMP 42A -1 btwn RIVERSIDE DR & BRONSON AVE RAMP 24A/42A-2,368492.2799,5027199.068,-75.68670133,45.38183699,2014-11-17,9:00,03 - Snow,02 - Wet,10 - No control,01 - Non intersection,01 - Daylight,03 - P.D. only,03 - Rear end,Alta Vista
13730,CHARLIE'S LANE @ JUANITA AVE,341160.5452,5023727.261,-76.03594505,45.35254832,2014-11-17,8:55,03 - Snow,05 - Packed snow,10 - No control,02 - Intersection related,01 - Daylight,03 - P.D. only,02 - Angle,Carp
13731,CENTREPOINTE DR @ HEMMINGWOOD WAY E,362327.9768,5023204.017,-75.76587273,45.34642322,2014-11-13,15:24,01 - Clear,01 - Dry,02 - Stop sign,03 - At intersection,01 - Daylight,03 - P.D. only,02 - Angle,Centrepointe
13732,BASELINE RD @ NAVAHO DR,363085.1837,5024096.746,-75.75610544,45.3543934,2014-12-07,14:30,01 - Clear,01 - Dry,01 - Traffic signal,02 - Intersection related,01 - Daylight,03 - P.D. only,04 - Sideswipe,Braemar Park - Bel Air Heights - Copeland Park
13733,SLATER ST btwn KENT ST & BANK ST,367278.7741,5031261.862,-75.70168062,45.41850215,2014-07-29,16:41,01 - Clear,01 - Dry,10 - No control,01 - Non intersection,01 - Daylight,03 - P.D. only,03 - Rear end,Downtown
13734,TRIM RD @ WATTERS RD,384964.6521,5038718.336,-75.47451741,45.48378579,2014-11-20,23:12,01 - Clear,02 - Wet,01 - Traffic signal,03 - At intersection,07 - Dark,03 - P.D. only,05 - Turning movement,Cardinal Creek
13735,SANDCASTLE DR btwn BROOKHAVEN CRT & VALLEY STREAM DR,359736.0689,5021736.064,-75.79910909,45.33342235,2014-12-21,21:24,01 - Clear,01 - Dry,10 - No control,01 - Non intersection,07 - Dark,03 - P.D. only,06 - SMV unattended vehicle,Briar Green - Leslie Park
13736,BANK ST btwn SNAKE ISLAND RD & TURN LANE,383725.2919,5010043.022,-75.49494687,45.22592742,2014-12-21,22:41,01 - Clear,01 - Dry,10 - No control,01 - Non intersection,07 - Dark,03 - P.D. only,07 - SMV other,Metcalfe
13737,PRINCE OF WALES DR btwn FALLOWFIELD RD & AMBERWOOD CRES,367466.4545,5020064.793,-75.70070307,45.31773677,2014-08-26,17:24,01 - Clear,01 - Dry,10 - No control,01 - Non intersection,01 - Daylight,03 - P.D. only,03 - Rear end,Greenbelt
13738,WALKLEY RD @ HEATHERINGTON RD,371765.303,5026795.475,-75.64496679,45.3779004,2014-10-09,13:47,01 - Clear,01 - Dry,01 - Traffic signal,03 - At intersection,01 - Daylight,03 - P.D. only,07 - SMV other,Ledbury - Heron Gate - Ridgemont - Elmwood
13739,ST. JOSEPH BLVD @ JEANNE D'ARC BLVD,379858.3728,5036470.633,-75.54017182,45.46413044,2014-11-20,9:53,01 - Clear,02 - Wet,11 - Roundabout,03 - At intersection,01 - Daylight,03 - P.D. only,04 - Sideswipe,Chapel Hill
13740,BOURCIER DR btwn TOMPKINS AVE & TOMPKINS AVE,382774.3005,5037723.23,-75.50269048,45.47508081,2014-06-15,19:19,01 - Clear,01 - Dry,10 - No control,04 - At/near private drive,01 - Daylight,03 - P.D. only,02 - Angle,Queenswood Heights
13741,BANK ST @ CONROY RD,375043.3283,5022237.551,-75.60376468,45.33656924,2014-09-17,7:25,01 - Clear,08 - Loose sand or gravel,01 - Traffic signal,02 - Intersection related,01 - Daylight,03 - P.D. only,03 - Rear end,Greenbelt
13742,CLYDE AVE btwn CLYDE AVE & STARWOOD RD,364443.108,5024693.539,-75.73870374,45.35964908,2014-09-18,9:00,01 - Clear,01 - Dry,10 - No control,04 - At/near private drive,01 - Daylight,03 - P.D. only,02 - Angle,Cityview - Skyline - Fisher Heights
13743,VANIER PKWY SB btwn HWY417 IC117 RAMP36 & TO BE DETERMINED,370775.4576,5031444.217,-75.65698225,45.41982192,2014-09-26,19:54,01 - Clear,01 - Dry,10 - No control,01 - Non intersection,07 - Dark,03 - P.D. only,03 - Rear end,Overbrook
13744,GREENBANK RD @ STRANDHERD DR,363933.21,5014783.469,-75.74639449,45.27052199,2014-09-26,19:50,01 - Clear,01 - Dry,01 - Traffic signal,02 - Intersection related,07 - Dark,03 - P.D. only,03 - Rear end,New Barrhaven
13745,INNES RD @ STAR TOP RD/WINDMILL LANE,374148.1997,5030666.561,-75.61400069,45.41249878,2014-11-14,16:00,01 - Clear,01 - Dry,01 - Traffic signal,03 - At intersection,01 - Daylight,03 - P.D. only,05 - Turning movement,Industrial Park
13746,CARP RD btwn KINBURN SIDE RD & BAIRD SIDE RD,332828.4679,5030094.971,-76.14192007,45.41023036,2014-11-16,22:00,03 - Snow,04 - Slush,10 - No control,01 - Non intersection,07 - Dark,03 - P.D. only,07 - SMV other,Car
13747,MOODIE DR btwn HWY417 IC134 RAMP35 & HWY417 IC134 RAMP52,356440.2114,5022142.716,-75.84111332,45.33733173,2014-11-18,6:42,01 - Clear,06 - Ice,10 - No control,01 - Non intersection,07 - Dark,03 - P.D. only,07 - SMV other,Greenbelt
13748,STROGET PRIV btwn PRADO PRIV & END,366857.6341,5023561.538,-75.70802926,45.34925399,2014-12-31,13:42,01 - Clear,01 - Dry,10 - No control,04 - At/near private drive,01 - Daylight,03 - P.D. only,02 - Angle,Industrial Park
13749,MAPLE VIEW CRES btwn CENTREPOINTE DR & MEADOW GLADE GDN (2),362412.1866,5022115.902,-75.76492491,45.33662551,2014-12-31,0:00,01 - Clear,01 - Dry,10 - No control,01 - Non intersection,00 - Unknown,03 - P.D. only,06 - SMV unattended vehicle,Centrepointe
13750,INNES RD @ VISENEAU DR,381796.8509,5035074.981,-75.51560521,45.45136255,2014-11-24,7:00,02 - Rain,02 - Wet,01 - Traffic signal,03 - At intersection,03 - Dawn,03 - P.D. only,05 - Turning movement,Chapel Hill South
13751,AVIATION PKWY @ MONTREAL RD,372148.6168,5034109.058,-75.63907385,45.44366806,2014-12-21,23:42,01 - Clear,02 - Wet,01 - Traffic signal,02 - Intersection related,07 - Dark,03 - P.D. only,03 - Rear end,Cummings
13752,GLADSTONE AVE @ O'CONNOR ST,368073.7611,5030659.045,-75.69160113,45.41300676,2014-12-22,10:04,01 - Clear,01 - Dry,01 - Traffic signal,03 - At intersection,01 - Daylight,03 - P.D. only,02 - Angle,Centretown
13753,EAGLESON RD @ FLEWELLYN RD,355332.2017,5014250.269,-75.85605418,45.26639476,2014-09-02,16:22,02 - Rain,02 - Wet,02 - Stop sign,02 - Intersection related,01 - Daylight,03 - P.D. only,03 - Rear end,Greenbelt
13754,BRIDGE ST @ KITOMAN CRES,369415.2909,5010722.395,-75.6770646,45.23349854,2014-06-27,15:05,01 - Clear,01 - Dry,02 - Stop sign,02 - Intersection related,01 - Daylight,03 - P.D. only,03 - Rear end,Manotick
13755,CEDARVIEW RD @ HWY 416 WESTHUNT IC72R24,359608.0067,5019744.482,-75.80096326,45.31551203,2014-07-28,13:18,02 - Rain,02 - Wet,02 - Stop sign,03 - At intersection,01 - Daylight,03 - P.D. only,03 - Rear end,Greenbelt
13756,ALBERT ST btwn KENT ST & BANK ST,367370.8688,5031413.607,-75.70048473,45.41985927,2014-09-22,7:30,01 - Clear,01 - Dry,10 - No control,04 - At/near private drive,01 - Daylight,03 - P.D. only,04 - Sideswipe,Downtown
13757,WEST HUNT CLUB RD @ ANTARES DR/LASER ST,367107.2374,5022081.502,-75.70503057,45.33591476,2014-09-23,10:20,01 - Clear,01 - Dry,01 - Traffic signal,03 - At intersection,01 - Daylight,03 - P.D. only,05 - Turning movement,Industrial Park
13758,BRONSON AVE @ GLADSTONE AVE,367132.2799,5030082.512,-75.70370141,45.40790377,2014-09-27,1:30,01 - Clear,01 - Dry,01 - Traffic signal,03 - At intersection,07 - Dark,03 - P.D. only,05 - Turning movement,Centretown West
13759,BRONSON AVE btwn UNIVERSITY RD & BREWER WAY,367932.6627,5028072.59,-75.69373475,45.38974736,2014-09-27,4:04,01 - Clear,01 - Dry,10 - No control,01 - Non intersection,07 - Dark,03 - P.D. only,07 - SMV other,Carleto
13760,RICHMOND RD @ ROBERTSON RD,357575.8259,5020751.441,-75.82677314,45.32472843,2014-11-17,10:53,03 - Snow,02 - Wet,01 - Traffic signal,03 - At intersection,01 - Daylight,03 - P.D. only,02 - Angle,Bells Corners East
13761,WALKLEY RD btwn HARDING RD & HALIFAX DR,373422.3522,5027776.426,-75.62367519,45.38656623,2014-11-17,11:08,03 - Snow,04 - Slush,10 - No control,04 - At/near private drive,01 - Daylight,03 - P.D. only,02 - Angle,Urbandale
13762,BRONSON AVE btwn LAURIER AVE W & GLOUCESTER ST,366814.3335,5030837.488,-75.70766782,45.41472508,2014-12-19,13:15,03 - Snow,04 - Slush,10 - No control,01 - Non intersection,01 - Daylight,03 - P.D. only,04 - Sideswipe,Centretown West
13763,INNES RD @ JEANNE D'ARC BLVD/MER BLEUE RD,382637.9531,5035567.68,-75.50477548,45.45570226,2014-11-27,15:30,01 - Clear,01 - Dry,01 - Traffic signal,02 - Intersection related,01 - Daylight,03 - P.D. only,04 - Sideswipe,Chapel Hill South
13764,MONTREAL RD btwn BETHAMY LANE & OGILVIE RD,375517.964,5034461.971,-75.59595759,45.44651062,2014-11-25,17:25,01 - Clear,01 - Dry,10 - No control,04 - At/near private drive,07 - Dark,03 - P.D. only,05 - Turning movement,Beacon Hill South - Cardinal Heights
13765,NORTH RIVER RD btwn MCARTHUR AVE & CARLOTTA AVE,369827.358,5032629.955,-75.66893899,45.43057948,2014-12-22,10:10,01 - Clear,01 - Dry,10 - No control,01 - Non intersection,01 - Daylight,03 - P.D. only,06 - SMV unattended vehicle,Vanier South
13766,CARP RD btwn THOMAS A. DOLAN PKWY & NORMA LANE,338046.6149,5024898.356,-76.07560697,45.36324087,2014-09-03,13:27,01 - Clear,01 - Dry,10 - No control,01 - Non intersection,01 - Daylight,03 - P.D. only,07 - SMV other,Carp - Hardwood Plains
13767,GREENBANK RD @ HWY 417 IC129 RAMP57/IRIS ST,360532.7308,5023313.442,-75.78876813,45.34755277,2014-09-03,14:43,01 - Clear,01 - Dry,01 - Traffic signal,02 - Intersection related,01 - Daylight,03 - P.D. only,03 - Rear end,Iris
13768,ARLINGTON AVE @ KENT ST,367869.1834,5030255.675,-75.6942662,45.40939583,2014-07-31,13:30,01 - Clear,01 - Dry,01 - Traffic signal,02 - Intersection related,01 - Daylight,03 - P.D. only,03 - Rear end,Centretown
13769,WALKLEY EXTENSION RD btwn WALKLEY RD & HWY417 IC110 RAMP55,375419.1865,5028873.18,-75.59802128,45.39623579,2014-08-01,9:15,01 - Clear,01 - Dry,10 - No control,01 - Non intersection,01 - Daylight,03 - P.D. only,04 - Sideswipe,Greenbelt
13770,CATHERINE ST btwn TO BE DETERMINED & METCALFE ST (2),368357.6877,5030465.71,-75.68799892,45.41124146,2014-09-23,7:40,01 - Clear,01 - Dry,10 - No control,01 - Non intersection,01 - Daylight,03 - P.D. only,04 - Sideswipe,Centretown
13771,ISABELLA ST/HWY417 IC119AR75 @ METCALFE ST,368448.0769,5030399.731,-75.68685276,45.41063959,2014-09-23,13:00,01 - Clear,01 - Dry,01 - Traffic signal,02 - Intersection related,01 - Daylight,03 - P.D. only,04 - Sideswipe,The Glebe
13772,RICHMOND RD @ HOLLY ACRES RD/NANAIMO DR,359057.2498,5022748.496,-75.80765801,45.34258506,2014-09-26,16:00,01 - Clear,01 - Dry,01 - Traffic signal,02 - Intersection related,01 - Daylight,03 - P.D. only,03 - Rear end,Greenbelt
13773,STRANDHERD DR @ CEDARVIEW RD/TARTAN DR,362288.8429,5013544.46,-75.76749229,45.25950964,2014-11-17,9:40,03 - Snow,02 - Wet,01 - Traffic signal,02 - Intersection related,01 - Daylight,03 - P.D. only,03 - Rear end,New Barrhaven
13774,CATHERINE ST/HWY 417 O'CONN IC119BR76 @ O'CONN,368244.4649,5030392.799,-75.68945467,45.41059571,2014-12-22,14:30,01 - Clear,01 - Dry,01 - Traffic signal,02 - Intersection related,01 - Daylight,03 - P.D. only,03 - Rear end,Centretown
13775,COPE @ TERRY FOX,353996.9859,5015343.186,-75.87295988,45.27632377,2014-11-19,19:33,01 - Clear,02 - Wet,01 - Traffic signal,03 - At intersection,07 - Dark,03 - P.D. only,02 - Angle,Glen Cairn - Kanata South Business Park
13776,MCARTHUR AVE btwn MAY ST & ST. LAURENT BLVD,371762.1236,5032857.475,-75.64418414,45.43244403,2014-11-27,15:39,01 - Clear,01 - Dry,10 - No control,01 - Non intersection,01 - Daylight,03 - P.D. only,04 - Sideswipe,Castle Heights
13777,STE. ANNE ST btwn MONTFORT ST & MONTREAL RD,370629.9491,5033502.323,-75.6585662,45.43835359,2014-12-22,10:30,01 - Clear,02 - Wet,10 - No control,01 - Non intersection,01 - Daylight,03 - P.D. only,06 - SMV unattended vehicle,Vanier North
13778,CARLING AVE @ FAIRLAWN AVE/WOODROFFE AVE E,361934.6841,5025830.528,-75.77058762,45.37008852,2014-09-03,16:02,01 - Clear,01 - Dry,01 - Traffic signal,02 - Intersection related,01 - Daylight,03 - P.D. only,04 - Sideswipe,Carlingwood West - Glabar Park - McKellar Heights
13779,MARKETPLACE AVE btwn RIOCAN AVE & Continuation of MARKETPLACE AVE,364367.9837,5014806.799,-75.74085133,45.27069522,2014-08-05,12:10,01 - Clear,01 - Dry,10 - No control,04 - At/near private drive,01 - Daylight,03 - P.D. only,02 - Angle,New Barrhaven
13780,RIDDELL DR btwn MARCH VALLEY RD & SIXTH LINE RD,348339.0443,5027426.079,-75.94400675,45.38542214,2014-09-23,18:00,01 - Clear,01 - Dry,10 - No control,01 - Non intersection,01 - Daylight,03 - P.D. only,99 - Other,Carp - Hardwood Plains
13781,BANK ST btwn AYLMER AVE & EUCLID AVE,368701.4365,5028665.368,-75.68384098,45.39501127,2014-09-27,9:25,01 - Clear,01 - Dry,10 - No control,01 - Non intersection,01 - Daylight,03 - P.D. only,03 - Rear end,Old Ottawa South
13782,JOHNSTON RD @ TAPIOLA CRES W,371570.8084,5025267.068,-75.64765648,45.3641669,2014-09-27,9:43,01 - Clear,01 - Dry,02 - Stop sign,03 - At intersection,01 - Daylight,03 - P.D. only,03 - Rear end,South Keys - Heron Gate - Greenboro West
13783,PALLADIUM DR @ SILVER SEVEN RD,351052.0816,5017888.395,-75.91025481,45.2994262,2014-11-17,12:02,03 - Snow,02 - Wet,01 - Traffic signal,02 - Intersection related,01 - Daylight,03 - P.D. only,02 - Angle,Katimavik - Hazeldean
13784,ALESTHER ST btwn TELFORD AVE & DUNBRACK ST,371877.4561,5032616.644,-75.6427431,45.43026609,2014-12-25,14:00,01 - Clear,03 - Loose snow,10 - No control,04 - At/near private drive,01 - Daylight,03 - P.D. only,06 - SMV unattended vehicle,Castle Heights
13785,PORTOBELLO BLVD btwn INNES RD & CHAREST WAY,385663.0502,5036798.548,-75.46590081,45.4664329,2014-12-16,8:20,01 - Clear,01 - Dry,10 - No control,01 - Non intersection,01 - Daylight,03 - P.D. only,04 - Sideswipe,Avalon
13786,GREENBANK RD @ 220 N OF STRANDHERD DR,363849.3426,5014982.945,-75.7474395,45.27232392,2014-12-22,12:00,01 - Clear,01 - Dry,01 - Traffic signal,02 - Intersection related,01 - Daylight,03 - P.D. only,03 - Rear end,New Barrhaven
13787,CARLING AVE @ OTTAWA RIVER PKWY WB,360858.5817,5025170.995,-75.78439948,45.36424099,2014-12-22,12:27,03 - Snow,02 - Wet,03 - Yield sign,02 - Intersection related,01 - Daylight,03 - P.D. only,03 - Rear end,Woodroffe - Lincoln Heights
13788,KING EDWARD AVE @ MURRAY ST,368292.1737,5032752.634,-75.68854109,45.43182436,2014-09-03,17:34,01 - Clear,01 - Dry,01 - Traffic signal,02 - Intersection related,01 - Daylight,03 - P.D. only,03 - Rear end,Byward Market
13789,BANK ST @ LAURIER AVE,367481.1742,5031265.588,-75.69909425,45.41851757,2014-09-03,9:10,01 - Clear,01 - Dry,01 - Traffic signal,03 - At intersection,01 - Daylight,03 - P.D. only,05 - Turning movement,Downtown
13790,ROCKDALE RD S @ HIGHWAY 417,395258.0766,5022266.719,-75.34588589,45.33451687,2014-08-11,15:51,01 - Clear,01 - Dry,02 - Stop sign,03 - At intersection,01 - Daylight,03 - P.D. only,02 - Angle,Navan - Vars
13791,BRONSON AVE @ HWY 417 BRONSON IC121AR51,367287.2906,5029712.454,-75.70176823,45.40456028,2014-09-24,9:00,01 - Clear,01 - Dry,01 - Traffic signal,02 - Intersection related,01 - Daylight,03 - P.D. only,03 - Rear end,Centretown West
13792,GREENBANK RD @ STRANDHERD DR,363933.21,5014783.469,-75.74639449,45.27052199,2014-11-01,16:13,01 - Clear,01 - Dry,01 - Traffic signal,03 - At intersection,01 - Daylight,03 - P.D. only,05 - Turning movement,New Barrhaven
13793,DAVID DR @ WOODROFFE AVE,362980.2157,5022906.554,-75.75758505,45.34369287,2014-11-17,13:34,03 - Snow,03 - Loose snow,02 - Stop sign,02 - Intersection related,01 - Daylight,03 - P.D. only,03 - Rear end,Crestview - Meadowlands
13794,MALVERN DR btwn CHALICE CRT & SHERWAY DR,362647.7695,5015944.29,-75.76263976,45.28107402,2014-11-17,7:40,03 - Snow,03 - Loose snow,10 - No control,04 - At/near private drive,01 - Daylight,03 - P.D. only,02 - Angle,Barrhaven West - Old Barrhaven
13795,COVENTRY RD @ VANIER PKWY,370677.335,5031611.228,-75.65821356,45.42133386,2014-12-04,23:46,01 - Clear,01 - Dry,01 - Traffic signal,02 - Intersection related,07 - Dark,03 - P.D. only,03 - Rear end,Overbrook
13796,ISABELLA ST/HWY417 IC119AR75 @ METCALFE ST,368447.7564,5030400.99,-75.68685669,45.41065095,2014-12-22,12:33,"07 - Fog, mist, smoke, dust",02 - Wet,01 - Traffic signal,02 - Intersection related,01 - Daylight,03 - P.D. only,03 - Rear end,The Glebe
13797,ST. LAURENT BLVD @ COVENTRY RD/OGILVIE RD,372306.1934,5031951.575,-75.63735557,45.42424087,2014-09-03,20:00,01 - Clear,01 - Dry,01 - Traffic signal,02 - Intersection related,05 - Dusk,03 - P.D. only,04 - Sideswipe,Overbrook
13798,CARP RD btwn THOMAS A. DOLAN PKWY & NORMA LANE,338046.6149,5024881.291,-76.07560812,45.36308731,2014-08-16,11:15,01 - Clear,01 - Dry,10 - No control,01 - Non intersection,01 - Daylight,03 - P.D. only,07 - SMV other,Carp - Hardwood Plains
13799,KENT ST @ WELLINGTON ST,367096.276,5031526.574,-75.70397879,45.42090022,2014-09-24,16:43,01 - Clear,01 - Dry,01 - Traffic signal,03 - At intersection,01 - Daylight,03 - P.D. only,03 - Rear end,Downtown
13800,HAZELDEAN RD @ EDGEWATER ST,352324.0796,5017351.445,-75.89408834,45.29450969,2014-09-24,17:20,01 - Clear,01 - Dry,01 - Traffic signal,02 - Intersection related,01 - Daylight,03 - P.D. only,03 - Rear end,Glen Cairn - Kanata South Business Park
13801,MAITLAND AVE btwn HWY417 IC126 RAMP63 & HWY417 IC126 RAMP52,363188.6405,5025874.486,-75.75457509,45.3703807,2014-10-30,8:30,01 - Clear,01 - Dry,10 - No control,07 - Overpass or bridge,01 - Daylight,03 - P.D. only,04 - Sideswipe,Carlingwood West - Glabar Park - McKellar Heights
13802,MERIVALE RD btwn COLONNADE RD & WOODFIELD DR/ROYDON PL,365392.2753,5022481.092,-75.72686057,45.33966042,2014-11-03,18:01,01 - Clear,01 - Dry,10 - No control,01 - Non intersection,07 - Dark,03 - P.D. only,99 - Other,Tanglewood
13803,HUNT CLUB RD btwn WEST HUNT CLUB RD & TURN LANE,367840.0205,5021894.314,-75.69570586,45.33416503,2014-11-17,11:30,03 - Snow,02 - Wet,10 - No control,01 - Non intersection,01 - Daylight,03 - P.D. only,99 - Other,Hunt Club Woods - Quintarra - Revelstoke - Riverside South P
13804,RIVER RD btwn EARL ARMSTRONG RD & NICOLLS ISLAND RD,367496.1853,5014461.349,-75.70103219,45.26731496,2014-08-14,11:51,01 - Clear,01 - Dry,10 - No control,01 - Non intersection,01 - Daylight,03 - P.D. only,07 - SMV other,Greenbelt
13805,MONTREAL RD btwn VANIER PKWY & DUROCHER ST,370118.353,5033090.71,-75.6651593,45.43469805,2014-12-21,19:30,01 - Clear,01 - Dry,10 - No control,01 - Non intersection,07 - Dark,03 - P.D. only,01 - Approaching,Vanier
13806,RICHMOND RD btwn BAYSHORE DR & BAYSHORE DR,359374.4177,5023371.645,-75.80354238,45.34816756,2014-12-10,17:11,03 - Snow,03 - Loose snow,10 - No control,01 - Non intersection,07 - Dark,03 - P.D. only,03 - Rear end,Bayshore
13807,RICHMOND RD btwn CLIFTON RD & KIRKWOOD AVE,363771.0888,5028633.479,-75.74681026,45.39515692,2014-12-22,12:30,01 - Clear,01 - Dry,10 - No control,01 - Non intersection,01 - Daylight,03 - P.D. only,06 - SMV unattended vehicle,Westboro
13808,BRIDGE ST btwn KITOMAN CRES & RIVER RD,369464.8347,5010750.663,-75.67643001,45.23374834,2014-12-22,15:16,01 - Clear,01 - Dry,10 - No control,04 - At/near private drive,01 - Daylight,03 - P.D. only,02 - Angle,Manotick
13809,BRIDGESTONE DR btwn EAGLESON RD & WINDWAYS CRES,355011.4083,5015466.14,-75.86001893,45.27735843,2014-12-21,20:00,01 - Clear,01 - Dry,10 - No control,01 - Non intersection,07 - Dark,03 - P.D. only,06 - SMV unattended vehicle,Bridlewood - Emerald Meadows
13810,SCALA AVE btwn ESPRIT DR & MARSHFIELD ST,384888.2639,5036398.31,-75.4758726,45.4629212,2014-09-04,7:07,01 - Clear,01 - Dry,10 - No control,01 - Non intersection,01 - Daylight,03 - P.D. only,06 - SMV unattended vehicle,Avalon
13811,HWY417 IC115 RAMP61 btwn RAMP & HIGHWAY 417,372584.8484,5031606.105,-75.63384266,45.42110554,2014-08-17,23:30,01 - Clear,01 - Dry,10 - No control,01 - Non intersection,07 - Dark,03 - P.D. only,07 - SMV other,Cummings
13812,TERRY FOX DR @ PALLADIUM DR/KATIMAVIK RD,351269.2441,5018182.723,-75.9074584,45.30206031,2014-09-24,18:00,01 - Clear,01 - Dry,01 - Traffic signal,02 - Intersection related,01 - Daylight,03 - P.D. only,04 - Sideswipe,Katimavik - Hazeldean
13813,BANK ST @ COLLINS AVE/WILDWOOD AVE,370051.8065,5026700.181,-75.66685547,45.37720465,2014-11-04,12:11,01 - Clear,01 - Dry,02 - Stop sign,02 - Intersection related,01 - Daylight,03 - P.D. only,02 - Angle,Ledbury - Heron Gate - Ridgemont - Elmwood
13814,COOPER ST btwn METCALFE ST & ELGIN ST,368061.7594,5031239.233,-75.69167997,45.41822818,2014-11-05,7:39,01 - Clear,01 - Dry,10 - No control,01 - Non intersection,01 - Daylight,03 - P.D. only,04 - Sideswipe,Centretown