Record,Location,X,Y,lon,lat,Date,Time,Environment,Road_Surface,Traffic_Control,Collision_Location,Light,Collision_Classification,Impact_type,Neighborhood
13815,ABBOTT ST @ CARBERY DR,350673.4733,5013712.515,-75.91546804,45.26187515,2014-11-17,14:42,03 - Snow,04 - Slush,02 - Stop sign,02 - Intersection related,01 - Daylight,03 - P.D. only,03 - Rear end,Stittsville
13816,CYRVILLE RD btwn LABRIE AVE & STAR TOP RD,373686.2605,5031572.878,-75.61977507,45.420699,2014-12-10,18:57,03 - Snow,03 - Loose snow,10 - No control,01 - Non intersection,07 - Dark,03 - P.D. only,07 - SMV other,Industrial Park
13817,BOUNDARY RD @ DEVINE RD,388359.8832,5021457.847,-75.43401745,45.32809468,2014-12-11,16:39,01 - Clear,01 - Dry,02 - Stop sign,03 - At intersection,05 - Dusk,03 - P.D. only,02 - Angle,Metcalfe
13818,INNES RD @ JEANNE D'ARC BLVD/MER BLEUE RD,382636.8035,5035568.979,-75.50478997,45.45571408,2014-12-22,15:22,01 - Clear,01 - Dry,01 - Traffic signal,02 - Intersection related,01 - Daylight,03 - P.D. only,03 - Rear end,Orleans Village - Chateauneuf
13819,AVIATION PKWY @ OGILVIE RD,373110.2403,5032373.742,-75.6270235,45.42796126,2014-09-03,7:45,01 - Clear,01 - Dry,01 - Traffic signal,02 - Intersection related,01 - Daylight,03 - P.D. only,03 - Rear end,Industrial Park
13820,CARLING AVE @ CLYDE AVE/COLE AVE,363522.1124,5026849.594,-75.7502022,45.37912673,2014-09-04,8:20,01 - Clear,01 - Dry,01 - Traffic signal,03 - At intersection,01 - Daylight,03 - P.D. only,02 - Angle,Carlingwood - McKellar Park - Laurentien View
13821,REGIONAL ROAD 174 btwn HWY417 IC113 RAMP67 & Continuation of REGIONAL ,373493.8948,5031872.461,-75.62219105,45.42341341,2014-08-17,23:59,01 - Clear,01 - Dry,10 - No control,01 - Non intersection,07 - Dark,03 - P.D. only,04 - Sideswipe,Industrial Park
13822,EAGLESON RD btwn MARCH RD & HWY417 IC138 RAMP35,352948.5627,5020217.894,-75.88584843,45.32026013,2014-08-20,17:44,01 - Clear,01 - Dry,10 - No control,07 - Overpass or bridge,01 - Daylight,03 - P.D. only,03 - Rear end,Katimavik - Hazeldean
13823,CEDARVIEW RD @ WEST HUNT CLUB RD,359718.2035,5019555.426,-75.79957884,45.31380228,2014-09-24,21:07,01 - Clear,01 - Dry,01 - Traffic signal,03 - At intersection,07 - Dark,03 - P.D. only,05 - Turning movement,Greenbelt
13824,DAZE ST @ 200 W OF BANK ST/SOUTHKEYS SC,371193.5775,5024143.897,-75.65262225,45.35409681,2014-11-05,13:00,01 - Clear,01 - Dry,01 - Traffic signal,03 - At intersection,01 - Daylight,03 - P.D. only,05 - Turning movement,South Keys - Heron Gate - Greenboro West
13825,NIXON DR btwn SNAKE ISLAND RD & CABIN RD,373467.2392,5002685.175,-75.62657227,45.16079724,2014-11-17,15:20,03 - Snow,04 - Slush,10 - No control,01 - Non intersection,01 - Daylight,03 - P.D. only,07 - SMV other,Kars - Osgoode
13826,AVENUE O btwn TREMBLAY RD & END,371717.7157,5031113.167,-75.64498861,45.41675378,2014-11-17,15:26,03 - Snow,03 - Loose snow,10 - No control,04 - At/near private drive,01 - Daylight,03 - P.D. only,06 - SMV unattended vehicle,Industrial Park
13827,APPLEDALE DR btwn GATESBURY ST & CONLAN WAY,365342.6995,5015527.549,-75.72834255,45.27709727,2014-11-23,0:00,01 - Clear,01 - Dry,10 - No control,01 - Non intersection,00 - Unknown,03 - P.D. only,06 - SMV unattended vehicle,New Barrhaven
13828,PROVOST DR btwn MARCEL ST & THORNDALE DR,369473.037,5025268.454,-75.67443195,45.36437605,2014-10-21,14:15,01 - Clear,01 - Dry,10 - No control,01 - Non intersection,01 - Daylight,03 - P.D. only,06 - SMV unattended vehicle,Hunt Club Woods - Quintarra - Revelstoke - Riverside South P
13829,BANK ST btwn TURN LANE & SPRINGHILL RD,384356.1651,5008128.708,-75.48722027,45.20863246,2014-12-15,18:30,01 - Clear,01 - Dry,10 - No control,01 - Non intersection,07 - Dark,03 - P.D. only,07 - SMV other,Metcalfe
13830,CAHILL DR @ HUNT CLUB RD,372408.6848,5024541.084,-75.63706133,45.35755445,2014-12-16,15:09,01 - Clear,02 - Wet,01 - Traffic signal,02 - Intersection related,01 - Daylight,03 - P.D. only,03 - Rear end,Greenboro East
13831,GREENBANK RD @ MALVERN DR/FOXFIELD DR,363309.7862,5016194.908,-75.75417249,45.2832743,2014-12-22,15:20,01 - Clear,01 - Dry,01 - Traffic signal,03 - At intersection,01 - Daylight,03 - P.D. only,05 - Turning movement,Barrhaven West - Old Barrhaven
13832,CROYDON AVE @ RICHMOND RD,360544.265,5025271.572,-75.78840014,45.36517104,2014-09-03,15:30,01 - Clear,01 - Dry,01 - Traffic signal,03 - At intersection,01 - Daylight,03 - P.D. only,02 - Angle,Woodroffe - Lincoln Heights
13833,SPRATT RD btwn EARL ARMSTRONG RD & RIDEAU RD,369032.4653,5013294.907,-75.68160743,45.25668082,2014-09-03,19:30,01 - Clear,01 - Dry,10 - No control,01 - Non intersection,05 - Dusk,03 - P.D. only,07 - SMV other,Greenbelt
13834,HWY 417 CASTLEFR IC139R61 @ KANATA AVE,351615.3989,5019226.259,-75.90294616,45.31142733,2014-08-23,16:27,01 - Clear,01 - Dry,01 - Traffic signal,03 - At intersection,01 - Daylight,03 - P.D. only,02 - Angle,Kanata
13835,DEVONSHIRE PL btwn KIRKWOOD AVE & END,364051.0804,5027768.169,-75.74333837,45.38734738,2014-08-26,9:48,01 - Clear,01 - Dry,10 - No control,01 - Non intersection,01 - Daylight,03 - P.D. only,07 - SMV other,Westboro
13836,COVENTRY RD @ LOLA ST,371265.1394,5031613.624,-75.65070305,45.42129982,2014-09-24,22:09,01 - Clear,01 - Dry,01 - Traffic signal,03 - At intersection,07 - Dark,03 - P.D. only,07 - SMV other,Overbrook
13837,CARLING AVE EB btwn MERIVALE RD EXTENSION & VISCOUNT AVE,365027.5825,5027782.096,-75.73086744,45.3873894,2014-09-25,12:40,01 - Clear,01 - Dry,10 - No control,04 - At/near private drive,01 - Daylight,03 - P.D. only,02 - Angle,Carlington
13838,COOPER ST @ O'CONNOR ST,367807.2894,5031083.675,-75.694951,45.41685148,2014-11-06,12:43,01 - Clear,01 - Dry,02 - Stop sign,03 - At intersection,01 - Daylight,03 - P.D. only,04 - Sideswipe,Centretown
13839,MONTREAL RD @ DEN HAAG DR/LANG'S RD,372386.2441,5034223.479,-75.63602086,45.44467462,2014-11-17,15:30,03 - Snow,03 - Loose snow,01 - Traffic signal,02 - Intersection related,01 - Daylight,03 - P.D. only,03 - Rear end,Carson Grove - Carson Meadows
13840,KERWIN RD btwn MOWBRAY ST & FIFTH LINE RD,347053.4471,5027882.919,-75.96038396,45.38961162,2014-11-17,15:32,03 - Snow,06 - Ice,10 - No control,01 - Non intersection,01 - Daylight,03 - P.D. only,07 - SMV other,Carp - Hardwood Plains
13841,METCALFE ST @ SLATER ST,367732.4416,5031550.069,-75.69584767,45.42105468,2014-12-09,15:12,01 - Clear,01 - Dry,01 - Traffic signal,02 - Intersection related,01 - Daylight,03 - P.D. only,03 - Rear end,Downtown
13842,BOURASSA ST @ ST. LAURENT BLVD,373236.732,5029692.131,-75.62577958,45.40382105,2014-12-16,17:36,02 - Rain,02 - Wet,01 - Traffic signal,02 - Intersection related,07 - Dark,03 - P.D. only,05 - Turning movement,Industrial Park
13843,CRESTWAY DR @ STRANDHERD DR,366347.8529,5015473.509,-75.71553909,45.27652375,2014-12-22,11:59,01 - Clear,01 - Dry,01 - Traffic signal,02 - Intersection related,01 - Daylight,03 - P.D. only,03 - Rear end,Chapman Mills - Rideau Crest - Davidson Heights
13844,CARLING AVE @ KIRKWOOD AVE S,364351.7005,5027336.124,-75.73955179,45.38343442,2014-12-22,14:30,01 - Clear,01 - Dry,01 - Traffic signal,02 - Intersection related,01 - Daylight,03 - P.D. only,03 - Rear end,Carlington
13845,GLADSTONE AVE btwn LORETTA AVE N & PRESTON ST,366466.9572,5029703.08,-75.71224759,45.40454868,2014-09-04,14:06,01 - Clear,01 - Dry,10 - No control,01 - Non intersection,01 - Daylight,03 - P.D. only,03 - Rear end,Little Italy
13846,BATHGATE DR btwn RAINBOW CRES & LEIGH CRES,373755.012,5033111.808,-75.61868121,45.43453872,2014-09-04,15:22,01 - Clear,01 - Dry,10 - No control,04 - At/near private drive,01 - Daylight,03 - P.D. only,06 - SMV unattended vehicle,Carson Grove - Carson Meadows
13847,BASELINE RD @ GREENBANK RD,360598.1582,5022585.448,-75.78801536,45.34099709,2014-09-01,15:00,01 - Clear,01 - Dry,01 - Traffic signal,02 - Intersection related,01 - Daylight,03 - P.D. only,03 - Rear end,Qualicum - Redwood Park
13848,ALBION RD @ BRIDLE PATH DR,372106.2549,5023738.606,-75.64103027,45.35036313,2014-09-25,13:30,01 - Clear,01 - Dry,01 - Traffic signal,02 - Intersection related,01 - Daylight,03 - P.D. only,03 - Rear end,Emerald Woods - Sawmill Creek
13849,DATA CENTRE RD @ HERON RD,368939.3553,5026732.541,-75.68105373,45.37759853,2014-09-25,13:50,01 - Clear,01 - Dry,02 - Stop sign,03 - At intersection,01 - Daylight,03 - P.D. only,02 - Angle,Alta Vista
13850,STAGECOACH RD btwn OSGOODE MAIN ST & FOREST RD,378042.8951,5003004.644,-75.56833185,45.16321185,2014-11-17,10:45,03 - Snow,03 - Loose snow,10 - No control,01 - Non intersection,01 - Daylight,03 - P.D. only,07 - SMV other,Kars - Osgoode
13851,BLAIR RD @ INNES RD,375578.261,5031438.607,-75.59562147,45.41930205,2014-11-17,15:34,03 - Snow,04 - Slush,01 - Traffic signal,02 - Intersection related,01 - Daylight,03 - P.D. only,02 - Angle,Greenbelt
13852,BRIDGE ST @ WEST RIVER DR/ARTHUR CRES S,368974.8385,5010211.376,-75.6827395,45.2289407,2014-12-05,9:23,01 - Clear,01 - Dry,02 - Stop sign,02 - Intersection related,01 - Daylight,03 - P.D. only,03 - Rear end,Manotick
13853,OR174 IC109 RAMP54 btwn REGIONAL ROAD 174 & ST. JOSEPH BLVD,376480.1248,5034861.651,-75.58360088,45.45000869,2014-12-07,18:00,03 - Snow,05 - Packed snow,10 - No control,01 - Non intersection,07 - Dark,03 - P.D. only,07 - SMV other,Greenbelt
13854,LAURIER AVE @ NICHOLAS ST,368372.6869,5031798.745,-75.68763533,45.4232343,2014-12-19,8:47,01 - Clear,01 - Dry,01 - Traffic signal,02 - Intersection related,01 - Daylight,03 - P.D. only,04 - Sideswipe,Sandy Hill
13855,GREENBANK RD btwn MALVERN DR & HIGHBURY PARK DR,363565.3319,5015631.956,-75.75098197,45.27818753,2014-12-22,17:18,01 - Clear,02 - Wet,10 - No control,01 - Non intersection,07 - Dark,03 - P.D. only,03 - Rear end,Barrhaven West - Old Barrhaven
13856,MOODIE DR btwn WEST HUNT CLUB RD & ALTI PL,358297.1778,5017568.615,-75.81791558,45.29603445,2014-12-22,17:21,01 - Clear,01 - Dry,10 - No control,01 - Non intersection,07 - Dark,03 - P.D. only,07 - SMV other,Greenbelt
13857,SLACK RD @ WOODROFFE AVE,364235.1053,5019975.426,-75.74192522,45.31721363,2014-09-05,16:32,01 - Clear,02 - Wet,01 - Traffic signal,02 - Intersection related,01 - Daylight,03 - P.D. only,03 - Rear end,Greenbelt
13858,HWY 417 INNES IC112R68 @ INNES RD,374642.2506,5030922.527,-75.60765314,45.4147527,2014-09-02,13:28,01 - Clear,01 - Dry,01 - Traffic signal,03 - At intersection,01 - Daylight,03 - P.D. only,07 - SMV other,Industrial Park
13859,RENAUD RD @ RENAUD RD N,379765.7125,5032027.07,-75.54203353,45.42416049,2014-09-02,17:09,02 - Rain,02 - Wet,02 - Stop sign,03 - At intersection,01 - Daylight,03 - P.D. only,02 - Angle,Greenbelt
13860,ST. JOSEPH BLVD btwn PLACE D'ORLEANS DR & PRESTONE DR,382089.1526,5038102.749,-75.51139265,45.47857156,2014-09-24,15:20,01 - Clear,01 - Dry,10 - No control,04 - At/near private drive,01 - Daylight,03 - P.D. only,03 - Rear end,Industrial Park
13861,RICHMOND RD btwn HWY417 IC130 RAMP35 & HWY417 IC130 RAMP26,359207.8335,5023072.108,-75.80570106,45.34548527,2014-11-08,14:45,02 - Rain,02 - Wet,10 - No control,07 - Overpass or bridge,01 - Daylight,03 - P.D. only,03 - Rear end,Bayshore
13862,HWY 417 VANIER IC117R63 @ VANIER PKWY,370800.0806,5031397.395,-75.65667393,45.41939831,2014-11-08,18:30,02 - Rain,02 - Wet,01 - Traffic signal,03 - At intersection,07 - Dark,03 - P.D. only,04 - Sideswipe,Overbrook
13863,BOUNDARY RD btwn PANA RD & CARTWRIGHT RD,390257.3291,5016290.518,-75.41070671,45.28137517,2014-11-17,16:07,03 - Snow,04 - Slush,10 - No control,01 - Non intersection,05 - Dusk,03 - P.D. only,07 - SMV other,Metcalfe
13864,HUNT CLUB RD @ RIVERSIDE DR,368035.2812,5021945.499,-75.69320834,45.33460801,2014-11-17,16:22,03 - Snow,03 - Loose snow,01 - Traffic signal,02 - Intersection related,05 - Dusk,03 - P.D. only,03 - Rear end,Hunt Club Woods - Quintarra - Revelstoke - Riverside South P
13865,RICHMOND RD btwn WOODROFFE AVE & LOCKHART AVE,361603.6888,5026682.552,-75.77471495,45.37778187,2014-12-19,16:08,01 - Clear,01 - Dry,10 - No control,04 - At/near private drive,05 - Dusk,03 - P.D. only,05 - Turning movement,Carlingwood - McKellar Park - Laurentien View
13866,WEST HUNT CLUB RD EB btwn MERIVALE RD & SUNDERLAND ST,365747.6121,5022014.232,-75.7223845,45.33542889,2014-12-22,17:44,01 - Clear,01 - Dry,10 - No control,01 - Non intersection,07 - Dark,03 - P.D. only,07 - SMV other,Industrial Park
13867,JINKINSON RD btwn FERNBANK RD & HAZELDEAN RD,345724.1476,5007861.215,-75.97901224,45.20952769,2014-12-22,17:57,01 - Clear,01 - Dry,10 - No control,01 - Non intersection,07 - Dark,03 - P.D. only,07 - SMV other,Munster Hamlet - Richmond
13868,MEADOWLANDS DR btwn ROWLEY AVE & PERRY ST,364421.1032,5023482.039,-75.73913069,45.34875003,2014-09-05,16:54,01 - Clear,01 - Dry,10 - No control,01 - Non intersection,01 - Daylight,03 - P.D. only,03 - Rear end,Crestview - Meadowlands
13869,BREWER RD @ BRONSON AVE,368107.6253,5027766.436,-75.6915398,45.38697688,2014-09-05,17:17,01 - Clear,01 - Dry,01 - Traffic signal,03 - At intersection,01 - Daylight,03 - P.D. only,05 - Turning movement,Carleto
13870,INNES RD btwn HWY417 IC112 RAMP55 & HWY417 IC112 RAMP58,374211.3586,5030704.36,-75.61318854,45.41283262,2014-09-05,14:00,01 - Clear,01 - Dry,10 - No control,01 - Non intersection,01 - Daylight,03 - P.D. only,03 - Rear end,Industrial Park
13871,BAY ST @ SLATER ST,366983.2239,5031079.518,-75.70547965,45.4168878,2014-09-25,15:14,01 - Clear,01 - Dry,01 - Traffic signal,03 - At intersection,01 - Daylight,03 - P.D. only,02 - Angle,Downtown
13872,RIVERSIDE DR btwn RAMP & TURN LANE (1),368360.3233,5027201.285,-75.68838586,45.38186892,2014-11-15,0:54,01 - Clear,01 - Dry,10 - No control,01 - Non intersection,07 - Dark,03 - P.D. only,04 - Sideswipe,Riverside Park
13873,AIRPORT PKWY btwn AIRPORT PARKWAY PRIV & RAMP,371158.3326,5021381.066,-75.65344261,45.32924101,2014-11-17,1:22,03 - Snow,06 - Ice,10 - No control,07 - Overpass or bridge,07 - Dark,03 - P.D. only,01 - Approaching,Greenbelt
13874,BILBERRY DR btwn DU BOIS AVE S & JEANNE D'ARC BLVD N,380578.8438,5038215.924,-75.53069078,45.47975537,2014-11-17,15:55,03 - Snow,02 - Wet,10 - No control,04 - At/near private drive,01 - Daylight,03 - P.D. only,02 - Angle,Orleans South West
13875,VALIN ST btwn CHARLEMAGNE BLVD & NORTHLANDS DR,384731.6496,5037594.566,-75.47768042,45.47370191,2014-11-17,16:48,03 - Snow,04 - Slush,10 - No control,04 - At/near private drive,05 - Dusk,03 - P.D. only,03 - Rear end,Fallingbrook
13876,INDUSTRIAL AVE @ RIVERSIDE DR,370683.7685,5030591.128,-75.65826775,45.41215481,2014-12-20,11:26,01 - Clear,01 - Dry,01 - Traffic signal,03 - At intersection,01 - Daylight,03 - P.D. only,02 - Angle,Industrial Park
13877,PRESTON ST @ SOMERSET ST,366309.5988,5030126.143,-75.71420477,45.40836914,2014-12-22,17:00,01 - Clear,01 - Dry,01 - Traffic signal,02 - Intersection related,07 - Dark,03 - P.D. only,03 - Rear end,Chinatown
13878,HAZELDEAN RD btwn KINCARDINE DR & TERRY FOX DR,352101.1977,5017140.313,-75.89694996,45.29262491,2014-12-22,19:06,01 - Clear,01 - Dry,10 - No control,01 - Non intersection,07 - Dark,03 - P.D. only,04 - Sideswipe,Glen Cairn - Kanata South Business Park
13879,MERIVALE RD/LOTTA AVE @ CLYDE AVE,364521.2244,5024506.578,-75.73772933,45.35796018,2014-09-05,16:00,02 - Rain,02 - Wet,01 - Traffic signal,02 - Intersection related,01 - Daylight,03 - P.D. only,03 - Rear end,Cityview - Skyline - Fisher Heights
13880,SHEARER CRES btwn STURSBERG WAY & PICKFORD DR,352721.331,5018845.938,-75.88887938,45.30793052,2014-09-05,17:46,01 - Clear,02 - Wet,10 - No control,01 - Non intersection,01 - Daylight,03 - P.D. only,06 - SMV unattended vehicle,Katimavik - Hazeldean
13881,HWY 417 MOODIE IC134R52 @ MOODIE DR,356458.8133,5022043.19,-75.84088638,45.33643482,2014-09-05,22:14,02 - Rain,02 - Wet,01 - Traffic signal,02 - Intersection related,07 - Dark,03 - P.D. only,03 - Rear end,Greenbelt
13882,DALHOUSIE ST btwn MURRAY ST & CLARENCE ST,368038.6445,5032511.748,-75.69181192,45.42967993,2014-09-07,2:59,01 - Clear,01 - Dry,10 - No control,01 - Non intersection,07 - Dark,03 - P.D. only,06 - SMV unattended vehicle,Byward Market
13883,CHARLEMAGNE BLVD @ PRINCESS LOUISE DR W/VALADE,383520.3516,5037973.825,-75.49310963,45.47725173,2014-09-25,15:33,01 - Clear,01 - Dry,01 - Traffic signal,02 - Intersection related,01 - Daylight,03 - P.D. only,03 - Rear end,Fallingbrook
13884,BASELINE RD @ GREENBANK RD,360597.2104,5022584.5,-75.78802756,45.34098863,2014-09-25,15:49,01 - Clear,01 - Dry,01 - Traffic signal,02 - Intersection related,01 - Daylight,03 - P.D. only,03 - Rear end,Qualicum - Redwood Park
13885,TARTAN DR btwn RUETER ST & HALLEY ST,362787.5844,5014349.443,-75.76104402,45.266712,2014-11-17,7:34,03 - Snow,03 - Loose snow,10 - No control,01 - Non intersection,01 - Daylight,03 - P.D. only,01 - Approaching,Barrhaven West - Old Barrhaven
13886,RUSSLAND RD btwn ROCKDALE RD & DUNNING RD,395625.0015,5022605.421,-75.34114326,45.33751673,2014-11-17,8:04,03 - Snow,06 - Ice,10 - No control,01 - Non intersection,01 - Daylight,03 - P.D. only,01 - Approaching,Navan - Vars
13887,MEADOWLANDS DR @ MERIVALE RD,364857.2781,5023726.458,-75.73353515,45.35091206,2014-11-17,16:45,03 - Snow,04 - Slush,01 - Traffic signal,02 - Intersection related,05 - Dusk,03 - P.D. only,04 - Sideswipe,Cityview - Skyline - Fisher Heights
13888,CYRVILLE RD btwn INNES RD & END,375078.1285,5031059.232,-75.60206529,45.41593906,2014-12-20,15:37,01 - Clear,01 - Dry,10 - No control,04 - At/near private drive,01 - Daylight,03 - P.D. only,05 - Turning movement,Industrial Park
13889,CYRVILLE RD @ INNES RD,375047.7247,5031119.089,-75.60244518,45.41648067,2014-12-19,16:30,01 - Clear,01 - Dry,01 - Traffic signal,02 - Intersection related,05 - Dusk,03 - P.D. only,04 - Sideswipe,Industrial Park
13890,UPLANDS DR btwn TO BE DETERMINED & RAMP,370913.3538,5021430.853,-75.6565609,45.3297121,2014-12-23,4:26,03 - Snow,03 - Loose snow,10 - No control,01 - Non intersection,07 - Dark,03 - P.D. only,07 - SMV other,Greenbelt
13891,CANON SMITH DR @ GALETTA SIDE RD,329166.534,5036253.095,-76.1883978,45.4657807,2014-12-23,8:56,04 - Freezing Rain,06 - Ice,02 - Stop sign,02 - Intersection related,01 - Daylight,03 - P.D. only,07 - SMV other,Fitzro
13892,TENTH LINE RD btwn ST. JOSEPH BLVD & OR174 IC101 RAMP26,382882.7469,5038680.671,-75.50115143,45.48368289,2014-09-05,8:10,01 - Clear,01 - Dry,10 - No control,01 - Non intersection,01 - Daylight,03 - P.D. only,03 - Rear end,Industrial Park
13893,RIDEAU ST btwn AUGUSTA ST & COBOURG ST,369116.8579,5032778.097,-75.67799901,45.43197811,2014-09-05,21:19,01 - Clear,01 - Dry,10 - No control,04 - At/near private drive,07 - Dark,03 - P.D. only,03 - Rear end,Lowe
13894,MEADOWLANDS DR btwn TURN LANE & SULLIVAN AVE,363106.4526,5022758.93,-75.75599173,45.34235408,2014-09-08,19:38,01 - Clear,01 - Dry,10 - No control,04 - At/near private drive,05 - Dusk,03 - P.D. only,02 - Angle,Crestview - Meadowlands
13895,HWY 416 ACRES IC75R24 @ HOLLY ACRES RD,358756.1523,5022870.515,-75.81148654,45.34370622,2014-09-10,10:12,01 - Clear,01 - Dry,01 - Traffic signal,02 - Intersection related,01 - Daylight,03 - P.D. only,03 - Rear end,Greenbelt
13896,FOXFIELD DR btwn FALK AVE & HENFIELD AVE,363511.7357,5016280.945,-75.75158827,45.28403162,2014-09-25,16:41,01 - Clear,01 - Dry,10 - No control,04 - At/near private drive,01 - Daylight,03 - P.D. only,02 - Angle,New Barrhaven
13897,QUEEN ST btwn LYON ST N & KENT ST,367163.1067,5031375.206,-75.70314407,45.4195323,2014-11-17,7:45,03 - Snow,02 - Wet,10 - No control,01 - Non intersection,01 - Daylight,03 - P.D. only,99 - Other,Downtown
13898,HEMLOCK RD @ ST. LAURENT BLVD,371145.235,5034781.598,-75.65180809,45.4498152,2014-11-16,8:20,01 - Clear,02 - Wet,01 - Traffic signal,02 - Intersection related,01 - Daylight,03 - P.D. only,99 - Other,Cemetery
13899,LEMIEUX ST @ ST. LAURENT BLVD,372390.3029,5031743.512,-75.63630943,45.42236069,2014-11-17,17:45,03 - Snow,04 - Slush,01 - Traffic signal,03 - At intersection,07 - Dark,03 - P.D. only,03 - Rear end,Overbrook
13900,MONTREAL RD @ NORTH RIVER RD,369738.2869,5032887.585,-75.67004324,45.43290581,2014-11-17,17:50,02 - Rain,04 - Slush,01 - Traffic signal,02 - Intersection related,07 - Dark,03 - P.D. only,03 - Rear end,Vanier South
13901,KING EDWARD AVE @ YORK ST S,368387.8047,5032597.112,-75.68733909,45.43041634,2014-12-21,12:33,01 - Clear,01 - Dry,02 - Stop sign,02 - Intersection related,01 - Daylight,03 - P.D. only,03 - Rear end,Byward Market
13902,SMYTH RD E/LANCASTER RD @ ST. LAURENT BLVD N/R,373364.9316,5029424.958,-75.62417928,45.40140461,2014-12-18,12:34,01 - Clear,01 - Dry,01 - Traffic signal,02 - Intersection related,01 - Daylight,03 - P.D. only,04 - Sideswipe,Sheffield Glen
13903,OTTAWA RIVER PKWY @ PORTAGE BRIDGE,366517.0592,5031314.262,-75.7114059,45.41904123,2014-12-24,13:50,01 - Clear,02 - Wet,01 - Traffic signal,02 - Intersection related,01 - Daylight,03 - P.D. only,03 - Rear end,LeBreton Flats
13904,WOODROFFE AVE btwn TIERNEY DR & HERITAGE GLEN DR,365993.1111,5015668.095,-75.72003606,45.27830559,2014-09-10,17:43,01 - Clear,01 - Dry,10 - No control,01 - Non intersection,01 - Daylight,03 - P.D. only,07 - SMV other,Chapman Mills - Rideau Crest - Davidson Heights
13905,ROYDON PL btwn WOODFIELD DR & WEST HUNT CLUB RD,365945.4577,5022210.764,-75.71983619,45.33718005,2014-09-12,14:28,01 - Clear,01 - Dry,10 - No control,04 - At/near private drive,01 - Daylight,03 - P.D. only,05 - Turning movement,Industrial Park
13906,OAKHAM RDG @ RUTHERGLEN TER,349367.6573,5023554.502,-75.93122128,45.35052023,2014-03-20,15:18,01 - Clear,02 - Wet,03 - Yield sign,03 - At intersection,01 - Daylight,03 - P.D. only,02 - Angle,Morgan's Grant
13907,STALWART CRES E @ WHITE ALDER AVE,375560.514,5020782.201,-75.59737475,45.32342264,2014-04-25,11:51,01 - Clear,01 - Dry,02 - Stop sign,02 - Intersection related,01 - Daylight,03 - P.D. only,07 - SMV other,Greenbelt
13908,CAMBRIAN RD @ RIVER MIST RD,364357.1859,5012611.708,-75.74125207,45.25094465,2014-06-07,7:48,01 - Clear,01 - Dry,,03 - At intersection,01 - Daylight,03 - P.D. only,05 - Turning movement,New Barrhaven
13909,FISHER AVE @ KINTYRE PRIV,366494.8086,5025235.991,-75.71245017,45.36435241,2014-03-21,14:45,01 - Clear,01 - Dry,01 - Traffic signal,02 - Intersection related,01 - Daylight,03 - P.D. only,03 - Rear end,Carleton Heights - Rideauview
13910,OWLS CABIN AVE @ FEATHER MOSS WAY,369170.0856,5016675.551,-75.67941591,45.28708684,2014-03-22,12:00,03 - Snow,04 - Slush,03 - Yield sign,02 - Intersection related,01 - Daylight,03 - P.D. only,06 - SMV unattended vehicle,Gloucester
13911,GREENBANK RD @ HWY 417 IC129 RAMP57/IRIS ST,360531.309,5023312.976,-75.78878633,45.34754869,2014-06-13,9:50,02 - Rain,02 - Wet,01 - Traffic signal,02 - Intersection related,01 - Daylight,03 - P.D. only,03 - Rear end,Iris
13912,NORMANDY CRES S @ ORTONA AVE S,367029.8666,5024392.132,-75.70572692,45.35671225,2014-06-18,20:14,01 - Clear,01 - Dry,02 - Stop sign,03 - At intersection,05 - Dusk,03 - P.D. only,02 - Angle,Carleton Heights - Rideauview
13913,RIVER MIST RD btwn DUNDONALD DR & WHITE ARCTIC,364714.9791,5011998.489,-75.73676815,45.24539652,2014-02-07,21:43,01 - Clear,05 - Packed snow,10 - No control,04 - At/near private drive,07 - Dark,03 - P.D. only,06 - SMV unattended vehicle,New Barrhaven
13914,CHATHAM GDN @ MARAVISTA DR,361821.7836,5014872.49,-75.77329049,45.27149738,2014-03-27,7:30,01 - Clear,01 - Dry,02 - Stop sign,03 - At intersection,01 - Daylight,03 - P.D. only,03 - Rear end,Barrhaven West - Old Barrhaven
13915,FRASER FIELDS WAY @ STRANDHERD DR,362949.5871,5013991.964,-75.75902158,45.26348201,2014-06-07,12:20,01 - Clear,01 - Dry,,03 - At intersection,01 - Daylight,03 - P.D. only,02 - Angle,New Barrhaven
13916,BEECH ST btwn RAILWAY ST & PRESTON ST,366666.4454,5029261.191,-75.70975495,45.40055508,2014-12-22,21:14,01 - Clear,02 - Wet,10 - No control,01 - Non intersection,07 - Dark,03 - P.D. only,06 - SMV unattended vehicle,Little Italy
13917,MONTREAL RD @ GRANVILLE ST/LAFONTAINE AVE,370826.7134,5033473.146,-75.65605536,45.43807251,2014-12-21,15:47,01 - Clear,01 - Dry,01 - Traffic signal,03 - At intersection,01 - Daylight,03 - P.D. only,05 - Turning movement,Vanier South
13918,CORKSTOWN RD @ MARCH RD,352658.577,5020883.004,-75.8894828,45.32626475,2014-10-06,9:40,01 - Clear,01 - Dry,02 - Stop sign,03 - At intersection,01 - Daylight,03 - P.D. only,02 - Angle,Beaverbrook
13919,FISHER AVE btwn SHILLINGTON AVE & EMPEROR AVE,365640.1866,5027272.931,-75.7231077,45.3827551,2014-05-03,3:20,01 - Clear,01 - Dry,10 - No control,01 - Non intersection,07 - Dark,03 - P.D. only,07 - SMV other,Carlington