Record,Location,X,Y,lon,lat,Date,Time,Environment,Road_Surface,Traffic_Control,Collision_Location,Light,Collision_Classification,Impact_type,Neighborhood
13920,RIVER MIST RD btwn DUNDONALD DR & WHITE ARCTIC,364714.9791,5011998.489,-75.73676815,45.24539652,2014-07-17,11:30,01 - Clear,01 - Dry,10 - No control,04 - At/near private drive,01 - Daylight,03 - P.D. only,06 - SMV unattended vehicle,New Barrhaven
13921,TRANSITWAY - LINCOLN FIEL @ OTTAWA RIVER PKWY ,360923.8015,5025499.758,-75.78352965,45.36719396,2014-06-23,17:00,01 - Clear,01 - Dry,01 - Traffic signal,02 - Intersection related,01 - Daylight,03 - P.D. only,03 - Rear end,Woodroffe - Lincoln Heights
13922,EARL ARMSTRONG RD @ SPRATT RD,368396.2272,5015012.272,-75.68949311,45.2721913,2014-04-04,10:30,01 - Clear,01 - Dry,01 - Traffic signal,03 - At intersection,01 - Daylight,03 - P.D. only,07 - SMV other,Greenbelt
13923,LIMEBANK RD/RIVERSIDE DR @ RIVER RD,368403.997,5020478.073,-75.68869305,45.32137108,2014-02-21,19:55,01 - Clear,06 - Ice,01 - Traffic signal,02 - Intersection related,07 - Dark,03 - P.D. only,07 - SMV other,Greenbelt
13924,VALADE CRES btwn SIDNEY DR & SIDNEY DR,383357.378,5037821.749,-75.49521818,45.47590185,2014-02-20,0:01,01 - Clear,05 - Packed snow,10 - No control,01 - Non intersection,07 - Dark,03 - P.D. only,07 - SMV other,Fallingbrook
13925,REGIONAL ROAD 174 btwn OR174 IC112 RAMP51 & OR174 IC112 RAMP15,374864.1639,5032866.477,-75.6045417,45.43222112,2014-01-08,11:51,01 - Clear,01 - Dry,10 - No control,01 - Non intersection,01 - Daylight,03 - P.D. only,04 - Sideswipe,Greenbelt
13926,ANALDEA DR @ BANK ST,375698.7138,5020812.044,-75.59560781,45.32367721,2014-10-25,18:43,04 - Freezing Rain,02 - Wet,01 - Traffic signal,02 - Intersection related,07 - Dark,03 - P.D. only,03 - Rear end,Greenbelt
13927,OTTAWA RIVER PKWY WB RAMP/CARLING AVE WB btwn CARLING AVE & OTTAWA RIV,360901.2585,5025467.659,-75.78382106,45.36690694,2014-07-08,6:59,01 - Clear,01 - Dry,10 - No control,01 - Non intersection,01 - Daylight,03 - P.D. only,03 - Rear end,Woodroffe - Lincoln Heights
13928,OTTAWA RIVER PKWY EB btwn TUNNEY'S PASTURE/REMIC RAPIDS ENT & ISLAND P,363382.5507,5029598.624,-75.75165768,45.40387374,2014-08-21,15:52,01 - Clear,01 - Dry,10 - No control,01 - Non intersection,01 - Daylight,03 - P.D. only,05 - Turning movement,Island Park
13929,CHAPMAN MILLS DR @ TEMAGAMI DR,365385.6442,5014859.835,-75.72787673,45.2710855,2014-04-11,11:48,01 - Clear,01 - Dry,,03 - At intersection,01 - Daylight,03 - P.D. only,05 - Turning movement,New Barrhaven
13930,BEARMAN ST @ ROCKY HILL DR,366875.1845,5014448.48,-75.70894675,45.26725425,2014-03-07,15:24,01 - Clear,01 - Dry,02 - Stop sign,03 - At intersection,01 - Daylight,03 - P.D. only,02 - Angle,Chapman Mills - Rideau Crest - Davidson Heights
13931,CAHILL DR @ TWYFORD ST,370277.9838,5023455.168,-75.66439787,45.34798591,2014-04-02,10:20,01 - Clear,01 - Dry,02 - Stop sign,02 - Intersection related,01 - Daylight,03 - P.D. only,02 - Angle,Hunt Club East - Western Community
13932,COPE DR @ TEMPLEFORD AVE,354192.1921,5015580.337,-75.87044843,45.27844403,2014-02-25,18:25,01 - Clear,01 - Dry,02 - Stop sign,02 - Intersection related,07 - Dark,03 - P.D. only,03 - Rear end,Glen Cairn - Kanata South Business Park
13933,LISGAR ST @ O'CONNOR ST,367762.5878,5031158.084,-75.69551259,45.41752502,2014-10-22,20:01,01 - Clear,01 - Dry,01 - Traffic signal,03 - At intersection,07 - Dark,03 - P.D. only,02 - Angle,Centretown
13934,EARL ARMSTRONG RD @ SPRATT RD,368396.2272,5015011.55,-75.6894932,45.27218481,2014-10-30,18:39,01 - Clear,01 - Dry,01 - Traffic signal,02 - Intersection related,07 - Dark,03 - P.D. only,03 - Rear end,Greenbelt
13935,PRETORIA AVE btwn METCALFE ST & ELGIN ST,368555.409,5030369.578,-75.68548556,45.41035851,2014-11-08,13:00,02 - Rain,02 - Wet,10 - No control,04 - At/near private drive,01 - Daylight,03 - P.D. only,06 - SMV unattended vehicle,The Glebe
13936,BLACKLEAF DR @ KILBIRNIE DR,365346.6497,5012753.092,-75.72863039,45.2521324,2014-03-08,11:07,01 - Clear,02 - Wet,02 - Stop sign,02 - Intersection related,01 - Daylight,03 - P.D. only,07 - SMV other,New Barrhaven
13937,RODEO DR @ SAN MATEO DR,364828.4847,5015683.869,-75.73487707,45.27854793,2014-03-10,8:15,01 - Clear,03 - Loose snow,03 - Yield sign,02 - Intersection related,01 - Daylight,03 - P.D. only,07 - SMV other,New Barrhaven
13938,SCALA AVE @ JANET WAY E/MARKWICK CRES E,386098.4648,5036910.598,-75.46031499,45.46739047,2014-04-05,9:30,01 - Clear,01 - Dry,02 - Stop sign,03 - At intersection,01 - Daylight,03 - P.D. only,02 - Angle,Notting Hill
13939,SECOND LINE RD @ THOMAS FULLER DR,347282.5481,5024065.988,-75.95778656,45.35525212,2014-04-19,23:38,01 - Clear,01 - Dry,02 - Stop sign,03 - At intersection,07 - Dark,03 - P.D. only,07 - SMV other,Carp - Hardwood Plains
13940,LONGFIELDS DR @ PAUL METIVIER DR,364841.334,5014200.437,-75.73489269,45.26519892,2014-02-11,6:20,01 - Clear,01 - Dry,02 - Stop sign,03 - At intersection,07 - Dark,03 - P.D. only,02 - Angle,New Barrhaven
13941,TRAINYARDS DR @ RAILMARKET,371756.3689,5030717.008,-75.64454861,45.41318562,2014-04-26,15:05,02 - Rain,02 - Wet,01 - Traffic signal,03 - At intersection,01 - Daylight,03 - P.D. only,02 - Angle,Industrial Park
13942,CAHILL DR btwn SANDHAMN PRIV & SANDHAMN PRIV,371810.3737,5024723.731,-75.64467239,45.35925528,2014-03-29,7:06,01 - Clear,02 - Wet,10 - No control,01 - Non intersection,01 - Daylight,03 - P.D. only,07 - SMV other,Greenboro East
13943,BOOTHFIELD ST @ COOKS MILL CRES N,370228.206,5016803.547,-75.66591163,45.28814082,2014-01-10,15:06,03 - Snow,06 - Ice,02 - Stop sign,03 - At intersection,01 - Daylight,03 - P.D. only,02 - Angle,Gloucester
13944,FERNBANK RD @ ROMINA ST,354467.2685,5015280.059,-75.86697258,45.27572268,2014-01-11,13:54,04 - Freezing Rain,06 - Ice,02 - Stop sign,02 - Intersection related,01 - Daylight,03 - P.D. only,03 - Rear end,Stittsville - Basswood
13945,CLEARBROOK DR @ CHAPMAN MILLS DR,365922.8371,5015085.279,-75.72100344,45.27306755,2014-03-08,15:40,01 - Clear,01 - Dry,02 - Stop sign,02 - Intersection related,01 - Daylight,03 - P.D. only,03 - Rear end,New Barrhaven
13946,BRANTHAVEN ST N @ LAKERIDGE DR,384852.081,5035014.072,-75.47656055,45.45047127,2014-03-13,19:09,01 - Clear,05 - Packed snow,02 - Stop sign,03 - At intersection,07 - Dark,03 - P.D. only,02 - Angle,Avalon
13947,HAWTHORNE RD btwn DAVIDSON RD & LEITRIM RD,376955.2276,5022899.257,-75.57927736,45.34232895,2014-10-28,16:19,01 - Clear,01 - Dry,10 - No control,01 - Non intersection,01 - Daylight,03 - P.D. only,03 - Rear end,Greenbelt
13948,KINGSFORD CRES N @ LEACOCK DR N,351837.3963,5021081.906,-75.89993887,45.32811002,2014-01-13,16:50,02 - Rain,03 - Loose snow,02 - Stop sign,03 - At intersection,05 - Dusk,03 - P.D. only,02 - Angle,Beaverbrook
13949,CLEARBROOK DR @ CHAPMAN MILLS DR,365922.8371,5015085.279,-75.72100344,45.27306755,2014-05-04,12:11,02 - Rain,02 - Wet,02 - Stop sign,03 - At intersection,01 - Daylight,03 - P.D. only,02 - Angle,New Barrhaven
13950,SOLEIL AVE btwn SERRA RIDGE & SOLSTICE WAY,386201.4528,5035154.422,-75.45928889,45.45157814,2014-07-05,13:25,01 - Clear,01 - Dry,10 - No control,04 - At/near private drive,01 - Daylight,03 - P.D. only,06 - SMV unattended vehicle,Summerside
13951,STRATHCONA AVE btwn O'CONNOR ST & METCALFE ST,368456.5284,5030217.343,-75.68676835,45.40899775,2014-07-27,9:32,01 - Clear,02 - Wet,10 - No control,01 - Non intersection,01 - Daylight,03 - P.D. only,06 - SMV unattended vehicle,The Glebe
13952,MCARTHUR AVE @ VANIER PKWY,370218.705,5032688.176,-75.66393031,45.43106684,2014-10-03,16:03,01 - Clear,01 - Dry,01 - Traffic signal,02 - Intersection related,01 - Daylight,03 - P.D. only,03 - Rear end,Vanier South
13953,MORNINGSTAR WAY N @ TRAILSEDGE WAY,381718.083,5033170.92,-75.51690971,45.43424001,2014-01-22,8:17,01 - Clear,05 - Packed snow,02 - Stop sign,03 - At intersection,01 - Daylight,03 - P.D. only,02 - Angle,Chapel Hill South
13954,HIGHBURY PARK DR @ LONGFIELDS DR,364165.1568,5015918.116,-75.74330309,45.28071201,2014-01-23,10:47,01 - Clear,02 - Wet,02 - Stop sign,03 - At intersection,01 - Daylight,03 - P.D. only,05 - Turning movement,New Barrhaven
13955,PINE BLUFF TR N @ TRAILWAY CIRC N,350437.5865,5014326.245,-75.91841723,45.26741305,2014-04-09,18:10,01 - Clear,01 - Dry,02 - Stop sign,03 - At intersection,01 - Daylight,03 - P.D. only,05 - Turning movement,Stittsville
13956,BRONSON AVE/BRONSON/HERON RAMP 35 @ HERON RD,368642.4419,5026697.171,-75.68484898,45.3773074,2014-12-18,18:31,01 - Clear,02 - Wet,01 - Traffic signal,02 - Intersection related,07 - Dark,03 - P.D. only,04 - Sideswipe,Riverside Park
13957,FERNBANK RD @ ROMINA ST,354467.6389,5015280.361,-75.86696782,45.27572537,2014-01-23,10:51,01 - Clear,01 - Dry,02 - Stop sign,03 - At intersection,01 - Daylight,03 - P.D. only,02 - Angle,Stittsville - Basswood
13958,CLEARBROOK DR @ CHAPMAN MILLS DR,365923.8511,5015084.265,-75.72099065,45.27305834,2014-01-26,17:30,03 - Snow,03 - Loose snow,02 - Stop sign,03 - At intersection,05 - Dusk,03 - P.D. only,02 - Angle,New Barrhaven
13959,KIRKSTONE PRIV S @ FIELDBERRY PRIV,365323.6993,5013650.511,-75.72881346,45.26020935,2014-05-06,7:56,01 - Clear,01 - Dry,10 - No control,02 - Intersection related,01 - Daylight,03 - P.D. only,02 - Angle,New Barrhaven
13960,CROWNRIDGE DR @ MEADOWBREEZE DR,356002.5881,5015123.32,-75.84742179,45.27420218,2014-01-28,11:45,01 - Clear,04 - Slush,02 - Stop sign,03 - At intersection,01 - Daylight,03 - P.D. only,99 - Other,Bridlewood - Emerald Meadows
13961,ROSSIGNOL CRES W @ WINCANTON DR W,382706.3849,5039355.866,-75.50330001,45.48977738,2014-01-08,15:06,01 - Clear,06 - Ice,10 - No control,03 - At intersection,01 - Daylight,03 - P.D. only,02 - Angle,Chatelaine Village
13962,EARL ARMSTRONG RD @ SPRATT RD,368395.5043,5015010.827,-75.68950251,45.27217837,2014-01-03,11:15,03 - Snow,06 - Ice,01 - Traffic signal,03 - At intersection,01 - Daylight,03 - P.D. only,05 - Turning movement,Greenbelt
13963,DUNDONALD DR @ GREENBANK RD,365090.6441,5012122.311,-75.73196813,45.24647859,2014-05-19,15:42,01 - Clear,01 - Dry,02 - Stop sign,03 - At intersection,01 - Daylight,03 - P.D. only,02 - Angle,New Barrhaven
13964,PINECREST RD btwn HWY417 IC129 RAMP26 & GREENBANK RD,360420.8131,5023596.505,-75.79016442,45.35010865,2014-05-20,15:30,01 - Clear,01 - Dry,10 - No control,01 - Non intersection,01 - Daylight,03 - P.D. only,03 - Rear end,Whitehaven - Queensway Terrace North
13965,CLEARBROOK DR @ CHAPMAN MILLS DR,365922.8371,5015085.279,-75.72100344,45.27306755,2014-05-07,19:35,01 - Clear,01 - Dry,02 - Stop sign,03 - At intersection,01 - Daylight,03 - P.D. only,02 - Angle,New Barrhaven
13966,EARL ARMSTRONG RD @ SPRATT RD,368396.9501,5015011.55,-75.68948399,45.27218474,2014-05-27,9:20,01 - Clear,01 - Dry,01 - Traffic signal,02 - Intersection related,01 - Daylight,03 - P.D. only,03 - Rear end,Greenbelt
13967,COLLIER CRES/CUTHBERT WAY @ REMINGTON WAY S,378108.6761,5014342.9,-75.56582631,45.26522315,2014-02-12,8:35,01 - Clear,05 - Packed snow,02 - Stop sign,03 - At intersection,01 - Daylight,03 - P.D. only,02 - Angle,Greely
13968,FURLONG CRES W @ STONEHAVEN DR W,355620.9437,5016943.305,-75.85209916,45.29060646,2014-02-21,14:29,02 - Rain,02 - Wet,02 - Stop sign,03 - At intersection,01 - Daylight,03 - P.D. only,02 - Angle,Bridlewood - Emerald Meadows
13969,BLUE WILLOW CRES N @ ORLEANS BLVD,380869.9676,5033425.515,-75.52770855,45.43662343,2014-06-05,4:58,01 - Clear,01 - Dry,02 - Stop sign,03 - At intersection,03 - Dawn,03 - P.D. only,07 - SMV other,Chapel Hill South
13970,JOSHUA ST @ RENAUD RD,381156.2618,5032327.697,-75.52422004,45.4267149,2014-06-11,16:25,02 - Rain,02 - Wet,02 - Stop sign,02 - Intersection related,01 - Daylight,03 - P.D. only,03 - Rear end,Chapel Hill South
13971,OLD SECOND LINE RD @ WHITEMARSH CRES,345124.6738,5026336.018,-75.98514154,45.37580592,2014-02-21,15:30,02 - Rain,02 - Wet,02 - Stop sign,03 - At intersection,01 - Daylight,03 - P.D. only,02 - Angle,Carp - Hardwood Plains
13972,LARKIN DR @ TRIPP CRES E,363008.7324,5016411.929,-75.75798425,45.28525205,2014-03-07,8:40,01 - Clear,01 - Dry,02 - Stop sign,03 - At intersection,01 - Daylight,03 - P.D. only,02 - Angle,Barrhaven West - Old Barrhaven
13973,MERIVALE RD @ WEST HUNT CLUB RD,365614.5954,5021943.923,-75.72409011,45.3348078,2014-12-23,13:47,02 - Rain,02 - Wet,01 - Traffic signal,02 - Intersection related,01 - Daylight,03 - P.D. only,04 - Sideswipe,Industrial Park
13974,ALBION RD btwn BANK ST & DES MESANGES DR,371970.7541,5024063.394,-75.64271523,45.35329845,2014-12-26,0:33,01 - Clear,02 - Wet,10 - No control,01 - Non intersection,07 - Dark,03 - P.D. only,07 - SMV other,Emerald Woods - Sawmill Creek
13975,"EGLISE, RUE DE L btwn MONTREAL RD & COLLEGE CIRC",371209.4981,5033523.614,-75.65115638,45.43849035,2014-12-26,10:58,01 - Clear,01 - Dry,10 - No control,01 - Non intersection,01 - Daylight,03 - P.D. only,06 - SMV unattended vehicle,Vanier South
13976,ABBEYDALE CIRC btwn Continuation of ABBEYDALE CIRC & Continuation of A,348382.3467,5023138.471,-75.94383201,45.3468386,2014-12-24,18:00,01 - Clear,02 - Wet,10 - No control,01 - Non intersection,07 - Dark,03 - P.D. only,06 - SMV unattended vehicle,Morgan's Grant
13977,RIDEAU ST @ WALLER ST,368282.1676,5032274.734,-75.68873057,45.4275253,2014-07-17,17:30,01 - Clear,01 - Dry,01 - Traffic signal,03 - At intersection,01 - Daylight,03 - P.D. only,04 - Sideswipe,Byward Market - Parliament Hill
13978,MARKETPLACE AVE @ RIOCAN AVE,364286.8769,5014761.113,-75.74189036,45.270291,2014-12-23,14:09,04 - Freezing Rain,06 - Ice,02 - Stop sign,03 - At intersection,01 - Daylight,03 - P.D. only,02 - Angle,New Barrhaven
13979,CARP RD @ STITTSVILLE MAIN ST,349523.836,5014329.728,-75.93006072,45.26750309,2014-12-23,14:42,02 - Rain,02 - Wet,01 - Traffic signal,02 - Intersection related,01 - Daylight,03 - P.D. only,03 - Rear end,Stittsville
13980,HAWTHORNE RD/RUSSELL RD @ WALKLEY RD,374676.6441,5028500.016,-75.60755704,45.39295274,2014-12-26,14:01,01 - Clear,01 - Dry,01 - Traffic signal,02 - Intersection related,01 - Daylight,03 - P.D. only,03 - Rear end,Sheffield Glen
13981,PRINCE OF WALES DR btwn RIDEAU GLEN DR & FALLOWFIELD RD,367401.6102,5019152.693,-75.70164531,45.30953561,2014-12-26,14:15,01 - Clear,01 - Dry,10 - No control,01 - Non intersection,01 - Daylight,03 - P.D. only,03 - Rear end,Greenbelt
13982,HIGHWAY 417 btwn HWY417 IC117 RAMP61 & HWY417 IC115 RAMP36,371551.6832,5031421.659,-75.64706799,45.41954532,2014-11-02,13:40,01 - Clear,01 - Dry,10 - No control,01 - Non intersection,01 - Daylight,03 - P.D. only,03 - Rear end,Overbrook
13983,HIGHWAY 417 btwn HWY417 IC115 RAMP35 & HIGHWAY 417,372476.8017,5031502.228,-75.63523739,45.42018137,2014-11-06,17:10,01 - Clear,01 - Dry,10 - No control,01 - Non intersection,07 - Dark,03 - P.D. only,03 - Rear end,Industrial Park
13984,HIGHWAY 417 btwn HWY417 IC140 RAMP35 & HWY417 IC140 RAMP25,351026.3267,5018613.8,-75.91051554,45.30595529,2014-11-06,6:35,01 - Clear,01 - Dry,10 - No control,01 - Non intersection,03 - Dawn,03 - P.D. only,03 - Rear end,Katimavik - Hazeldean
13985,HIGHWAY 417 btwn HWY417 IC115 RAMP61 & REGIONAL ROAD 174,373218.0506,5031703.528,-75.62573899,45.42192047,2014-11-06,6:45,01 - Clear,01 - Dry,10 - No control,01 - Non intersection,03 - Dawn,03 - P.D. only,03 - Rear end,Cummings
13986,MOODIE DR @ ROBERTSON RD,357066.6521,5020454.053,-75.83329928,45.3220906,2014-12-23,15:05,02 - Rain,02 - Wet,01 - Traffic signal,02 - Intersection related,01 - Daylight,03 - P.D. only,04 - Sideswipe,Bells Corners West
13987,BASELINE RD @ CLYDE AVE,364359.6534,5024890.038,-75.7397452,45.36142424,2014-12-26,16:27,01 - Clear,01 - Dry,01 - Traffic signal,03 - At intersection,05 - Dusk,03 - P.D. only,05 - Turning movement,Braemar Park - Bel Air Heights - Copeland Park
13988,INNES RD @ JEANNE D'ARC BLVD/MER BLEUE RD,382637.7536,5035568.979,-75.50477782,45.45571397,2014-12-26,16:57,01 - Clear,01 - Dry,01 - Traffic signal,02 - Intersection related,07 - Dark,03 - P.D. only,03 - Rear end,Orleans Village - Chateauneuf
13989,HIGHWAY 417 btwn HWY417 IC118 RAMP67 & HWY417 IC117 RAMP36,370384.7354,5031141.555,-75.66201454,45.41713542,2014-11-07,9:30,01 - Clear,02 - Wet,10 - No control,01 - Non intersection,01 - Daylight,03 - P.D. only,04 - Sideswipe,Industrial Park
13990,HIGHWAY 417 btwn RAMP & HWY417 IC88 RAMP51,388420.7659,5023685.845,-75.43286439,45.34813302,2014-11-08,21:20,01 - Clear,02 - Wet,10 - No control,01 - Non intersection,07 - Dark,03 - P.D. only,07 - SMV other,Navan - Vars
13991,HIGHWAY 416 btwn HWY416 IC66 RAMP62 & HWY416 IC66 RAMP52,359800.018,5015223.498,-75.79901587,45.27481682,2014-11-08,16:26,01 - Clear,02 - Wet,10 - No control,01 - Non intersection,05 - Dusk,03 - P.D. only,07 - SMV other,Greenbelt
13992,HIGHWAY 417 btwn HWY417 IC118 RAMP67 & HWY417 IC117 RAMP36,370306.4487,5031129.405,-75.66301633,45.41703343,2014-11-07,18:20,01 - Clear,01 - Dry,10 - No control,01 - Non intersection,07 - Dark,03 - P.D. only,03 - Rear end,Ol
13993,HIGHWAY 417 btwn HWY417 IC144 RAMP61 & HWY417 IC142 RAMP16,348150.9706,5016555.011,-75.94736069,45.28761296,2014-11-09,18:35,01 - Clear,01 - Dry,10 - No control,01 - Non intersection,07 - Dark,03 - P.D. only,07 - SMV other,Stittsville - Basswood
13994,CEDARWOOD DR btwn WALKLEY RD & BAYCREST DR,371216.4246,5026773.859,-75.65197717,45.37775815,2014-10-22,0:00,01 - Clear,01 - Dry,10 - No control,01 - Non intersection,00 - Unknown,03 - P.D. only,06 - SMV unattended vehicle,Ledbury - Heron Gate - Ridgemont - Elmwood
13995,FLAMBOROUGH WAY btwn MORGAN'S GRANT WAY & HALTON TER,349269.7732,5023364.508,-75.93248751,45.34881683,2014-12-03,0:00,01 - Clear,04 - Slush,10 - No control,01 - Non intersection,00 - Unknown,03 - P.D. only,06 - SMV unattended vehicle,Morgan's Grant
13996,PALOMINO DR btwn SHETLAND WAY & APPALOOSA DR,354469.8496,5017625.493,-75.86670488,45.29682723,2014-12-04,0:00,01 - Clear,01 - Dry,10 - No control,01 - Non intersection,07 - Dark,03 - P.D. only,06 - SMV unattended vehicle,Bridlewood - Emerald Meadows
13997,KING EDWARD AVE SB btwn YORK ST & GEORGE ST,368398.6093,5032585.01,-75.68720259,45.43030647,2014-09-15,11:53,01 - Clear,01 - Dry,10 - No control,01 - Non intersection,01 - Daylight,03 - P.D. only,04 - Sideswipe,Byward Market
13998,GREENBANK RD @ 207 S OF BELLMAN DR/GREENBANK S,361338.6297,5020827.004,-75.77876856,45.32511535,2014-12-23,11:44,01 - Clear,02 - Wet,01 - Traffic signal,02 - Intersection related,01 - Daylight,03 - P.D. only,03 - Rear end,Nepean
13999,MONTREAL RD @ SHEFFORD RD,376124.7804,5034854.05,-75.58814432,45.44997665,2014-12-26,17:20,01 - Clear,01 - Dry,01 - Traffic signal,03 - At intersection,07 - Dark,03 - P.D. only,05 - Turning movement,Beacon Hill South - Cardinal Heights
14000,MEADOWLANDS DR @ MERIVALE RD,364860.6001,5023725.035,-75.73349293,45.35089898,2014-12-26,19:50,01 - Clear,01 - Dry,01 - Traffic signal,02 - Intersection related,07 - Dark,03 - P.D. only,99 - Other,Cityview - Skyline - Fisher Heights
14001,HWY417 IC138 RAMP51 btwn HIGHWAY 417 & EAGLESON RD,352666.0982,5019996.093,-75.88947259,45.31828363,2014-11-09,17:30,01 - Clear,01 - Dry,10 - No control,01 - Non intersection,07 - Dark,03 - P.D. only,07 - SMV other,Katimavik - Hazeldean
14002,HIGHWAY 417 btwn HWY417 IC126 RAMP61 & HWY417 IC124 RAMP76,363189.5199,5025906.349,-75.75456009,45.37066733,2014-10-19,2:55,01 - Clear,01 - Dry,10 - No control,01 - Non intersection,07 - Dark,03 - P.D. only,04 - Sideswipe,Carlingwood West - Glabar Park - McKellar Heights
14003,HIGHWAY 417 btwn HWY417 IC163 RAMP61 & HWY417 IC155 RAMP36,335995.7103,5020275.276,-76.10207764,45.32173451,2014-11-06,16:50,03 - Snow,02 - Wet,10 - No control,01 - Non intersection,05 - Dusk,03 - P.D. only,07 - SMV other,Carp - Hardwood Plains
14004,HIGHWAY 417 btwn HWY417 IC118 RAMP57 & HWY417 IC118 RAMP35,369438.7638,5031027.811,-75.674115,45.41620003,2014-11-10,7:50,01 - Clear,01 - Dry,10 - No control,01 - Non intersection,01 - Daylight,03 - P.D. only,03 - Rear end,Old Ottawa East
14005,LAURIER AVE   E btwn SWEETLAND AVE & FRIEL ST,368963.363,5032172.811,-75.68003941,45.42654607,2014-09-18,16:54,01 - Clear,01 - Dry,10 - No control,01 - Non intersection,01 - Daylight,03 - P.D. only,03 - Rear end,Sandy Hill
14006,LEITRIM RD btwn FARMERS WAY & FOUBERT CRT,381753.5407,5025811.023,-75.51760496,45.36801716,2014-12-23,16:36,04 - Freezing Rain,06 - Ice,10 - No control,01 - Non intersection,05 - Dusk,03 - P.D. only,07 - SMV other,Greenbelt
14007,LAWLER CRES btwn WINCANTON DR & WINCANTON DR,382776.1789,5039331.436,-75.50241111,45.48954979,2014-12-26,21:05,01 - Clear,01 - Dry,10 - No control,01 - Non intersection,07 - Dark,03 - P.D. only,06 - SMV unattended vehicle,Chatelaine Village
14008,INNES RD @ 298 E OF WILDFLOWER DR/LOBLAWS SC,383191.7069,5035797.988,-75.49765964,45.45771247,2014-12-26,21:30,01 - Clear,01 - Dry,01 - Traffic signal,02 - Intersection related,07 - Dark,03 - P.D. only,03 - Rear end,Avalon
14009,HIGHWAY 417 btwn HWY417 IC122 RAMP61 & HWY417 IC121B RAMP16,365650.9162,5029110.958,-75.72274404,45.39929233,2014-11-10,14:45,01 - Clear,01 - Dry,10 - No control,01 - Non intersection,01 - Daylight,03 - P.D. only,04 - Sideswipe,Civic Hospital - Experimental Farm - Central Park
14010,HIGHWAY 417 btwn HWY417 IC117 RAMP61 & HWY417 IC115 RAMP36,371558.3183,5031422.607,-75.64698309,45.41955322,2014-11-11,13:00,01 - Clear,01 - Dry,10 - No control,01 - Non intersection,01 - Daylight,03 - P.D. only,04 - Sideswipe,Overbrook
14011,HIGHWAY 417 btwn HWY417 IC126 RAMP25 & HWY417 IC124 RAMP57,363667.4306,5026494.922,-75.74838914,45.37592325,2014-11-06,17:50,01 - Clear,01 - Dry,10 - No control,01 - Non intersection,07 - Dark,03 - P.D. only,03 - Rear end,Carlington
14012,HIGHWAY 417 btwn HWY417 IC117 RAMP26 & HWY417 IC117 RAMP61,371150.7995,5031366.822,-75.65219717,45.41909005,2014-11-11,20:20,01 - Clear,01 - Dry,10 - No control,01 - Non intersection,07 - Dark,03 - P.D. only,07 - SMV other,Overbrook
14013,RIDEAU RD btwn BANK ST & DONCASTER RD,377555.0169,5018196.348,-75.57231574,45.29995241,2014-12-23,18:21,02 - Rain,02 - Wet,10 - No control,01 - Non intersection,07 - Dark,03 - P.D. only,07 - SMV other,Greenbelt
14014,HIGHWAY 417 btwn HWY417 IC118 RAMP35 & HWY417 IC117 RAMP51,369930.6856,5031127.952,-75.66781718,45.41705544,2014-11-10,15:15,01 - Clear,01 - Dry,10 - No control,01 - Non intersection,01 - Daylight,03 - P.D. only,03 - Rear end,Old Ottawa East
14015,HIGHWAY 417 btwn HWY417 IC118 RAMP57 & HWY417 IC118 RAMP35,369379.6167,5030987.334,-75.67487595,45.41584129,2014-11-12,13:00,01 - Clear,01 - Dry,10 - No control,01 - Non intersection,01 - Daylight,03 - P.D. only,03 - Rear end,Old Ottawa East
14016,HIGHWAY 417 btwn HWY417 IC122 RAMP15 & HWY417 IC121B RAMP51,366535.4684,5029502.781,-75.71139757,45.40274041,2014-11-12,20:45,01 - Clear,01 - Dry,10 - No control,01 - Non intersection,07 - Dark,03 - P.D. only,07 - SMV other,Little Italy
14017,HIGHWAY 417 btwn HWY417 IC115 RAMP36 & HWY417 IC115 RAMP26,372461.3744,5031520.675,-75.63543196,45.42034884,2014-11-12,7:20,01 - Clear,01 - Dry,10 - No control,01 - Non intersection,01 - Daylight,03 - P.D. only,03 - Rear end,Overbrook
14018,VANIER PKWY NB btwn HWY417 IC117 RAMP62 & HWY417 IC117 RAMP63,370787.6695,5031448.708,-75.65682562,45.41986117,2014-10-09,17:37,01 - Clear,02 - Wet,10 - No control,01 - Non intersection,01 - Daylight,03 - P.D. only,03 - Rear end,Overbrook
14019,SUNBURST ST btwn KINGSWELL ST & LAGUNA ST,375912.14,5021275.889,-75.59281905,45.32782911,2014-12-19,14:30,01 - Clear,03 - Loose snow,10 - No control,01 - Non intersection,01 - Daylight,03 - P.D. only,06 - SMV unattended vehicle,Greenbelt
14020,PANMURE RD btwn LOGAN MACDONALD WAY & MORNINGDOVE DR,332139.018,5022183.723,-76.15116598,45.33906853,2014-12-23,21:54,04 - Freezing Rain,06 - Ice,10 - No control,01 - Non intersection,07 - Dark,03 - P.D. only,07 - SMV other,Car
14021,HIGHWAY 417 btwn HWY417 IC126 RAMP16 & HWY417 IC126 RAMP61,363136.9943,5025828.219,-75.75523984,45.3699687,2014-11-13,17:25,01 - Clear,01 - Dry,10 - No control,01 - Non intersection,07 - Dark,03 - P.D. only,03 - Rear end,Carlingwood West - Glabar Park - McKellar Heights
14022,HIGHWAY 416 btwn HWY416 IC57 RAMP53 & HWY416 IC49 RAMP34,368671.5389,5002662.151,-75.68756878,45.16104026,2014-11-13,20:33,01 - Clear,01 - Dry,10 - No control,01 - Non intersection,07 - Dark,03 - P.D. only,07 - SMV other,Manotick - North Gower
14023,HIGHWAY 417 btwn HWY417 IC131 RAMP55 & HWY417 IC130 RAMP35,358802.8046,5022974.436,-75.81087992,45.34463771,2014-11-14,8:00,01 - Clear,01 - Dry,10 - No control,01 - Non intersection,01 - Daylight,03 - P.D. only,04 - Sideswipe,Greenbelt