Record,Location,X,Y,lon,lat,Date,Time,Environment,Road_Surface,Traffic_Control,Collision_Location,Light,Collision_Classification,Impact_type,Neighborhood
14024,BESSERER ST @ NICHOLAS ST,368185.8613,5032111.564,-75.68998219,45.42606589,2014-10-23,8:59,01 - Clear,01 - Dry,01 - Traffic signal,02 - Intersection related,01 - Daylight,03 - P.D. only,05 - Turning movement,Byward Market - Parliament Hill
14025,FERNBANK RD btwn DWYER HILL RD & MUNSTER RD,343634.8406,5005689.295,-76.00577852,45.19010173,2014-12-23,22:31,02 - Rain,06 - Ice,10 - No control,01 - Non intersection,07 - Dark,03 - P.D. only,07 - SMV other,Munster Hamlet - Richmond
14026,TERRAPIN TERR btwn CAPUCHON WAY & NESTLETON ST,385603.033,5035315.81,-75.46691188,45.4530996,2014-06-23,16:45,01 - Clear,01 - Dry,10 - No control,01 - Non intersection,01 - Daylight,03 - P.D. only,06 - SMV unattended vehicle,Avalon
14027,HIGHWAY 417 btwn HWY417 IC115 RAMP61 & REGIONAL ROAD 174,373242.3721,5031712.599,-75.62542698,45.42199971,2014-11-14,7:10,01 - Clear,01 - Dry,10 - No control,01 - Non intersection,03 - Dawn,03 - P.D. only,04 - Sideswipe,Cummings
14028,HIGHWAY 417 btwn HWY417 IC122 RAMP51 & HWY417 IC122 RAMP15,365316.2707,5028860.282,-75.72704887,45.3970658,2014-11-14,11:45,01 - Clear,01 - Dry,10 - No control,01 - Non intersection,01 - Daylight,03 - P.D. only,03 - Rear end,Civi
14029,HIGHWAY 416 btwn HWY416 IC66 RAMP24 & HWY416 IC57 RAMP62,361109.4229,5012609.444,-75.7826249,45.25119165,2014-11-13,22:00,01 - Clear,01 - Dry,10 - No control,01 - Non intersection,07 - Dark,03 - P.D. only,07 - SMV other,Munster Hamlet - Richmond
14030,REGIONAL ROAD 174 btwn OR174 IC105 RAMP63 & OR174 IC102 RAMP36,379738.4977,5037220.006,-75.54159028,45.47088559,2014-11-19,17:57,01 - Clear,01 - Dry,10 - No control,01 - Non intersection,07 - Dark,03 - P.D. only,03 - Rear end,Orleans South West
14031,PARKDALE AVE @ TYNDALL ST,365264.4761,5029013.043,-75.72769163,45.39844479,2014-11-20,10:18,01 - Clear,01 - Dry,02 - Stop sign,03 - At intersection,01 - Daylight,03 - P.D. only,02 - Angle,Civi
14032,VIEWMOUNT DR @ MERIVALE RD,365194.6472,5022949.921,-75.72932479,45.34389592,2014-12-24,12:09,01 - Clear,02 - Wet,01 - Traffic signal,02 - Intersection related,01 - Daylight,03 - P.D. only,03 - Rear end,Borden Farm - Stewart Farm - Parkwood Hills - Fisher Glen
14033,HIGHWAY 417 btwn RAMP & HWY417 IC88 RAMP51,388414.3835,5023680.939,-75.43294666,45.34808964,2014-11-16,7:45,03 - Snow,03 - Loose snow,10 - No control,01 - Non intersection,01 - Daylight,03 - P.D. only,07 - SMV other,Navan - Vars
14034,HWY417 IC110 RAMP66 btwn HIGHWAY 417 & WALKLEY EXTENSION RD,375768.9035,5029455.945,-75.59347126,45.40144384,2014-11-16,9:30,03 - Snow,02 - Wet,10 - No control,01 - Non intersection,01 - Daylight,03 - P.D. only,07 - SMV other,Greenbelt
14035,GREENBANK RD @ HWY 417 IC129 RAMP57/IRIS ST,360532.1622,5023312.237,-75.78877552,45.34754197,2014-11-16,13:40,03 - Snow,03 - Loose snow,01 - Traffic signal,02 - Intersection related,01 - Daylight,03 - P.D. only,03 - Rear end,Iris
14036,HIGHWAY 417 btwn HWY417 IC118 RAMP67 & HWY417 IC117 RAMP36,370337.5335,5031136.754,-75.66261822,45.41709665,2014-11-14,18:00,01 - Clear,03 - Loose snow,10 - No control,01 - Non intersection,07 - Dark,03 - P.D. only,03 - Rear end,Ol
14037,ST. LAURENT BLVD btwn HEMLOCK RD & MEADOW PARK PL,371156.1602,5034754.519,-75.65167209,45.44957052,2014-11-20,15:00,01 - Clear,01 - Dry,10 - No control,04 - At/near private drive,01 - Daylight,03 - P.D. only,05 - Turning movement,Cemetery
14038,CARP RD @ HAZELDEAN RD,348803.6258,5014361.861,-75.93923544,45.26783766,2014-12-24,12:40,02 - Rain,02 - Wet,01 - Traffic signal,03 - At intersection,01 - Daylight,03 - P.D. only,05 - Turning movement,Stittsville
14039,HWY417 IC118 RAMP35 btwn NICHOLAS ST & HWY417 IC118 RAMP45,369396.7155,5030967.64,-75.67466008,45.41566251,2014-11-15,17:45,01 - Clear,01 - Dry,10 - No control,01 - Non intersection,07 - Dark,03 - P.D. only,04 - Sideswipe,Old Ottawa East
14040,RAMP btwn Continuation of RAMP & END (2),346085.7129,5014859.597,-75.97382854,45.2724813,2014-11-16,21:30,03 - Snow,06 - Ice,10 - No control,01 - Non intersection,07 - Dark,03 - P.D. only,07 - SMV other,Stittsville - Basswood
14041,RAMP btwn Continuation of RAMP & END (2),346105.9821,5014884.37,-75.97356816,45.27270302,2014-11-16,22:50,00 - Unknown,06 - Ice,10 - No control,01 - Non intersection,07 - Dark,03 - P.D. only,07 - SMV other,Stittsville - Basswood
14042,HIGHWAY 417 btwn HWY417 IC126 RAMP61 & HWY417 IC124 RAMP76,364090.076,5027097.747,-75.74292095,45.38131173,2014-09-19,14:30,01 - Clear,01 - Dry,10 - No control,01 - Non intersection,01 - Daylight,03 - P.D. only,03 - Rear end,Westboro
14043,MONTREAL RD @ CARSON'S RD/CODD'S RD,372770.7184,5034399.341,-75.63108226,45.44621966,2014-12-03,11:16,03 - Snow,02 - Wet,01 - Traffic signal,02 - Intersection related,01 - Daylight,03 - P.D. only,99 - Other,Carson Grove - Carson Meadows
14044,BASSWOOD AVE btwn CARLETON CATHCART ST & TRAFALGAR CRES,351032.8908,5013126.684,-75.910943,45.25658011,2014-12-24,12:00,02 - Rain,02 - Wet,10 - No control,01 - Non intersection,01 - Daylight,03 - P.D. only,06 - SMV unattended vehicle,Stittsville
14045,ST. JOSEPH BLVD btwn ORLEANS BLVD & COUSINEAU ST,380654.5406,5036998.167,-75.52991067,45.46879077,2014-12-20,13:50,01 - Clear,01 - Dry,10 - No control,01 - Non intersection,01 - Daylight,03 - P.D. only,04 - Sideswipe,Industrial Park
14046,HWY417 IC130 RAMP61 btwn HWY417 IC130 RAMP66 & RAMP,359444.8945,5023210.108,-75.8026609,45.34670856,2014-11-16,0:03,01 - Clear,01 - Dry,10 - No control,01 - Non intersection,07 - Dark,03 - P.D. only,07 - SMV other,Bayshore
14047,HIGHWAY 417 btwn HWY417 IC104 RAMP16 & HWY417 IC104 RAMP61,380077.7836,5025943.667,-75.53897454,45.36939259,2014-11-16,21:39,01 - Clear,01 - Dry,10 - No control,01 - Non intersection,07 - Dark,03 - P.D. only,07 - SMV other,Greenbelt
14048,HIGHWAY 417 btwn HWY417 IC138 RAMP51 & HWY417 IC138 RAMP35,352466.194,5019852.543,-75.89203601,45.31700554,2014-11-17,6:15,02 - Rain,03 - Loose snow,10 - No control,01 - Non intersection,03 - Dawn,03 - P.D. only,07 - SMV other,Katimavik - Hazeldean
14049,HIGHWAY 417 btwn HWY417 IC138 RAMP36 & HIGHWAY 417,352911.9185,5020237.341,-75.88631392,45.32043763,2014-11-17,12:30,03 - Snow,03 - Loose snow,10 - No control,01 - Non intersection,01 - Daylight,03 - P.D. only,07 - SMV other,Kanata
14050,EAGLESON RD @ HAZELDEAN RD/ROBERTSON RD,353671.4019,5018429.997,-75.87680525,45.30412233,2014-11-22,11:30,01 - Clear,01 - Dry,01 - Traffic signal,02 - Intersection related,01 - Daylight,03 - P.D. only,03 - Rear end,Greenbelt
14051,MERIVALE RD/LOTTA AVE @ CLYDE AVE,364520.7482,5024508.001,-75.73773524,45.35797302,2014-12-24,12:00,02 - Rain,02 - Wet,01 - Traffic signal,02 - Intersection related,01 - Daylight,03 - P.D. only,03 - Rear end,Cityview - Skyline - Fisher Heights
14052,MONTREAL RD @ GRANVILLE ST/LAFONTAINE AVE,370827.6635,5033476.967,-75.6560427,45.4381068,2014-12-24,16:37,02 - Rain,02 - Wet,01 - Traffic signal,02 - Intersection related,05 - Dusk,03 - P.D. only,03 - Rear end,Vanier South
14053,HIGHWAY 417 btwn TRANSIT & HWY417 IC127 RAMP16,361642.9815,5024481.535,-75.77446653,45.3579741,2014-11-17,17:46,03 - Snow,02 - Wet,10 - No control,01 - Non intersection,07 - Dark,03 - P.D. only,03 - Rear end,Whitehaven - Queensway Terrace North
14054,HIGHWAY 417 btwn HWY417 IC180 RAMP61 & HWY417 IC169 RAMP36,323471.7528,5027129.65,-76.26156847,45.38385904,2014-11-16,21:30,03 - Snow,06 - Ice,10 - No control,01 - Non intersection,07 - Dark,03 - P.D. only,07 - SMV other,Mississipp
14055,HIGHWAY 417 btwn HWY417 IC127 RAMP67 & HWY417 IC126 RAMP16,363005.8779,5025654.347,-75.75693408,45.36841512,2014-11-04,17:10,01 - Clear,01 - Dry,10 - No control,01 - Non intersection,07 - Dark,03 - P.D. only,03 - Rear end,Carlingwood West - Glabar Park - McKellar Heights
14056,HIGHWAY 417 btwn HWY417 IC142 RAMP35 & HWY417 IC142 RAMP25,349022.6467,5017285.034,-75.93618399,45.29412764,2014-11-12,13:25,01 - Clear,01 - Dry,10 - No control,01 - Non intersection,01 - Daylight,03 - P.D. only,04 - Sideswipe,Stittsville - Basswood
14057,ISABELLA ST/HWY417 IC119AR75 @ METCALFE ST,368448.7065,5030398.14,-75.68684492,45.41062522,2014-12-12,11:00,01 - Clear,01 - Dry,01 - Traffic signal,02 - Intersection related,01 - Daylight,03 - P.D. only,04 - Sideswipe,The Glebe
14058,INNES RD @ STONEHENGE CRES W,375200.6913,5031215.138,-75.60047725,45.41732949,2014-12-12,17:29,01 - Clear,02 - Wet,01 - Traffic signal,03 - At intersection,07 - Dark,03 - P.D. only,05 - Turning movement,Industrial Park
14059,HIGHWAY 417 btwn HWY417 IC124 RAMP76 & HWY417 IC124 RAMP67,364209.5678,5027258.179,-75.74137598,45.38274515,2014-11-07,17:45,01 - Clear,01 - Dry,10 - No control,01 - Non intersection,07 - Dark,03 - P.D. only,03 - Rear end,Westboro
14060,HIGHWAY 417 btwn HWY417 IC124 RAMP76 & HWY417 IC124 RAMP67,364204.8172,5027250.578,-75.74143755,45.38267716,2014-11-07,17:45,01 - Clear,01 - Dry,10 - No control,01 - Non intersection,07 - Dark,03 - P.D. only,03 - Rear end,Westboro
14061,HIGHWAY 417 btwn HWY417 IC118 RAMP67 & HWY417 IC117 RAMP36,370308.0799,5031129.153,-75.66299552,45.41703101,2014-11-08,19:10,01 - Clear,01 - Dry,10 - No control,01 - Non intersection,07 - Dark,03 - P.D. only,07 - SMV other,Ol
14062,HIGHWAY 417 btwn HWY417 IC138 RAMP61 & HWY417 IC134 RAMP36,355480.1992,5021737.932,-75.85340294,45.33375944,2014-11-18,9:00,01 - Clear,01 - Dry,10 - No control,01 - Non intersection,01 - Daylight,03 - P.D. only,07 - SMV other,Greenbelt
14063,MURRAY ST @ SUSSEX DR,367707.5291,5032394.972,-75.69605807,45.42865908,2014-12-12,18:08,01 - Clear,02 - Wet,01 - Traffic signal,03 - At intersection,07 - Dark,03 - P.D. only,02 - Angle,Byward Market - Parliament Hill
14064,OLD TENTH LINE RD @ TENTH LINE RD,383036.9341,5038359.884,-75.49923045,45.48077947,2014-12-13,13:36,01 - Clear,01 - Dry,01 - Traffic signal,02 - Intersection related,01 - Daylight,03 - P.D. only,03 - Rear end,Queenswood Heights
14065,DUNROBIN RD @ KINBURN SIDE RD,338028.6487,5035929.154,-76.07509262,45.46250043,2014-12-24,22:32,05 - Drifting Snow,03 - Loose snow,02 - Stop sign,02 - Intersection related,07 - Dark,03 - P.D. only,03 - Rear end,Woodlawn
14066,DONNELLY DR btwn Continuation of DONNELLY DR & MILL POND LANE,358555.7467,4981840.105,-75.81845959,44.97451633,2014-12-24,20:30,"07 - Fog, mist, smoke, dust",02 - Wet,10 - No control,01 - Non intersection,07 - Dark,03 - P.D. only,07 - SMV other,Munster Hamlet - Richmond
14067,HIGHWAY 417 btwn HWY417 IC126 RAMP51 & HWY417 IC126 RAMP25,363315.6166,5026030.594,-75.75293568,45.37177475,2014-11-18,6:39,01 - Clear,01 - Dry,10 - No control,01 - Non intersection,03 - Dawn,03 - P.D. only,03 - Rear end,Carlington
14068,SOMERSET ST    W btwn KENT ST & BECKINGTON PRIV,367535.3835,5030820.704,-75.69845829,45.41450979,2014-12-14,1:44,01 - Clear,04 - Slush,10 - No control,01 - Non intersection,07 - Dark,03 - P.D. only,06 - SMV unattended vehicle,Centretown
14069,EAGLESON RD @ MICHAEL COWPLAND DR/STONEHAVEN D,354383.5761,5016622.969,-75.86790503,45.2878124,2014-12-14,19:22,01 - Clear,02 - Wet,01 - Traffic signal,02 - Intersection related,07 - Dark,03 - P.D. only,02 - Angle,Glen Cairn - Kanata South Business Park
14070,BANFF AVE @ WALKLEY RD,370502.7756,5026044.009,-75.66118534,45.37125848,2014-12-25,14:32,01 - Clear,02 - Wet,01 - Traffic signal,03 - At intersection,01 - Daylight,03 - P.D. only,05 - Turning movement,Ledbury - Heron Gate - Ridgemont - Elmwood
14071,BLACKBURN BYPASS @ NAVAN RD,379617.7235,5033274.745,-75.54373482,45.43540203,2014-12-25,14:30,01 - Clear,02 - Wet,01 - Traffic signal,02 - Intersection related,01 - Daylight,03 - P.D. only,04 - Sideswipe,Greenbelt
14072,KNIGHTS DR btwn LORDS MANOR LANE & JESTER CRT,372317.4128,5011624.499,-75.63998505,45.24134324,2014-12-18,16:35,01 - Clear,05 - Packed snow,10 - No control,01 - Non intersection,05 - Dusk,03 - P.D. only,07 - SMV other,Manotick
14073,DALEHURST DR btwn CRESTLEA CRES & LAVONNE CRT,363640.9006,5021773.17,-75.74928981,45.33343967,2014-12-23,9:25,04 - Freezing Rain,02 - Wet,10 - No control,04 - At/near private drive,01 - Daylight,03 - P.D. only,06 - SMV unattended vehicle,Tanglewood
14074,RIVERSIDE DR NB btwn BANK ST & RIVERSIDE DR NB RAMP FROM EB TO WB,369362.0676,5027977.661,-75.67549416,45.38876291,2014-12-23,11:30,02 - Rain,02 - Wet,10 - No control,01 - Non intersection,01 - Daylight,03 - P.D. only,04 - Sideswipe,Alta Vista
14075,NANAIMO DR @ OKANAGAN DR,359436.6756,5022678.074,-75.80282454,45.34192196,2014-12-25,13:25,01 - Clear,02 - Wet,02 - Stop sign,03 - At intersection,01 - Daylight,03 - P.D. only,02 - Angle,Qualicum - Redwood Park
14076,CUMBERLAND ST btwn BESSERER ST & DALY AVE,368419.4622,5032252.191,-75.68697911,45.42730999,2014-12-25,23:10,01 - Clear,01 - Dry,10 - No control,01 - Non intersection,07 - Dark,03 - P.D. only,06 - SMV unattended vehicle,Byward Market - Parliament Hill
14077,REGIONAL ROAD 174 EB btwn OR174 IC109 RAMP55 & TRANSIT,376573.1187,5035210.721,-75.58236121,45.45313985,2014-12-15,17:06,01 - Clear,02 - Wet,10 - No control,01 - Non intersection,07 - Dark,03 - P.D. only,03 - Rear end,Greenbelt
14078,HIGHWAY 417 btwn HWY417 IC120B RAMP36 & HWY417 IC119B RAMP76,368117.2795,5030242.413,-75.6910987,45.4092541,2014-05-12,8:30,01 - Clear,01 - Dry,10 - No control,01 - Non intersection,01 - Daylight,03 - P.D. only,04 - Sideswipe,The Glebe
14079,HIGHWAY 417 btwn HIGHWAY 417 & HWY417 IC129 RAMP51,359801.0432,5023137.725,-75.79812438,45.34602942,2014-05-13,7:40,01 - Clear,01 - Dry,10 - No control,01 - Non intersection,01 - Daylight,03 - P.D. only,04 - Sideswipe,Qualicum - Redwood Park
14080,HIGHWAY 417 btwn HWY417 IC124 RAMP65 & HWY417 IC122 RAMP51,364802.9935,5028078.522,-75.73369924,45.39007586,2014-04-28,15:10,01 - Clear,01 - Dry,10 - No control,01 - Non intersection,01 - Daylight,03 - P.D. only,03 - Rear end,Civic Hospital - Experimental Farm - Central Park
14081,FOREST VALLEY DR @ ORLEANS BLVD,380259.2557,5034819.825,-75.53529948,45.44923456,2014-10-07,2:49,02 - Rain,02 - Wet,01 - Traffic signal,02 - Intersection related,07 - Dark,03 - P.D. only,07 - SMV other,Chapel Hill
14082,HIGHWAY 417 btwn HWY417 IC118 RAMP67 & HWY417 IC117 RAMP36,370100.3752,5031115.015,-75.66565098,45.41692322,2014-05-14,16:50,01 - Clear,01 - Dry,10 - No control,01 - Non intersection,01 - Daylight,03 - P.D. only,03 - Rear end,Old Ottawa East
14083,HWY 417 MAITLAND IC126R26/62 @ MAITLAND AVE,363144.4962,5025985.022,-75.75512556,45.37137897,2014-05-14,18:15,01 - Clear,01 - Dry,01 - Traffic signal,02 - Intersection related,01 - Daylight,03 - P.D. only,03 - Rear end,Carlingwood West - Glabar Park - McKellar Heights
14084,HIGHWAY 416 btwn HWY416 IC66 RAMP34 & HWY416 IC66 RAMP63,359769.2518,5015217.416,-75.79940863,45.2747645,2014-05-12,22:10,01 - Clear,01 - Dry,10 - No control,01 - Non intersection,07 - Dark,03 - P.D. only,07 - SMV other,Greenbelt
14085,HWY 417 TERRYFO IC140R61 @ TERRY FOX DR,350809.9954,5018708.957,-75.91326525,45.30682574,2014-08-02,1:40,01 - Clear,01 - Dry,01 - Traffic signal,02 - Intersection related,07 - Dark,03 - P.D. only,03 - Rear end,Kanata Lakes - Marchwood Lakeside - Morgan's Grant - Kanata
14086,HIGHWAY 417 btwn HWY417 IC118 RAMP35 & HWY417 IC117 RAMP51,369826.4416,5031134.92,-75.66914806,45.41712783,2014-05-09,12:58,01 - Clear,01 - Dry,10 - No control,01 - Non intersection,01 - Daylight,03 - P.D. only,03 - Rear end,Old Ottawa East
14087,HIGHWAY 417 btwn HWY417 IC127 RAMP25 & HWY417 IC126 RAMP51,363050.1834,5025664.643,-75.75636731,45.36850408,2014-05-15,8:13,01 - Clear,01 - Dry,10 - No control,01 - Non intersection,01 - Daylight,03 - P.D. only,03 - Rear end,Braemar Park - Bel Air Heights - Copeland Park
14088,LORETTA AVE   S btwn LINDENPARK PRIV & CARLING AVE,366514.5762,5028837.795,-75.71174763,45.39675888,2014-09-30,10:20,01 - Clear,01 - Dry,10 - No control,01 - Non intersection,01 - Daylight,03 - P.D. only,03 - Rear end,Centretown West
14089,HIGHWAY 417 btwn HWY417 IC130 RAMP35 & HWY417 IC130 RAMP25,359196.3039,5023062.844,-75.8058492,45.3454028,2014-05-13,17:30,01 - Clear,01 - Dry,10 - No control,01 - Non intersection,01 - Daylight,03 - P.D. only,03 - Rear end,Bayshore
14090,HIGHWAY 417 btwn HWY417 IC117 RAMP26 & HWY417 IC117 RAMP61,370860.0148,5031232.553,-75.65593029,45.41790947,2014-05-07,15:14,01 - Clear,01 - Dry,10 - No control,01 - Non intersection,01 - Daylight,03 - P.D. only,03 - Rear end,Industrial Park
14091,HIGHWAY 417 btwn HWY417 IC117 RAMP61 & HWY417 IC115 RAMP36,371247.4178,5031387.536,-75.65095996,45.41926726,2014-05-16,21:25,02 - Rain,02 - Wet,10 - No control,01 - Non intersection,07 - Dark,03 - P.D. only,04 - Sideswipe,Overbrook
14092,RICHMOND RD btwn ATHLONE AVE & TWEEDSMUIR AVE,363511.1414,5028475.424,-75.75014888,45.39375661,2014-10-10,11:16,01 - Clear,01 - Dry,10 - No control,01 - Non intersection,01 - Daylight,03 - P.D. only,03 - Rear end,Westboro
14093,MARCH RD btwn RICHARDSON SIDE RD & HERZBERG RD,352275.1661,5021561.267,-75.89430853,45.33239394,2014-10-11,6:58,01 - Clear,01 - Dry,10 - No control,01 - Non intersection,03 - Dawn,03 - P.D. only,99 - Other,Kanata Lakes - Marchwood Lakeside - Morgan's Grant - Kanata
14094,HIGHWAY 417 btwn HWY417 IC117 RAMP61 & HWY417 IC115 RAMP36,371487.0343,5031413.129,-75.64789511,45.41947474,2014-05-15,12:15,01 - Clear,01 - Dry,10 - No control,01 - Non intersection,01 - Daylight,03 - P.D. only,03 - Rear end,Industrial Park
14095,HIGHWAY 417 btwn HWY417 IC112 RAMP66 & HWY417 IC112 RAMP56,374479.0497,5030849.97,-75.6097483,45.41411614,2014-05-15,7:00,01 - Clear,01 - Dry,10 - No control,01 - Non intersection,01 - Daylight,03 - P.D. only,03 - Rear end,Industrial Park
14096,COLONNADE RD @ COLONNADE RD E,367232.2501,5023195.535,-75.70329513,45.34592752,2014-10-14,21:25,01 - Clear,01 - Dry,01 - Traffic signal,03 - At intersection,07 - Dark,03 - P.D. only,05 - Turning movement,Industrial Park
14097,HIGHWAY 417 btwn Continuation of HIGHWAY 417 & HWY417 IC134 RAMP51,355216.3333,5021536.114,-75.85678979,45.33196246,2014-05-20,13:28,01 - Clear,01 - Dry,10 - No control,01 - Non intersection,01 - Daylight,03 - P.D. only,07 - SMV other,Greenbelt
14098,HIGHWAY 417 btwn HWY417 IC119A RAMP75 & HWY417 IC118 RAMP57,368653.9297,5030547.242,-75.68420401,45.41194809,2014-05-21,14:40,01 - Clear,01 - Dry,10 - No control,01 - Non intersection,01 - Daylight,03 - P.D. only,04 - Sideswipe,The Glebe
14099,HIGHWAY 417 btwn HWY417 IC155 RAMP61 & HWY417 IC145 RAMP56,344370.9307,5015433.047,-75.99563624,45.27774004,2014-05-21,9:35,01 - Clear,01 - Dry,10 - No control,01 - Non intersection,01 - Daylight,03 - P.D. only,07 - SMV other,Stittsville - Basswood
14100,HIGHWAY 417 btwn HWY417 IC144 RAMP51 & HWY417 IC144 RAMP35,347327.0034,5015740.085,-75.95793401,45.28033029,2014-05-21,11:55,01 - Clear,01 - Dry,10 - No control,01 - Non intersection,01 - Daylight,03 - P.D. only,04 - Sideswipe,Stittsville - Basswood
14101,FRANK ST @ O'CONNOR ST,368052.6568,5030698.999,-75.6918656,45.41336816,2014-10-18,14:00,02 - Rain,02 - Wet,02 - Stop sign,03 - At intersection,01 - Daylight,03 - P.D. only,02 - Angle,Centretown
14102,PLACE D'ORLEANS DR @ PLACE D'ORLEANS SC S,381501.1118,5037816.756,-75.51895784,45.47606329,2014-11-03,15:58,01 - Clear,01 - Dry,01 - Traffic signal,02 - Intersection related,05 - Dusk,03 - P.D. only,03 - Rear end,Industrial Park
14103,HIGHWAY 417 btwn HWY417 IC124 RAMP67 & HWY417 IC123 RAMP62,364773.6096,5028066.199,-75.73407597,45.3899675,2014-05-21,16:10,01 - Clear,01 - Dry,10 - No control,01 - Non intersection,01 - Daylight,03 - P.D. only,03 - Rear end,Westboro
14104,HIGHWAY 417 btwn HWY417 IC121A RAMP61 & HWY417 IC120B RAMP36,367540.7712,5029884.227,-75.69850866,45.40608317,2014-05-16,15:19,01 - Clear,02 - Wet,10 - No control,01 - Non intersection,01 - Daylight,03 - P.D. only,03 - Rear end,The Glebe
14105,HIGHWAY 417 btwn HWY417 IC130 RAMP35 & HWY417 IC130 RAMP25,359320.4745,5023075.166,-75.80426342,45.34550404,2014-05-22,15:15,01 - Clear,01 - Dry,10 - No control,01 - Non intersection,01 - Daylight,03 - P.D. only,99 - Other,Qualicum - Redwood Park
14106,HIGHWAY 417 btwn HWY417 IC119A RAMP67 & HWY417 IC118 RAMP76,369200.8491,5030885.631,-75.67717309,45.41494268,2014-05-15,14:15,01 - Clear,01 - Dry,10 - No control,01 - Non intersection,01 - Daylight,03 - P.D. only,04 - Sideswipe,Old Ottawa East
14107,PLEASANT PARK RD btwn SAUNDERSON DR & CORNISH ST,373155.362,5028668.212,-75.62696079,45.39461624,2014-11-13,17:54,01 - Clear,01 - Dry,10 - No control,01 - Non intersection,07 - Dark,03 - P.D. only,06 - SMV unattended vehicle,Elmvale - Eastway - Riverview - Riverview Park West
14108,ELGIN ST btwn COOPER ST & SOMERSET ST W,368158.0578,5031211.399,-75.69045323,45.41796903,2014-11-14,11:00,01 - Clear,01 - Dry,10 - No control,01 - Non intersection,01 - Daylight,03 - P.D. only,06 - SMV unattended vehicle,Centretown
14109,HWY417 IC118 RAMP35 btwn HWY417 IC118 RAMP45 & HIGHWAY 417,369763.8823,5031133.024,-75.66994755,45.41711658,2014-05-15,15:20,01 - Clear,01 - Dry,10 - No control,01 - Non intersection,01 - Daylight,03 - P.D. only,03 - Rear end,Old Ottawa East
14110,HWY417 IC127 RAMP63 btwn HIGHWAY 417 & WOODROFFE AVE,362052.9326,5024807.286,-75.76919669,45.36087183,2014-05-24,11:15,01 - Clear,01 - Dry,10 - No control,01 - Non intersection,01 - Daylight,03 - P.D. only,07 - SMV other,Whitehaven - Queensway Terrace North
14111,HIGHWAY 417 btwn HWY417 IC155 RAMP25 & RAMP,344338.4925,5015423.042,-75.99605047,45.27765183,2014-05-24,4:45,"07 - Fog, mist, smoke, dust",01 - Dry,10 - No control,01 - Non intersection,07 - Dark,03 - P.D. only,07 - SMV other,Stittsville - Basswood
14112,HIGHWAY 417 btwn HWY417 IC117 RAMP25 & HWY417 IC115 RAMP51,371775.1164,5031422.612,-75.64421322,45.41953254,2014-05-24,19:07,01 - Clear,01 - Dry,10 - No control,01 - Non intersection,01 - Daylight,03 - P.D. only,03 - Rear end,Industrial Park
14113,PARKDALE AVE @ SCOTT ST,364950.1757,5029726.474,-75.73161879,45.40489116,2014-11-15,11:29,01 - Clear,01 - Dry,01 - Traffic signal,02 - Intersection related,01 - Daylight,03 - P.D. only,03 - Rear end,Islan
14114,PRINCE OF WALES DR btwn RIDEAU HEIGHTS LANE & STEPHANIE AVE,367486.3134,5022710.018,-75.70011484,45.34153627,2014-12-04,14:30,01 - Clear,01 - Dry,10 - No control,01 - Non intersection,01 - Daylight,03 - P.D. only,05 - Turning movement,Industrial Park
14115,HIGHWAY 417 btwn HWY417 IC119A RAMP75 & HWY417 IC118 RAMP57,368937.3836,5030693.81,-75.68056391,45.41324094,2014-05-20,17:12,01 - Clear,01 - Dry,10 - No control,01 - Non intersection,01 - Daylight,03 - P.D. only,03 - Rear end,Old Ottawa East
14116,HIGHWAY 417 btwn HWY417 IC110 RAMP55 & HWY417 IC104 RAMP51,378944.9912,5026147.048,-75.55340368,45.37134325,2014-05-25,6:00,01 - Clear,01 - Dry,10 - No control,01 - Non intersection,01 - Daylight,03 - P.D. only,07 - SMV other,Greenbelt
14117,HIGHWAY 416 btwn HWY416 IC49 RAMP24 & HWY416 IC42 RAMP42,369664.5448,4999631.502,-75.6753326,45.13367976,2014-05-26,21:45,01 - Clear,01 - Dry,10 - No control,01 - Non intersection,07 - Dark,03 - P.D. only,07 - SMV other,Kars - Osgoode
14118,DIAMONDVIEW RD btwn OLD COACH RD & DONALD B. MUNRO DR,337995.2481,5022322.104,-76.0764356,45.3400611,2014-12-04,17:20,01 - Clear,01 - Dry,10 - No control,01 - Non intersection,07 - Dark,03 - P.D. only,07 - SMV other,Carp - Hardwood Plains
14119,VICTORIA ST btwn TURN LANE & ANDREW SIMPSON DR,384067.8275,5010335.086,-75.4905391,45.22851679,2014-12-04,18:12,01 - Clear,01 - Dry,10 - No control,01 - Non intersection,07 - Dark,03 - P.D. only,07 - SMV other,Metcalfe
14120,FERNBANK RD btwn DWYER HILL RD & MUNSTER RD,345203.8016,5007054.159,-75.98570171,45.20229539,2014-12-04,18:24,01 - Clear,01 - Dry,10 - No control,01 - Non intersection,07 - Dark,03 - P.D. only,07 - SMV other,Munster Hamlet - Richmond
14121,HIGHWAY 417 btwn HWY417 IC118 RAMP57 & HWY417 IC118 RAMP35,369481.4179,5031056.247,-75.67356634,45.41645194,2014-05-26,15:20,01 - Clear,01 - Dry,10 - No control,01 - Non intersection,01 - Daylight,03 - P.D. only,03 - Rear end,Old Ottawa East
14122,HIGHWAY 417 btwn HWY417 IC129 RAMP25 & HWY417 IC129 RAMP35,360457.0094,5023525.721,-75.78971048,45.34946886,2014-05-27,8:11,01 - Clear,01 - Dry,10 - No control,01 - Non intersection,01 - Daylight,03 - P.D. only,04 - Sideswipe,Whitehaven - Queensway Terrace North