Record,Location,X,Y,lon,lat,Date,Time,Environment,Road_Surface,Traffic_Control,Collision_Location,Light,Collision_Classification,Impact_type,Neighborhood
14123,HIGHWAY 7 btwn HWY 7 HAZELDEAN RD IC RAMP 34 & HAZELDEAN RD IC RAMP 63,346365.2571,5012327.122,-75.97047787,45.24967653,2014-05-27,23:10,01 - Clear,01 - Dry,10 - No control,01 - Non intersection,07 - Dark,03 - P.D. only,07 - SMV other,Stittsville - Basswood
14124,HIGHWAY 417 btwn HWY417 IC117 RAMP36 & HWY417 IC117 RAMP26,370758.1191,5031196.534,-75.65723692,45.417595,2014-05-28,9:15,01 - Clear,01 - Dry,10 - No control,01 - Non intersection,01 - Daylight,03 - P.D. only,07 - SMV other,Industrial Park
14125,BANK ST btwn SALE BARN RD & GREY'S CREEK RD,380133.2826,5013421.41,-75.54017003,45.25671808,2014-12-04,18:37,01 - Clear,01 - Dry,10 - No control,01 - Non intersection,07 - Dark,03 - P.D. only,07 - SMV other,Osgoode
14126,VANIER PKWY NB btwn BEECHWOOD AVE/ ST. PATRICK ST/CRICHTON ST & DESCHA,369614.2578,5033375.812,-75.67156397,45.43731019,2014-12-04,18:52,01 - Clear,01 - Dry,10 - No control,01 - Non intersection,07 - Dark,03 - P.D. only,03 - Rear end,Vanier North
14127,HIGHWAY 417 btwn HWY417 IC121A RAMP51 & HWY417 IC120A RAMP52,367660.6418,5029925.196,-75.69697228,45.40644104,2014-05-28,18:01,01 - Clear,01 - Dry,10 - No control,01 - Non intersection,01 - Daylight,03 - P.D. only,03 - Rear end,The Glebe
14128,HIGHWAY 416 btwn HWY416 IC57 RAMP52 & HWY416 IC57 RAMP24,364780.3992,5007993.394,-75.73641754,45.20935284,2014-05-29,8:30,01 - Clear,01 - Dry,10 - No control,01 - Non intersection,01 - Daylight,03 - P.D. only,03 - Rear end,Manotick
14129,HIGHWAY 417 btwn HWY417 IC121B RAMP16 & HWY417 IC121A RAMP16,366741.3031,5029580.11,-75.7087588,45.40341801,2014-05-28,17:31,01 - Clear,01 - Dry,10 - No control,01 - Non intersection,01 - Daylight,03 - P.D. only,03 - Rear end,Little Italy
14130,OLD ALMONTE RD btwn JOHN KENNEDY WAY & UPPER DWYER HILL RD,336825.4058,5011005.244,-76.09209274,45.23828026,2014-12-05,6:45,01 - Clear,05 - Packed snow,10 - No control,01 - Non intersection,07 - Dark,03 - P.D. only,07 - SMV other,Carp - Hardwood Plains
14131,HIGHWAY 417 btwn HWY417 IC121B RAMP51 & HWY417 IC121A RAMP51,366728.033,5029557.361,-75.70893115,45.40321449,2014-05-29,16:10,01 - Clear,01 - Dry,10 - No control,01 - Non intersection,01 - Daylight,03 - P.D. only,03 - Rear end,Little Italy
14132,HIGHWAY 416 btwn HWY416 IC72 RAMP62 & HWY416 IC72 RAMP24,359510.6312,5019568.333,-75.80222458,45.31393462,2014-05-25,20:30,01 - Clear,01 - Dry,10 - No control,01 - Non intersection,05 - Dusk,03 - P.D. only,07 - SMV other,Greenbelt
14133,HIGHWAY 416 btwn HWY416 IC66 RAMP62 & HWY416 IC72 RAMP24,359606.3658,5019402.456,-75.80102202,45.31243459,2014-05-24,21:00,01 - Clear,01 - Dry,10 - No control,01 - Non intersection,07 - Dark,03 - P.D. only,07 - SMV other,Greenbelt
14134,HIGHWAY 417 btwn HWY417 IC112 RAMP65 & HWY417 IC112 RAMP55,374436.3957,5030828.169,-75.61029628,45.41392423,2014-05-26,14:50,01 - Clear,01 - Dry,10 - No control,01 - Non intersection,01 - Daylight,03 - P.D. only,04 - Sideswipe,Industrial Park
14135,PRINCE OF WALES DR btwn BORDEN SIDE RD & NORMANDY CRES,367308.6601,5024371.752,-75.70217145,45.35650407,2014-12-07,10:02,01 - Clear,01 - Dry,10 - No control,01 - Non intersection,01 - Daylight,03 - P.D. only,07 - SMV other,Carleton Heights - Rideauview
14136,HIGHWAY 417 btwn HWY417 IC121B RAMP51 & HWY417 IC121A RAMP51,367034.0988,5029651.289,-75.70500999,45.40403249,2014-05-27,14:15,01 - Clear,01 - Dry,10 - No control,01 - Non intersection,01 - Daylight,03 - P.D. only,04 - Sideswipe,The Glebe Annex
14137,HIGHWAY 417 btwn HWY417 IC118 RAMP76 & HWY417 IC118 RAMP67,369478.5743,5031073.309,-75.67360043,45.41660572,2014-05-30,17:08,01 - Clear,01 - Dry,10 - No control,01 - Non intersection,01 - Daylight,03 - P.D. only,03 - Rear end,Sandy Hill
14138,HIGHWAY 417 btwn HWY417 IC118 RAMP57 & HWY417 IC118 RAMP35,369456.7733,5031038.238,-75.67388355,45.41629218,2014-05-31,14:05,01 - Clear,01 - Dry,10 - No control,01 - Non intersection,01 - Daylight,03 - P.D. only,04 - Sideswipe,Old Ottawa East
14139,HIGHWAY 417 btwn HWY417 IC104 RAMP15 & HWY417 IC96 RAMP51,381774.0226,5025560.144,-75.51738261,45.36575767,2014-05-31,11:01,01 - Clear,01 - Dry,10 - No control,01 - Non intersection,01 - Daylight,03 - P.D. only,07 - SMV other,Greenbelt
14140,BASELINE RD @ ST. HELEN'S PL,364106.6444,5024730.102,-75.74299367,45.36000661,2014-09-22,16:30,01 - Clear,01 - Dry,02 - Stop sign,02 - Intersection related,01 - Daylight,03 - P.D. only,04 - Sideswipe,Braemar Park - Bel Air Heights - Copeland Park
14141,FAIRLEA CRES btwn HEATHERINGTON RD & GORE PRIV,372050.3893,5026736.352,-75.64133519,45.37734112,2014-12-01,9:57,01 - Clear,01 - Dry,10 - No control,01 - Non intersection,01 - Daylight,03 - P.D. only,06 - SMV unattended vehicle,Ledbury - Heron Gate - Ridgemont - Elmwood
14142,DONALD ST @ ST. LAURENT BLVD,372093.2059,5032473.852,-75.64000562,45.42896059,2014-10-14,21:38,01 - Clear,01 - Dry,01 - Traffic signal,03 - At intersection,07 - Dark,03 - P.D. only,05 - Turning movement,Overbrook
14143,RIVERSIDE DR EB @ BILLINGS BRIDGE SC SE,369250.8953,5027836.469,-75.6769322,45.38750275,2014-08-06,9:31,01 - Clear,01 - Dry,03 - Yield sign,02 - Intersection related,01 - Daylight,03 - P.D. only,99 - Other,Alta Vista
14144,RIVERSIDE DR @ HERON RD,368120.8019,5026647.827,-75.69151502,45.37691075,2014-08-03,17:28,01 - Clear,01 - Dry,01 - Traffic signal,02 - Intersection related,01 - Daylight,03 - P.D. only,02 - Angle,Riverside Park
14145,HWY 417 TERRYFO IC140R52 @ TERRY FOX DR,351053.6535,5018433.895,-75.91018387,45.30433465,2014-09-25,17:44,01 - Clear,01 - Dry,01 - Traffic signal,02 - Intersection related,01 - Daylight,03 - P.D. only,03 - Rear end,Katimavik - Hazeldean
14146,JEANNE D'ARC BLVD  S btwn WOODCLIFFE PRIV & HENRI LAUZON ST,380549.8684,5036175.178,-75.53137594,45.46139753,2014-02-09,19:10,03 - Snow,03 - Loose snow,10 - No control,01 - Non intersection,07 - Dark,03 - P.D. only,03 - Rear end,Chapel Hill
14147,RIVERSIDE DR RAMP 34 @ RIVERSIDE DR,368340.2189,5027182.626,-75.68864495,45.38170286,2014-08-19,18:34,01 - Clear,01 - Dry,03 - Yield sign,02 - Intersection related,01 - Daylight,03 - P.D. only,03 - Rear end,Riverside Park
14148,BILLINGS BRIDGESC RAMP NB @ RIVERSIDE DR WB,369023.0311,5027793.247,-75.67984746,45.38713478,2014-08-23,14:50,01 - Clear,01 - Dry,03 - Yield sign,02 - Intersection related,01 - Daylight,03 - P.D. only,02 - Angle,Alta Vista
14149,HIGHWAY 417 btwn HWY417 IC96 RAMP61 & HIGHWAY 417,387482.8741,5023867.486,-75.44480098,45.34987846,2014-12-01,4:36,01 - Clear,01 - Dry,10 - No control,01 - Non intersection,07 - Dark,03 - P.D. only,07 - SMV other,Navan - Vars
14150,HIGHWAY 417 btwn HWY417 IC118 RAMP57 & HWY417 IC118 RAMP35,369449.4504,5031033.89,-75.67397768,45.41625373,2014-12-22,18:33,01 - Clear,01 - Dry,10 - No control,01 - Non intersection,07 - Dark,03 - P.D. only,03 - Rear end,Old Ottawa East
14151,HIGHWAY 416 btwn HWY416 IC49 RAMP34 & HWY416 IC49 RAMP43,369157.2454,5001186.956,-75.68158136,45.14772225,2014-12-24,15:15,02 - Rain,02 - Wet,10 - No control,01 - Non intersection,01 - Daylight,03 - P.D. only,04 - Sideswipe,Kars - Osgoode
14152,BANK ST @ JOHNSTON RD,370852.0221,5024838.362,-75.65688823,45.36037764,2014-03-06,8:00,01 - Clear,01 - Dry,01 - Traffic signal,02 - Intersection related,01 - Daylight,03 - P.D. only,03 - Rear end,South Keys - Heron Gate - Greenboro West
14153,THURSTON DR btwn CONROY RD & THOMAS SPRATT PL,373779.9411,5027134.233,-75.61919897,45.38075294,2014-07-02,16:45,01 - Clear,01 - Dry,10 - No control,04 - At/near private drive,01 - Daylight,03 - P.D. only,05 - Turning movement,Industrial Park
14154,RIVERSIDE DR NB btwn FROBISHER LANE & HINCKS LANE,370127.1953,5029626.036,-75.66550566,45.40352345,2014-11-07,8:25,02 - Rain,02 - Wet,10 - No control,04 - At/near private drive,01 - Daylight,03 - P.D. only,02 - Angle,Industrial Park
14155,SOMERSET ST    W btwn ARTHUR ST & CAMBRIDGE ST N,366866.0778,5030414.955,-75.70705998,45.41091866,2014-10-30,17:11,01 - Clear,01 - Dry,10 - No control,01 - Non intersection,05 - Dusk,03 - P.D. only,07 - SMV other,Centretown West
14156,HIGHWAY 417 btwn HWY417 IC142 RAMP35 & HWY417 IC142 RAMP25,348963.5491,5017234.177,-75.93694195,45.29367373,2014-12-25,1:00,02 - Rain,02 - Wet,10 - No control,01 - Non intersection,07 - Dark,03 - P.D. only,07 - SMV other,Stittsville - Basswood
14157,HIGHWAY 7 btwn HAZELDEAN IC RAMP 53 & HIGHWAY 7,345868.3716,5011480.622,-75.97687762,45.24208851,2014-12-25,19:10,01 - Clear,01 - Dry,10 - No control,01 - Non intersection,07 - Dark,03 - P.D. only,07 - SMV other,Stittsville - Basswood
14158,LEITRIM RD @ LIMEBANK RD S,369355.8724,5017878.878,-75.67689115,45.29789714,2014-06-23,9:06,01 - Clear,01 - Dry,01 - Traffic signal,02 - Intersection related,01 - Daylight,03 - P.D. only,03 - Rear end,Gloucester
14159,BENTBROOK CRES btwn TARTAN DR & TARTAN DR,363436.2829,5014634.946,-75.75274442,45.26922718,2014-06-24,12:06,02 - Rain,02 - Wet,10 - No control,04 - At/near private drive,01 - Daylight,03 - P.D. only,02 - Angle,Barrhaven West - Old Barrhaven
14160,HIGHWAY 417 btwn HWY417 IC124 RAMP65 & HWY417 IC122 RAMP51,365171.3775,5028727.265,-75.72891564,45.39588145,2014-12-15,17:30,01 - Clear,01 - Dry,10 - No control,01 - Non intersection,07 - Dark,03 - P.D. only,03 - Rear end,Civic Hospital - Experimental Farm - Central Park
14161,HIGHWAY 417 btwn HWY417 IC117 RAMP51 & HWY417 IC117 RAMP35,370464.3744,5031136.754,-75.66099773,45.41708475,2014-12-16,20:32,04 - Freezing Rain,06 - Ice,10 - No control,01 - Non intersection,07 - Dark,03 - P.D. only,07 - SMV other,Industrial Park
14162,HIGHWAY 417 btwn HWY417 IC118 RAMP67 & HWY417 IC117 RAMP36,369746.8376,5031157.405,-75.6701621,45.41733754,2014-12-15,23:20,01 - Clear,02 - Wet,10 - No control,01 - Non intersection,07 - Dark,03 - P.D. only,99 - Other,Sandy Hill
14163,ST. LAURENT BLVD @ MCARTHUR AVE,371923.2342,5032887.575,-75.64212118,45.43269941,2014-07-08,15:30,01 - Clear,01 - Dry,01 - Traffic signal,02 - Intersection related,01 - Daylight,03 - P.D. only,03 - Rear end,Cummings
14164,CLEOPATRA DR btwn CAMELOT DR & Continuation of CLEOPATRA DR,365409.3326,5021295.818,-75.7267881,45.32899399,2014-07-22,15:52,01 - Clear,01 - Dry,10 - No control,04 - At/near private drive,01 - Daylight,03 - P.D. only,02 - Angle,Merivale Gardens - Grenfell Glen - Pineglen - Country Place
14165,HIGHWAY 417 btwn HWY417 IC115 RAMP36 & HWY417 IC115 RAMP26,372381.0894,5031514.024,-75.63645863,45.42029675,2014-12-19,14:15,01 - Clear,01 - Dry,10 - No control,01 - Non intersection,01 - Daylight,03 - P.D. only,03 - Rear end,Overbrook
14166,HIGHWAY 416 btwn HWY416 IC66 RAMP62 & HWY416 IC72 RAMP24,360316.2289,5018046.823,-75.79212125,45.30018077,2014-12-26,17:10,01 - Clear,01 - Dry,10 - No control,01 - Non intersection,07 - Dark,03 - P.D. only,04 - Sideswipe,Greenbelt
14167,HIGHWAY 417 btwn HWY417 IC122 RAMP16 & HWY417 IC122 RAMP61,365429.8098,5028959.094,-75.72558666,45.39794507,2014-12-25,12:15,06 - Strong wind,01 - Dry,10 - No control,01 - Non intersection,01 - Daylight,03 - P.D. only,99 - Other,Civi
14168,HIGHWAY 417 btwn RAMP & HWY417 IC145 RAMP55,345823.7496,5014763.224,-75.97717498,45.27162942,2014-12-26,12:58,01 - Clear,01 - Dry,10 - No control,01 - Non intersection,01 - Daylight,03 - P.D. only,07 - SMV other,Stittsville - Basswood
14169,INNES RD @ 240 E OF TENTH LINE RD/HOME DEPOT E,384167.8209,5036257.743,-75.48510649,45.46173873,2014-07-24,16:08,01 - Clear,01 - Dry,01 - Traffic signal,02 - Intersection related,01 - Daylight,03 - P.D. only,03 - Rear end,Fallingbrook
14170,INNES RD @ 215 W OF CYRVILLE RD/HOME DEPOT W,374864.6549,5031001.455,-75.6048007,45.41544062,2014-05-26,13:55,01 - Clear,01 - Dry,01 - Traffic signal,03 - At intersection,01 - Daylight,03 - P.D. only,05 - Turning movement,Industrial Park
14171,BARNSDALE RD btwn PRINCE OF WALES DR & RIDEAU VALLEY DR,366744.7263,5011589.655,-75.7109654,45.24154213,2014-11-10,18:29,02 - Rain,02 - Wet,10 - No control,04 - At/near private drive,07 - Dark,03 - P.D. only,03 - Rear end,New Barrhaven
14172,HWY 417 WOODROFF IC127R63 @ WOODROFFE AVE,362111.4748,5024871.033,-75.76844209,45.36144064,2014-08-15,17:10,02 - Rain,02 - Wet,10 - No control,02 - Intersection related,01 - Daylight,03 - P.D. only,03 - Rear end,Carlingwood West - Glabar Park - McKellar Heights
14173,HIGHWAY 417 btwn HWY 417 ANDERSON IC104R61 & HWY 417 BOUNDARY IC96R16,385012.5653,5024969.149,-75.47614319,45.36007725,2014-12-26,13:51,01 - Clear,01 - Dry,10 - No control,01 - Non intersection,01 - Daylight,03 - P.D. only,07 - SMV other,Greenbelt
14174,HIGHWAY 417 btwn HIGHWAY 417 & HWY417 IC115 RAMP61,372686.0775,5031545.378,-75.63255766,45.42054933,2014-12-08,0:00,01 - Clear,01 - Dry,10 - No control,01 - Non intersection,00 - Unknown,03 - P.D. only,04 - Sideswipe,Cummings
14175,HIGHWAY 417 btwn HWY417 IC119A RAMP75 & HWY417 IC118 RAMP57,369053.2509,5030765.006,-75.67907443,45.41387091,2014-12-17,16:15,02 - Rain,02 - Wet,10 - No control,01 - Non intersection,05 - Dusk,03 - P.D. only,03 - Rear end,Old Ottawa East
14176,HIGHWAY 417 btwn HWY417 IC104 RAMP51 & HWY417 IC104 RAMP15,379921.489,5025933.216,-75.54097117,45.36931533,2014-12-27,19:45,01 - Clear,02 - Wet,10 - No control,01 - Non intersection,07 - Dark,03 - P.D. only,07 - SMV other,Greenbelt
14177,HIGHWAY 416 btwn HWY416 IC66 RAMP34 & HWY416 IC72 RAMP53,360272.8438,5017843.755,-75.79269713,45.29835697,2014-12-28,16:00,01 - Clear,01 - Dry,10 - No control,01 - Non intersection,05 - Dusk,03 - P.D. only,07 - SMV other,Greenbelt
14178,INNES RD @ ORLEANS BLVD,380459.28,5034297.009,-75.53282305,45.44450904,2014-07-09,19:26,01 - Clear,01 - Dry,01 - Traffic signal,03 - At intersection,01 - Daylight,03 - P.D. only,05 - Turning movement,Orleans Village - Chateauneuf
14179,MANOTICK STATION RD btwn HERBERTS CORNERS RD & SNAKE ISLAND RD,376711.496,5005814.28,-75.58486054,45.18862928,2014-11-17,16:59,03 - Snow,03 - Loose snow,10 - No control,01 - Non intersection,07 - Dark,03 - P.D. only,99 - Other,Kars - Osgoode
14180,HIGHWAY 417 btwn HWY417 IC134 RAMP36 & HWY417 IC134 RAMP26,356421.8541,5022294.078,-75.84133173,45.33869505,2014-12-29,13:44,01 - Clear,01 - Dry,10 - No control,06 - Underpass or tunnel,01 - Daylight,03 - P.D. only,07 - SMV other,Greenbelt
14181,HIGHWAY 417 btwn HWY417 IC142 RAMP51 & HWY417 IC142 RAMP35,348668.7274,5016970.069,-75.94072392,45.29131567,2014-12-30,17:04,01 - Clear,01 - Dry,10 - No control,01 - Non intersection,07 - Dark,03 - P.D. only,99 - Other,Stittsville - Basswood
14182,HIGHWAY 417 btwn HWY417 IC126 RAMP61 & HWY417 IC124 RAMP76,364065.6248,5027065.304,-75.74323704,45.38102189,2014-12-31,12:28,01 - Clear,01 - Dry,10 - No control,01 - Non intersection,01 - Daylight,03 - P.D. only,03 - Rear end,Carlingwood West - Glabar Park - McKellar Heights
14183,HWY417 IC140 RAMP51 btwn HIGHWAY 417 & HWY417 IC140 RAMP53,350615.7099,5018339.698,-75.91577684,45.30351574,2014-12-30,15:15,01 - Clear,01 - Dry,10 - No control,01 - Non intersection,01 - Daylight,03 - P.D. only,03 - Rear end,Katimavik - Hazeldean
14184,CARP RD btwn MCCOOEYE LANE & STITTSVILLE MAIN ST,349480.5219,5014321.629,-75.93061339,45.26743296,2014-09-28,18:00,01 - Clear,01 - Dry,10 - No control,04 - At/near private drive,01 - Daylight,03 - P.D. only,02 - Angle,Stittsville
14185,ELGIN ST @ PRETORIA AVE,368635.5011,5030417.123,-75.68445628,45.41077901,2014-09-27,17:59,01 - Clear,01 - Dry,10 - No control,02 - Intersection related,01 - Daylight,03 - P.D. only,03 - Rear end,The Glebe
14186,HWY 417 MAITLAND IC126R63 @ MAITLAND AVE,363166.6419,5025928.449,-75.75484953,45.37086809,2014-12-30,14:45,01 - Clear,01 - Dry,03 - Yield sign,02 - Intersection related,01 - Daylight,03 - P.D. only,03 - Rear end,Carlingwood West - Glabar Park - McKellar Heights
14187,HIGHWAY 416 btwn HIGHWAY 416 & HWY416 IC57 RAMP52,364712.1539,5008105.636,-75.73727277,45.21036861,2014-12-13,7:14,01 - Clear,01 - Dry,10 - No control,01 - Non intersection,03 - Dawn,03 - P.D. only,04 - Sideswipe,New Barrhaven
14188,HIGHWAY 417 btwn HWY417 IC88 RAMP51 & HWY417 IC88 RAMP15,395096.198,5022436.695,-75.34791979,45.33606697,2014-12-25,16:20,01 - Clear,01 - Dry,10 - No control,01 - Non intersection,05 - Dusk,03 - P.D. only,07 - SMV other,Navan - Vars
14189,CARLING AVE @ BROADVIEW AVE,363180.9896,5026638.542,-75.75458244,45.37725622,2014-07-22,9:17,01 - Clear,01 - Dry,01 - Traffic signal,02 - Intersection related,01 - Daylight,03 - P.D. only,03 - Rear end,Carlingwood - McKellar Park - Laurentien View
14190,BASELINE RD @ CENTREPOINTE DR W/COBDEN RD,361632.7439,5023206.117,-75.77474379,45.34649879,2014-07-22,14:49,01 - Clear,01 - Dry,01 - Traffic signal,03 - At intersection,01 - Daylight,03 - P.D. only,02 - Angle,Iris
14191,FRANK BENDER ST @ JEANNE D'ARC BLVD,381869.8416,5035884.18,-75.51454536,45.45863501,2014-09-29,20:49,01 - Clear,01 - Dry,01 - Traffic signal,03 - At intersection,07 - Dark,03 - P.D. only,02 - Angle,Orleans Village - Chateauneuf
14192,GREENBANK RD btwn VIEWBANK RD & PRINCE OF WALES DR,366144.0496,5009597.846,-75.7188615,45.22367239,2014-10-01,20:36,01 - Clear,01 - Dry,10 - No control,01 - Non intersection,07 - Dark,03 - P.D. only,07 - SMV other,New Barrhaven
14193,PRINCESS AVE @ ROCKCLIFFE PKWY,368228.6511,5034329.169,-75.6891497,45.4460152,2014-01-02,10:10,01 - Clear,99 - Other,03 - Yield sign,03 - At intersection,01 - Daylight,03 - P.D. only,03 - Rear end,Rockcliffe - Manor Park
14194,OTTAWA RIVER PKWY WB btwn TUNNEY'S PASTURE/REMIC RAPIDS ENT & PARKDALE,363380.4055,5029638.362,-75.75168036,45.40423147,2014-01-06,12:00,01 - Clear,05 - Packed snow,10 - No control,04 - At/near private drive,01 - Daylight,03 - P.D. only,02 - Angle,Island Park
14195,TREMBLAY RD btwn RIVERSIDE DR & TRAIN STATION,371127.7435,5031278.409,-75.65250364,45.41829674,2014-07-24,17:31,01 - Clear,01 - Dry,10 - No control,04 - At/near private drive,01 - Daylight,03 - P.D. only,02 - Angle,Industrial Park
14196,ST. LAURENT BLVD btwn THURSTON DR & WALKLEY RD,373965.0792,5027633.613,-75.61676527,45.38522789,2014-10-04,10:12,02 - Rain,02 - Wet,10 - No control,04 - At/near private drive,01 - Daylight,03 - P.D. only,02 - Angle,Industrial Park
14197,KENT ST btwn ARLINGTON AVE & CATHERINE ST,367903.1621,5030197.655,-75.69383958,45.40887072,2014-11-05,11:36,01 - Clear,01 - Dry,10 - No control,01 - Non intersection,01 - Daylight,03 - P.D. only,03 - Rear end,Centretown
14198,ROCKCLIFFE PKWY btwn LISGAR RD & BUENA VISTA RD,368335.0402,5035215.516,-75.68767532,45.45398055,2014-01-09,23:40,01 - Clear,01 - Dry,10 - No control,01 - Non intersection,07 - Dark,03 - P.D. only,01 - Approaching,Rockcliffe - Manor Park
14199,CHAMPLAIN BRIDGE/ISLAND PARK DR btwn BATE ISLAND & OTTAWA RIVER PKWY,363116.2725,5029746.675,-75.75504136,45.40522811,2014-01-22,7:08,01 - Clear,06 - Ice,10 - No control,07 - Overpass or bridge,03 - Dawn,03 - P.D. only,03 - Rear end,Westboro
14200,CHAMPLAIN BRIDGE/ISLAND PARK DR btwn BATE ISLAND & OTTAWA RIVER PKWY,363115.3224,5029751.426,-75.75505293,45.40527094,2014-01-22,7:59,01 - Clear,06 - Ice,10 - No control,07 - Overpass or bridge,01 - Daylight,03 - P.D. only,03 - Rear end,Westboro
14201,CHAMPLAIN BRIDGE/ISLAND PARK DR btwn BATE ISLAND & OTTAWA RIVER PKWY,363117.2226,5029744.775,-75.75502945,45.40521093,2014-01-22,8:20,01 - Clear,06 - Ice,10 - No control,07 - Overpass or bridge,01 - Daylight,03 - P.D. only,03 - Rear end,Westboro
14202,PRESTON ST @ PRINCE OF WALES DR/QUEEN ELIZABET,366899.8024,5028776.548,-75.70683549,45.39617373,2014-07-28,12:40,02 - Rain,02 - Wet,01 - Traffic signal,03 - At intersection,01 - Daylight,03 - P.D. only,05 - Turning movement,The Glebe
14203,BRONSON AVE btwn BREWER WAY & RIVERSIDE DR RAMPS 34B & 42A-3,368111.1683,5027760.981,-75.69149526,45.38692747,2014-07-28,15:38,01 - Clear,02 - Wet,10 - No control,01 - Non intersection,01 - Daylight,03 - P.D. only,03 - Rear end,Carleton University
14204,DONALD ST @ 110 E OF ST. LAURENT BLVD ,372203.3333,5032484.514,-75.63859691,45.42904592,2014-11-18,12:18,01 - Clear,01 - Dry,01 - Traffic signal,03 - At intersection,01 - Daylight,03 - P.D. only,05 - Turning movement,Cummings
14205,HOLMWOOD AVE btwn ADELAIDE ST & O'CONNOR ST,368779.3445,5029375.314,-75.68275395,45.40139202,2014-10-30,14:20,01 - Clear,01 - Dry,10 - No control,01 - Non intersection,01 - Daylight,03 - P.D. only,04 - Sideswipe,The Glebe
14206,LISGAR RD @ ROCKCLIFFE PKWY,368353.412,5035226.617,-75.68743901,45.45407876,2014-01-23,8:10,01 - Clear,01 - Dry,03 - Yield sign,02 - Intersection related,01 - Daylight,03 - P.D. only,03 - Rear end,Rockcliffe - Manor Park
14207,CHAMPLAIN BRIDGE/ISLAND PARK DR btwn BATE ISLAND & OTTAWA RIVER PKWY,363140.0255,5029591.806,-75.75475627,45.40383265,2014-01-24,8:30,01 - Clear,06 - Ice,10 - No control,07 - Overpass or bridge,01 - Daylight,03 - P.D. only,03 - Rear end,Westboro
14208,BOTELER ST @ SUSSEX DR,367452.3452,5032952.63,-75.69924797,45.4336996,2014-01-25,13:21,01 - Clear,04 - Slush,01 - Traffic signal,02 - Intersection related,01 - Daylight,03 - P.D. only,03 - Rear end,Byward Market - Parliament Hill
14209,WOODROFFE AVE btwn HWY417 IC127 RAMP63 & HWY417 IC127 RAMP35,362115.3636,5024861.881,-75.76839352,45.36135797,2014-07-18,20:56,01 - Clear,01 - Dry,10 - No control,01 - Non intersection,05 - Dusk,03 - P.D. only,07 - SMV other,Carlingwood West - Glabar Park - McKellar Heights
14210,RICHMOND RD btwn WEST HUNT CLUB RD & STONEHAVEN DR,356743.5449,5015994.223,-75.83788777,45.28198438,2014-11-05,2:03,01 - Clear,02 - Wet,10 - No control,01 - Non intersection,07 - Dark,03 - P.D. only,07 - SMV other,Greenbelt
14211,CAMPEAU DR/HWY 417 MARCH IC138R63 @ MARCH RD,352843.1401,5020476.467,-75.88716797,45.32259404,2014-11-05,10:17,01 - Clear,01 - Dry,01 - Traffic signal,02 - Intersection related,01 - Daylight,03 - P.D. only,03 - Rear end,Greenbelt
14212,KING EDWARD AVE @ SUSSEX DR,367661.8723,5033505.332,-75.69649972,45.43865382,2014-01-27,14:35,06 - Strong wind,06 - Ice,01 - Traffic signal,02 - Intersection related,01 - Daylight,03 - P.D. only,03 - Rear end,Byward Market - Parliament Hill
14213,OTTAWA RIVER PKWY WB btwn TUNNEY'S PASTURE/REMIC RAPIDS ENT & PARKDALE,364207.5348,5030182.323,-75.7410498,45.40905621,2014-01-29,14:20,03 - Snow,02 - Wet,10 - No control,01 - Non intersection,01 - Daylight,03 - P.D. only,03 - Rear end,Island Park
14214,OTTAWA RIVER PKWY @ VIMY PLACE PRIV,365975.0188,5030798.541,-75.71839523,45.41444852,2014-02-03,16:25,01 - Clear,02 - Wet,01 - Traffic signal,02 - Intersection related,01 - Daylight,03 - P.D. only,03 - Rear end,LeBreton Flats
14215,INDUSTRIAL AVE @ ALTA VISTA DR/SANDFORD FLEMIN,370885.7339,5030557.368,-75.65569224,45.41183201,2014-07-17,15:16,01 - Clear,01 - Dry,01 - Traffic signal,02 - Intersection related,01 - Daylight,03 - P.D. only,03 - Rear end,Industrial Park
14216,MCCORMICK ST @ WELLINGTON ST,365312.9986,5029380.344,-75.72702685,45.40174549,2014-11-07,9:39,02 - Rain,02 - Wet,02 - Stop sign,03 - At intersection,01 - Daylight,03 - P.D. only,05 - Turning movement,Civi
14217,RICHMOND RD @ HOLLY ACRES RD/NANAIMO DR,359058.3686,5022748.496,-75.80764374,45.34258498,2014-11-30,16:13,01 - Clear,01 - Dry,01 - Traffic signal,03 - At intersection,01 - Daylight,03 - P.D. only,04 - Sideswipe,Greenbelt
14218,CHAMPLAIN BRIDGE/ISLAND PARK DR btwn BATE ISLAND & OTTAWA RIVER PKWY,363144.7761,5029569.953,-75.75469818,45.40363562,2014-02-05,6:55,01 - Clear,02 - Wet,10 - No control,01 - Non intersection,03 - Dawn,03 - P.D. only,03 - Rear end,Westboro
14219,IONA ST @ ISLAND PARK DR,364349.7044,5028385.075,-75.73945071,45.39287286,2014-02-06,18:23,01 - Clear,01 - Dry,01 - Traffic signal,03 - At intersection,07 - Dark,03 - P.D. only,02 - Angle,Westboro
14220,COLONEL BY DR btwn N.D.H.Q. & OTTAWA UNIV. PED. XING,368718.3061,5031501.602,-75.68325783,45.42052921,2014-02-08,13:48,01 - Clear,01 - Dry,10 - No control,01 - Non intersection,01 - Daylight,03 - P.D. only,03 - Rear end,Sandy Hill
14221,COLONEL BY DR btwn HAWTHORNE AVE & MAIN ST,368848.3023,5030893.197,-75.68167601,45.41504311,2014-02-09,23:00,03 - Snow,03 - Loose snow,10 - No control,01 - Non intersection,07 - Dark,03 - P.D. only,07 - SMV other,Old Ottawa East
14222,SIMARD DR btwn CHAPEL PARK PRIV & BROUSSEAU CRES,381443.1843,5035073.646,-75.52012633,45.45138941,2014-07-26,12:30,01 - Clear,01 - Dry,10 - No control,01 - Non intersection,01 - Daylight,03 - P.D. only,04 - Sideswipe,Orleans Village - Chateauneuf