Record,Location,X,Y,lon,lat,Date,Time,Environment,Road_Surface,Traffic_Control,Collision_Location,Light,Collision_Classification,Impact_type,Neighborhood
14223,MEADOWLANDS DR btwn CHESTERTON DR & TIVERTON DR,365200.9896,5024331.852,-75.72907507,45.35632979,2014-08-04,17:00,01 - Clear,01 - Dry,10 - No control,04 - At/near private drive,01 - Daylight,03 - P.D. only,05 - Turning movement,Borden Farm - Stewart Farm - Parkwood Hills - Fisher Glen
14224,OTTAWA RIVER PKWY @ ISLAND PARK DR,363297.7452,5029454.038,-75.75275805,45.40257987,2014-02-12,8:07,01 - Clear,01 - Dry,01 - Traffic signal,02 - Intersection related,01 - Daylight,03 - P.D. only,03 - Rear end,Westboro
14225,OTTAWA RIVER PKWY @ ISLAND PARK DR,363297.7452,5029455.939,-75.75275783,45.40259698,2014-02-12,8:55,01 - Clear,99 - Other,01 - Traffic signal,02 - Intersection related,01 - Daylight,03 - P.D. only,03 - Rear end,Westboro
14226,INNES RD/PRESTWICK DR @ LANTHIER DR,383539.8958,5035989.199,-75.49317766,45.45939366,2014-06-12,10:32,01 - Clear,02 - Wet,01 - Traffic signal,03 - At intersection,01 - Daylight,03 - P.D. only,03 - Rear end,Queenswood Heights
14227,INNES RD @ 215 W OF CYRVILLE RD/HOME DEPOT W,374865.1084,5031000.485,-75.60479504,45.41543185,2014-06-23,17:43,01 - Clear,01 - Dry,01 - Traffic signal,02 - Intersection related,01 - Daylight,03 - P.D. only,03 - Rear end,Industrial Park
14228,HAZELDEAN RD btwn JOHNWOODS ST & SAVAGE DR,350193.337,5015402.711,-75.92143125,45.27711526,2014-06-28,12:51,01 - Clear,01 - Dry,10 - No control,01 - Non intersection,01 - Daylight,03 - P.D. only,03 - Rear end,Stittsville
14229,CENTRAL PARK DR N @ MERIVALE RD,364953.8678,5025873.106,-75.73204129,45.37021899,2014-10-03,12:30,01 - Clear,01 - Dry,01 - Traffic signal,02 - Intersection related,01 - Daylight,03 - P.D. only,03 - Rear end,Civic Hospital - Experimental Farm - Central Park
14230,VANIER PKWY SB btwn HWY417 IC117 RAMP36 & TO BE DETERMINED,370770.3831,5031459.343,-75.65704505,45.41995849,2014-11-28,2:42,01 - Clear,01 - Dry,10 - No control,01 - Non intersection,07 - Dark,03 - P.D. only,03 - Rear end,Overbrook
14231,AVIATION PKWY @ MONTREAL RD,372146.7166,5034108.836,-75.63909816,45.44366624,2014-12-04,13:22,01 - Clear,01 - Dry,01 - Traffic signal,02 - Intersection related,01 - Daylight,03 - P.D. only,03 - Rear end,Cummings
14232,HERON RD @ JEFFERSON ST,371808.7253,5027053.302,-75.64437743,45.38021607,2014-11-28,17:05,01 - Clear,01 - Dry,01 - Traffic signal,03 - At intersection,07 - Dark,03 - P.D. only,05 - Turning movement,Ledbury - Heron Gate - Ridgemont - Elmwood
14233,DALHOUSIE ST btwn YORK ST & GEORGE ST,368156.0245,5032319.619,-75.69033668,45.42794059,2014-12-19,2:37,01 - Clear,01 - Dry,10 - No control,01 - Non intersection,07 - Dark,03 - P.D. only,03 - Rear end,Byward Market
14234,MARCH VALLEY RD @ TERRY FOX DR,350755.0762,5023784.259,-75.9134944,45.35249808,2014-12-22,12:04,01 - Clear,01 - Dry,02 - Stop sign,03 - At intersection,01 - Daylight,03 - P.D. only,02 - Angle,South March
14235,BREWER RD @ BRONSON AVE,368109.7823,5027765.311,-75.6915124,45.38696656,2014-12-26,5:55,01 - Clear,01 - Dry,01 - Traffic signal,02 - Intersection related,07 - Dark,03 - P.D. only,07 - SMV other,Carleto
14236,HUNTERSWOOD CRES btwn FOLKWAY GT (2) & HUNTERSWOOD CRES,375061.3304,5026730.867,-75.60289638,45.37699631,2014-10-19,23:18,01 - Clear,01 - Dry,10 - No control,01 - Non intersection,07 - Dark,03 - P.D. only,06 - SMV unattended vehicle,Industrial Park
14237,FLORENCE ST btwn LYON ST N & KENT ST,367686.2134,5030515.722,-75.69657031,45.41175211,2014-12-17,9:50,01 - Clear,01 - Dry,10 - No control,01 - Non intersection,01 - Daylight,03 - P.D. only,06 - SMV unattended vehicle,Centretown
14238,MCLEOD ST btwn LYON ST N & KENT ST,367738.7685,5030358.724,-75.69591898,45.41033477,2014-12-12,14:31,01 - Clear,05 - Packed snow,10 - No control,01 - Non intersection,01 - Daylight,03 - P.D. only,06 - SMV unattended vehicle,Centretown
14239,GRASSY PLAINS DR btwn FARMFIELD CRES & STONEHAVEN DR,356144.8152,5015927.676,-75.84552602,45.28142956,2014-12-19,12:40,01 - Clear,01 - Dry,10 - No control,01 - Non intersection,01 - Daylight,03 - P.D. only,06 - SMV unattended vehicle,Bridlewood - Emerald Meadows
14240,TERRY FOX DR btwn HUNTSVILLE DR & RICHARDSON SIDE RD,347868.3739,5020968.188,-75.95057956,45.32734154,2014-02-14,9:08,03 - Snow,03 - Loose snow,10 - No control,01 - Non intersection,01 - Daylight,02 - Non-fatal injury,01 - Approaching,Kanata Lakes - Marchwood Lakeside - Morgan's Grant - Kanata
14241,GLYNN AVE btwn EDITH AVE & LOLA ST,371007.6884,5032175.577,-75.65391689,45.42638044,2014-12-24,17:26,01 - Clear,01 - Dry,10 - No control,01 - Non intersection,07 - Dark,03 - P.D. only,06 - SMV unattended vehicle,Overbrook
14242,CARLETON AVE btwn SUNNYMEDE AVE & PREMIER AVE,364065.2475,5029331.032,-75.74296973,45.40140853,2014-12-26,12:30,01 - Clear,02 - Wet,10 - No control,01 - Non intersection,01 - Daylight,03 - P.D. only,06 - SMV unattended vehicle,Champlain Park
14243,IPSWICH TER btwn BEACON WAY & FLAMBOROUGH WAY,349261.1441,5023053.57,-75.93262558,45.34601948,2014-12-29,9:42,02 - Rain,02 - Wet,10 - No control,01 - Non intersection,01 - Daylight,03 - P.D. only,06 - SMV unattended vehicle,Morgan's Grant
14244,LAURIER AVE   E btwn MARLBOROUGH AVE & RANGE RD,369356.7056,5032409.582,-75.67498227,45.42864026,2014-12-14,9:00,01 - Clear,02 - Wet,10 - No control,01 - Non intersection,01 - Daylight,03 - P.D. only,06 - SMV unattended vehicle,Sandy Hill
14245,LAVAL ST btwn CHARLEVOIX ST & LOYER ST,369322.6854,5033484.418,-75.67527614,45.43831435,2014-12-20,18:00,01 - Clear,01 - Dry,10 - No control,01 - Non intersection,07 - Dark,03 - P.D. only,06 - SMV unattended vehicle,Vanier North
14246,FIELDGATE DR btwn GROUSE AVE & WOLFGANG DR (2),363533.1869,5016690.708,-75.75126634,45.28771688,2014-10-24,16:40,01 - Clear,01 - Dry,10 - No control,01 - Non intersection,05 - Dusk,03 - P.D. only,06 - SMV unattended vehicle,New Barrhaven
14247,RICHMOND RD btwn CHURCHILL AVE N & WINONA AVE,363261.2701,5028314.85,-75.75335895,45.3923327,2014-12-19,9:30,01 - Clear,05 - Packed snow,10 - No control,01 - Non intersection,01 - Daylight,03 - P.D. only,06 - SMV unattended vehicle,Westboro
14248,TRIOLE ST btwn MICHAEL ST & TREMBLAY RD,372675.9284,5031358.49,-75.63271308,45.41886879,2014-10-27,7:40,01 - Clear,01 - Dry,10 - No control,01 - Non intersection,01 - Daylight,03 - P.D. only,06 - SMV unattended vehicle,Industrial Park
14249,ST. ANDREW ST btwn ROSE ST & ST. PATRICK ST,368354.6067,5033075.619,-75.68770156,45.43472479,2014-10-22,9:35,01 - Clear,01 - Dry,10 - No control,01 - Non intersection,01 - Daylight,03 - P.D. only,06 - SMV unattended vehicle,Lower Town
14250,OLD ST. PATRICK ST btwn BEAUSOLEIL DR & END,368492.7945,5032969.574,-75.68594927,45.43375807,2014-11-14,10:57,01 - Clear,01 - Dry,10 - No control,01 - Non intersection,01 - Daylight,03 - P.D. only,06 - SMV unattended vehicle,Lower Town
14251,RUSKIN ST btwn HAMILTON AVE S & PARKDALE AVE,365487.7499,5028444.431,-75.72490999,45.39330923,2014-12-22,9:07,01 - Clear,01 - Dry,10 - No control,01 - Non intersection,01 - Daylight,03 - P.D. only,06 - SMV unattended vehicle,Civic Hospital - Experimental Farm - Central Park
14252,GEORGE ST btwn DALHOUSIE ST & CUMBERLAND ST,368276.3371,5032387.484,-75.68879054,45.42854031,2014-09-19,14:00,01 - Clear,01 - Dry,10 - No control,01 - Non intersection,01 - Daylight,03 - P.D. only,06 - SMV unattended vehicle,Byward Market
14253,CANADIAN SHIELD AVE btwn GREAT LAKES AVE & MARITIME WAY,351826.4262,5019706.903,-75.90020938,45.31573818,2014-12-21,15:53,01 - Clear,01 - Dry,10 - No control,01 - Non intersection,01 - Daylight,03 - P.D. only,06 - SMV unattended vehicle,Kanata
14254,BEATRICE DR @ CLEARBROOK DR/NO NAME,365482.2887,5015087.251,-75.72661738,45.27312345,2014-12-18,8:05,03 - Snow,03 - Loose snow,02 - Stop sign,03 - At intersection,01 - Daylight,03 - P.D. only,02 - Angle,New Barrhaven
14255,HUNT CLUB RD @ RIVERSIDE DR,368036.703,5021945.023,-75.69319026,45.3346036,2014-12-17,17:15,02 - Rain,02 - Wet,01 - Traffic signal,02 - Intersection related,07 - Dark,03 - P.D. only,03 - Rear end,Hunt Club Woods - Quintarra - Revelstoke - Riverside South P
14256,WILHAVEN DR btwn DUNNING RD & SARSFIELD RD,392488.3466,5040930.499,-75.37789534,45.50278349,2014-11-26,16:17,01 - Clear,01 - Dry,10 - No control,01 - Non intersection,01 - Daylight,03 - P.D. only,07 - SMV other,Cumberland - Estates
14257,ALBERT ST @ BANK ST,367386.6462,5031423.099,-75.70028195,45.41994327,2014-11-27,12:00,01 - Clear,01 - Dry,01 - Traffic signal,02 - Intersection related,01 - Daylight,03 - P.D. only,02 - Angle,Downtown
14258,MARCH RD btwn HALTON TERR/MAXWELL BRIDGE RD & KLONDIKE RD,348581.7414,5024809.418,-75.94113962,45.36186176,2014-12-18,21:15,01 - Clear,01 - Dry,10 - No control,01 - Non intersection,07 - Dark,03 - P.D. only,07 - SMV other,Carp - Hardwood Plains
14259,DRIVEWAY (THE) @ PRINCE OF WALES DR,366883.6317,5028137.698,-75.7071224,45.39042696,2014-12-19,13:03,02 - Rain,02 - Wet,03 - Yield sign,02 - Intersection related,01 - Daylight,03 - P.D. only,03 - Rear end,Civic Hospital - Experimental Farm - Central Park
14260,INNES RD btwn JEANNE D'ARC BLVD S & WILDFLOWER DR,382731.8154,5035607.934,-75.50356917,45.45605397,2014-12-22,16:47,01 - Clear,01 - Dry,10 - No control,01 - Non intersection,05 - Dusk,03 - P.D. only,03 - Rear end,Queenswood Heights
14261,INNES RD @ STONEHENGE CRES E,375365.6427,5031314.978,-75.5983556,45.41821118,2014-12-29,9:46,01 - Clear,01 - Dry,01 - Traffic signal,02 - Intersection related,01 - Daylight,03 - P.D. only,04 - Sideswipe,Greenbelt
14262,TERRY FOX DR btwn OLD SECOND LINE RD & STATEWOOD DR,348868.5065,5022476.459,-75.93768725,45.34085127,2014-02-06,8:31,01 - Clear,02 - Wet,10 - No control,01 - Non intersection,01 - Daylight,03 - P.D. only,03 - Rear end,South March
14263,HOLLAND AVE @ SPENCER ST,364832.7012,5029372.081,-75.73316246,45.40171249,2014-10-09,17:45,01 - Clear,02 - Wet,01 - Traffic signal,03 - At intersection,05 - Dusk,03 - P.D. only,05 - Turning movement,Island Park
14264,HAWTHORNE RD @ LEITRIM RD,377038.3473,5022707.072,-75.57824493,45.34059121,2014-11-26,19:06,01 - Clear,01 - Dry,01 - Traffic signal,03 - At intersection,07 - Dark,03 - P.D. only,02 - Angle,Greenbelt
14265,CONCORD ST @ LEES AVE,369247.6969,5030701.627,-75.67659865,45.41328276,2014-10-02,11:28,01 - Clear,01 - Dry,02 - Stop sign,03 - At intersection,01 - Daylight,03 - P.D. only,02 - Angle,Old Ottawa East
14266,WOODROFFE AVE @ HWY 417 WOODROFF IC127R26/HWY4,362082.6869,5024941.893,-75.76880132,45.36208058,2014-12-24,12:58,03 - Snow,02 - Wet,01 - Traffic signal,02 - Intersection related,01 - Daylight,03 - P.D. only,03 - Rear end,Whitehaven - Queensway Terrace North
14267,BANK ST @ HUNT CLUB RD,371607.7864,5024096.981,-75.64734265,45.35363533,2014-12-24,13:47,02 - Rain,02 - Wet,01 - Traffic signal,02 - Intersection related,01 - Daylight,03 - P.D. only,99 - Other,South Keys - Heron Gate - Greenboro West
14268,BRONSON AVE @ IMPERIAL AVE/PLYMOUTH ST,367321.5537,5029643.077,-75.70133939,45.40393299,2014-12-18,20:05,01 - Clear,01 - Dry,10 - No control,03 - At intersection,07 - Dark,03 - P.D. only,05 - Turning movement,The Glebe
14269,KATHLEEN CRES btwn FOREST CREEK DR & RANDALL JAMES DR,351049.7188,5014495.876,-75.91060114,45.26889945,2014-12-29,14:30,01 - Clear,01 - Dry,10 - No control,04 - At/near private drive,01 - Daylight,03 - P.D. only,06 - SMV unattended vehicle,Stittsville
14270,GREENBANK RD @ LISA AVE,360553.725,5022894.917,-75.78854741,45.34378522,2014-12-15,17:27,01 - Clear,02 - Wet,01 - Traffic signal,03 - At intersection,07 - Dark,03 - P.D. only,05 - Turning movement,Iris
14271,NAVAN RD @ PAGE RD,381661.6602,5032772.925,-75.51769287,45.43066536,2014-12-16,6:00,01 - Clear,01 - Dry,02 - Stop sign,03 - At intersection,07 - Dark,03 - P.D. only,02 - Angle,Chapel Hill South
14272,BLEEKS RD btwn BUTTERFIELD RD & CONLEY RD,349605.3192,5003565.122,-75.92999106,45.17063332,2014-12-24,10:15,04 - Freezing Rain,06 - Ice,10 - No control,01 - Non intersection,01 - Daylight,03 - P.D. only,07 - SMV other,Munster Hamlet - Richmond
14273,NORICE ST btwn VIEWMOUNT DR & MALCOLM PL,364076.6438,5022946.496,-75.74359039,45.34396047,2014-12-18,8:28,01 - Clear,05 - Packed snow,10 - No control,04 - At/near private drive,01 - Daylight,03 - P.D. only,02 - Angle,Crestview - Meadowlands
14274,MACKENZIE AVE @ RIDEAU ST,367870.2062,5032010.341,-75.69402856,45.42518365,2014-12-18,8:37,03 - Snow,02 - Wet,01 - Traffic signal,03 - At intersection,01 - Daylight,03 - P.D. only,02 - Angle,Byward Market - Parliament Hill
14275,DUNNING RD btwn WILHAVEN DR & INNES RD,391066.6957,5040740.626,-75.39611747,45.5012525,2014-12-10,8:49,03 - Snow,06 - Ice,10 - No control,04 - At/near private drive,01 - Daylight,03 - P.D. only,03 - Rear end,Cumberland - Estates
14276,REGIONAL RD 174 EB @ OR174 IC109 RAMP55,376460.1723,5034962.363,-75.58384126,45.45091687,2014-12-10,19:53,03 - Snow,03 - Loose snow,10 - No control,02 - Intersection related,07 - Dark,03 - P.D. only,04 - Sideswipe,Greenbelt
14277,LAURIER AVE   W btwn BANK ST & O'CONNOR ST,367610.8798,5031346.464,-75.69742679,45.41923363,2014-12-19,11:15,01 - Clear,01 - Dry,10 - No control,01 - Non intersection,01 - Daylight,03 - P.D. only,01 - Approaching,Downtown
14278,HOCHELAGA ST @ MONTREAL RD,372970.2167,5034468.358,-75.62852266,45.44682121,2014-12-19,13:11,01 - Clear,01 - Dry,02 - Stop sign,02 - Intersection related,01 - Daylight,03 - P.D. only,03 - Rear end,Carson Grove - Carson Meadows
14279,HWY 417 WOODROFF IC127R62 @ WOODROFFE AVE,362050.3829,5025020.753,-75.7692045,45.3627928,2014-12-23,12:19,01 - Clear,02 - Wet,03 - Yield sign,02 - Intersection related,01 - Daylight,03 - P.D. only,03 - Rear end,Whitehaven - Queensway Terrace North
14280,INNES RD @ TENTH LINE RD,383952.7104,5036157.186,-75.48787291,45.46085841,2014-12-24,12:06,02 - Rain,02 - Wet,01 - Traffic signal,02 - Intersection related,01 - Daylight,03 - P.D. only,03 - Rear end,Queenswood Heights
14281,BANK ST @ SLATER ST,367425.6525,5031355.052,-75.69979223,45.41932751,2014-12-27,1:33,01 - Clear,01 - Dry,01 - Traffic signal,02 - Intersection related,07 - Dark,03 - P.D. only,99 - Other,Downtown
14282,210 W OF MERIVALE RD @ WEST HUNT CLUB RD,365431.0949,5021831.255,-75.72644491,45.33380991,2014-12-28,22:24,01 - Clear,01 - Dry,01 - Traffic signal,03 - At intersection,07 - Dark,03 - P.D. only,05 - Turning movement,Tanglewood
14283,MONTREAL RD btwn AVIATION PKWY & DEN HAAG DR (2),372380.0672,5034216.358,-75.63610079,45.44461115,2014-09-02,15:41,02 - Rain,02 - Wet,10 - No control,01 - Non intersection,01 - Daylight,03 - P.D. only,03 - Rear end,Carson Grove - Carson Meadows
14284,ISABELLA ST/HWY417 IC119AR75 @ METCALFE ST,368451.5569,5030400.04,-75.68680826,45.41064205,2014-11-28,11:59,01 - Clear,01 - Dry,01 - Traffic signal,02 - Intersection related,01 - Daylight,03 - P.D. only,03 - Rear end,The Glebe
14285,KING EDWARD AVE @ RIDEAU ST,368513.6074,5032414.064,-75.68575516,45.42875789,2014-10-09,16:58,01 - Clear,01 - Dry,01 - Traffic signal,02 - Intersection related,01 - Daylight,03 - P.D. only,04 - Sideswipe,Lowe
14286,FISHER AVE @ DEER PARK RD/DYNES RD,366407.7095,5025456.953,-75.71353435,45.36634824,2014-10-21,9:55,02 - Rain,02 - Wet,01 - Traffic signal,02 - Intersection related,01 - Daylight,03 - P.D. only,03 - Rear end,Carleton Heights - Rideauview
14287,STITTSVILLE MAIN ST btwn CARP RD & RAVENSCROFT CRT,349530.4868,5014307.876,-75.92997793,45.26730603,2014-12-24,11:20,02 - Rain,02 - Wet,10 - No control,04 - At/near private drive,01 - Daylight,03 - P.D. only,02 - Angle,Stittsville
14288,CONROY RD @ THURSTON DR,373203.5804,5026793.992,-75.62660476,45.37774811,2014-12-19,15:11,01 - Clear,01 - Dry,01 - Traffic signal,03 - At intersection,01 - Daylight,03 - P.D. only,03 - Rear end,Industrial Park
14289,MONTREAL RD btwn BRUNEL ST & FOXVIEW PL,372893.2837,5034438.011,-75.62951025,45.44655566,2014-12-19,15:21,01 - Clear,01 - Dry,10 - No control,01 - Non intersection,01 - Daylight,03 - P.D. only,04 - Sideswipe,Carson Grove - Carson Meadows
14290,OGILVIE RD @ CITY PARK DR E/CSIS HQ ACCESS,374189.6783,5033012.002,-75.61314044,45.43359773,2014-12-30,13:13,01 - Clear,01 - Dry,01 - Traffic signal,02 - Intersection related,01 - Daylight,03 - P.D. only,03 - Rear end,Industrial Park
14291,KING EDWARD AVE @ LAURIER AVE,368738.7571,5032035.058,-75.6829273,45.42532719,2014-12-30,16:35,01 - Clear,01 - Dry,01 - Traffic signal,03 - At intersection,05 - Dusk,03 - P.D. only,02 - Angle,Sandy Hill
14292,DUNROBIN RD btwn MURPHY SIDE RD & LILLIAN WAY,345385.8283,5028057.899,-75.98166573,45.39128475,2014-12-16,18:02,04 - Freezing Rain,04 - Slush,10 - No control,01 - Non intersection,07 - Dark,03 - P.D. only,07 - SMV other,Carp - Hardwood Plains
14293,KANATA AVE btwn EARL GREY DR & MARITIME WAY,351197.7998,5019316.379,-75.90826323,45.31226597,2014-12-16,18:29,04 - Freezing Rain,04 - Slush,10 - No control,01 - Non intersection,07 - Dark,03 - P.D. only,03 - Rear end,Kanata
14294,BRONSON AVE btwn RENFREW AVE & POWELL AVE,367366.9763,5029530.896,-75.70077344,45.40291955,2014-09-24,10:01,01 - Clear,01 - Dry,10 - No control,04 - At/near private drive,01 - Daylight,03 - P.D. only,02 - Angle,The Glebe
14295,RIDEAU ST @ 88 W OF WILLIAM ST/FREIMAN MALL,368023.7243,5032108.679,-75.69205433,45.4260546,2014-10-04,1:47,01 - Clear,01 - Dry,01 - Traffic signal,02 - Intersection related,07 - Dark,03 - P.D. only,07 - SMV other,Byward Market - Parliament Hill
14296,CYRVILLE RD @ ST. LAURENT BLVD,372242.6709,5032111.105,-75.63814537,45.42568237,2014-12-15,9:00,01 - Clear,01 - Dry,01 - Traffic signal,02 - Intersection related,01 - Daylight,03 - P.D. only,03 - Rear end,Overbrook
14297,JOHN QUINN RD btwn STONE SCHOOL RD & BANK ST,383141.3042,5011569.331,-75.50214205,45.23972557,2014-12-13,6:24,01 - Clear,01 - Dry,10 - No control,01 - Non intersection,07 - Dark,03 - P.D. only,07 - SMV other,Osgoode
14298,CENTURY RD    W btwn THIRD LINE RD N & WILLIAM MCEWEN DR,364761.3898,5005583.619,-75.73694941,45.18767103,2014-12-13,10:30,01 - Clear,01 - Dry,10 - No control,01 - Non intersection,01 - Daylight,03 - P.D. only,07 - SMV other,Manotick - North Gower
14299,TERRY FOX DR @ PALLADIUM DR/KATIMAVIK RD,351268.7679,5018180.35,-75.9074647,45.30203899,2014-12-19,12:30,01 - Clear,01 - Dry,01 - Traffic signal,02 - Intersection related,01 - Daylight,03 - P.D. only,03 - Rear end,Katimavik - Hazeldean
14300,KIRKWOOD AVE N @ CARLING AVE,364274.7421,5027494.009,-75.7405154,45.38486158,2014-12-19,13:40,01 - Clear,01 - Dry,01 - Traffic signal,02 - Intersection related,01 - Daylight,03 - P.D. only,03 - Rear end,Westboro
14301,TERRY FOX DR @ HALKIRK AVE/WINCHESTER DR,352511.8929,5016868.582,-75.89174038,45.29015204,2014-12-24,14:21,02 - Rain,02 - Wet,01 - Traffic signal,02 - Intersection related,01 - Daylight,03 - P.D. only,03 - Rear end,Glen Cairn - Kanata South Business Park
14302,ALTA VISTA DR btwn PLEASANT PARK RD & MOUNTBATTEN AVE,370364.773,5028453.771,-75.66262697,45.39295363,2014-12-24,15:39,02 - Rain,02 - Wet,10 - No control,01 - Non intersection,01 - Daylight,03 - P.D. only,04 - Sideswipe,Alta Vista
14303,DONALD ST @ ST. LAURENT BLVD,372091.8127,5032472.11,-75.64002366,45.42894505,2014-10-26,13:11,01 - Clear,01 - Dry,01 - Traffic signal,02 - Intersection related,01 - Daylight,03 - P.D. only,03 - Rear end,Overbrook
14304,TENTH LINE RD @ CHARLEMAGNE BLVD N/TOMPKINS AV,383183.9299,5037977.407,-75.49741147,45.47732181,2014-09-02,19:28,02 - Rain,02 - Wet,01 - Traffic signal,02 - Intersection related,07 - Dark,03 - P.D. only,03 - Rear end,Queenswood Heights
14305,PRINCE OF WALES DR @ MERIVALE RD,367450.6614,5017615.986,-75.70121403,45.29570414,2014-11-28,16:30,01 - Clear,01 - Dry,01 - Traffic signal,02 - Intersection related,05 - Dusk,03 - P.D. only,03 - Rear end,Greenbelt
14306,GREENBANK RD @ LISA AVE,360555.6252,5022893.967,-75.78852327,45.34377652,2014-10-22,9:30,01 - Clear,01 - Dry,01 - Traffic signal,02 - Intersection related,01 - Daylight,03 - P.D. only,04 - Sideswipe,Iris
14307,COVENTRY RD btwn BELFAST RD & ST. LAURENT SC WEST,371916.1187,5031699.498,-75.64237402,45.42201033,2014-10-24,14:33,01 - Clear,01 - Dry,10 - No control,01 - Non intersection,01 - Daylight,03 - P.D. only,03 - Rear end,Overbrook
14308,BASELINE RD @ CLYDE AVE,364359.6534,5024890.038,-75.7397452,45.36142424,2014-12-25,15:09,01 - Clear,01 - Dry,01 - Traffic signal,03 - At intersection,01 - Daylight,03 - P.D. only,05 - Turning movement,Braemar Park - Bel Air Heights - Copeland Park
14309,HUDSON AVE btwn LEXINGTON ST & MORLEY BLVD,366646.4634,5025948.496,-75.71042525,45.37075001,2014-12-17,17:00,01 - Clear,06 - Ice,10 - No control,04 - At/near private drive,07 - Dark,03 - P.D. only,06 - SMV unattended vehicle,Civic Hospital - Experimental Farm - Central Park
14310,TILLSONBURG ST btwn GUELPH PRIV & WALLACEBURG CRT,349095.1086,5019473.742,-75.9350646,45.31381775,2014-11-04,11:45,01 - Clear,01 - Dry,10 - No control,04 - At/near private drive,01 - Daylight,03 - P.D. only,06 - SMV unattended vehicle,Kanata Lakes - Marchwood Lakeside - Morgan's Grant - Kanata
14311,BANK ST @ HERON RD,369996.6701,5026850.117,-75.66753959,45.37855885,2014-12-30,16:30,01 - Clear,01 - Dry,01 - Traffic signal,02 - Intersection related,05 - Dusk,03 - P.D. only,04 - Sideswipe,Alta Vista
14312,SAUNDERSON DR @ HAMLET RD,372847.6768,5029244.978,-75.63081055,45.39983569,2014-12-30,18:25,01 - Clear,01 - Dry,02 - Stop sign,03 - At intersection,07 - Dark,03 - P.D. only,02 - Angle,Elmvale - Eastway - Riverview - Riverview Park West
14313,BANK ST btwn SOUTHKEYS SC & CAHILL DR/DAZE ST,371155.7461,5024457.82,-75.6530629,45.35692497,2014-12-17,11:26,04 - Freezing Rain,04 - Slush,10 - No control,01 - Non intersection,01 - Daylight,03 - P.D. only,03 - Rear end,South Keys - Heron Gate - Greenboro West
14314,CATHERINE ST btwn BAY ST & HWY417 IC120B RAMP36,367695.1779,5030061.163,-75.69651379,45.40766133,2014-12-17,12:22,02 - Rain,02 - Wet,10 - No control,01 - Non intersection,01 - Daylight,03 - P.D. only,04 - Sideswipe,Centretown
14315,CHAPMAN MILLS DR @ BEATRICE DR,365540.4203,5014925.805,-75.72589632,45.27166575,2014-10-17,7:30,01 - Clear,01 - Dry,01 - Traffic signal,02 - Intersection related,01 - Daylight,03 - P.D. only,03 - Rear end,New Barrhaven
14316,BELFAST RD btwn TRAINYARDS DR & ST. LAURENT BLVD,372656.4149,5030550.932,-75.63307358,45.41160465,2014-12-18,9:59,01 - Clear,02 - Wet,10 - No control,01 - Non intersection,01 - Daylight,03 - P.D. only,05 - Turning movement,Industrial Park
14317,MARKETPLACE AVE btwn GREENBANK RD & TRANSITWAY SOUTHWEST,364178.4219,5014696.471,-75.74328014,45.26971852,2014-12-18,17:07,01 - Clear,01 - Dry,10 - No control,01 - Non intersection,07 - Dark,03 - P.D. only,99 - Other,New Barrhaven
14318,HOLLAND AVE btwn WELLINGTON ST W & BYRON AVE,364981.8359,5029033.443,-75.73129896,45.3986527,2014-12-16,15:27,04 - Freezing Rain,02 - Wet,10 - No control,04 - At/near private drive,01 - Daylight,03 - P.D. only,02 - Angle,Island Park
14319,CARLING AVE WB btwn HIGHLAND AVE & COLE AVE,363499.788,5026838.666,-75.75048853,45.37903027,2014-12-17,16:45,02 - Rain,02 - Wet,10 - No control,01 - Non intersection,05 - Dusk,03 - P.D. only,04 - Sideswipe,Carlingwood - McKellar Park - Laurentien View
14320,EDGAR BRAULT ST @ ST. JOSEPH BLVD,381419.7408,5037547.842,-75.52004039,45.47365276,2014-12-19,13:46,01 - Clear,02 - Wet,01 - Traffic signal,03 - At intersection,01 - Daylight,03 - P.D. only,02 - Angle,Industrial Park
14321,DONALD ST @ ST. LAURENT BLVD,372092.7628,5032472.11,-75.64001152,45.42894496,2014-12-19,13:59,01 - Clear,01 - Dry,01 - Traffic signal,02 - Intersection related,01 - Daylight,03 - P.D. only,04 - Sideswipe,Overbrook
14322,WATERFERN WAY btwn ESPRIT DR & STORMWIND AVE,385571.0077,5035144.559,-75.46734938,45.45156255,2014-06-28,20:41,01 - Clear,01 - Dry,10 - No control,04 - At/near private drive,05 - Dusk,03 - P.D. only,06 - SMV unattended vehicle,Avalon
14323,FALLOWFIELD RD @ STEEPLE HILL CRES,358400.3941,5013997.04,-75.81698539,45.26388904,2014-12-26,15:48,01 - Clear,01 - Dry,02 - Stop sign,03 - At intersection,01 - Daylight,03 - P.D. only,05 - Turning movement,Munster Hamlet - Richmond
14324,BANK ST btwn CAHILL DR & TURN LANE (1),371381.8744,5024241.193,-75.65020619,45.35495439,2014-10-30,18:34,01 - Clear,01 - Dry,10 - No control,01 - Non intersection,07 - Dark,03 - P.D. only,03 - Rear end,South Keys - Heron Gate - Greenboro West