Record,Location,X,Y,lon,lat,Date,Time,Environment,Road_Surface,Traffic_Control,Collision_Location,Light,Collision_Classification,Impact_type,Neighborhood
14325,LONGFIELDS DR @ WOODROFFE AVE,365423.0701,5017106.47,-75.72712537,45.29129741,2014-10-30,18:32,01 - Clear,01 - Dry,01 - Traffic signal,02 - Intersection related,07 - Dark,03 - P.D. only,04 - Sideswipe,Greenbelt
14326,CARLING AVE @ KIRKWOOD AVE S,364350.7504,5027336.124,-75.73956392,45.3834345,2014-09-24,8:30,01 - Clear,01 - Dry,01 - Traffic signal,02 - Intersection related,01 - Daylight,03 - P.D. only,05 - Turning movement,Carlington
14327,MARCH RD @ TERRY FOX DR,349864.6086,5023398.084,-75.92489369,45.34908099,2014-09-30,20:42,01 - Clear,01 - Dry,01 - Traffic signal,02 - Intersection related,07 - Dark,03 - P.D. only,03 - Rear end,South March
14328,BASELINE RD @ WOODROFFE AVE,362548.7401,5023770.03,-75.76298966,45.35149802,2014-10-02,19:11,01 - Clear,01 - Dry,01 - Traffic signal,02 - Intersection related,07 - Dark,03 - P.D. only,04 - Sideswipe,Iris
14329,BOLTON ST btwn SUSSEX DR & PARENT AVE,367487.0389,5032851.097,-75.69881753,45.43278293,2014-12-04,15:28,01 - Clear,05 - Packed snow,10 - No control,01 - Non intersection,01 - Daylight,03 - P.D. only,04 - Sideswipe,Lower Town
14330,BLACKBURN BYPASS EB btwn 1700 W OF NAVAN RD & NAVAN RD,378785.1267,5032734.959,-75.5544561,45.43063399,2014-12-05,15:49,01 - Clear,01 - Dry,10 - No control,01 - Non intersection,01 - Daylight,03 - P.D. only,03 - Rear end,Greenbelt
14331,BELFAST RD btwn TRAINYARDS DR & ST. LAURENT BLVD,372262.6978,5030713.166,-75.63808088,45.41310242,2014-10-27,22:32,02 - Rain,02 - Wet,10 - No control,01 - Non intersection,07 - Dark,03 - P.D. only,07 - SMV other,Industrial Park
14332,FALAISE RD @ FISHER AVE,366774.9624,5024558.893,-75.70895918,45.35823531,2014-12-25,18:21,01 - Clear,01 - Dry,02 - Stop sign,03 - At intersection,07 - Dark,03 - P.D. only,02 - Angle,Carleton Heights - Rideauview
14333,FOUR SEASONS DR btwn CHESTERTON DR & SCHOLARS CRT,366140.1738,5023860.69,-75.71714741,45.35200882,2014-12-17,19:00,01 - Clear,01 - Dry,10 - No control,04 - At/near private drive,07 - Dark,03 - P.D. only,06 - SMV unattended vehicle,Borden Farm - Stewart Farm - Parkwood Hills - Fisher Glen
14334,FRIENDLY CRES btwn Continuation of FRIENDLY CRES & HARTSMERE DR,351754.8959,5012433.847,-75.90180983,45.25029792,2014-12-20,19:06,01 - Clear,05 - Packed snow,10 - No control,04 - At/near private drive,07 - Dark,03 - P.D. only,06 - SMV unattended vehicle,Stittsville
14335,ALBION RD @ LESTER RD,372693.7931,5022333.921,-75.6337257,45.33766763,2014-12-17,20:48,03 - Snow,04 - Slush,01 - Traffic signal,02 - Intersection related,07 - Dark,03 - P.D. only,03 - Rear end,Greenbelt
14336,WEST HUNT CLUB RD @ ROYDON PL/SUNDERLAND ST,365974.6577,5022171.866,-75.71946847,45.33682751,2014-11-11,7:58,01 - Clear,01 - Dry,01 - Traffic signal,02 - Intersection related,01 - Daylight,03 - P.D. only,03 - Rear end,Industrial Park
14337,DRIVEWAY (THE) @ PRINCE OF WALES DR,366883.6883,5028137.409,-75.70712171,45.39042436,2014-11-21,12:14,01 - Clear,01 - Dry,03 - Yield sign,02 - Intersection related,01 - Daylight,03 - P.D. only,03 - Rear end,Civic Hospital - Experimental Farm - Central Park
14338,RICHARDSON SIDE RD @ TERRY FOX DR,348803.086,5019506.072,-75.93878598,45.31412702,2014-12-18,17:18,01 - Clear,01 - Dry,01 - Traffic signal,03 - At intersection,07 - Dark,03 - P.D. only,05 - Turning movement,Kanata Lakes - Marchwood Lakeside - Morgan's Grant - Kanata
14339,HAWTHORNE RD btwn DAVIDSON RD & LEITRIM RD,376836.0228,5023204.203,-75.58075385,45.34508496,2014-12-18,17:34,01 - Clear,01 - Dry,10 - No control,01 - Non intersection,07 - Dark,03 - P.D. only,07 - SMV other,Greenbelt
14340,ANDERSON RD/WEIR RD @ RENAUD RD,377767.6096,5031506.715,-75.56764037,45.41968994,2014-12-18,0:40,03 - Snow,04 - Slush,02 - Stop sign,02 - Intersection related,07 - Dark,03 - P.D. only,07 - SMV other,Greenbelt
14341,PARKLAND CRES N @ RIVERBROOK RD N,360681.4305,5020820.886,-75.78715212,45.32511293,2014-12-18,11:20,01 - Clear,05 - Packed snow,02 - Stop sign,02 - Intersection related,01 - Daylight,03 - P.D. only,02 - Angle,Sheahan Estates - Trend Village - Arlington Woods
14342,BELFAST RD btwn TRAINYARDS DR & ST. LAURENT BLVD,372322.1702,5030668.562,-75.63732725,45.41269536,2014-12-19,14:28,01 - Clear,01 - Dry,10 - No control,04 - At/near private drive,01 - Daylight,03 - P.D. only,05 - Turning movement,Industrial Park
14343,BASELINE RD/HWY 416 RICHMOND IC75R53 @ RICHMON,358636.0735,5021822.234,-75.81313276,45.33428297,2014-12-26,16:24,01 - Clear,01 - Dry,01 - Traffic signal,03 - At intersection,05 - Dusk,03 - P.D. only,02 - Angle,Greenbelt
14344,REGIONAL ROAD 174 btwn TRANSIT & OR174 IC105 RAMP51,376746.7915,5035459.909,-75.58010459,45.45536402,2014-12-27,6:55,01 - Clear,01 - Dry,10 - No control,01 - Non intersection,07 - Dark,03 - P.D. only,07 - SMV other,Greenbelt
14345,TERRY FOX DR btwn HWY417 IC140 RAMP61 & HWY417 IC140 RAMP16,350828.7351,5018690.803,-75.91302797,45.30666116,2014-10-30,19:00,01 - Clear,01 - Dry,10 - No control,01 - Non intersection,07 - Dark,03 - P.D. only,03 - Rear end,Kanata Lakes - Marchwood Lakeside - Morgan's Grant - Kanata
14346,COLONNADE RD @ COLONNADE RD W,365846.6531,5022793.978,-75.72102478,45.34243633,2014-11-18,16:40,01 - Clear,05 - Packed snow,01 - Traffic signal,02 - Intersection related,05 - Dusk,03 - P.D. only,03 - Rear end,Industrial Park
14347,LAURIER AVE @ NICHOLAS ST,368372.6869,5031796.845,-75.68763558,45.4232172,2014-07-27,6:26,01 - Clear,02 - Wet,01 - Traffic signal,03 - At intersection,01 - Daylight,03 - P.D. only,05 - Turning movement,Sandy Hill
14348,EAGLESON RD @ 146 N OF ABBEYHILL DR/HAZELDEAN ,353773.2915,5018171.58,-75.87553159,45.30178994,2014-11-18,17:52,01 - Clear,01 - Dry,01 - Traffic signal,03 - At intersection,07 - Dark,03 - P.D. only,05 - Turning movement,Glen Cairn - Kanata South Business Park
14349,RIVER MIST RD btwn BRAMBLING WAY & RIVER ROCK AVE,364415.0397,5012518.186,-75.7405263,45.25009824,2014-11-19,9:53,01 - Clear,06 - Ice,10 - No control,01 - Non intersection,01 - Daylight,03 - P.D. only,03 - Rear end,New Barrhaven
14350,RICHMOND RD @ WOODROFFE AVE,361585.8741,5026654.404,-75.77494563,45.37753004,2014-12-21,17:41,01 - Clear,01 - Dry,01 - Traffic signal,02 - Intersection related,07 - Dark,03 - P.D. only,03 - Rear end,Carlingwood - McKellar Park - Laurentien View
14351,INDUSTRIAL AVE @ RIVERSIDE DR,370684.7186,5030594.929,-75.6582551,45.41218892,2014-12-21,17:48,01 - Clear,01 - Dry,01 - Traffic signal,02 - Intersection related,07 - Dark,03 - P.D. only,03 - Rear end,Industrial Park
14352,ST. PATRICK ST btwn DALHOUSIE ST & CUMBERLAND ST,368005.9412,5032670.758,-75.69220942,45.4311136,2014-12-18,10:44,01 - Clear,01 - Dry,10 - No control,04 - At/near private drive,01 - Daylight,03 - P.D. only,05 - Turning movement,Byward Market
14353,RUSSELL RD @ SOUTHVALE CRES S,374457.7389,5028633.069,-75.61033371,45.3941717,2014-12-10,8:33,03 - Snow,04 - Slush,01 - Traffic signal,02 - Intersection related,01 - Daylight,03 - P.D. only,03 - Rear end,Sheffield Glen
14354,STRANDHERD DR @ CEDARVIEW RD/TARTAN DR,362291.2126,5013546.833,-75.76746182,45.2595308,2014-12-18,19:06,01 - Clear,01 - Dry,01 - Traffic signal,03 - At intersection,07 - Dark,03 - P.D. only,05 - Turning movement,New Barrhaven
14355,VANIER PKWY/CRICHTON ST @ BEECHWOOD AVE/ST. PA,369127.1279,5033485.135,-75.67777539,45.43833882,2014-12-18,11:41,01 - Clear,02 - Wet,01 - Traffic signal,02 - Intersection related,01 - Daylight,03 - P.D. only,03 - Rear end,Lindenlea - New Edinburgh
14356,RIDEAU ST @ WALLER ST,368284.6481,5032275.059,-75.68869883,45.427528,2014-12-18,11:47,01 - Clear,01 - Dry,01 - Traffic signal,02 - Intersection related,01 - Daylight,03 - P.D. only,02 - Angle,Byward Market - Parliament Hill
14357,ALBION RD @ LESTER RD,372695.6933,5022332.021,-75.63370172,45.33765035,2014-12-19,17:06,01 - Clear,01 - Dry,01 - Traffic signal,02 - Intersection related,07 - Dark,03 - P.D. only,03 - Rear end,Greenbelt
14358,GLOUCESTER ST @ KENT ST,367358.6514,5031099.047,-75.70068077,45.41703005,2014-12-19,19:51,01 - Clear,01 - Dry,01 - Traffic signal,02 - Intersection related,07 - Dark,03 - P.D. only,04 - Sideswipe,Centretown
14359,PARENT AVE @ ST. PATRICK ST,367822.6524,5032556.118,-75.69456634,45.43009865,2014-12-27,10:48,01 - Clear,01 - Dry,01 - Traffic signal,03 - At intersection,01 - Daylight,03 - P.D. only,05 - Turning movement,Byward Market
14360,BAYSHORE DR @ RICHMOND RD,359372.5548,5023368.511,-75.8035665,45.34813951,2014-12-27,11:10,01 - Clear,01 - Dry,01 - Traffic signal,03 - At intersection,01 - Daylight,03 - P.D. only,04 - Sideswipe,Bayshore
14361,ARCH ST btwn BANGOR ST & HOLT CRES,372838.892,5028426.11,-75.63103569,45.39246873,2014-12-10,10:03,03 - Snow,03 - Loose snow,10 - No control,01 - Non intersection,01 - Daylight,03 - P.D. only,06 - SMV unattended vehicle,Urbandale
14362,BESSERER ST @ WALLER ST,368314.7917,5032192.664,-75.68832428,45.4267839,2014-08-13,10:57,01 - Clear,02 - Wet,01 - Traffic signal,02 - Intersection related,01 - Daylight,03 - P.D. only,04 - Sideswipe,Byward Market - Parliament Hill
14363,MONTREAL RD btwn BEGIN ST & PARK ST,370478.1087,5033290.919,-75.66053501,45.43646575,2014-10-13,14:17,01 - Clear,01 - Dry,10 - No control,01 - Non intersection,01 - Daylight,03 - P.D. only,05 - Turning movement,Vanier South
14364,DUNNING RD @ FRENCH HILL RD,392363.8167,5037643.109,-75.3800749,45.47322337,2014-12-13,16:10,01 - Clear,01 - Dry,02 - Stop sign,03 - At intersection,05 - Dusk,03 - P.D. only,05 - Turning movement,Navan - Vars
14365,RICHMOND RD btwn GRENON AVE & MARIELLE CRT,359935.1157,5024245.735,-75.79629004,45.35598876,2014-12-16,15:30,02 - Rain,02 - Wet,10 - No control,01 - Non intersection,01 - Daylight,03 - P.D. only,03 - Rear end,Whitehaven - Queensway Terrace North
14366,PRINCE OF WALES DR btwn RIDEAU SHORE CRT & COLONNADE RD,367363.3577,5023338.25,-75.70160416,45.34719996,2014-11-19,17:06,01 - Clear,01 - Dry,10 - No control,01 - Non intersection,05 - Dusk,03 - P.D. only,03 - Rear end,Industrial Park
14367,ACACIA AVE @ BEECHWOOD AVE,369634.7076,5033941.172,-75.67122815,45.44239517,2014-11-20,6:11,01 - Clear,02 - Wet,02 - Stop sign,03 - At intersection,07 - Dark,03 - P.D. only,02 - Angle,Vanier North
14368,RIVER RD btwn OLD MILL WAY & BRIDGE ST,369465.503,5010787.027,-75.67641677,45.23407548,2014-12-29,12:16,01 - Clear,01 - Dry,10 - No control,01 - Non intersection,01 - Daylight,03 - P.D. only,99 - Other,Manotick
14369,BASELINE RD @ NAVAHO DR,363087.5909,5024097.031,-75.75607468,45.35439576,2014-12-21,18:39,01 - Clear,01 - Dry,01 - Traffic signal,02 - Intersection related,07 - Dark,03 - P.D. only,03 - Rear end,Braemar Park - Bel Air Heights - Copeland Park
14370,VANIER PKWY NB btwn VANIER PKWY & DONALD ST,370310.763,5032288.163,-75.66280712,45.42745907,2014-12-22,3:13,01 - Clear,01 - Dry,10 - No control,01 - Non intersection,07 - Dark,03 - P.D. only,07 - SMV other,Vanier South
14371,CATHERINE ST btwn BRONSON AVE & HWY417 IC121A RAMP61,367273.2085,5029806.679,-75.70193617,45.40540935,2014-12-19,16:12,01 - Clear,06 - Ice,10 - No control,01 - Non intersection,05 - Dusk,03 - P.D. only,03 - Rear end,Centretown
14372,TENTH LINE RD @ CHARLEMAGNE BLVD S/DES EPINETT,383640.9751,5036900.456,-75.49173924,45.46758093,2014-12-20,14:09,01 - Clear,01 - Dry,01 - Traffic signal,02 - Intersection related,01 - Daylight,03 - P.D. only,03 - Rear end,Orlans
14373,AMBERDALE CRES @ BRIAR HILL DR N,371454.0252,5027283.868,-75.6488749,45.38232446,2014-12-12,9:01,01 - Clear,04 - Slush,10 - No control,02 - Intersection related,01 - Daylight,03 - P.D. only,01 - Approaching,Playfair Park - Lynda Park - Guildwood Estates
14374,BANK ST btwn LAURIER AVE W & GLOUCESTER ST,367517.0562,5031209.033,-75.69864301,45.41800549,2014-12-12,12:49,03 - Snow,04 - Slush,10 - No control,01 - Non intersection,01 - Daylight,03 - P.D. only,03 - Rear end,Downtown
14375,FRASER FIELDS WAY @ STRANDHERD DR,362949.5871,5013991.964,-75.75902158,45.26348201,2014-12-18,20:15,01 - Clear,01 - Dry,,02 - Intersection related,07 - Dark,03 - P.D. only,05 - Turning movement,New Barrhaven
14376,PINECREST RD @ RICHMOND RD,360071.7204,5024472.938,-75.79452124,45.35802238,2014-12-18,17:15,01 - Clear,01 - Dry,01 - Traffic signal,02 - Intersection related,07 - Dark,03 - P.D. only,03 - Rear end,Whitehaven - Queensway Terrace North
14377,INNES RD @ TENTH LINE RD,383952.5415,5036159.561,-75.48787469,45.4608798,2014-12-18,11:45,01 - Clear,02 - Wet,01 - Traffic signal,02 - Intersection related,01 - Daylight,03 - P.D. only,03 - Rear end,Queenswood Heights
14378,GRANGE AVE btwn SPENCER ST & WELLINGTON ST W,364552.1951,5029133.727,-75.73677411,45.39959183,2014-12-18,12:56,01 - Clear,02 - Wet,10 - No control,04 - At/near private drive,01 - Daylight,03 - P.D. only,06 - SMV unattended vehicle,Island Park
14379,YORK ST WB btwn BYWARD MARKE SQ & SUSSEX DR,367877.7881,5032311.425,-75.69389312,45.42789202,2014-12-19,20:54,01 - Clear,01 - Dry,10 - No control,01 - Non intersection,07 - Dark,03 - P.D. only,99 - Other,Byward Market
14380,CARLING AVE @ HWY 417 CARLING IC124R67,364330.6973,5027523.836,-75.73979733,45.3851252,2014-12-19,11:20,01 - Clear,01 - Dry,03 - Yield sign,02 - Intersection related,01 - Daylight,03 - P.D. only,03 - Rear end,Westboro
14381,RIDEAU ST @ WALLER ST,368281.7978,5032276.009,-75.68873513,45.4275368,2014-12-27,14:45,01 - Clear,01 - Dry,01 - Traffic signal,03 - At intersection,01 - Daylight,03 - P.D. only,03 - Rear end,Byward Market
14382,LAURIER AVE   E btwn COPERNICUS ST & RING LANE,368699.1395,5032010.468,-75.68343671,45.42510956,2014-12-16,19:03,04 - Freezing Rain,06 - Ice,10 - No control,01 - Non intersection,07 - Dark,03 - P.D. only,07 - SMV other,Sandy Hill
14383,FORWARD AVE btwn EMMERSON AVE & BURNSIDE AVE,364847.8723,5030172.112,-75.73287126,45.40890969,2014-12-18,20:50,01 - Clear,03 - Loose snow,10 - No control,01 - Non intersection,07 - Dark,03 - P.D. only,06 - SMV unattended vehicle,Mechanicsville
14384,KANATA AVE/CASTLEFRANK RD @ AIRD PL,351810.6735,5019070.518,-75.90047067,45.31001289,2014-10-20,18:46,02 - Rain,02 - Wet,01 - Traffic signal,02 - Intersection related,07 - Dark,03 - P.D. only,03 - Rear end,Katimavik - Hazeldean
14385,BASELINE RD @ WOODROFFE AVE,362550.6403,5023770.98,-75.7629653,45.35150641,2014-12-18,19:35,01 - Clear,01 - Dry,01 - Traffic signal,02 - Intersection related,07 - Dark,03 - P.D. only,04 - Sideswipe,Iris
14386,FALLOWFIELD RD @ GREENBANK RD,363080.6757,5016733.88,-75.75702942,45.28814301,2014-11-20,10:40,01 - Clear,01 - Dry,01 - Traffic signal,02 - Intersection related,01 - Daylight,03 - P.D. only,03 - Rear end,Greenbelt
14387,CROYDON AVE @ RICHMOND RD,360546.6369,5025274.895,-75.78836949,45.36520075,2014-11-20,18:31,01 - Clear,01 - Dry,01 - Traffic signal,02 - Intersection related,07 - Dark,03 - P.D. only,03 - Rear end,Woodroffe - Lincoln Heights
14388,ROYDON PL btwn WOODFIELD DR & WEST HUNT CLUB RD,365710.434,5022384.95,-75.72281317,45.33876779,2014-10-04,11:07,02 - Rain,02 - Wet,10 - No control,01 - Non intersection,01 - Daylight,03 - P.D. only,01 - Approaching,Industrial Park
14389,MEADOWLANDS DR/TALLWOOD DR @ WOODROFFE AVE,363055.7395,5022730.969,-75.75664208,45.3421067,2014-10-10,17:00,02 - Rain,02 - Wet,01 - Traffic signal,02 - Intersection related,01 - Daylight,03 - P.D. only,03 - Rear end,Crestview - Meadowlands
14390,KING EDWARD AVE @ ST. ANDREW ST,368161.207,5032969.343,-75.69018685,45.43378611,2014-07-04,7:24,01 - Clear,01 - Dry,01 - Traffic signal,02 - Intersection related,01 - Daylight,03 - P.D. only,03 - Rear end,Lower Town
14391,INDUSTRIAL AVE/INNES RD @ ST. LAURENT BLVD,373098.2358,5030005.557,-75.62750513,45.40665464,2014-12-15,16:30,01 - Clear,01 - Dry,01 - Traffic signal,02 - Intersection related,05 - Dusk,03 - P.D. only,03 - Rear end,Industrial Park
14392,UPLANDS DR @ AIRPORT PKWY RAMP 35,371124.8625,5021372.347,-75.65387072,45.32916573,2014-12-18,14:45,03 - Snow,03 - Loose snow,01 - Traffic signal,02 - Intersection related,01 - Daylight,03 - P.D. only,03 - Rear end,Greenbelt
14393,RIDEAU ST @ WALLER ST,368281.7978,5032275.059,-75.68873525,45.42752826,2014-12-16,21:00,02 - Rain,02 - Wet,01 - Traffic signal,02 - Intersection related,07 - Dark,03 - P.D. only,04 - Sideswipe,Byward Market
14394,MERIVALE RD @ SHILLINGTON AVE,364844.6942,5026810.963,-75.73332092,45.37866703,2014-12-20,9:14,01 - Clear,01 - Dry,01 - Traffic signal,02 - Intersection related,01 - Daylight,03 - P.D. only,03 - Rear end,Carlington
14395,MERIVALE RD/LOTTA AVE @ CLYDE AVE,364519.7981,5024507.051,-75.73774748,45.35796456,2014-05-26,7:28,02 - Rain,02 - Wet,01 - Traffic signal,02 - Intersection related,01 - Daylight,03 - P.D. only,07 - SMV other,Cityview - Skyline - Fisher Heights
14396,BANK ST @ WALKLEY RD,370336.9019,5025947.26,-75.66331563,45.3704035,2014-12-27,17:09,02 - Rain,02 - Wet,01 - Traffic signal,03 - At intersection,07 - Dark,03 - P.D. only,03 - Rear end,Ledbury - Heron Gate - Ridgemont - Elmwood
14397,COPE @ TERRY FOX,353997.2701,5015346.068,-75.87295597,45.27634969,2014-12-27,17:10,02 - Rain,02 - Wet,01 - Traffic signal,02 - Intersection related,07 - Dark,03 - P.D. only,07 - SMV other,Glen Cairn - Kanata South Business Park
14398,TRIM RD btwn REGIONAL ROAD 174 & RAMP,384423.8871,5039840.997,-75.4812518,45.49394829,2014-12-19,6:30,01 - Clear,02 - Wet,10 - No control,01 - Non intersection,07 - Dark,03 - P.D. only,03 - Rear end,Cumberland - Estates
14399,MARKETPLACE AVE @ RIOCAN AVE,364286.8769,5014760.149,-75.74189048,45.27028233,2014-12-21,17:11,01 - Clear,01 - Dry,02 - Stop sign,03 - At intersection,07 - Dark,03 - P.D. only,05 - Turning movement,New Barrhaven
14400,CHAPMAN MILLS DR btwn BEATRICE DR & MEADGATE GT,365656.1847,5014972.625,-75.72441536,45.27207702,2014-08-31,9:40,01 - Clear,01 - Dry,10 - No control,01 - Non intersection,01 - Daylight,03 - P.D. only,06 - SMV unattended vehicle,New Barrhaven
14401,WEST HUNT CLUB RD EB btwn WOODROFFE AVE & 354 E OF WOODROFFE AVE/REC P,363776.9862,5021325.755,-75.74760705,45.32940243,2014-10-26,8:49,01 - Clear,02 - Wet,10 - No control,01 - Non intersection,01 - Daylight,03 - P.D. only,99 - Other,Tanglewood
14402,IRIS ST btwn GREENBANK RD & TO BE DETERMINED,360565.5133,5023324.37,-75.78834858,45.34764849,2014-12-27,10:47,01 - Clear,01 - Dry,10 - No control,04 - At/near private drive,01 - Daylight,03 - P.D. only,04 - Sideswipe,Iris
14403,BASELINE RD @ WOODROFFE AVE,362549.6902,5023770.03,-75.76297754,45.35149794,2014-11-21,11:10,01 - Clear,01 - Dry,01 - Traffic signal,02 - Intersection related,01 - Daylight,03 - P.D. only,04 - Sideswipe,Iris
14404,KING EDWARD AVE @ LAURIER AVE,368738.7571,5032035.058,-75.6829273,45.42532719,2014-11-26,11:55,01 - Clear,01 - Dry,01 - Traffic signal,02 - Intersection related,01 - Daylight,03 - P.D. only,04 - Sideswipe,Sandy Hill
14405,ARLINGTON AVE @ BRONSON AVE,367223.6595,5029867.088,-75.70256142,45.40595731,2014-12-29,14:23,01 - Clear,01 - Dry,01 - Traffic signal,02 - Intersection related,01 - Daylight,03 - P.D. only,03 - Rear end,Centretown West
14406,STITTSVILLE MAIN ST @ HAZELDEAN RD,349560.2983,5014879.192,-75.92954655,45.27244504,2014-12-29,12:00,01 - Clear,01 - Dry,01 - Traffic signal,02 - Intersection related,01 - Daylight,03 - P.D. only,03 - Rear end,Stittsville
14407,ST. JOSEPH BLVD/OLD MONTREAL RD @ TRIM RD,384681.7901,5039286.064,-75.4780429,45.48892608,2014-12-22,15:15,01 - Clear,01 - Dry,11 - Roundabout,02 - Intersection related,01 - Daylight,03 - P.D. only,03 - Rear end,Cardinal Creek
14408,METCALFE ST btwn NEPEAN ST & LISGAR ST,367910.0749,5031262.673,-75.69361491,45.41845279,2014-10-21,15:00,01 - Clear,01 - Dry,10 - No control,01 - Non intersection,01 - Daylight,03 - P.D. only,04 - Sideswipe,Centretown
14409,BASELINE RD @ MARSON ST,365898.6495,5025858.011,-75.71998265,45.37000144,2014-10-24,17:24,01 - Clear,01 - Dry,02 - Stop sign,02 - Intersection related,01 - Daylight,03 - P.D. only,03 - Rear end,Civic Hospital - Experimental Farm - Central Park
14410,MONTREAL RD btwn CYR AVE & HANNAH ST,370246.0885,5033163.692,-75.66351717,45.43534277,2014-12-27,21:00,02 - Rain,02 - Wet,10 - No control,01 - Non intersection,07 - Dark,03 - P.D. only,07 - SMV other,Vanier South
14411,HAWTHORNE RD/RUSSELL RD @ WALKLEY RD,374675.694,5028500.966,-75.60756904,45.39296138,2014-12-31,8:00,01 - Clear,01 - Dry,01 - Traffic signal,02 - Intersection related,03 - Dawn,03 - P.D. only,03 - Rear end,Sheffield Glen
14412,GRAHAM AVE btwn ECHO DR & MAIN ST,368992.4334,5030571.64,-75.67987656,45.41213665,2014-12-16,12:24,01 - Clear,04 - Slush,10 - No control,01 - Non intersection,01 - Daylight,03 - P.D. only,06 - SMV unattended vehicle,Old Ottawa East
14413,FLEWELLYN RD btwn STITTSVILLE MAIN ST & FORESTGROVE DR,351604.2045,5010929.813,-75.90387105,45.23677413,2014-12-18,22:19,01 - Clear,01 - Dry,10 - No control,01 - Non intersection,07 - Dark,03 - P.D. only,07 - SMV other,Stittsville - Basswood
14414,ALTA VISTA DR @ SMYTH RD,370433.9171,5029080.957,-75.66166053,45.39859034,2014-12-18,23:58,01 - Clear,01 - Dry,01 - Traffic signal,03 - At intersection,07 - Dark,03 - P.D. only,05 - Turning movement,Alta Vista
14415,PERCY ST @ THIRD AVE,367881.7088,5029283.982,-75.69423051,45.4006517,2014-12-18,14:15,01 - Clear,01 - Dry,02 - Stop sign,03 - At intersection,01 - Daylight,03 - P.D. only,02 - Angle,The Glebe
14416,BANK ST @ WALKLEY RD,370337.345,5025948.495,-75.66330981,45.37041457,2014-12-18,12:45,01 - Clear,02 - Wet,01 - Traffic signal,02 - Intersection related,01 - Daylight,03 - P.D. only,04 - Sideswipe,Ledbury - Heron Gate - Ridgemont - Elmwood
14417,MONTREAL RD btwn CYR AVE & HANNAH ST,370243.7789,5033161.864,-75.66354693,45.43532653,2014-09-19,14:01,01 - Clear,01 - Dry,10 - No control,01 - Non intersection,01 - Daylight,03 - P.D. only,07 - SMV other,Vanier South
14418,DONALD ST @ PAUL EMILE LAMARCHE,371361.666,5032387.155,-75.64936524,45.42825053,2014-12-27,17:22,02 - Rain,02 - Wet,02 - Stop sign,03 - At intersection,07 - Dark,03 - P.D. only,03 - Rear end,Overbrook
14419,DALY AVE @ NELSON ST,368730.6603,5032357.109,-75.68298896,45.42822563,2014-12-27,17:25,02 - Rain,02 - Wet,02 - Stop sign,03 - At intersection,07 - Dark,03 - P.D. only,02 - Angle,Sandy Hill
14420,INNES RD @ ORCHARDVIEW AVE/ESPRIT DR,384845.7147,5036560.084,-75.47639027,45.46438156,2014-12-24,11:38,03 - Snow,02 - Wet,01 - Traffic signal,02 - Intersection related,01 - Daylight,03 - P.D. only,03 - Rear end,Fallingbrook
14421,ST. JOSEPH BLVD @ FOREST VALLEY DR/YOUVILLE DR,379164.7411,5036158.016,-75.54908787,45.46139193,2014-12-24,13:10,04 - Freezing Rain,02 - Wet,01 - Traffic signal,03 - At intersection,01 - Daylight,03 - P.D. only,05 - Turning movement,Chapel Hill
14422,IRIS ST @ WOODROFFE AVE,362281.742,5024441.044,-75.76631889,45.35755769,2014-12-03,13:43,03 - Snow,02 - Wet,01 - Traffic signal,02 - Intersection related,01 - Daylight,03 - P.D. only,03 - Rear end,Iris
14423,BESSERER ST @ DALHOUSIE ST,368252.7017,5032159,-75.689122,45.42648664,2014-10-30,16:22,01 - Clear,01 - Dry,01 - Traffic signal,02 - Intersection related,01 - Daylight,03 - P.D. only,05 - Turning movement,Byward Market - Parliament Hill
14424,KING EDWARD AVE @ RIDEAU ST,368514.5576,5032415.014,-75.6857429,45.42876636,2014-11-27,14:00,01 - Clear,01 - Dry,01 - Traffic signal,02 - Intersection related,01 - Daylight,03 - P.D. only,01 - Approaching,Lowe
14425,BANK ST @ CLEMOW AVE,368205.711,5029866.038,-75.69001747,45.40585959,2014-11-28,13:19,01 - Clear,01 - Dry,02 - Stop sign,02 - Intersection related,01 - Daylight,03 - P.D. only,04 - Sideswipe,The Glebe
14426,BERRIGAN DR @ LONGFIELDS DR,364304.3368,5015646.35,-75.74156177,45.27825489,2014-12-30,10:33,01 - Clear,01 - Dry,11 - Roundabout,03 - At intersection,01 - Daylight,03 - P.D. only,02 - Angle,New Barrhaven
14427,KIRKWOOD AVE N @ CARLING AVE,364274.7421,5027493.059,-75.74051552,45.38485303,2014-12-31,10:59,01 - Clear,01 - Dry,01 - Traffic signal,02 - Intersection related,01 - Daylight,03 - P.D. only,07 - SMV other,Westboro
14428,WESTHALL WAY btwn CARRONBRIDGE CIR & CARRONBRIDGE CIR,354654.0046,5015632.615,-75.86455729,45.27888184,2014-05-03,0:00,01 - Clear,01 - Dry,10 - No control,01 - Non intersection,00 - Unknown,03 - P.D. only,06 - SMV unattended vehicle,Glen Cairn - Kanata South Business Park
14429,CENTRAL PARK DR S @ MERIVALE RD,364986.6934,5025599.759,-75.73165556,45.36775665,2014-10-25,21:12,02 - Rain,02 - Wet,01 - Traffic signal,03 - At intersection,07 - Dark,03 - P.D. only,05 - Turning movement,Civic Hospital - Experimental Farm - Central Park