Record,Location,X,Y,lon,lat,Date,Time,Environment,Road_Surface,Traffic_Control,Collision_Location,Light,Collision_Classification,Impact_type,Neighborhood
14430,ST. JOSEPH BLVD @ JEANNE D'ARC BLVD,379859.7924,5036471.106,-75.5401536,45.46413454,2014-10-26,16:20,01 - Clear,01 - Dry,11 - Roundabout,03 - At intersection,01 - Daylight,03 - P.D. only,02 - Angle,Chapel Hill
14431,HOLLAND AVE @ ISLAND PARK DR/N.C.C. DRIVEWAY,365423.7974,5027918.01,-75.72579137,45.38857815,2014-12-30,9:15,01 - Clear,01 - Dry,01 - Traffic signal,03 - At intersection,01 - Daylight,03 - P.D. only,05 - Turning movement,Civic Hospital - Experimental Farm - Central Park
14432,EARL MULLIGAN DR @ WOODROFFE AVE,365250.7012,5017506.935,-75.72927387,45.29491562,2014-12-31,13:20,01 - Clear,01 - Dry,01 - Traffic signal,02 - Intersection related,01 - Daylight,03 - P.D. only,03 - Rear end,Greenbelt
14433,GREENBANK RD @ BERRIGAN DR/WESSEX RD,363722.7316,5015276.9,-75.74901808,45.27497956,2014-11-19,15:00,01 - Clear,02 - Wet,01 - Traffic signal,02 - Intersection related,01 - Daylight,03 - P.D. only,03 - Rear end,New Barrhaven
14434,BRONSON/HERON RAMP 42/BRONSON/HERON RAMP 52 @ ,368751.0506,5026893.991,-75.68343689,45.37906842,2014-12-17,10:04,02 - Rain,02 - Wet,02 - Stop sign,03 - At intersection,01 - Daylight,03 - P.D. only,02 - Angle,Alta Vista
14435,ELGIN ST @ SLATER ST,367890.7077,5031647.05,-75.69381312,45.42191303,2014-12-17,11:38,04 - Freezing Rain,02 - Wet,01 - Traffic signal,02 - Intersection related,01 - Daylight,03 - P.D. only,07 - SMV other,Downtown
14436,MERIVALE RD btwn EMERALD PLAZA SC & MEADOWLANDS DR,364832.0966,5023787.743,-75.73384906,45.35146565,2014-12-19,1:17,01 - Clear,01 - Dry,10 - No control,01 - Non intersection,07 - Dark,03 - P.D. only,04 - Sideswipe,Crestview - Meadowlands
14437,ST. LAURENT BLVD btwn JOLIFFE ST & SUSAN ST,373788.2127,5028325.588,-75.61892684,45.3914714,2014-12-18,14:45,01 - Clear,02 - Wet,10 - No control,01 - Non intersection,01 - Daylight,03 - P.D. only,03 - Rear end,Urbandale
14438,GALETTA SIDE RD btwn JOHN SHAW RD & HOMESTEADERS RD,327078.1631,5034396.685,-76.2151879,45.44914572,2014-10-01,22:41,01 - Clear,01 - Dry,10 - No control,01 - Non intersection,07 - Dark,03 - P.D. only,07 - SMV other,Fitzro
14439,TERRY FOX DR btwn PALLADIUM DR & MAPLE GROVE RD,351545.0575,5017873.491,-75.90397078,45.29925946,2014-10-25,15:17,02 - Rain,02 - Wet,10 - No control,01 - Non intersection,01 - Daylight,03 - P.D. only,03 - Rear end,Katimavik - Hazeldean
14440,NASKAPI DR @ OGILVIE RD,375600.2424,5034689.904,-75.59487309,45.4485531,2014-12-27,18:35,02 - Rain,02 - Wet,02 - Stop sign,02 - Intersection related,07 - Dark,03 - P.D. only,07 - SMV other,Beacon Hill North
14441,REGIONAL ROAD 174 btwn QUIGLEY HILL RD & CAMERON ST,389758.1608,5042600.937,-75.41253634,45.51814991,2014-12-29,19:30,01 - Clear,01 - Dry,10 - No control,01 - Non intersection,07 - Dark,03 - P.D. only,03 - Rear end,Cumberland - Estates
14442,COMFREY CRES btwn PLAINHILL DR & Continuation of COMFREY CRES,386306.1518,5035870.955,-75.4578318,45.45801259,2014-12-30,11:15,01 - Clear,01 - Dry,10 - No control,04 - At/near private drive,01 - Daylight,03 - P.D. only,06 - SMV unattended vehicle,Notting Hill
14443,MARCH VALLEY RD btwn RIDDELL DR & KLONDIKE RD,349256.3132,5026153.325,-75.93240841,45.37391205,2014-08-18,4:50,01 - Clear,01 - Dry,10 - No control,01 - Non intersection,07 - Dark,03 - P.D. only,07 - SMV other,Carp - Hardwood Plains
14444,GREENBANK RD @ HWY 417 IC129 RAMP57/IRIS ST,360532.2591,5023312.969,-75.7887742,45.34754855,2014-10-25,14:22,01 - Clear,01 - Dry,01 - Traffic signal,02 - Intersection related,01 - Daylight,03 - P.D. only,03 - Rear end,Iris
14445,BLACKBURN BYPASS @ NAVAN RD,379617.7235,5033274.588,-75.54373484,45.43540061,2014-11-02,12:37,01 - Clear,01 - Dry,01 - Traffic signal,02 - Intersection related,01 - Daylight,03 - P.D. only,03 - Rear end,Greenbelt
14446,BRONSON AVE btwn RENFREW AVE & POWELL AVE,367372.8222,5029514.652,-75.70070083,45.40277287,2014-12-29,10:36,01 - Clear,01 - Dry,10 - No control,04 - At/near private drive,01 - Daylight,03 - P.D. only,02 - Angle,The Glebe
14447,CAMPEAU DR/HWY 417 MARCH IC138R63 @ MARCH RD,352841.6249,5020475.992,-75.88718734,45.32258987,2014-12-29,10:31,01 - Clear,01 - Dry,01 - Traffic signal,02 - Intersection related,01 - Daylight,03 - P.D. only,03 - Rear end,Greenbelt
14448,PLACE D'ORLEANS @ CENTRUM BLVD/PLACE D'ORLEANS,381964.4935,5038137.047,-75.51298154,45.47889394,2014-11-28,14:35,01 - Clear,01 - Dry,01 - Traffic signal,03 - At intersection,01 - Daylight,03 - P.D. only,05 - Turning movement,Industrial Park
14449,KIRKWOOD AVE @ LAPERRIERE AVE,364519.2364,5026959.035,-75.73745824,45.38002717,2014-12-31,15:16,01 - Clear,01 - Dry,01 - Traffic signal,02 - Intersection related,01 - Daylight,03 - P.D. only,04 - Sideswipe,Carlington
14450,MCARTHUR AVE @ VANIER PKWY,370220.6052,5032690.111,-75.66390577,45.43108407,2014-12-22,15:45,01 - Clear,01 - Dry,01 - Traffic signal,02 - Intersection related,01 - Daylight,03 - P.D. only,03 - Rear end,Vanier South
14451,MERIVALE RD @ CAPILANO DR/WITHROW AVE,364642.429,5024227.294,-75.73621624,45.35543689,2014-12-23,14:50,02 - Rain,02 - Wet,01 - Traffic signal,02 - Intersection related,01 - Daylight,03 - P.D. only,03 - Rear end,Cityview - Skyline - Fisher Heights
14452,BRONSON AVE @ SUNNYSIDE AVE/UNIVERSITY RD - CA,367924.6103,5028092.972,-75.69383497,45.38993147,2014-11-03,16:38,01 - Clear,01 - Dry,01 - Traffic signal,02 - Intersection related,05 - Dusk,03 - P.D. only,04 - Sideswipe,Carleto
14453,QUEEN ELIZABETH DRWY btwn FOURTH AVE & FIFTH AVE,368829.078,5029687.668,-75.68207818,45.40419793,2014-11-26,18:22,01 - Clear,01 - Dry,10 - No control,01 - Non intersection,07 - Dark,03 - P.D. only,03 - Rear end,The Glebe
14454,JOCKVALE RD/RIDEAU VALLEY DR @ PRINCE OF WALES,366707.7967,5012196.822,-75.71136016,45.24700866,2014-12-31,14:11,01 - Clear,01 - Dry,01 - Traffic signal,03 - At intersection,01 - Daylight,03 - P.D. only,05 - Turning movement,New Barrhaven
14455,KLONDIKE RD @ MARCH RD,349264.8712,5024062.096,-75.93248733,45.3550942,2014-12-31,14:20,01 - Clear,01 - Dry,01 - Traffic signal,02 - Intersection related,01 - Daylight,03 - P.D. only,03 - Rear end,South March
14456,DORIMA ST @ INNES RD,384310.8617,5036323.036,-75.48326712,45.46230991,2014-11-24,5:57,02 - Rain,02 - Wet,02 - Stop sign,03 - At intersection,07 - Dark,03 - P.D. only,07 - SMV other,Fallingbrook
14457,COLONEL BY DR/SUSSEX DR @ RIDEAU ST,367921.8456,5032043.764,-75.69336444,45.42547972,2014-12-10,14:41,01 - Clear,02 - Wet,01 - Traffic signal,02 - Intersection related,01 - Daylight,03 - P.D. only,04 - Sideswipe,Byward Market - Parliament Hill
14458,MARIER AVE @ MONTREAL RD,370420.3337,5033262.678,-75.66127714,45.43621707,2014-12-17,12:05,02 - Rain,02 - Wet,01 - Traffic signal,02 - Intersection related,01 - Daylight,03 - P.D. only,04 - Sideswipe,Vanier South
14459,ROCKCLIFFE PKWY btwn GL/OT BOUNDARY & ST. JOSEPH BLVD,377121.3709,5035257.288,-75.57534573,45.4535023,2014-12-17,12:41,03 - Snow,02 - Wet,10 - No control,01 - Non intersection,01 - Daylight,03 - P.D. only,07 - SMV other,Greenbelt
14460,BANKFIELD RD btwn PRINCE OF WALES DR & FIRST LINE RD,366506.0557,5009061.372,-75.71431874,45.21881357,2014-12-19,8:35,01 - Clear,01 - Dry,10 - No control,01 - Non intersection,01 - Daylight,03 - P.D. only,03 - Rear end,New Barrhaven
14461,WOODROFFE AVE @ KNOXDALE RD/MEDHURST DR,363419.6899,5021826.962,-75.75210547,45.3339422,2014-12-19,8:30,01 - Clear,01 - Dry,01 - Traffic signal,02 - Intersection related,01 - Daylight,03 - P.D. only,04 - Sideswipe,Woodvale - Craig Henry - Manordale - Estates of Arlington Wo
14462,HAWTHORNE AVE btwn COLONEL BY DR & MAIN ST,368875.3415,5030588.775,-75.68137015,45.41230155,2014-12-18,14:58,01 - Clear,01 - Dry,10 - No control,01 - Non intersection,01 - Daylight,03 - P.D. only,05 - Turning movement,Old Ottawa East
14463,MCARTHUR AVE @ CARMEN AVE,370904.1173,5032768.409,-75.65516073,45.43172429,2014-12-18,15:24,01 - Clear,01 - Dry,02 - Stop sign,03 - At intersection,01 - Daylight,03 - P.D. only,05 - Turning movement,Vanier South
14464,REGIONAL RD 174 @ TRIM RD,384350.9032,5039990.816,-75.48216116,45.49530454,2014-11-16,7:45,03 - Snow,05 - Packed snow,01 - Traffic signal,02 - Intersection related,01 - Daylight,03 - P.D. only,02 - Angle,Cumberland - Estates
14465,SABLE RIDGE DR btwn QUAIL RUN AVE & CARRIAGE HILL PL,372765.5729,5024343.142,-75.63253385,45.35573894,2014-12-27,23:54,01 - Clear,01 - Dry,10 - No control,01 - Non intersection,07 - Dark,03 - P.D. only,06 - SMV unattended vehicle,Blossom Park - Blossom Park West - Sawmill Creek/ Timbermill
14466,BRITTANY DR @ MONTREAL RD,371913.6619,5033994.107,-75.64209264,45.44265638,2014-12-27,17:15,02 - Rain,02 - Wet,01 - Traffic signal,02 - Intersection related,07 - Dark,03 - P.D. only,03 - Rear end,Cummings
14467,CONROY RD @ WALKLEY RD,372903.7226,5027465.907,-75.63034029,45.38382293,2014-12-29,12:34,01 - Clear,01 - Dry,01 - Traffic signal,02 - Intersection related,01 - Daylight,03 - P.D. only,03 - Rear end,Elmvale - Eastway - Riverview - Riverview Park West
14468,MORRISON DR @ GREENBANK RD,360553.8899,5023130.175,-75.78851879,45.34590205,2014-12-30,13:26,01 - Clear,01 - Dry,02 - Stop sign,02 - Intersection related,01 - Daylight,03 - P.D. only,04 - Sideswipe,Iris
14469,MERIVALE RD @ WEST HUNT CLUB RD,365612.6952,5021942.973,-75.72411447,45.33479942,2014-11-18,13:00,01 - Clear,04 - Slush,01 - Traffic signal,02 - Intersection related,01 - Daylight,03 - P.D. only,03 - Rear end,Tanglewood
14470,GREENBANK RD btwn WEST HUNT CLUB RD & FALLOWFIELD RD,361497.7293,5020454.498,-75.77678183,45.32175071,2014-12-29,10:59,01 - Clear,01 - Dry,10 - No control,01 - Non intersection,01 - Daylight,03 - P.D. only,07 - SMV other,Greenbelt
14471,O'CONNOR ST btwn MCLEOD ST & ARGYLE AVE,368171.4091,5030500.3,-75.69037409,45.41156958,2014-12-29,11:11,01 - Clear,01 - Dry,10 - No control,01 - Non intersection,01 - Daylight,03 - P.D. only,04 - Sideswipe,Centretown
14472,EAGLESON RD @ MICHAEL COWPLAND DR/STONEHAVEN D,354381.6759,5016624.869,-75.86792906,45.28782963,2014-12-05,19:22,01 - Clear,01 - Dry,01 - Traffic signal,03 - At intersection,07 - Dark,03 - P.D. only,05 - Turning movement,Bridlewood - Emerald Meadows
14473,INDUSTRIAL AVE @ RIVERSIDE DR,370684.7186,5030593.979,-75.65825523,45.41218037,2014-12-13,10:21,01 - Clear,02 - Wet,01 - Traffic signal,02 - Intersection related,01 - Daylight,03 - P.D. only,03 - Rear end,Industrial Park
14474,MONTREAL RD @ VANIER PKWY,370072.7098,5033067.017,-75.66574575,45.43448913,2014-08-24,14:00,01 - Clear,01 - Dry,01 - Traffic signal,02 - Intersection related,01 - Daylight,03 - P.D. only,02 - Angle,Vanier
14475,AVONCOURT WAY @ WALKLEY RD,369605.7147,5025515.058,-75.67270612,45.36658267,2014-12-23,15:23,02 - Rain,02 - Wet,01 - Traffic signal,02 - Intersection related,01 - Daylight,03 - P.D. only,03 - Rear end,Riverside Park
14476,RICHMOND RD btwn BERKLEY AVE & ROOSEVELT AVE,362956.8408,5028100.927,-75.75727187,45.3904332,2014-11-26,19:03,01 - Clear,01 - Dry,10 - No control,01 - Non intersection,07 - Dark,03 - P.D. only,99 - Other,Westboro
14477,BANK ST @ HUNT CLUB RD,371606.8363,5024097.931,-75.64735465,45.35364397,2014-11-26,8:55,01 - Clear,01 - Dry,01 - Traffic signal,02 - Intersection related,01 - Daylight,03 - P.D. only,03 - Rear end,South Keys - Heron Gate - Greenboro West
14478,RAMSAYVILLE RD @ LEITRIM RD,378725.8218,5023873.98,-75.5565414,45.35091463,2014-12-10,23:20,03 - Snow,03 - Loose snow,02 - Stop sign,02 - Intersection related,07 - Dark,03 - P.D. only,02 - Angle,Greenbelt
14479,COBOURG ST @ ST. PATRICK ST,368801.5118,5033233.786,-75.68196964,45.43610716,2014-12-17,13:54,02 - Rain,02 - Wet,01 - Traffic signal,02 - Intersection related,01 - Daylight,03 - P.D. only,03 - Rear end,Lower Town
14480,HWY 416 ACRES IC75R24 @ HOLLY ACRES RD,358758.1699,5022868.346,-75.81146103,45.34368655,2014-12-17,15:00,03 - Snow,04 - Slush,01 - Traffic signal,02 - Intersection related,01 - Daylight,03 - P.D. only,04 - Sideswipe,Greenbelt
14481,MAITLAND AVE btwn TARA DR & ERINDALE DR,363601.6113,5025283.237,-75.74937367,45.36502619,2014-12-19,10:18,01 - Clear,01 - Dry,10 - No control,01 - Non intersection,01 - Daylight,03 - P.D. only,04 - Sideswipe,Braemar Park - Bel Air Heights - Copeland Park
14482,CARLING AVE @ CLYDE AVE/COLE AVE,363520.6906,5026852.917,-75.75021996,45.37915675,2014-11-27,11:34,01 - Clear,01 - Dry,01 - Traffic signal,03 - At intersection,01 - Daylight,03 - P.D. only,05 - Turning movement,Carlingwood - McKellar Park - Laurentien View
14483,EAGLESON RD btwn COPE DR & Continuation of EAGLESON RD,354696.6318,5015838.829,-75.86399327,45.28073438,2014-12-28,12:11,01 - Clear,01 - Dry,10 - No control,01 - Non intersection,01 - Daylight,03 - P.D. only,07 - SMV other,Bridlewood - Emerald Meadows
14484,ST. LAURENT BLVD @ 125 N OF QUEEN MARY ST/ZELL,372168.8017,5032290.676,-75.63906469,45.42730518,2014-12-23,19:30,02 - Rain,02 - Wet,01 - Traffic signal,02 - Intersection related,07 - Dark,03 - P.D. only,04 - Sideswipe,Overbrook
14485,RIVERSIDE DR NB btwn BANK ST & RIVERSIDE DR NB RAMP FROM EB TO WB,369362.823,5027997.584,-75.67548191,45.3889421,2014-12-30,13:36,01 - Clear,01 - Dry,10 - No control,01 - Non intersection,01 - Daylight,03 - P.D. only,03 - Rear end,Alta Vista
14486,INDUSTRIAL AVE @ RIVERSIDE DR,370685.6687,5030593.028,-75.65824322,45.41217172,2014-12-30,14:11,01 - Clear,01 - Dry,01 - Traffic signal,02 - Intersection related,01 - Daylight,03 - P.D. only,03 - Rear end,Industrial Park
14487,BEARBROOK RD/ROCKCLIFFE PKWY @ ST. JOSEPH BLVD,377126.6562,5035238.703,-75.57528089,45.45333454,2014-08-07,15:40,01 - Clear,01 - Dry,01 - Traffic signal,02 - Intersection related,01 - Daylight,03 - P.D. only,04 - Sideswipe,Greenbelt
14488,YORK ST WB btwn BYWARD MARKE SQ & SUSSEX DR,367807.8552,5032268.765,-75.6947922,45.42751448,2014-08-08,13:00,01 - Clear,01 - Dry,10 - No control,01 - Non intersection,01 - Daylight,03 - P.D. only,03 - Rear end,Byward Market
14489,REGIONAL ROAD 174 btwn TRANSIT & OR174 IC105 RAMP51,376730.006,5035440.748,-75.58032198,45.45519335,2014-11-07,16:50,01 - Clear,01 - Dry,10 - No control,01 - Non intersection,05 - Dusk,03 - P.D. only,04 - Sideswipe,Greenbelt
14490,NICHOLAS ST SB btwn LAURIER AVE E & Continuation of NICHOLAS ST,368380.2878,5031789.244,-75.68753944,45.42314812,2014-11-14,12:55,01 - Clear,01 - Dry,10 - No control,01 - Non intersection,01 - Daylight,03 - P.D. only,04 - Sideswipe,Sandy Hill
14491,RIVERSIDE DR @ TREMBLAY RD/HWY417 IC117 RAMP52,370802.0781,5031016.383,-75.65669944,45.41596993,2014-12-29,11:50,02 - Rain,02 - Wet,01 - Traffic signal,02 - Intersection related,01 - Daylight,03 - P.D. only,03 - Rear end,Industrial Park
14492,JOCKVALE RD @ CAMBRIAN RD/GOLFLINKS DR W,365382.6908,5013223.892,-75.72811388,45.25636555,2014-10-02,17:30,01 - Clear,01 - Dry,11 - Roundabout,02 - Intersection related,01 - Daylight,03 - P.D. only,03 - Rear end,New Barrhaven
14493,WALKLEY EXTENSION RD btwn HWY417 IC110 RAMP55 & HWY417 IC110 RAMP58,375527.4998,5028931.316,-75.59662969,45.39674794,2014-10-05,10:00,01 - Clear,01 - Dry,10 - No control,01 - Non intersection,01 - Daylight,03 - P.D. only,04 - Sideswipe,Greenbelt
14494,RUSSELL RD btwn BLAKE RD & RAMSAYVILLE RD,376617.9492,5027101.511,-75.58296994,45.38017335,2014-12-23,16:53,04 - Freezing Rain,06 - Ice,10 - No control,01 - Non intersection,07 - Dark,03 - P.D. only,07 - SMV other,Greenbelt
14495,LAPERRIERE AVE btwn CAVAN ST & KIRKWOOD AVE,364509.2432,5026951.799,-75.7375867,45.37996292,2014-11-28,11:29,01 - Clear,01 - Dry,10 - No control,04 - At/near private drive,01 - Daylight,03 - P.D. only,02 - Angle,Carlington
14496,MEDHURST DR btwn WOODROFFE AVE & BROCKINGTON CRES,363476.2107,5021847.369,-75.751382,45.33412109,2014-11-28,17:16,01 - Clear,01 - Dry,10 - No control,04 - At/near private drive,05 - Dusk,03 - P.D. only,02 - Angle,Tanglewood
14497,WALKLEY RD btwn 152 E OF HEATHERINGTON RD & HOLLY LANE,372032.3832,5026950.471,-75.64153591,45.37926941,2014-12-13,15:41,01 - Clear,01 - Dry,10 - No control,04 - At/near private drive,01 - Daylight,03 - P.D. only,03 - Rear end,Ledbury - Heron Gate - Ridgemont - Elmwood
14498,GLOUCESTER ST @ LYON ST,367194.6981,5031000.148,-75.70278793,45.41615483,2014-12-17,12:50,01 - Clear,02 - Wet,01 - Traffic signal,03 - At intersection,01 - Daylight,03 - P.D. only,05 - Turning movement,Downtown
14499,GREENBANK RD @ WEST HUNT CLUB RD,361479.677,5020502.004,-75.77700665,45.32217962,2014-12-17,16:00,04 - Freezing Rain,04 - Slush,01 - Traffic signal,02 - Intersection related,05 - Dusk,03 - P.D. only,03 - Rear end,Greenbelt
14500,REGIONAL ROAD 174 btwn QUIGLEY HILL RD & REGIONAL ROAD 174 DIVIDED,387381.7761,5042390.247,-75.44298425,45.51653986,2014-10-19,4:09,01 - Clear,01 - Dry,10 - No control,01 - Non intersection,07 - Dark,03 - P.D. only,07 - SMV other,Cumberland - Estates
14501,BANK ST @ ST. BERNARD ST,373004.7398,5023708.752,-75.62956915,45.35000771,2014-12-18,15:45,01 - Clear,02 - Wet,01 - Traffic signal,02 - Intersection related,01 - Daylight,03 - P.D. only,03 - Rear end,Blossom Park - Blossom Park West - Sawmill Creek/ Timbermill
14502,WEST RIDGE DR btwn KITTIWAKE DR & DELAMERE DR,348552.2878,5013814.552,-75.94248645,45.26292845,2014-12-10,18:30,03 - Snow,05 - Packed snow,10 - No control,01 - Non intersection,07 - Dark,03 - P.D. only,03 - Rear end,Crossing Bridge
14503,CHURCHILL AVE   N btwn GREENWOOD AVE & IRENE CRES,363655.0888,5027304.375,-75.74845022,45.38320762,2014-12-10,20:37,03 - Snow,03 - Loose snow,10 - No control,04 - At/near private drive,07 - Dark,03 - P.D. only,03 - Rear end,Westboro
14504,BOOTH ST btwn BALSAM ST & GLADSTONE AVE,366746.5072,5029900.591,-75.70865207,45.40630115,2014-12-28,10:00,01 - Clear,01 - Dry,10 - No control,01 - Non intersection,01 - Daylight,03 - P.D. only,06 - SMV unattended vehicle,Centretown West
14505,PERCIFOR WAY btwn WHISPERING WINDS WAY & ZIEGLER ST,381135.1259,5032411.453,-75.52447712,45.42747078,2014-12-30,22:16,01 - Clear,01 - Dry,10 - No control,04 - At/near private drive,07 - Dark,03 - P.D. only,06 - SMV unattended vehicle,Chapel Hill South
14506,BASELINE RD btwn NAVAHO DR & COLLEGE SQUARE SC,362961.8463,5024020.532,-75.75768843,45.35371787,2014-10-31,16:00,01 - Clear,01 - Dry,10 - No control,04 - At/near private drive,01 - Daylight,03 - P.D. only,03 - Rear end,Braemar Park - Bel Air Heights - Copeland Park
14507,LOGGERS WAY btwn RABBIT PATH & KINBURN SIDE RD,328975.7425,5028263.399,-76.19122988,45.39389273,2014-11-19,20:30,01 - Clear,02 - Wet,10 - No control,01 - Non intersection,07 - Dark,03 - P.D. only,07 - SMV other,Kinburn
14508,STONEMEADOW DR btwn REDSTONE LANE & SPRINGCREEK CRES,356293.8021,5016686.741,-75.84354829,45.28824887,2014-08-10,13:10,01 - Clear,01 - Dry,10 - No control,04 - At/near private drive,01 - Daylight,03 - P.D. only,06 - SMV unattended vehicle,Bridlewood - Emerald Meadows
14509,MAITLAND AVE/HWY 417 MAITLAND IC126R53 @ HWY 4,363229.7001,5025774.57,-75.75406276,45.36947825,2014-08-16,22:00,01 - Clear,01 - Dry,01 - Traffic signal,02 - Intersection related,07 - Dark,03 - P.D. only,03 - Rear end,Braemar Park - Bel Air Heights - Copeland Park
14510,NELSON ST @ RIDEAU ST,368650.9811,5032498.476,-75.6839888,45.42950488,2014-12-29,12:46,01 - Clear,01 - Dry,01 - Traffic signal,02 - Intersection related,01 - Daylight,03 - P.D. only,04 - Sideswipe,Lowe
14511,LIMEBANK RD/RIVERSIDE DR @ RIVER RD,368408.9884,5020477.312,-75.68862948,45.32136378,2014-12-17,17:40,02 - Rain,02 - Wet,01 - Traffic signal,02 - Intersection related,07 - Dark,03 - P.D. only,03 - Rear end,Greenbelt
14512,ISABELLA ST/HWY417 IC119AR75 @ METCALFE ST,368448.7065,5030400.99,-75.68684455,45.41065086,2014-12-18,15:30,01 - Clear,04 - Slush,01 - Traffic signal,02 - Intersection related,01 - Daylight,03 - P.D. only,04 - Sideswipe,The Glebe
14513,FIFTH AVE btwn BANK ST & HOWICK PL,368463.4977,5029437.737,-75.68677998,45.40198248,2014-12-23,17:17,02 - Rain,02 - Wet,10 - No control,01 - Non intersection,07 - Dark,03 - P.D. only,06 - SMV unattended vehicle,The Glebe
14514,VANIER PKWY/CRICHTON ST @ BEECHWOOD AVE/ST. PA,369126.0936,5033489.133,-75.67778808,45.43837489,2014-12-09,0:00,01 - Clear,01 - Dry,01 - Traffic signal,02 - Intersection related,00 - Unknown,03 - P.D. only,04 - Sideswipe,Vanier North
14515,MERIVALE RD btwn VIEWMOUNT DR & COLONNADE RD,365235.5023,5022846.358,-75.72881615,45.34296055,2014-12-15,12:32,01 - Clear,01 - Dry,10 - No control,01 - Non intersection,01 - Daylight,03 - P.D. only,03 - Rear end,Tanglewood
14516,CEDARVIEW RD @ WEST HUNT CLUB RD,359717.7273,5019555.903,-75.79958486,45.31380661,2014-12-07,11:45,01 - Clear,01 - Dry,01 - Traffic signal,02 - Intersection related,01 - Daylight,03 - P.D. only,03 - Rear end,Greenbelt
14517,GLOUCESTER ST @ LYON ST,367195.6482,5031002.048,-75.70277556,45.41617184,2014-12-12,11:21,03 - Snow,04 - Slush,01 - Traffic signal,03 - At intersection,01 - Daylight,03 - P.D. only,07 - SMV other,Downtown
14518,KING EDWARD AVE btwn RIDEAU ST & BESSERER ST,368519.3082,5032400.763,-75.68568404,45.4286377,2014-12-17,16:28,04 - Freezing Rain,04 - Slush,10 - No control,01 - Non intersection,05 - Dusk,03 - P.D. only,04 - Sideswipe,Lowe
14519,BANK ST @ RIVERSIDE DR S,369304.2101,5027895.313,-75.67624373,45.3880273,2014-10-21,14:21,01 - Clear,01 - Dry,01 - Traffic signal,03 - At intersection,01 - Daylight,03 - P.D. only,04 - Sideswipe,Alta Vista
14520,PARKDALE AVE @ GLADSTONE AVE,365217.6518,5029119.036,-75.72827668,45.39940253,2014-12-19,8:27,01 - Clear,02 - Wet,01 - Traffic signal,02 - Intersection related,01 - Daylight,03 - P.D. only,03 - Rear end,Civi
14521,EAGLESON RD @ PALOMINO DR S/ROTHESAY DR,354124.1274,5017288.702,-75.8711461,45.29382107,2014-12-19,9:37,01 - Clear,01 - Dry,01 - Traffic signal,03 - At intersection,01 - Daylight,03 - P.D. only,02 - Angle,Bridlewood - Emerald Meadows
14522,LEITRIM RD @ ALBION RD,373497.5851,5020418.786,-75.62373687,45.32035767,2014-12-10,23:41,03 - Snow,04 - Slush,01 - Traffic signal,02 - Intersection related,07 - Dark,03 - P.D. only,03 - Rear end,Greenbelt
14523,DOVE CRT btwn WICK CRES & END,374369.2188,5035006.574,-75.61056407,45.45152593,2014-12-24,22:40,02 - Rain,02 - Wet,10 - No control,01 - Non intersection,07 - Dark,03 - P.D. only,06 - SMV unattended vehicle,Gloucester
14524,GLADEWOODS PL btwn MONTCLAIR AVE & TO BE DETERMINED,380279.8453,5034100.159,-75.53514669,45.44275733,2014-12-22,16:00,01 - Clear,03 - Loose snow,10 - No control,04 - At/near private drive,05 - Dusk,03 - P.D. only,06 - SMV unattended vehicle,Chapel Hill South
14525,DEER PARK RD @ MEADOWLANDS DR,365978.9321,5024861.175,-75.71908124,45.3610251,2014-09-02,21:36,02 - Rain,02 - Wet,01 - Traffic signal,03 - At intersection,07 - Dark,03 - P.D. only,02 - Angle,Borden Farm - Stewart Farm - Parkwood Hills - Fisher Glen
14526,SLACK RD @ WOODROFFE AVE,364233.6835,5019973.053,-75.74194364,45.3171924,2014-11-15,11:45,01 - Clear,01 - Dry,01 - Traffic signal,02 - Intersection related,01 - Daylight,03 - P.D. only,03 - Rear end,Greenbelt
14527,WALKLEY RD btwn HALIFAX DR & ST. LAURENT BLVD,373802.9876,5027988.423,-75.61878532,45.38843629,2014-12-19,12:34,01 - Clear,01 - Dry,10 - No control,01 - Non intersection,01 - Daylight,03 - P.D. only,03 - Rear end,Urbandale
14528,MER BLEUE RD @ 210 S OF INNES RD,382729.7148,5035375.317,-75.50363289,45.45396132,2014-12-22,16:55,01 - Clear,02 - Wet,01 - Traffic signal,03 - At intersection,05 - Dusk,03 - P.D. only,05 - Turning movement,Orlans
14529,GARDENWAY DR btwn LATOUR CRES & LATOUR CRES,384059.4133,5036844.256,-75.48639793,45.46702794,2014-10-20,21:53,02 - Rain,02 - Wet,10 - No control,01 - Non intersection,07 - Dark,03 - P.D. only,06 - SMV unattended vehicle,Fallingbrook
14530,CAMBRIDGE ST    N btwn PRIMROSE AVE & SOMERSET ST W,366837.8484,5030569.969,-75.70740108,45.41231593,2014-12-23,21:48,02 - Rain,02 - Wet,10 - No control,04 - At/near private drive,07 - Dark,03 - P.D. only,06 - SMV unattended vehicle,Centretown West
14531,STRANDHERD DR @ CLARIDGE DR,364949.9691,5015381.57,-75.7333654,45.27581746,2014-12-10,10:13,03 - Snow,04 - Slush,01 - Traffic signal,02 - Intersection related,01 - Daylight,03 - P.D. only,07 - SMV other,New Barrhaven
14532,HAWTHORNE RD/RUSSELL RD @ WALKLEY RD,374674.7439,5028499.066,-75.60758144,45.39294438,2014-12-17,13:15,02 - Rain,02 - Wet,01 - Traffic signal,02 - Intersection related,01 - Daylight,03 - P.D. only,03 - Rear end,Sheffield Glen