Record,Location,X,Y,lon,lat,Date,Time,Environment,Road_Surface,Traffic_Control,Collision_Location,Light,Collision_Classification,Impact_type,Neighborhood
14533,DALY AVE @ CHARLOTTE ST,369332.8077,5032723.064,-75.67524657,45.43146305,2014-12-17,17:18,02 - Rain,04 - Slush,02 - Stop sign,03 - At intersection,07 - Dark,03 - P.D. only,02 - Angle,Sandy Hill
14534,LYNDALE AVE @ PARKDALE AVE,364861.7023,5029928.154,-75.73272432,45.40671343,2014-12-15,17:20,01 - Clear,02 - Wet,01 - Traffic signal,03 - At intersection,07 - Dark,03 - P.D. only,03 - Rear end,Tunney's Pasture
14535,BYRD CRES E @ CHIMO DR E,352392.8231,5019059.612,-75.89304795,45.30987554,2014-12-17,10:00,01 - Clear,01 - Dry,02 - Stop sign,03 - At intersection,01 - Daylight,03 - P.D. only,02 - Angle,Katimavik - Hazeldean
14536,MERIVALE RD @ BASIL MACDONALD WAY/MERIVALE MAL,365096.3324,5023170.762,-75.73055231,45.34589147,2014-12-17,17:30,02 - Rain,02 - Wet,01 - Traffic signal,02 - Intersection related,07 - Dark,03 - P.D. only,04 - Sideswipe,Crestview - Meadowlands
14537,VALIN ST btwn NEPTUNE WAY & FRENETTE ST,385451.4786,5037674.291,-75.46846227,45.47433644,2014-12-17,22:19,03 - Snow,04 - Slush,10 - No control,01 - Non intersection,07 - Dark,03 - P.D. only,07 - SMV other,Cardinal Creek
14538,INDUSTRIAL AVE @ TRAINYARDS DR,371685.9551,5030538.054,-75.64547242,45.4115822,2014-10-30,9:32,01 - Clear,01 - Dry,01 - Traffic signal,02 - Intersection related,01 - Daylight,03 - P.D. only,04 - Sideswipe,Industrial Park
14539,ISLAND PARK DR @ RICHMOND RD,364130.1797,5028868.317,-75.74219604,45.39723961,2014-11-02,19:05,01 - Clear,01 - Dry,01 - Traffic signal,02 - Intersection related,07 - Dark,03 - P.D. only,03 - Rear end,Island Park
14540,BANK ST @ RIVERSIDE DR N,369226.2229,5027984.306,-75.67722795,45.38883521,2014-12-19,13:35,01 - Clear,01 - Dry,01 - Traffic signal,03 - At intersection,01 - Daylight,03 - P.D. only,02 - Angle,Alta Vista
14541,OGILVIE RD btwn NASKAPI DR & MONTREAL RD,375644.5956,5034585.23,-75.59432121,45.44760681,2014-12-19,11:54,01 - Clear,01 - Dry,10 - No control,04 - At/near private drive,01 - Daylight,03 - P.D. only,05 - Turning movement,Beacon Hill North
14542,ST. JOSEPH BLVD/OLD MONTREAL RD @ TRIM RD,384682.754,5039285.1,-75.47803072,45.48891729,2014-12-17,15:59,02 - Rain,02 - Wet,11 - Roundabout,03 - At intersection,01 - Daylight,03 - P.D. only,02 - Angle,Cardinal Creek
14543,HWY 416 ACRES IC75R24 @ HOLLY ACRES RD,358757.1565,5022870.276,-75.81147375,45.34370399,2014-12-19,18:25,01 - Clear,01 - Dry,01 - Traffic signal,02 - Intersection related,07 - Dark,03 - P.D. only,03 - Rear end,Greenbelt
14544,ALBERT ST @ PRESTON ST,366159.9017,5030464.847,-75.71607483,45.41142985,2014-12-28,23:16,01 - Clear,01 - Dry,01 - Traffic signal,02 - Intersection related,07 - Dark,03 - P.D. only,04 - Sideswipe,Centretown West
14545,COLONNADE RD @ PRINCE OF WALES DR,367393.7615,5023266.041,-75.70122534,45.34654752,2014-10-10,9:05,01 - Clear,01 - Dry,01 - Traffic signal,02 - Intersection related,01 - Daylight,03 - P.D. only,03 - Rear end,Industrial Park
14546,HWY 416 ACRES IC75R24 @ HOLLY ACRES RD,358757.1565,5022871.801,-75.81147358,45.34371771,2014-11-18,13:40,01 - Clear,01 - Dry,01 - Traffic signal,02 - Intersection related,01 - Daylight,03 - P.D. only,03 - Rear end,Greenbelt
14547,BASELINE RD btwn MERIVALE RD & FARLANE BLVD,365184.8627,5025406.75,-75.72914955,45.36600294,2014-11-18,17:18,01 - Clear,01 - Dry,10 - No control,01 - Non intersection,07 - Dark,03 - P.D. only,03 - Rear end,Civic Hospital - Experimental Farm - Central Park
14548,BESSERER ST @ WALLER ST,368316.8834,5032191.503,-75.6882977,45.42677326,2014-09-16,14:45,01 - Clear,01 - Dry,01 - Traffic signal,02 - Intersection related,01 - Daylight,03 - P.D. only,04 - Sideswipe,Byward Market - Parliament Hill
14549,BRONSON AVE @ GILMOUR ST,367033.6032,5030322.992,-75.70493153,45.41007633,2014-09-18,13:05,01 - Clear,01 - Dry,10 - No control,03 - At intersection,01 - Daylight,03 - P.D. only,05 - Turning movement,Centretown West
14550,PINECREST RD/HWY 417 PINECRE IC129R63 @ TRANSI,360389.435,5023677.568,-75.79055572,45.35084054,2014-12-17,21:11,03 - Snow,02 - Wet,01 - Traffic signal,03 - At intersection,07 - Dark,03 - P.D. only,02 - Angle,Whitehaven - Queensway Terrace North
14551,FLAMBOROUGH WAY btwn WOLISTON CRES & WOLISTON CRES,348964.94,5024008.599,-75.93632,45.35463177,2014-12-20,10:04,04 - Freezing Rain,02 - Wet,10 - No control,04 - At/near private drive,01 - Daylight,03 - P.D. only,06 - SMV unattended vehicle,Morgan's Grant
14552,WOODROFFE AVE btwn CARLING AVE & FOX CRES,361800.9378,5025638.578,-75.77231711,45.36837226,2014-12-11,16:20,01 - Clear,01 - Dry,10 - No control,01 - Non intersection,05 - Dusk,03 - P.D. only,04 - Sideswipe,Carlingwood West - Glabar Park - McKellar Heights
14553,HUNTMAR DR btwn PALLADIUM DR & MAPLE GROVE RD,350132.6881,5016861.197,-75.92207098,45.29024309,2014-12-11,20:12,01 - Clear,03 - Loose snow,10 - No control,01 - Non intersection,07 - Dark,03 - P.D. only,07 - SMV other,Stittsville
14554,RIVERSIDE DR SB btwn HWY417 IC117 RAMP35 & VANIER PKWY,370806.7619,5031137.737,-75.65662335,45.41706138,2014-12-19,10:00,01 - Clear,01 - Dry,10 - No control,01 - Non intersection,01 - Daylight,03 - P.D. only,03 - Rear end,Industrial Park
14555,LISGAR ST @ O'CONNOR ST,367760.8101,5031161.003,-75.69553493,45.41755144,2014-12-22,18:00,01 - Clear,01 - Dry,01 - Traffic signal,03 - At intersection,07 - Dark,03 - P.D. only,02 - Angle,Centretown
14556,STRANDHERD DR @ LONGFIELDS DR,364547.8604,5015173.8,-75.73851498,45.27398223,2014-12-22,16:53,01 - Clear,01 - Dry,01 - Traffic signal,02 - Intersection related,05 - Dusk,03 - P.D. only,03 - Rear end,New Barrhaven
14557,COLONNADE RD @ PRINCE OF WALES DR,367394.7116,5023266.991,-75.7012131,45.34655598,2014-12-18,0:20,03 - Snow,03 - Loose snow,01 - Traffic signal,02 - Intersection related,07 - Dark,03 - P.D. only,07 - SMV other,Industrial Park
14558,RICHMOND RD btwn PATRICIA AVE & LEIGHTON TER,364012.0419,5028789.414,-75.74371431,45.39653966,2014-11-24,15:01,01 - Clear,01 - Dry,10 - No control,01 - Non intersection,01 - Daylight,03 - P.D. only,06 - SMV unattended vehicle,Westboro
14559,INDUSTRIAL AVE @ ALTA VISTA DR/SANDFORD FLEMIN,370884.7238,5030558.045,-75.65570506,45.41183819,2014-11-24,17:17,01 - Clear,01 - Dry,01 - Traffic signal,02 - Intersection related,07 - Dark,03 - P.D. only,05 - Turning movement,Industrial Park
14560,TERRY FOX DR btwn KANATA AVE & Continuation of TERRY FOX DR,349339.7341,5019198.595,-75.93196956,45.31132642,2014-12-19,12:18,01 - Clear,01 - Dry,10 - No control,01 - Non intersection,01 - Daylight,03 - P.D. only,04 - Sideswipe,Kanata Lakes - Marchwood Lakeside - Morgan's Grant - Kanata
14561,LEMIEUX ST @ ST. LAURENT BLVD,372390.7746,5031743.039,-75.63630347,45.42235639,2014-12-19,12:28,01 - Clear,01 - Dry,01 - Traffic signal,03 - At intersection,01 - Daylight,03 - P.D. only,05 - Turning movement,Overbrook
14562,BELCOURT BLVD @ ST. JOSEPH BLVD,381205.6903,5037360.022,-75.52280689,45.47198637,2014-12-21,9:26,01 - Clear,01 - Dry,01 - Traffic signal,03 - At intersection,01 - Daylight,03 - P.D. only,05 - Turning movement,Orleans Village - Chateauneuf
14563,MONTREAL RD @ VANIER PKWY,370072.7098,5033067.967,-75.66574562,45.43449768,2014-12-21,19:31,01 - Clear,01 - Dry,01 - Traffic signal,03 - At intersection,07 - Dark,03 - P.D. only,05 - Turning movement,Vanier
14564,KINGBROOK DR btwn BRIDGESTONE DR & FOXHALL WAY,355295.4398,5016387.63,-75.85630521,45.28562985,2014-12-28,21:00,01 - Clear,01 - Dry,10 - No control,01 - Non intersection,07 - Dark,03 - P.D. only,06 - SMV unattended vehicle,Bridlewood - Emerald Meadows
14565,WALKLEY RD @ DON REID DR/RYDER ST,372600.7768,5027285.969,-75.63423307,45.38223331,2014-12-29,6:54,01 - Clear,01 - Dry,01 - Traffic signal,03 - At intersection,07 - Dark,03 - P.D. only,05 - Turning movement,Playfair Park - Lynda Park - Guildwood Estates
14566,MARCH RD btwn CARLING AVE/STATION RD & 280 S OF CARLING AVE/STATION RD,351040.3603,5022101.701,-75.91001093,45.33733933,2014-07-27,13:15,01 - Clear,01 - Dry,10 - No control,01 - Non intersection,01 - Daylight,03 - P.D. only,03 - Rear end,South March
14567,KIRKWOOD AVE @ WILBER AVE,363729.7344,5028791.084,-75.74731957,45.3965785,2014-05-18,3:34,01 - Clear,01 - Dry,10 - No control,03 - At intersection,07 - Dark,03 - P.D. only,07 - SMV other,Westboro
14568,BESSERER ST @ NICHOLAS ST,368186.659,5032112.055,-75.68997194,45.42607023,2014-09-25,15:30,01 - Clear,01 - Dry,01 - Traffic signal,02 - Intersection related,01 - Daylight,03 - P.D. only,03 - Rear end,Byward Market - Parliament Hill
14569,EAGLESON RD btwn FALLOWFIELD RD & AKINS RD,355998.372,5012506.836,-75.84774518,45.25065877,2014-09-27,12:13,01 - Clear,01 - Dry,10 - No control,01 - Non intersection,01 - Daylight,03 - P.D. only,07 - SMV other,Munster Hamlet - Richmond
14570,OTTAWA RIVER PKWY @ PORTAGE BRIDGE,366516.2078,5031317.008,-75.71141643,45.41906602,2014-12-24,5:33,03 - Snow,02 - Wet,01 - Traffic signal,02 - Intersection related,07 - Dark,03 - P.D. only,07 - SMV other,LeBreton Flats
14571,FELDSPAR CRES btwn GRANITE RIDGE DR & GRANITE RIDGE DR,351313.5624,5014650.197,-75.90722448,45.27027068,2014-12-18,8:20,01 - Clear,03 - Loose snow,10 - No control,01 - Non intersection,01 - Daylight,03 - P.D. only,01 - Approaching,Stittsville
14572,HALIFAX DR @ WALKLEY RD,373643.737,5027898.118,-75.62083141,45.38763944,2014-12-18,16:40,01 - Clear,02 - Wet,01 - Traffic signal,03 - At intersection,05 - Dusk,03 - P.D. only,05 - Turning movement,Urbandale
14573,RIVERSIDE DR SB btwn SMYTH RD SOUTH SIDE RAMP & SMYTH RD NORTH SIDE RA,369884.3594,5029283.016,-75.6686526,45.4004597,2014-12-29,12:03,01 - Clear,01 - Dry,10 - No control,01 - Non intersection,01 - Daylight,03 - P.D. only,04 - Sideswipe,Industrial Park
14574,UPPER DWYER HILL RD btwn HAMILTON SIDE RD & MCARTON RD,339775.1515,5007934.601,-76.05473871,45.21050841,2014-12-30,9:18,01 - Clear,01 - Dry,10 - No control,01 - Non intersection,01 - Daylight,03 - P.D. only,07 - SMV other,Stittsville - Basswood
14575,WALKLEY RD btwn BANK ST & BANFF AVE,370354.004,5025954.861,-75.6630963,45.37047029,2014-12-21,15:30,01 - Clear,01 - Dry,10 - No control,04 - At/near private drive,01 - Daylight,03 - P.D. only,03 - Rear end,Ledbury - Heron Gate - Ridgemont - Elmwood
14576,TERRY FOX DR @ WESTPHALIAN AVE,353455.2261,5015759.789,-75.87982363,45.28011017,2014-12-23,16:43,02 - Rain,02 - Wet,01 - Traffic signal,02 - Intersection related,05 - Dusk,03 - P.D. only,03 - Rear end,Glen Cairn - Kanata South Business Park
14577,BLAIR RD @ REGIONAL RD 174 N/OR174 IC112 RAMP61,374633.285,5032991.893,-75.60747431,45.43337264,2014-12-29,16:00,01 - Clear,01 - Dry,01 - Traffic signal,02 - Intersection related,05 - Dusk,03 - P.D. only,03 - Rear end,Industrial Park
14578,CARLING AVE @ KIRKWOOD AVE S,364352.6506,5027335.174,-75.73953977,45.38342579,2014-12-18,6:15,03 - Snow,02 - Wet,01 - Traffic signal,02 - Intersection related,07 - Dark,03 - P.D. only,03 - Rear end,Carlington
14579,HOLLAND AVE btwn ARMSTRONG ST & WELLINGTON ST W,364887.8962,5029248.091,-75.73247259,45.40059212,2014-12-18,7:20,02 - Rain,02 - Wet,10 - No control,04 - At/near private drive,03 - Dawn,03 - P.D. only,05 - Turning movement,Island Park
14580,ROBERTSON RD btwn FITZGERALD RD & MOODIE DR,357021.0464,5020429.35,-75.83388358,45.32187171,2014-06-02,8:43,01 - Clear,01 - Dry,10 - No control,04 - At/near private drive,01 - Daylight,03 - P.D. only,05 - Turning movement,Bells Corners West
14581,VIEWMOUNT DR @ MERIVALE RD,365193.4764,5022948.271,-75.72933993,45.34388117,2014-06-16,16:04,01 - Clear,01 - Dry,01 - Traffic signal,02 - Intersection related,01 - Daylight,03 - P.D. only,03 - Rear end,Tanglewood
14582,ST. JOSEPH BLVD @ JEANNE D'ARC BLVD,379860.7425,5036473.956,-75.54014102,45.46416008,2014-09-30,17:37,01 - Clear,01 - Dry,11 - Roundabout,03 - At intersection,01 - Daylight,03 - P.D. only,02 - Angle,Greenbelt
14583,RIVERSIDE DR @ HERON RD,368121.1049,5026648.489,-75.69151107,45.37691668,2014-05-15,10:08,01 - Clear,01 - Dry,01 - Traffic signal,03 - At intersection,01 - Daylight,03 - P.D. only,05 - Turning movement,Riverside Park
14584,BELFAST RD btwn TRAINYARDS DR & ST. LAURENT BLVD,372662.2256,5030548.532,-75.63299968,45.41158249,2014-10-09,13:01,01 - Clear,01 - Dry,10 - No control,04 - At/near private drive,01 - Daylight,03 - P.D. only,05 - Turning movement,Industrial Park
14585,GREENBORO CRES @ TAPIOLA CRES E,371773.5479,5025059.437,-75.64509689,45.36227937,2014-11-14,12:27,01 - Clear,01 - Dry,02 - Stop sign,02 - Intersection related,01 - Daylight,03 - P.D. only,07 - SMV other,South Keys - Heron Gate - Greenboro West
14586,RIVERSIDE DR @ WALKLEY RD,368420.2391,5024852.923,-75.68792332,45.36073355,2014-11-26,12:02,01 - Clear,01 - Dry,01 - Traffic signal,02 - Intersection related,01 - Daylight,03 - P.D. only,03 - Rear end,Riverside Park
14587,LEITRIM RD @ LIMEBANK RD S,369355.9562,5017877.758,-75.67689023,45.29788705,2014-11-27,6:50,01 - Clear,01 - Dry,01 - Traffic signal,02 - Intersection related,07 - Dark,03 - P.D. only,05 - Turning movement,Gloucester
14588,HWY417 IC155 RAMP35 btwn HIGHWAY 417 & MARCH RD,339480.0282,5019272.235,-76.0577043,45.3125452,2014-11-20,17:45,01 - Clear,02 - Wet,10 - No control,01 - Non intersection,07 - Dark,03 - P.D. only,03 - Rear end,Carp - Hardwood Plains
14589,INNES RD btwn HWY417 IC112 RAMP66 & CYRVILLE RD,375030.1836,5031107.172,-75.60267097,45.41637521,2014-11-24,8:30,02 - Rain,02 - Wet,10 - No control,01 - Non intersection,01 - Daylight,03 - P.D. only,03 - Rear end,Industrial Park
14590,ABBEYHILL DR btwn ALDBURN PL & SHERWOOD ST,353360.4729,5017480.103,-75.88086293,45.29559653,2014-10-15,18:21,02 - Rain,02 - Wet,10 - No control,01 - Non intersection,07 - Dark,03 - P.D. only,03 - Rear end,Glen Cairn - Kanata South Business Park
14591,BANKFIELD RD @ FIRST LINE RD,366735.6956,5009190.812,-75.711379,45.21995812,2014-11-27,22:15,01 - Clear,01 - Dry,02 - Stop sign,03 - At intersection,07 - Dark,03 - P.D. only,02 - Angle,Manotick
14592,RIDEAU ST @ NICHOLAS ST,368141.6644,5032186.952,-75.69053724,45.4267482,2014-10-09,17:17,01 - Clear,01 - Dry,02 - Stop sign,03 - At intersection,01 - Daylight,03 - P.D. only,05 - Turning movement,Byward Market - Parliament Hill
14593,GEORGE ST btwn WILLIAM ST & DALHOUSIE ST,368147.2463,5032310.364,-75.69045004,45.42785812,2014-09-30,18:35,01 - Clear,01 - Dry,10 - No control,04 - At/near private drive,01 - Daylight,03 - P.D. only,06 - SMV unattended vehicle,Byward Market
14594,SPRINGRIDGE DR btwn TRIM RD & PEPPERGRASS RD,385731.9376,5038149.613,-75.46479747,45.47858046,2014-12-03,12:10,03 - Snow,04 - Slush,10 - No control,01 - Non intersection,01 - Daylight,03 - P.D. only,07 - SMV other,Springridge
14595,INNES RD @ STONEHENGE CRES E,375365.244,5031314.154,-75.59836081,45.41820381,2014-10-04,14:28,01 - Clear,01 - Dry,01 - Traffic signal,02 - Intersection related,01 - Daylight,03 - P.D. only,03 - Rear end,Greenbelt
14596,KING EDWARD AVE @ RIDEAU ST,368511.3994,5032414.088,-75.68578338,45.42875831,2014-12-10,6:31,03 - Snow,02 - Wet,01 - Traffic signal,02 - Intersection related,07 - Dark,03 - P.D. only,03 - Rear end,Lowe
14597,"MCARTHUR AVE @ EGLISE, RUE DE L/MOORVALE ST",371446.2276,5032825.302,-75.64822539,45.43218473,2014-12-24,15:13,02 - Rain,02 - Wet,01 - Traffic signal,03 - At intersection,01 - Daylight,03 - P.D. only,05 - Turning movement,Castle Heights
14598,WALKLEY RD btwn HALIFAX DR & ST. LAURENT BLVD,373856.2036,5028021.029,-75.61810123,45.38872442,2014-12-01,18:39,01 - Clear,01 - Dry,10 - No control,04 - At/near private drive,07 - Dark,03 - P.D. only,03 - Rear end,Urbandale
14599,BANK ST btwn BLAIS RD & RIDEAU RD,376897.4798,5017982.654,-75.58072984,45.29809747,2014-12-06,3:01,01 - Clear,06 - Ice,10 - No control,01 - Non intersection,07 - Dark,03 - P.D. only,07 - SMV other,Greenbelt
14600,STONEWAY DR btwn FOREST GATE WAY & MOUNTAIN ASH DR,366185.6813,5016862.512,-75.71743405,45.28903609,2014-10-21,13:29,02 - Rain,02 - Wet,10 - No control,04 - At/near private drive,01 - Daylight,03 - P.D. only,02 - Angle,Greenbelt
14601,HERON RD @ ALTA VISTA DR,370491.7723,5026903.962,-75.66121141,45.37899709,2014-10-15,4:07,02 - Rain,02 - Wet,01 - Traffic signal,02 - Intersection related,07 - Dark,03 - P.D. only,07 - SMV other,Alta Vista
14602,JEANNE D'ARC BLVD  S btwn HENRI LAUZON ST & BOYER RD,380639.9772,5036183.473,-75.53022259,45.46146239,2014-10-08,8:43,02 - Rain,02 - Wet,10 - No control,01 - Non intersection,01 - Daylight,03 - P.D. only,03 - Rear end,Chapel Hill
14603,WILLIAM ST btwn YORK ST & GEORGE ST,368040.8199,5032246.201,-75.69181823,45.42729043,2014-12-10,20:02,01 - Clear,02 - Wet,10 - No control,01 - Non intersection,07 - Dark,03 - P.D. only,99 - Other,Byward Market
14604,ALESTHER ST @ DONALD ST,371993.6296,5032459.978,-75.64127993,45.42884533,2014-07-26,18:40,01 - Clear,01 - Dry,02 - Stop sign,03 - At intersection,01 - Daylight,03 - P.D. only,05 - Turning movement,Overbrook
14605,OLD CARP RD btwn MARCH RD & LADY LOCHEAD LANE,344061.0705,5022230.412,-75.999047,45.33892278,2014-10-07,11:17,02 - Rain,02 - Wet,10 - No control,01 - Non intersection,01 - Daylight,03 - P.D. only,07 - SMV other,Stittsville - Basswood
14606,INDUSTRIAL AVE btwn NEIGHBORHOOD WAY & TRAINYARDS DR,371264.9596,5030543.879,-75.65084963,45.41167472,2014-12-19,12:30,01 - Clear,01 - Dry,10 - No control,04 - At/near private drive,01 - Daylight,03 - P.D. only,03 - Rear end,Industrial Park
14607,ARGYLE AVE @ O'CONNOR ST,368185.6609,5030485.098,-75.69019398,45.41143151,2014-10-25,23:42,01 - Clear,01 - Dry,01 - Traffic signal,03 - At intersection,07 - Dark,03 - P.D. only,02 - Angle,Centretown
14608,ST. JOSEPH BLVD @ JEANNE D'ARC BLVD,379862.1677,5036472.65,-75.540123,45.46414818,2014-11-11,7:30,01 - Clear,01 - Dry,11 - Roundabout,03 - At intersection,01 - Daylight,03 - P.D. only,04 - Sideswipe,Chapel Hill
14609,HUNT CLUB RD @ CANADAIR PRIV,368663.6675,5022312.919,-75.68514442,45.33785707,2014-11-28,14:59,01 - Clear,01 - Dry,01 - Traffic signal,02 - Intersection related,01 - Daylight,03 - P.D. only,03 - Rear end,Hunt Club - Ottawa Airport
14610,HUNT CLUB RD @ RIVERSIDE DR,368037.6531,5021946.924,-75.6931779,45.33462062,2014-12-26,14:18,01 - Clear,01 - Dry,01 - Traffic signal,03 - At intersection,01 - Daylight,03 - P.D. only,04 - Sideswipe,Hunt Club Woods - Quintarra - Revelstoke - Riverside South P
14611,BAYSHORE DR @ WOODRIDGE CRES S,359234.481,5023509.99,-75.80531284,45.34942327,2014-10-09,8:20,01 - Clear,01 - Dry,01 - Traffic signal,02 - Intersection related,01 - Daylight,03 - P.D. only,04 - Sideswipe,Bayshore
14612,MEADOWLANDS DR/TALLWOOD DR @ WOODROFFE AVE,363057.0313,5022730.321,-75.75662568,45.34210076,2014-10-09,10:25,02 - Rain,02 - Wet,01 - Traffic signal,02 - Intersection related,01 - Daylight,03 - P.D. only,04 - Sideswipe,Crestview - Meadowlands
14613,ALBION RD btwn ALBION RD S & BANK ST,371944.0006,5024136.772,-75.64304668,45.35396124,2014-11-26,18:26,01 - Clear,01 - Dry,10 - No control,04 - At/near private drive,07 - Dark,03 - P.D. only,02 - Angle,Emerald Woods - Sawmill Creek
14614,MARCHURST RD btwn MURPHY SIDE RD & RIDGESIDE FARM DR,343930.4406,5025668.591,-76.00044159,45.36986792,2014-10-19,18:03,01 - Clear,01 - Dry,10 - No control,04 - At/near private drive,01 - Daylight,03 - P.D. only,05 - Turning movement,Carp - Hardwood Plains
14615,RICHMOND RD btwn WINSTON AVE & CHURCHILL AVE N,363219.5901,5028287.914,-75.75389442,45.39209381,2014-12-21,16:07,01 - Clear,01 - Dry,10 - No control,01 - Non intersection,05 - Dusk,03 - P.D. only,04 - Sideswipe,Carlingwood - McKellar Park - Laurentien View
14616,MCKEOWN DR btwn BARFIELD RD & COKER ST,377503.7495,5013630.999,-75.57363807,45.25888051,2014-09-22,12:47,01 - Clear,01 - Dry,10 - No control,04 - At/near private drive,01 - Daylight,03 - P.D. only,07 - SMV other,Greely
14617,JOCKVALE RD btwn GOLFLINKS DR & PRINCE OF WALES DR,366103.0674,5012580.13,-75.71901579,45.2505106,2014-11-24,16:22,02 - Rain,02 - Wet,10 - No control,01 - Non intersection,05 - Dusk,03 - P.D. only,07 - SMV other,New Barrhaven
14618,INNES RD @ JEANNE D'ARC BLVD/MER BLEUE RD,382638.7037,5035569.929,-75.50476553,45.45572241,2014-12-12,11:28,03 - Snow,02 - Wet,01 - Traffic signal,02 - Intersection related,01 - Daylight,03 - P.D. only,03 - Rear end,Queenswood Heights
14619,ST. JOSEPH BLVD @ REGIONAL RD 174/TRANSITWAY,376556.1343,5035056.425,-75.58260084,45.45175334,2014-12-18,15:50,03 - Snow,06 - Ice,01 - Traffic signal,02 - Intersection related,01 - Daylight,03 - P.D. only,03 - Rear end,Greenbelt
14620,INNES RD btwn FRANK KENNY RD & O'TOOLE RD,388463.6864,5038010.14,-75.42988539,45.47700365,2014-12-24,0:24,03 - Snow,06 - Ice,10 - No control,01 - Non intersection,07 - Dark,03 - P.D. only,07 - SMV other,Cumberland - Estates
14621,HWY 417 TERRYFO IC140R61 @ TERRY FOX DR,350809.8899,5018709.224,-75.91326657,45.30682815,2014-12-31,8:45,01 - Clear,01 - Dry,01 - Traffic signal,03 - At intersection,01 - Daylight,03 - P.D. only,02 - Angle,Kanata Lakes - Marchwood Lakeside - Morgan's Grant - Kanata
14622,ELM CRES @ NORWAY SPRUCE ST S,350747.5911,5012525.784,-75.91463339,45.25119169,2014-11-17,7:00,03 - Snow,03 - Loose snow,02 - Stop sign,03 - At intersection,03 - Dawn,03 - P.D. only,07 - SMV other,Stittsville
14623,SLATE ST btwn CINNABAR WAY & CINNABAR WAY,351521.0554,5014855.515,-75.90456098,45.27210444,2014-12-30,0:00,01 - Clear,06 - Ice,10 - No control,01 - Non intersection,00 - Unknown,03 - P.D. only,06 - SMV unattended vehicle,Stittsville
14624,BANK ST btwn CENOTE RD & STONE SCHOOL RD,381353.9893,5012111.481,-75.52482084,45.2448002,2014-09-03,5:41,02 - Rain,02 - Wet,10 - No control,01 - Non intersection,07 - Dark,03 - P.D. only,07 - SMV other,Osgoode
14625,BANK ST @ SECOND AVE,368307.2069,5029627.359,-75.68875177,45.40370283,2014-09-07,14:00,01 - Clear,01 - Dry,02 - Stop sign,02 - Intersection related,01 - Daylight,03 - P.D. only,06 - SMV unattended vehicle,The Glebe
14626,HAMILTON AVE   N btwn WELLINGTON ST W & TYNDALL ST,365093.3457,5029194.396,-75.7298551,45.40009132,2014-09-19,9:03,01 - Clear,01 - Dry,10 - No control,01 - Non intersection,01 - Daylight,03 - P.D. only,06 - SMV unattended vehicle,Islan
14627,CYRVILLE RD @ ST. LAURENT BLVD,372240.8117,5032112.792,-75.6381689,45.42569773,2014-12-10,16:50,03 - Snow,03 - Loose snow,01 - Traffic signal,02 - Intersection related,07 - Dark,03 - P.D. only,04 - Sideswipe,Overbrook
14628,KANATA RD @ LORD BYNG WAY/MARITIME WAY,351431.4512,5019331.323,-75.9052821,45.31238496,2014-12-22,16:10,01 - Clear,01 - Dry,01 - Traffic signal,03 - At intersection,05 - Dusk,03 - P.D. only,05 - Turning movement,Kanata
14629,BESSERER ST @ WALLER ST,368314.9694,5032191.496,-75.68832216,45.42677337,2014-12-22,16:27,01 - Clear,01 - Dry,01 - Traffic signal,02 - Intersection related,05 - Dusk,03 - P.D. only,04 - Sideswipe,Byward Market - Parliament Hill
14630,BRONSON AVE btwn BRONSON AVE RAMP 34 & AIRPORT PKWY/BRONSON AVE RAMP 2,368686.8047,5026748.684,-75.68427594,45.37776685,2014-12-12,22:00,01 - Clear,06 - Ice,10 - No control,01 - Non intersection,07 - Dark,03 - P.D. only,04 - Sideswipe,Alta Vista
14631,DICKINSON ST btwn MILL ST & TIGHE ST,368968.555,5009900.621,-75.68285958,45.22614511,2014-12-18,11:43,01 - Clear,01 - Dry,10 - No control,01 - Non intersection,01 - Daylight,03 - P.D. only,06 - SMV unattended vehicle,Manotick
14632,INDUSTRIAL AVE @ RIVERSIDE DR,370682.8184,5030593.979,-75.65827951,45.41218055,2014-12-31,14:11,01 - Clear,01 - Dry,01 - Traffic signal,02 - Intersection related,01 - Daylight,03 - P.D. only,04 - Sideswipe,Industrial Park
14633,BASELINE RD btwn LOBLAWS SC & MERIVALE RD,364954.9339,5025265.182,-75.7321017,45.3647489,2014-10-16,12:46,01 - Clear,02 - Wet,10 - No control,01 - Non intersection,01 - Daylight,03 - P.D. only,05 - Turning movement,Civic Hospital - Experimental Farm - Central Park
14634,MITCH OWENS RD btwn RIVER RD & SPRATT RD,369586.5605,5010815.023,-75.67487149,45.23431626,2014-08-16,13:25,02 - Rain,02 - Wet,10 - No control,04 - At/near private drive,01 - Daylight,03 - P.D. only,02 - Angle,Manotick
14635,KING EDWARD AVE @ MURRAY ST,368291.6281,5032753.663,-75.68854793,45.43183367,2014-09-16,10:25,01 - Clear,01 - Dry,01 - Traffic signal,02 - Intersection related,01 - Daylight,03 - P.D. only,03 - Rear end,Byward Market
14636,BASELINE RD @ GREENBANK RD,360596.1692,5022585.106,-75.78804078,45.34099417,2014-12-12,16:44,01 - Clear,02 - Wet,01 - Traffic signal,02 - Intersection related,05 - Dusk,03 - P.D. only,03 - Rear end,Qualicum - Redwood Park