Record,Location,X,Y,lon,lat,Date,Time,Environment,Road_Surface,Traffic_Control,Collision_Location,Light,Collision_Classification,Impact_type,Neighborhood
14637,OGILVIE RD btwn NASKAPI DR & MONTREAL RD,375647.2275,5034576.406,-75.59428884,45.44752715,2014-12-22,15:04,01 - Clear,01 - Dry,10 - No control,04 - At/near private drive,01 - Daylight,03 - P.D. only,07 - SMV other,Beacon Hill North
14638,SMYTH RD btwn VALOUR DR & BARNHART PL,370706.743,5029088.35,-75.65817513,45.39863123,2014-12-23,18:25,02 - Rain,02 - Wet,10 - No control,01 - Non intersection,07 - Dark,03 - P.D. only,99 - Other,Alta Vista
14639,HERZBERG RD @ MARCH RD,352323.3192,5021529.094,-75.89369732,45.33210118,2014-12-02,22:09,02 - Rain,05 - Packed snow,01 - Traffic signal,02 - Intersection related,07 - Dark,03 - P.D. only,07 - SMV other,Kanata Lakes - Marchwood Lakeside - Morgan's Grant - Kanata
14640,FISHER AVE @ NORMANDY CRES N,366684.4015,5024781.916,-75.71008706,45.36025002,2014-12-12,18:21,01 - Clear,04 - Slush,02 - Stop sign,02 - Intersection related,07 - Dark,03 - P.D. only,04 - Sideswipe,Carleton Heights - Rideauview
14641,OR174 IC109 RAMP55 btwn REGIONAL ROAD 174 & ST. JOSEPH BLVD,376457.5923,5034922.067,-75.58388011,45.45055458,2014-11-02,3:04,01 - Clear,01 - Dry,10 - No control,01 - Non intersection,07 - Dark,03 - P.D. only,99 - Other,Greenbelt
14642,RIVERSIDE DR NB btwn INDUSTRIAL AVE & TREMBLAY RD,370804.9285,5030969.827,-75.65666926,45.41555077,2014-12-20,15:20,01 - Clear,01 - Dry,10 - No control,01 - Non intersection,01 - Daylight,03 - P.D. only,04 - Sideswipe,Industrial Park
14643,ST. LAURENT BLVD @ COVENTRY RD/OGILVIE RD,372304.7694,5031953,-75.63737357,45.42425382,2014-12-20,16:25,01 - Clear,01 - Dry,01 - Traffic signal,02 - Intersection related,05 - Dusk,03 - P.D. only,03 - Rear end,Overbrook
14644,LYON ST @ SOMERSET ST,367366.7003,5030717.04,-75.70062643,45.41359215,2014-12-21,15:20,01 - Clear,01 - Dry,01 - Traffic signal,03 - At intersection,01 - Daylight,03 - P.D. only,02 - Angle,Centretown
14645,RIVER RD btwn KILBY LANE & WATERFRONT CRT,372409.5752,5007279.818,-75.63940127,45.20224157,2014-11-27,4:47,01 - Clear,01 - Dry,10 - No control,01 - Non intersection,07 - Dark,03 - P.D. only,07 - SMV other,Manotick
14646,FOURTH LINE RD btwn COMMUNITY WAY & WILLISBROOK DR,366743.8557,4999034.562,-75.71253565,45.12857047,2014-10-07,17:47,01 - Clear,01 - Dry,10 - No control,04 - At/near private drive,07 - Dark,03 - P.D. only,02 - Angle,Manotick - North Gower
14647,GREENBANK RD @ HWY 417 IC129 RAMP57/IRIS ST,360530.4081,5023313.695,-75.78879774,45.34755523,2014-11-11,5:57,01 - Clear,01 - Dry,01 - Traffic signal,03 - At intersection,07 - Dark,03 - P.D. only,02 - Angle,Iris
14648,RUSSELL RD btwn RAMSAYVILLE RD & TREADWELL RD,377932.8253,5026824.782,-75.56622374,45.37754748,2014-12-23,16:36,02 - Rain,02 - Wet,10 - No control,01 - Non intersection,05 - Dusk,03 - P.D. only,07 - SMV other,Greenbelt
14649,HAZELDEAN RD @ TERRY FOX DR,352206.6471,5017244.861,-75.89559565,45.29355856,2014-12-15,12:19,01 - Clear,01 - Dry,01 - Traffic signal,02 - Intersection related,01 - Daylight,03 - P.D. only,03 - Rear end,Katimavik - Hazeldean
14650,MOODIE DR @ WEST HUNT CLUB RD,357907.9547,5018497.85,-75.82277826,45.30442534,2014-12-15,17:03,01 - Clear,02 - Wet,01 - Traffic signal,02 - Intersection related,07 - Dark,03 - P.D. only,03 - Rear end,Greenbelt
14651,INNES RD EB btwn INNES RD E & ORLEANS BLVD,379854.811,5033863.847,-75.54061514,45.44067693,2014-11-07,19:04,01 - Clear,01 - Dry,10 - No control,01 - Non intersection,07 - Dark,03 - P.D. only,99 - Other,Greenbelt
14652,THORNDALE DR btwn WALKLEY RD & PROVOST DR,369503.729,5025335.563,-75.67403142,45.36497705,2014-10-21,14:15,01 - Clear,01 - Dry,10 - No control,01 - Non intersection,01 - Daylight,03 - P.D. only,06 - SMV unattended vehicle,Hunt Club Woods - Quintarra - Revelstoke - Riverside South P
14653,HUNT CLUB RD @ LORRY GREENBERG DR/SABLE RIDGE ,372823.7387,5024807.98,-75.63172758,45.35991573,2014-12-11,18:22,01 - Clear,01 - Dry,01 - Traffic signal,03 - At intersection,07 - Dark,03 - P.D. only,02 - Angle,Greenboro East
14654,ELGIN ST NB @ WELLINGTON ST/RIDEAU ST,367801.941,5031962.863,-75.6949069,45.42476261,2014-11-11,7:11,01 - Clear,01 - Dry,01 - Traffic signal,02 - Intersection related,03 - Dawn,03 - P.D. only,04 - Sideswipe,Byward Market - Parliament Hill
14655,MEADOWBROOK RD btwn CYRVILLE RD & FINE CRES,374633.4329,5031257.143,-75.60771837,45.41776428,2014-12-24,12:35,02 - Rain,02 - Wet,10 - No control,04 - At/near private drive,01 - Daylight,03 - P.D. only,02 - Angle,Pineview
14656,EIGHTH LINE RD btwn HALL RD & HALL RD,384757.9646,5024942.859,-75.47939672,45.3598698,2014-12-23,17:00,04 - Freezing Rain,06 - Ice,10 - No control,01 - Non intersection,07 - Dark,03 - P.D. only,07 - SMV other,Greenbelt
14657,CYRVILLE RD btwn STAR TOP RD & MEADOWBROOK RD,374619.1268,5031246.799,-75.60790261,45.41767264,2014-12-17,16:16,01 - Clear,01 - Dry,10 - No control,04 - At/near private drive,05 - Dusk,03 - P.D. only,02 - Angle,Industrial Park
14658,STRANDHERD DR @ CEDARVIEW RD/TARTAN DR,362290.9123,5013545.408,-75.76746581,45.259518,2014-12-16,15:00,02 - Rain,02 - Wet,01 - Traffic signal,03 - At intersection,01 - Daylight,03 - P.D. only,03 - Rear end,New Barrhaven
14659,BOUNDARY RD @ MITCH OWENS RD,388066.5813,5022165.44,-75.43763946,45.33449586,2014-09-27,8:57,01 - Clear,01 - Dry,02 - Stop sign,02 - Intersection related,01 - Daylight,03 - P.D. only,07 - SMV other,Navan - Vars
14660,INNES RD btwn PRESTWICK DR & TENTH LINE RD,383891.9028,5036135.333,-75.48865385,45.46066868,2014-12-30,14:55,01 - Clear,01 - Dry,10 - No control,04 - At/near private drive,01 - Daylight,03 - P.D. only,05 - Turning movement,Queenswood Heights
14661,PARKDALE AVE @ SCOTT ST,364948.7535,5029724.185,-75.73163724,45.40487068,2014-10-08,13:45,01 - Clear,01 - Dry,01 - Traffic signal,02 - Intersection related,01 - Daylight,03 - P.D. only,99 - Other,Islan
14662,CHAPMAN MILLS DR/TRANSITWAY SOUTHWEST @ WOODROFFE AVE,366177.0901,5015219.37,-75.71774677,45.27425195,2014-12-10,20:33,03 - Snow,05 - Packed snow,01 - Traffic signal,02 - Intersection related,07 - Dark,03 - P.D. only,04 - Sideswipe,New Barrhaven
14663,WALKLEY RD btwn HERON RD & TURN LANE,372289.978,5027098.181,-75.63822697,45.38057368,2014-12-13,13:10,01 - Clear,01 - Dry,10 - No control,01 - Non intersection,01 - Daylight,03 - P.D. only,03 - Rear end,Ledbury - Heron Gate - Ridgemont - Elmwood
14664,ST. LAURENT BLVD @ WALKLEY RD,373903.7002,5028046.974,-75.6174911,45.38895318,2014-10-17,11:02,01 - Clear,01 - Dry,01 - Traffic signal,02 - Intersection related,01 - Daylight,03 - P.D. only,02 - Angle,Hawthorne Meadows
14665,CEDARVIEW RD @ FALLOWFIELD RD,361294.9381,5015663.573,-75.77991428,45.27865813,2014-10-22,14:00,01 - Clear,01 - Dry,01 - Traffic signal,03 - At intersection,01 - Daylight,03 - P.D. only,02 - Angle,Munster Hamlet - Richmond
14666,JACK PURCELL LANE btwn LEWIS ST & WAVERLEY ST,368246.7423,5030986.201,-75.68934919,45.41593473,2014-12-17,9:16,02 - Rain,02 - Wet,10 - No control,01 - Non intersection,01 - Daylight,03 - P.D. only,04 - Sideswipe,Centretown
14667,MACKENZIE AVE @ RIDEAU ST,367869.0922,5032009.419,-75.69404291,45.42517545,2014-12-31,12:30,01 - Clear,01 - Dry,01 - Traffic signal,03 - At intersection,01 - Daylight,03 - P.D. only,02 - Angle,Byward Market - Parliament Hill
14668,TERRY FOX DR btwn CAMPEAU DR & DIDSBURY RD,350475.2977,5019003.789,-75.91750603,45.30950056,2014-12-13,11:00,01 - Clear,02 - Wet,10 - No control,01 - Non intersection,01 - Daylight,03 - P.D. only,04 - Sideswipe,Kanata
14669,CHARLOTTE ST btwn BESSERER ST & DALY AVE,369301.9074,5032777.984,-75.67563425,45.43196005,2014-10-16,19:43,01 - Clear,02 - Wet,10 - No control,01 - Non intersection,07 - Dark,03 - P.D. only,02 - Angle,Sandy Hill
14670,CARLING AVE EB btwn SHERWOOD DR & PRESTON ST,366661.1842,5028806.872,-75.70987913,45.3964677,2014-10-30,11:18,01 - Clear,01 - Dry,10 - No control,01 - Non intersection,01 - Daylight,03 - P.D. only,04 - Sideswipe,Civic Hospital - Experimental Farm - Central Park
14671,MERIVALE RD @ SLACK RD,366019.7003,5020955.968,-75.7190442,45.32588309,2014-12-20,4:04,01 - Clear,01 - Dry,01 - Traffic signal,02 - Intersection related,07 - Dark,03 - P.D. only,07 - SMV other,Merivale Gardens - Grenfell Glen - Pineglen - Country Place
14672,CARLING AVE @ PINECREST  RD/GREENVIEW AVE,360005.0123,5024633.611,-75.79535468,45.35947336,2014-09-06,15:13,01 - Clear,01 - Dry,01 - Traffic signal,02 - Intersection related,01 - Daylight,03 - P.D. only,03 - Rear end,Whitehaven - Queensway Terrace North
14673,BANK ST @ RIVERSIDE DR N,369224.7658,5027984.971,-75.67724647,45.38884132,2014-12-25,11:16,01 - Clear,01 - Dry,01 - Traffic signal,03 - At intersection,01 - Daylight,03 - P.D. only,02 - Angle,Alta Vista
14674,JENNIFER LANE @ PHEASANT RUN DR,361564.968,5015382.035,-75.77650494,45.27610308,2014-11-18,14:17,01 - Clear,04 - Slush,02 - Stop sign,03 - At intersection,01 - Daylight,03 - P.D. only,02 - Angle,Barrhaven West - Old Barrhaven
14675,HARDING RD @ WALKLEY RD,373149.6316,5027610.337,-75.62718049,45.3850985,2014-11-20,9:59,01 - Clear,02 - Wet,01 - Traffic signal,03 - At intersection,01 - Daylight,03 - P.D. only,02 - Angle,Urbandale
14676,JEANNE D'ARC BLVD  S btwn DES EPINETTES AVE & SAPINIER ST,382550.3544,5035782.797,-75.50586132,45.45764745,2014-12-27,20:21,01 - Clear,02 - Wet,10 - No control,01 - Non intersection,07 - Dark,03 - P.D. only,07 - SMV other,Orleans Village - Chateauneuf
14677,ROTHESAY DR btwn ROTHESAY DR & SHOULDICE CRES,354077.6647,5017141.176,-75.87175309,45.29249686,2014-12-28,20:10,01 - Clear,01 - Dry,10 - No control,01 - Non intersection,07 - Dark,03 - P.D. only,05 - Turning movement,Glen Cairn - Kanata South Business Park
14678,NORVIEW CRES btwn PRINCESS LOUISE DR & PRINCESS LOUISE DR,383231.8429,5038437.44,-75.49672527,45.48145538,2014-12-31,19:48,01 - Clear,01 - Dry,10 - No control,01 - Non intersection,07 - Dark,03 - P.D. only,06 - SMV unattended vehicle,Industrial Park
14679,SLATER ST btwn BANK ST & O'CONNOR ST,367435.9145,5031362.456,-75.69966018,45.41939321,2014-12-15,2:46,01 - Clear,02 - Wet,10 - No control,01 - Non intersection,07 - Dark,03 - P.D. only,04 - Sideswipe,Downtown
14680,MCARTHUR AVE @ VANIER PKWY,370218.705,5032690.111,-75.66393005,45.43108425,2014-11-06,9:50,01 - Clear,01 - Dry,01 - Traffic signal,02 - Intersection related,01 - Daylight,03 - P.D. only,03 - Rear end,Vanier South
14681,BAY ST @ SLATER ST,366984.6479,5031078.095,-75.70546163,45.41687487,2014-11-11,10:48,01 - Clear,01 - Dry,01 - Traffic signal,03 - At intersection,01 - Daylight,03 - P.D. only,05 - Turning movement,Downtown
14682,KING EDWARD AVE @ YORK ST,368395.759,5032623.014,-75.6872341,45.43064868,2014-12-31,12:31,01 - Clear,01 - Dry,01 - Traffic signal,02 - Intersection related,01 - Daylight,03 - P.D. only,03 - Rear end,Lower Town
14683,MEADOWLANDS DR @ MERIVALE RD,364858.6999,5023724.917,-75.7335172,45.35089808,2014-12-31,11:31,01 - Clear,01 - Dry,01 - Traffic signal,02 - Intersection related,01 - Daylight,03 - P.D. only,03 - Rear end,Cityview - Skyline - Fisher Heights
14684,RIVERSIDE DR SB btwn TERMINAL AVE & Continuation of RIVERSIDE DR,370714.1954,5030732.575,-75.65786014,45.41342463,2014-11-27,14:59,01 - Clear,01 - Dry,10 - No control,01 - Non intersection,01 - Daylight,03 - P.D. only,04 - Sideswipe,Industrial Park
14685,NICHOLAS ST NB btwn HWY417 IC118 RAMP52 & WALLER ST,368688.3518,5031561.902,-75.68363273,45.42107451,2014-11-11,9:35,01 - Clear,01 - Dry,10 - No control,01 - Non intersection,01 - Daylight,03 - P.D. only,99 - Other,Sandy Hill
14686,ERINDALE DR @ BASELINE RD,363856.783,5024575.523,-75.74620116,45.35863682,2014-12-02,15:55,01 - Clear,01 - Dry,02 - Stop sign,02 - Intersection related,05 - Dusk,03 - P.D. only,02 - Angle,Braemar Park - Bel Air Heights - Copeland Park
14687,AIRPORT PKWY btwn AIRPORT PARKWAY PRIV & RAMP,371078.4342,5021301.676,-75.65447242,45.32853423,2014-12-29,22:40,01 - Clear,01 - Dry,10 - No control,01 - Non intersection,07 - Dark,03 - P.D. only,05 - Turning movement,Greenbelt
14688,GEORGE ST btwn WILLIAM ST & DALHOUSIE ST,368054.3357,5032237.762,-75.6916466,45.42721328,2014-12-30,1:35,01 - Clear,01 - Dry,10 - No control,01 - Non intersection,07 - Dark,03 - P.D. only,07 - SMV other,Byward Market
14689,REGIONAL ROAD 174 btwn MORIN RD & OLD MONTREAL RD,392385.859,5042751.789,-75.37888126,45.51918196,2014-11-16,16:18,02 - Rain,02 - Wet,10 - No control,01 - Non intersection,01 - Daylight,03 - P.D. only,03 - Rear end,Cumberland - Estates
14690,BRONSON AVE btwn OLD SUNSET BLVD & LAKESIDE AVE,367650.7673,5028848.767,-75.69723559,45.39675653,2014-11-18,6:50,01 - Clear,01 - Dry,10 - No control,01 - Non intersection,03 - Dawn,03 - P.D. only,03 - Rear end,The Glebe
14691,BANK ST btwn CHESLEY ST & RIVERDALE AVE,369009.6436,5028194.944,-75.67996614,45.39075035,2014-11-19,8:40,02 - Rain,02 - Wet,10 - No control,04 - At/near private drive,01 - Daylight,03 - P.D. only,04 - Sideswipe,Old Ottawa South
14692,EASTPARK DR btwn ALDER CRES & RED MAPLE CRES,378626.7403,5033547.44,-75.5563582,45.43796088,2014-09-20,16:17,02 - Rain,02 - Wet,10 - No control,01 - Non intersection,01 - Daylight,03 - P.D. only,06 - SMV unattended vehicle,Blackburn Hamlet
14693,TERRY FOX DR @ EDGEWATER ST/WALTER BAKER PL,351777.6082,5017614.875,-75.90103027,45.29691686,2014-09-30,10:12,01 - Clear,01 - Dry,01 - Traffic signal,03 - At intersection,01 - Daylight,03 - P.D. only,05 - Turning movement,Katimavik - Hazeldean
14694,CATHERINE ST btwn METCALFE ST & ELGIN ST,368499.503,5030550.494,-75.68617634,45.41199143,2014-10-03,10:55,01 - Clear,01 - Dry,10 - No control,01 - Non intersection,01 - Daylight,03 - P.D. only,06 - SMV unattended vehicle,Centretown
14695,WELLINGTON ST btwn METCALFE ST & ELGIN ST,367652.8982,5031870.053,-75.69682315,45.42394094,2014-06-26,9:17,01 - Clear,01 - Dry,10 - No control,01 - Non intersection,01 - Daylight,03 - P.D. only,04 - Sideswipe,Downtown
14696,LESLIE AVE @ PLEASANT PARK RD,369776.8148,5028435.96,-75.67013774,45.39284817,2014-11-17,17:32,01 - Clear,03 - Loose snow,02 - Stop sign,02 - Intersection related,07 - Dark,03 - P.D. only,07 - SMV other,Alta Vista
14697,HERON RD @ ALTA VISTA DR,370490.8222,5026903.012,-75.66122367,45.37898863,2014-12-15,18:14,01 - Clear,01 - Dry,01 - Traffic signal,02 - Intersection related,07 - Dark,03 - P.D. only,03 - Rear end,Alta Vista
14698,FISHER AVE btwn MCCOOEY LANE & BASELINE RD,366050.835,5026300.856,-75.71798504,45.37397279,2014-11-25,23:08,01 - Clear,01 - Dry,10 - No control,04 - At/near private drive,07 - Dark,03 - P.D. only,05 - Turning movement,Civic Hospital - Experimental Farm - Central Park
14699,MERIVALE RD @ WEST HUNT CLUB RD,365612.9982,5021940.68,-75.72411089,45.33477876,2014-10-08,17:35,01 - Clear,01 - Dry,01 - Traffic signal,02 - Intersection related,01 - Daylight,03 - P.D. only,99 - Other,Industrial Park
14700,CYRVILLE RD btwn STAR TOP RD & MEADOWBROOK RD,374517.5694,5031277.186,-75.60919578,45.41795617,2014-06-19,17:09,01 - Clear,01 - Dry,10 - No control,04 - At/near private drive,01 - Daylight,03 - P.D. only,02 - Angle,Industrial Park
14701,GREENBANK RD btwn WEST HUNT CLUB RD & FALLOWFIELD RD,361679.8958,5020049.842,-75.77450483,45.31809488,2014-11-25,20:20,01 - Clear,01 - Dry,10 - No control,01 - Non intersection,07 - Dark,03 - P.D. only,99 - Other,Greenbelt
14702,TERRY FOX DR S @ DIDSBURY RD/CENTRUM KANATA SC,350623.6705,5018915.889,-75.91562207,45.30869995,2014-12-05,16:53,01 - Clear,01 - Dry,01 - Traffic signal,03 - At intersection,07 - Dark,03 - P.D. only,05 - Turning movement,Kanata
14703,YORK ST WB btwn CUMBERLAND ST & KING EDWARD AVE,368357.3755,5032604.594,-75.68772698,45.43048643,2014-11-19,23:49,01 - Clear,01 - Dry,10 - No control,01 - Non intersection,07 - Dark,03 - P.D. only,02 - Angle,Byward Market
14704,ST. LAURENT BLVD btwn CYRVILLE RD & COVENTRY RD,372300.0188,5031967.252,-75.63743232,45.42438252,2014-11-21,20:00,02 - Rain,02 - Wet,10 - No control,01 - Non intersection,07 - Dark,03 - P.D. only,03 - Rear end,Overbrook
14705,LENESTER AVE @ MAITLAND AVE,363079.638,5026146.999,-75.75593441,45.37284181,2014-10-23,19:50,01 - Clear,01 - Dry,02 - Stop sign,02 - Intersection related,07 - Dark,03 - P.D. only,02 - Angle,Carlingwood West - Glabar Park - McKellar Heights
14706,YORK ST WB btwn BYWARD MARKE SQ & SUSSEX DR,367909.3677,5032329.063,-75.69348732,45.42804787,2014-12-28,2:15,01 - Clear,01 - Dry,10 - No control,01 - Non intersection,07 - Dark,03 - P.D. only,02 - Angle,Byward Market
14707,WOODROFFE AVE btwn WOODROFFE AVE & NAVAHO DR,362582.9345,5023682.042,-75.76256358,45.35070349,2014-10-04,19:13,02 - Rain,02 - Wet,10 - No control,01 - Non intersection,07 - Dark,03 - P.D. only,03 - Rear end,Centrepointe
14708,GREENBANK RD btwn WEST HUNT CLUB RD & FALLOWFIELD RD,362531.8924,5017998.261,-75.76387763,45.29956522,2014-05-15,6:20,01 - Clear,02 - Wet,10 - No control,01 - Non intersection,01 - Daylight,03 - P.D. only,07 - SMV other,Greenbelt
14709,MONTREAL RD @ DEN HAAG DR/LANG'S RD,372385.8089,5034220.978,-75.63602676,45.44465216,2014-10-09,11:32,01 - Clear,02 - Wet,01 - Traffic signal,03 - At intersection,01 - Daylight,03 - P.D. only,02 - Angle,Carson Grove - Carson Meadows
14710,MACLAREN ST btwn BAY ST & LYON ST N,367352.7213,5030611.875,-75.70081836,45.41264716,2014-10-08,13:25,01 - Clear,01 - Dry,10 - No control,04 - At/near private drive,01 - Daylight,03 - P.D. only,02 - Angle,Centretown
14711,CARLING AVE @ HOLLAND AVE,365416.9119,5028037.314,-75.72586464,45.38965221,2014-10-18,10:14,01 - Clear,01 - Dry,01 - Traffic signal,02 - Intersection related,01 - Daylight,03 - P.D. only,03 - Rear end,Civic Hospital - Experimental Farm - Central Park
14712,ANDERSON RD @ LEITRIM RD,380474.0771,5024907.899,-75.53407465,45.36003073,2014-12-05,17:28,01 - Clear,01 - Dry,02 - Stop sign,03 - At intersection,07 - Dark,03 - P.D. only,02 - Angle,Greenbelt
14713,BANK ST @ CONROY RD,375045.0531,5022237.287,-75.60374271,45.33656669,2014-12-06,2:21,03 - Snow,03 - Loose snow,01 - Traffic signal,03 - At intersection,07 - Dark,03 - P.D. only,07 - SMV other,Greenbelt
14714,MAITLAND AVE/GLENMOUNT AVE @ ERINDALE DR,363697.5037,5025211.553,-75.74815822,45.36437314,2014-12-07,8:00,01 - Clear,01 - Dry,01 - Traffic signal,02 - Intersection related,01 - Daylight,03 - P.D. only,03 - Rear end,Braemar Park - Bel Air Heights - Copeland Park
14715,BANK ST btwn ALTA VISTA DR & ERIE AVE,370172.0596,5026386.488,-75.66536175,45.37437093,2014-12-09,17:00,01 - Clear,01 - Dry,10 - No control,04 - At/near private drive,07 - Dark,03 - P.D. only,02 - Angle,Ledbury - Heron Gate - Ridgemont - Elmwood
14716,CROWNHILL ST btwn APPLEFORD ST & DUNHAM ST,374746.9936,5033583.463,-75.60593715,45.43868389,2014-11-02,18:38,01 - Clear,01 - Dry,10 - No control,01 - Non intersection,07 - Dark,03 - P.D. only,06 - SMV unattended vehicle,Beacon Hill South - Cardinal Heights
14717,KINGSVIEW LN @ STRANDHERD DR,363137.4187,5014201.404,-75.75660372,45.26535101,2014-03-30,18:35,01 - Clear,01 - Dry,02 - Stop sign,03 - At intersection,07 - Dark,03 - P.D. only,02 - Angle,New Barrhaven
14718,DOVERCOURT AVE @ SHERBOURNE RD,362151.7265,5026789.054,-75.76770566,45.37869551,2014-09-14,20:13,01 - Clear,01 - Dry,02 - Stop sign,02 - Intersection related,07 - Dark,03 - P.D. only,07 - SMV other,Carlingwood - McKellar Park - Laurentien View
14719,LABELLE ST/RAMP @ LEMIEUX ST/HWY417 IC115 RAMP,372540.7703,5031689.044,-75.63439442,45.42185606,2014-10-22,8:31,01 - Clear,01 - Dry,02 - Stop sign,03 - At intersection,01 - Daylight,03 - P.D. only,02 - Angle,Cummings
14720,FIRST (1ST) ST @ PARKIN CIRC,372707.2447,5023016.615,-75.63346038,45.34380897,2014-09-04,0:01,01 - Clear,01 - Dry,02 - Stop sign,02 - Intersection related,07 - Dark,03 - P.D. only,07 - SMV other,Blossom Park - Blossom Park West - Sawmill Creek/ Timbermill
14721,SMYTH RD E/LANCASTER RD @ ST. LAURENT BLVD N/R,373365.6299,5029424.124,-75.62417048,45.40139703,2014-10-27,19:07,01 - Clear,01 - Dry,01 - Traffic signal,03 - At intersection,07 - Dark,03 - P.D. only,05 - Turning movement,Sheffield Glen
14722,KATIMAVIK RD @ CHIMO DR E/HEARST WAY,352959.9249,5019611.077,-75.8857625,45.31479908,2014-08-16,17:31,02 - Rain,02 - Wet,01 - Traffic signal,03 - At intersection,01 - Daylight,03 - P.D. only,05 - Turning movement,Katimavik - Hazeldean
14723,CATHERINE ST @ METCALFE ST,368394.6158,5030487.775,-75.68752433,45.41143664,2014-10-31,0:00,01 - Clear,01 - Dry,01 - Traffic signal,03 - At intersection,07 - Dark,03 - P.D. only,02 - Angle,Centretown
14724,EAGLESON RD @ PALOMINO DR N,354011.1433,5017576.235,-75.87255796,45.29641628,2014-12-28,12:11,01 - Clear,01 - Dry,01 - Traffic signal,03 - At intersection,01 - Daylight,03 - P.D. only,03 - Rear end,Bridlewood - Emerald Meadows
14725,RIDEAU ST btwn KING EDWARD AVE & NELSON ST,368582.8626,5032458.287,-75.68486446,45.42914948,2014-10-09,17:00,01 - Clear,02 - Wet,10 - No control,04 - At/near private drive,01 - Daylight,03 - P.D. only,02 - Angle,Lowe
14726,ELGIN ST @ WAVERLEY ST,368317.7067,5030953.993,-75.68844673,45.4156385,2014-12-09,20:10,01 - Clear,02 - Wet,01 - Traffic signal,03 - At intersection,07 - Dark,03 - P.D. only,02 - Angle,Centretown
14727,RICHMOND RD btwn WINSTON AVE & CHURCHILL AVE N,363204.891,5028280.675,-75.75408299,45.3920299,2014-12-12,14:20,01 - Clear,01 - Dry,10 - No control,01 - Non intersection,01 - Daylight,03 - P.D. only,05 - Turning movement,Carlingwood - McKellar Park - Laurentien View
14728,REGIONAL ROAD 174 EB btwn HWY417 IC113 RAMP65 & OR174 BLAIR IC112 RAMP51,374387.8583,5032510.313,-75.61067874,45.42906411,2014-10-15,13:38,01 - Clear,01 - Dry,10 - No control,01 - Non intersection,01 - Daylight,03 - P.D. only,03 - Rear end,Pineview
14729,ANALDEA DR @ BANK ST,375698.0502,5020812.889,-75.59561616,45.32368488,2014-12-01,16:20,03 - Snow,02 - Wet,01 - Traffic signal,02 - Intersection related,05 - Dusk,03 - P.D. only,03 - Rear end,Greenbelt
14730,OLD ORCHARD CRES W @ SPRINGBROOK DR W,349943.189,5015048.337,-75.92465162,45.27394258,2014-12-02,9:23,01 - Clear,01 - Dry,02 - Stop sign,03 - At intersection,01 - Daylight,03 - P.D. only,04 - Sideswipe,Stittsville
14731,BLAIS RD btwn BANK ST & HAWTHORNE RD,376850.4478,5020116.442,-75.58101924,45.31730122,2014-11-22,12:08,01 - Clear,01 - Dry,10 - No control,01 - Non intersection,01 - Daylight,03 - P.D. only,07 - SMV other,Greenbelt
14732,BEAVER RDG @ MEADOWLANDS DR,365690.7695,5024680.502,-75.72278141,45.35942452,2014-11-14,18:08,01 - Clear,01 - Dry,02 - Stop sign,02 - Intersection related,07 - Dark,03 - P.D. only,03 - Rear end,Borden Farm - Stewart Farm - Parkwood Hills - Fisher Glen
14733,STRANDHERD DR btwn GREENBANK RD & Continuation of STRANDHERD DR,363986.1081,5014817.144,-75.74571639,45.27082055,2014-11-15,12:53,01 - Clear,01 - Dry,10 - No control,01 - Non intersection,01 - Daylight,03 - P.D. only,99 - Other,New Barrhaven
14734,BREWER RD @ BRONSON AVE,368108.0436,5027765.054,-75.69153464,45.3869644,2014-11-21,17:32,01 - Clear,01 - Dry,01 - Traffic signal,02 - Intersection related,07 - Dark,03 - P.D. only,04 - Sideswipe,Carleto
14735,OTTAWA RIVER PKWY OFFR-EB @ PARKDALE AVE,364681.7085,5030330.337,-75.73497464,45.4103476,2014-10-16,8:07,01 - Clear,01 - Dry,03 - Yield sign,02 - Intersection related,01 - Daylight,03 - P.D. only,02 - Angle,Tunney's Pasture
14736,HILSON AVE @ BYRON AVE,363970.6859,5028478.074,-75.74427983,45.39374177,2014-12-12,18:33,01 - Clear,02 - Wet,02 - Stop sign,03 - At intersection,07 - Dark,03 - P.D. only,02 - Angle,Westboro
14737,KENT ST @ SOMERSET ST,367525.7511,5030816.04,-75.69858194,45.41446868,2014-12-16,22:02,04 - Freezing Rain,06 - Ice,01 - Traffic signal,02 - Intersection related,07 - Dark,03 - P.D. only,03 - Rear end,Centretown
14738,SPRATT RD btwn OWLS CABIN AVE & LIMEBANK RD,369759.7748,5016863.882,-75.67187474,45.28872716,2014-06-20,10:21,01 - Clear,01 - Dry,10 - No control,01 - Non intersection,01 - Daylight,03 - P.D. only,03 - Rear end,Gloucester
14739,KING EDWARD AVE @ OSGOODE ST/THOMAS MORE PRIV,368848.7567,5031854,-75.6815453,45.42368803,2014-09-06,8:35,02 - Rain,02 - Wet,01 - Traffic signal,03 - At intersection,01 - Daylight,03 - P.D. only,02 - Angle,Sandy Hill
14740,DATA CENTRE RD btwn TURN LANE & TURN LANE,368994.9317,5026929.69,-75.68031856,45.37936733,2014-10-16,22:11,01 - Clear,02 - Wet,10 - No control,04 - At/near private drive,07 - Dark,03 - P.D. only,02 - Angle,Alta Vista