Record,Location,X,Y,lon,lat,Date,Time,Environment,Road_Surface,Traffic_Control,Collision_Location,Light,Collision_Classification,Impact_type,Neighborhood
14741,BELFAST RD btwn ST. LAURENT BLVD & TRIOLE ST,372880.0012,5030589.646,-75.63021204,45.41193126,2014-10-09,11:00,02 - Rain,02 - Wet,10 - No control,04 - At/near private drive,01 - Daylight,03 - P.D. only,04 - Sideswipe,Industrial Park
14742,GLADSTONE AVE @ PRESTON ST,366488.1909,5029713.164,-75.71197511,45.40463755,2014-11-24,1:08,01 - Clear,02 - Wet,01 - Traffic signal,03 - At intersection,07 - Dark,03 - P.D. only,07 - SMV other,Little Italy
14743,REGIONAL RD 174 @ TRIM RD,384353.5499,5039989.436,-75.48212753,45.49529182,2014-11-25,6:06,01 - Clear,01 - Dry,01 - Traffic signal,03 - At intersection,07 - Dark,03 - P.D. only,05 - Turning movement,Chatelaine Village
14744,BRONSON AVE @ SUNNYSIDE AVE/UNIVERSITY RD - CA,367919.8185,5028092.993,-75.69389615,45.3899321,2014-11-28,9:04,01 - Clear,01 - Dry,01 - Traffic signal,02 - Intersection related,01 - Daylight,03 - P.D. only,03 - Rear end,Carleto
14745,LEIGHTON TER @ RICHMOND RD,364061.5995,5028824.311,-75.7430772,45.39684946,2014-12-27,21:50,01 - Clear,02 - Wet,02 - Stop sign,03 - At intersection,07 - Dark,03 - P.D. only,06 - SMV unattended vehicle,Westboro
14746,O'CONNOR ST btwn QUEEN ST & ALBERT ST,367534.1571,5031529.058,-75.69838378,45.42088344,2014-10-30,9:24,01 - Clear,01 - Dry,10 - No control,01 - Non intersection,01 - Daylight,03 - P.D. only,99 - Other,Downtown
14747,HWY 417 WOODROFF IC127R62 @ WOODROFFE AVE,362049.4327,5025019.803,-75.76921674,45.36278433,2014-12-17,12:45,02 - Rain,02 - Wet,03 - Yield sign,02 - Intersection related,01 - Daylight,03 - P.D. only,03 - Rear end,Whitehaven - Queensway Terrace North
14748,AKINS RD @ SHEA RD,354869.5926,5010016.308,-75.86237536,45.2283295,2014-08-27,12:37,01 - Clear,01 - Dry,02 - Stop sign,03 - At intersection,01 - Daylight,03 - P.D. only,03 - Rear end,Stittsville - Basswood
14749,PETER MORAND CRES S @ ROGER GUINDON AVE S,371943.1908,5029497.311,-75.6423281,45.40219341,2014-01-09,13:40,01 - Clear,02 - Wet,02 - Stop sign,02 - Intersection related,01 - Daylight,03 - P.D. only,02 - Angle,Elmvale - Eastway - Riverview - Riverview Park West
14750,TERRY FOX DR btwn HWY417 IC140 RAMP36 & HWY417 IC140 RAMP61,350763.5159,5018764.45,-75.91385279,45.30732812,2014-09-30,12:11,01 - Clear,01 - Dry,10 - No control,01 - Non intersection,01 - Daylight,03 - P.D. only,03 - Rear end,Kanata Lakes - Marchwood Lakeside - Morgan's Grant - Kanata
14751,KNOXDALE RD @ WEST HUNT CLUB RD,361842.3736,5020608.57,-75.77236827,45.32310912,2014-10-19,16:43,01 - Clear,01 - Dry,01 - Traffic signal,02 - Intersection related,01 - Daylight,03 - P.D. only,02 - Angle,Woodvale - Craig Henry - Manordale - Estates of Arlington Wo
14752,HINES RD @ SOLANDT RD,350331.5395,5022570.715,-75.91901127,45.34160598,2014-11-06,17:31,02 - Rain,02 - Wet,10 - No control,02 - Intersection related,07 - Dark,03 - P.D. only,07 - SMV other,South March
14753,CORKSTOWN RD @ WESTDALE AVE,357849.3478,5023276.754,-75.82301353,45.34743074,2014-11-05,8:41,01 - Clear,01 - Dry,02 - Stop sign,02 - Intersection related,01 - Daylight,03 - P.D. only,01 - Approaching,Crystal Bay - Lakeview Park - Britannia Village
14754,HUNTLEY RD @ PERTH ST,356891.6155,5006388.865,-75.83700643,45.19554207,2014-12-12,15:40,03 - Snow,04 - Slush,01 - Traffic signal,02 - Intersection related,01 - Daylight,03 - P.D. only,99 - Other,Richmond
14755,LACOLLE WAY @ TAYLOR CREEK DR W,384011.6942,5039298.939,-75.48661225,45.48911828,2014-09-09,15:30,01 - Clear,01 - Dry,02 - Stop sign,03 - At intersection,01 - Daylight,03 - P.D. only,02 - Angle,Industrial Park
14756,EASTVALE DR S @ OGILVIE RD,375465.7851,5035025.156,-75.59654365,45.4515831,2014-11-04,12:12,01 - Clear,01 - Dry,01 - Traffic signal,03 - At intersection,01 - Daylight,03 - P.D. only,05 - Turning movement,Beacon Hill North
14757,BYRON AVE @ ROOSEVELT AVE,363036.8906,5028062.15,-75.75625421,45.39007764,2014-03-06,16:43,01 - Clear,01 - Dry,01 - Traffic signal,03 - At intersection,01 - Daylight,03 - P.D. only,02 - Angle,Carlingwood - McKellar Park - Laurentien View
14758,COLONEL BY DR @ HOG'S BACK RD,367600.9582,5025879.157,-75.69824951,45.37004123,2014-09-11,19:30,01 - Clear,01 - Dry,01 - Traffic signal,02 - Intersection related,05 - Dusk,03 - P.D. only,99 - Other,Carleton University
14759,SMYTH RD btwn CUBA AVE & RUSSELL RD,373155.3871,5029364.539,-75.62686398,45.40088148,2014-08-19,17:56,01 - Clear,01 - Dry,10 - No control,01 - Non intersection,01 - Daylight,03 - P.D. only,03 - Rear end,Elmvale - Eastway - Riverview - Riverview Park West
14760,WURTEMBURG ST btwn HENEY ST & BRIGADIER PRIV,369324.2152,5032979.65,-75.67532275,45.4337725,2014-09-23,9:52,01 - Clear,01 - Dry,10 - No control,01 - Non intersection,01 - Daylight,03 - P.D. only,99 - Other,Lower Town
14761,ST. ALBANS CRT @ VORLAGE DR,379314.4285,5037712.331,-75.5469384,45.47536053,2014-03-12,15:33,03 - Snow,03 - Loose snow,02 - Stop sign,03 - At intersection,01 - Daylight,03 - P.D. only,01 - Approaching,Orleans South West
14762,PHELAN RD N @ PRINCE OF WALES DR,367062.6331,5002194.784,-75.70808996,45.15697858,2014-12-28,1:21,01 - Clear,02 - Wet,02 - Stop sign,03 - At intersection,07 - Dark,03 - P.D. only,05 - Turning movement,Manotick - North Gower
14763,JOLIFFE ST btwn TAWNEY RD & TUPPER AVE,374016.9496,5028518.881,-75.6159788,45.39318799,2014-11-20,23:00,03 - Snow,03 - Loose snow,10 - No control,01 - Non intersection,07 - Dark,03 - P.D. only,07 - SMV other,Hawthorne Meadows - Sheffield Glen
14764,BATHGATE DR @ STONE QUARRY PRIV,373306.6848,5034173.107,-75.62426292,45.4441318,2014-03-26,13:30,01 - Clear,01 - Dry,10 - No control,03 - At intersection,01 - Daylight,03 - P.D. only,02 - Angle,Carson Grove - Carson Meadows
14765,APPLETON DR N @ BEAVERPOND DR N,375017.5677,5032156.207,-75.60268263,45.42581512,2014-04-10,10:28,01 - Clear,01 - Dry,02 - Stop sign,02 - Intersection related,01 - Daylight,03 - P.D. only,06 - SMV unattended vehicle,Pineview
14766,BYRON AVE @ ROOSEVELT AVE,363035.6894,5028062.816,-75.75626947,45.39008373,2014-09-17,15:24,01 - Clear,01 - Dry,01 - Traffic signal,03 - At intersection,01 - Daylight,03 - P.D. only,02 - Angle,Carlingwood - McKellar Park - Laurentien View
14767,WEST RIDGE DR btwn FERNBANK RD & ECKERSON AVE,350402.4034,5011645.456,-75.91911156,45.24329263,2014-09-08,17:37,01 - Clear,01 - Dry,10 - No control,01 - Non intersection,01 - Daylight,03 - P.D. only,07 - SMV other,Stittsville
14768,HELENA ST @ PICCADILLY AVE,364498.6937,5028278.31,-75.73756095,45.39189952,2014-05-08,11:56,01 - Clear,01 - Dry,02 - Stop sign,03 - At intersection,01 - Daylight,03 - P.D. only,02 - Angle,Island Park
14769,AIRPORT PKWY @ UPLANDS DR,370861.5667,5021075.17,-75.65726896,45.32651664,2014-03-21,0:57,03 - Snow,03 - Loose snow,03 - Yield sign,02 - Intersection related,07 - Dark,03 - P.D. only,03 - Rear end,Greenbelt
14770,ALBION RD btwn ALBION RD S & BANK ST,371940.4849,5024145.411,-75.64309037,45.35403931,2014-11-12,21:27,01 - Clear,01 - Dry,10 - No control,04 - At/near private drive,07 - Dark,03 - P.D. only,02 - Angle,Emerald Woods - Sawmill Creek
14771,CANOTEK RD btwn SHEFFORD RD & RAINBOW ST,376125.15,5035131.67,-75.58809935,45.45247446,2014-11-03,10:41,01 - Clear,01 - Dry,10 - No control,04 - At/near private drive,01 - Daylight,03 - P.D. only,05 - Turning movement,Greenbelt
14772,JOLLIET AVE btwn FRECHETTE ST & STE. MONIQUE ST,369918.6568,5034009.165,-75.66758985,45.44298055,2014-10-27,8:42,01 - Clear,01 - Dry,10 - No control,04 - At/near private drive,01 - Daylight,03 - P.D. only,05 - Turning movement,Vanier North
14773,GREENBANK RD btwn MALVERN DR & HIGHBURY PARK DR,363611.363,5015534.455,-75.75040686,45.27730637,2014-05-12,12:35,01 - Clear,01 - Dry,10 - No control,01 - Non intersection,01 - Daylight,03 - P.D. only,03 - Rear end,New Barrhaven
14774,BANK ST @ RIVERSIDE DR S,369304.7171,5027895.035,-75.67623729,45.38802475,2014-09-28,16:47,01 - Clear,01 - Dry,01 - Traffic signal,02 - Intersection related,01 - Daylight,03 - P.D. only,04 - Sideswipe,Alta Vista
14775,MARCH RD btwn SOLANDT RD & STATION RD,350557.0356,5022633.189,-75.91612828,45.34215346,2014-11-23,22:01,01 - Clear,01 - Dry,10 - No control,01 - Non intersection,07 - Dark,03 - P.D. only,07 - SMV other,South March
14776,GUIGUES AVE btwn KING EDWARD AVE & MICHEL RIEL PRIV,368299.3118,5032971.993,-75.68842159,45.43379743,2014-12-11,12:39,01 - Clear,03 - Loose snow,10 - No control,01 - Non intersection,01 - Daylight,03 - P.D. only,07 - SMV other,Lower Town
14777,GREENBANK RD btwn MALVERN DR & HIGHBURY PARK DR,363609.6133,5015535.74,-75.75042901,45.27731807,2014-05-12,12:35,01 - Clear,01 - Dry,10 - No control,01 - Non intersection,01 - Daylight,03 - P.D. only,03 - Rear end,New Barrhaven
14778,GREENBANK RD btwn MALVERN DR & HIGHBURY PARK DR,363611.363,5015533.441,-75.75040698,45.27729724,2014-05-12,12:35,01 - Clear,01 - Dry,10 - No control,01 - Non intersection,01 - Daylight,03 - P.D. only,03 - Rear end,Barrhaven West - Old Barrhaven
14779,NATIONAL CAPITAL COMM DRWY btwn BIRCH DR & PRINCE OF WALES DR,366771.9045,5028071.522,-75.70855745,45.38984142,2014-11-05,9:07,01 - Clear,01 - Dry,10 - No control,01 - Non intersection,01 - Daylight,03 - P.D. only,99 - Other,Civic Hospital - Experimental Farm - Central Park
14780,FENERTY CRT @ MCCURDY DR,352002.5833,5018717.33,-75.89805701,45.30682194,2014-11-14,8:14,01 - Clear,01 - Dry,10 - No control,03 - At intersection,01 - Daylight,03 - P.D. only,02 - Angle,Katimavik - Hazeldean
14781,UPLANDS DR btwn ROYALTON PRIV & PAUL ANKA DR,369423.025,5023597.087,-75.6752888,45.34934216,2014-10-25,16:59,01 - Clear,02 - Wet,10 - No control,01 - Non intersection,01 - Daylight,03 - P.D. only,06 - SMV unattended vehicle,Hunt Club East - Western Community
14782,ST. JOSEPH BLVD @ FOREST VALLEY DR/YOUVILLE DR,379164.3845,5036155.508,-75.54909281,45.4613694,2014-11-18,15:47,01 - Clear,01 - Dry,01 - Traffic signal,03 - At intersection,01 - Daylight,03 - P.D. only,05 - Turning movement,Chapel Hill
14783,FALLMOUTH CRT @ CLEARBROOK DR,366013.6487,5014914.33,-75.71986725,45.27152146,2014-06-06,21:07,01 - Clear,01 - Dry,02 - Stop sign,03 - At intersection,05 - Dusk,03 - P.D. only,02 - Angle,New Barrhaven
14784,DALHOUSIE ST @ GUIGUES AVE,367913.6616,5032715.034,-75.69338299,45.43152031,2014-10-07,6:50,02 - Rain,02 - Wet,02 - Stop sign,02 - Intersection related,07 - Dark,03 - P.D. only,03 - Rear end,Lower Town
14785,FIELD ST @ MAJOR ST,362593.6867,5024206.061,-75.76236511,45.35541769,2014-06-09,17:32,01 - Clear,01 - Dry,10 - No control,02 - Intersection related,01 - Daylight,03 - P.D. only,07 - SMV other,Braemar Park - Bel Air Heights - Copeland Park
14786,BYRON AVE @ ROOSEVELT AVE,363035.6894,5028062.309,-75.75626953,45.39007917,2014-06-24,10:58,02 - Rain,02 - Wet,01 - Traffic signal,03 - At intersection,01 - Daylight,03 - P.D. only,02 - Angle,Carlingwood - McKellar Park - Laurentien View
14787,ST. LAURENT BLVD @ TRANSITWAY,372444.6366,5031615.467,-75.6356328,45.42120335,2014-10-07,13:44,01 - Clear,01 - Dry,01 - Traffic signal,02 - Intersection related,01 - Daylight,03 - P.D. only,06 - SMV unattended vehicle,Overbrook
14788,HAMPSTEAD PL @ SURREY AVE,370755.7284,5026028.8,-75.65795832,45.37109788,2014-06-01,13:47,01 - Clear,01 - Dry,10 - No control,03 - At intersection,01 - Daylight,03 - P.D. only,07 - SMV other,Ledbury - Heron Gate - Ridgemont - Elmwood
14789,STONEHAVEN DR btwn RICHMOND RD & SAWYER WAY/SUMMITVIEW DR,356732.9642,5015870.117,-75.83803562,45.28086843,2014-10-28,9:35,02 - Rain,02 - Wet,10 - No control,04 - At/near private drive,01 - Daylight,03 - P.D. only,02 - Angle,Bridlewood - Emerald Meadows
14790,GARDENVIEW PRIV @ RIVERSIDE DR,368343.7561,5024666.039,-75.68892351,45.35905895,2014-10-20,11:08,01 - Clear,01 - Dry,10 - No control,02 - Intersection related,01 - Daylight,03 - P.D. only,03 - Rear end,Hunt Club Woods - Quintarra - Revelstoke - Riverside South P
14791,BENNETT ST @ UPLANDS DR,369780.253,5023309.135,-75.67076821,45.34671824,2014-01-24,8:59,01 - Clear,01 - Dry,02 - Stop sign,02 - Intersection related,01 - Daylight,03 - P.D. only,02 - Angle,Hunt Club East - Western Community
14792,SLATER ST btwn BANK ST & O'CONNOR ST,367571.9941,5031444.793,-75.69791108,45.42012186,2014-09-23,23:43,01 - Clear,01 - Dry,10 - No control,01 - Non intersection,07 - Dark,03 - P.D. only,04 - Sideswipe,Downtown
14793,BEAVER RDG E @ WARBONNET DR E,365540.1389,5024683.842,-75.7247035,45.35946764,2014-07-23,8:24,01 - Clear,01 - Dry,02 - Stop sign,02 - Intersection related,01 - Daylight,03 - P.D. only,06 - SMV unattended vehicle,Cityview - Skyline - Fisher Heights
14794,CARLING AVE @ CIVIC HOSPITAL,365792.7734,5028278.066,-75.72103522,45.39178581,2014-08-19,16:31,01 - Clear,01 - Dry,01 - Traffic signal,03 - At intersection,01 - Daylight,03 - P.D. only,05 - Turning movement,Civic Hospital - Experimental Farm - Central Park
14795,KING EDWARD AVE @ RIDEAU ST,368509.7795,5032413.107,-75.6858042,45.42874963,2014-12-14,18:48,01 - Clear,01 - Dry,01 - Traffic signal,02 - Intersection related,07 - Dark,03 - P.D. only,03 - Rear end,Lowe
14796,CYRVILLE RD @ INNES RD,375046.9742,5031120.69,-75.60245454,45.41649515,2014-12-16,12:15,01 - Clear,01 - Dry,01 - Traffic signal,02 - Intersection related,01 - Daylight,03 - P.D. only,03 - Rear end,Industrial Park
14797,HERON RD WB btwn BRONSON AVE RAMP 26 & BRONSON AVE RAMP 62,368802.4419,5026725.123,-75.68280266,45.37754431,2014-12-18,16:43,01 - Clear,02 - Wet,10 - No control,01 - Non intersection,05 - Dusk,03 - P.D. only,04 - Sideswipe,Alta Vista
14798,ARLINGTON AVE @ LYON ST,367707.2195,5030160.815,-75.69634726,45.40855688,2014-10-31,9:26,01 - Clear,01 - Dry,02 - Stop sign,02 - Intersection related,01 - Daylight,03 - P.D. only,05 - Turning movement,Centretown
14799,RICHMOND RD @ RUSHMORE RD N,358535.2714,5011689.364,-75.81551631,45.24311386,2014-12-15,11:25,01 - Clear,03 - Loose snow,02 - Stop sign,03 - At intersection,01 - Daylight,03 - P.D. only,04 - Sideswipe,Munster Hamlet - Richmond
14800,DES EPINETTES AVE @ WILDFLOWER DR,382491.3964,5036243.261,-75.5065423,45.46179687,2014-11-16,8:15,01 - Clear,02 - Wet,02 - Stop sign,02 - Intersection related,01 - Daylight,03 - P.D. only,02 - Angle,Queenswood Heights
14801,NAVAN RD W @ MER BLEUE RD,384007.7905,5032256.304,-75.48779659,45.42575548,2014-08-09,16:40,01 - Clear,01 - Dry,02 - Stop sign,02 - Intersection related,01 - Daylight,03 - P.D. only,03 - Rear end,Chapel Hill South
14802,INNES RD @ TENTH LINE RD,383951.0098,5036161.437,-75.48789397,45.46089685,2014-12-09,12:36,01 - Clear,01 - Dry,01 - Traffic signal,02 - Intersection related,01 - Daylight,03 - P.D. only,03 - Rear end,Queenswood Heights
14803,HEATHERINGTON RD btwn ALBION RD N & BANNERHILL PRIV,371220.0082,5026202.78,-75.65200822,45.37261944,2014-12-30,16:33,01 - Clear,01 - Dry,10 - No control,01 - Non intersection,05 - Dusk,03 - P.D. only,04 - Sideswipe,Ledbury - Heron Gate - Ridgemont - Elmwood
14804,RIVERSIDE DR @ HERON RD,368119.604,5026649.097,-75.69153015,45.37692229,2014-12-12,7:45,03 - Snow,03 - Loose snow,01 - Traffic signal,02 - Intersection related,03 - Dawn,03 - P.D. only,03 - Rear end,Riverside Park
14805,HWY 417 RIVERSID IC117R25 @ RIVERSIDE DR,370818.7161,5031037.438,-75.65648406,45.41615781,2014-09-23,16:30,01 - Clear,01 - Dry,10 - No control,02 - Intersection related,01 - Daylight,03 - P.D. only,04 - Sideswipe,Industrial Park
14806,BANK ST @ FOURTH AVE,368365.4649,5029476.19,-75.68802714,45.40233737,2014-12-17,12:50,01 - Clear,02 - Wet,02 - Stop sign,02 - Intersection related,01 - Daylight,03 - P.D. only,04 - Sideswipe,The Glebe
14807,GROVEHURST DR btwn RUTLEGE ST & OLDFIELD ST,366520.4611,5015636.514,-75.71331905,45.27797533,2014-10-12,10:17,01 - Clear,01 - Dry,10 - No control,01 - Non intersection,01 - Daylight,03 - P.D. only,06 - SMV unattended vehicle,Chapman Mills - Rideau Crest - Davidson Heights
14808,WALKLEY RD @ HEATHERINGTON RD,371766.7248,5026793.259,-75.64494894,45.37788032,2014-10-10,18:23,01 - Clear,01 - Dry,01 - Traffic signal,02 - Intersection related,05 - Dusk,03 - P.D. only,07 - SMV other,Ledbury - Heron Gate - Ridgemont - Elmwood
14809,DALMENY RD btwn STAGECOACH RD & 4TH LINE RD,378562.7357,4999656.092,-75.56221445,45.13302817,2014-12-12,7:44,03 - Snow,03 - Loose snow,10 - No control,01 - Non intersection,03 - Dawn,03 - P.D. only,07 - SMV other,Kars - Osgoode
14810,KING EDWARD AVE SB btwn UNION ST & BOTELER ST,367893.914,5033301.549,-75.69356018,45.43679935,2014-11-16,4:15,01 - Clear,01 - Dry,10 - No control,01 - Non intersection,07 - Dark,03 - P.D. only,07 - SMV other,Byward Market - Parliament Hill
14811,HWY 417 ST.LAURE IC115R51 @ ST. LAURENT BLVD,372530.1715,5031411.836,-75.63456794,45.4193629,2014-09-04,9:24,01 - Clear,01 - Dry,01 - Traffic signal,02 - Intersection related,01 - Daylight,03 - P.D. only,03 - Rear end,Industrial Park
14812,CEDARVIEW RD @ WEST HUNT CLUB RD,359718.6774,5019554.853,-75.79957286,45.31379709,2014-12-12,10:09,03 - Snow,04 - Slush,01 - Traffic signal,03 - At intersection,01 - Daylight,03 - P.D. only,05 - Turning movement,Greenbelt
14813,BEAVERPOND DR @ BLAIR RD,375399.2229,5031875.835,-75.59784621,45.42325408,2014-02-14,11:49,03 - Snow,03 - Loose snow,01 - Traffic signal,02 - Intersection related,01 - Daylight,03 - P.D. only,04 - Sideswipe,Pineview
14814,CHAPMAN BLVD btwn HAIG DR & RUTH ST,372408.1825,5028882.485,-75.63647336,45.39661672,2014-10-03,11:10,01 - Clear,01 - Dry,10 - No control,01 - Non intersection,01 - Daylight,03 - P.D. only,06 - SMV unattended vehicle,Elmvale - Eastway - Riverview - Riverview Park West
14815,PRESTON ST btwn GLADSTONE AVE & LOUISA ST,366494.9593,5029701.677,-75.7118901,45.40453359,2014-12-29,12:20,01 - Clear,01 - Dry,10 - No control,01 - Non intersection,01 - Daylight,03 - P.D. only,06 - SMV unattended vehicle,Little Italy
14816,TURN LANE btwn HUNT CLUB RD & RIVERSIDE DR (2),367950.3991,5021922.609,-75.69429412,45.3344097,2014-11-20,9:30,01 - Clear,01 - Dry,10 - No control,01 - Non intersection,01 - Daylight,03 - P.D. only,03 - Rear end,Hunt Club Woods - Quintarra - Revelstoke - Riverside South P
14817,REGIONAL ROAD 174 btwn OR174 IC105 RAMP26 & OR174 IC105 RAMP63,379413.1311,5037043.12,-75.54577776,45.46932894,2014-03-25,8:04,01 - Clear,01 - Dry,10 - No control,01 - Non intersection,01 - Daylight,03 - P.D. only,03 - Rear end,Orleans South West
14818,BOTELER ST @ KING EDWARD AVE,367974.1942,5033247.15,-75.69254116,45.43630264,2014-08-20,6:10,01 - Clear,01 - Dry,03 - Yield sign,02 - Intersection related,03 - Dawn,03 - P.D. only,04 - Sideswipe,Lower Town
14819,ALBION RD @ HUNT CLUB RD,371867.8687,5024320.582,-75.6439933,45.35562239,2014-12-24,22:00,01 - Clear,01 - Dry,01 - Traffic signal,02 - Intersection related,07 - Dark,03 - P.D. only,03 - Rear end,South Keys - Heron Gate - Greenboro West
14820,KING EDWARD AVE @ STEWART ST,368634.2074,5032204.312,-75.68424127,45.42685963,2014-09-20,12:38,01 - Clear,01 - Dry,01 - Traffic signal,02 - Intersection related,01 - Daylight,03 - P.D. only,03 - Rear end,Sandy Hill
14821,KEN STEELE CRT @ VISENEAU DR,381779.4444,5035142.733,-75.51581712,45.45197404,2014-10-09,22:12,01 - Clear,01 - Dry,02 - Stop sign,03 - At intersection,07 - Dark,03 - P.D. only,06 - SMV unattended vehicle,Orleans Village - Chateauneuf
14822,ELGIN ST @ LEWIS ST,368277.2113,5031017.828,-75.68895585,45.41621654,2014-10-15,1:34,01 - Clear,01 - Dry,02 - Stop sign,02 - Intersection related,07 - Dark,03 - P.D. only,07 - SMV other,Centretown
14823,REGIONAL ROAD 174 btwn TRANSIT & OR174 IC109 RAMP56,376116.498,5034238.983,-75.58833935,45.44444351,2014-10-10,1:51,01 - Clear,01 - Dry,10 - No control,01 - Non intersection,07 - Dark,03 - P.D. only,99 - Other,Greenbelt
14824,BELFAST RD @ ST. LAURENT BLVD,372860.7241,5030579.322,-75.63045972,45.41184025,2014-10-14,12:16,01 - Clear,01 - Dry,01 - Traffic signal,02 - Intersection related,01 - Daylight,03 - P.D. only,04 - Sideswipe,Industrial Park
14825,CUMMINGS AVE @ OGILVIE RD,372747.1678,5032171.362,-75.6316908,45.42617571,2014-10-27,12:16,01 - Clear,01 - Dry,01 - Traffic signal,03 - At intersection,01 - Daylight,03 - P.D. only,05 - Turning movement,Cummings
14826,BEARBROOK RD/ROCKCLIFFE PKWY @ ST. JOSEPH BLVD,377129.2413,5035239.845,-75.57524768,45.45334455,2014-10-31,13:53,01 - Clear,01 - Dry,01 - Traffic signal,03 - At intersection,01 - Daylight,03 - P.D. only,05 - Turning movement,Greenbelt
14827,KING EDWARD AVE btwn THOMAS MORE PRIV & MARIE CURIE PRIV,368852.442,5031848.336,-75.68149895,45.42363673,2014-09-18,21:01,01 - Clear,01 - Dry,10 - No control,01 - Non intersection,07 - Dark,03 - P.D. only,06 - SMV unattended vehicle,Sandy Hill
14828,PAGE RD btwn CREEK CROSSING ST & NATURE TRAIL CRES,381332.8126,5033512.94,-75.52177995,45.43735951,2014-10-03,23:44,00 - Unknown,00 - Unknown,10 - No control,01 - Non intersection,07 - Dark,03 - P.D. only,06 - SMV unattended vehicle,Chapel Hill South
14829,FALLOWFIELD RD @ MOODIE DR,359502.6698,5014636.666,-75.80286999,45.26955962,2014-10-13,22:26,01 - Clear,01 - Dry,01 - Traffic signal,02 - Intersection related,07 - Dark,03 - P.D. only,07 - SMV other,Munster Hamlet - Richmond
14830,HARTSMERE DR btwn Continuation of HARTSMERE DR & FRIENDLY CRES,351601.4321,5012182.85,-75.90378844,45.24804959,2014-12-09,12:20,01 - Clear,01 - Dry,10 - No control,04 - At/near private drive,01 - Daylight,03 - P.D. only,06 - SMV unattended vehicle,Stittsville
14831,JOLIFFE ST @ TAWNEY RD,374000.4937,5028514.419,-75.61618957,45.39314947,2014-11-20,23:00,03 - Snow,05 - Packed snow,02 - Stop sign,02 - Intersection related,07 - Dark,03 - P.D. only,07 - SMV other,Hawthorne Meadows
14832,FLORA ST @ KENT ST,367828.2064,5030323.821,-75.69478094,45.41001268,2014-09-12,6:45,01 - Clear,01 - Dry,02 - Stop sign,02 - Intersection related,03 - Dawn,03 - P.D. only,04 - Sideswipe,Centretown
14833,SMYTH RD @ SOUTH HAVEN PL/GENERAL HOSPITAL ENTRANCE W,371119.7108,5029137.82,-75.65289423,45.39903735,2014-09-25,15:35,01 - Clear,01 - Dry,01 - Traffic signal,02 - Intersection related,01 - Daylight,03 - P.D. only,04 - Sideswipe,Alta Vista
14834,QUINLAN RD btwn RUTH ST & WINGATE DR,372804.1806,5029088.878,-75.63138759,45.3984354,2014-09-10,9:12,01 - Clear,01 - Dry,10 - No control,01 - Non intersection,01 - Daylight,03 - P.D. only,99 - Other,Elmvale - Eastway - Riverview - Riverview Park West
14835,SENECA ST btwn GLEN AVE & GROVE AVE,368341.8126,5028076.381,-75.68850954,45.38974447,2014-09-10,16:20,01 - Clear,01 - Dry,10 - No control,01 - Non intersection,01 - Daylight,03 - P.D. only,06 - SMV unattended vehicle,Old Ottawa South
14836,MACKAY ST btwn VAUGHAN ST & BEECHWOOD AVE,369182.8292,5033595.393,-75.67704907,45.43932575,2014-09-27,16:15,01 - Clear,01 - Dry,10 - No control,01 - Non intersection,01 - Daylight,03 - P.D. only,06 - SMV unattended vehicle,New Edinburgh
14837,LYON ST @ WELLINGTON ST,366935.271,5031426.419,-75.70604854,45.42001337,2014-09-27,18:30,01 - Clear,01 - Dry,01 - Traffic signal,03 - At intersection,01 - Daylight,03 - P.D. only,04 - Sideswipe,Downtown
14838,BANK ST @ HERON RD,369995.213,5026851.796,-75.66755797,45.3785741,2014-10-06,20:40,01 - Clear,01 - Dry,01 - Traffic signal,02 - Intersection related,07 - Dark,03 - P.D. only,03 - Rear end,Alta Vista
14839,MONTREAL RD @ DEN HAAG DR/LANG'S RD,372386.211,5034220.823,-75.63602164,45.44465073,2014-05-21,12:54,01 - Clear,01 - Dry,01 - Traffic signal,02 - Intersection related,01 - Daylight,03 - P.D. only,03 - Rear end,Carson Grove - Carson Meadows
14840,ATHLONE AVE @ SCOTT ST,363326.6742,5028733.797,-75.75247402,45.39609685,2014-10-07,16:45,02 - Rain,02 - Wet,01 - Traffic signal,02 - Intersection related,01 - Daylight,03 - P.D. only,03 - Rear end,Westboro
14841,CALVINGTON AVE BTWN HUNTMAR DR & ,348942.0969,5018271.367,-75.9371231,45.30300805,2014-11-29,16:38,01 - Clear,08 - Loose sand or gravel,02 - Stop sign,02 - Intersection related,05 - Dusk,03 - P.D. only,99 - Other,Kanata Lakes - Marchwood Lakeside - Morgan's Grant - Kanata
14842,BANK ST @ FIFTH AVE,368399.3112,5029401.121,-75.68760452,45.40165885,2014-10-15,11:48,01 - Clear,01 - Dry,01 - Traffic signal,02 - Intersection related,01 - Daylight,03 - P.D. only,02 - Angle,The Glebe
14843,EARL MULLIGAN DR @ WOODROFFE AVE,365251.2187,5017506.201,-75.72926736,45.29490897,2014-10-20,15:53,01 - Clear,02 - Wet,01 - Traffic signal,02 - Intersection related,01 - Daylight,03 - P.D. only,04 - Sideswipe,Greenbelt